event_uuid,match_id,event_index,period,timestamp,minute,second,event_type_id,event_type,possession,possession_team_id,possession_team_name,play_pattern,team_id,team_name,player_id,player_name,position,x,y,end_x,end_y,duration,under_pressure,shot_xg,shot_outcome,shot_body_part,shot_technique,shot_type,pass_outcome,pass_complete,pass_length,pass_angle,pass_height,pass_type,pass_recipient_id,pass_recipient_name,pass_shot_assist,pass_goal_assist,attack_direction_inferred,coordinates_flipped,norm_x,norm_y,norm_end_x,norm_end_y,carry_progressive,pass_progressive,pass_into_final_third,is_turnover
d4e3c635-fa43-462d-aa50-78ce6fbb19ad,3754237,1,1,00:00:00.000,0,0,35,Starting XI,1,22,Leicester City,Regular Play,22,Leicester City,,,,,,,,0.0,False,,,,,,,False,,,,,,,False,False,left_to_right,False,,,,,False,False,False,False
1bd0648a-c02a-4873-8c0c-ce19980c3235,3754237,2,1,00:00:00.000,0,0,35,Starting XI,1,22,Leicester City,Regular Play,41,Sunderland,,,,,,,,0.0,False,,,,,,,False,,,,,,,False,False,left_to_right,False,,,,,False,False,False,False
b9d220da-f563-4ef8-aa2d-f0aca9931d53,3754237,3,1,00:00:00.000,0,0,18,Half Start,1,22,Leicester City,Regular Play,22,Leicester City,,,,,,,,0.0,False,,,,,,,False,,,,,,,False,False,left_to_right,False,,,,,False,False,False,False
23d09f22-d81d-4c12-883d-780ef8ed672b,3754237,4,1,00:00:00.000,0,0,18,Half Start,1,22,Leicester City,Regular Play,41,Sunderland,,,,,,,,0.0,False,,,,,,,False,,,,,,,False,False,left_to_right,False,,,,,False,False,False,False
83cd7b4c-1813-4063-992a-2c88a7114ba5,3754237,5,1,00:00:00.212,0,0,30,Pass,2,22,Leicester City,From Kick Off,22,Leicester City,3810.0,Shinji Okazaki,Right Center Forward,60.0,40.0,59.9,41.8,0.416942,False,,,,,,,True,1.8027756,1.6262949,Ground Pass,Kick Off,10960.0,Jamie Vardy,False,False,left_to_right,False,60.0,40.0,59.9,41.8,False,False,False,False
2c3a55ea-37b7-49c7-b333-011c9b929b77,3754237,6,1,00:00:00.629,0,0,42,Ball Receipt*,2,22,Leicester City,From Kick Off,22,Leicester City,10960.0,Jamie Vardy,Left Center Forward,59.9,41.8,,,,False,,,,,,,False,,,,,,,False,False,left_to_right,False,59.9,41.8,,,False,False,False,False
a1946790-ce01-4c4c-856c-5096c6b3944f,3754237,7,1,00:00:00.629,0,0,43,Carry,2,22,Leicester City,From Kick Off,22,Leicester City,10960.0,Jamie Vardy,Left Center Forward,59.9,41.8,59.6,40.1,0.12,False,,,,,,,False,,,,,,,False,False,left_to_right,False,59.9,41.8,59.6,40.1,False,False,False,False
fe485570-66b7-42b8-80f7-f395608eb436,3754237,8,1,00:00:00.749,0,0,30,Pass,2,22,Leicester City,From Kick Off,22,Leicester City,10960.0,Jamie Vardy,Left Center Forward,59.6,40.1,51.6,34.9,1.534535,False,,,,,,,True,9.541489,-2.5652175,Ground Pass,,3665.0,Andrew Philip King,False,False,left_to_right,False,59.6,40.1,51.6,34.9,False,False,False,False
8c2b29c9-bfa9-4caf-b6bc-271e49f79507,3754237,9,1,00:00:02.284,0,2,42,Ball Receipt*,2,22,Leicester City,From Kick Off,22,Leicester City,3665.0,Andrew Philip King,Right Center Midfield,51.6,34.9,,,,False,,,,,,,False,,,,,,,False,False,left_to_right,False,51.6,34.9,,,False,False,False,False
b00e49a6-3aa0-4de0-b93d-0776a5c5c399,3754237,10,1,00:00:02.284,0,2,43,Carry,2,22,Leicester City,From Kick Off,22,Leicester City,3665.0,Andrew Philip King,Right Center Midfield,51.6,34.9,53.0,36.4,0.08,False,,,,,,,False,,,,,,,False,False,left_to_right,False,51.6,34.9,53.0,36.4,False,False,False,False
ed1ea5c7-3de1-4422-8b16-8e6eb8a604bf,3754237,11,1,00:00:02.364,0,2,30,Pass,2,22,Leicester City,From Kick Off,22,Leicester City,3665.0,Andrew Philip King,Right Center Midfield,53.0,36.4,103.7,64.4,2.800219,False,,,,,,,True,57.91796,0.504583,High Pass,,10960.0,Jamie Vardy,False,False,left_to_right,False,53.0,36.4,103.7,64.4,False,True,True,False
971cf303-e4d8-4eb1-9538-8674bc8ad0c5,3754237,12,1,00:00:05.164,0,5,42,Ball Receipt*,2,22,Leicester City,From Kick Off,22,Leicester City,10960.0,Jamie Vardy,Left Center Forward,103.7,64.4,,,,False,,,,,,,False,,,,,,,False,False,left_to_right,False,103.7,64.4,,,False,False,False,False
1481dfbf-47c9-4eef-994c-0d32fca589a3,3754237,13,1,00:00:05.164,0,5,43,Carry,2,22,Leicester City,From Kick Off,22,Leicester City,10960.0,Jamie Vardy,Left Center Forward,103.7,64.4,104.0,64.4,0.045005,False,,,,,,,False,,,,,,,False,False,left_to_right,False,103.7,64.4,104.0,64.4,False,False,False,False
8230c10e-0009-432b-8107-b51fa71fa616,3754237,14,1,00:00:05.209,0,5,38,Miscontrol,2,22,Leicester City,From Kick Off,22,Leicester City,10960.0,Jamie Vardy,Left Center Forward,104.0,64.4,,,0.0,False,,,,,,,False,,,,,,,False,False,left_to_right,False,104.0,64.4,,,False,False,False,True
f48450ce-bd0b-4709-881c-fcf4a505dd8d,3754237,15,1,00:00:06.575,0,6,2,Ball Recovery,2,22,Leicester City,From Kick Off,41,Sunderland,3321.0,Patrick van Aanholt,Left Back,3.0,8.3,,,0.0,False,,,,,,,False,,,,,,,False,False,left_to_right,False,3.0,8.3,,,False,False,False,False
460d8cf8-1220-4b34-b7eb-d3c325dc2309,3754237,16,1,00:00:06.575,0,6,43,Carry,2,22,Leicester City,From Kick Off,41,Sunderland,3321.0,Patrick van Aanholt,Left Back,3.0,8.3,5.6,5.4,3.603225,True,,,,,,,False,,,,,,,False,False,left_to_right,False,3.0,8.3,5.6,5.4,False,False,False,False
a0691119-ae72-47c5-865c-25d803e55a9c,3754237,17,1,00:00:06.577,0,6,17,Pressure,2,22,Leicester City,From Kick Off,22,Leicester City,10960.0,Jamie Vardy,Left Center Forward,113.9,70.9,,,3.691753,False,,,,,,,False,,,,,,,False,False,left_to_right,False,113.9,70.9,,,False,False,False,False
93ea8ef0-a0d7-46a1-8cdd-547d6925beb3,3754237,18,1,00:00:10.178,0,10,30,Pass,2,22,Leicester City,From Kick Off,41,Sunderland,3321.0,Patrick van Aanholt,Left Back,5.6,5.4,7.6,5.7,0.130125,True,,,,,,Incomplete,False,2.0223749,0.14888994,Ground Pass,,,,False,False,left_to_right,False,5.6,5.4,7.6,5.7,False,False,False,True
6b99a9b3-f30f-46a0-8910-8cf5ddfd4f92,3754237,19,1,00:00:10.308,0,10,6,Block,2,22,Leicester City,From Kick Off,22,Leicester City,10960.0,Jamie Vardy,Left Center Forward,112.5,74.4,,,0.0,False,,,,,,,False,,,,,,,False,False,left_to_right,False,112.5,74.4,,,False,False,False,False
8ad94769-99a9-4f15-9394-6e9c84f09df8,3754237,20,1,00:00:29.546,0,29,30,Pass,3,41,Sunderland,From Throw In,41,Sunderland,3321.0,Patrick van Aanholt,Left Back,8.2,0.1,27.9,5.7,2.197866,False,,,,,,,True,20.480478,0.2769583,High Pass,Throw-in,3337.0,Jermain Defoe,False,False,left_to_right,False,8.2,0.1,27.9,5.7,False,False,False,False
62455c96-0cc4-4faa-a86c-bf847d6f9e22,3754237,21,1,00:00:31.650,0,31,17,Pressure,3,41,Sunderland,From Throw In,22,Leicester City,28782.0,Ritchie De Laet,Right Back,91.6,74.4,,,0.345304,False,,,,,,,False,,,,,,,False,False,left_to_right,False,91.6,74.4,,,False,False,False,False
6b50cefa-7911-4bcc-941e-c22cb8687dca,3754237,22,1,00:00:31.744,0,31,42,Ball Receipt*,3,41,Sunderland,From Throw In,41,Sunderland,3337.0,Jermain Defoe,Center Forward,27.9,5.7,,,,True,,,,,,,False,,,,,,,False,False,left_to_right,False,27.9,5.7,,,False,False,False,False
5ac00fcc-4c24-492f-ab20-2344c7524130,3754237,23,1,00:00:31.744,0,31,43,Carry,3,41,Sunderland,From Throw In,41,Sunderland,3337.0,Jermain Defoe,Center Forward,27.9,5.7,29.9,8.0,0.307678,True,,,,,,,False,,,,,,,False,False,left_to_right,False,27.9,5.7,29.9,8.0,False,False,False,False
fe19a14b-cf26-470b-beca-922f720a18f4,3754237,24,1,00:00:32.052,0,32,38,Miscontrol,3,41,Sunderland,From Throw In,41,Sunderland,3337.0,Jermain Defoe,Center Forward,29.9,8.0,,,0.0,False,,,,,,,False,,,,,,,False,False,left_to_right,False,29.9,8.0,,,False,False,False,True
0dcfca01-545c-418b-98fb-39efd333214d,3754237,25,1,00:00:32.161,0,32,17,Pressure,3,41,Sunderland,From Throw In,41,Sunderland,3337.0,Jermain Defoe,Center Forward,28.5,9.2,,,0.388254,False,,,,,,,False,,,,,,,False,False,left_to_right,False,28.5,9.2,,,False,False,False,False
8be09264-1480-40e2-a72f-af13358ddb49,3754237,26,1,00:00:32.629,0,32,30,Pass,4,22,Leicester City,Regular Play,22,Leicester City,3665.0,Andrew Philip King,Right Center Midfield,91.6,67.3,63.1,73.2,2.056126,False,,,,,,,True,29.104296,2.9374588,Low Pass,Recovery,40123.0,Robert Huth,False,False,left_to_right,False,91.6,67.3,63.1,73.2,False,False,False,False
fdb9ea66-a776-4439-abe6-e34f20510939,3754237,27,1,00:00:34.686,0,34,42,Ball Receipt*,4,22,Leicester City,Regular Play,22,Leicester City,40123.0,Robert Huth,Right Center Back,63.1,73.2,,,,False,,,,,,,False,,,,,,,False,False,left_to_right,False,63.1,73.2,,,False,False,False,False
b27d8245-4a5e-479f-a236-24e0ebc759af,3754237,28,1,00:00:34.686,0,34,43,Carry,4,22,Leicester City,Regular Play,22,Leicester City,40123.0,Robert Huth,Right Center Back,63.1,73.2,51.0,72.7,1.261632,False,,,,,,,False,,,,,,,False,False,left_to_right,False,63.1,73.2,51.0,72.7,False,False,False,False
de221d2b-e359-4756-8877-79c031c02940,3754237,29,1,00:00:35.947,0,35,30,Pass,4,22,Leicester City,Regular Play,22,Leicester City,40123.0,Robert Huth,Right Center Back,51.0,72.7,13.3,48.6,3.459603,False,,,,,,,True,44.74483,-2.5728066,Ground Pass,,3815.0,Kasper Schmeichel,False,False,left_to_right,False,51.0,72.7,13.3,48.6,False,False,False,False
e227be0e-784b-4e62-82f6-bc987726c39b,3754237,30,1,00:00:39.407,0,39,42,Ball Receipt*,4,22,Leicester City,Regular Play,22,Leicester City,3815.0,Kasper Schmeichel,Goalkeeper,13.3,48.6,,,,False,,,,,,,False,,,,,,,False,False,left_to_right,False,13.3,48.6,,,False,False,False,False
1d51178d-0405-46a8-8600-2359ed966b8e,3754237,31,1,00:00:39.407,0,39,43,Carry,4,22,Leicester City,Regular Play,22,Leicester City,3815.0,Kasper Schmeichel,Goalkeeper,13.3,48.6,13.3,47.8,0.119999,False,,,,,,,False,,,,,,,False,False,left_to_right,False,13.3,48.6,13.3,47.8,False,False,False,False
3d6f8a39-0059-447c-8d97-64f09ffe6a61,3754237,32,1,00:00:39.527,0,39,30,Pass,4,22,Leicester City,Regular Play,22,Leicester City,3815.0,Kasper Schmeichel,Goalkeeper,13.3,47.8,25.8,27.5,1.26021,False,,,,,,,True,23.839882,-1.0188665,Ground Pass,,3813.0,Wes Morgan,False,False,left_to_right,False,13.3,47.8,25.8,27.5,False,False,False,False
56113c03-795c-4145-b1da-615146650d9b,3754237,33,1,00:00:40.787,0,40,42,Ball Receipt*,4,22,Leicester City,Regular Play,22,Leicester City,3813.0,Wes Morgan,Left Center Back,25.8,27.5,,,,False,,,,,,,False,,,,,,,False,False,left_to_right,False,25.8,27.5,,,False,False,False,False
2ed67dd2-a890-4076-845d-b9b833a95a0c,3754237,34,1,00:00:40.787,0,40,43,Carry,4,22,Leicester City,Regular Play,22,Leicester City,3813.0,Wes Morgan,Left Center Back,25.8,27.5,37.0,26.7,4.581865,False,,,,,,,False,,,,,,,False,False,left_to_right,False,25.8,27.5,37.0,26.7,False,False,False,False
8489242c-7632-44cb-9f8e-cb4b4a289a16,3754237,35,1,00:00:45.369,0,45,30,Pass,4,22,Leicester City,Regular Play,22,Leicester City,3813.0,Wes Morgan,Left Center Back,37.0,26.7,37.3,57.2,1.323136,False,,,,,,,True,30.501476,1.5609605,Ground Pass,,40123.0,Robert Huth,False,False,left_to_right,False,37.0,26.7,37.3,57.2,False,False,False,False
b669e266-3f9a-4748-9fc0-9eae11cac305,3754237,36,1,00:00:46.692,0,46,42,Ball Receipt*,4,22,Leicester City,Regular Play,22,Leicester City,40123.0,Robert Huth,Right Center Back,37.3,57.2,,,,False,,,,,,,False,,,,,,,False,False,left_to_right,False,37.3,57.2,,,False,False,False,False
a4220eb9-5693-45cc-a69d-501399f25111,3754237,37,1,00:00:46.692,0,46,43,Carry,4,22,Leicester City,Regular Play,22,Leicester City,40123.0,Robert Huth,Right Center Back,37.3,57.2,43.6,55.5,2.325574,False,,,,,,,False,,,,,,,False,False,left_to_right,False,37.3,57.2,43.6,55.5,False,False,False,False
65362470-1d10-4554-b3f9-379166bf26bf,3754237,38,1,00:00:49.018,0,49,30,Pass,4,22,Leicester City,Regular Play,22,Leicester City,40123.0,Robert Huth,Right Center Back,43.6,55.5,43.3,24.4,2.404353,False,,,,,,,True,31.101446,-1.5804423,Ground Pass,,3813.0,Wes Morgan,False,False,left_to_right,False,43.6,55.5,43.3,24.4,False,False,False,False
dc3d6aa9-418d-439a-a7e6-ddad1dfe8138,3754237,39,1,00:00:51.422,0,51,42,Ball Receipt*,4,22,Leicester City,Regular Play,22,Leicester City,3813.0,Wes Morgan,Left Center Back,43.3,24.4,,,,False,,,,,,,False,,,,,,,False,False,left_to_right,False,43.3,24.4,,,False,False,False,False
7eecbaf9-958e-4363-be9e-3e608cbedd97,3754237,40,1,00:00:51.422,0,51,43,Carry,4,22,Leicester City,Regular Play,22,Leicester City,3813.0,Wes Morgan,Left Center Back,43.3,24.4,62.8,16.3,3.492414,False,,,,,,,False,,,,,,,False,False,left_to_right,False,43.3,24.4,62.8,16.3,False,False,False,False
724b49e4-3271-4eea-b219-641c5d766726,3754237,41,1,00:00:54.914,0,54,30,Pass,4,22,Leicester City,Regular Play,22,Leicester City,3813.0,Wes Morgan,Left Center Back,62.8,16.3,71.6,16.1,0.755813,False,,,,,,,True,8.802273,-0.02272336,Ground Pass,,3814.0,Riyad Mahrez,False,False,left_to_right,False,62.8,16.3,71.6,16.1,False,False,False,False
7aca5150-7756-4231-a12a-73afea70ab26,3754237,42,1,00:00:55.612,0,55,17,Pressure,4,22,Leicester City,Regular Play,41,Sunderland,5617.0,Sebastian Larsson,Right Center Midfield,47.4,64.0,,,1.186158,False,,,,,,,False,,,,,,,False,False,left_to_right,False,47.4,64.0,,,False,False,False,False
8a32309d-d2f4-42ae-94d8-952a7c8212a8,3754237,43,1,00:00:55.670,0,55,42,Ball Receipt*,4,22,Leicester City,Regular Play,22,Leicester City,3814.0,Riyad Mahrez,Left Midfield,71.6,16.1,,,,True,,,,,,,False,,,,,,,False,False,left_to_right,False,71.6,16.1,,,False,False,False,False
8320280e-2413-454b-a8b1-7ce8430670d0,3754237,44,1,00:00:55.670,0,55,43,Carry,4,22,Leicester City,Regular Play,22,Leicester City,3814.0,Riyad Mahrez,Left Midfield,71.6,16.1,69.0,16.3,1.227729,True,,,,,,,False,,,,,,,False,False,left_to_right,False,71.6,16.1,69.0,16.3,False,False,False,False
79e8b36d-768e-4f31-8945-c03eb6c96119,3754237,45,1,00:00:56.469,0,56,17,Pressure,4,22,Leicester City,Regular Play,41,Sunderland,3337.0,Jermain Defoe,Center Forward,51.9,64.0,,,0.316453,False,,,,,,,False,,,,,,,False,False,left_to_right,False,51.9,64.0,,,False,False,False,False
590e0cb9-6639-4a05-83b1-fd1b8c5e25f9,3754237,46,1,00:00:56.898,0,56,22,Foul Committed,4,22,Leicester City,Regular Play,41,Sunderland,3337.0,Jermain Defoe,Center Forward,51.1,63.8,,,0.0,False,,,,,,,False,,,,,,,False,False,left_to_right,False,51.1,63.8,,,False,False,False,False
795853e4-c941-42bd-9f39-b7a7838912fa,3754237,47,1,00:00:56.898,0,56,21,Foul Won,4,22,Leicester City,Regular Play,22,Leicester City,3814.0,Riyad Mahrez,Left Midfield,69.0,16.3,,,0.0,True,,,,,,,False,,,,,,,False,False,left_to_right,False,69.0,16.3,,,False,False,False,False
192b7a19-0eaf-4a8b-bf96-4c3bf1dcff0d,3754237,48,1,00:01:10.976,1,10,30,Pass,5,22,Leicester City,From Free Kick,22,Leicester City,3662.0,Danny Drinkwater,Left Center Midfield,67.6,16.3,53.6,33.8,1.935882,False,,,,,,,True,22.410934,2.2455373,Ground Pass,Free Kick,40123.0,Robert Huth,False,False,left_to_right,False,67.6,16.3,53.6,33.8,False,False,False,False
d26996d7-f113-43b9-a291-347af8a78762,3754237,49,1,00:01:12.912,1,12,42,Ball Receipt*,5,22,Leicester City,From Free Kick,22,Leicester City,40123.0,Robert Huth,Right Center Back,53.6,33.8,,,,False,,,,,,,False,,,,,,,False,False,left_to_right,False,53.6,33.8,,,False,False,False,False
addbed74-59c9-455f-b23c-047a0303e584,3754237,50,1,00:01:12.912,1,12,43,Carry,5,22,Leicester City,From Free Kick,22,Leicester City,40123.0,Robert Huth,Right Center Back,53.6,33.8,62.5,41.8,3.166448,False,,,,,,,False,,,,,,,False,False,left_to_right,False,53.6,33.8,62.5,41.8,False,False,False,False
db3af691-966e-46ee-87bb-85983e767b3f,3754237,51,1,00:01:16.078,1,16,30,Pass,5,22,Leicester City,From Free Kick,22,Leicester City,40123.0,Robert Huth,Right Center Back,62.5,41.8,62.5,71.2,1.409012,False,,,,,,,True,29.4,1.5707964,Ground Pass,,28782.0,Ritchie De Laet,False,False,left_to_right,False,62.5,41.8,62.5,71.2,False,False,False,False
524651a2-237b-41b0-bf5e-4c03f7c24e2e,3754237,52,1,00:01:17.487,1,17,42,Ball Receipt*,5,22,Leicester City,From Free Kick,22,Leicester City,28782.0,Ritchie De Laet,Right Back,62.5,71.2,,,,False,,,,,,,False,,,,,,,False,False,left_to_right,False,62.5,71.2,,,False,False,False,False
f04ba12c-47f2-4f11-9cd5-c16d1679d7aa,3754237,53,1,00:01:17.487,1,17,43,Carry,5,22,Leicester City,From Free Kick,22,Leicester City,28782.0,Ritchie De Laet,Right Back,62.5,71.2,55.9,69.5,1.266792,False,,,,,,,False,,,,,,,False,False,left_to_right,False,62.5,71.2,55.9,69.5,False,False,False,False
de4dd3c6-cb1d-4541-80fa-0b6ff3f749b4,3754237,54,1,00:01:18.754,1,18,30,Pass,5,22,Leicester City,From Free Kick,22,Leicester City,28782.0,Ritchie De Laet,Right Back,55.9,69.5,50.4,55.5,1.189157,False,,,,,,,True,15.041609,-1.94513,Ground Pass,,40123.0,Robert Huth,False,False,left_to_right,False,55.9,69.5,50.4,55.5,False,False,False,False
4bb650b6-ba3b-4da9-85d2-3b1747a9db9d,3754237,55,1,00:01:19.943,1,19,42,Ball Receipt*,5,22,Leicester City,From Free Kick,22,Leicester City,40123.0,Robert Huth,Right Center Back,50.4,55.5,,,,False,,,,,,,False,,,,,,,False,False,left_to_right,False,50.4,55.5,,,False,False,False,False
6828abe8-4449-4a3f-8863-742e304841a8,3754237,56,1,00:01:19.943,1,19,43,Carry,5,22,Leicester City,From Free Kick,22,Leicester City,40123.0,Robert Huth,Right Center Back,50.4,55.5,52.7,56.1,2.085486,False,,,,,,,False,,,,,,,False,False,left_to_right,False,50.4,55.5,52.7,56.1,False,False,False,False
0883649c-bb41-41e7-9212-757f8e4ae4d2,3754237,57,1,00:01:22.029,1,22,30,Pass,5,22,Leicester City,From Free Kick,22,Leicester City,40123.0,Robert Huth,Right Center Back,52.7,56.1,48.1,16.9,2.130845,False,,,,,,,True,39.468975,-1.6876091,Ground Pass,,3813.0,Wes Morgan,False,False,left_to_right,False,52.7,56.1,48.1,16.9,False,False,False,False
39cb93f3-6e68-477b-b823-0f90dd66d5d6,3754237,58,1,00:01:24.159,1,24,42,Ball Receipt*,5,22,Leicester City,From Free Kick,22,Leicester City,3813.0,Wes Morgan,Left Center Back,48.1,16.9,,,,False,,,,,,,False,,,,,,,False,False,left_to_right,False,48.1,16.9,,,False,False,False,False
20f0745f-dc3c-465c-84bf-f17f8d3f635f,3754237,59,1,00:01:24.159,1,24,43,Carry,5,22,Leicester City,From Free Kick,22,Leicester City,3813.0,Wes Morgan,Left Center Back,48.1,16.9,53.9,14.0,2.276566,False,,,,,,,False,,,,,,,False,False,left_to_right,False,48.1,16.9,53.9,14.0,False,False,False,False
18005939-7004-473a-8ba5-51916568e2a7,3754237,60,1,00:01:26.436,1,26,30,Pass,5,22,Leicester City,From Free Kick,22,Leicester City,3813.0,Wes Morgan,Left Center Back,53.9,14.0,68.2,20.4,1.406523,False,,,,,,,True,15.666844,0.4208167,Ground Pass,,3814.0,Riyad Mahrez,False,False,left_to_right,False,53.9,14.0,68.2,20.4,False,False,False,False
4619e758-8443-42d3-99bc-71ef12cf6dd5,3754237,61,1,00:01:27.842,1,27,42,Ball Receipt*,5,22,Leicester City,From Free Kick,22,Leicester City,3814.0,Riyad Mahrez,Left Midfield,68.2,20.4,,,,False,,,,,,,False,,,,,,,False,False,left_to_right,False,68.2,20.4,,,False,False,False,False
8224e13c-fe7f-465e-9555-2369f07d2052,3754237,62,1,00:01:27.842,1,27,43,Carry,5,22,Leicester City,From Free Kick,22,Leicester City,3814.0,Riyad Mahrez,Left Midfield,68.2,20.4,67.0,20.1,0.16,False,,,,,,,False,,,,,,,False,False,left_to_right,False,68.2,20.4,67.0,20.1,False,False,False,False
d9f001a3-01a3-4fca-9356-3fc450aac69f,3754237,63,1,00:01:28.002,1,28,30,Pass,5,22,Leicester City,From Free Kick,22,Leicester City,3814.0,Riyad Mahrez,Left Midfield,67.0,20.1,56.5,43.8,2.08,False,,,,,,,True,25.921806,1.9878455,Low Pass,,3665.0,Andrew Philip King,False,False,left_to_right,False,67.0,20.1,56.5,43.8,False,False,False,False
29bbc5ad-ff79-483d-a482-c5a8eff6857c,3754237,64,1,00:01:30.082,1,30,42,Ball Receipt*,5,22,Leicester City,From Free Kick,22,Leicester City,3665.0,Andrew Philip King,Right Center Midfield,56.5,43.8,,,,False,,,,,,,False,,,,,,,False,False,left_to_right,False,56.5,43.8,,,False,False,False,False
5fe50977-66ce-41fb-81fc-d249a10e00c2,3754237,65,1,00:01:30.082,1,30,43,Carry,5,22,Leicester City,From Free Kick,22,Leicester City,3665.0,Andrew Philip King,Right Center Midfield,56.5,43.8,56.5,43.8,0.12,False,,,,,,,False,,,,,,,False,False,left_to_right,False,56.5,43.8,56.5,43.8,False,False,False,False
9b417183-daa2-477c-958b-8f4839a93018,3754237,66,1,00:01:30.202,1,30,30,Pass,5,22,Leicester City,From Free Kick,22,Leicester City,3665.0,Andrew Philip King,Right Center Midfield,56.5,43.8,44.7,45.0,1.255416,False,,,,,,,True,11.86086,3.0402462,Ground Pass,,40123.0,Robert Huth,False,False,left_to_right,False,56.5,43.8,44.7,45.0,False,False,False,False
6135afae-578f-4c0b-b4f0-1ee15c15c45d,3754237,67,1,00:01:31.458,1,31,42,Ball Receipt*,5,22,Leicester City,From Free Kick,22,Leicester City,40123.0,Robert Huth,Right Center Back,44.7,45.0,,,,False,,,,,,,False,,,,,,,False,False,left_to_right,False,44.7,45.0,,,False,False,False,False
200423c4-bd30-48e1-9055-d9df334622c5,3754237,68,1,00:01:31.458,1,31,43,Carry,5,22,Leicester City,From Free Kick,22,Leicester City,40123.0,Robert Huth,Right Center Back,44.7,45.0,54.7,41.5,5.252253,False,,,,,,,False,,,,,,,False,False,left_to_right,False,44.7,45.0,54.7,41.5,False,False,False,False
a0aa7ae4-a968-485e-a735-53b96ab6d38f,3754237,69,1,00:01:36.710,1,36,30,Pass,5,22,Leicester City,From Free Kick,22,Leicester City,40123.0,Robert Huth,Right Center Back,54.7,41.5,55.0,20.9,1.712238,False,,,,,,,True,20.602184,-1.5562342,Ground Pass,,3813.0,Wes Morgan,False,False,left_to_right,False,54.7,41.5,55.0,20.9,False,False,False,False
975fdfde-ea7c-4f6e-86b2-8bdb52b88e84,3754237,70,1,00:01:38.422,1,38,42,Ball Receipt*,5,22,Leicester City,From Free Kick,22,Leicester City,3813.0,Wes Morgan,Left Center Back,55.0,20.9,,,,False,,,,,,,False,,,,,,,False,False,left_to_right,False,55.0,20.9,,,False,False,False,False
0b2aa609-e96a-4a4a-9bb8-525f64057571,3754237,71,1,00:01:38.422,1,38,43,Carry,5,22,Leicester City,From Free Kick,22,Leicester City,3813.0,Wes Morgan,Left Center Back,55.0,20.9,55.6,21.8,0.854484,False,,,,,,,False,,,,,,,False,False,left_to_right,False,55.0,20.9,55.6,21.8,False,False,False,False
2ea3a827-e91b-4da6-9ae9-02db49f4c074,3754237,72,1,00:01:39.277,1,39,30,Pass,5,22,Leicester City,From Free Kick,22,Leicester City,3813.0,Wes Morgan,Left Center Back,55.6,21.8,74.5,4.7,1.35094,False,,,,,,,True,25.487644,-0.7354398,Ground Pass,,3520.0,Jeffrey Schlupp,False,False,left_to_right,False,55.6,21.8,74.5,4.7,False,False,False,False
5f007fd9-fbda-45b4-8534-319714d3eb2a,3754237,73,1,00:01:40.614,1,40,17,Pressure,5,22,Leicester City,From Free Kick,41,Sunderland,10503.0,Billy Jones,Right Back,42.8,75.4,,,0.227006,False,,,,,,,False,,,,,,,False,False,left_to_right,False,42.8,75.4,,,False,False,False,False
7334a44a-d127-4967-b10b-feee71e2957e,3754237,74,1,00:01:40.628,1,40,42,Ball Receipt*,5,22,Leicester City,From Free Kick,22,Leicester City,3520.0,Jeffrey Schlupp,Left Back,74.5,4.7,,,,True,,,,,,,False,,,,,,,False,False,left_to_right,False,74.5,4.7,,,False,False,False,False
3f529536-581c-47d1-9e86-98666959b469,3754237,75,1,00:01:40.628,1,40,43,Carry,5,22,Leicester City,From Free Kick,22,Leicester City,3520.0,Jeffrey Schlupp,Left Back,74.5,4.7,73.9,4.4,0.16,True,,,,,,,False,,,,,,,False,False,left_to_right,False,74.5,4.7,73.9,4.4,False,False,False,False
5095be85-f04c-4825-8c85-b9276b105825,3754237,76,1,00:01:40.788,1,40,30,Pass,5,22,Leicester City,From Free Kick,22,Leicester City,3520.0,Jeffrey Schlupp,Left Back,73.9,4.4,75.6,6.7,0.173484,True,,,,,,Incomplete,False,2.86007,0.9342881,Low Pass,,3662.0,Danny Drinkwater,False,False,left_to_right,False,73.9,4.4,75.6,6.7,False,False,False,True
f379c7cc-2d10-45f6-bebc-2e2d7d413016,3754237,77,1,00:01:40.961,1,40,42,Ball Receipt*,5,22,Leicester City,From Free Kick,22,Leicester City,3662.0,Danny Drinkwater,Left Center Midfield,84.5,11.2,,,,False,,,,,,,False,,,,,,,False,False,left_to_right,False,84.5,11.2,,,False,False,False,False
4cb24a3e-e16c-4774-8f82-61ee6d0129e8,3754237,78,1,00:01:40.961,1,40,6,Block,5,22,Leicester City,From Free Kick,41,Sunderland,10503.0,Billy Jones,Right Back,44.5,73.4,,,0.0,False,,,,,,,False,,,,,,,False,False,left_to_right,False,44.5,73.4,,,False,False,False,False
df434951-a56b-42aa-8529-6dad79ff300b,3754237,79,1,00:01:49.041,1,49,30,Pass,6,22,Leicester City,From Throw In,22,Leicester City,3520.0,Jeffrey Schlupp,Left Back,79.4,0.1,56.8,5.8,1.497667,False,,,,,,,True,23.307724,2.894533,Low Pass,Throw-in,3813.0,Wes Morgan,False,False,left_to_right,False,79.4,0.1,56.8,5.8,False,False,False,False
b44fbc68-c5ca-42bb-bf3b-f0bfd0bbd220,3754237,80,1,00:01:50.539,1,50,42,Ball Receipt*,6,22,Leicester City,From Throw In,22,Leicester City,3813.0,Wes Morgan,Left Center Back,56.8,5.8,,,,False,,,,,,,False,,,,,,,False,False,left_to_right,False,56.8,5.8,,,False,False,False,False
4ad014b8-6a1b-4a17-90a3-c9a85250bf1b,3754237,81,1,00:01:50.539,1,50,43,Carry,6,22,Leicester City,From Throw In,22,Leicester City,3813.0,Wes Morgan,Left Center Back,56.8,5.8,63.4,12.3,3.392371,False,,,,,,,False,,,,,,,False,False,left_to_right,False,56.8,5.8,63.4,12.3,False,False,False,False
95cb7667-35e5-4c6e-9370-483530abf566,3754237,82,1,00:01:53.931,1,53,30,Pass,6,22,Leicester City,From Throw In,22,Leicester City,3813.0,Wes Morgan,Left Center Back,63.4,12.3,80.5,73.8,3.278547,False,,,,,,,True,63.833065,1.2995979,High Pass,,28782.0,Ritchie De Laet,False,False,left_to_right,False,63.4,12.3,80.5,73.8,False,False,True,False
b516bb9b-14dc-4cf2-ab34-7b1f13939f5b,3754237,83,1,00:01:57.209,1,57,42,Ball Receipt*,6,22,Leicester City,From Throw In,22,Leicester City,28782.0,Ritchie De Laet,Right Back,80.5,73.8,,,,False,,,,,,,False,,,,,,,False,False,left_to_right,False,80.5,73.8,,,False,False,False,False
edf84b50-57a5-4756-b2ca-bc0dccac15ed,3754237,84,1,00:01:57.209,1,57,43,Carry,6,22,Leicester City,From Throw In,22,Leicester City,28782.0,Ritchie De Laet,Right Back,80.5,73.8,80.5,73.8,2.679998,False,,,,,,,False,,,,,,,False,False,left_to_right,False,80.5,73.8,80.5,73.8,False,False,False,False
379ee2ad-e86b-49ba-9edb-0ca7fd7adc79,3754237,85,1,00:01:59.889,1,59,30,Pass,6,22,Leicester City,From Throw In,22,Leicester City,28782.0,Ritchie De Laet,Right Back,80.5,73.8,78.2,67.9,1.032805,False,,,,,,,True,6.332456,-1.9425052,Ground Pass,,3665.0,Andrew Philip King,False,False,left_to_right,False,80.5,73.8,78.2,67.9,False,False,False,False
f1756b49-513b-4fed-a6af-328a50946cfd,3754237,86,1,00:02:00.922,2,0,42,Ball Receipt*,6,22,Leicester City,From Throw In,22,Leicester City,3665.0,Andrew Philip King,Right Center Midfield,78.2,67.9,,,,False,,,,,,,False,,,,,,,False,False,left_to_right,False,78.2,67.9,,,False,False,False,False
cccf7d70-7b8c-42bc-b150-1c6ecdf386db,3754237,87,1,00:02:00.922,2,0,43,Carry,6,22,Leicester City,From Throw In,22,Leicester City,3665.0,Andrew Philip King,Right Center Midfield,78.2,67.9,78.2,67.9,0.039998,False,,,,,,,False,,,,,,,False,False,left_to_right,False,78.2,67.9,78.2,67.9,False,False,False,False
46e380b2-500e-4ec2-bdaf-4dfb6d678347,3754237,88,1,00:02:00.962,2,0,30,Pass,6,22,Leicester City,From Throw In,22,Leicester City,3665.0,Andrew Philip King,Right Center Midfield,78.2,67.9,96.8,72.1,1.095129,False,,,,,,,True,19.068298,0.2220819,Ground Pass,,3307.0,Marc Albrighton,False,False,left_to_right,False,78.2,67.9,96.8,72.1,False,False,True,False
8ddbf57a-9289-4d07-80a7-6126a6c04fce,3754237,89,1,00:02:01.948,2,1,17,Pressure,6,22,Leicester City,From Throw In,41,Sunderland,3321.0,Patrick van Aanholt,Left Back,23.0,8.6,,,0.163518,False,,,,,,,False,,,,,,,False,False,left_to_right,False,23.0,8.6,,,False,False,False,False
2497d732-db51-43ab-9aa7-69728e2b2ddf,3754237,90,1,00:02:02.057,2,2,42,Ball Receipt*,6,22,Leicester City,From Throw In,22,Leicester City,3307.0,Marc Albrighton,Right Midfield,96.8,72.1,,,,True,,,,,,,False,,,,,,,False,False,left_to_right,False,96.8,72.1,,,False,False,False,False
cf2167dc-bb7f-4dd3-9faf-1cabeb687406,3754237,91,1,00:02:02.057,2,2,43,Carry,6,22,Leicester City,From Throw In,22,Leicester City,3307.0,Marc Albrighton,Right Midfield,96.8,72.1,95.4,73.2,0.04,True,,,,,,,False,,,,,,,False,False,left_to_right,False,96.8,72.1,95.4,73.2,False,False,False,False
66c020c6-f7cc-43c9-aa59-7858334fccc7,3754237,92,1,00:02:02.097,2,2,30,Pass,6,22,Leicester City,From Throw In,22,Leicester City,3307.0,Marc Albrighton,Right Midfield,95.4,73.2,118.2,71.5,4.309077,True,,,,,,,True,22.863289,-0.07442369,Ground Pass,,3810.0,Shinji Okazaki,False,False,left_to_right,False,95.4,73.2,118.2,71.5,False,False,False,False
fd32dbbe-226c-45e0-aa44-8d4a7c4e07d4,3754237,93,1,00:02:05.816,2,5,17,Pressure,6,22,Leicester City,From Throw In,41,Sunderland,3321.0,Patrick van Aanholt,Left Back,3.6,8.3,,,0.764885,False,,,,,,,False,,,,,,,False,False,left_to_right,False,3.6,8.3,,,False,False,False,False
5005f128-9ddc-4d12-819c-4e132f270fcc,3754237,94,1,00:02:06.406,2,6,42,Ball Receipt*,6,22,Leicester City,From Throw In,22,Leicester City,3810.0,Shinji Okazaki,Right Center Forward,118.2,71.5,,,,True,,,,,,,False,,,,,,,False,False,left_to_right,False,118.2,71.5,,,False,False,False,False
36297229-8ab4-4f07-9587-80329d30d1a4,3754237,95,1,00:02:06.406,2,6,43,Carry,6,22,Leicester City,From Throw In,22,Leicester City,3810.0,Shinji Okazaki,Right Center Forward,118.2,71.5,118.2,72.1,0.148139,True,,,,,,,False,,,,,,,False,False,left_to_right,False,118.2,71.5,118.2,72.1,False,False,False,False
e1640ccf-a6ea-4090-9b06-c57eda204fa6,3754237,96,1,00:02:06.555,2,6,38,Miscontrol,6,22,Leicester City,From Throw In,22,Leicester City,3810.0,Shinji Okazaki,Right Center Forward,118.2,72.1,,,0.0,True,,,,,,,False,,,,,,,False,False,left_to_right,False,118.2,72.1,,,False,False,False,True
4c52f645-0ea8-49b5-aca5-83c3e88b9fce,3754237,97,1,00:02:07.578,2,7,2,Ball Recovery,6,22,Leicester City,From Throw In,41,Sunderland,4746.0,Younes Kaboul,Left Center Back,4.4,7.7,,,0.0,False,,,,,,,False,,,,,,,False,False,left_to_right,False,4.4,7.7,,,False,False,False,False
5e696200-100f-4a21-a3c5-7066a5055760,3754237,98,1,00:02:07.578,2,7,43,Carry,6,22,Leicester City,From Throw In,41,Sunderland,4746.0,Younes Kaboul,Left Center Back,4.4,7.7,6.5,6.9,1.13339,False,,,,,,,False,,,,,,,False,False,left_to_right,False,4.4,7.7,6.5,6.9,False,False,False,False
2a8d8fba-805e-416a-87fc-aac914b01505,3754237,99,1,00:02:08.712,2,8,30,Pass,6,22,Leicester City,From Throw In,41,Sunderland,4746.0,Younes Kaboul,Left Center Back,6.5,6.9,50.5,20.3,2.468339,False,,,,,,Incomplete,False,45.995216,0.2956217,High Pass,,3337.0,Jermain Defoe,False,False,left_to_right,False,6.5,6.9,50.5,20.3,False,True,False,True
d284386d-1c2b-45ed-b020-669db4bc7a10,3754237,100,1,00:02:11.180,2,11,42,Ball Receipt*,6,22,Leicester City,From Throw In,41,Sunderland,3337.0,Jermain Defoe,Center Forward,50.5,20.9,,,,False,,,,,,,False,,,,,,,False,False,left_to_right,False,50.5,20.9,,,False,False,False,False
f8c96f97-38fa-4812-bf64-b765eebbcca3,3754237,101,1,00:02:11.180,2,11,30,Pass,6,22,Leicester City,From Throw In,22,Leicester City,40123.0,Robert Huth,Right Center Back,69.6,59.8,106.5,62.1,3.178182,False,,,,,,Incomplete,False,36.97161,0.06225009,High Pass,Recovery,,,False,False,left_to_right,False,69.6,59.8,106.5,62.1,False,True,True,True
5db87ed9-5dfa-4871-b388-4a49420a1333,3754237,102,1,00:02:14.358,2,14,30,Pass,6,22,Leicester City,From Throw In,41,Sunderland,4746.0,Younes Kaboul,Left Center Back,13.6,18.0,43.6,6.3,2.525599,False,,,,,,Incomplete,False,32.200775,-0.37185606,High Pass,Recovery,16457.0,Jeremain Lens,False,False,left_to_right,False,13.6,18.0,43.6,6.3,False,False,False,True
45192a27-835d-4eba-b656-ac51bd90425f,3754237,103,1,00:02:16.884,2,16,42,Ball Receipt*,6,22,Leicester City,From Throw In,41,Sunderland,16457.0,Jeremain Lens,Left Midfield,43.6,8.3,,,,False,,,,,,,False,,,,,,,False,False,left_to_right,False,43.6,8.3,,,False,False,False,False
7f6fa43a-ce14-42fd-b852-534800b2fe2c,3754237,104,1,00:02:16.884,2,16,30,Pass,6,22,Leicester City,From Throw In,22,Leicester City,3665.0,Andrew Philip King,Right Center Midfield,76.5,73.8,63.7,71.5,1.371097,False,,,,,,,True,13.004999,-2.9638023,Low Pass,Recovery,28782.0,Ritchie De Laet,False,False,left_to_right,False,76.5,73.8,63.7,71.5,False,False,False,False
135ef7ca-d8fd-4577-bc55-dac91a790987,3754237,105,1,00:02:18.255,2,18,42,Ball Receipt*,6,22,Leicester City,From Throw In,22,Leicester City,28782.0,Ritchie De Laet,Right Back,63.7,71.5,,,,False,,,,,,,False,,,,,,,False,False,left_to_right,False,63.7,71.5,,,False,False,False,False
56f70cce-f536-4a94-a794-fe708ff52e4c,3754237,106,1,00:02:18.255,2,18,43,Carry,6,22,Leicester City,From Throw In,22,Leicester City,28782.0,Ritchie De Laet,Right Back,63.7,71.5,65.0,74.7,0.034832,False,,,,,,,False,,,,,,,False,False,left_to_right,False,63.7,71.5,65.0,74.7,False,False,False,False
bab795b9-f1dd-4be6-bdb6-0453b16ab27e,3754237,107,1,00:02:18.290,2,18,30,Pass,6,22,Leicester City,From Throw In,22,Leicester City,28782.0,Ritchie De Laet,Right Back,65.0,74.7,91.6,62.1,2.851603,False,,,,,,Incomplete,False,29.433315,-0.44237423,High Pass,,,,False,False,left_to_right,False,65.0,74.7,91.6,62.1,False,True,True,True
5177bc1c-9531-462d-a4bf-10cdab876f6b,3754237,108,1,00:02:21.141,2,21,30,Pass,6,22,Leicester City,From Throw In,41,Sunderland,4746.0,Younes Kaboul,Left Center Back,28.5,18.0,49.4,13.1,1.492658,True,,,,,,Incomplete,False,21.466719,-0.23029046,High Pass,Recovery,16457.0,Jeremain Lens,False,False,left_to_right,False,28.5,18.0,49.4,13.1,False,False,False,True
ed0180b2-5959-4a57-b7ab-630b20deebc9,3754237,109,1,00:02:21.141,2,21,4,Duel,6,22,Leicester City,From Throw In,22,Leicester City,3810.0,Shinji Okazaki,Right Center Forward,91.6,62.1,,,0.0,True,,,,,,,False,,,,,,,False,False,left_to_right,False,91.6,62.1,,,False,False,False,False
f6d0c745-5d1e-4b12-bdab-783260c21d59,3754237,110,1,00:02:22.634,2,22,42,Ball Receipt*,6,22,Leicester City,From Throw In,41,Sunderland,16457.0,Jeremain Lens,Left Midfield,49.9,9.2,,,,False,,,,,,,False,,,,,,,False,False,left_to_right,False,49.9,9.2,,,False,False,False,False
6985fb4d-e90d-4f37-9a7c-a02b9f126084,3754237,111,1,00:02:22.634,2,22,30,Pass,6,22,Leicester City,From Throw In,22,Leicester City,3665.0,Andrew Philip King,Right Center Midfield,70.7,67.0,93.1,66.1,1.814311,False,,,,,,Incomplete,False,22.418074,-0.04015697,High Pass,Recovery,,,False,False,left_to_right,False,70.7,67.0,93.1,66.1,False,True,True,True
d9a2d0c9-db0b-4942-bfaa-634e3ed90e78,3754237,112,1,00:02:24.448,2,24,30,Pass,6,22,Leicester City,From Throw In,41,Sunderland,4746.0,Younes Kaboul,Left Center Back,27.0,14.0,45.3,9.2,1.422052,False,,,,,,Unknown,False,18.919039,-0.2565166,High Pass,Recovery,16457.0,Jeremain Lens,False,False,left_to_right,False,27.0,14.0,45.3,9.2,False,False,False,True
7d08d92e-ab1b-4cb6-b306-a0782c828697,3754237,113,1,00:02:25.870,2,25,42,Ball Receipt*,6,22,Leicester City,From Throw In,41,Sunderland,16457.0,Jeremain Lens,Left Midfield,45.3,9.2,,,,False,,,,,,,False,,,,,,,False,False,left_to_right,False,45.3,9.2,,,False,False,False,False
b3fcdd39-521f-4c20-9e13-2da5a15fa2fb,3754237,114,1,00:02:26.101,2,26,22,Foul Committed,6,22,Leicester City,From Throw In,22,Leicester City,3665.0,Andrew Philip King,Right Center Midfield,75.6,70.9,,,0.0,False,,,,,,,False,,,,,,,False,False,left_to_right,False,75.6,70.9,,,False,False,False,False
d688d9b1-7184-4489-9001-d667885281c9,3754237,115,1,00:02:26.101,2,26,21,Foul Won,6,22,Leicester City,From Throw In,41,Sunderland,16457.0,Jeremain Lens,Left Midfield,44.5,9.2,,,0.0,True,,,,,,,False,,,,,,,False,False,left_to_right,False,44.5,9.2,,,False,False,False,False
e6665f2c-ded4-4ac7-96b7-83806ebb4d5c,3754237,116,1,00:02:42.891,2,42,30,Pass,7,41,Sunderland,From Free Kick,41,Sunderland,3321.0,Patrick van Aanholt,Left Back,43.9,9.5,34.8,17.7,0.324899,False,,,,,,,True,12.24949,2.4081707,Ground Pass,Free Kick,4746.0,Younes Kaboul,False,False,left_to_right,False,43.9,9.5,34.8,17.7,False,False,False,False
3f1c7f19-f6df-4756-ad01-d2f2dc973375,3754237,117,1,00:02:43.216,2,43,42,Ball Receipt*,7,41,Sunderland,From Free Kick,41,Sunderland,4746.0,Younes Kaboul,Left Center Back,34.8,17.7,,,,False,,,,,,,False,,,,,,,False,False,left_to_right,False,34.8,17.7,,,False,False,False,False
0ef218fa-77df-44ea-86b8-90c20ce03b56,3754237,118,1,00:02:44.401,2,44,30,Pass,7,41,Sunderland,From Free Kick,41,Sunderland,4746.0,Younes Kaboul,Left Center Back,32.5,17.4,27.6,53.4,1.828827,False,,,,,,,True,36.331944,1.7060761,Ground Pass,,6300.0,Sebastián Coates Nión,False,False,left_to_right,False,32.5,17.4,27.6,53.4,False,False,False,False
e316721c-2936-4d24-8e83-995b7379da69,3754237,119,1,00:02:46.230,2,46,42,Ball Receipt*,7,41,Sunderland,From Free Kick,41,Sunderland,6300.0,Sebastián Coates Nión,Right Center Back,27.6,53.4,,,,False,,,,,,,False,,,,,,,False,False,left_to_right,False,27.6,53.4,,,False,False,False,False
fcf48378-2506-4704-a419-3a515571ae58,3754237,120,1,00:02:46.230,2,46,43,Carry,7,41,Sunderland,From Free Kick,41,Sunderland,6300.0,Sebastián Coates Nión,Right Center Back,27.6,53.4,29.3,55.7,2.752853,False,,,,,,,False,,,,,,,False,False,left_to_right,False,27.6,53.4,29.3,55.7,False,False,False,False
2ef66627-75cb-455a-a757-3cbae9fb622c,3754237,121,1,00:02:48.983,2,48,30,Pass,7,41,Sunderland,From Free Kick,41,Sunderland,6300.0,Sebastián Coates Nión,Right Center Back,29.3,55.7,26.2,17.4,2.67825,False,,,,,,,True,38.42525,-1.6515602,Ground Pass,,4746.0,Younes Kaboul,False,False,left_to_right,False,29.3,55.7,26.2,17.4,False,False,False,False
da467b20-b36c-4b47-b4f9-d0e1d9d2fba6,3754237,122,1,00:02:51.661,2,51,42,Ball Receipt*,7,41,Sunderland,From Free Kick,41,Sunderland,4746.0,Younes Kaboul,Left Center Back,26.2,17.4,,,,False,,,,,,,False,,,,,,,False,False,left_to_right,False,26.2,17.4,,,False,False,False,False
7d471bd0-31bf-4674-9fe2-a29deb50f2cb,3754237,123,1,00:02:51.661,2,51,43,Carry,7,41,Sunderland,From Free Kick,41,Sunderland,4746.0,Younes Kaboul,Left Center Back,26.2,17.4,27.6,17.4,0.878499,False,,,,,,,False,,,,,,,False,False,left_to_right,False,26.2,17.4,27.6,17.4,False,False,False,False
e2ce215d-b43e-49b4-8e37-00da1cda77a3,3754237,124,1,00:02:52.540,2,52,30,Pass,7,41,Sunderland,From Free Kick,41,Sunderland,4746.0,Younes Kaboul,Left Center Back,27.6,17.4,42.5,16.5,1.07515,False,,,,,,,True,14.927156,-0.060329385,Ground Pass,,10783.0,Lee Cattermole,False,False,left_to_right,False,27.6,17.4,42.5,16.5,False,False,False,False
de90bfad-d114-477f-a66e-76f7ddfdcc77,3754237,125,1,00:02:53.615,2,53,42,Ball Receipt*,7,41,Sunderland,From Free Kick,41,Sunderland,10783.0,Lee Cattermole,Center Defensive Midfield,42.5,16.5,,,,False,,,,,,,False,,,,,,,False,False,left_to_right,False,42.5,16.5,,,False,False,False,False
93e02355-42e3-4db4-84bf-541bcf682fd6,3754237,126,1,00:02:53.615,2,53,43,Carry,7,41,Sunderland,From Free Kick,41,Sunderland,10783.0,Lee Cattermole,Center Defensive Midfield,42.5,16.5,44.5,16.3,1.353126,False,,,,,,,False,,,,,,,False,False,left_to_right,False,42.5,16.5,44.5,16.3,False,False,False,False
e9fdbdf0-745c-443e-ab48-47973c95c800,3754237,127,1,00:02:54.968,2,54,30,Pass,7,41,Sunderland,From Free Kick,41,Sunderland,10783.0,Lee Cattermole,Center Defensive Midfield,44.5,16.3,57.9,18.0,1.209227,False,,,,,,,True,13.507405,0.12619154,Ground Pass,,16457.0,Jeremain Lens,False,False,left_to_right,False,44.5,16.3,57.9,18.0,False,False,False,False
8a776e1d-0ecd-44e3-a694-6671922dda7a,3754237,128,1,00:02:55.954,2,55,17,Pressure,7,41,Sunderland,From Free Kick,22,Leicester City,3665.0,Andrew Philip King,Right Center Midfield,60.5,61.5,,,0.185686,False,,,,,,,False,,,,,,,False,False,left_to_right,False,60.5,61.5,,,False,False,False,False
e09323f4-10c1-4036-9f03-caf6771350f9,3754237,129,1,00:02:56.177,2,56,42,Ball Receipt*,7,41,Sunderland,From Free Kick,41,Sunderland,16457.0,Jeremain Lens,Left Midfield,57.9,18.0,,,,False,,,,,,,False,,,,,,,False,False,left_to_right,False,57.9,18.0,,,False,False,False,False
e6366ef6-37bd-4983-af2a-fd9bb82dd08f,3754237,130,1,00:02:56.177,2,56,43,Carry,7,41,Sunderland,From Free Kick,41,Sunderland,16457.0,Jeremain Lens,Left Midfield,57.9,18.0,49.9,23.2,1.551278,False,,,,,,,False,,,,,,,False,False,left_to_right,False,57.9,18.0,49.9,23.2,False,False,False,False
0376d1ff-8c6c-4a62-9d4b-82907e994e11,3754237,131,1,00:02:57.728,2,57,30,Pass,7,41,Sunderland,From Free Kick,41,Sunderland,16457.0,Jeremain Lens,Left Midfield,49.9,23.2,45.6,25.7,0.012005,False,,,,,,Incomplete,False,4.9739323,2.6149654,Ground Pass,,10783.0,Lee Cattermole,False,False,left_to_right,False,49.9,23.2,45.6,25.7,False,False,False,True
0aeaa648-2431-4857-822f-96e383142aab,3754237,132,1,00:02:57.740,2,57,42,Ball Receipt*,7,41,Sunderland,From Free Kick,41,Sunderland,10783.0,Lee Cattermole,Center Defensive Midfield,45.3,23.4,,,,False,,,,,,,False,,,,,,,False,False,left_to_right,False,45.3,23.4,,,False,False,False,False
0e9a0d9b-4f66-4f88-a5fc-5622b76ea480,3754237,133,1,00:02:57.740,2,57,30,Pass,7,41,Sunderland,From Free Kick,22,Leicester City,3810.0,Shinji Okazaki,Right Center Forward,74.5,54.4,80.2,43.8,1.346788,False,,,,,,,True,12.035364,-1.0774177,Ground Pass,Recovery,10960.0,Jamie Vardy,False,False,left_to_right,False,74.5,54.4,80.2,43.8,False,False,True,False
505ec626-8cae-4a88-bd9b-03f8e7f46d55,3754237,134,1,00:02:59.087,2,59,42,Ball Receipt*,7,41,Sunderland,From Free Kick,22,Leicester City,10960.0,Jamie Vardy,Left Center Forward,80.2,43.8,,,,False,,,,,,,False,,,,,,,False,False,left_to_right,False,80.2,43.8,,,False,False,False,False
91c736b1-51d1-4009-a2b1-ba14c448cf3f,3754237,135,1,00:02:59.087,2,59,43,Carry,7,41,Sunderland,From Free Kick,22,Leicester City,10960.0,Jamie Vardy,Left Center Forward,80.2,43.8,95.1,38.1,2.627599,True,,,,,,,False,,,,,,,False,False,left_to_right,False,80.2,43.8,95.1,38.1,True,False,False,False
eab929b1-df29-48cc-b057-aa3968a310dc,3754237,136,1,00:03:00.326,3,0,17,Pressure,7,41,Sunderland,From Free Kick,41,Sunderland,10783.0,Lee Cattermole,Center Defensive Midfield,26.8,43.7,,,0.970787,False,,,,,,,False,,,,,,,False,False,left_to_right,False,26.8,43.7,,,False,False,False,False
f60f95a6-8190-48af-b684-6c4abe6943cf,3754237,137,1,00:03:01.048,3,1,17,Pressure,7,41,Sunderland,From Free Kick,41,Sunderland,6300.0,Sebastián Coates Nión,Right Center Back,27.3,42.0,,,0.379584,False,,,,,,,False,,,,,,,False,False,left_to_right,False,27.3,42.0,,,False,False,False,False
c4a0be35-ecf4-4e44-8c0a-baf1e7265eec,3754237,138,1,00:03:01.715,3,1,14,Dribble,7,41,Sunderland,From Free Kick,22,Leicester City,10960.0,Jamie Vardy,Left Center Forward,95.1,38.1,,,0.0,True,,,,,,,False,,,,,,,False,False,left_to_right,False,95.1,38.1,,,False,False,False,False
e0c67ee0-ec9c-4885-b172-c245b179d36c,3754237,139,1,00:03:01.715,3,1,4,Duel,7,41,Sunderland,From Free Kick,41,Sunderland,6300.0,Sebastián Coates Nión,Right Center Back,25.0,42.0,,,0.0,True,,,,,,,False,,,,,,,False,False,left_to_right,False,25.0,42.0,,,False,False,False,False
7668e53f-2f36-4c46-bb6a-53445f963494,3754237,140,1,00:03:03.476,3,3,2,Ball Recovery,7,41,Sunderland,From Free Kick,41,Sunderland,5617.0,Sebastian Larsson,Right Center Midfield,15.6,51.5,,,0.0,False,,,,,,,False,,,,,,,False,False,left_to_right,False,15.6,51.5,,,False,False,False,False
4c325170-9d6e-413a-ba8c-76868f24fa1b,3754237,141,1,00:03:03.476,3,3,43,Carry,7,41,Sunderland,From Free Kick,41,Sunderland,5617.0,Sebastian Larsson,Right Center Midfield,15.6,51.5,11.6,59.2,1.576967,True,,,,,,,False,,,,,,,False,False,left_to_right,False,15.6,51.5,11.6,59.2,False,False,False,False
62d37953-d559-4821-8d19-322a8c27b49c,3754237,142,1,00:03:04.426,3,4,17,Pressure,7,41,Sunderland,From Free Kick,22,Leicester City,3662.0,Danny Drinkwater,Left Center Midfield,105.9,23.5,,,0.640317,False,,,,,,,False,,,,,,,False,False,left_to_right,False,105.9,23.5,,,False,False,False,False
9d76eafe-41a0-4df4-bd82-c937227b4387,3754237,143,1,00:03:05.053,3,5,30,Pass,7,41,Sunderland,From Free Kick,41,Sunderland,5617.0,Sebastian Larsson,Right Center Midfield,11.6,59.2,68.2,62.3,3.11534,True,,,,,,Incomplete,False,56.68483,0.05471565,High Pass,,3337.0,Jermain Defoe,False,False,left_to_right,False,11.6,59.2,68.2,62.3,False,True,False,True
6e6d287c-5325-4424-8356-18c99d8596ff,3754237,144,1,00:03:08.168,3,8,42,Ball Receipt*,7,41,Sunderland,From Free Kick,41,Sunderland,3337.0,Jermain Defoe,Center Forward,62.5,56.3,,,,False,,,,,,,False,,,,,,,False,False,left_to_right,False,62.5,56.3,,,False,False,False,False
2af3c274-74c1-4b7f-b7a6-2c359899cdb2,3754237,145,1,00:03:08.168,3,8,30,Pass,8,22,Leicester City,Regular Play,22,Leicester City,3813.0,Wes Morgan,Left Center Back,51.9,17.8,65.9,3.8,0.984695,False,,,,,,,True,19.79899,-0.7853982,Low Pass,Recovery,3520.0,Jeffrey Schlupp,False,False,left_to_right,False,51.9,17.8,65.9,3.8,False,False,False,False
9643f1d5-6af2-428e-be78-ab47ef531468,3754237,146,1,00:03:09.153,3,9,42,Ball Receipt*,8,22,Leicester City,Regular Play,22,Leicester City,3520.0,Jeffrey Schlupp,Left Back,65.9,3.8,,,,False,,,,,,,False,,,,,,,False,False,left_to_right,False,65.9,3.8,,,False,False,False,False
c28843b2-80f8-4995-b16f-aaeec6f38500,3754237,147,1,00:03:09.153,3,9,43,Carry,8,22,Leicester City,Regular Play,22,Leicester City,3520.0,Jeffrey Schlupp,Left Back,65.9,3.8,57.9,6.7,1.147594,False,,,,,,,False,,,,,,,False,False,left_to_right,False,65.9,3.8,57.9,6.7,False,False,False,False
49559793-3a91-49aa-861f-35c5cbcb50c8,3754237,148,1,00:03:10.300,3,10,30,Pass,8,22,Leicester City,Regular Play,22,Leicester City,3520.0,Jeffrey Schlupp,Left Back,57.9,6.7,19.6,32.0,3.307645,False,,,,,,,True,45.90185,2.5578196,Ground Pass,,3815.0,Kasper Schmeichel,False,False,left_to_right,False,57.9,6.7,19.6,32.0,False,False,False,False
a2a1dc74-9561-473e-814c-e9f06bc6193b,3754237,149,1,00:03:13.608,3,13,42,Ball Receipt*,8,22,Leicester City,Regular Play,22,Leicester City,3815.0,Kasper Schmeichel,Goalkeeper,19.6,32.0,,,,False,,,,,,,False,,,,,,,False,False,left_to_right,False,19.6,32.0,,,False,False,False,False
d0066c83-17af-4fbb-9de0-c20d74409d32,3754237,150,1,00:03:13.608,3,13,43,Carry,8,22,Leicester City,Regular Play,22,Leicester City,3815.0,Kasper Schmeichel,Goalkeeper,19.6,32.0,20.7,34.1,0.08,False,,,,,,,False,,,,,,,False,False,left_to_right,False,19.6,32.0,20.7,34.1,False,False,False,False
b491fa89-5df7-4a72-8fdc-612b9abcd653,3754237,151,1,00:03:13.688,3,13,30,Pass,8,22,Leicester City,Regular Play,22,Leicester City,3815.0,Kasper Schmeichel,Goalkeeper,20.7,34.1,31.6,21.5,1.776618,False,,,,,,,True,16.660433,-0.8576128,Ground Pass,,3813.0,Wes Morgan,False,False,left_to_right,False,20.7,34.1,31.6,21.5,False,False,False,False
11277333-4ad6-4a77-a57c-3d49f452efac,3754237,152,1,00:03:15.465,3,15,42,Ball Receipt*,8,22,Leicester City,Regular Play,22,Leicester City,3813.0,Wes Morgan,Left Center Back,31.6,21.5,,,,False,,,,,,,False,,,,,,,False,False,left_to_right,False,31.6,21.5,,,False,False,False,False
9a32aced-10ce-4b0b-be23-3886693bf333,3754237,153,1,00:03:15.465,3,15,43,Carry,8,22,Leicester City,Regular Play,22,Leicester City,3813.0,Wes Morgan,Left Center Back,31.6,21.5,53.0,25.5,9.112602,False,,,,,,,False,,,,,,,False,False,left_to_right,False,31.6,21.5,53.0,25.5,False,False,False,False
f917a813-bbe6-4728-9deb-bf9f0e028133,3754237,154,1,00:03:24.577,3,24,30,Pass,8,22,Leicester City,Regular Play,22,Leicester City,3813.0,Wes Morgan,Left Center Back,53.0,25.5,47.3,53.5,1.35689,False,,,,,,,True,28.57429,1.7716236,Ground Pass,,40123.0,Robert Huth,False,False,left_to_right,False,53.0,25.5,47.3,53.5,False,False,False,False
f24084be-b38d-425a-9da7-bcb045cda7dc,3754237,155,1,00:03:25.934,3,25,42,Ball Receipt*,8,22,Leicester City,Regular Play,22,Leicester City,40123.0,Robert Huth,Right Center Back,47.3,53.5,,,,False,,,,,,,False,,,,,,,False,False,left_to_right,False,47.3,53.5,,,False,False,False,False
153bd33a-8bdf-4e1e-a993-c3d1eebb266b,3754237,156,1,00:03:25.934,3,25,43,Carry,8,22,Leicester City,Regular Play,22,Leicester City,40123.0,Robert Huth,Right Center Back,47.3,53.5,50.4,53.8,1.659769,False,,,,,,,False,,,,,,,False,False,left_to_right,False,47.3,53.5,50.4,53.8,False,False,False,False
913f9e21-4956-436c-9d81-9ca49a7c710d,3754237,157,1,00:03:27.594,3,27,30,Pass,8,22,Leicester City,Regular Play,22,Leicester City,40123.0,Robert Huth,Right Center Back,50.4,53.8,76.2,59.2,1.38884,False,,,,,,,True,26.359058,0.20632389,Ground Pass,,3307.0,Marc Albrighton,False,False,left_to_right,False,50.4,53.8,76.2,59.2,False,True,False,False
6d0c813c-b2f5-4f7d-9f56-ae1b670e9fc7,3754237,158,1,00:03:28.796,3,28,17,Pressure,8,22,Leicester City,Regular Play,41,Sunderland,3321.0,Patrick van Aanholt,Left Back,41.6,20.6,,,4.726169,False,,,,,,,False,,,,,,,False,False,left_to_right,False,41.6,20.6,,,False,False,False,False
abaae536-061c-450f-8160-068625cfb856,3754237,159,1,00:03:28.983,3,28,42,Ball Receipt*,8,22,Leicester City,Regular Play,22,Leicester City,3307.0,Marc Albrighton,Right Midfield,76.2,59.2,,,,True,,,,,,,False,,,,,,,False,False,left_to_right,False,76.2,59.2,,,False,False,False,False
5bea4390-ae57-496c-89af-dd6af0a0fe94,3754237,160,1,00:03:28.983,3,28,43,Carry,8,22,Leicester City,Regular Play,22,Leicester City,3307.0,Marc Albrighton,Right Midfield,76.2,59.2,53.3,68.6,4.633072,True,,,,,,,False,,,,,,,False,False,left_to_right,False,76.2,59.2,53.3,68.6,False,False,False,False
7769dd37-21f2-4a16-b11e-2dad4f9456f6,3754237,161,1,00:03:33.616,3,33,30,Pass,8,22,Leicester City,Regular Play,22,Leicester City,3307.0,Marc Albrighton,Right Midfield,53.3,68.6,39.3,48.6,1.763132,False,,,,,,,True,24.41311,-2.1815224,Ground Pass,,40123.0,Robert Huth,False,False,left_to_right,False,53.3,68.6,39.3,48.6,False,False,False,False
ae6383ed-0199-4d62-81a0-1f1deac6719e,3754237,162,1,00:03:35.379,3,35,42,Ball Receipt*,8,22,Leicester City,Regular Play,22,Leicester City,40123.0,Robert Huth,Right Center Back,39.3,48.6,,,,False,,,,,,,False,,,,,,,False,False,left_to_right,False,39.3,48.6,,,False,False,False,False
9c65dcb4-aad9-4893-a076-352a8eb383a9,3754237,163,1,00:03:35.379,3,35,43,Carry,8,22,Leicester City,Regular Play,22,Leicester City,40123.0,Robert Huth,Right Center Back,39.3,48.6,39.3,49.2,6.084006,False,,,,,,,False,,,,,,,False,False,left_to_right,False,39.3,48.6,39.3,49.2,False,False,False,False
a22e69a5-e825-4860-a814-6301b54dfac5,3754237,164,1,00:03:41.463,3,41,30,Pass,8,22,Leicester City,Regular Play,22,Leicester City,40123.0,Robert Huth,Right Center Back,39.3,49.2,50.4,72.9,1.722655,False,,,,,,,True,26.170593,1.1327841,Ground Pass,,28782.0,Ritchie De Laet,False,False,left_to_right,False,39.3,49.2,50.4,72.9,False,False,False,False
68834319-db47-402a-aae0-0f4f16b07658,3754237,165,1,00:03:43.186,3,43,42,Ball Receipt*,8,22,Leicester City,Regular Play,22,Leicester City,28782.0,Ritchie De Laet,Right Back,50.4,72.9,,,,False,,,,,,,False,,,,,,,False,False,left_to_right,False,50.4,72.9,,,False,False,False,False
85766e2f-938b-4177-a78a-635490cb8e5f,3754237,166,1,00:03:43.186,3,43,43,Carry,8,22,Leicester City,Regular Play,22,Leicester City,28782.0,Ritchie De Laet,Right Back,50.4,72.9,38.7,73.2,1.395683,False,,,,,,,False,,,,,,,False,False,left_to_right,False,50.4,72.9,38.7,73.2,False,False,False,False
a7677f9b-3014-437e-8452-1502744d0946,3754237,167,1,00:03:44.581,3,44,30,Pass,8,22,Leicester City,Regular Play,22,Leicester City,28782.0,Ritchie De Laet,Right Back,38.7,73.2,7.5,46.7,3.419229,False,,,,,,,True,40.935192,-2.437471,Ground Pass,,3815.0,Kasper Schmeichel,False,False,left_to_right,False,38.7,73.2,7.5,46.7,False,False,False,False
8b70bafd-af67-48b8-961e-b7d90f9d590d,3754237,168,1,00:03:48.001,3,48,42,Ball Receipt*,8,22,Leicester City,Regular Play,22,Leicester City,3815.0,Kasper Schmeichel,Goalkeeper,7.5,46.7,,,,False,,,,,,,False,,,,,,,False,False,left_to_right,False,7.5,46.7,,,False,False,False,False
24efc433-9161-46de-9a7c-1cd8330e997c,3754237,169,1,00:03:48.001,3,48,43,Carry,8,22,Leicester City,Regular Play,22,Leicester City,3815.0,Kasper Schmeichel,Goalkeeper,7.5,46.7,12.7,46.1,1.394455,False,,,,,,,False,,,,,,,False,False,left_to_right,False,7.5,46.7,12.7,46.1,False,False,False,False
21097d97-38da-4da7-bc86-9a48e27d7ecc,3754237,170,1,00:03:49.395,3,49,30,Pass,8,22,Leicester City,Regular Play,22,Leicester City,3815.0,Kasper Schmeichel,Goalkeeper,12.7,46.1,64.2,3.8,2.679913,False,,,,,,,True,66.64488,-0.6876298,High Pass,,3520.0,Jeffrey Schlupp,False,False,left_to_right,False,12.7,46.1,64.2,3.8,False,True,False,False
80218e29-74dd-4f58-805c-686a5fbc71f3,3754237,171,1,00:03:52.075,3,52,42,Ball Receipt*,8,22,Leicester City,Regular Play,22,Leicester City,3520.0,Jeffrey Schlupp,Left Back,64.2,3.8,,,,False,,,,,,,False,,,,,,,False,False,left_to_right,False,64.2,3.8,,,False,False,False,False
434c9b04-9fe3-4a9b-bf52-e83f694a78e9,3754237,172,1,00:03:52.075,3,52,43,Carry,8,22,Leicester City,Regular Play,22,Leicester City,3520.0,Jeffrey Schlupp,Left Back,64.2,3.8,64.5,2.6,0.186376,False,,,,,,,False,,,,,,,False,False,left_to_right,False,64.2,3.8,64.5,2.6,False,False,False,False
0fc3ae8f-0305-4e51-9e13-92dd8ebdabe6,3754237,173,1,00:03:52.261,3,52,38,Miscontrol,8,22,Leicester City,Regular Play,22,Leicester City,3520.0,Jeffrey Schlupp,Left Back,64.5,2.6,,,0.0,False,,,,,,,False,,,,,,,False,False,left_to_right,False,64.5,2.6,,,False,False,False,True
0237be3d-d776-4b82-9e55-2a2e2ff9a531,3754237,174,1,00:04:10.992,4,10,30,Pass,9,41,Sunderland,From Throw In,41,Sunderland,10503.0,Billy Jones,Right Back,53.7,80.0,75.7,65.2,1.699854,False,,,,,,Incomplete,False,26.514902,-0.5921867,High Pass,Throw-in,3337.0,Jermain Defoe,False,False,left_to_right,False,53.7,80.0,75.7,65.2,False,True,False,True
4b2ad54c-f277-4af4-8808-b94b81efb3cc,3754237,175,1,00:04:12.691,4,12,42,Ball Receipt*,9,41,Sunderland,From Throw In,41,Sunderland,3337.0,Jermain Defoe,Center Forward,75.9,64.9,,,,False,,,,,,,False,,,,,,,False,False,left_to_right,False,75.9,64.9,,,False,False,False,False
23364ac4-6f50-4799-832e-8f19928a341b,3754237,176,1,00:04:12.691,4,12,30,Pass,10,22,Leicester City,Regular Play,22,Leicester City,3665.0,Andrew Philip King,Right Center Midfield,44.4,14.9,34.4,11.5,1.053553,False,,,,,,,True,10.562197,-2.8138542,Low Pass,Recovery,3813.0,Wes Morgan,False,False,left_to_right,False,44.4,14.9,34.4,11.5,False,False,False,False
6baa25c7-ea05-4f74-ad6c-1b1da3ff86c3,3754237,177,1,00:04:13.745,4,13,42,Ball Receipt*,10,22,Leicester City,Regular Play,22,Leicester City,3813.0,Wes Morgan,Left Center Back,34.4,11.5,,,,False,,,,,,,False,,,,,,,False,False,left_to_right,False,34.4,11.5,,,False,False,False,False
5f4356f3-c8b1-4904-8db6-1569249ca34a,3754237,178,1,00:04:13.745,4,13,43,Carry,10,22,Leicester City,Regular Play,22,Leicester City,3813.0,Wes Morgan,Left Center Back,34.4,11.5,35.3,11.5,1.805549,False,,,,,,,False,,,,,,,False,False,left_to_right,False,34.4,11.5,35.3,11.5,False,False,False,False
3ffddd5c-f0a6-4a8a-a281-ec8a5d8424df,3754237,179,1,00:04:15.551,4,15,30,Pass,10,22,Leicester City,Regular Play,22,Leicester City,3813.0,Wes Morgan,Left Center Back,35.3,11.5,27.0,27.7,1.071405,False,,,,,,,True,18.202473,2.0442717,Ground Pass,,40123.0,Robert Huth,False,False,left_to_right,False,35.3,11.5,27.0,27.7,False,False,False,False
66591e1c-5781-4c0e-8814-727bd21f2ae9,3754237,180,1,00:04:16.622,4,16,42,Ball Receipt*,10,22,Leicester City,Regular Play,22,Leicester City,40123.0,Robert Huth,Right Center Back,27.0,27.7,,,,False,,,,,,,False,,,,,,,False,False,left_to_right,False,27.0,27.7,,,False,False,False,False
e7ba87c6-cf38-43d5-a380-ea328230aa84,3754237,181,1,00:04:16.622,4,16,43,Carry,10,22,Leicester City,Regular Play,22,Leicester City,40123.0,Robert Huth,Right Center Back,27.0,27.7,45.8,64.4,7.93149,False,,,,,,,False,,,,,,,False,False,left_to_right,False,27.0,27.7,45.8,64.4,False,False,False,False
bc44ced3-2598-46e2-8ce5-8c7cddfcb3c3,3754237,182,1,00:04:24.553,4,24,30,Pass,10,22,Leicester City,Regular Play,22,Leicester City,40123.0,Robert Huth,Right Center Back,45.8,64.4,58.2,74.4,1.462816,False,,,,,,,True,15.929846,0.6786625,Ground Pass,,28782.0,Ritchie De Laet,False,False,left_to_right,False,45.8,64.4,58.2,74.4,False,False,False,False
cbda1803-8140-472e-b3a9-c1563d491462,3754237,183,1,00:04:26.016,4,26,42,Ball Receipt*,10,22,Leicester City,Regular Play,22,Leicester City,28782.0,Ritchie De Laet,Right Back,58.2,74.4,,,,False,,,,,,,False,,,,,,,False,False,left_to_right,False,58.2,74.4,,,False,False,False,False
dc6cca12-a974-43ea-93c1-e21aabd28df8,3754237,184,1,00:04:26.016,4,26,43,Carry,10,22,Leicester City,Regular Play,22,Leicester City,28782.0,Ritchie De Laet,Right Back,58.2,74.4,59.1,74.1,0.822723,False,,,,,,,False,,,,,,,False,False,left_to_right,False,58.2,74.4,59.1,74.1,False,False,False,False
842a138e-53cd-4c24-ae40-1cbbf960c1b0,3754237,185,1,00:04:26.839,4,26,30,Pass,10,22,Leicester City,Regular Play,22,Leicester City,28782.0,Ritchie De Laet,Right Back,59.1,74.1,72.5,72.1,0.926606,False,,,,,,Incomplete,False,13.548431,-0.14816003,Ground Pass,,,,False,False,left_to_right,False,59.1,74.1,72.5,72.1,False,False,False,True
7efbe5c8-ebff-4e78-8cc8-b1592bb8ae2c,3754237,186,1,00:04:27.766,4,27,30,Pass,10,22,Leicester City,Regular Play,41,Sunderland,3321.0,Patrick van Aanholt,Left Back,47.6,8.0,47.6,5.7,0.007937,False,,,,,,Incomplete,False,2.3,-1.5707964,Ground Pass,Recovery,,,False,False,left_to_right,False,47.6,8.0,47.6,5.7,False,False,False,True
413659cd-46db-4ac5-ba24-bb4b6fb69e2f,3754237,187,1,00:04:27.773,4,27,6,Block,10,22,Leicester City,Regular Play,22,Leicester City,3810.0,Shinji Okazaki,Right Center Forward,72.5,74.4,,,0.0,False,,,,,,,False,,,,,,,False,False,left_to_right,False,72.5,74.4,,,False,False,False,False
3d86037d-1906-4577-9ce8-45ba822b724a,3754237,188,1,00:04:27.806,4,27,6,Block,10,22,Leicester City,Regular Play,41,Sunderland,10783.0,Lee Cattermole,Center Defensive Midfield,47.9,6.3,,,0.0,False,,,,,,,False,,,,,,,False,False,left_to_right,False,47.9,6.3,,,False,False,False,False
f40d75e5-56b2-4dac-a874-5c51df501536,3754237,189,1,00:04:39.793,4,39,30,Pass,11,41,Sunderland,From Throw In,41,Sunderland,3321.0,Patrick van Aanholt,Left Back,35.0,0.1,13.6,14.2,2.192868,False,,,,,,,True,25.627523,2.5590012,Low Pass,Throw-in,4746.0,Younes Kaboul,False,False,left_to_right,False,35.0,0.1,13.6,14.2,False,False,False,False
1c32bfa9-9d01-4738-83d8-788e06b7f552,3754237,190,1,00:04:41.986,4,41,42,Ball Receipt*,11,41,Sunderland,From Throw In,41,Sunderland,4746.0,Younes Kaboul,Left Center Back,13.6,14.2,,,,False,,,,,,,False,,,,,,,False,False,left_to_right,False,13.6,14.2,,,False,False,False,False
41fe78d5-d920-4a3c-923b-f29a702e0229,3754237,191,1,00:04:41.986,4,41,43,Carry,11,41,Sunderland,From Throw In,41,Sunderland,4746.0,Younes Kaboul,Left Center Back,13.6,14.2,14.7,25.2,2.275369,False,,,,,,,False,,,,,,,False,False,left_to_right,False,13.6,14.2,14.7,25.2,False,False,False,False
47a2a596-635a-472c-80bd-4d6a133078e6,3754237,192,1,00:04:44.261,4,44,30,Pass,11,41,Sunderland,From Throw In,41,Sunderland,4746.0,Younes Kaboul,Left Center Back,14.7,25.2,21.0,57.4,1.809882,False,,,,,,,True,32.810516,1.3775848,Ground Pass,,6300.0,Sebastián Coates Nión,False,False,left_to_right,False,14.7,25.2,21.0,57.4,False,False,False,False
f6f3d693-6409-43e6-a7b2-50069e42b653,3754237,193,1,00:04:46.071,4,46,42,Ball Receipt*,11,41,Sunderland,From Throw In,41,Sunderland,6300.0,Sebastián Coates Nión,Right Center Back,21.0,57.4,,,,False,,,,,,,False,,,,,,,False,False,left_to_right,False,21.0,57.4,,,False,False,False,False
1052464b-3e93-4ffe-acb3-125ceaf58b19,3754237,194,1,00:04:46.071,4,46,43,Carry,11,41,Sunderland,From Throw In,41,Sunderland,6300.0,Sebastián Coates Nión,Right Center Back,21.0,57.4,31.1,64.3,2.388199,True,,,,,,,False,,,,,,,False,False,left_to_right,False,21.0,57.4,31.1,64.3,False,False,False,False
76b3f201-98c2-443e-add1-73d907f36ace,3754237,195,1,00:04:47.417,4,47,17,Pressure,11,41,Sunderland,From Throw In,22,Leicester City,10960.0,Jamie Vardy,Left Center Forward,90.5,19.2,,,1.002581,False,,,,,,,False,,,,,,,False,False,left_to_right,False,90.5,19.2,,,False,False,False,False
369ee9a9-bc52-4914-b58b-35548979b9b9,3754237,196,1,00:04:48.459,4,48,30,Pass,11,41,Sunderland,From Throw In,41,Sunderland,6300.0,Sebastián Coates Nión,Right Center Back,31.1,64.3,51.9,58.0,1.143546,False,,,,,,,True,21.733154,-0.29410112,Ground Pass,,42902.0,Adam Johnson,False,False,left_to_right,False,31.1,64.3,51.9,58.0,False,False,False,False
b661d34e-6b80-4320-bc6a-55e3c60fdc94,3754237,197,1,00:04:49.603,4,49,42,Ball Receipt*,11,41,Sunderland,From Throw In,41,Sunderland,42902.0,Adam Johnson,Right Midfield,51.9,58.0,,,,False,,,,,,,False,,,,,,,False,False,left_to_right,False,51.9,58.0,,,False,False,False,False
73497238-7c7e-43d3-87b0-818a2f57292b,3754237,198,1,00:04:49.603,4,49,43,Carry,11,41,Sunderland,From Throw In,41,Sunderland,42902.0,Adam Johnson,Right Midfield,51.9,58.0,50.8,58.3,2.303552,True,,,,,,,False,,,,,,,False,False,left_to_right,False,51.9,58.0,50.8,58.3,False,False,False,False
1c928d7b-77dc-4ff2-9278-75d62136d65a,3754237,199,1,00:04:51.211,4,51,17,Pressure,11,41,Sunderland,From Throw In,22,Leicester City,3662.0,Danny Drinkwater,Left Center Midfield,65.3,21.2,,,0.728847,False,,,,,,,False,,,,,,,False,False,left_to_right,False,65.3,21.2,,,False,False,False,False
9ef65767-d8bf-49a8-a040-6ab0340c7b7b,3754237,200,1,00:04:51.906,4,51,30,Pass,11,41,Sunderland,From Throw In,41,Sunderland,42902.0,Adam Johnson,Right Midfield,50.8,58.3,57.6,6.9,2.435026,True,,,,,,,True,51.847855,-1.4392644,High Pass,,3321.0,Patrick van Aanholt,False,False,left_to_right,False,50.8,58.3,57.6,6.9,False,False,False,False
664e6989-3010-4dc7-9c20-9ee36de95ff3,3754237,201,1,00:04:54.341,4,54,42,Ball Receipt*,11,41,Sunderland,From Throw In,41,Sunderland,3321.0,Patrick van Aanholt,Left Back,57.6,6.9,,,,False,,,,,,,False,,,,,,,False,False,left_to_right,False,57.6,6.9,,,False,False,False,False
2ee34e4c-e913-48e9-873f-e66ea7074106,3754237,202,1,00:04:54.341,4,54,43,Carry,11,41,Sunderland,From Throw In,41,Sunderland,3321.0,Patrick van Aanholt,Left Back,57.6,6.9,65.4,7.7,1.492102,True,,,,,,,False,,,,,,,False,False,left_to_right,False,57.6,6.9,65.4,7.7,False,False,False,False
b9ba9aac-15dd-4db1-bbe7-f95541f28218,3754237,203,1,00:04:55.119,4,55,17,Pressure,11,41,Sunderland,From Throw In,22,Leicester City,3307.0,Marc Albrighton,Right Midfield,55.6,70.4,,,0.644797,False,,,,,,,False,,,,,,,False,False,left_to_right,False,55.6,70.4,,,False,False,False,False
d659d769-3e05-4a2e-b398-692a137a4c43,3754237,204,1,00:04:55.833,4,55,30,Pass,11,41,Sunderland,From Throw In,41,Sunderland,3321.0,Patrick van Aanholt,Left Back,65.4,7.7,79.3,6.3,1.233611,False,,,,,,,True,13.970325,-0.100380905,Ground Pass,,5617.0,Sebastian Larsson,False,False,left_to_right,False,65.4,7.7,79.3,6.3,False,False,False,False
8a78da20-e92e-43d4-9f05-91e894bf20a8,3754237,205,1,00:04:57.067,4,57,42,Ball Receipt*,11,41,Sunderland,From Throw In,41,Sunderland,5617.0,Sebastian Larsson,Right Center Midfield,79.3,6.3,,,,False,,,,,,,False,,,,,,,False,False,left_to_right,False,79.3,6.3,,,False,False,False,False
735165f5-0bed-4874-96e6-06373e32c923,3754237,206,1,00:04:57.067,4,57,30,Pass,11,41,Sunderland,From Throw In,41,Sunderland,5617.0,Sebastian Larsson,Right Center Midfield,79.3,6.3,77.9,14.8,0.527364,False,,,,,,,True,8.614523,1.7340366,Ground Pass,,3321.0,Patrick van Aanholt,False,False,left_to_right,False,79.3,6.3,77.9,14.8,False,False,False,False
58dd88d9-15b3-43fc-9200-8417745e8077,3754237,207,1,00:04:57.536,4,57,17,Pressure,11,41,Sunderland,From Throw In,22,Leicester City,3665.0,Andrew Philip King,Right Center Midfield,43.6,65.3,,,0.724218,False,,,,,,,False,,,,,,,False,False,left_to_right,False,43.6,65.3,,,False,False,False,False
28770eb1-4328-4166-8bd5-4cc5b23a9a44,3754237,208,1,00:04:57.594,4,57,42,Ball Receipt*,11,41,Sunderland,From Throw In,41,Sunderland,3321.0,Patrick van Aanholt,Left Back,77.9,14.8,,,,True,,,,,,,False,,,,,,,False,False,left_to_right,False,77.9,14.8,,,False,False,False,False
1ecbe06d-c08a-404a-b972-abae6422d59f,3754237,209,1,00:04:57.594,4,57,43,Carry,11,41,Sunderland,From Throw In,41,Sunderland,3321.0,Patrick van Aanholt,Left Back,77.9,14.8,78.8,13.4,0.797375,True,,,,,,,False,,,,,,,False,False,left_to_right,False,77.9,14.8,78.8,13.4,False,False,False,False
545e3c02-da1f-4ca5-99d8-63e269ea22b1,3754237,210,1,00:04:58.392,4,58,39,Dribbled Past,11,41,Sunderland,From Throw In,22,Leicester City,3665.0,Andrew Philip King,Right Center Midfield,41.3,66.7,,,0.0,False,,,,,,,False,,,,,,,False,False,left_to_right,False,41.3,66.7,,,False,False,False,False
90883ea2-0d05-4d0a-8c72-05628e459b6f,3754237,211,1,00:04:58.392,4,58,14,Dribble,11,41,Sunderland,From Throw In,41,Sunderland,3321.0,Patrick van Aanholt,Left Back,78.8,13.4,,,0.0,True,,,,,,,False,,,,,,,False,False,left_to_right,False,78.8,13.4,,,False,False,False,False
4b2e281d-1e82-4cc4-9065-da082a1e7f5d,3754237,212,1,00:04:58.392,4,58,43,Carry,11,41,Sunderland,From Throw In,41,Sunderland,3321.0,Patrick van Aanholt,Left Back,78.8,13.4,76.8,20.0,1.697032,True,,,,,,,False,,,,,,,False,False,left_to_right,False,78.8,13.4,76.8,20.0,False,False,False,False
36d7dcfe-bb7d-4ac0-94e8-237ce42fbf29,3754237,213,1,00:05:00.089,5,0,30,Pass,11,41,Sunderland,From Throw In,41,Sunderland,3321.0,Patrick van Aanholt,Left Back,76.8,20.0,64.2,28.0,1.204767,False,,,,,,,True,14.925146,2.5758913,Low Pass,,10783.0,Lee Cattermole,False,False,left_to_right,False,76.8,20.0,64.2,28.0,False,False,False,False
71c54fc4-baa9-4cea-9907-4b0c806e9b26,3754237,214,1,00:05:01.294,5,1,42,Ball Receipt*,11,41,Sunderland,From Throw In,41,Sunderland,10783.0,Lee Cattermole,Center Defensive Midfield,64.2,28.0,,,,False,,,,,,,False,,,,,,,False,False,left_to_right,False,64.2,28.0,,,False,False,False,False
ac81c308-e532-4ecd-87de-54fd43a0320e,3754237,215,1,00:05:01.294,5,1,43,Carry,11,41,Sunderland,From Throw In,41,Sunderland,10783.0,Lee Cattermole,Center Defensive Midfield,64.2,28.0,64.2,30.0,0.732043,False,,,,,,,False,,,,,,,False,False,left_to_right,False,64.2,28.0,64.2,30.0,False,False,False,False
8e87dbef-71ec-4648-ba83-09427027b459,3754237,216,1,00:05:02.026,5,2,30,Pass,11,41,Sunderland,From Throw In,41,Sunderland,10783.0,Lee Cattermole,Center Defensive Midfield,64.2,30.0,67.7,46.9,0.995141,False,,,,,,,True,17.258621,1.3665826,Ground Pass,,5617.0,Sebastian Larsson,False,False,left_to_right,False,64.2,30.0,67.7,46.9,False,False,False,False
4210fa7c-adaf-412c-b6bd-84a322a58952,3754237,217,1,00:05:03.021,5,3,42,Ball Receipt*,11,41,Sunderland,From Throw In,41,Sunderland,5617.0,Sebastian Larsson,Right Center Midfield,67.7,46.9,,,,False,,,,,,,False,,,,,,,False,False,left_to_right,False,67.7,46.9,,,False,False,False,False
400cdb0c-1355-4687-b3e9-fd69c626aad6,3754237,218,1,00:05:03.021,5,3,43,Carry,11,41,Sunderland,From Throw In,41,Sunderland,5617.0,Sebastian Larsson,Right Center Midfield,67.7,46.9,69.4,49.8,0.852226,False,,,,,,,False,,,,,,,False,False,left_to_right,False,67.7,46.9,69.4,49.8,False,False,False,False
bdcab416-2e20-496a-86ad-f13de9526fee,3754237,219,1,00:05:03.873,5,3,30,Pass,11,41,Sunderland,From Throw In,41,Sunderland,5617.0,Sebastian Larsson,Right Center Midfield,69.4,49.8,77.6,58.3,0.773048,False,,,,,,,True,11.810589,0.8033603,Ground Pass,,42902.0,Adam Johnson,False,False,left_to_right,False,69.4,49.8,77.6,58.3,False,False,False,False
40d9a509-c08a-4ea0-85ac-11d661ca4d83,3754237,220,1,00:05:04.646,5,4,42,Ball Receipt*,11,41,Sunderland,From Throw In,41,Sunderland,42902.0,Adam Johnson,Right Midfield,77.6,58.3,,,,False,,,,,,,False,,,,,,,False,False,left_to_right,False,77.6,58.3,,,False,False,False,False
c5a6bd97-ffc4-4840-aff6-1ff0732d41dc,3754237,221,1,00:05:04.646,5,4,43,Carry,11,41,Sunderland,From Throw In,41,Sunderland,42902.0,Adam Johnson,Right Midfield,77.6,58.3,74.0,54.0,2.284778,True,,,,,,,False,,,,,,,False,False,left_to_right,False,77.6,58.3,74.0,54.0,False,False,False,False
f9cda476-b852-4bf4-8243-b51882423a95,3754237,222,1,00:05:05.468,5,5,17,Pressure,11,41,Sunderland,From Throw In,22,Leicester City,3662.0,Danny Drinkwater,Left Center Midfield,42.2,24.7,,,3.599076,False,,,,,,,False,,,,,,,False,False,left_to_right,False,42.2,24.7,,,False,False,False,False
e0f42e65-39cd-4b09-bb62-7d330af0712b,3754237,223,1,00:05:06.931,5,6,30,Pass,11,41,Sunderland,From Throw In,41,Sunderland,42902.0,Adam Johnson,Right Midfield,74.0,54.0,71.4,54.3,1.3399,True,,,,,,,True,2.6172504,3.026716,Ground Pass,,5617.0,Sebastian Larsson,False,False,left_to_right,False,74.0,54.0,71.4,54.3,False,False,False,False
2cfc2424-8dec-4bdc-a24d-7dd7b53bb7a9,3754237,224,1,00:05:08.271,5,8,42,Ball Receipt*,11,41,Sunderland,From Throw In,41,Sunderland,5617.0,Sebastian Larsson,Right Center Midfield,71.4,54.3,,,,True,,,,,,,False,,,,,,,False,False,left_to_right,False,71.4,54.3,,,False,False,False,False
da7feb46-ac3e-414d-b278-b1b4c32f5590,3754237,225,1,00:05:08.271,5,8,43,Carry,11,41,Sunderland,From Throw In,41,Sunderland,5617.0,Sebastian Larsson,Right Center Midfield,71.4,54.3,79.3,58.9,2.822213,True,,,,,,,False,,,,,,,False,False,left_to_right,False,71.4,54.3,79.3,58.9,False,False,False,False
09b2a92f-e2ae-479f-9709-4ef85e15dd8b,3754237,226,1,00:05:11.093,5,11,30,Pass,11,41,Sunderland,From Throw In,41,Sunderland,5617.0,Sebastian Larsson,Right Center Midfield,79.3,58.9,105.1,30.0,1.762375,False,,,,,,,True,38.740807,-0.8420104,High Pass,,16457.0,Jeremain Lens,False,False,left_to_right,False,79.3,58.9,105.1,30.0,False,True,True,False
cbef9ebc-1158-4231-8a11-d5fa0a70653b,3754237,227,1,00:05:12.855,5,12,42,Ball Receipt*,11,41,Sunderland,From Throw In,41,Sunderland,16457.0,Jeremain Lens,Left Midfield,105.1,30.0,,,,False,,,,,,,False,,,,,,,False,False,left_to_right,False,105.1,30.0,,,False,False,False,False
e4c532af-b36e-43db-8e7a-0fe77f4fb3c6,3754237,228,1,00:05:12.855,5,12,43,Carry,11,41,Sunderland,From Throw In,41,Sunderland,16457.0,Jeremain Lens,Left Midfield,105.1,30.0,105.1,30.0,0.12,False,,,,,,,False,,,,,,,False,False,left_to_right,False,105.1,30.0,105.1,30.0,False,False,False,False
7a800f3d-53f6-4715-a2cd-71eb0bf11e44,3754237,229,1,00:05:12.975,5,12,38,Miscontrol,11,41,Sunderland,From Throw In,41,Sunderland,16457.0,Jeremain Lens,Left Midfield,105.1,30.0,,,0.0,False,,,,,,,False,,,,,,,False,False,left_to_right,False,105.1,30.0,,,False,False,False,True
db6049ca-0cf3-4a7a-9552-76997cfe5ed9,3754237,230,1,00:05:13.508,5,13,9,Clearance,11,41,Sunderland,From Throw In,22,Leicester City,40123.0,Robert Huth,Right Center Back,14.1,47.3,,,0.0,True,,,,,,,False,,,,,,,False,False,left_to_right,False,14.1,47.3,,,False,False,False,False
0569b405-f014-4975-b87f-7228247c7ec7,3754237,231,1,00:05:13.680,5,13,6,Block,11,41,Sunderland,From Throw In,22,Leicester City,28782.0,Ritchie De Laet,Right Back,15.3,45.0,,,0.0,False,,,,,,,False,,,,,,,False,False,left_to_right,False,15.3,45.0,,,False,False,False,False
98808e73-7f6e-4e36-ae4c-c15624fb51a2,3754237,232,1,00:05:14.779,5,14,2,Ball Recovery,11,41,Sunderland,From Throw In,41,Sunderland,3337.0,Jermain Defoe,Center Forward,106.5,44.0,,,0.0,False,,,,,,,False,,,,,,,False,False,left_to_right,False,106.5,44.0,,,False,False,False,False
55f96c6f-90b3-4c60-aec6-dcc5f1dc938b,3754237,233,1,00:05:14.779,5,14,43,Carry,11,41,Sunderland,From Throw In,41,Sunderland,3337.0,Jermain Defoe,Center Forward,106.5,44.0,113.9,45.9,0.644983,True,,,,,,,False,,,,,,,False,False,left_to_right,False,106.5,44.0,113.9,45.9,True,False,False,False
2a2a1da4-31c6-4993-bd2c-d76152b0c212,3754237,234,1,00:05:14.986,5,14,17,Pressure,11,41,Sunderland,From Throw In,22,Leicester City,28782.0,Ritchie De Laet,Right Back,7.8,34.1,,,0.495058,False,,,,,,,False,,,,,,,False,False,left_to_right,False,7.8,34.1,,,False,False,False,False
c216b842-18f9-4cba-8cb6-b03269d20a0a,3754237,235,1,00:05:15.424,5,15,16,Shot,11,41,Sunderland,From Throw In,41,Sunderland,3337.0,Jermain Defoe,Center Forward,113.9,45.9,114.7,44.6,0.139064,True,0.22111745,Blocked,Right Foot,Normal,Open Play,,False,,,,,,,False,False,left_to_right,False,113.9,45.9,114.7,44.6,False,False,False,False
257f48a8-7a93-4083-a3df-5212a857b758,3754237,236,1,00:05:15.563,5,15,6,Block,11,41,Sunderland,From Throw In,22,Leicester City,28782.0,Ritchie De Laet,Right Back,5.4,35.5,,,0.0,False,,,,,,,False,,,,,,,False,False,left_to_right,False,5.4,35.5,,,False,False,False,False
64d2ec89-03df-4151-87c0-fbd83b1f2fd4,3754237,237,1,00:05:15.603,5,15,23,Goal Keeper,11,41,Sunderland,From Throw In,22,Leicester City,3815.0,Kasper Schmeichel,Goalkeeper,4.7,36.7,,,0.0,False,,,,,,,False,,,,,,,False,False,left_to_right,False,4.7,36.7,,,False,False,False,False
35d51626-afea-450a-974d-eb50307860cc,3754237,238,1,00:05:43.202,5,43,30,Pass,12,41,Sunderland,From Corner,41,Sunderland,42902.0,Adam Johnson,Right Midfield,120.0,80.0,108.5,27.7,2.186451,False,,,,,,,True,53.549416,-1.7872372,High Pass,Corner,4746.0,Younes Kaboul,True,False,left_to_right,False,120.0,80.0,108.5,27.7,False,True,False,False
061e8b42-adcd-473c-9729-b37dbc334b38,3754237,239,1,00:05:45.389,5,45,42,Ball Receipt*,12,41,Sunderland,From Corner,41,Sunderland,4746.0,Younes Kaboul,Left Center Back,108.5,27.7,,,,False,,,,,,,False,,,,,,,False,False,left_to_right,False,108.5,27.7,,,False,False,False,False
4b7a22ef-bc44-4d83-a81b-965a55b4c5c8,3754237,240,1,00:05:45.469,5,45,4,Duel,12,41,Sunderland,From Corner,22,Leicester City,3813.0,Wes Morgan,Left Center Back,6.0,43.9,,,0.0,True,,,,,,,False,,,,,,,False,False,left_to_right,False,6.0,43.9,,,False,False,False,False
16c94a66-9fb7-4992-b3d4-ef65d1ff35a4,3754237,241,1,00:05:45.469,5,45,16,Shot,12,41,Sunderland,From Corner,41,Sunderland,4746.0,Younes Kaboul,Left Center Back,114.1,36.2,119.1,38.4,0.519766,True,0.08859997,Saved,Head,Normal,Open Play,,False,,,,,,,False,False,left_to_right,False,114.1,36.2,119.1,38.4,False,False,False,False
61f369a5-fccd-4ecf-ab90-8579bfdc3147,3754237,242,1,00:05:45.989,5,45,23,Goal Keeper,12,41,Sunderland,From Corner,22,Leicester City,3815.0,Kasper Schmeichel,Goalkeeper,0.1,39.8,,,0.0,False,,,,,,,False,,,,,,,False,False,left_to_right,False,0.1,39.8,,,False,False,False,False
cdb88555-fcb0-4532-ad2e-4216f25678c1,3754237,243,1,00:05:46.649,5,46,2,Ball Recovery,12,41,Sunderland,From Corner,41,Sunderland,18751.0,Jack Rodwell,Left Center Midfield,111.7,46.3,,,0.0,False,,,,,,,False,,,,,,,False,False,left_to_right,False,111.7,46.3,,,False,False,False,False
dbdeb78d-7ec0-4be2-813d-c71b8672a7ee,3754237,244,1,00:05:46.735,5,46,16,Shot,12,41,Sunderland,From Corner,41,Sunderland,18751.0,Jack Rodwell,Left Center Midfield,113.4,44.8,118.3,40.6,0.4914,False,0.1066145,Saved,Head,Normal,Open Play,,False,,,,,,,False,False,left_to_right,False,113.4,44.8,118.3,40.6,False,False,False,False
1d23e4bb-0700-4cb1-adb5-59e6cdd2dfa6,3754237,245,1,00:05:47.227,5,47,23,Goal Keeper,12,41,Sunderland,From Corner,22,Leicester City,3815.0,Kasper Schmeichel,Goalkeeper,2.0,40.8,,,0.0,False,,,,,,,False,,,,,,,False,False,left_to_right,False,2.0,40.8,,,False,False,False,False
be866c59-16c6-4c09-81a2-915ff17fcf2c,3754237,246,1,00:05:51.115,5,51,30,Pass,13,22,Leicester City,From Keeper,22,Leicester City,3815.0,Kasper Schmeichel,Goalkeeper,13.3,32.6,106.5,20.4,5.665514,False,,,,,,Incomplete,False,93.99511,-0.13016121,High Pass,,3810.0,Shinji Okazaki,False,False,left_to_right,False,13.3,32.6,106.5,20.4,False,True,True,True
8e87ba60-e89a-4119-a64e-9e43507df314,3754237,247,1,00:05:56.781,5,56,42,Ball Receipt*,13,22,Leicester City,From Keeper,22,Leicester City,3810.0,Shinji Okazaki,Right Center Forward,82.5,24.7,,,,False,,,,,,,False,,,,,,,False,False,left_to_right,False,82.5,24.7,,,False,False,False,False
f9370583-9065-4b6e-ad5d-cb314528b95c,3754237,248,1,00:05:56.781,5,56,2,Ball Recovery,14,41,Sunderland,Regular Play,41,Sunderland,6871.0,Costel Fane Pantilimon,Goalkeeper,13.6,59.7,,,0.0,False,,,,,,,False,,,,,,,False,False,left_to_right,False,13.6,59.7,,,False,False,False,False
22aac541-76b3-4afd-91d0-5ca4ea2dfc58,3754237,249,1,00:05:56.781,5,56,43,Carry,14,41,Sunderland,Regular Play,41,Sunderland,6871.0,Costel Fane Pantilimon,Goalkeeper,13.6,59.7,13.4,54.9,17.59228,False,,,,,,,False,,,,,,,False,False,left_to_right,False,13.6,59.7,13.4,54.9,False,False,False,False
0a21b183-ff2c-4789-8946-8fbd4917cf70,3754237,250,1,00:06:14.373,6,14,30,Pass,14,41,Sunderland,Regular Play,41,Sunderland,6871.0,Costel Fane Pantilimon,Goalkeeper,13.4,54.9,71.4,37.7,1.970821,False,,,,,,Incomplete,False,60.496613,-0.28829023,High Pass,,3337.0,Jermain Defoe,False,False,left_to_right,False,13.4,54.9,71.4,37.7,False,True,False,True
edc47969-244b-4e83-9dc0-1a0a1ac8ec62,3754237,251,1,00:06:16.344,6,16,42,Ball Receipt*,14,41,Sunderland,Regular Play,41,Sunderland,3337.0,Jermain Defoe,Center Forward,71.4,37.7,,,,False,,,,,,,False,,,,,,,False,False,left_to_right,False,71.4,37.7,,,False,False,False,False
e4ed8e4a-6e3b-4478-8777-a1fcf5a23d1c,3754237,252,1,00:06:16.344,6,16,30,Pass,14,41,Sunderland,Regular Play,22,Leicester City,40123.0,Robert Huth,Right Center Back,48.7,42.4,64.5,35.8,0.946839,False,,,,,,Incomplete,False,17.123083,-0.3956896,High Pass,Recovery,,,False,False,left_to_right,False,48.7,42.4,64.5,35.8,False,False,False,True
70b83285-d4d3-4dd6-8520-fccd7656f3d5,3754237,253,1,00:06:17.291,6,17,30,Pass,14,41,Sunderland,Regular Play,41,Sunderland,10783.0,Lee Cattermole,Center Defensive Midfield,55.6,44.3,63.1,44.0,0.798582,False,,,,,,,True,7.5059977,-0.039978687,High Pass,Recovery,5617.0,Sebastian Larsson,False,False,left_to_right,False,55.6,44.3,63.1,44.0,False,False,False,False
ac7a9d2b-c836-4014-9ace-db15205d4ac0,3754237,254,1,00:06:18.089,6,18,42,Ball Receipt*,14,41,Sunderland,Regular Play,41,Sunderland,5617.0,Sebastian Larsson,Right Center Midfield,63.1,44.0,,,,False,,,,,,,False,,,,,,,False,False,left_to_right,False,63.1,44.0,,,False,False,False,False
93010cce-6530-4a60-8dd1-7d45cb3b8ee7,3754237,255,1,00:06:18.089,6,18,43,Carry,14,41,Sunderland,Regular Play,41,Sunderland,5617.0,Sebastian Larsson,Right Center Midfield,63.1,44.0,63.1,44.0,0.08,False,,,,,,,False,,,,,,,False,False,left_to_right,False,63.1,44.0,63.1,44.0,False,False,False,False
f5d006a5-7fbf-4f7c-9aa5-e9fb696177c2,3754237,256,1,00:06:18.169,6,18,30,Pass,14,41,Sunderland,Regular Play,41,Sunderland,5617.0,Sebastian Larsson,Right Center Midfield,63.1,44.0,54.8,44.6,1.292871,False,,,,,,,True,8.321658,3.069429,Low Pass,,10783.0,Lee Cattermole,False,False,left_to_right,False,63.1,44.0,54.8,44.6,False,False,False,False
6429746b-f3a1-4b66-a20f-800434a9312a,3754237,257,1,00:06:19.075,6,19,17,Pressure,14,41,Sunderland,Regular Play,22,Leicester City,10960.0,Jamie Vardy,Left Center Forward,65.6,38.1,,,0.486768,False,,,,,,,False,,,,,,,False,False,left_to_right,False,65.6,38.1,,,False,False,False,False
862beca4-76a2-4d6d-80c5-684385403352,3754237,258,1,00:06:19.462,6,19,42,Ball Receipt*,14,41,Sunderland,Regular Play,41,Sunderland,10783.0,Lee Cattermole,Center Defensive Midfield,54.8,44.6,,,,True,,,,,,,False,,,,,,,False,False,left_to_right,False,54.8,44.6,,,False,False,False,False
77794f45-45b8-46d2-886b-ee29c0d0c139,3754237,259,1,00:06:19.462,6,19,30,Pass,14,41,Sunderland,Regular Play,41,Sunderland,10783.0,Lee Cattermole,Center Defensive Midfield,55.1,46.6,64.5,19.1,3.520896,True,,,,,,Incomplete,False,29.062174,-1.241429,High Pass,,,,False,False,left_to_right,False,55.1,46.6,64.5,19.1,False,False,False,True
a09d5da8-543f-4bb1-90c2-7a5e229527c9,3754237,260,1,00:06:22.983,6,22,30,Pass,14,41,Sunderland,Regular Play,22,Leicester City,3307.0,Marc Albrighton,Right Midfield,55.6,61.0,104.5,49.8,4.182504,False,,,,,,Incomplete,False,50.166225,-0.22515534,High Pass,Recovery,,,False,False,left_to_right,False,55.6,61.0,104.5,49.8,False,True,True,True
3f7aad93-e8bc-4acd-a24c-8e48cb2f8881,3754237,261,1,00:06:27.166,6,27,2,Ball Recovery,14,41,Sunderland,Regular Play,41,Sunderland,6871.0,Costel Fane Pantilimon,Goalkeeper,15.6,30.3,,,0.0,False,,,,,,,False,,,,,,,False,False,left_to_right,False,15.6,30.3,,,False,False,False,False
d72beff5-8035-43c2-9927-1356819c19ef,3754237,262,1,00:06:27.166,6,27,43,Carry,14,41,Sunderland,Regular Play,41,Sunderland,6871.0,Costel Fane Pantilimon,Goalkeeper,15.6,30.3,16.1,30.3,0.326158,False,,,,,,,False,,,,,,,False,False,left_to_right,False,15.6,30.3,16.1,30.3,False,False,False,False
cb62af11-deb1-45ae-9f65-c9a97f470f0d,3754237,263,1,00:06:27.492,6,27,30,Pass,14,41,Sunderland,Regular Play,41,Sunderland,6871.0,Costel Fane Pantilimon,Goalkeeper,16.1,30.3,22.2,20.9,1.241141,False,,,,,,,True,11.205802,-0.99516934,Ground Pass,,4746.0,Younes Kaboul,False,False,left_to_right,False,16.1,30.3,22.2,20.9,False,False,False,False
237f2a43-3133-406d-9d41-65e90f88f4b2,3754237,264,1,00:06:28.733,6,28,42,Ball Receipt*,14,41,Sunderland,Regular Play,41,Sunderland,4746.0,Younes Kaboul,Left Center Back,22.2,20.9,,,,False,,,,,,,False,,,,,,,False,False,left_to_right,False,22.2,20.9,,,False,False,False,False
4de2a823-6531-4117-bfb6-81e358c9fc01,3754237,265,1,00:06:35.752,6,35,30,Pass,14,41,Sunderland,Regular Play,41,Sunderland,4746.0,Younes Kaboul,Left Center Back,22.2,21.1,23.9,65.5,0.40111,False,,,,,,,True,44.432533,1.5325267,Ground Pass,,6300.0,Sebastián Coates Nión,False,False,left_to_right,False,22.2,21.1,23.9,65.5,False,False,False,False
e3cf197f-d7a3-4ba1-82d2-304cfabdf688,3754237,266,1,00:06:36.153,6,36,42,Ball Receipt*,14,41,Sunderland,Regular Play,41,Sunderland,6300.0,Sebastián Coates Nión,Right Center Back,23.9,65.5,,,,False,,,,,,,False,,,,,,,False,False,left_to_right,False,23.9,65.5,,,False,False,False,False
eb459eaf-02e1-429b-bac9-d59791ed9ec5,3754237,267,1,00:06:36.550,6,36,30,Pass,14,41,Sunderland,Regular Play,41,Sunderland,6300.0,Sebastián Coates Nión,Right Center Back,28.2,60.6,25.9,22.0,1.128367,False,,,,,,,True,38.66846,-1.6303115,Ground Pass,,4746.0,Younes Kaboul,False,False,left_to_right,False,28.2,60.6,25.9,22.0,False,False,False,False
b702304c-85da-4fe7-bdcc-ae0902f1120b,3754237,268,1,00:06:37.678,6,37,42,Ball Receipt*,14,41,Sunderland,Regular Play,41,Sunderland,4746.0,Younes Kaboul,Left Center Back,25.9,22.0,,,,False,,,,,,,False,,,,,,,False,False,left_to_right,False,25.9,22.0,,,False,False,False,False
9b97e467-8004-40b2-bb37-3678471289b6,3754237,269,1,00:06:39.699,6,39,30,Pass,14,41,Sunderland,Regular Play,41,Sunderland,4746.0,Younes Kaboul,Left Center Back,27.6,21.1,40.7,16.0,0.988551,False,,,,,,,True,14.057738,-0.3712596,Ground Pass,,18751.0,Jack Rodwell,False,False,left_to_right,False,27.6,21.1,40.7,16.0,False,False,False,False
4ce6fb82-105a-431a-a4cb-a470f962146d,3754237,270,1,00:06:40.687,6,40,42,Ball Receipt*,14,41,Sunderland,Regular Play,41,Sunderland,18751.0,Jack Rodwell,Left Center Midfield,40.7,16.0,,,,False,,,,,,,False,,,,,,,False,False,left_to_right,False,40.7,16.0,,,False,False,False,False
4e8cc5b6-c0fb-4ff5-bd87-13b6e3354833,3754237,271,1,00:06:40.687,6,40,43,Carry,14,41,Sunderland,Regular Play,41,Sunderland,18751.0,Jack Rodwell,Left Center Midfield,40.7,16.0,38.7,19.4,1.231324,True,,,,,,,False,,,,,,,False,False,left_to_right,False,40.7,16.0,38.7,19.4,False,False,False,False
8b1c1d42-2309-4645-ba19-6b121f2df5dc,3754237,272,1,00:06:40.908,6,40,17,Pressure,14,41,Sunderland,Regular Play,22,Leicester City,3810.0,Shinji Okazaki,Right Center Forward,76.2,59.0,,,2.264841,False,,,,,,,False,,,,,,,False,False,left_to_right,False,76.2,59.0,,,False,False,False,False
a684eb6e-3d63-4ea1-9107-1c133d08784f,3754237,273,1,00:06:41.919,6,41,30,Pass,14,41,Sunderland,Regular Play,41,Sunderland,18751.0,Jack Rodwell,Left Center Midfield,38.7,19.4,28.5,21.7,1.142464,True,,,,,,,True,10.456099,2.9198117,Ground Pass,,4746.0,Younes Kaboul,False,False,left_to_right,False,38.7,19.4,28.5,21.7,False,False,False,False
5d3582c3-a873-40b6-a4e9-d37cab59abb4,3754237,274,1,00:06:43.061,6,43,42,Ball Receipt*,14,41,Sunderland,Regular Play,41,Sunderland,4746.0,Younes Kaboul,Left Center Back,28.5,21.7,,,,True,,,,,,,False,,,,,,,False,False,left_to_right,False,28.5,21.7,,,False,False,False,False
d4c93f65-5a70-484f-b599-36977608966e,3754237,275,1,00:06:43.061,6,43,43,Carry,14,41,Sunderland,Regular Play,41,Sunderland,4746.0,Younes Kaboul,Left Center Back,28.5,21.7,28.5,21.7,0.120464005,True,,,,,,,False,,,,,,,False,False,left_to_right,False,28.5,21.7,28.5,21.7,False,False,False,False
2b874ff1-fa60-4a71-916c-60dc8451ef48,3754237,276,1,00:06:43.182,6,43,30,Pass,14,41,Sunderland,Regular Play,41,Sunderland,4746.0,Younes Kaboul,Left Center Back,28.5,21.7,10.5,39.4,2.00469,False,,,,,,,True,25.244604,2.3645976,Ground Pass,,6871.0,Costel Fane Pantilimon,False,False,left_to_right,False,28.5,21.7,10.5,39.4,False,False,False,False
158308ce-fd51-45f0-aa97-49571c1a2177,3754237,277,1,00:06:45.186,6,45,42,Ball Receipt*,14,41,Sunderland,Regular Play,41,Sunderland,6871.0,Costel Fane Pantilimon,Goalkeeper,10.5,39.4,,,,False,,,,,,,False,,,,,,,False,False,left_to_right,False,10.5,39.4,,,False,False,False,False
78d0028d-4a93-45dd-b3d5-983910e3af19,3754237,278,1,00:06:45.186,6,45,43,Carry,14,41,Sunderland,Regular Play,41,Sunderland,6871.0,Costel Fane Pantilimon,Goalkeeper,10.5,39.4,10.5,39.4,1.018114,False,,,,,,,False,,,,,,,False,False,left_to_right,False,10.5,39.4,10.5,39.4,False,False,False,False
218b1fae-acd3-4cb1-b784-3d254e738403,3754237,279,1,00:06:46.204,6,46,30,Pass,14,41,Sunderland,Regular Play,41,Sunderland,6871.0,Costel Fane Pantilimon,Goalkeeper,10.5,39.4,23.9,64.6,1.920386,False,,,,,,,True,28.541199,1.0820756,Ground Pass,,6300.0,Sebastián Coates Nión,False,False,left_to_right,False,10.5,39.4,23.9,64.6,False,False,False,False
69add90b-11a2-4d03-86b1-7ccb3a328010,3754237,280,1,00:06:48.125,6,48,42,Ball Receipt*,14,41,Sunderland,Regular Play,41,Sunderland,6300.0,Sebastián Coates Nión,Right Center Back,23.9,64.6,,,,False,,,,,,,False,,,,,,,False,False,left_to_right,False,23.9,64.6,,,False,False,False,False
7b8b5e38-9f8d-4e04-afe8-51ce5c9ba064,3754237,281,1,00:06:48.125,6,48,43,Carry,14,41,Sunderland,Regular Play,41,Sunderland,6300.0,Sebastián Coates Nión,Right Center Back,23.9,64.6,30.8,62.0,3.947125,False,,,,,,,False,,,,,,,False,False,left_to_right,False,23.9,64.6,30.8,62.0,False,False,False,False
47fbf759-c590-4845-964d-90a7ecdb6201,3754237,282,1,00:06:52.072,6,52,30,Pass,14,41,Sunderland,Regular Play,41,Sunderland,6300.0,Sebastián Coates Nión,Right Center Back,30.8,62.0,12.2,46.9,3.220667,False,,,,,,,True,23.95767,-2.459681,Ground Pass,,6871.0,Costel Fane Pantilimon,False,False,left_to_right,False,30.8,62.0,12.2,46.9,False,False,False,False
4a10e2ff-a145-41c6-814a-e5e18cf0c5a9,3754237,283,1,00:06:55.293,6,55,42,Ball Receipt*,14,41,Sunderland,Regular Play,41,Sunderland,6871.0,Costel Fane Pantilimon,Goalkeeper,12.2,46.9,,,,False,,,,,,,False,,,,,,,False,False,left_to_right,False,12.2,46.9,,,False,False,False,False
fe5144d9-5bc7-4aa4-b711-4f80a6a84b6e,3754237,284,1,00:06:55.293,6,55,43,Carry,14,41,Sunderland,Regular Play,41,Sunderland,6871.0,Costel Fane Pantilimon,Goalkeeper,12.2,46.9,21.9,48.6,3.048985,False,,,,,,,False,,,,,,,False,False,left_to_right,False,12.2,46.9,21.9,48.6,False,False,False,False
84e0e2ff-9859-4201-af64-bb92b6878966,3754237,285,1,00:06:58.342,6,58,30,Pass,14,41,Sunderland,Regular Play,41,Sunderland,6871.0,Costel Fane Pantilimon,Goalkeeper,21.9,48.6,27.0,68.1,1.831938,False,,,,,,,True,20.155893,1.3149878,Ground Pass,,6300.0,Sebastián Coates Nión,False,False,left_to_right,False,21.9,48.6,27.0,68.1,False,False,False,False
db2fa259-a46d-4e75-bff8-3dc9c8733031,3754237,286,1,00:07:00.174,7,0,42,Ball Receipt*,14,41,Sunderland,Regular Play,41,Sunderland,6300.0,Sebastián Coates Nión,Right Center Back,27.0,68.1,,,,False,,,,,,,False,,,,,,,False,False,left_to_right,False,27.0,68.1,,,False,False,False,False
db81145c-c54a-477a-a0c5-acf4d20ef26b,3754237,287,1,00:07:00.174,7,0,43,Carry,14,41,Sunderland,Regular Play,41,Sunderland,6300.0,Sebastián Coates Nión,Right Center Back,27.0,68.1,41.3,70.4,3.219597,True,,,,,,,False,,,,,,,False,False,left_to_right,False,27.0,68.1,41.3,70.4,False,False,False,False
e1a76ee1-f63b-494b-96c5-ff736dbf27e3,3754237,288,1,00:07:02.844,7,2,17,Pressure,14,41,Sunderland,Regular Play,22,Leicester City,10960.0,Jamie Vardy,Left Center Forward,77.9,16.3,,,0.648883,False,,,,,,,False,,,,,,,False,False,left_to_right,False,77.9,16.3,,,False,False,False,False
2815bf3b-9f10-4262-a30a-1a8d457857c0,3754237,289,1,00:07:03.393,7,3,30,Pass,14,41,Sunderland,Regular Play,41,Sunderland,6300.0,Sebastián Coates Nión,Right Center Back,41.3,70.4,64.2,66.1,1.025325,True,,,,,,Incomplete,False,23.300215,-0.18561159,Low Pass,,42902.0,Adam Johnson,False,False,left_to_right,False,41.3,70.4,64.2,66.1,False,True,False,True
68f3f2de-a638-4869-bbdb-0f2126297904,3754237,290,1,00:07:04.418,7,4,42,Ball Receipt*,14,41,Sunderland,Regular Play,41,Sunderland,42902.0,Adam Johnson,Right Midfield,64.2,66.1,,,,False,,,,,,,False,,,,,,,False,False,left_to_right,False,64.2,66.1,,,False,False,False,False
6483b9bc-24f0-4334-b2a7-2f46d90591dc,3754237,291,1,00:07:04.418,7,4,10,Interception,14,41,Sunderland,Regular Play,22,Leicester City,3813.0,Wes Morgan,Left Center Back,55.9,14.0,,,0.0,False,,,,,,,False,,,,,,,False,False,left_to_right,False,55.9,14.0,,,False,False,False,False
2a714ec5-33ed-490e-8066-e4858a0538c4,3754237,292,1,00:07:06.364,7,6,2,Ball Recovery,14,41,Sunderland,Regular Play,41,Sunderland,10783.0,Lee Cattermole,Center Defensive Midfield,55.1,57.7,,,0.0,False,,,,,,,False,,,,,,,False,False,left_to_right,False,55.1,57.7,,,False,False,False,False
01459d76-d980-4289-8ae2-de3c27180695,3754237,293,1,00:07:06.364,7,6,43,Carry,14,41,Sunderland,Regular Play,41,Sunderland,10783.0,Lee Cattermole,Center Defensive Midfield,55.1,57.7,52.8,57.4,1.242909,False,,,,,,,False,,,,,,,False,False,left_to_right,False,55.1,57.7,52.8,57.4,False,False,False,False
47b7c277-58e7-4dd9-b9c0-7c4abfec055b,3754237,294,1,00:07:07.607,7,7,30,Pass,14,41,Sunderland,Regular Play,41,Sunderland,10783.0,Lee Cattermole,Center Defensive Midfield,52.8,57.4,38.7,58.0,1.74258,False,,,,,,,True,14.112761,3.099065,Ground Pass,,6300.0,Sebastián Coates Nión,False,False,left_to_right,False,52.8,57.4,38.7,58.0,False,False,False,False
ba216a50-ff83-40d9-9731-d3741b47817b,3754237,295,1,00:07:09.349,7,9,42,Ball Receipt*,14,41,Sunderland,Regular Play,41,Sunderland,6300.0,Sebastián Coates Nión,Right Center Back,38.7,58.0,,,,False,,,,,,,False,,,,,,,False,False,left_to_right,False,38.7,58.0,,,False,False,False,False
903f2113-0edb-4e30-81e9-5e2742004616,3754237,296,1,00:07:09.349,7,9,30,Pass,14,41,Sunderland,Regular Play,41,Sunderland,6300.0,Sebastián Coates Nión,Right Center Back,37.6,57.4,32.2,28.3,1.958313,False,,,,,,,True,29.59679,-1.7542763,Ground Pass,,4746.0,Younes Kaboul,False,False,left_to_right,False,37.6,57.4,32.2,28.3,False,False,False,False
c29e843d-4b2d-40b5-8970-996caa7387f7,3754237,297,1,00:07:11.308,7,11,42,Ball Receipt*,14,41,Sunderland,Regular Play,41,Sunderland,4746.0,Younes Kaboul,Left Center Back,32.2,28.3,,,,False,,,,,,,False,,,,,,,False,False,left_to_right,False,32.2,28.3,,,False,False,False,False
9cecd90a-23bd-4513-a854-7d97f56d0ffa,3754237,298,1,00:07:11.308,7,11,43,Carry,14,41,Sunderland,Regular Play,41,Sunderland,4746.0,Younes Kaboul,Left Center Back,32.2,28.3,44.5,22.3,2.128856,False,,,,,,,False,,,,,,,False,False,left_to_right,False,32.2,28.3,44.5,22.3,False,False,False,False
b841599b-9339-47a4-8c88-1b0a55ff3f76,3754237,299,1,00:07:13.436,7,13,30,Pass,14,41,Sunderland,Regular Play,41,Sunderland,4746.0,Younes Kaboul,Left Center Back,44.5,22.3,56.7,6.9,1.171067,False,,,,,,,True,19.646883,-0.90082484,Ground Pass,,3321.0,Patrick van Aanholt,False,False,left_to_right,False,44.5,22.3,56.7,6.9,False,False,False,False
3e53eefc-d1f5-44a4-9cca-4ac421c08ff3,3754237,300,1,00:07:14.608,7,14,42,Ball Receipt*,14,41,Sunderland,Regular Play,41,Sunderland,3321.0,Patrick van Aanholt,Left Back,56.7,6.9,,,,False,,,,,,,False,,,,,,,False,False,left_to_right,False,56.7,6.9,,,False,False,False,False
6471b424-7aa4-4613-b326-032a2de3b566,3754237,301,1,00:07:14.608,7,14,43,Carry,14,41,Sunderland,Regular Play,41,Sunderland,3321.0,Patrick van Aanholt,Left Back,56.7,6.9,52.8,11.5,1.136855,True,,,,,,,False,,,,,,,False,False,left_to_right,False,56.7,6.9,52.8,11.5,False,False,False,False
e74cb842-81d6-4205-aa4b-7a278c5ec1a3,3754237,302,1,00:07:15.108,7,15,17,Pressure,14,41,Sunderland,Regular Play,22,Leicester City,3307.0,Marc Albrighton,Right Midfield,60.2,71.2,,,0.569506,False,,,,,,,False,,,,,,,False,False,left_to_right,False,60.2,71.2,,,False,False,False,False
45cd4d54-0508-4cce-ad95-4c333994ea47,3754237,303,1,00:07:15.744,7,15,30,Pass,14,41,Sunderland,Regular Play,41,Sunderland,3321.0,Patrick van Aanholt,Left Back,52.8,11.5,47.9,26.6,1.19208,False,,,,,,,True,15.875137,1.884579,Ground Pass,,10783.0,Lee Cattermole,False,False,left_to_right,False,52.8,11.5,47.9,26.6,False,False,False,False
a90a4b07-dd7f-4e7d-aaa1-83c4e62e7c6b,3754237,304,1,00:07:16.936,7,16,42,Ball Receipt*,14,41,Sunderland,Regular Play,41,Sunderland,10783.0,Lee Cattermole,Center Defensive Midfield,47.9,26.6,,,,False,,,,,,,False,,,,,,,False,False,left_to_right,False,47.9,26.6,,,False,False,False,False
f0779021-df83-445a-a47a-ba03efa0fd10,3754237,305,1,00:07:16.936,7,16,43,Carry,14,41,Sunderland,Regular Play,41,Sunderland,10783.0,Lee Cattermole,Center Defensive Midfield,47.9,26.6,47.1,31.2,1.154053,False,,,,,,,False,,,,,,,False,False,left_to_right,False,47.9,26.6,47.1,31.2,False,False,False,False
d72e8e20-279a-4011-9cce-2cee2705c06e,3754237,306,1,00:07:18.091,7,18,30,Pass,14,41,Sunderland,Regular Play,41,Sunderland,10783.0,Lee Cattermole,Center Defensive Midfield,47.1,31.2,67.9,34.0,1.073438,False,,,,,,,True,20.987616,0.13381098,Ground Pass,,42902.0,Adam Johnson,False,False,left_to_right,False,47.1,31.2,67.9,34.0,False,True,False,False
39c52d86-acf6-4741-8523-fa3aeaaa4d92,3754237,307,1,00:07:19.164,7,19,42,Ball Receipt*,14,41,Sunderland,Regular Play,41,Sunderland,42902.0,Adam Johnson,Right Midfield,67.9,34.0,,,,False,,,,,,,False,,,,,,,False,False,left_to_right,False,67.9,34.0,,,False,False,False,False
5fb48c86-7a3f-45ce-80b8-ddb7ad1e0c21,3754237,308,1,00:07:19.164,7,19,43,Carry,14,41,Sunderland,Regular Play,41,Sunderland,42902.0,Adam Johnson,Right Midfield,67.9,34.0,68.5,32.1,1.047546,True,,,,,,,False,,,,,,,False,False,left_to_right,False,67.9,34.0,68.5,32.1,False,False,False,False
411f6ecd-5e88-4e00-86d9-5a3130084301,3754237,309,1,00:07:19.383,7,19,17,Pressure,14,41,Sunderland,Regular Play,22,Leicester City,3665.0,Andrew Philip King,Right Center Midfield,51.6,47.0,,,0.931939,False,,,,,,,False,,,,,,,False,False,left_to_right,False,51.6,47.0,,,False,False,False,False
76d26cc8-888c-4014-9f10-664d7299add6,3754237,310,1,00:07:20.212,7,20,30,Pass,14,41,Sunderland,Regular Play,41,Sunderland,42902.0,Adam Johnson,Right Midfield,68.5,32.1,86.2,9.5,1.567034,True,,,,,,,True,28.70627,-0.90639234,Ground Pass,,16457.0,Jeremain Lens,False,False,left_to_right,False,68.5,32.1,86.2,9.5,False,False,True,False
3148f028-2b1b-414d-aee6-6671588cdd87,3754237,311,1,00:07:21.779,7,21,42,Ball Receipt*,14,41,Sunderland,Regular Play,41,Sunderland,16457.0,Jeremain Lens,Left Midfield,86.2,9.5,,,,False,,,,,,,False,,,,,,,False,False,left_to_right,False,86.2,9.5,,,False,False,False,False
e5e9693c-5d93-451e-9f1d-d0fe4e514fe1,3754237,312,1,00:07:21.779,7,21,43,Carry,14,41,Sunderland,Regular Play,41,Sunderland,16457.0,Jeremain Lens,Left Midfield,86.2,9.5,95.1,13.1,1.165818,False,,,,,,,False,,,,,,,False,False,left_to_right,False,86.2,9.5,95.1,13.1,False,False,False,False
d707fe9b-3d84-4b29-97aa-15da29e91ecc,3754237,313,1,00:07:22.944,7,22,30,Pass,14,41,Sunderland,Regular Play,41,Sunderland,16457.0,Jeremain Lens,Left Midfield,95.1,13.1,108.0,43.5,1.309362,False,,,,,,Pass Offside,False,33.02378,1.1694831,Low Pass,,3337.0,Jermain Defoe,False,False,left_to_right,False,95.1,13.1,108.0,43.5,False,True,False,True
75b37a38-4761-44fd-9d9d-feb205d17f02,3754237,314,1,00:07:24.254,7,24,42,Ball Receipt*,14,41,Sunderland,Regular Play,41,Sunderland,3337.0,Jermain Defoe,Center Forward,108.0,43.5,,,,False,,,,,,,False,,,,,,,False,False,left_to_right,False,108.0,43.5,,,False,False,False,False
3a3c7dae-e7a3-4a12-858d-b42f2c56fbca,3754237,315,1,00:08:02.136,8,2,30,Pass,15,22,Leicester City,From Free Kick,22,Leicester City,3815.0,Kasper Schmeichel,Goalkeeper,11.3,38.7,77.6,72.7,2.774504,False,,,,,,,True,74.50967,0.47385132,High Pass,Free Kick,10960.0,Jamie Vardy,False,False,left_to_right,False,11.3,38.7,77.6,72.7,False,True,False,False
75d03ddb-20e3-47d8-814d-29734f633943,3754237,316,1,00:08:04.910,8,4,42,Ball Receipt*,15,22,Leicester City,From Free Kick,22,Leicester City,10960.0,Jamie Vardy,Left Center Forward,77.6,72.7,,,,False,,,,,,,False,,,,,,,False,False,left_to_right,False,77.6,72.7,,,False,False,False,False
3da1718d-91e4-4591-ae26-bf8f8462895a,3754237,317,1,00:08:05.817,8,5,30,Pass,15,22,Leicester City,From Free Kick,22,Leicester City,10960.0,Jamie Vardy,Left Center Forward,76.8,70.6,68.2,73.8,0.649536,False,,,,,,,True,9.176056,2.785373,Low Pass,,3814.0,Riyad Mahrez,False,False,left_to_right,False,76.8,70.6,68.2,73.8,False,False,False,False
67632974-f0d6-419f-8f8c-c00a075df67d,3754237,318,1,00:08:06.467,8,6,42,Ball Receipt*,15,22,Leicester City,From Free Kick,22,Leicester City,3814.0,Riyad Mahrez,Left Midfield,68.2,73.8,,,,False,,,,,,,False,,,,,,,False,False,left_to_right,False,68.2,73.8,,,False,False,False,False
d882a1d1-d4e3-4ee2-81ed-64489cb2dd01,3754237,319,1,00:08:06.467,8,6,43,Carry,15,22,Leicester City,From Free Kick,22,Leicester City,3814.0,Riyad Mahrez,Left Midfield,68.2,73.8,79.6,77.0,2.138584,True,,,,,,,False,,,,,,,False,False,left_to_right,False,68.2,73.8,79.6,77.0,False,False,False,False
c8ed7281-b4c0-47a5-9b52-798a41e86681,3754237,320,1,00:08:07.479,8,7,17,Pressure,15,22,Leicester City,From Free Kick,41,Sunderland,18751.0,Jack Rodwell,Left Center Midfield,42.8,7.2,,,0.980021,False,,,,,,,False,,,,,,,False,False,left_to_right,False,42.8,7.2,,,False,False,False,False
ad76727c-41db-4928-94e6-41670945bd12,3754237,321,1,00:08:08.606,8,8,39,Dribbled Past,15,22,Leicester City,From Free Kick,41,Sunderland,18751.0,Jack Rodwell,Left Center Midfield,40.5,3.1,,,0.0,False,,,,,,,False,,,,,,,False,False,left_to_right,False,40.5,3.1,,,False,False,False,False
5f9291ba-6977-4b3b-92f9-e141c24810a4,3754237,322,1,00:08:08.606,8,8,14,Dribble,15,22,Leicester City,From Free Kick,22,Leicester City,3814.0,Riyad Mahrez,Left Midfield,79.6,77.0,,,0.0,True,,,,,,,False,,,,,,,False,False,left_to_right,False,79.6,77.0,,,False,False,False,False
740515cb-e7ed-4be4-ba83-5add0fcbaa5c,3754237,323,1,00:08:08.606,8,8,43,Carry,15,22,Leicester City,From Free Kick,22,Leicester City,3814.0,Riyad Mahrez,Left Midfield,79.6,77.0,89.0,69.5,1.782911,True,,,,,,,False,,,,,,,False,False,left_to_right,False,79.6,77.0,89.0,69.5,False,False,False,False
287db640-11e5-4005-8187-2cbf125fe70e,3754237,324,1,00:08:09.959,8,9,17,Pressure,15,22,Leicester City,From Free Kick,41,Sunderland,3321.0,Patrick van Aanholt,Left Back,29.6,10.9,,,0.513636,False,,,,,,,False,,,,,,,False,False,left_to_right,False,29.6,10.9,,,False,False,False,False
6d655e00-91ed-469f-aedd-e19bf1638289,3754237,325,1,00:08:10.388,8,10,22,Foul Committed,15,22,Leicester City,From Free Kick,41,Sunderland,3321.0,Patrick van Aanholt,Left Back,31.1,10.6,,,0.0,False,,,,,,,False,,,,,,,False,False,left_to_right,False,31.1,10.6,,,False,False,False,False
f5c98b95-f63f-47a8-8a41-b11604dea7fa,3754237,326,1,00:08:10.388,8,10,21,Foul Won,15,22,Leicester City,From Free Kick,22,Leicester City,3814.0,Riyad Mahrez,Left Midfield,89.0,69.5,,,0.0,True,,,,,,,False,,,,,,,False,False,left_to_right,False,89.0,69.5,,,False,False,False,False
ae82fa0f-38e5-4faa-be22-ec96400ff422,3754237,327,1,00:08:49.792,8,49,30,Pass,16,22,Leicester City,From Free Kick,22,Leicester City,3307.0,Marc Albrighton,Right Midfield,91.6,71.5,88.7,70.1,0.611841,False,,,,,,,True,3.2202485,-2.691833,Ground Pass,Free Kick,3814.0,Riyad Mahrez,True,False,left_to_right,False,91.6,71.5,88.7,70.1,False,False,False,False
2e7bc763-e37b-4f52-8e3c-41e115456070,3754237,328,1,00:08:50.404,8,50,42,Ball Receipt*,16,22,Leicester City,From Free Kick,22,Leicester City,3814.0,Riyad Mahrez,Left Midfield,88.7,70.1,,,,False,,,,,,,False,,,,,,,False,False,left_to_right,False,88.7,70.1,,,False,False,False,False
0596a75b-23ae-44cb-8526-7b78857a8f16,3754237,329,1,00:08:50.404,8,50,43,Carry,16,22,Leicester City,From Free Kick,22,Leicester City,3814.0,Riyad Mahrez,Left Midfield,88.7,70.1,96.4,57.8,2.386364,False,,,,,,,False,,,,,,,False,False,left_to_right,False,88.7,70.1,96.4,57.8,True,False,False,False
87fed5e6-7b1c-4c9f-b1a1-e5a87451e12a,3754237,330,1,00:08:52.790,8,52,16,Shot,16,22,Leicester City,From Free Kick,22,Leicester City,3814.0,Riyad Mahrez,Left Midfield,96.4,57.8,100.3,55.0,0.724214,False,0.009480997,Blocked,Left Foot,Normal,Open Play,,False,,,,,,,False,False,left_to_right,False,96.4,57.8,100.3,55.0,False,False,False,False
53ab42e8-0e5a-4895-a45f-9a9fc70734a5,3754237,331,1,00:08:53.515,8,53,6,Block,16,22,Leicester City,From Free Kick,41,Sunderland,3321.0,Patrick van Aanholt,Left Back,19.8,25.1,,,0.0,False,,,,,,,False,,,,,,,False,False,left_to_right,False,19.8,25.1,,,False,False,False,False
01821455-46ca-497b-b1d7-d1bbfc25b7ed,3754237,332,1,00:08:53.555,8,53,23,Goal Keeper,16,22,Leicester City,From Free Kick,41,Sunderland,6871.0,Costel Fane Pantilimon,Goalkeeper,2.8,38.2,,,0.0,False,,,,,,,False,,,,,,,False,False,left_to_right,False,2.8,38.2,,,False,False,False,False
7efc60f8-9548-4f7d-a44c-cf9e7dc504cc,3754237,333,1,00:08:53.735,8,53,2,Ball Recovery,16,22,Leicester City,From Free Kick,41,Sunderland,3321.0,Patrick van Aanholt,Left Back,11.9,29.2,,,0.0,False,,,,,,,False,,,,,,,False,False,left_to_right,False,11.9,29.2,,,False,False,False,False
7baf5506-1316-4116-b62a-7fd1d4d9608c,3754237,334,1,00:08:53.735,8,53,43,Carry,16,22,Leicester City,From Free Kick,41,Sunderland,3321.0,Patrick van Aanholt,Left Back,11.9,29.2,9.6,30.0,1.127282,True,,,,,,,False,,,,,,,False,False,left_to_right,False,11.9,29.2,9.6,30.0,False,False,False,False
49e480a8-d69c-4601-b5d0-e5834f0ef8ca,3754237,335,1,00:08:54.611,8,54,17,Pressure,16,22,Leicester City,From Free Kick,22,Leicester City,3307.0,Marc Albrighton,Right Midfield,109.6,54.7,,,0.348292,False,,,,,,,False,,,,,,,False,False,left_to_right,False,109.6,54.7,,,False,False,False,False
ecdd1241-79ab-4f98-bf14-540ce47268b6,3754237,336,1,00:08:54.862,8,54,30,Pass,16,22,Leicester City,From Free Kick,41,Sunderland,3321.0,Patrick van Aanholt,Left Back,9.6,30.0,18.7,24.6,0.277998,True,,,,,,Incomplete,False,10.581588,-0.5355573,Ground Pass,,,,False,False,left_to_right,False,9.6,30.0,18.7,24.6,False,False,False,True
073dc353-9709-4f37-bbd0-d4c55757da3c,3754237,337,1,00:08:55.140,8,55,6,Block,16,22,Leicester City,From Free Kick,41,Sunderland,3337.0,Jermain Defoe,Center Forward,18.7,24.6,,,0.0,False,,,,,,,False,,,,,,,False,False,left_to_right,False,18.7,24.6,,,False,False,False,False
79cff817-5a1d-4b20-929d-7461deced046,3754237,338,1,00:08:56.244,8,56,30,Pass,16,22,Leicester City,From Free Kick,41,Sunderland,3321.0,Patrick van Aanholt,Left Back,12.8,22.0,48.2,0.3,2.594387,False,,,,,,Out,False,41.521683,-0.5499194,Low Pass,Recovery,16457.0,Jeremain Lens,False,False,left_to_right,False,12.8,22.0,48.2,0.3,False,False,False,True
b3163118-169b-4ce2-bfcb-7f488e31e12d,3754237,339,1,00:08:58.838,8,58,42,Ball Receipt*,16,22,Leicester City,From Free Kick,41,Sunderland,16457.0,Jeremain Lens,Left Midfield,45.6,3.4,,,,False,,,,,,,False,,,,,,,False,False,left_to_right,False,45.6,3.4,,,False,False,False,False
f6e8a994-6365-4679-8eef-6ec752c3fa94,3754237,340,1,00:09:05.671,9,5,30,Pass,17,22,Leicester City,From Throw In,22,Leicester City,28782.0,Ritchie De Laet,Right Back,54.7,80.0,27.8,44.7,4.463889,False,,,,,,,True,44.3813,-2.2219584,Low Pass,Throw-in,3520.0,Jeffrey Schlupp,False,False,left_to_right,False,54.7,80.0,27.8,44.7,False,False,False,False
fc1eea18-221c-4970-891d-70c8a0a89504,3754237,341,1,00:09:10.135,9,10,42,Ball Receipt*,17,22,Leicester City,From Throw In,22,Leicester City,3520.0,Jeffrey Schlupp,Left Back,27.8,44.7,,,,False,,,,,,,False,,,,,,,False,False,left_to_right,False,27.8,44.7,,,False,False,False,False
3c3a71f7-03c9-4f9d-8db7-dcbd654b0e29,3754237,342,1,00:09:10.135,9,10,43,Carry,17,22,Leicester City,From Throw In,22,Leicester City,3520.0,Jeffrey Schlupp,Left Back,27.8,44.7,28.7,38.7,1.602579,False,,,,,,,False,,,,,,,False,False,left_to_right,False,27.8,44.7,28.7,38.7,False,False,False,False
70b48549-2bf7-4f65-9836-4e51427e49f2,3754237,343,1,00:09:11.738,9,11,30,Pass,17,22,Leicester City,From Throw In,22,Leicester City,3520.0,Jeffrey Schlupp,Left Back,28.7,38.7,34.7,42.7,0.980935,False,,,,,,,True,7.2111025,0.5880026,Ground Pass,,3813.0,Wes Morgan,False,False,left_to_right,False,28.7,38.7,34.7,42.7,False,False,False,False
80972ecc-f4eb-4bb8-bd1a-8ed50cfcb36a,3754237,344,1,00:09:12.719,9,12,42,Ball Receipt*,17,22,Leicester City,From Throw In,22,Leicester City,3813.0,Wes Morgan,Left Center Back,34.7,42.7,,,,False,,,,,,,False,,,,,,,False,False,left_to_right,False,34.7,42.7,,,False,False,False,False
b2b428ee-76cb-49e0-80ba-5654ac57dafa,3754237,345,1,00:09:12.719,9,12,43,Carry,17,22,Leicester City,From Throw In,22,Leicester City,3813.0,Wes Morgan,Left Center Back,34.7,42.7,35.3,46.7,1.531162,False,,,,,,,False,,,,,,,False,False,left_to_right,False,34.7,42.7,35.3,46.7,False,False,False,False
43e6494d-3f0d-4bac-bceb-62237cc2ab96,3754237,346,1,00:09:14.250,9,14,30,Pass,17,22,Leicester City,From Throw In,22,Leicester City,3813.0,Wes Morgan,Left Center Back,35.3,46.7,46.7,61.3,1.318426,False,,,,,,,True,18.523499,0.9078592,Ground Pass,,40123.0,Robert Huth,False,False,left_to_right,False,35.3,46.7,46.7,61.3,False,False,False,False
fbf7413f-8c6a-4918-944b-c1032c35a62d,3754237,347,1,00:09:15.568,9,15,42,Ball Receipt*,17,22,Leicester City,From Throw In,22,Leicester City,40123.0,Robert Huth,Right Center Back,46.7,61.3,,,,False,,,,,,,False,,,,,,,False,False,left_to_right,False,46.7,61.3,,,False,False,False,False
675e5837-d9d4-4c7c-ba9c-937b1bf9140b,3754237,348,1,00:09:15.568,9,15,43,Carry,17,22,Leicester City,From Throw In,22,Leicester City,40123.0,Robert Huth,Right Center Back,46.7,61.3,55.9,61.5,4.994478,False,,,,,,,False,,,,,,,False,False,left_to_right,False,46.7,61.3,55.9,61.5,False,False,False,False
9a4e8431-e052-4d98-98a4-4a0a7a06fe3c,3754237,349,1,00:09:20.563,9,20,30,Pass,17,22,Leicester City,From Throw In,22,Leicester City,40123.0,Robert Huth,Right Center Back,55.9,61.5,50.7,28.6,2.688618,False,,,,,,,True,33.308407,-1.7275543,Ground Pass,,3813.0,Wes Morgan,False,False,left_to_right,False,55.9,61.5,50.7,28.6,False,False,False,False
a7d21afc-1ab7-4578-9ac3-0bafd4bb1883,3754237,350,1,00:09:23.251,9,23,42,Ball Receipt*,17,22,Leicester City,From Throw In,22,Leicester City,3813.0,Wes Morgan,Left Center Back,50.7,28.6,,,,False,,,,,,,False,,,,,,,False,False,left_to_right,False,50.7,28.6,,,False,False,False,False
c0dfedda-0f4e-4f0a-895a-3a0db2f170b8,3754237,351,1,00:09:23.251,9,23,43,Carry,17,22,Leicester City,From Throw In,22,Leicester City,3813.0,Wes Morgan,Left Center Back,50.7,28.6,67.0,22.4,4.065291,False,,,,,,,False,,,,,,,False,False,left_to_right,False,50.7,28.6,67.0,22.4,False,False,False,False
d38fd082-c512-4cc9-83f7-8b097cf4c581,3754237,352,1,00:09:27.317,9,27,30,Pass,17,22,Leicester City,From Throw In,22,Leicester City,3813.0,Wes Morgan,Left Center Back,67.0,22.4,64.5,5.5,1.298024,False,,,,,,,True,17.08391,-1.7176602,Ground Pass,,3520.0,Jeffrey Schlupp,False,False,left_to_right,False,67.0,22.4,64.5,5.5,False,False,False,False
e3a238f8-bd7b-4353-acb2-b38c54ca349e,3754237,353,1,00:09:28.615,9,28,42,Ball Receipt*,17,22,Leicester City,From Throw In,22,Leicester City,3520.0,Jeffrey Schlupp,Left Back,64.5,5.5,,,,False,,,,,,,False,,,,,,,False,False,left_to_right,False,64.5,5.5,,,False,False,False,False
2e1eb07b-e2ea-4977-9b66-61a9f677c144,3754237,354,1,00:09:28.615,9,28,43,Carry,17,22,Leicester City,From Throw In,22,Leicester City,3520.0,Jeffrey Schlupp,Left Back,64.5,5.5,64.5,8.9,1.218352,False,,,,,,,False,,,,,,,False,False,left_to_right,False,64.5,5.5,64.5,8.9,False,False,False,False
f6388bc6-58b8-4ba1-867f-5d7307fe4df5,3754237,355,1,00:09:29.833,9,29,30,Pass,17,22,Leicester City,From Throw In,22,Leicester City,3520.0,Jeffrey Schlupp,Left Back,64.5,8.9,89.6,9.2,1.275886,False,,,,,,,True,25.101793,0.011951623,Ground Pass,,10960.0,Jamie Vardy,False,False,left_to_right,False,64.5,8.9,89.6,9.2,False,True,True,False
282cf8da-0188-4b28-831f-8ca4ec86626d,3754237,356,1,00:09:31.109,9,31,42,Ball Receipt*,17,22,Leicester City,From Throw In,22,Leicester City,10960.0,Jamie Vardy,Left Center Forward,89.6,9.2,,,,False,,,,,,,False,,,,,,,False,False,left_to_right,False,89.6,9.2,,,False,False,False,False
b3e2f100-942b-434f-8801-2dcae1a22e0c,3754237,357,1,00:09:31.109,9,31,43,Carry,17,22,Leicester City,From Throw In,22,Leicester City,10960.0,Jamie Vardy,Left Center Forward,89.6,9.2,89.9,4.1,1.923482,False,,,,,,,False,,,,,,,False,False,left_to_right,False,89.6,9.2,89.9,4.1,False,False,False,False
6650bc6a-37a1-40f8-a0ff-1ff14a8e1d0e,3754237,358,1,00:09:33.032,9,33,30,Pass,17,22,Leicester City,From Throw In,22,Leicester City,10960.0,Jamie Vardy,Left Center Forward,89.9,4.1,92.8,7.7,0.281638,False,,,,,,Incomplete,False,4.62277,0.892677,Ground Pass,,3662.0,Danny Drinkwater,False,False,left_to_right,False,89.9,4.1,92.8,7.7,False,False,False,True
cd005f72-52bf-4a27-b23e-11650c76efd0,3754237,359,1,00:09:33.314,9,33,42,Ball Receipt*,17,22,Leicester City,From Throw In,22,Leicester City,3662.0,Danny Drinkwater,Left Center Midfield,95.4,11.2,,,,False,,,,,,,False,,,,,,,False,False,left_to_right,False,95.4,11.2,,,False,False,False,False
eaadc22f-5b42-49d0-86ec-0906d979d679,3754237,360,1,00:09:33.314,9,33,6,Block,17,22,Leicester City,From Throw In,41,Sunderland,5617.0,Sebastian Larsson,Right Center Midfield,27.3,72.4,,,0.0,False,,,,,,,False,,,,,,,False,False,left_to_right,False,27.3,72.4,,,False,False,False,False
cdfc3640-cafa-45ff-9ad8-1fe3c9bbe27c,3754237,361,1,00:09:39.791,9,39,30,Pass,18,22,Leicester City,From Throw In,22,Leicester City,3662.0,Danny Drinkwater,Left Center Midfield,95.4,0.1,83.7,4.9,1.202591,False,,,,,,,True,12.646343,2.752276,Low Pass,Throw-in,3520.0,Jeffrey Schlupp,False,False,left_to_right,False,95.4,0.1,83.7,4.9,False,False,False,False
4ba2dcc4-1359-411c-b166-b0f75036f623,3754237,362,1,00:09:40.994,9,40,42,Ball Receipt*,18,22,Leicester City,From Throw In,22,Leicester City,3520.0,Jeffrey Schlupp,Left Back,83.7,4.9,,,,False,,,,,,,False,,,,,,,False,False,left_to_right,False,83.7,4.9,,,False,False,False,False
838ddcbb-c481-409a-901b-d2aaeb853b8a,3754237,363,1,00:09:40.994,9,40,43,Carry,18,22,Leicester City,From Throw In,22,Leicester City,3520.0,Jeffrey Schlupp,Left Back,83.7,4.9,84.2,7.4,1.426752,False,,,,,,,False,,,,,,,False,False,left_to_right,False,83.7,4.9,84.2,7.4,False,False,False,False
e6df3805-04b7-4ff1-88c2-887570b7480a,3754237,364,1,00:09:42.420,9,42,30,Pass,18,22,Leicester City,From Throw In,22,Leicester City,3520.0,Jeffrey Schlupp,Left Back,84.2,7.4,89.9,3.8,0.869939,False,,,,,,,True,6.7416615,-0.5633163,Ground Pass,,3662.0,Danny Drinkwater,False,False,left_to_right,False,84.2,7.4,89.9,3.8,False,False,False,False
d8f20a37-2c3b-46e1-a6a8-28300c8a289d,3754237,365,1,00:09:43.290,9,43,42,Ball Receipt*,18,22,Leicester City,From Throw In,22,Leicester City,3662.0,Danny Drinkwater,Left Center Midfield,89.9,3.8,,,,False,,,,,,,False,,,,,,,False,False,left_to_right,False,89.9,3.8,,,False,False,False,False
c98c0dff-3c8c-40f2-a80b-6e611f4a8caa,3754237,366,1,00:09:43.290,9,43,43,Carry,18,22,Leicester City,From Throw In,22,Leicester City,3662.0,Danny Drinkwater,Left Center Midfield,89.9,3.8,94.8,5.8,2.799045,False,,,,,,,False,,,,,,,False,False,left_to_right,False,89.9,3.8,94.8,5.8,False,False,False,False
ba415db8-398e-4c3f-88b7-a530244d9d7a,3754237,367,1,00:09:46.089,9,46,30,Pass,18,22,Leicester City,From Throw In,22,Leicester City,3662.0,Danny Drinkwater,Left Center Midfield,94.8,5.8,91.3,4.1,0.654885,False,,,,,,,True,3.8910153,-2.6894388,Ground Pass,,3520.0,Jeffrey Schlupp,False,False,left_to_right,False,94.8,5.8,91.3,4.1,False,False,False,False
d9b26310-de6d-4fcf-a207-1f210ca712ea,3754237,368,1,00:09:46.744,9,46,42,Ball Receipt*,18,22,Leicester City,From Throw In,22,Leicester City,3520.0,Jeffrey Schlupp,Left Back,91.3,4.1,,,,False,,,,,,,False,,,,,,,False,False,left_to_right,False,91.3,4.1,,,False,False,False,False
94bfd72c-2bf6-4c28-865c-b6567f841686,3754237,369,1,00:09:46.744,9,46,43,Carry,18,22,Leicester City,From Throw In,22,Leicester City,3520.0,Jeffrey Schlupp,Left Back,91.3,4.1,89.6,4.7,1.819286,True,,,,,,,False,,,,,,,False,False,left_to_right,False,91.3,4.1,89.6,4.7,False,False,False,False
7ee96e03-d60f-4ccf-b695-a69b91dc3bf1,3754237,370,1,00:09:48.018,9,48,17,Pressure,18,22,Leicester City,From Throw In,41,Sunderland,10503.0,Billy Jones,Right Back,24.2,74.6,,,0.581742,False,,,,,,,False,,,,,,,False,False,left_to_right,False,24.2,74.6,,,False,False,False,False
bbcc156f-0276-4dfb-bbbd-419bd7bf717a,3754237,371,1,00:09:48.564,9,48,22,Foul Committed,18,22,Leicester City,From Throw In,41,Sunderland,10503.0,Billy Jones,Right Back,30.5,75.4,,,0.0,False,,,,,,,False,,,,,,,False,False,left_to_right,False,30.5,75.4,,,False,False,False,False
219a9ba3-52b8-4e97-94ea-5fec467e2030,3754237,372,1,00:09:48.564,9,48,21,Foul Won,18,22,Leicester City,From Throw In,22,Leicester City,3520.0,Jeffrey Schlupp,Left Back,89.6,4.7,,,0.0,True,,,,,,,False,,,,,,,False,False,left_to_right,False,89.6,4.7,,,False,False,False,False
b5ec3286-bd11-4e05-b21c-4cf1811c5d49,3754237,373,1,00:10:16.784,10,16,30,Pass,19,22,Leicester City,From Free Kick,22,Leicester City,3307.0,Marc Albrighton,Right Midfield,93.3,7.7,107.3,26.4,0.986781,False,,,,,,,True,23.360008,0.92815137,High Pass,Free Kick,10960.0,Jamie Vardy,False,True,left_to_right,False,93.3,7.7,107.3,26.4,False,True,False,False
961456e3-07bb-4114-9934-fa0cdbf489ba,3754237,374,1,00:10:17.771,10,17,42,Ball Receipt*,19,22,Leicester City,From Free Kick,22,Leicester City,10960.0,Jamie Vardy,Left Center Forward,107.3,26.4,,,,False,,,,,,,False,,,,,,,False,False,left_to_right,False,107.3,26.4,,,False,False,False,False
d6955257-a1ed-4b64-a351-58e16eadc888,3754237,375,1,00:10:17.805,10,17,16,Shot,19,22,Leicester City,From Free Kick,22,Leicester City,10960.0,Jamie Vardy,Left Center Forward,108.1,25.7,120.0,41.8,1.645565,False,0.012146741,Goal,Head,Normal,Open Play,,False,,,,,,,False,False,left_to_right,False,108.1,25.7,120.0,41.8,False,False,False,False
df6cdb46-e3d4-46f8-a100-2dd0c0866d69,3754237,376,1,00:10:19.450,10,19,23,Goal Keeper,19,22,Leicester City,From Free Kick,41,Sunderland,6871.0,Costel Fane Pantilimon,Goalkeeper,2.8,41.0,,,0.0,False,,,,,,,False,,,,,,,False,False,left_to_right,False,2.8,41.0,,,False,False,False,False
0c40a20a-a039-4a14-b57d-89f6d454d7f6,3754237,377,1,00:11:14.020,11,14,30,Pass,20,41,Sunderland,From Kick Off,41,Sunderland,3337.0,Jermain Defoe,Center Forward,61.0,40.1,60.2,37.1,0.369446,False,,,,,,,True,3.104835,-1.8313987,Ground Pass,Kick Off,5617.0,Sebastian Larsson,False,False,left_to_right,False,61.0,40.1,60.2,37.1,False,False,False,False
2ba46102-9882-4332-b711-0c8db4d7975c,3754237,378,1,00:11:14.389,11,14,42,Ball Receipt*,20,41,Sunderland,From Kick Off,41,Sunderland,5617.0,Sebastian Larsson,Right Center Midfield,60.2,37.1,,,,False,,,,,,,False,,,,,,,False,False,left_to_right,False,60.2,37.1,,,False,False,False,False
d50d48bf-7176-4627-a243-e18788fed047,3754237,379,1,00:11:14.389,11,14,43,Carry,20,41,Sunderland,From Kick Off,41,Sunderland,5617.0,Sebastian Larsson,Right Center Midfield,60.2,37.1,60.2,37.1,0.091387,False,,,,,,,False,,,,,,,False,False,left_to_right,False,60.2,37.1,60.2,37.1,False,False,False,False
fa6867b8-e09e-4204-b5fb-92731b803884,3754237,380,1,00:11:14.481,11,14,30,Pass,20,41,Sunderland,From Kick Off,41,Sunderland,5617.0,Sebastian Larsson,Right Center Midfield,60.2,37.1,49.9,33.4,1.430514,False,,,,,,,True,10.944405,-2.7967248,Ground Pass,,18751.0,Jack Rodwell,False,False,left_to_right,False,60.2,37.1,49.9,33.4,False,False,False,False
94e0515e-e60e-4511-8716-cf05e2bfed6b,3754237,381,1,00:11:15.911,11,15,42,Ball Receipt*,20,41,Sunderland,From Kick Off,41,Sunderland,18751.0,Jack Rodwell,Left Center Midfield,49.9,33.4,,,,False,,,,,,,False,,,,,,,False,False,left_to_right,False,49.9,33.4,,,False,False,False,False
ecf4b6af-dcce-41c2-9d6d-719a1b9f5b81,3754237,382,1,00:11:15.911,11,15,43,Carry,20,41,Sunderland,From Kick Off,41,Sunderland,18751.0,Jack Rodwell,Left Center Midfield,49.9,33.4,49.9,33.4,0.452,False,,,,,,,False,,,,,,,False,False,left_to_right,False,49.9,33.4,49.9,33.4,False,False,False,False
e6961c9d-675d-4e92-a368-27ee0b944a84,3754237,383,1,00:11:16.363,11,16,30,Pass,20,41,Sunderland,From Kick Off,41,Sunderland,18751.0,Jack Rodwell,Left Center Midfield,49.9,33.4,48.2,13.1,1.461373,False,,,,,,,True,20.371058,-1.6543453,Ground Pass,,3321.0,Patrick van Aanholt,False,False,left_to_right,False,49.9,33.4,48.2,13.1,False,False,False,False
a59c8219-8d62-4def-9ebe-f1a597bd29ed,3754237,384,1,00:11:17.825,11,17,42,Ball Receipt*,20,41,Sunderland,From Kick Off,41,Sunderland,3321.0,Patrick van Aanholt,Left Back,48.2,13.1,,,,False,,,,,,,False,,,,,,,False,False,left_to_right,False,48.2,13.1,,,False,False,False,False
6497fe39-b510-43cd-96a0-b5b10200e15e,3754237,385,1,00:11:17.825,11,17,43,Carry,20,41,Sunderland,From Kick Off,41,Sunderland,3321.0,Patrick van Aanholt,Left Back,48.2,13.1,49.1,12.0,2.038379,False,,,,,,,False,,,,,,,False,False,left_to_right,False,48.2,13.1,49.1,12.0,False,False,False,False
d3041c0d-3578-4136-85e7-022f40372138,3754237,386,1,00:11:19.863,11,19,30,Pass,20,41,Sunderland,From Kick Off,41,Sunderland,3321.0,Patrick van Aanholt,Left Back,49.1,12.0,21.3,22.6,1.757738,False,,,,,,,True,29.752312,2.7773147,Ground Pass,,4746.0,Younes Kaboul,False,False,left_to_right,False,49.1,12.0,21.3,22.6,False,False,False,False
1930bd32-9838-481b-9f4c-7cdc31cea3e7,3754237,387,1,00:11:21.621,11,21,42,Ball Receipt*,20,41,Sunderland,From Kick Off,41,Sunderland,4746.0,Younes Kaboul,Left Center Back,21.3,22.6,,,,False,,,,,,,False,,,,,,,False,False,left_to_right,False,21.3,22.6,,,False,False,False,False
013c48c3-9f4b-44a1-940e-c5d409c3c2ed,3754237,388,1,00:11:21.621,11,21,43,Carry,20,41,Sunderland,From Kick Off,41,Sunderland,4746.0,Younes Kaboul,Left Center Back,21.3,22.6,13.1,26.0,1.918932,False,,,,,,,False,,,,,,,False,False,left_to_right,False,21.3,22.6,13.1,26.0,False,False,False,False
4e8c1b9a-89ac-4568-b493-dc08f8e5dee4,3754237,389,1,00:11:23.540,11,23,30,Pass,20,41,Sunderland,From Kick Off,41,Sunderland,4746.0,Younes Kaboul,Left Center Back,13.1,26.0,25.0,62.9,2.584379,False,,,,,,,True,38.77138,1.2588334,Ground Pass,,6300.0,Sebastián Coates Nión,False,False,left_to_right,False,13.1,26.0,25.0,62.9,False,False,False,False
e9321114-ffe1-44cd-87f2-305bf7d87c83,3754237,390,1,00:11:26.124,11,26,42,Ball Receipt*,20,41,Sunderland,From Kick Off,41,Sunderland,6300.0,Sebastián Coates Nión,Right Center Back,25.0,62.9,,,,False,,,,,,,False,,,,,,,False,False,left_to_right,False,25.0,62.9,,,False,False,False,False
c6621827-8400-4670-a044-35460303d5cf,3754237,391,1,00:11:26.124,11,26,43,Carry,20,41,Sunderland,From Kick Off,41,Sunderland,6300.0,Sebastián Coates Nión,Right Center Back,25.0,62.9,26.2,62.6,0.967479,False,,,,,,,False,,,,,,,False,False,left_to_right,False,25.0,62.9,26.2,62.6,False,False,False,False
1912cc31-5dcf-4a42-8c9c-6f8eb267482d,3754237,392,1,00:11:27.092,11,27,30,Pass,20,41,Sunderland,From Kick Off,41,Sunderland,6300.0,Sebastián Coates Nión,Right Center Back,26.2,62.6,40.5,51.8,1.263496,False,,,,,,,True,17.920101,-0.64684933,Ground Pass,,10783.0,Lee Cattermole,False,False,left_to_right,False,26.2,62.6,40.5,51.8,False,False,False,False
fda941e3-627b-4880-b862-9591bdb2a30e,3754237,393,1,00:11:28.355,11,28,42,Ball Receipt*,20,41,Sunderland,From Kick Off,41,Sunderland,10783.0,Lee Cattermole,Center Defensive Midfield,40.5,51.8,,,,False,,,,,,,False,,,,,,,False,False,left_to_right,False,40.5,51.8,,,False,False,False,False
b0a6e3e1-d46a-412a-afa2-3d2389410b3b,3754237,394,1,00:11:28.355,11,28,43,Carry,20,41,Sunderland,From Kick Off,41,Sunderland,10783.0,Lee Cattermole,Center Defensive Midfield,40.5,51.8,41.3,50.4,3.049559,True,,,,,,,False,,,,,,,False,False,left_to_right,False,40.5,51.8,41.3,50.4,False,False,False,False
1ef47317-68f1-4351-9926-e2a63cc75271,3754237,395,1,00:11:30.495,11,30,17,Pressure,20,41,Sunderland,From Kick Off,22,Leicester City,3307.0,Marc Albrighton,Right Midfield,75.3,29.5,,,1.132371,False,,,,,,,False,,,,,,,False,False,left_to_right,False,75.3,29.5,,,False,False,False,False
ba1a1342-9dcd-462d-b553-3c9f174c830a,3754237,396,1,00:11:31.405,11,31,30,Pass,20,41,Sunderland,From Kick Off,41,Sunderland,10783.0,Lee Cattermole,Center Defensive Midfield,41.3,50.4,39.9,15.7,2.934081,True,,,,,,,True,34.72823,-1.6111202,Ground Pass,,4746.0,Younes Kaboul,False,False,left_to_right,False,41.3,50.4,39.9,15.7,False,False,False,False
09e79d38-50f0-43c1-a152-ed33fe57f45c,3754237,397,1,00:11:34.339,11,34,42,Ball Receipt*,20,41,Sunderland,From Kick Off,41,Sunderland,4746.0,Younes Kaboul,Left Center Back,39.9,15.7,,,,False,,,,,,,False,,,,,,,False,False,left_to_right,False,39.9,15.7,,,False,False,False,False
1cf65961-f29d-4b6a-9ceb-abfacaea8e2c,3754237,398,1,00:11:34.339,11,34,43,Carry,20,41,Sunderland,From Kick Off,41,Sunderland,4746.0,Younes Kaboul,Left Center Back,39.9,15.7,40.7,17.7,0.039997,False,,,,,,,False,,,,,,,False,False,left_to_right,False,39.9,15.7,40.7,17.7,False,False,False,False
072a60a6-eafb-44b7-bc53-8b8e7913737a,3754237,399,1,00:11:34.379,11,34,30,Pass,20,41,Sunderland,From Kick Off,41,Sunderland,4746.0,Younes Kaboul,Left Center Back,40.7,17.7,68.8,15.7,1.412134,False,,,,,,,True,28.171085,-0.071054555,Ground Pass,,16457.0,Jeremain Lens,False,False,left_to_right,False,40.7,17.7,68.8,15.7,False,True,False,False
50aa6bc7-f409-4850-bd7f-e00863b327a7,3754237,400,1,00:11:35.791,11,35,42,Ball Receipt*,20,41,Sunderland,From Kick Off,41,Sunderland,16457.0,Jeremain Lens,Left Midfield,68.8,15.7,,,,False,,,,,,,False,,,,,,,False,False,left_to_right,False,68.8,15.7,,,False,False,False,False
f658f30b-15ab-48cc-8d81-a3009306089d,3754237,401,1,00:11:35.791,11,35,43,Carry,20,41,Sunderland,From Kick Off,41,Sunderland,16457.0,Jeremain Lens,Left Midfield,68.8,15.7,68.8,15.7,0.039997,False,,,,,,,False,,,,,,,False,False,left_to_right,False,68.8,15.7,68.8,15.7,False,False,False,False
e1eccc06-abd8-445b-bf4e-1efa5d4e76b6,3754237,402,1,00:11:35.831,11,35,30,Pass,20,41,Sunderland,From Kick Off,41,Sunderland,16457.0,Jeremain Lens,Left Midfield,68.8,15.7,68.5,0.3,0.994808,False,,,,,,Out,False,15.402922,-1.5902743,Ground Pass,,3321.0,Patrick van Aanholt,False,False,left_to_right,False,68.8,15.7,68.5,0.3,False,False,False,True
60eb1e8a-c847-4e4e-9b25-f441ada0de1d,3754237,403,1,00:11:36.826,11,36,42,Ball Receipt*,20,41,Sunderland,From Kick Off,41,Sunderland,3321.0,Patrick van Aanholt,Left Back,74.6,4.6,,,,False,,,,,,,False,,,,,,,False,False,left_to_right,False,74.6,4.6,,,False,False,False,False
5f240cde-476a-45f6-801a-2c4612bed76a,3754237,404,1,00:11:56.660,11,56,30,Pass,21,22,Leicester City,From Throw In,22,Leicester City,28782.0,Ritchie De Laet,Right Back,53.9,80.0,78.2,74.1,1.180337,False,,,,,,Incomplete,False,25.005999,-0.23818924,High Pass,Throw-in,3810.0,Shinji Okazaki,False,False,left_to_right,False,53.9,80.0,78.2,74.1,False,True,False,True
7d07d3ef-d56d-443e-993f-ef7012ee071b,3754237,405,1,00:11:57.840,11,57,42,Ball Receipt*,21,22,Leicester City,From Throw In,22,Leicester City,3810.0,Shinji Okazaki,Right Center Forward,78.2,74.1,,,,False,,,,,,,False,,,,,,,False,False,left_to_right,False,78.2,74.1,,,False,False,False,False
b2b4c831-86d3-44ca-afba-05164cd65d21,3754237,406,1,00:11:57.840,11,57,4,Duel,21,22,Leicester City,From Throw In,22,Leicester City,3810.0,Shinji Okazaki,Right Center Forward,78.2,74.1,,,0.0,True,,,,,,,False,,,,,,,False,False,left_to_right,False,78.2,74.1,,,False,False,False,False
56c08c7b-4ce5-4acd-9723-5a9aae30fd60,3754237,407,1,00:11:57.840,11,57,30,Pass,22,41,Sunderland,Regular Play,41,Sunderland,10783.0,Lee Cattermole,Center Defensive Midfield,41.9,6.0,54.5,14.0,1.316029,True,,,,,,,True,14.925146,0.5657015,High Pass,Recovery,18751.0,Jack Rodwell,False,False,left_to_right,False,41.9,6.0,54.5,14.0,False,False,False,False
b3d7e87a-f07a-4d0f-9ea8-e0e46e44c5e4,3754237,408,1,00:11:59.069,11,59,17,Pressure,22,41,Sunderland,Regular Play,22,Leicester City,3665.0,Andrew Philip King,Right Center Midfield,65.0,66.1,,,1.018881,False,,,,,,,False,,,,,,,False,False,left_to_right,False,65.0,66.1,,,False,False,False,False
8fb12a24-0f62-4a19-b678-cc165753aaa8,3754237,409,1,00:11:59.156,11,59,42,Ball Receipt*,22,41,Sunderland,Regular Play,41,Sunderland,18751.0,Jack Rodwell,Left Center Midfield,54.5,14.0,,,,True,,,,,,,False,,,,,,,False,False,left_to_right,False,54.5,14.0,,,False,False,False,False
f83dff6a-d91c-4a52-9069-0a92b97cd74c,3754237,410,1,00:11:59.156,11,59,43,Carry,22,41,Sunderland,Regular Play,41,Sunderland,18751.0,Jack Rodwell,Left Center Midfield,54.5,14.0,52.2,17.7,0.900094,True,,,,,,,False,,,,,,,False,False,left_to_right,False,54.5,14.0,52.2,17.7,False,False,False,False
6fa4b609-0b27-44a5-9d4d-1657f6458cf7,3754237,411,1,00:12:00.057,12,0,30,Pass,22,41,Sunderland,Regular Play,41,Sunderland,18751.0,Jack Rodwell,Left Center Midfield,52.2,17.7,36.1,30.9,1.981698,True,,,,,,,True,20.819462,2.4548492,Low Pass,,6300.0,Sebastián Coates Nión,False,False,left_to_right,False,52.2,17.7,36.1,30.9,False,False,False,False
95b43fac-2ef1-4372-8988-ee00c3cbb632,3754237,412,1,00:12:02.038,12,2,42,Ball Receipt*,22,41,Sunderland,Regular Play,41,Sunderland,6300.0,Sebastián Coates Nión,Right Center Back,36.1,30.9,,,,False,,,,,,,False,,,,,,,False,False,left_to_right,False,36.1,30.9,,,False,False,False,False
694d2504-17ce-4999-a6e4-4b798802a2bb,3754237,413,1,00:12:02.038,12,2,43,Carry,22,41,Sunderland,Regular Play,41,Sunderland,6300.0,Sebastián Coates Nión,Right Center Back,36.1,30.9,39.3,37.7,1.801953,False,,,,,,,False,,,,,,,False,False,left_to_right,False,36.1,30.9,39.3,37.7,False,False,False,False
ac942bc3-8b98-43e6-95cf-cc702cbb9671,3754237,414,1,00:12:03.840,12,3,30,Pass,22,41,Sunderland,Regular Play,41,Sunderland,6300.0,Sebastián Coates Nión,Right Center Back,39.3,37.7,113.7,27.7,4.608476,False,,,,,,Incomplete,False,75.06904,-0.13360786,High Pass,,3337.0,Jermain Defoe,False,False,left_to_right,False,39.3,37.7,113.7,27.7,False,True,True,True
ca353e97-ff3e-4c57-bf5c-04688104eb00,3754237,415,1,00:12:08.449,12,8,42,Ball Receipt*,22,41,Sunderland,Regular Play,41,Sunderland,3337.0,Jermain Defoe,Center Forward,107.7,34.0,,,,False,,,,,,,False,,,,,,,False,False,left_to_right,False,107.7,34.0,,,False,False,False,False
163852ee-6ec9-4ed5-bf74-ff609cb39cc5,3754237,416,1,00:12:08.449,12,8,2,Ball Recovery,23,22,Leicester City,Regular Play,22,Leicester City,3815.0,Kasper Schmeichel,Goalkeeper,6.4,52.4,,,0.0,False,,,,,,,False,,,,,,,False,False,left_to_right,False,6.4,52.4,,,False,False,False,False
123164ad-b089-49e1-a685-03b2ee2494ee,3754237,417,1,00:12:25.251,12,25,30,Pass,23,22,Leicester City,Regular Play,22,Leicester City,3815.0,Kasper Schmeichel,Goalkeeper,9.0,49.5,72.5,11.5,0.710062,False,,,,,,Incomplete,False,74.001686,-0.53926075,High Pass,,,,False,False,left_to_right,False,9.0,49.5,72.5,11.5,False,True,False,True
e26f39c6-5454-4d27-8c12-6c5ed8146404,3754237,418,1,00:12:25.961,12,25,4,Duel,23,22,Leicester City,Regular Play,22,Leicester City,3307.0,Marc Albrighton,Right Midfield,72.5,11.5,,,0.0,True,,,,,,,False,,,,,,,False,False,left_to_right,False,72.5,11.5,,,False,False,False,False
b74ffb39-c955-4648-8af6-32e42e139d29,3754237,419,1,00:12:25.961,12,25,30,Pass,23,22,Leicester City,Regular Play,41,Sunderland,10503.0,Billy Jones,Right Back,47.6,68.6,57.3,46.0,1.55909,True,,,,,,Incomplete,False,24.593699,-1.1653706,High Pass,Recovery,,,False,False,left_to_right,False,47.6,68.6,57.3,46.0,False,False,False,True
9edae4d0-e324-4fa1-aec6-f5ec2618b303,3754237,420,1,00:12:27.520,12,27,30,Pass,23,22,Leicester City,Regular Play,22,Leicester City,3665.0,Andrew Philip King,Right Center Midfield,62.8,34.1,81.7,18.4,1.17922,False,,,,,,Incomplete,False,24.570307,-0.69317496,High Pass,Recovery,,,False,False,left_to_right,False,62.8,34.1,81.7,18.4,False,False,True,True
3a790f4f-cc61-4873-bb8a-251595bbfbd2,3754237,421,1,00:12:28.699,12,28,30,Pass,23,22,Leicester City,Regular Play,41,Sunderland,6300.0,Sebastián Coates Nión,Right Center Back,38.4,61.7,52.2,52.6,0.772099,False,,,,,,Incomplete,False,16.530275,-0.58296907,Low Pass,Interception,,,False,False,left_to_right,False,38.4,61.7,52.2,52.6,False,False,False,True
8e1cd98a-8aee-4b2c-9aab-01461933d783,3754237,422,1,00:12:29.471,12,29,2,Ball Recovery,23,22,Leicester City,Regular Play,22,Leicester City,3665.0,Andrew Philip King,Right Center Midfield,67.9,27.5,,,0.0,False,,,,,,,False,,,,,,,False,False,left_to_right,False,67.9,27.5,,,False,False,False,False
8412aceb-da4f-4cdf-8124-bd4bbcf0a7da,3754237,423,1,00:12:29.471,12,29,43,Carry,23,22,Leicester City,Regular Play,22,Leicester City,3665.0,Andrew Philip King,Right Center Midfield,67.9,27.5,67.6,27.7,1.083455,False,,,,,,,False,,,,,,,False,False,left_to_right,False,67.9,27.5,67.6,27.7,False,False,False,False
7464fb8f-3084-4e52-b3e3-6a79a268cd5d,3754237,424,1,00:12:30.554,12,30,30,Pass,23,22,Leicester City,Regular Play,22,Leicester City,3665.0,Andrew Philip King,Right Center Midfield,67.6,27.7,110.8,15.8,3.439058,False,,,,,,,True,44.80904,-0.26879656,High Pass,,10960.0,Jamie Vardy,False,False,left_to_right,False,67.6,27.7,110.8,15.8,False,True,True,False
050fd081-5fe2-49c1-a86b-0a02b0dbdeb2,3754237,425,1,00:12:33.993,12,33,42,Ball Receipt*,23,22,Leicester City,Regular Play,22,Leicester City,10960.0,Jamie Vardy,Left Center Forward,110.8,15.8,,,,False,,,,,,,False,,,,,,,False,False,left_to_right,False,110.8,15.8,,,False,False,False,False
dc76cf8b-f81f-4062-ae23-26a647604a5e,3754237,426,1,00:12:33.993,12,33,43,Carry,23,22,Leicester City,Regular Play,22,Leicester City,10960.0,Jamie Vardy,Left Center Forward,110.8,15.8,114.8,22.1,1.257213,False,,,,,,,False,,,,,,,False,False,left_to_right,False,110.8,15.8,114.8,22.1,True,False,False,False
6e828f9d-46a4-4fb7-ba50-10f5d4e7cd04,3754237,427,1,00:12:35.251,12,35,30,Pass,23,22,Leicester City,Regular Play,22,Leicester City,10960.0,Jamie Vardy,Left Center Forward,114.8,22.1,113.6,37.2,0.711542,False,,,,,,,True,15.147607,1.6500999,Ground Pass,,3810.0,Shinji Okazaki,True,False,left_to_right,False,114.8,22.1,113.6,37.2,False,True,False,False
fe098cb3-0241-4129-a476-a67edca33609,3754237,428,1,00:12:35.962,12,35,42,Ball Receipt*,23,22,Leicester City,Regular Play,22,Leicester City,3810.0,Shinji Okazaki,Right Center Forward,113.6,37.2,,,,False,,,,,,,False,,,,,,,False,False,left_to_right,False,113.6,37.2,,,False,False,False,False
88d7cbed-94e2-4e05-8812-77f407306168,3754237,429,1,00:12:36.025,12,36,16,Shot,23,22,Leicester City,Regular Play,22,Leicester City,3810.0,Shinji Okazaki,Right Center Forward,114.1,36.4,115.1,36.5,0.110612,False,0.1838096,Blocked,Left Foot,Normal,Open Play,,False,,,,,,,False,False,left_to_right,False,114.1,36.4,115.1,36.5,False,False,False,False
546b81b8-1388-44b5-8c96-633a3a5520fe,3754237,430,1,00:12:36.136,12,36,6,Block,23,22,Leicester City,Regular Play,41,Sunderland,4746.0,Younes Kaboul,Left Center Back,5.0,43.6,,,0.0,False,,,,,,,False,,,,,,,False,False,left_to_right,False,5.0,43.6,,,False,False,False,False
c60357dd-5861-4b3c-b88f-47699b2178a4,3754237,431,1,00:12:36.179,12,36,23,Goal Keeper,23,22,Leicester City,Regular Play,41,Sunderland,6871.0,Costel Fane Pantilimon,Goalkeeper,1.9,43.1,,,0.0,False,,,,,,,False,,,,,,,False,False,left_to_right,False,1.9,43.1,,,False,False,False,False
cb3f8024-6ccc-4d36-91cf-42dc351e7d65,3754237,432,1,00:12:37.851,12,37,17,Pressure,23,22,Leicester City,Regular Play,22,Leicester City,3814.0,Riyad Mahrez,Left Midfield,116.8,42.4,,,0.147467,False,,,,,,,False,,,,,,,False,False,left_to_right,False,116.8,42.4,,,False,False,False,False
91d5eacf-b830-4021-9fc1-5ab14c57d13b,3754237,433,1,00:12:37.993,12,37,9,Clearance,23,22,Leicester City,Regular Play,41,Sunderland,3321.0,Patrick van Aanholt,Left Back,2.7,38.3,,,0.0,True,,,,,,,False,,,,,,,False,False,left_to_right,False,2.7,38.3,,,False,False,False,False
4cde8b84-024a-4e1c-98e0-85431132db15,3754237,434,1,00:12:38.193,12,38,6,Block,23,22,Leicester City,Regular Play,41,Sunderland,4746.0,Younes Kaboul,Left Center Back,6.2,40.3,,,0.0,False,,,,,,,False,,,,,,,False,False,left_to_right,False,6.2,40.3,,,False,False,False,False
4ed2b274-a3ea-4dac-b5f2-16e22005f4a5,3754237,435,1,00:13:07.499,13,7,30,Pass,24,22,Leicester City,From Corner,22,Leicester City,3307.0,Marc Albrighton,Right Midfield,120.0,80.0,106.7,20.4,4.76394,False,,,,,,Incomplete,False,61.06595,-1.7903534,High Pass,Corner,,,False,False,left_to_right,False,120.0,80.0,106.7,20.4,False,True,False,True
89fd81c4-4b31-4528-bd59-bb964de12e66,3754237,436,1,00:13:12.263,13,12,2,Ball Recovery,24,22,Leicester City,From Corner,41,Sunderland,42902.0,Adam Johnson,Right Midfield,13.4,59.7,,,0.0,False,,,,,,,False,,,,,,,False,False,left_to_right,False,13.4,59.7,,,False,False,False,False
1c3fa06e-8241-4570-9da1-8e7d5343db74,3754237,437,1,00:13:12.263,13,12,43,Carry,24,22,Leicester City,From Corner,41,Sunderland,42902.0,Adam Johnson,Right Midfield,13.4,59.7,9.0,78.0,2.434788,True,,,,,,,False,,,,,,,False,False,left_to_right,False,13.4,59.7,9.0,78.0,False,False,False,False
50f040f4-9c81-4d47-9fa4-508952017c6a,3754237,438,1,00:13:12.501,13,12,17,Pressure,24,22,Leicester City,From Corner,22,Leicester City,3813.0,Wes Morgan,Left Center Back,109.3,13.2,,,2.165163,False,,,,,,,False,,,,,,,False,False,left_to_right,False,109.3,13.2,,,False,False,False,False
96d261dd-4adc-43f1-bfce-bdd75b13d8b1,3754237,439,1,00:13:14.698,13,14,30,Pass,24,22,Leicester City,From Corner,41,Sunderland,42902.0,Adam Johnson,Right Midfield,9.0,78.0,42.5,69.8,1.458295,False,,,,,,,True,34.488983,-0.24005605,Low Pass,,16457.0,Jeremain Lens,False,False,left_to_right,False,9.0,78.0,42.5,69.8,False,True,False,False
5322029e-c551-4fff-8e0a-b476ba816153,3754237,440,1,00:13:16.156,13,16,42,Ball Receipt*,24,22,Leicester City,From Corner,41,Sunderland,16457.0,Jeremain Lens,Left Midfield,42.5,69.8,,,,False,,,,,,,False,,,,,,,False,False,left_to_right,False,42.5,69.8,,,False,False,False,False
731392fb-7700-456a-9c62-364a3e9de4f8,3754237,441,1,00:13:16.156,13,16,43,Carry,24,22,Leicester City,From Corner,41,Sunderland,16457.0,Jeremain Lens,Left Midfield,42.5,69.8,40.5,74.6,3.04448,True,,,,,,,False,,,,,,,False,False,left_to_right,False,42.5,69.8,40.5,74.6,False,False,False,False
54256961-982b-4323-bc23-97972cc938fc,3754237,442,1,00:13:16.413,13,16,17,Pressure,24,22,Leicester City,From Corner,22,Leicester City,3662.0,Danny Drinkwater,Left Center Midfield,76.5,11.7,,,2.242106,False,,,,,,,False,,,,,,,False,False,left_to_right,False,76.5,11.7,,,False,False,False,False
ee43b05a-81eb-4380-98f2-4ad8d146326b,3754237,443,1,00:13:18.538,13,18,17,Pressure,24,22,Leicester City,From Corner,22,Leicester City,3813.0,Wes Morgan,Left Center Back,80.8,8.0,,,0.542992,False,,,,,,,False,,,,,,,False,False,left_to_right,False,80.8,8.0,,,False,False,False,False
20047825-21d0-4858-94cb-a86705cd0e00,3754237,444,1,00:13:19.201,13,19,3,Dispossessed,24,22,Leicester City,From Corner,41,Sunderland,16457.0,Jeremain Lens,Left Midfield,40.5,74.6,,,0.0,True,,,,,,,False,,,,,,,False,False,left_to_right,False,40.5,74.6,,,False,False,False,True
3dfbc5b5-6ccd-4fa0-a088-e589c1a003f9,3754237,445,1,00:13:19.201,13,19,4,Duel,24,22,Leicester City,From Corner,22,Leicester City,3813.0,Wes Morgan,Left Center Back,79.6,5.5,,,0.0,True,,,,,,,False,,,,,,,False,False,left_to_right,False,79.6,5.5,,,False,False,False,False
936fbaf6-6eaf-498a-93bc-1461b381a989,3754237,446,1,00:13:28.784,13,28,30,Pass,24,22,Leicester City,From Corner,22,Leicester City,3665.0,Andrew Philip King,Right Center Midfield,70.5,29.5,68.4,58.7,1.906473,False,,,,,,,True,29.275415,1.6425905,Ground Pass,Recovery,3307.0,Marc Albrighton,False,False,left_to_right,False,70.5,29.5,68.4,58.7,False,False,False,False
47328efe-a367-40ea-bdbb-eafc7b981b10,3754237,447,1,00:13:30.691,13,30,42,Ball Receipt*,24,22,Leicester City,From Corner,22,Leicester City,3307.0,Marc Albrighton,Right Midfield,68.4,58.7,,,,False,,,,,,,False,,,,,,,False,False,left_to_right,False,68.4,58.7,,,False,False,False,False
e53105f7-9d69-4dee-93d5-44d7c21aec5d,3754237,448,1,00:13:30.691,13,30,43,Carry,24,22,Leicester City,From Corner,22,Leicester City,3307.0,Marc Albrighton,Right Midfield,68.4,58.7,105.9,72.7,5.694043,False,,,,,,,False,,,,,,,False,False,left_to_right,False,68.4,58.7,105.9,72.7,True,False,False,False
a7f61952-b09e-4869-bbc4-0af69f0c5f08,3754237,449,1,00:13:36.385,13,36,14,Dribble,24,22,Leicester City,From Corner,22,Leicester City,3307.0,Marc Albrighton,Right Midfield,105.9,72.7,,,0.0,True,,,,,,,False,,,,,,,False,False,left_to_right,False,105.9,72.7,,,False,False,False,False
1326a7ea-a744-4be4-8a47-1e1d11a97fec,3754237,450,1,00:13:36.385,13,36,4,Duel,25,41,Sunderland,Regular Play,41,Sunderland,3321.0,Patrick van Aanholt,Left Back,14.2,7.4,,,0.0,True,,,,,,,False,,,,,,,False,False,left_to_right,False,14.2,7.4,,,False,False,False,False
edabf09c-c7ba-456c-9548-b0c50f9105c9,3754237,451,1,00:13:36.385,13,36,43,Carry,25,41,Sunderland,Regular Play,41,Sunderland,3321.0,Patrick van Aanholt,Left Back,14.2,7.4,3.6,4.6,2.169792,True,,,,,,,False,,,,,,,False,False,left_to_right,False,14.2,7.4,3.6,4.6,False,False,False,False
c19d2468-caa4-46d5-9cc4-5e12c7646438,3754237,452,1,00:13:37.880,13,37,17,Pressure,25,41,Sunderland,Regular Play,22,Leicester City,3307.0,Marc Albrighton,Right Midfield,111.9,73.2,,,0.818348,False,,,,,,,False,,,,,,,False,False,left_to_right,False,111.9,73.2,,,False,False,False,False
03fc1d05-29b1-4624-b40b-45767b2f90cd,3754237,453,1,00:13:38.554,13,38,30,Pass,25,41,Sunderland,Regular Play,41,Sunderland,3321.0,Patrick van Aanholt,Left Back,3.6,4.6,9.3,11.2,1.196486,True,,,,,,,True,8.720665,0.85843873,Ground Pass,,18751.0,Jack Rodwell,False,False,left_to_right,False,3.6,4.6,9.3,11.2,False,False,False,False
fc10a723-36dd-4e20-8ded-46a19a43e369,3754237,454,1,00:13:39.751,13,39,42,Ball Receipt*,25,41,Sunderland,Regular Play,41,Sunderland,18751.0,Jack Rodwell,Left Center Midfield,9.3,11.2,,,,False,,,,,,,False,,,,,,,False,False,left_to_right,False,9.3,11.2,,,False,False,False,False
77917f42-2af4-4e73-bd62-36c88fbdb892,3754237,455,1,00:13:39.751,13,39,43,Carry,25,41,Sunderland,Regular Play,41,Sunderland,18751.0,Jack Rodwell,Left Center Midfield,9.3,11.2,10.5,7.4,1.560812,False,,,,,,,False,,,,,,,False,False,left_to_right,False,9.3,11.2,10.5,7.4,False,False,False,False
578ec02b-bf60-4f2c-b7ca-f1c50970f0fa,3754237,456,1,00:13:41.312,13,41,30,Pass,25,41,Sunderland,Regular Play,41,Sunderland,18751.0,Jack Rodwell,Left Center Midfield,10.5,7.4,54.2,11.8,2.327194,False,,,,,,,True,43.92095,0.10034831,High Pass,,3337.0,Jermain Defoe,False,False,left_to_right,False,10.5,7.4,54.2,11.8,False,True,False,False
b8c10e81-6456-49b3-8b57-0b49227c2971,3754237,457,1,00:13:43.465,13,43,17,Pressure,25,41,Sunderland,Regular Play,22,Leicester City,40123.0,Robert Huth,Right Center Back,66.4,68.6,,,0.209534,False,,,,,,,False,,,,,,,False,False,left_to_right,False,66.4,68.6,,,False,False,False,False
1bc80f7e-3ffb-4d7b-8a43-4d6d1417a3f7,3754237,458,1,00:13:43.639,13,43,42,Ball Receipt*,25,41,Sunderland,Regular Play,41,Sunderland,3337.0,Jermain Defoe,Center Forward,54.2,11.8,,,,True,,,,,,,False,,,,,,,False,False,left_to_right,False,54.2,11.8,,,False,False,False,False
1d2ed912-55ae-48ed-a060-c542b5337482,3754237,459,1,00:13:43.639,13,43,43,Carry,25,41,Sunderland,Regular Play,41,Sunderland,3337.0,Jermain Defoe,Center Forward,54.2,11.8,54.5,10.6,0.039999,True,,,,,,,False,,,,,,,False,False,left_to_right,False,54.2,11.8,54.5,10.6,False,False,False,False
a9d9a053-7a4f-42d5-bf23-cd46ab37715a,3754237,460,1,00:13:43.679,13,43,30,Pass,25,41,Sunderland,Regular Play,41,Sunderland,3337.0,Jermain Defoe,Center Forward,54.5,10.6,65.9,21.4,1.414699,False,,,,,,,True,15.703503,0.75837773,Low Pass,,16457.0,Jeremain Lens,False,False,left_to_right,False,54.5,10.6,65.9,21.4,False,False,False,False
a855b324-64cc-469d-bd2e-30d32e7579d9,3754237,461,1,00:13:44.471,13,44,17,Pressure,25,41,Sunderland,Regular Play,22,Leicester City,3662.0,Danny Drinkwater,Left Center Midfield,56.2,58.7,,,1.470862,False,,,,,,,False,,,,,,,False,False,left_to_right,False,56.2,58.7,,,False,False,False,False
c86fee33-e8bd-457b-9746-bdd9048a418e,3754237,462,1,00:13:45.094,13,45,42,Ball Receipt*,25,41,Sunderland,Regular Play,41,Sunderland,16457.0,Jeremain Lens,Left Midfield,65.9,21.4,,,,True,,,,,,,False,,,,,,,False,False,left_to_right,False,65.9,21.4,,,False,False,False,False
42553ff2-abd9-4e2f-8798-3292a1cc75eb,3754237,463,1,00:13:45.094,13,45,43,Carry,25,41,Sunderland,Regular Play,41,Sunderland,16457.0,Jeremain Lens,Left Midfield,65.9,21.4,70.5,23.4,0.227119,True,,,,,,,False,,,,,,,False,False,left_to_right,False,65.9,21.4,70.5,23.4,False,False,False,False
18145593-5bca-4577-a37e-19f5a95ac2d6,3754237,464,1,00:13:45.321,13,45,38,Miscontrol,25,41,Sunderland,Regular Play,41,Sunderland,16457.0,Jeremain Lens,Left Midfield,70.5,23.4,,,0.0,True,,,,,,,False,,,,,,,False,False,left_to_right,False,70.5,23.4,,,False,False,False,True
e5bfb3df-5091-4f70-b1f5-f02a2b1f6cc5,3754237,465,1,00:13:47.951,13,47,30,Pass,25,41,Sunderland,Regular Play,22,Leicester City,3813.0,Wes Morgan,Left Center Back,41.3,52.9,81.4,38.9,2.339179,False,,,,,,Incomplete,False,42.47364,-0.33589703,High Pass,Recovery,,,False,False,left_to_right,False,41.3,52.9,81.4,38.9,False,True,True,True
45136924-d32b-46ae-81dc-41ba9dd6c027,3754237,466,1,00:13:50.290,13,50,30,Pass,25,41,Sunderland,Regular Play,41,Sunderland,6300.0,Sebastián Coates Nión,Right Center Back,38.7,41.2,49.9,34.0,1.155399,False,,,,,,,True,13.314653,-0.57133746,High Pass,Recovery,10783.0,Lee Cattermole,False,False,left_to_right,False,38.7,41.2,49.9,34.0,False,False,False,False
702faa9e-0b28-4f62-9496-47a321f6ac71,3754237,467,1,00:13:51.445,13,51,42,Ball Receipt*,25,41,Sunderland,Regular Play,41,Sunderland,10783.0,Lee Cattermole,Center Defensive Midfield,49.9,34.0,,,,False,,,,,,,False,,,,,,,False,False,left_to_right,False,49.9,34.0,,,False,False,False,False
b8cd9368-26b5-408d-a3d5-2977ce282bc3,3754237,468,1,00:13:51.445,13,51,43,Carry,25,41,Sunderland,Regular Play,41,Sunderland,10783.0,Lee Cattermole,Center Defensive Midfield,49.9,34.0,49.9,31.8,1.135303,True,,,,,,,False,,,,,,,False,False,left_to_right,False,49.9,34.0,49.9,31.8,False,False,False,False
12031cbb-8e14-469f-ad06-f45dad141bed,3754237,469,1,00:13:51.995,13,51,17,Pressure,25,41,Sunderland,Regular Play,22,Leicester City,3665.0,Andrew Philip King,Right Center Midfield,66.7,49.5,,,0.982592,False,,,,,,,False,,,,,,,False,False,left_to_right,False,66.7,49.5,,,False,False,False,False
9c816361-964b-400d-8d6d-84e7e11ff5e0,3754237,470,1,00:13:52.581,13,52,30,Pass,25,41,Sunderland,Regular Play,41,Sunderland,10783.0,Lee Cattermole,Center Defensive Midfield,49.9,31.8,37.6,34.0,1.742574,True,,,,,,,True,12.495199,2.9646025,Ground Pass,,4746.0,Younes Kaboul,False,False,left_to_right,False,49.9,31.8,37.6,34.0,False,False,False,False
bbfd3e3e-4d7e-4790-98c4-45ebcdd4027f,3754237,471,1,00:13:54.323,13,54,42,Ball Receipt*,25,41,Sunderland,Regular Play,41,Sunderland,4746.0,Younes Kaboul,Left Center Back,37.6,34.0,,,,False,,,,,,,False,,,,,,,False,False,left_to_right,False,37.6,34.0,,,False,False,False,False
a4161ecb-5a74-488d-9747-74ffa7866ba9,3754237,472,1,00:13:54.323,13,54,43,Carry,25,41,Sunderland,Regular Play,41,Sunderland,4746.0,Younes Kaboul,Left Center Back,37.6,34.0,37.6,35.7,1.397653,False,,,,,,,False,,,,,,,False,False,left_to_right,False,37.6,34.0,37.6,35.7,False,False,False,False
e1290872-1289-45ec-8c3d-75b6ed806f76,3754237,473,1,00:13:55.721,13,55,30,Pass,25,41,Sunderland,Regular Play,41,Sunderland,4746.0,Younes Kaboul,Left Center Back,37.6,35.7,40.2,56.3,1.091342,False,,,,,,,True,20.76343,1.4452466,Ground Pass,,10503.0,Billy Jones,False,False,left_to_right,False,37.6,35.7,40.2,56.3,False,False,False,False
33ff972e-431d-4fca-90d2-88f886354024,3754237,474,1,00:13:56.812,13,56,42,Ball Receipt*,25,41,Sunderland,Regular Play,41,Sunderland,10503.0,Billy Jones,Right Back,40.2,56.3,,,,False,,,,,,,False,,,,,,,False,False,left_to_right,False,40.2,56.3,,,False,False,False,False
4d7ddbc4-463d-4266-ad3b-42e0bcd3d96a,3754237,475,1,00:13:56.812,13,56,43,Carry,25,41,Sunderland,Regular Play,41,Sunderland,10503.0,Billy Jones,Right Back,40.2,56.3,42.2,56.9,0.990557,False,,,,,,,False,,,,,,,False,False,left_to_right,False,40.2,56.3,42.2,56.9,False,False,False,False
2fca5547-baf9-4312-a116-400302f60e05,3754237,476,1,00:13:57.803,13,57,30,Pass,25,41,Sunderland,Regular Play,41,Sunderland,10503.0,Billy Jones,Right Back,42.2,56.9,52.8,75.7,1.316321,False,,,,,,,True,21.5824,1.0573972,Ground Pass,,42902.0,Adam Johnson,False,False,left_to_right,False,42.2,56.9,52.8,75.7,False,False,False,False
647a2e51-ab85-40f5-8ce4-bf2a6643cbd3,3754237,477,1,00:13:59.119,13,59,42,Ball Receipt*,25,41,Sunderland,Regular Play,41,Sunderland,42902.0,Adam Johnson,Right Midfield,52.8,75.7,,,,False,,,,,,,False,,,,,,,False,False,left_to_right,False,52.8,75.7,,,False,False,False,False
c3fb27c4-9021-4474-91eb-c90a68317109,3754237,478,1,00:13:59.119,13,59,43,Carry,25,41,Sunderland,Regular Play,41,Sunderland,42902.0,Adam Johnson,Right Midfield,52.8,75.7,56.2,54.3,4.596344,True,,,,,,,False,,,,,,,False,False,left_to_right,False,52.8,75.7,56.2,54.3,False,False,False,False
97cec6c1-2e85-49f8-a141-c751d262621f,3754237,479,1,00:14:02.890,14,2,17,Pressure,25,41,Sunderland,Regular Play,22,Leicester City,10960.0,Jamie Vardy,Left Center Forward,65.0,22.7,,,0.943235,False,,,,,,,False,,,,,,,False,False,left_to_right,False,65.0,22.7,,,False,False,False,False
3a303c6d-997d-47ba-bf62-bb98cb174825,3754237,480,1,00:14:03.715,14,3,30,Pass,25,41,Sunderland,Regular Play,41,Sunderland,42902.0,Adam Johnson,Right Midfield,56.2,54.3,78.8,49.2,1.183985,True,,,,,,Incomplete,False,23.168297,-0.22194609,Ground Pass,,16457.0,Jeremain Lens,False,False,left_to_right,False,56.2,54.3,78.8,49.2,False,True,False,True
de365416-ef25-447d-93c2-690c56a37fd9,3754237,481,1,00:14:04.899,14,4,42,Ball Receipt*,25,41,Sunderland,Regular Play,41,Sunderland,16457.0,Jeremain Lens,Left Midfield,82.5,45.2,,,,False,,,,,,,False,,,,,,,False,False,left_to_right,False,82.5,45.2,,,False,False,False,False
7e825c8b-a6af-4c96-969d-ec921f417316,3754237,482,1,00:14:04.899,14,4,2,Ball Recovery,26,22,Leicester City,Regular Play,22,Leicester City,3813.0,Wes Morgan,Left Center Back,41.3,30.9,,,0.0,False,,,,,,,False,,,,,,,False,False,left_to_right,False,41.3,30.9,,,False,False,False,False
078ea660-f110-43b3-bad3-0fe1a4fe6e57,3754237,483,1,00:14:04.899,14,4,43,Carry,26,22,Leicester City,Regular Play,22,Leicester City,3813.0,Wes Morgan,Left Center Back,41.3,30.9,45.8,32.0,2.589668,False,,,,,,,False,,,,,,,False,False,left_to_right,False,41.3,30.9,45.8,32.0,False,False,False,False
6b8acee5-bd16-470a-a86a-5da7c0387086,3754237,484,1,00:14:07.489,14,7,30,Pass,26,22,Leicester City,Regular Play,22,Leicester City,3813.0,Wes Morgan,Left Center Back,45.8,32.0,40.5,58.7,2.091541,False,,,,,,,True,27.220947,1.7667509,Ground Pass,,28782.0,Ritchie De Laet,False,False,left_to_right,False,45.8,32.0,40.5,58.7,False,False,False,False
264ea887-b110-47d5-9d87-610869a0ca92,3754237,485,1,00:14:09.581,14,9,42,Ball Receipt*,26,22,Leicester City,Regular Play,22,Leicester City,28782.0,Ritchie De Laet,Right Back,40.5,58.7,,,,False,,,,,,,False,,,,,,,False,False,left_to_right,False,40.5,58.7,,,False,False,False,False
be8218a7-bbf6-4e43-9e78-b1c153e317f1,3754237,486,1,00:14:09.581,14,9,43,Carry,26,22,Leicester City,Regular Play,22,Leicester City,28782.0,Ritchie De Laet,Right Back,40.5,58.7,40.8,59.8,0.16,False,,,,,,,False,,,,,,,False,False,left_to_right,False,40.5,58.7,40.8,59.8,False,False,False,False
c53c0b5d-5e8b-445c-b6bb-14c0bda78474,3754237,487,1,00:14:09.741,14,9,30,Pass,26,22,Leicester City,Regular Play,22,Leicester City,28782.0,Ritchie De Laet,Right Back,40.8,59.8,54.7,70.6,1.864778,False,,,,,,,True,17.602556,0.66054493,Ground Pass,,3307.0,Marc Albrighton,False,False,left_to_right,False,40.8,59.8,54.7,70.6,False,False,False,False
794e5ac6-00e5-4cc4-a9a6-357a428b7a51,3754237,488,1,00:14:11.605,14,11,42,Ball Receipt*,26,22,Leicester City,Regular Play,22,Leicester City,3307.0,Marc Albrighton,Right Midfield,54.7,70.6,,,,False,,,,,,,False,,,,,,,False,False,left_to_right,False,54.7,70.6,,,False,False,False,False
acb6f12e-788d-4b44-9480-968f08cb8f72,3754237,489,1,00:14:11.605,14,11,43,Carry,26,22,Leicester City,Regular Play,22,Leicester City,3307.0,Marc Albrighton,Right Midfield,54.7,70.6,66.1,70.6,3.657918,False,,,,,,,False,,,,,,,False,False,left_to_right,False,54.7,70.6,66.1,70.6,False,False,False,False
4b7f5b9e-ef08-4b88-aa1a-f20af82bd8b9,3754237,490,1,00:14:15.263,14,15,30,Pass,26,22,Leicester City,Regular Play,22,Leicester City,3307.0,Marc Albrighton,Right Midfield,66.1,70.6,62.2,60.4,1.141381,False,,,,,,,True,10.920165,-1.9359977,Ground Pass,,3665.0,Andrew Philip King,False,False,left_to_right,False,66.1,70.6,62.2,60.4,False,False,False,False
0d8afbf6-8d8c-48df-ae64-573f17006bde,3754237,491,1,00:14:16.405,14,16,42,Ball Receipt*,26,22,Leicester City,Regular Play,22,Leicester City,3665.0,Andrew Philip King,Right Center Midfield,62.2,60.4,,,,False,,,,,,,False,,,,,,,False,False,left_to_right,False,62.2,60.4,,,False,False,False,False
88220e62-ddef-42c5-af75-6bf7d49f8f78,3754237,492,1,00:14:16.405,14,16,43,Carry,26,22,Leicester City,Regular Play,22,Leicester City,3665.0,Andrew Philip King,Right Center Midfield,62.2,60.4,63.7,62.7,1.481284,False,,,,,,,False,,,,,,,False,False,left_to_right,False,62.2,60.4,63.7,62.7,False,False,False,False
450b989c-fc01-47a2-b1b2-48081a3d22e2,3754237,493,1,00:14:17.886,14,17,30,Pass,26,22,Leicester City,Regular Play,22,Leicester City,3665.0,Andrew Philip King,Right Center Midfield,63.7,62.7,81.4,2.9,3.142256,False,,,,,,,True,62.364494,-1.2830256,High Pass,,3814.0,Riyad Mahrez,False,False,left_to_right,False,63.7,62.7,81.4,2.9,False,False,True,False
6ec37876-0713-4bf8-bca6-70da819776bc,3754237,494,1,00:14:21.028,14,21,42,Ball Receipt*,26,22,Leicester City,Regular Play,22,Leicester City,3814.0,Riyad Mahrez,Left Midfield,81.4,2.9,,,,False,,,,,,,False,,,,,,,False,False,left_to_right,False,81.4,2.9,,,False,False,False,False
aefc9d9c-c24a-480b-9710-4d6f7164e58b,3754237,495,1,00:14:21.068,14,21,30,Pass,26,22,Leicester City,Regular Play,22,Leicester City,3814.0,Riyad Mahrez,Left Midfield,81.4,2.9,93.1,9.7,2.037264,False,,,,,,Incomplete,False,13.532554,0.5264787,High Pass,,3520.0,Jeffrey Schlupp,False,False,left_to_right,False,81.4,2.9,93.1,9.7,False,False,False,True
3f2aae59-f7b4-4959-8e36-8533b2b67ca2,3754237,496,1,00:14:23.106,14,23,42,Ball Receipt*,26,22,Leicester City,Regular Play,22,Leicester City,3520.0,Jeffrey Schlupp,Left Back,92.8,11.7,,,,False,,,,,,,False,,,,,,,False,False,left_to_right,False,92.8,11.7,,,False,False,False,False
d9300bf2-fd58-44e1-919e-8b456132fc0a,3754237,497,1,00:14:23.106,14,23,2,Ball Recovery,27,41,Sunderland,From Counter,41,Sunderland,10503.0,Billy Jones,Right Back,27.0,70.4,,,0.0,False,,,,,,,False,,,,,,,False,False,left_to_right,False,27.0,70.4,,,False,False,False,False
827c2986-df41-4015-8d1e-3bb87dd08e29,3754237,498,1,00:14:23.106,14,23,43,Carry,27,41,Sunderland,From Counter,41,Sunderland,10503.0,Billy Jones,Right Back,27.0,70.4,27.6,69.5,0.197832,True,,,,,,,False,,,,,,,False,False,left_to_right,False,27.0,70.4,27.6,69.5,False,False,False,False
5c032651-c48e-4223-b91c-918838819ab2,3754237,499,1,00:14:23.303,14,23,39,Dribbled Past,27,41,Sunderland,From Counter,22,Leicester City,3520.0,Jeffrey Schlupp,Left Back,92.5,10.6,,,0.0,False,,,,,,,False,,,,,,,False,False,left_to_right,False,92.5,10.6,,,False,False,False,False
f12ee3e7-976d-47e6-aa8e-070e6f1e3dff,3754237,500,1,00:14:23.303,14,23,14,Dribble,27,41,Sunderland,From Counter,41,Sunderland,10503.0,Billy Jones,Right Back,27.6,69.5,,,0.0,True,,,,,,,False,,,,,,,False,False,left_to_right,False,27.6,69.5,,,False,False,False,False
fc041d32-f869-40e5-a539-33947464f3e7,3754237,501,1,00:14:23.303,14,23,43,Carry,27,41,Sunderland,From Counter,41,Sunderland,10503.0,Billy Jones,Right Back,27.6,69.5,31.1,67.2,2.934723,True,,,,,,,False,,,,,,,False,False,left_to_right,False,27.6,69.5,31.1,67.2,False,False,False,False
11cb20f0-f683-4a13-83e4-5843ee273612,3754237,502,1,00:14:26.238,14,26,30,Pass,27,41,Sunderland,From Counter,41,Sunderland,10503.0,Billy Jones,Right Back,31.1,67.2,32.5,58.3,1.021579,False,,,,,,,True,9.009439,-1.4147714,Ground Pass,,10783.0,Lee Cattermole,False,False,left_to_right,False,31.1,67.2,32.5,58.3,False,False,False,False
f2972ac7-6b56-45ea-b507-16b8866f6a70,3754237,503,1,00:14:27.260,14,27,42,Ball Receipt*,27,41,Sunderland,From Counter,41,Sunderland,10783.0,Lee Cattermole,Center Defensive Midfield,32.5,58.3,,,,False,,,,,,,False,,,,,,,False,False,left_to_right,False,32.5,58.3,,,False,False,False,False
5c6da3b0-7d6d-4f50-9c8c-185caa3c075e,3754237,504,1,00:14:27.260,14,27,43,Carry,27,41,Sunderland,From Counter,41,Sunderland,10783.0,Lee Cattermole,Center Defensive Midfield,32.5,58.3,34.8,60.3,1.162449,True,,,,,,,False,,,,,,,False,False,left_to_right,False,32.5,58.3,34.8,60.3,False,False,False,False
e8b1db89-1277-4e99-89c8-c59dab76d4ea,3754237,505,1,00:14:27.642,14,27,17,Pressure,27,41,Sunderland,From Counter,22,Leicester City,3810.0,Shinji Okazaki,Right Center Forward,85.6,23.8,,,0.77686,False,,,,,,,False,,,,,,,False,False,left_to_right,False,85.6,23.8,,,False,False,False,False
c68861da-fe36-4f33-9a08-11340cce57ae,3754237,506,1,00:14:28.422,14,28,30,Pass,27,41,Sunderland,From Counter,41,Sunderland,10783.0,Lee Cattermole,Center Defensive Midfield,34.8,60.3,65.4,56.9,1.514656,False,,,,,,,True,30.78831,-0.11065722,Ground Pass,,3337.0,Jermain Defoe,False,False,left_to_right,False,34.8,60.3,65.4,56.9,False,True,False,False
9720efd9-a5f0-4d53-a986-45836aaf343a,3754237,507,1,00:14:29.857,14,29,17,Pressure,27,41,Sunderland,From Counter,22,Leicester City,3813.0,Wes Morgan,Left Center Back,54.2,25.2,,,0.871775,False,,,,,,,False,,,,,,,False,False,left_to_right,False,54.2,25.2,,,False,False,False,False
798f6bd5-0361-45fc-82a5-0fbeb4a31617,3754237,508,1,00:14:29.937,14,29,42,Ball Receipt*,27,41,Sunderland,From Counter,41,Sunderland,3337.0,Jermain Defoe,Center Forward,65.4,56.9,,,,True,,,,,,,False,,,,,,,False,False,left_to_right,False,65.4,56.9,,,False,False,False,False
85f35b9a-944d-498a-82a0-d7254b3875b5,3754237,509,1,00:14:29.937,14,29,43,Carry,27,41,Sunderland,From Counter,41,Sunderland,3337.0,Jermain Defoe,Center Forward,65.4,56.9,65.1,56.3,0.619522,True,,,,,,,False,,,,,,,False,False,left_to_right,False,65.4,56.9,65.1,56.3,False,False,False,False
3a785400-1312-4b5b-9dfa-c87a1ccd9112,3754237,510,1,00:14:30.556,14,30,38,Miscontrol,27,41,Sunderland,From Counter,41,Sunderland,3337.0,Jermain Defoe,Center Forward,65.1,56.3,,,0.0,True,,,,,,,False,,,,,,,False,False,left_to_right,False,65.1,56.3,,,False,False,False,True
18970cad-f92b-4799-9210-1fc7737d96a7,3754237,511,1,00:14:31.964,14,31,30,Pass,28,22,Leicester City,Regular Play,22,Leicester City,3813.0,Wes Morgan,Left Center Back,52.4,23.5,14.4,30.6,3.548533,False,,,,,,,True,38.6576,2.9568803,Ground Pass,Recovery,3815.0,Kasper Schmeichel,False,False,left_to_right,False,52.4,23.5,14.4,30.6,False,False,False,False
e3b3578b-0de2-4455-85b7-39922753a653,3754237,512,1,00:14:35.512,14,35,42,Ball Receipt*,28,22,Leicester City,Regular Play,22,Leicester City,3815.0,Kasper Schmeichel,Goalkeeper,14.4,30.6,,,,False,,,,,,,False,,,,,,,False,False,left_to_right,False,14.4,30.6,,,False,False,False,False
e8d511cc-96ee-4c8f-a3ce-d7afdcbcdbdf,3754237,513,1,00:14:38.652,14,38,30,Pass,28,22,Leicester City,Regular Play,22,Leicester City,3815.0,Kasper Schmeichel,Goalkeeper,12.1,37.5,28.1,53.8,1.498408,False,,,,,,,True,22.840534,0.79468584,Ground Pass,,40123.0,Robert Huth,False,False,left_to_right,False,12.1,37.5,28.1,53.8,False,False,False,False
886e400f-c5ff-4181-99e8-169b0abe3b0d,3754237,514,1,00:14:40.151,14,40,42,Ball Receipt*,28,22,Leicester City,Regular Play,22,Leicester City,40123.0,Robert Huth,Right Center Back,28.1,53.8,,,,False,,,,,,,False,,,,,,,False,False,left_to_right,False,28.1,53.8,,,False,False,False,False
523d6a90-a31a-467d-b816-164e0f2d4528,3754237,515,1,00:14:41.413,14,41,30,Pass,28,22,Leicester City,Regular Play,22,Leicester City,40123.0,Robert Huth,Right Center Back,32.1,53.2,39.0,22.1,2.331612,False,,,,,,,True,31.85624,-1.3524679,Ground Pass,,3813.0,Wes Morgan,False,False,left_to_right,False,32.1,53.2,39.0,22.1,False,False,False,False
eb7b474a-fb19-41fd-a8ee-cdb3bbcdc01a,3754237,516,1,00:14:43.745,14,43,42,Ball Receipt*,28,22,Leicester City,Regular Play,22,Leicester City,3813.0,Wes Morgan,Left Center Back,39.0,22.1,,,,False,,,,,,,False,,,,,,,False,False,left_to_right,False,39.0,22.1,,,False,False,False,False
1705bfe7-88eb-4b70-8d25-c55114368e4d,3754237,517,1,00:14:43.745,14,43,43,Carry,28,22,Leicester City,Regular Play,22,Leicester City,3813.0,Wes Morgan,Left Center Back,39.0,22.1,47.0,14.3,2.319995,False,,,,,,,False,,,,,,,False,False,left_to_right,False,39.0,22.1,47.0,14.3,False,False,False,False
d893151d-dbf0-44b0-ba66-e3f26bef3571,3754237,518,1,00:14:46.065,14,46,30,Pass,28,22,Leicester City,Regular Play,22,Leicester City,3813.0,Wes Morgan,Left Center Back,47.0,14.3,53.3,12.6,0.767873,False,,,,,,,True,6.5253353,-0.26356387,Ground Pass,,3814.0,Riyad Mahrez,False,False,left_to_right,False,47.0,14.3,53.3,12.6,False,False,False,False
da12fb60-48af-4368-b7db-fbb505ef5e91,3754237,519,1,00:14:46.833,14,46,42,Ball Receipt*,28,22,Leicester City,Regular Play,22,Leicester City,3814.0,Riyad Mahrez,Left Midfield,53.3,12.6,,,,False,,,,,,,False,,,,,,,False,False,left_to_right,False,53.3,12.6,,,False,False,False,False
affccba8-6d64-444d-863b-ae93c0c6e8be,3754237,520,1,00:14:46.833,14,46,43,Carry,28,22,Leicester City,Regular Play,22,Leicester City,3814.0,Riyad Mahrez,Left Midfield,53.3,12.6,53.0,20.1,3.121858,False,,,,,,,False,,,,,,,False,False,left_to_right,False,53.3,12.6,53.0,20.1,False,False,False,False
09dc00d5-409d-43a6-a182-7c38cee25c23,3754237,521,1,00:14:49.955,14,49,30,Pass,28,22,Leicester City,Regular Play,22,Leicester City,3814.0,Riyad Mahrez,Left Midfield,53.0,20.1,115.4,79.8,6.099938,False,,,,,,Out,False,86.35884,0.76328874,High Pass,,,,False,False,left_to_right,False,53.0,20.1,115.4,79.8,False,True,True,True
e2580918-7a11-4d02-b466-145b4baf670c,3754237,522,1,00:15:15.042,15,15,30,Pass,29,41,Sunderland,From Throw In,41,Sunderland,3321.0,Patrick van Aanholt,Left Back,4.7,0.1,28.2,8.3,1.434289,False,,,,,,Incomplete,False,24.889557,0.33572677,High Pass,Throw-in,,,False,False,left_to_right,False,4.7,0.1,28.2,8.3,False,False,False,True
e13a352f-a836-470d-b562-9960f8555992,3754237,523,1,00:15:16.476,15,16,30,Pass,29,41,Sunderland,From Throw In,22,Leicester City,28782.0,Ritchie De Laet,Right Back,91.9,71.8,99.9,57.8,1.652331,False,,,,,,Incomplete,False,16.124516,-1.0516502,High Pass,Recovery,10960.0,Jamie Vardy,False,False,left_to_right,False,91.9,71.8,99.9,57.8,False,True,False,True
e264cf12-2a44-45ac-aaa5-d123c7ce9fa7,3754237,524,1,00:15:18.129,15,18,42,Ball Receipt*,29,41,Sunderland,From Throw In,22,Leicester City,10960.0,Jamie Vardy,Left Center Forward,99.9,57.8,,,,False,,,,,,,False,,,,,,,False,False,left_to_right,False,99.9,57.8,,,False,False,False,False
007532a3-23c7-4405-8feb-3c17d98b5ff8,3754237,525,1,00:15:18.129,15,18,9,Clearance,29,41,Sunderland,From Throw In,41,Sunderland,6300.0,Sebastián Coates Nión,Right Center Back,20.2,22.3,,,0.0,True,,,,,,,False,,,,,,,False,False,left_to_right,False,20.2,22.3,,,False,False,False,False
b58aa0a4-6d1d-4374-b84a-4efe9910632d,3754237,526,1,00:15:33.146,15,33,30,Pass,30,22,Leicester City,From Throw In,22,Leicester City,28782.0,Ritchie De Laet,Right Back,77.6,80.0,99.1,63.8,1.589077,False,,,,,,Incomplete,False,26.920067,-0.64572996,High Pass,Throw-in,10960.0,Jamie Vardy,False,False,left_to_right,False,77.6,80.0,99.1,63.8,False,True,True,True
d6194e19-fd46-4190-8bac-dd9207cf664a,3754237,527,1,00:15:34.735,15,34,42,Ball Receipt*,30,22,Leicester City,From Throw In,22,Leicester City,10960.0,Jamie Vardy,Left Center Forward,99.1,65.0,,,,False,,,,,,,False,,,,,,,False,False,left_to_right,False,99.1,65.0,,,False,False,False,False
62a97d59-cf16-4d9c-9d60-f0b2f7c209af,3754237,528,1,00:15:34.735,15,34,9,Clearance,30,22,Leicester City,From Throw In,41,Sunderland,4746.0,Younes Kaboul,Left Center Back,21.0,16.3,,,0.0,True,,,,,,,False,,,,,,,False,False,left_to_right,False,21.0,16.3,,,False,False,False,False
2bfa593b-fa57-4bbc-b811-e8472673e05c,3754237,529,1,00:15:36.964,15,36,4,Duel,30,22,Leicester City,From Throw In,41,Sunderland,10783.0,Lee Cattermole,Center Defensive Midfield,26.8,20.0,,,0.0,True,,,,,,,False,,,,,,,False,False,left_to_right,False,26.8,20.0,,,False,False,False,False
0b7c7c22-fa6a-41af-b8fd-e86cb1db7d47,3754237,530,1,00:15:36.964,15,36,30,Pass,30,22,Leicester City,From Throw In,22,Leicester City,3810.0,Shinji Okazaki,Right Center Forward,93.3,60.1,99.7,64.1,1.084353,True,,,,,,,True,7.547185,0.5585993,High Pass,Recovery,10960.0,Jamie Vardy,False,False,left_to_right,False,93.3,60.1,99.7,64.1,False,False,False,False
c50220d0-1439-4208-af3e-ee9f0abc8b3c,3754237,531,1,00:15:38.048,15,38,42,Ball Receipt*,30,22,Leicester City,From Throw In,22,Leicester City,10960.0,Jamie Vardy,Left Center Forward,99.7,64.1,,,,False,,,,,,,False,,,,,,,False,False,left_to_right,False,99.7,64.1,,,False,False,False,False
6945232f-39f6-4979-9599-6b61f4ab499c,3754237,532,1,00:15:38.088,15,38,4,Duel,30,22,Leicester City,From Throw In,41,Sunderland,4746.0,Younes Kaboul,Left Center Back,20.4,15.4,,,0.0,True,,,,,,,False,,,,,,,False,False,left_to_right,False,20.4,15.4,,,False,False,False,False
4748155f-b03c-4a08-ac60-d2b3689e605f,3754237,533,1,00:15:38.088,15,38,30,Pass,30,22,Leicester City,From Throw In,22,Leicester City,10960.0,Jamie Vardy,Left Center Forward,99.7,64.7,95.6,59.0,0.60038,True,,,,,,Incomplete,False,7.0213957,-2.1943572,Low Pass,,,,False,False,left_to_right,False,99.7,64.7,95.6,59.0,False,False,False,True
b821c795-feed-4c1d-a8df-7236fd83cf13,3754237,534,1,00:15:38.688,15,38,2,Ball Recovery,31,41,Sunderland,Regular Play,41,Sunderland,10783.0,Lee Cattermole,Center Defensive Midfield,24.5,21.1,,,0.0,False,,,,,,,False,,,,,,,False,False,left_to_right,False,24.5,21.1,,,False,False,False,False
6cebdcb1-1edf-4635-b6b0-a454d8e12f17,3754237,535,1,00:15:38.688,15,38,43,Carry,31,41,Sunderland,Regular Play,41,Sunderland,10783.0,Lee Cattermole,Center Defensive Midfield,24.5,21.1,24.2,20.0,0.473654,True,,,,,,,False,,,,,,,False,False,left_to_right,False,24.5,21.1,24.2,20.0,False,False,False,False
51e52bad-56c0-4d27-8181-f5cea4b8d471,3754237,536,1,00:15:38.775,15,38,17,Pressure,31,41,Sunderland,Regular Play,22,Leicester City,3810.0,Shinji Okazaki,Right Center Forward,93.9,58.7,,,0.475475,False,,,,,,,False,,,,,,,False,False,left_to_right,False,93.9,58.7,,,False,False,False,False
5decee34-0542-493c-aa07-2f0acba94fe4,3754237,537,1,00:15:39.162,15,39,30,Pass,31,41,Sunderland,Regular Play,41,Sunderland,10783.0,Lee Cattermole,Center Defensive Midfield,24.2,20.0,27.9,16.0,1.198456,True,,,,,,,True,5.448853,-0.8243395,High Pass,,18751.0,Jack Rodwell,False,False,left_to_right,False,24.2,20.0,27.9,16.0,False,False,False,False
ee74eff3-5df9-4508-8bc6-764f73e25a47,3754237,538,1,00:15:40.361,15,40,42,Ball Receipt*,31,41,Sunderland,Regular Play,41,Sunderland,18751.0,Jack Rodwell,Left Center Midfield,27.9,16.0,,,,False,,,,,,,False,,,,,,,False,False,left_to_right,False,27.9,16.0,,,False,False,False,False
f33b4cc8-4985-4555-9c93-7cf68157ee37,3754237,539,1,00:15:40.361,15,40,43,Carry,31,41,Sunderland,Regular Play,41,Sunderland,18751.0,Jack Rodwell,Left Center Midfield,27.9,16.0,29.1,15.7,1.167158,True,,,,,,,False,,,,,,,False,False,left_to_right,False,27.9,16.0,29.1,15.7,False,False,False,False
b37b541b-eaf6-444a-82f2-a8ed14d3903c,3754237,540,1,00:15:40.894,15,40,17,Pressure,31,41,Sunderland,Regular Play,22,Leicester City,10960.0,Jamie Vardy,Left Center Forward,91.9,66.7,,,0.57331,False,,,,,,,False,,,,,,,False,False,left_to_right,False,91.9,66.7,,,False,False,False,False
240c609e-bae5-4b4d-8430-8253bd97f723,3754237,541,1,00:15:41.528,15,41,30,Pass,31,41,Sunderland,Regular Play,41,Sunderland,18751.0,Jack Rodwell,Left Center Midfield,29.1,15.7,34.8,5.7,0.809831,False,,,,,,,True,11.51043,-1.0527278,Low Pass,,42902.0,Adam Johnson,False,False,left_to_right,False,29.1,15.7,34.8,5.7,False,False,False,False
f1fbb4cb-fd00-4942-aed4-5cb76959ae12,3754237,542,1,00:15:42.338,15,42,42,Ball Receipt*,31,41,Sunderland,Regular Play,41,Sunderland,42902.0,Adam Johnson,Right Midfield,34.8,5.7,,,,False,,,,,,,False,,,,,,,False,False,left_to_right,False,34.8,5.7,,,False,False,False,False
a7f3ecf3-3ef0-4739-a727-55400de26d41,3754237,543,1,00:15:42.338,15,42,43,Carry,31,41,Sunderland,Regular Play,41,Sunderland,42902.0,Adam Johnson,Right Midfield,34.8,5.7,34.5,7.7,1.39727,True,,,,,,,False,,,,,,,False,False,left_to_right,False,34.8,5.7,34.5,7.7,False,False,False,False
a1fc358e-225b-403f-871d-54726ce63041,3754237,544,1,00:15:42.522,15,42,17,Pressure,31,41,Sunderland,Regular Play,22,Leicester City,28782.0,Ritchie De Laet,Right Back,83.1,71.5,,,0.819731,False,,,,,,,False,,,,,,,False,False,left_to_right,False,83.1,71.5,,,False,False,False,False
87cb0f44-713b-4362-85ba-ff09634a5ae7,3754237,545,1,00:15:43.735,15,43,39,Dribbled Past,31,41,Sunderland,Regular Play,22,Leicester City,28782.0,Ritchie De Laet,Right Back,85.6,72.4,,,0.0,False,,,,,,,False,,,,,,,False,False,left_to_right,False,85.6,72.4,,,False,False,False,False
49a10e2b-d58c-4217-887e-9cd21bb9bc23,3754237,546,1,00:15:43.735,15,43,14,Dribble,31,41,Sunderland,Regular Play,41,Sunderland,42902.0,Adam Johnson,Right Midfield,34.5,7.7,,,0.0,True,,,,,,,False,,,,,,,False,False,left_to_right,False,34.5,7.7,,,False,False,False,False
cf9cee42-e92d-4c03-8fc8-54ac62f52c13,3754237,547,1,00:15:43.735,15,43,43,Carry,31,41,Sunderland,Regular Play,41,Sunderland,42902.0,Adam Johnson,Right Midfield,34.5,7.7,34.8,10.9,0.190758,True,,,,,,,False,,,,,,,False,False,left_to_right,False,34.5,7.7,34.8,10.9,False,False,False,False
31b157c4-7699-40ef-8ce2-3c015b63370c,3754237,548,1,00:15:43.926,15,43,14,Dribble,31,41,Sunderland,Regular Play,41,Sunderland,42902.0,Adam Johnson,Right Midfield,34.8,10.9,,,0.0,True,,,,,,,False,,,,,,,False,False,left_to_right,False,34.8,10.9,,,False,False,False,False
0a75861e-3d25-422e-8a78-2c34577da6b1,3754237,549,1,00:15:43.926,15,43,4,Duel,31,41,Sunderland,Regular Play,22,Leicester City,3307.0,Marc Albrighton,Right Midfield,85.3,69.2,,,0.0,True,,,,,,,False,,,,,,,False,False,left_to_right,False,85.3,69.2,,,False,False,False,False
0d2b1d6b-0424-44e6-a08a-e4806517f52c,3754237,550,1,00:15:45.084,15,45,30,Pass,31,41,Sunderland,Regular Play,41,Sunderland,3321.0,Patrick van Aanholt,Left Back,25.9,12.8,36.7,12.2,1.198633,False,,,,,,,True,10.816654,-0.055498507,Ground Pass,Recovery,18751.0,Jack Rodwell,False,False,left_to_right,False,25.9,12.8,36.7,12.2,False,False,False,False
60e5e7de-7e0f-4409-af8f-8cb1fe6dbf65,3754237,551,1,00:15:46.180,15,46,17,Pressure,31,41,Sunderland,Regular Play,22,Leicester City,3662.0,Danny Drinkwater,Left Center Midfield,82.2,67.9,,,0.192708,False,,,,,,,False,,,,,,,False,False,left_to_right,False,82.2,67.9,,,False,False,False,False
24bc71a2-a4d7-4750-aeb3-f02e7aa0cba0,3754237,552,1,00:15:46.283,15,46,42,Ball Receipt*,31,41,Sunderland,Regular Play,41,Sunderland,18751.0,Jack Rodwell,Left Center Midfield,36.7,12.2,,,,True,,,,,,,False,,,,,,,False,False,left_to_right,False,36.7,12.2,,,False,False,False,False
a6096065-4579-4489-88a5-5e66dd1be428,3754237,553,1,00:15:46.283,15,46,43,Carry,31,41,Sunderland,Regular Play,41,Sunderland,18751.0,Jack Rodwell,Left Center Midfield,36.7,12.2,35.9,12.2,0.040000003,True,,,,,,,False,,,,,,,False,False,left_to_right,False,36.7,12.2,35.9,12.2,False,False,False,False
23f1c6d1-52d1-481b-b0c4-6b2698af1959,3754237,554,1,00:15:46.323,15,46,30,Pass,31,41,Sunderland,Regular Play,41,Sunderland,18751.0,Jack Rodwell,Left Center Midfield,35.9,12.2,34.5,19.4,0.700265,True,,,,,,,True,7.3348484,1.7628443,Ground Pass,,10783.0,Lee Cattermole,False,False,left_to_right,False,35.9,12.2,34.5,19.4,False,False,False,False
1c8bce2f-e4e1-431c-986d-417568d8a4c7,3754237,555,1,00:15:46.829,15,46,17,Pressure,31,41,Sunderland,Regular Play,22,Leicester City,3810.0,Shinji Okazaki,Right Center Forward,87.3,60.1,,,0.615591,False,,,,,,,False,,,,,,,False,False,left_to_right,False,87.3,60.1,,,False,False,False,False
a5fffa54-6016-4a10-91bf-ebb5225cb939,3754237,556,1,00:15:47.023,15,47,42,Ball Receipt*,31,41,Sunderland,Regular Play,41,Sunderland,10783.0,Lee Cattermole,Center Defensive Midfield,34.5,19.4,,,,True,,,,,,,False,,,,,,,False,False,left_to_right,False,34.5,19.4,,,False,False,False,False
9b4e896a-9d55-4ade-9258-490155be5c1c,3754237,557,1,00:15:47.023,15,47,43,Carry,31,41,Sunderland,Regular Play,41,Sunderland,10783.0,Lee Cattermole,Center Defensive Midfield,34.5,19.4,34.5,20.3,0.495163,True,,,,,,,False,,,,,,,False,False,left_to_right,False,34.5,19.4,34.5,20.3,False,False,False,False
81d97c97-eba8-4b04-bd36-9b02b576a866,3754237,558,1,00:15:47.519,15,47,30,Pass,31,41,Sunderland,Regular Play,41,Sunderland,10783.0,Lee Cattermole,Center Defensive Midfield,34.5,20.3,34.5,6.3,1.438619,False,,,,,,Incomplete,False,14.0,-1.5707964,Ground Pass,,18751.0,Jack Rodwell,False,False,left_to_right,False,34.5,20.3,34.5,6.3,False,False,False,True
c9268952-2557-42a7-bce7-9b3a61d9312d,3754237,559,1,00:15:48.408,15,48,17,Pressure,31,41,Sunderland,Regular Play,41,Sunderland,18751.0,Jack Rodwell,Left Center Midfield,34.2,9.5,,,0.63009,False,,,,,,,False,,,,,,,False,False,left_to_right,False,34.2,9.5,,,False,False,False,False
bde84e7e-bc96-49fc-b18f-224be2227f21,3754237,560,1,00:15:48.957,15,48,42,Ball Receipt*,31,41,Sunderland,Regular Play,41,Sunderland,18751.0,Jack Rodwell,Left Center Midfield,34.2,8.6,,,,False,,,,,,,False,,,,,,,False,False,left_to_right,False,34.2,8.6,,,False,False,False,False
adfd78a7-c5a6-496c-9746-ecb3b0b5adcc,3754237,561,1,00:15:48.957,15,48,2,Ball Recovery,32,22,Leicester City,Regular Play,22,Leicester City,3307.0,Marc Albrighton,Right Midfield,85.6,73.8,,,0.0,True,,,,,,,False,,,,,,,False,False,left_to_right,False,85.6,73.8,,,False,False,False,False
c9930dd3-391f-48b7-86e1-c661022a822f,3754237,562,1,00:15:48.957,15,48,43,Carry,32,22,Leicester City,Regular Play,22,Leicester City,3307.0,Marc Albrighton,Right Midfield,85.6,73.8,85.3,74.1,0.159998,True,,,,,,,False,,,,,,,False,False,left_to_right,False,85.6,73.8,85.3,74.1,False,False,False,False
43ddd529-e79f-4a87-97eb-fd533d48e9a2,3754237,563,1,00:15:49.117,15,49,22,Foul Committed,32,22,Leicester City,Regular Play,41,Sunderland,18751.0,Jack Rodwell,Left Center Midfield,34.8,6.0,,,0.0,False,,,,,,,False,,,,,,,False,False,left_to_right,False,34.8,6.0,,,False,False,False,False
a6722aed-7b0a-4f93-9b50-5e89a9a49441,3754237,564,1,00:15:49.117,15,49,21,Foul Won,32,22,Leicester City,Regular Play,22,Leicester City,3307.0,Marc Albrighton,Right Midfield,85.3,74.1,,,0.0,True,,,,,,,False,,,,,,,False,False,left_to_right,False,85.3,74.1,,,False,False,False,False
ac5562fd-8f1d-47e3-ae54-a1c194eaf82d,3754237,565,1,00:16:36.389,16,36,30,Pass,33,22,Leicester City,From Free Kick,22,Leicester City,3814.0,Riyad Mahrez,Left Midfield,88.5,75.2,105.9,48.3,1.06826,False,,,,,,,True,32.03701,-0.9966456,High Pass,Free Kick,10960.0,Jamie Vardy,False,False,left_to_right,False,88.5,75.2,105.9,48.3,False,True,False,False
92ee6dad-decc-487f-b445-e6d63d84126b,3754237,566,1,00:16:37.457,16,37,42,Ball Receipt*,33,22,Leicester City,From Free Kick,22,Leicester City,10960.0,Jamie Vardy,Left Center Forward,105.9,48.3,,,,False,,,,,,,False,,,,,,,False,False,left_to_right,False,105.9,48.3,,,False,False,False,False
66898932-1ca6-4607-9441-711dc8f1d97a,3754237,567,1,00:16:37.497,16,37,4,Duel,33,22,Leicester City,From Free Kick,41,Sunderland,10783.0,Lee Cattermole,Center Defensive Midfield,14.2,31.8,,,0.0,True,,,,,,,False,,,,,,,False,False,left_to_right,False,14.2,31.8,,,False,False,False,False
35c976c9-1842-4fcf-a2b4-2aca7b5e2cd6,3754237,568,1,00:16:37.497,16,37,30,Pass,33,22,Leicester City,From Free Kick,22,Leicester City,10960.0,Jamie Vardy,Left Center Forward,105.9,48.3,111.1,39.8,0.875651,True,,,,,,Incomplete,False,9.964437,-1.0217712,Low Pass,,,,False,False,left_to_right,False,105.9,48.3,111.1,39.8,False,True,False,True
56177946-8020-4ab6-8145-15890208372d,3754237,569,1,00:16:38.372,16,38,9,Clearance,33,22,Leicester City,From Free Kick,41,Sunderland,10503.0,Billy Jones,Right Back,9.0,40.3,,,0.0,True,,,,,,,False,,,,,,,False,False,left_to_right,False,9.0,40.3,,,False,False,False,False
20705a16-05ec-4176-8fe1-093e40398340,3754237,570,1,00:16:38.787,16,38,6,Block,33,22,Leicester City,From Free Kick,41,Sunderland,4746.0,Younes Kaboul,Left Center Back,9.9,37.7,,,0.0,False,,,,,,,False,,,,,,,False,False,left_to_right,False,9.9,37.7,,,False,False,False,False
650bbb24-736c-44f2-adfa-6b41d1deb8a1,3754237,571,1,00:16:39.283,16,39,17,Pressure,33,22,Leicester City,From Free Kick,22,Leicester City,3813.0,Wes Morgan,Left Center Back,108.5,48.3,,,0.493887,False,,,,,,,False,,,,,,,False,False,left_to_right,False,108.5,48.3,,,False,False,False,False
996ca4ec-0e1b-4c10-9f4a-e0f16674bfe4,3754237,572,1,00:16:39.684,16,39,9,Clearance,33,22,Leicester City,From Free Kick,41,Sunderland,18751.0,Jack Rodwell,Left Center Midfield,9.6,31.5,,,0.0,True,,,,,,,False,,,,,,,False,False,left_to_right,False,9.6,31.5,,,False,False,False,False
26249a88-870d-462c-a120-379f2085151f,3754237,573,1,00:16:45.172,16,45,2,Ball Recovery,33,22,Leicester City,From Free Kick,22,Leicester City,3662.0,Danny Drinkwater,Left Center Midfield,50.1,70.9,,,0.0,False,,,,,,,False,,,,,,,False,False,left_to_right,False,50.1,70.9,,,False,False,False,False
a9b26ae1-9d1e-48b9-ad93-0491d556f855,3754237,574,1,00:16:45.172,16,45,43,Carry,33,22,Leicester City,From Free Kick,22,Leicester City,3662.0,Danny Drinkwater,Left Center Midfield,50.1,70.9,56.2,68.6,6.800481,False,,,,,,,False,,,,,,,False,False,left_to_right,False,50.1,70.9,56.2,68.6,False,False,False,False
b5dd4e20-00a2-4610-aa46-50d793e751ca,3754237,575,1,00:16:51.973,16,51,30,Pass,33,22,Leicester City,From Free Kick,22,Leicester City,3662.0,Danny Drinkwater,Left Center Midfield,56.2,68.6,99.7,69.2,2.061364,False,,,,,,,True,43.50414,0.013792229,High Pass,,10960.0,Jamie Vardy,False,False,left_to_right,False,56.2,68.6,99.7,69.2,False,True,True,False
ff2beca7-8001-4bc8-b71b-5f7c0e07874e,3754237,576,1,00:16:54.034,16,54,42,Ball Receipt*,33,22,Leicester City,From Free Kick,22,Leicester City,10960.0,Jamie Vardy,Left Center Forward,99.7,69.2,,,,False,,,,,,,False,,,,,,,False,False,left_to_right,False,99.7,69.2,,,False,False,False,False
0526cdb5-1919-4502-a326-8efb68c63eec,3754237,577,1,00:16:54.074,16,54,30,Pass,33,22,Leicester City,From Free Kick,22,Leicester City,10960.0,Jamie Vardy,Left Center Forward,99.7,69.2,98.5,54.7,1.756484,False,,,,,,Incomplete,False,14.54957,-1.6533668,Low Pass,,,,False,False,left_to_right,False,99.7,69.2,98.5,54.7,False,True,False,True
a4b89f4b-cc06-4b96-ab43-a7d54811091f,3754237,578,1,00:16:55.831,16,55,30,Pass,33,22,Leicester City,From Free Kick,41,Sunderland,6300.0,Sebastián Coates Nión,Right Center Back,21.6,25.4,31.1,17.4,0.819769,False,,,,,,Incomplete,False,12.419743,-0.6998929,Low Pass,Recovery,,,False,False,left_to_right,False,21.6,25.4,31.1,17.4,False,False,False,True
a5dd6a06-1996-4366-b935-d2052e63e8be,3754237,579,1,00:16:56.650,16,56,2,Ball Recovery,33,22,Leicester City,From Free Kick,22,Leicester City,3665.0,Andrew Philip King,Right Center Midfield,89.0,62.7,,,0.0,False,,,,,,,False,,,,,,,False,False,left_to_right,False,89.0,62.7,,,False,False,False,False
757ba8d2-543e-49b2-8215-f4039bfebdc3,3754237,580,1,00:16:56.650,16,56,43,Carry,33,22,Leicester City,From Free Kick,22,Leicester City,3665.0,Andrew Philip King,Right Center Midfield,89.0,62.7,95.4,63.3,1.894579,False,,,,,,,False,,,,,,,False,False,left_to_right,False,89.0,62.7,95.4,63.3,False,False,False,False
6f21c6c4-bdff-4234-a6ad-0923ef724b10,3754237,581,1,00:16:58.545,16,58,30,Pass,33,22,Leicester City,From Free Kick,22,Leicester City,3665.0,Andrew Philip King,Right Center Midfield,95.4,63.3,110.8,72.9,2.548894,False,,,,,,,True,18.147177,0.5574311,Ground Pass,,10960.0,Jamie Vardy,False,False,left_to_right,False,95.4,63.3,110.8,72.9,False,False,False,False
0dcfff18-5ac3-4939-a7d9-2571cfcd72eb,3754237,582,1,00:17:01.094,17,1,42,Ball Receipt*,33,22,Leicester City,From Free Kick,22,Leicester City,10960.0,Jamie Vardy,Left Center Forward,110.8,72.9,,,,False,,,,,,,False,,,,,,,False,False,left_to_right,False,110.8,72.9,,,False,False,False,False
7ca35aef-1053-4401-a892-13bea4128b7a,3754237,583,1,00:17:01.094,17,1,43,Carry,33,22,Leicester City,From Free Kick,22,Leicester City,10960.0,Jamie Vardy,Left Center Forward,110.8,72.9,114.5,65.9,1.462137,False,,,,,,,False,,,,,,,False,False,left_to_right,False,110.8,72.9,114.5,65.9,False,False,False,False
e2c6852d-f97b-4730-aa0c-2275f2d8fe20,3754237,584,1,00:17:02.556,17,2,30,Pass,33,22,Leicester City,From Free Kick,22,Leicester City,10960.0,Jamie Vardy,Left Center Forward,114.5,65.9,114.5,8.3,5.069441,False,,,,,,Incomplete,False,57.6,-1.5707964,Ground Pass,,,,False,False,left_to_right,False,114.5,65.9,114.5,8.3,False,False,False,True
f638b069-070b-43f7-832f-c92df2ffb095,3754237,585,1,00:17:07.625,17,7,30,Pass,34,41,Sunderland,Regular Play,41,Sunderland,10503.0,Billy Jones,Right Back,5.6,71.8,7.9,58.3,1.057902,False,,,,,,,True,13.694525,-1.4020462,Low Pass,Recovery,6300.0,Sebastián Coates Nión,False,False,left_to_right,False,5.6,71.8,7.9,58.3,False,False,False,False
c4919b4f-d93c-4fc9-8e6b-a649d093fa94,3754237,586,1,00:17:08.683,17,8,42,Ball Receipt*,34,41,Sunderland,Regular Play,41,Sunderland,6300.0,Sebastián Coates Nión,Right Center Back,7.9,58.3,,,,False,,,,,,,False,,,,,,,False,False,left_to_right,False,7.9,58.3,,,False,False,False,False
72103af6-d899-45a5-820f-7114f6f3e326,3754237,587,1,00:17:08.683,17,8,43,Carry,34,41,Sunderland,Regular Play,41,Sunderland,6300.0,Sebastián Coates Nión,Right Center Back,7.9,58.3,9.9,56.0,0.04,False,,,,,,,False,,,,,,,False,False,left_to_right,False,7.9,58.3,9.9,56.0,False,False,False,False
fc84f971-21bf-4e51-baf9-85db73db3891,3754237,588,1,00:17:08.723,17,8,30,Pass,34,41,Sunderland,Regular Play,41,Sunderland,6300.0,Sebastián Coates Nión,Right Center Back,9.9,56.0,35.6,71.2,3.908855,False,,,,,,,True,29.8585,0.53410137,High Pass,,5617.0,Sebastian Larsson,False,False,left_to_right,False,9.9,56.0,35.6,71.2,False,False,False,False
3ae74d0a-997b-402d-ba3c-adf08010213f,3754237,589,1,00:17:12.632,17,12,42,Ball Receipt*,34,41,Sunderland,Regular Play,41,Sunderland,5617.0,Sebastian Larsson,Right Center Midfield,35.6,71.2,,,,False,,,,,,,False,,,,,,,False,False,left_to_right,False,35.6,71.2,,,False,False,False,False
1f629dad-818f-406d-a332-ca7a6e3c352e,3754237,590,1,00:17:12.701,17,12,4,Duel,34,41,Sunderland,Regular Play,22,Leicester City,3662.0,Danny Drinkwater,Left Center Midfield,84.5,8.9,,,0.0,True,,,,,,,False,,,,,,,False,False,left_to_right,False,84.5,8.9,,,False,False,False,False
0f4d7769-41fc-40ea-9b05-df6d24ab6fd9,3754237,591,1,00:17:12.701,17,12,38,Miscontrol,34,41,Sunderland,Regular Play,41,Sunderland,5617.0,Sebastian Larsson,Right Center Midfield,35.6,71.2,,,0.0,True,,,,,,,False,,,,,,,False,False,left_to_right,False,35.6,71.2,,,False,False,False,True
f74cc469-0f38-4d98-8f07-539aeb663b1a,3754237,592,1,00:17:31.877,17,31,30,Pass,35,22,Leicester City,From Throw In,22,Leicester City,3307.0,Marc Albrighton,Right Midfield,87.3,0.1,76.5,6.1,1.077877,False,,,,,,,True,12.354756,2.634494,Low Pass,Throw-in,3520.0,Jeffrey Schlupp,False,False,left_to_right,False,87.3,0.1,76.5,6.1,False,False,False,False
eac95b08-9a5f-442d-82de-9315552ea4e0,3754237,593,1,00:17:32.954,17,32,42,Ball Receipt*,35,22,Leicester City,From Throw In,22,Leicester City,3520.0,Jeffrey Schlupp,Left Back,76.5,6.1,,,,False,,,,,,,False,,,,,,,False,False,left_to_right,False,76.5,6.1,,,False,False,False,False
76605a8e-56f6-4a85-a3af-235ae5c80518,3754237,594,1,00:17:33.243,17,33,30,Pass,35,22,Leicester City,From Throw In,22,Leicester City,3520.0,Jeffrey Schlupp,Left Back,81.9,9.4,75.9,16.6,0.3282,False,,,,,,,True,9.372299,2.2655346,Ground Pass,,3662.0,Danny Drinkwater,False,False,left_to_right,False,81.9,9.4,75.9,16.6,False,False,False,False
0c740bd4-9ff5-402b-9540-52fe7ca6bcbf,3754237,595,1,00:17:33.571,17,33,42,Ball Receipt*,35,22,Leicester City,From Throw In,22,Leicester City,3662.0,Danny Drinkwater,Left Center Midfield,75.9,16.6,,,,False,,,,,,,False,,,,,,,False,False,left_to_right,False,75.9,16.6,,,False,False,False,False
3b0f5481-7af2-46b3-a2d3-c3e3f2ea92ef,3754237,596,1,00:17:33.749,17,33,17,Pressure,35,22,Leicester City,From Throw In,41,Sunderland,5617.0,Sebastian Larsson,Right Center Midfield,43.6,61.7,,,1.035842,False,,,,,,,False,,,,,,,False,False,left_to_right,False,43.6,61.7,,,False,False,False,False
e59f61b8-d357-4abf-bebf-7b1ca47e66d6,3754237,597,1,00:17:34.791,17,34,30,Pass,35,22,Leicester City,From Throw In,22,Leicester City,3662.0,Danny Drinkwater,Left Center Midfield,78.5,13.5,92.2,15.5,0.85389,False,,,,,,,True,13.845216,0.1449614,Ground Pass,,3810.0,Shinji Okazaki,False,False,left_to_right,False,78.5,13.5,92.2,15.5,False,False,True,False
6f8a962a-1efb-4c6e-87b4-acd6254bea86,3754237,598,1,00:17:35.645,17,35,42,Ball Receipt*,35,22,Leicester City,From Throw In,22,Leicester City,3810.0,Shinji Okazaki,Right Center Forward,92.2,15.5,,,,False,,,,,,,False,,,,,,,False,False,left_to_right,False,92.2,15.5,,,False,False,False,False
e0e1949c-dedf-4dfb-bc61-76a6c3fad124,3754237,599,1,00:17:35.645,17,35,43,Carry,35,22,Leicester City,From Throw In,22,Leicester City,3810.0,Shinji Okazaki,Right Center Forward,92.2,15.5,92.8,16.6,1.196309,False,,,,,,,False,,,,,,,False,False,left_to_right,False,92.2,15.5,92.8,16.6,False,False,False,False
34d161d4-a7bc-4e36-9d38-3a9bf760f229,3754237,600,1,00:17:36.841,17,36,30,Pass,35,22,Leicester City,From Throw In,22,Leicester City,3810.0,Shinji Okazaki,Right Center Forward,92.8,16.6,83.7,19.5,1.086573,False,,,,,,,True,9.550916,2.8330863,Ground Pass,,3520.0,Jeffrey Schlupp,False,False,left_to_right,False,92.8,16.6,83.7,19.5,False,False,False,False
d38767c3-457c-4959-a29b-3b0f4a42fd48,3754237,601,1,00:17:37.928,17,37,42,Ball Receipt*,35,22,Leicester City,From Throw In,22,Leicester City,3520.0,Jeffrey Schlupp,Left Back,83.7,19.5,,,,False,,,,,,,False,,,,,,,False,False,left_to_right,False,83.7,19.5,,,False,False,False,False
d2d444df-e4c3-49cd-a1c5-2233d5442633,3754237,602,1,00:17:37.928,17,37,43,Carry,35,22,Leicester City,From Throw In,22,Leicester City,3520.0,Jeffrey Schlupp,Left Back,83.7,19.5,83.7,19.5,0.079996005,False,,,,,,,False,,,,,,,False,False,left_to_right,False,83.7,19.5,83.7,19.5,False,False,False,False
121b3776-0c35-4599-95d3-e252cfcc4e6e,3754237,603,1,00:17:38.008,17,38,30,Pass,35,22,Leicester City,From Throw In,22,Leicester City,3520.0,Jeffrey Schlupp,Left Back,83.7,19.5,99.7,4.9,0.934391,False,,,,,,,True,21.6601,-0.7396784,Low Pass,,3307.0,Marc Albrighton,False,False,left_to_right,False,83.7,19.5,99.7,4.9,False,False,False,False
d87e5a36-835b-4455-ba43-4ddb34e9041d,3754237,604,1,00:17:38.942,17,38,42,Ball Receipt*,35,22,Leicester City,From Throw In,22,Leicester City,3307.0,Marc Albrighton,Right Midfield,99.7,4.9,,,,False,,,,,,,False,,,,,,,False,False,left_to_right,False,99.7,4.9,,,False,False,False,False
137384da-493b-4f5b-ac9a-62df25282149,3754237,605,1,00:17:38.942,17,38,43,Carry,35,22,Leicester City,From Throw In,22,Leicester City,3307.0,Marc Albrighton,Right Midfield,99.7,4.9,97.7,7.1,2.223009,False,,,,,,,False,,,,,,,False,False,left_to_right,False,99.7,4.9,97.7,7.1,False,False,False,False
e5385f33-7220-4ffd-afbb-18df6c35cf62,3754237,606,1,00:17:41.165,17,41,30,Pass,35,22,Leicester City,From Throw In,22,Leicester City,3307.0,Marc Albrighton,Right Midfield,97.7,7.1,109.6,41.8,1.535597,False,,,,,,,True,36.683784,1.2404253,High Pass,,3814.0,Riyad Mahrez,False,True,left_to_right,False,97.7,7.1,109.6,41.8,False,True,False,False
bf557f07-eabf-4495-a2ea-27d335c83c59,3754237,607,1,00:17:42.701,17,42,42,Ball Receipt*,35,22,Leicester City,From Throw In,22,Leicester City,3814.0,Riyad Mahrez,Left Midfield,109.6,41.8,,,,False,,,,,,,False,,,,,,,False,False,left_to_right,False,109.6,41.8,,,False,False,False,False
dcfe0593-420b-41c1-8bc9-17a39b555391,3754237,608,1,00:17:42.741,17,42,4,Duel,35,22,Leicester City,From Throw In,41,Sunderland,3321.0,Patrick van Aanholt,Left Back,7.1,43.5,,,0.0,True,,,,,,,False,,,,,,,False,False,left_to_right,False,7.1,43.5,,,False,False,False,False
2d39e92c-e350-454b-ac18-2b07bdaac540,3754237,609,1,00:17:42.741,17,42,16,Shot,35,22,Leicester City,From Throw In,22,Leicester City,3814.0,Riyad Mahrez,Left Midfield,113.0,36.6,120.0,41.7,0.704008,True,0.16436046,Goal,Head,Normal,Open Play,,False,,,,,,,False,False,left_to_right,False,113.0,36.6,120.0,41.7,False,False,False,False
db7c0ff2-d991-4a91-b27e-b1682732bdb9,3754237,610,1,00:17:43.445,17,43,23,Goal Keeper,35,22,Leicester City,From Throw In,41,Sunderland,6871.0,Costel Fane Pantilimon,Goalkeeper,1.7,40.9,,,0.0,False,,,,,,,False,,,,,,,False,False,left_to_right,False,1.7,40.9,,,False,False,False,False
c8c961cd-8879-44be-b1c7-5a0e4feccbcb,3754237,611,1,00:18:38.497,18,38,30,Pass,36,41,Sunderland,From Kick Off,41,Sunderland,3337.0,Jermain Defoe,Center Forward,61.0,40.1,60.8,37.1,0.284819,False,,,,,,,True,3.0066593,-1.6373645,Ground Pass,Kick Off,5617.0,Sebastian Larsson,False,False,left_to_right,False,61.0,40.1,60.8,37.1,False,False,False,False
2cacf97c-caac-4ab7-91c6-207e48884777,3754237,612,1,00:18:38.782,18,38,42,Ball Receipt*,36,41,Sunderland,From Kick Off,41,Sunderland,5617.0,Sebastian Larsson,Right Center Midfield,60.8,37.1,,,,False,,,,,,,False,,,,,,,False,False,left_to_right,False,60.8,37.1,,,False,False,False,False
12e9480a-e098-486c-8263-965725aaf476,3754237,613,1,00:18:38.782,18,38,43,Carry,36,41,Sunderland,From Kick Off,41,Sunderland,5617.0,Sebastian Larsson,Right Center Midfield,60.8,37.1,60.8,37.1,0.040000003,False,,,,,,,False,,,,,,,False,False,left_to_right,False,60.8,37.1,60.8,37.1,False,False,False,False
da3e47e7-2cff-43cc-abeb-64fea56bea2d,3754237,614,1,00:18:38.822,18,38,30,Pass,36,41,Sunderland,From Kick Off,41,Sunderland,5617.0,Sebastian Larsson,Right Center Midfield,60.8,37.1,49.1,33.1,1.205459,False,,,,,,,True,12.364869,-2.8121696,Ground Pass,,18751.0,Jack Rodwell,False,False,left_to_right,False,60.8,37.1,49.1,33.1,False,False,False,False
3df1193e-baf3-4982-bbb6-057b169295b0,3754237,615,1,00:18:40.028,18,40,42,Ball Receipt*,36,41,Sunderland,From Kick Off,41,Sunderland,18751.0,Jack Rodwell,Left Center Midfield,49.1,33.1,,,,False,,,,,,,False,,,,,,,False,False,left_to_right,False,49.1,33.1,,,False,False,False,False
350a693f-15a6-450e-bd6c-bc7a93cf6890,3754237,616,1,00:18:40.028,18,40,43,Carry,36,41,Sunderland,From Kick Off,41,Sunderland,18751.0,Jack Rodwell,Left Center Midfield,49.1,33.1,49.1,32.3,0.709885,False,,,,,,,False,,,,,,,False,False,left_to_right,False,49.1,33.1,49.1,32.3,False,False,False,False
948da577-ceb5-4788-a016-cc4da68b4ce2,3754237,617,1,00:18:40.738,18,40,30,Pass,36,41,Sunderland,From Kick Off,41,Sunderland,18751.0,Jack Rodwell,Left Center Midfield,49.1,32.3,45.9,5.4,1.292224,False,,,,,,,True,27.089666,-1.689199,Ground Pass,,3321.0,Patrick van Aanholt,False,False,left_to_right,False,49.1,32.3,45.9,5.4,False,False,False,False
50e6390f-35db-401d-85e9-c98d98594269,3754237,618,1,00:18:42.030,18,42,42,Ball Receipt*,36,41,Sunderland,From Kick Off,41,Sunderland,3321.0,Patrick van Aanholt,Left Back,45.9,5.4,,,,False,,,,,,,False,,,,,,,False,False,left_to_right,False,45.9,5.4,,,False,False,False,False
fcf855e6-2544-4d74-8e48-864fe6b83079,3754237,619,1,00:18:42.030,18,42,43,Carry,36,41,Sunderland,From Kick Off,41,Sunderland,3321.0,Patrick van Aanholt,Left Back,45.9,5.4,49.9,5.7,1.959868,False,,,,,,,False,,,,,,,False,False,left_to_right,False,45.9,5.4,49.9,5.7,False,False,False,False
31471f58-a511-4ea6-88c2-4b881b9f818c,3754237,620,1,00:18:43.990,18,43,30,Pass,36,41,Sunderland,From Kick Off,41,Sunderland,3321.0,Patrick van Aanholt,Left Back,49.9,5.7,27.3,20.0,2.299031,False,,,,,,,True,26.744158,2.5774446,Ground Pass,,4746.0,Younes Kaboul,False,False,left_to_right,False,49.9,5.7,27.3,20.0,False,False,False,False
1dcb549d-2600-40e4-9199-be3dc726a6a0,3754237,621,1,00:18:46.289,18,46,42,Ball Receipt*,36,41,Sunderland,From Kick Off,41,Sunderland,4746.0,Younes Kaboul,Left Center Back,27.3,20.0,,,,False,,,,,,,False,,,,,,,False,False,left_to_right,False,27.3,20.0,,,False,False,False,False
46ad3cc9-ce86-4fbf-9af8-e2b6fd10c60e,3754237,622,1,00:18:46.289,18,46,43,Carry,36,41,Sunderland,From Kick Off,41,Sunderland,4746.0,Younes Kaboul,Left Center Back,27.3,20.0,25.9,21.7,1.888481,False,,,,,,,False,,,,,,,False,False,left_to_right,False,27.3,20.0,25.9,21.7,False,False,False,False
d9c57071-1efc-433d-98a2-8d58d48ba609,3754237,623,1,00:18:48.177,18,48,30,Pass,36,41,Sunderland,From Kick Off,41,Sunderland,4746.0,Younes Kaboul,Left Center Back,25.9,21.7,34.2,50.1,1.490774,False,,,,,,,True,29.588005,1.2864615,Ground Pass,,6300.0,Sebastián Coates Nión,False,False,left_to_right,False,25.9,21.7,34.2,50.1,False,False,False,False
60629fea-ba35-4f51-bc21-25abeb5d2b1f,3754237,624,1,00:18:49.668,18,49,42,Ball Receipt*,36,41,Sunderland,From Kick Off,41,Sunderland,6300.0,Sebastián Coates Nión,Right Center Back,34.2,50.1,,,,False,,,,,,,False,,,,,,,False,False,left_to_right,False,34.2,50.1,,,False,False,False,False
11af981c-106b-4618-8484-85ad42d222cc,3754237,625,1,00:18:49.668,18,49,43,Carry,36,41,Sunderland,From Kick Off,41,Sunderland,6300.0,Sebastián Coates Nión,Right Center Back,34.2,50.1,35.3,50.9,1.617284,False,,,,,,,False,,,,,,,False,False,left_to_right,False,34.2,50.1,35.3,50.9,False,False,False,False
0e4f2daf-a278-47bd-ae72-c30ef77dfed8,3754237,626,1,00:18:51.285,18,51,30,Pass,36,41,Sunderland,From Kick Off,41,Sunderland,6300.0,Sebastián Coates Nión,Right Center Back,35.3,50.9,34.8,28.0,1.860408,False,,,,,,,True,22.905458,-1.5926269,Ground Pass,,4746.0,Younes Kaboul,False,False,left_to_right,False,35.3,50.9,34.8,28.0,False,False,False,False
6d1490ea-205a-4333-974a-eae953a7d91b,3754237,627,1,00:18:53.146,18,53,42,Ball Receipt*,36,41,Sunderland,From Kick Off,41,Sunderland,4746.0,Younes Kaboul,Left Center Back,34.8,28.0,,,,False,,,,,,,False,,,,,,,False,False,left_to_right,False,34.8,28.0,,,False,False,False,False
a8c22b6f-d28e-45c4-8285-346d5395f5c0,3754237,628,1,00:18:53.146,18,53,43,Carry,36,41,Sunderland,From Kick Off,41,Sunderland,4746.0,Younes Kaboul,Left Center Back,34.8,28.0,43.3,30.6,3.006818,False,,,,,,,False,,,,,,,False,False,left_to_right,False,34.8,28.0,43.3,30.6,False,False,False,False
e20d22d5-8719-4bc4-812d-b115ee1e0924,3754237,629,1,00:18:56.152,18,56,30,Pass,36,41,Sunderland,From Kick Off,41,Sunderland,4746.0,Younes Kaboul,Left Center Back,43.3,30.6,41.0,54.0,1.524821,False,,,,,,,True,23.512762,1.6687722,Ground Pass,,6300.0,Sebastián Coates Nión,False,False,left_to_right,False,43.3,30.6,41.0,54.0,False,False,False,False
af9075ff-3665-4639-9a27-3a21f6f01401,3754237,630,1,00:18:57.677,18,57,42,Ball Receipt*,36,41,Sunderland,From Kick Off,41,Sunderland,6300.0,Sebastián Coates Nión,Right Center Back,41.0,54.0,,,,False,,,,,,,False,,,,,,,False,False,left_to_right,False,41.0,54.0,,,False,False,False,False
8516b397-3079-4c2a-b3e3-c5fd1df7f47e,3754237,631,1,00:18:57.677,18,57,43,Carry,36,41,Sunderland,From Kick Off,41,Sunderland,6300.0,Sebastián Coates Nión,Right Center Back,41.0,54.0,41.9,56.0,0.779072,False,,,,,,,False,,,,,,,False,False,left_to_right,False,41.0,54.0,41.9,56.0,False,False,False,False
5c5bdfcd-3596-4fb9-a9ff-30add09b3b7b,3754237,632,1,00:18:58.456,18,58,30,Pass,36,41,Sunderland,From Kick Off,41,Sunderland,6300.0,Sebastián Coates Nión,Right Center Back,41.9,56.0,58.5,55.1,0.906874,False,,,,,,,True,16.62438,-0.05416384,Ground Pass,,42902.0,Adam Johnson,False,False,left_to_right,False,41.9,56.0,58.5,55.1,False,False,False,False
27b14d5f-76b9-4d9c-bbaf-45fef7913705,3754237,633,1,00:18:59.268,18,59,17,Pressure,36,41,Sunderland,From Kick Off,22,Leicester City,3307.0,Marc Albrighton,Right Midfield,62.2,23.8,,,3.954892,False,,,,,,,False,,,,,,,False,False,left_to_right,False,62.2,23.8,,,False,False,False,False
32928d0b-d137-4177-807c-af4f5883751c,3754237,634,1,00:18:59.363,18,59,42,Ball Receipt*,36,41,Sunderland,From Kick Off,41,Sunderland,42902.0,Adam Johnson,Right Midfield,58.5,55.1,,,,True,,,,,,,False,,,,,,,False,False,left_to_right,False,58.5,55.1,,,False,False,False,False
8fa7ebc3-f430-43b2-aa34-c68cfbdaf8a4,3754237,635,1,00:18:59.363,18,59,43,Carry,36,41,Sunderland,From Kick Off,41,Sunderland,42902.0,Adam Johnson,Right Midfield,58.5,55.1,51.4,57.7,3.771388,True,,,,,,,False,,,,,,,False,False,left_to_right,False,58.5,55.1,51.4,57.7,False,False,False,False
ec2232a6-7d32-464b-853d-a14bd63b6478,3754237,636,1,00:19:03.135,19,3,30,Pass,36,41,Sunderland,From Kick Off,41,Sunderland,42902.0,Adam Johnson,Right Midfield,51.4,57.7,36.7,63.2,1.466468,True,,,,,,,True,15.695222,2.7835677,Ground Pass,,6300.0,Sebastián Coates Nión,False,False,left_to_right,False,51.4,57.7,36.7,63.2,False,False,False,False
e43d0056-5f21-44fc-950d-7b6516cd3ac3,3754237,637,1,00:19:04.601,19,4,42,Ball Receipt*,36,41,Sunderland,From Kick Off,41,Sunderland,6300.0,Sebastián Coates Nión,Right Center Back,36.7,63.2,,,,False,,,,,,,False,,,,,,,False,False,left_to_right,False,36.7,63.2,,,False,False,False,False
c45e8a6c-9f72-4434-b976-95797a590623,3754237,638,1,00:19:04.601,19,4,43,Carry,36,41,Sunderland,From Kick Off,41,Sunderland,6300.0,Sebastián Coates Nión,Right Center Back,36.7,63.2,36.7,62.3,1.066044,False,,,,,,,False,,,,,,,False,False,left_to_right,False,36.7,63.2,36.7,62.3,False,False,False,False
956dcbcf-2c9f-44e8-9a7e-15f656141de8,3754237,639,1,00:19:05.667,19,5,30,Pass,36,41,Sunderland,From Kick Off,41,Sunderland,6300.0,Sebastián Coates Nión,Right Center Back,36.7,62.3,35.3,20.9,2.331815,False,,,,,,,True,41.423664,-1.6045998,Ground Pass,,4746.0,Younes Kaboul,False,False,left_to_right,False,36.7,62.3,35.3,20.9,False,False,False,False
bab208bb-85db-43a0-9e74-b3b7b3bad371,3754237,640,1,00:19:07.999,19,7,42,Ball Receipt*,36,41,Sunderland,From Kick Off,41,Sunderland,4746.0,Younes Kaboul,Left Center Back,35.3,20.9,,,,False,,,,,,,False,,,,,,,False,False,left_to_right,False,35.3,20.9,,,False,False,False,False
3af0c332-97ec-4ab8-8de8-ef3de7d48294,3754237,641,1,00:19:07.999,19,7,43,Carry,36,41,Sunderland,From Kick Off,41,Sunderland,4746.0,Younes Kaboul,Left Center Back,35.3,20.9,41.0,21.4,1.823996,False,,,,,,,False,,,,,,,False,False,left_to_right,False,35.3,20.9,41.0,21.4,False,False,False,False
97c4ff4e-388c-44fc-a942-689da9ffe78a,3754237,642,1,00:19:09.823,19,9,30,Pass,36,41,Sunderland,From Kick Off,41,Sunderland,4746.0,Younes Kaboul,Left Center Back,41.0,21.4,55.6,19.7,0.956457,False,,,,,,,True,14.698639,-0.11591638,Ground Pass,,18751.0,Jack Rodwell,False,False,left_to_right,False,41.0,21.4,55.6,19.7,False,False,False,False
ab52757d-0741-4aec-ba83-be17a7981ad5,3754237,643,1,00:19:10.779,19,10,42,Ball Receipt*,36,41,Sunderland,From Kick Off,41,Sunderland,18751.0,Jack Rodwell,Left Center Midfield,55.6,19.7,,,,False,,,,,,,False,,,,,,,False,False,left_to_right,False,55.6,19.7,,,False,False,False,False
71c1511d-56e7-4632-b2d9-344c31631ff5,3754237,644,1,00:19:10.779,19,10,43,Carry,36,41,Sunderland,From Kick Off,41,Sunderland,18751.0,Jack Rodwell,Left Center Midfield,55.6,19.7,55.4,16.8,2.168232,True,,,,,,,False,,,,,,,False,False,left_to_right,False,55.6,19.7,55.4,16.8,False,False,False,False
2d921062-9123-4952-bc62-c19c9e9b5c35,3754237,645,1,00:19:12.325,19,12,17,Pressure,36,41,Sunderland,From Kick Off,22,Leicester City,3810.0,Shinji Okazaki,Right Center Forward,63.1,59.0,,,0.696052,False,,,,,,,False,,,,,,,False,False,left_to_right,False,63.1,59.0,,,False,False,False,False
83319ed6-6112-40ae-9f6d-b2be159f0519,3754237,646,1,00:19:12.948,19,12,30,Pass,36,41,Sunderland,From Kick Off,41,Sunderland,18751.0,Jack Rodwell,Left Center Midfield,55.4,16.8,78.2,7.7,1.108929,True,,,,,,,True,24.548931,-0.37974995,Ground Pass,,3321.0,Patrick van Aanholt,False,False,left_to_right,False,55.4,16.8,78.2,7.7,False,False,False,False
e56f3718-4e42-4b72-bf46-68aaed6033af,3754237,647,1,00:19:14.057,19,14,42,Ball Receipt*,36,41,Sunderland,From Kick Off,41,Sunderland,3321.0,Patrick van Aanholt,Left Back,78.2,7.7,,,,False,,,,,,,False,,,,,,,False,False,left_to_right,False,78.2,7.7,,,False,False,False,False
e098bbe9-39da-464b-b9d5-1a3815c6ad8a,3754237,648,1,00:19:14.057,19,14,43,Carry,36,41,Sunderland,From Kick Off,41,Sunderland,3321.0,Patrick van Aanholt,Left Back,78.2,7.7,77.3,6.3,0.349595,True,,,,,,,False,,,,,,,False,False,left_to_right,False,78.2,7.7,77.3,6.3,False,False,False,False
1b342bd0-0729-4363-95d2-71da7bb6b84d,3754237,649,1,00:19:14.383,19,14,17,Pressure,36,41,Sunderland,From Kick Off,22,Leicester City,3665.0,Andrew Philip King,Right Center Midfield,43.3,72.4,,,0.301185,False,,,,,,,False,,,,,,,False,False,left_to_right,False,43.3,72.4,,,False,False,False,False
436f9538-eb24-4b33-b0e0-e3ce5955bddc,3754237,650,1,00:19:14.406,19,14,30,Pass,36,41,Sunderland,From Kick Off,41,Sunderland,3321.0,Patrick van Aanholt,Left Back,77.3,6.3,81.1,20.6,0.972975,True,,,,,,,True,14.796284,1.3110646,Ground Pass,,16457.0,Jeremain Lens,False,False,left_to_right,False,77.3,6.3,81.1,20.6,False,False,True,False
016adfa6-7ca2-46d5-ab89-fdba43dcf72b,3754237,651,1,00:19:15.379,19,15,42,Ball Receipt*,36,41,Sunderland,From Kick Off,41,Sunderland,16457.0,Jeremain Lens,Left Midfield,81.1,20.6,,,,False,,,,,,,False,,,,,,,False,False,left_to_right,False,81.1,20.6,,,False,False,False,False
88d6e2d3-5e59-4be0-baee-b1af853b3172,3754237,652,1,00:19:15.379,19,15,43,Carry,36,41,Sunderland,From Kick Off,41,Sunderland,16457.0,Jeremain Lens,Left Midfield,81.1,20.6,82.5,21.7,1.241875,False,,,,,,,False,,,,,,,False,False,left_to_right,False,81.1,20.6,82.5,21.7,False,False,False,False
a87cce57-e510-4de9-9961-9dc347b80a24,3754237,653,1,00:19:16.621,19,16,30,Pass,36,41,Sunderland,From Kick Off,41,Sunderland,16457.0,Jeremain Lens,Left Midfield,82.5,21.7,107.4,28.9,2.223361,False,,,,,,Incomplete,False,25.920069,0.2814793,Ground Pass,,3337.0,Jermain Defoe,False,False,left_to_right,False,82.5,21.7,107.4,28.9,False,True,False,True
401246d9-74ec-4d37-afd2-3146ac0d05e7,3754237,654,1,00:19:18.844,19,18,42,Ball Receipt*,36,41,Sunderland,From Kick Off,41,Sunderland,3337.0,Jermain Defoe,Center Forward,107.4,28.9,,,,False,,,,,,,False,,,,,,,False,False,left_to_right,False,107.4,28.9,,,False,False,False,False
08cf31b9-70bf-41a8-82bb-b0a131f6f679,3754237,655,1,00:19:18.844,19,18,30,Pass,37,22,Leicester City,Regular Play,22,Leicester City,3813.0,Wes Morgan,Left Center Back,12.7,51.2,12.1,68.1,2.8,False,,,,,,,True,16.910648,1.6062844,Ground Pass,Interception,28782.0,Ritchie De Laet,False,False,left_to_right,False,12.7,51.2,12.1,68.1,False,False,False,False
4e5a7cc3-4834-486d-9d93-97bd846e3a48,3754237,656,1,00:19:21.644,19,21,42,Ball Receipt*,37,22,Leicester City,Regular Play,22,Leicester City,28782.0,Ritchie De Laet,Right Back,12.1,68.1,,,,False,,,,,,,False,,,,,,,False,False,left_to_right,False,12.1,68.1,,,False,False,False,False
e93caa1b-14e6-45a8-9ecc-2789dec381ba,3754237,657,1,00:19:23.344,19,23,30,Pass,37,22,Leicester City,Regular Play,22,Leicester City,28782.0,Ritchie De Laet,Right Back,11.8,64.4,29.8,72.4,1.075791,False,,,,,,,True,19.697716,0.41822433,Ground Pass,,3814.0,Riyad Mahrez,False,False,left_to_right,False,11.8,64.4,29.8,72.4,False,False,False,False
f268c27f-72dd-4c8d-a806-ad68ae5098f2,3754237,658,1,00:19:24.420,19,24,42,Ball Receipt*,37,22,Leicester City,Regular Play,22,Leicester City,3814.0,Riyad Mahrez,Left Midfield,29.8,72.4,,,,False,,,,,,,False,,,,,,,False,False,left_to_right,False,29.8,72.4,,,False,False,False,False
2b6dc915-800a-45c7-976a-f30506b45d50,3754237,659,1,00:19:24.536,19,24,30,Pass,37,22,Leicester City,Regular Play,22,Leicester City,3814.0,Riyad Mahrez,Left Midfield,29.8,72.4,41.6,72.9,1.847365,False,,,,,,,True,11.810589,0.04234755,Ground Pass,,28782.0,Ritchie De Laet,False,False,left_to_right,False,29.8,72.4,41.6,72.9,False,False,False,False
c08e64f3-869b-4446-9b53-de8e5096feda,3754237,660,1,00:19:26.152,19,26,17,Pressure,37,22,Leicester City,Regular Play,41,Sunderland,16457.0,Jeremain Lens,Left Midfield,75.7,8.9,,,0.71315,False,,,,,,,False,,,,,,,False,False,left_to_right,False,75.7,8.9,,,False,False,False,False
3683fe3f-e851-48ca-93c9-bad1aec16dd6,3754237,661,1,00:19:26.384,19,26,42,Ball Receipt*,37,22,Leicester City,Regular Play,22,Leicester City,28782.0,Ritchie De Laet,Right Back,41.6,72.9,,,,True,,,,,,,False,,,,,,,False,False,left_to_right,False,41.6,72.9,,,False,False,False,False
7535f76c-d4be-4ee6-b56b-b17e44fc2e48,3754237,662,1,00:19:26.384,19,26,43,Carry,37,22,Leicester City,Regular Play,22,Leicester City,28782.0,Ritchie De Laet,Right Back,41.6,72.9,47.6,75.2,0.467449,True,,,,,,,False,,,,,,,False,False,left_to_right,False,41.6,72.9,47.6,75.2,False,False,False,False
f2f788c9-b26d-4988-b732-77f6b3d5f5f0,3754237,663,1,00:19:26.851,19,26,30,Pass,37,22,Leicester City,Regular Play,22,Leicester City,28782.0,Ritchie De Laet,Right Back,47.6,75.2,86.7,47.8,1.949892,True,,,,,,Incomplete,False,47.744843,-0.61124074,High Pass,,,,False,False,left_to_right,False,47.6,75.2,86.7,47.8,False,True,True,True
786a70b5-8c3b-421f-ae29-0b57634655cb,3754237,664,1,00:19:28.801,19,28,30,Pass,38,41,Sunderland,Regular Play,41,Sunderland,6300.0,Sebastián Coates Nión,Right Center Back,33.4,32.3,11.9,7.2,4.635385,False,,,,,,,True,33.04936,-2.2790945,High Pass,Recovery,4746.0,Younes Kaboul,False,False,left_to_right,False,33.4,32.3,11.9,7.2,False,False,False,False
1b069409-3295-4d28-961b-f253677a867e,3754237,665,1,00:19:32.838,19,32,17,Pressure,38,41,Sunderland,Regular Play,22,Leicester City,3810.0,Shinji Okazaki,Right Center Forward,103.4,73.5,,,0.640377,False,,,,,,,False,,,,,,,False,False,left_to_right,False,103.4,73.5,,,False,False,False,False
8d3f64a4-78d4-4243-b28f-d78276c04ee1,3754237,666,1,00:19:33.436,19,33,42,Ball Receipt*,38,41,Sunderland,Regular Play,41,Sunderland,4746.0,Younes Kaboul,Left Center Back,11.9,7.2,,,,True,,,,,,,False,,,,,,,False,False,left_to_right,False,11.9,7.2,,,False,False,False,False
a0b41d01-6043-4702-9630-a7069905a1ed,3754237,667,1,00:19:33.436,19,33,30,Pass,38,41,Sunderland,Regular Play,41,Sunderland,4746.0,Younes Kaboul,Left Center Back,11.6,5.1,46.5,10.6,1.596566,True,,,,,,,True,35.330723,0.1563076,High Pass,,18751.0,Jack Rodwell,False,False,left_to_right,False,11.6,5.1,46.5,10.6,False,True,False,False
173e3373-2ccd-435e-a1a7-81b6ad270433,3754237,668,1,00:19:35.033,19,35,42,Ball Receipt*,38,41,Sunderland,Regular Play,41,Sunderland,18751.0,Jack Rodwell,Left Center Midfield,46.5,10.6,,,,False,,,,,,,False,,,,,,,False,False,left_to_right,False,46.5,10.6,,,False,False,False,False
17fcd498-e19f-4216-b395-3dd26a9cde51,3754237,669,1,00:19:35.033,19,35,43,Carry,38,41,Sunderland,Regular Play,41,Sunderland,18751.0,Jack Rodwell,Left Center Midfield,46.5,10.6,52.5,37.7,5.522098,False,,,,,,,False,,,,,,,False,False,left_to_right,False,46.5,10.6,52.5,37.7,False,False,False,False
e79011b1-fec4-4f02-b393-8ca871c44b57,3754237,670,1,00:19:40.555,19,40,30,Pass,38,41,Sunderland,Regular Play,41,Sunderland,18751.0,Jack Rodwell,Left Center Midfield,52.5,37.7,47.6,64.3,1.854118,False,,,,,,,True,27.04755,1.7529646,Ground Pass,,10503.0,Billy Jones,False,False,left_to_right,False,52.5,37.7,47.6,64.3,False,False,False,False
2a7fecfe-bfba-4a97-bec1-6899c9e4fecf,3754237,671,1,00:19:42.409,19,42,42,Ball Receipt*,38,41,Sunderland,Regular Play,41,Sunderland,10503.0,Billy Jones,Right Back,47.6,64.3,,,,False,,,,,,,False,,,,,,,False,False,left_to_right,False,47.6,64.3,,,False,False,False,False
75ef3a55-6d16-4514-a010-72b3f6a1ce0a,3754237,672,1,00:19:42.409,19,42,43,Carry,38,41,Sunderland,Regular Play,41,Sunderland,10503.0,Billy Jones,Right Back,47.6,64.3,48.5,61.5,1.004921,False,,,,,,,False,,,,,,,False,False,left_to_right,False,47.6,64.3,48.5,61.5,False,False,False,False
bce213fe-e09a-4d73-a08c-c66197618306,3754237,673,1,00:19:43.414,19,43,30,Pass,38,41,Sunderland,Regular Play,41,Sunderland,10503.0,Billy Jones,Right Back,48.5,61.5,63.3,74.6,1.373112,False,,,,,,,True,19.764868,0.7245415,Ground Pass,,42902.0,Adam Johnson,False,False,left_to_right,False,48.5,61.5,63.3,74.6,False,False,False,False
3c8205bd-fdb1-43ef-806b-08953ce5969b,3754237,674,1,00:19:44.787,19,44,42,Ball Receipt*,38,41,Sunderland,Regular Play,41,Sunderland,42902.0,Adam Johnson,Right Midfield,63.3,74.6,,,,False,,,,,,,False,,,,,,,False,False,left_to_right,False,63.3,74.6,,,False,False,False,False
e43b2d2a-b3a7-4f9c-a247-3065948cffa7,3754237,675,1,00:19:44.787,19,44,43,Carry,38,41,Sunderland,Regular Play,41,Sunderland,42902.0,Adam Johnson,Right Midfield,63.3,74.6,63.9,54.0,5.004406,True,,,,,,,False,,,,,,,False,False,left_to_right,False,63.3,74.6,63.9,54.0,False,False,False,False
1df2dfc1-3d72-4c47-ba53-a82dacb61e84,3754237,676,1,00:19:46.802,19,46,17,Pressure,38,41,Sunderland,Regular Play,22,Leicester City,3520.0,Jeffrey Schlupp,Left Back,54.7,6.9,,,2.77036,False,,,,,,,False,,,,,,,False,False,left_to_right,False,54.7,6.9,,,False,False,False,False
1004986c-0cdf-479c-8c8f-66f1411de1e0,3754237,677,1,00:19:49.792,19,49,22,Foul Committed,38,41,Sunderland,Regular Play,22,Leicester City,3520.0,Jeffrey Schlupp,Left Back,56.2,26.1,,,0.0,False,,,,,,,False,,,,,,,False,False,left_to_right,False,56.2,26.1,,,False,False,False,False
971c30c2-774d-48e0-b2d0-58c3dd094823,3754237,678,1,00:19:49.792,19,49,21,Foul Won,38,41,Sunderland,Regular Play,41,Sunderland,42902.0,Adam Johnson,Right Midfield,63.9,54.0,,,0.0,True,,,,,,,False,,,,,,,False,False,left_to_right,False,63.9,54.0,,,False,False,False,False
5a5b0b03-b0ac-4201-b3df-af16ac9fa756,3754237,679,1,00:20:00.460,20,0,30,Pass,39,41,Sunderland,From Free Kick,41,Sunderland,5617.0,Sebastian Larsson,Right Center Midfield,63.9,50.6,62.5,43.2,0.920575,False,,,,,,,True,7.531268,-1.7577755,Ground Pass,Free Kick,10783.0,Lee Cattermole,False,False,left_to_right,False,63.9,50.6,62.5,43.2,False,False,False,False
fcfe1e03-ff5e-4a87-9b17-d79207220046,3754237,680,1,00:20:01.381,20,1,42,Ball Receipt*,39,41,Sunderland,From Free Kick,41,Sunderland,10783.0,Lee Cattermole,Center Defensive Midfield,62.5,43.2,,,,False,,,,,,,False,,,,,,,False,False,left_to_right,False,62.5,43.2,,,False,False,False,False
10e7cafc-8b6a-487a-a22f-9e5e6614f592,3754237,681,1,00:20:01.381,20,1,43,Carry,39,41,Sunderland,From Free Kick,41,Sunderland,10783.0,Lee Cattermole,Center Defensive Midfield,62.5,43.2,72.0,42.9,3.9703481,False,,,,,,,False,,,,,,,False,False,left_to_right,False,62.5,43.2,72.0,42.9,False,False,False,False
9c6414c2-a1dc-47eb-a449-0660afc6e6e3,3754237,682,1,00:20:05.351,20,5,30,Pass,39,41,Sunderland,From Free Kick,41,Sunderland,10783.0,Lee Cattermole,Center Defensive Midfield,72.0,42.9,69.1,27.7,1.622862,False,,,,,,,True,15.474172,-1.7593201,Ground Pass,,18751.0,Jack Rodwell,False,False,left_to_right,False,72.0,42.9,69.1,27.7,False,False,False,False
0a328dfc-333d-44fe-afec-dbc26dbfd529,3754237,683,1,00:20:06.974,20,6,42,Ball Receipt*,39,41,Sunderland,From Free Kick,41,Sunderland,18751.0,Jack Rodwell,Left Center Midfield,69.1,27.7,,,,False,,,,,,,False,,,,,,,False,False,left_to_right,False,69.1,27.7,,,False,False,False,False
aaf1309a-bf38-43d3-9c75-2e70766f5a66,3754237,684,1,00:20:06.974,20,6,43,Carry,39,41,Sunderland,From Free Kick,41,Sunderland,18751.0,Jack Rodwell,Left Center Midfield,69.1,27.7,76.2,23.4,1.925526,False,,,,,,,False,,,,,,,False,False,left_to_right,False,69.1,27.7,76.2,23.4,False,False,False,False
e424695a-ee6b-45e1-9445-afdd0372f379,3754237,685,1,00:20:08.900,20,8,30,Pass,39,41,Sunderland,From Free Kick,41,Sunderland,18751.0,Jack Rodwell,Left Center Midfield,76.2,23.4,81.9,4.3,0.851177,False,,,,,,,True,19.932386,-1.2807811,Ground Pass,,3321.0,Patrick van Aanholt,False,False,left_to_right,False,76.2,23.4,81.9,4.3,False,False,True,False
8bf31917-6012-4627-8f1f-72fc2757f7f2,3754237,686,1,00:20:09.751,20,9,42,Ball Receipt*,39,41,Sunderland,From Free Kick,41,Sunderland,3321.0,Patrick van Aanholt,Left Back,81.9,4.3,,,,False,,,,,,,False,,,,,,,False,False,left_to_right,False,81.9,4.3,,,False,False,False,False
14c9a089-e927-4294-b44e-e450aca6b1ed,3754237,687,1,00:20:09.751,20,9,43,Carry,39,41,Sunderland,From Free Kick,41,Sunderland,3321.0,Patrick van Aanholt,Left Back,81.9,4.3,81.9,4.3,0.079999,False,,,,,,,False,,,,,,,False,False,left_to_right,False,81.9,4.3,81.9,4.3,False,False,False,False
411c4937-01c3-424e-9bb1-56c422bc6949,3754237,688,1,00:20:09.831,20,9,30,Pass,39,41,Sunderland,From Free Kick,41,Sunderland,3321.0,Patrick van Aanholt,Left Back,81.9,4.3,50.2,19.7,2.822765,False,,,,,,,True,35.24273,2.6893659,Ground Pass,,4746.0,Younes Kaboul,False,False,left_to_right,False,81.9,4.3,50.2,19.7,False,False,False,False
ff77f97a-f3d4-4e9c-975f-f0fe014188a0,3754237,689,1,00:20:12.654,20,12,42,Ball Receipt*,39,41,Sunderland,From Free Kick,41,Sunderland,4746.0,Younes Kaboul,Left Center Back,50.2,19.7,,,,False,,,,,,,False,,,,,,,False,False,left_to_right,False,50.2,19.7,,,False,False,False,False
0a1319b4-e768-49e6-a5ac-226f083150c0,3754237,690,1,00:20:12.654,20,12,43,Carry,39,41,Sunderland,From Free Kick,41,Sunderland,4746.0,Younes Kaboul,Left Center Back,50.2,19.7,49.4,20.0,1.293296,False,,,,,,,False,,,,,,,False,False,left_to_right,False,50.2,19.7,49.4,20.0,False,False,False,False
7fbdc270-185a-47a9-b422-a86417856e00,3754237,691,1,00:20:13.947,20,13,30,Pass,39,41,Sunderland,From Free Kick,41,Sunderland,4746.0,Younes Kaboul,Left Center Back,49.4,20.0,56.2,28.6,1.232974,False,,,,,,,True,10.963576,0.9017533,Ground Pass,,10783.0,Lee Cattermole,False,False,left_to_right,False,49.4,20.0,56.2,28.6,False,False,False,False
d97470b6-7f73-4deb-b17c-3636aac141e5,3754237,692,1,00:20:15.180,20,15,42,Ball Receipt*,39,41,Sunderland,From Free Kick,41,Sunderland,10783.0,Lee Cattermole,Center Defensive Midfield,56.2,28.6,,,,False,,,,,,,False,,,,,,,False,False,left_to_right,False,56.2,28.6,,,False,False,False,False
af0da8e3-a48f-40bb-a9b1-741e0c757060,3754237,693,1,00:20:15.180,20,15,43,Carry,39,41,Sunderland,From Free Kick,41,Sunderland,10783.0,Lee Cattermole,Center Defensive Midfield,56.2,28.6,63.3,34.8,3.368723,True,,,,,,,False,,,,,,,False,False,left_to_right,False,56.2,28.6,63.3,34.8,False,False,False,False
5acfbc68-9361-4f1d-8d34-98bda77aea2d,3754237,694,1,00:20:18.089,20,18,17,Pressure,39,41,Sunderland,From Free Kick,22,Leicester City,3810.0,Shinji Okazaki,Right Center Forward,54.2,45.3,,,0.753537,False,,,,,,,False,,,,,,,False,False,left_to_right,False,54.2,45.3,,,False,False,False,False
8d91b1b0-5c24-40d5-8588-3d0518673862,3754237,695,1,00:20:18.549,20,18,30,Pass,39,41,Sunderland,From Free Kick,41,Sunderland,10783.0,Lee Cattermole,Center Defensive Midfield,63.3,34.8,76.2,35.4,1.194372,True,,,,,,Incomplete,False,12.913946,0.04647813,Ground Pass,,3337.0,Jermain Defoe,False,False,left_to_right,False,63.3,34.8,76.2,35.4,False,False,False,True
12f5274a-8e23-40d8-bd6a-6651d0547893,3754237,696,1,00:20:19.743,20,19,42,Ball Receipt*,39,41,Sunderland,From Free Kick,41,Sunderland,3337.0,Jermain Defoe,Center Forward,77.3,37.7,,,,False,,,,,,,False,,,,,,,False,False,left_to_right,False,77.3,37.7,,,False,False,False,False
8e727d64-9d48-451f-9b5e-1e26e929a203,3754237,697,1,00:20:19.743,20,19,30,Pass,39,41,Sunderland,From Free Kick,22,Leicester City,3665.0,Andrew Philip King,Right Center Midfield,43.9,44.7,55.9,42.1,0.875988,False,,,,,,,True,12.278437,-0.21336864,Low Pass,Recovery,3810.0,Shinji Okazaki,False,False,left_to_right,False,43.9,44.7,55.9,42.1,False,False,False,False
85a838e7-a020-4f2b-8d6e-f4dba8795347,3754237,698,1,00:20:20.619,20,20,42,Ball Receipt*,39,41,Sunderland,From Free Kick,22,Leicester City,3810.0,Shinji Okazaki,Right Center Forward,55.9,42.1,,,,False,,,,,,,False,,,,,,,False,False,left_to_right,False,55.9,42.1,,,False,False,False,False
7ff8c0a4-e1a1-430c-b964-70b6b459e6a5,3754237,699,1,00:20:20.619,20,20,43,Carry,39,41,Sunderland,From Free Kick,22,Leicester City,3810.0,Shinji Okazaki,Right Center Forward,55.9,42.1,54.2,37.2,1.399341,True,,,,,,,False,,,,,,,False,False,left_to_right,False,55.9,42.1,54.2,37.2,False,False,False,False
a51bb3c3-ec30-472b-ad07-6bf5c2c8e13e,3754237,700,1,00:20:21.182,20,21,17,Pressure,39,41,Sunderland,From Free Kick,41,Sunderland,10783.0,Lee Cattermole,Center Defensive Midfield,65.6,42.9,,,0.716718,False,,,,,,,False,,,,,,,False,False,left_to_right,False,65.6,42.9,,,False,False,False,False
1bc92a08-7b7b-45b9-927e-4e5ffd4373d3,3754237,701,1,00:20:22.018,20,22,3,Dispossessed,39,41,Sunderland,From Free Kick,22,Leicester City,3810.0,Shinji Okazaki,Right Center Forward,54.2,37.2,,,0.0,True,,,,,,,False,,,,,,,False,False,left_to_right,False,54.2,37.2,,,False,False,False,True
81116896-6539-4922-a996-5da5ad74e5dd,3754237,702,1,00:20:22.018,20,22,4,Duel,39,41,Sunderland,From Free Kick,41,Sunderland,10783.0,Lee Cattermole,Center Defensive Midfield,65.9,42.9,,,0.0,True,,,,,,,False,,,,,,,False,False,left_to_right,False,65.9,42.9,,,False,False,False,False
931ac26f-848d-4458-a533-de9902f26eb5,3754237,703,1,00:20:22.652,20,22,2,Ball Recovery,39,41,Sunderland,From Free Kick,41,Sunderland,16457.0,Jeremain Lens,Left Midfield,71.7,42.6,,,0.0,False,,,,,,,False,,,,,,,False,False,left_to_right,False,71.7,42.6,,,False,False,False,False
1ee82899-88f6-4496-b42c-f8209c28f42c,3754237,704,1,00:20:22.652,20,22,43,Carry,39,41,Sunderland,From Free Kick,41,Sunderland,16457.0,Jeremain Lens,Left Midfield,71.7,42.6,77.9,43.5,2.220124,True,,,,,,,False,,,,,,,False,False,left_to_right,False,71.7,42.6,77.9,43.5,False,False,False,False
8fd92975-836a-4914-9ebb-a78ed2c975ea,3754237,705,1,00:20:23.529,20,23,17,Pressure,39,41,Sunderland,From Free Kick,22,Leicester City,3662.0,Danny Drinkwater,Left Center Midfield,46.7,35.5,,,0.841365,False,,,,,,,False,,,,,,,False,False,left_to_right,False,46.7,35.5,,,False,False,False,False
e3df709d-c8f5-4997-814e-09ef75ce14e8,3754237,706,1,00:20:24.240,20,24,17,Pressure,39,41,Sunderland,From Free Kick,22,Leicester City,3665.0,Andrew Philip King,Right Center Midfield,42.2,38.7,,,0.46766,False,,,,,,,False,,,,,,,False,False,left_to_right,False,42.2,38.7,,,False,False,False,False
4319b658-c0c5-4012-a72b-fba92448704c,3754237,707,1,00:20:24.872,20,24,3,Dispossessed,39,41,Sunderland,From Free Kick,41,Sunderland,16457.0,Jeremain Lens,Left Midfield,77.9,43.5,,,0.0,True,,,,,,,False,,,,,,,False,False,left_to_right,False,77.9,43.5,,,False,False,False,True
ea3b5cf5-37fd-4dd1-9a37-642a52a20de2,3754237,708,1,00:20:24.872,20,24,4,Duel,39,41,Sunderland,From Free Kick,22,Leicester City,3662.0,Danny Drinkwater,Left Center Midfield,42.2,36.6,,,0.0,True,,,,,,,False,,,,,,,False,False,left_to_right,False,42.2,36.6,,,False,False,False,False
b6697df3-ff3d-4c2f-a93e-680eff0f0ffc,3754237,709,1,00:20:26.363,20,26,30,Pass,39,41,Sunderland,From Free Kick,22,Leicester City,3813.0,Wes Morgan,Left Center Back,29.8,25.0,7.8,42.1,2.268165,False,,,,,,,True,27.864134,2.4808643,Ground Pass,Recovery,3815.0,Kasper Schmeichel,False,False,left_to_right,False,29.8,25.0,7.8,42.1,False,False,False,False
6a65bab3-b9d1-421e-9178-8435cef34dc2,3754237,710,1,00:20:28.631,20,28,42,Ball Receipt*,39,41,Sunderland,From Free Kick,22,Leicester City,3815.0,Kasper Schmeichel,Goalkeeper,7.8,42.1,,,,False,,,,,,,False,,,,,,,False,False,left_to_right,False,7.8,42.1,,,False,False,False,False
96b39683-8da9-4cf2-9c51-1050feafbe27,3754237,711,1,00:20:28.631,20,28,43,Carry,39,41,Sunderland,From Free Kick,22,Leicester City,3815.0,Kasper Schmeichel,Goalkeeper,7.8,42.1,9.3,45.6,1.958516,False,,,,,,,False,,,,,,,False,False,left_to_right,False,7.8,42.1,9.3,45.6,False,False,False,False
c3affb5c-b41c-4d06-bd14-48d89093a9b3,3754237,712,1,00:20:30.590,20,30,30,Pass,39,41,Sunderland,From Free Kick,22,Leicester City,3815.0,Kasper Schmeichel,Goalkeeper,9.3,45.6,43.3,70.4,3.089756,False,,,,,,Incomplete,False,42.083725,0.6301939,High Pass,,3814.0,Riyad Mahrez,False,False,left_to_right,False,9.3,45.6,43.3,70.4,False,True,False,True
aab59367-184c-45f7-9e84-9e5cc5f46c15,3754237,713,1,00:20:33.679,20,33,42,Ball Receipt*,39,41,Sunderland,From Free Kick,22,Leicester City,3814.0,Riyad Mahrez,Left Midfield,48.4,73.2,,,,False,,,,,,,False,,,,,,,False,False,left_to_right,False,48.4,73.2,,,False,False,False,False
cc7a96c1-e31e-4032-92fe-87d62492ef0c,3754237,714,1,00:20:33.679,20,33,2,Ball Recovery,39,41,Sunderland,From Free Kick,41,Sunderland,3321.0,Patrick van Aanholt,Left Back,76.8,9.7,,,0.0,False,,,,,,,False,,,,,,,False,False,left_to_right,False,76.8,9.7,,,False,False,False,False
e8ccee9f-82f0-4546-80a9-4645b289d433,3754237,715,1,00:20:33.679,20,33,43,Carry,39,41,Sunderland,From Free Kick,41,Sunderland,3321.0,Patrick van Aanholt,Left Back,76.8,9.7,92.8,10.3,2.288095,True,,,,,,,False,,,,,,,False,False,left_to_right,False,76.8,9.7,92.8,10.3,False,False,False,False
f9d6a173-3182-43ac-bf8a-dd4e4a6fda23,3754237,716,1,00:20:35.403,20,35,17,Pressure,39,41,Sunderland,From Free Kick,22,Leicester City,3814.0,Riyad Mahrez,Left Midfield,30.4,69.5,,,0.719236,False,,,,,,,False,,,,,,,False,False,left_to_right,False,30.4,69.5,,,False,False,False,False
99ef03be-3c84-4b3f-8479-c5727464a9d1,3754237,717,1,00:20:35.968,20,35,30,Pass,39,41,Sunderland,From Free Kick,41,Sunderland,3321.0,Patrick van Aanholt,Left Back,92.8,10.3,98.5,30.3,0.943655,True,,,,,,,True,20.796394,1.2931572,Ground Pass,,16457.0,Jeremain Lens,False,False,left_to_right,False,92.8,10.3,98.5,30.3,False,True,False,False
25489066-13d4-4a0b-9ac6-d523704a32a1,3754237,718,1,00:20:36.911,20,36,42,Ball Receipt*,39,41,Sunderland,From Free Kick,41,Sunderland,16457.0,Jeremain Lens,Left Midfield,98.5,30.3,,,,False,,,,,,,False,,,,,,,False,False,left_to_right,False,98.5,30.3,,,False,False,False,False
c8b026bc-7b47-4f34-8ca5-b8ef98512bb0,3754237,719,1,00:20:36.911,20,36,43,Carry,39,41,Sunderland,From Free Kick,41,Sunderland,16457.0,Jeremain Lens,Left Midfield,98.5,30.3,96.2,28.3,3.281392,True,,,,,,,False,,,,,,,False,False,left_to_right,False,98.5,30.3,96.2,28.3,False,False,False,False
b86c8291-f3a5-4d8a-b1de-9846ecf59a3c,3754237,720,1,00:20:37.174,20,37,17,Pressure,39,41,Sunderland,From Free Kick,22,Leicester City,40123.0,Robert Huth,Right Center Back,20.5,50.1,,,0.856922,False,,,,,,,False,,,,,,,False,False,left_to_right,False,20.5,50.1,,,False,False,False,False
e7db0aa9-9dac-4f1a-9e33-9f68a6430c1c,3754237,721,1,00:20:40.193,20,40,30,Pass,39,41,Sunderland,From Free Kick,41,Sunderland,16457.0,Jeremain Lens,Left Midfield,96.2,28.3,91.4,47.5,1.238978,False,,,,,,,True,19.790907,1.815775,Ground Pass,,5617.0,Sebastian Larsson,False,False,left_to_right,False,96.2,28.3,91.4,47.5,False,False,False,False
be1849d9-a0bd-4550-8217-e15e3bdd71e0,3754237,722,1,00:20:41.432,20,41,42,Ball Receipt*,39,41,Sunderland,From Free Kick,41,Sunderland,5617.0,Sebastian Larsson,Right Center Midfield,91.4,47.5,,,,False,,,,,,,False,,,,,,,False,False,left_to_right,False,91.4,47.5,,,False,False,False,False
2fa03be3-fa56-4725-ade1-6a2e4b8eab61,3754237,723,1,00:20:41.432,20,41,43,Carry,39,41,Sunderland,From Free Kick,41,Sunderland,5617.0,Sebastian Larsson,Right Center Midfield,91.4,47.5,94.0,48.9,1.642071,False,,,,,,,False,,,,,,,False,False,left_to_right,False,91.4,47.5,94.0,48.9,False,False,False,False
65b5aada-e714-4ca3-a8c4-6ee864634707,3754237,724,1,00:20:43.074,20,43,30,Pass,39,41,Sunderland,From Free Kick,41,Sunderland,5617.0,Sebastian Larsson,Right Center Midfield,94.0,48.9,89.1,58.0,0.785215,False,,,,,,,True,10.335376,2.0647378,Ground Pass,,42902.0,Adam Johnson,False,False,left_to_right,False,94.0,48.9,89.1,58.0,False,False,False,False
6e2282e8-e644-435d-a28b-608ddd59a020,3754237,725,1,00:20:43.784,20,43,17,Pressure,39,41,Sunderland,From Free Kick,22,Leicester City,3307.0,Marc Albrighton,Right Midfield,28.7,21.5,,,0.844904,False,,,,,,,False,,,,,,,False,False,left_to_right,False,28.7,21.5,,,False,False,False,False
72c643a6-a2b3-4876-9145-474f32e7ba79,3754237,726,1,00:20:43.859,20,43,42,Ball Receipt*,39,41,Sunderland,From Free Kick,41,Sunderland,42902.0,Adam Johnson,Right Midfield,89.1,58.0,,,,True,,,,,,,False,,,,,,,False,False,left_to_right,False,89.1,58.0,,,False,False,False,False
d99e9d96-1b81-433f-b36b-d63bb9caec77,3754237,727,1,00:20:43.859,20,43,43,Carry,39,41,Sunderland,From Free Kick,41,Sunderland,42902.0,Adam Johnson,Right Midfield,89.1,58.0,86.8,51.8,0.76508,True,,,,,,,False,,,,,,,False,False,left_to_right,False,89.1,58.0,86.8,51.8,False,False,False,False
8a8d2c4c-73af-4c7e-b30f-c8ab086e7779,3754237,728,1,00:20:44.624,20,44,30,Pass,39,41,Sunderland,From Free Kick,41,Sunderland,42902.0,Adam Johnson,Right Midfield,86.8,51.8,101.1,26.0,0.972946,True,,,,,,Incomplete,False,29.497967,-1.0646856,Low Pass,,,,False,False,left_to_right,False,86.8,51.8,101.1,26.0,False,True,False,True
01733697-7f09-4788-ace1-d6dc27a9e44a,3754237,729,1,00:20:45.597,20,45,30,Pass,39,41,Sunderland,From Free Kick,22,Leicester City,3814.0,Riyad Mahrez,Left Midfield,19.0,54.1,56.5,37.8,3.034665,False,,,,,,Incomplete,False,40.889362,-0.41002983,High Pass,Recovery,,,False,False,left_to_right,False,19.0,54.1,56.5,37.8,False,True,False,True
32f8fb89-5c4c-49cd-8c39-89b09ad2b972,3754237,730,1,00:20:48.632,20,48,4,Duel,39,41,Sunderland,From Free Kick,22,Leicester City,10960.0,Jamie Vardy,Left Center Forward,56.5,37.8,,,0.0,True,,,,,,,False,,,,,,,False,False,left_to_right,False,56.5,37.8,,,False,False,False,False
3f440053-e386-44a2-9b43-ef7181f1793e,3754237,731,1,00:20:48.632,20,48,30,Pass,39,41,Sunderland,From Free Kick,41,Sunderland,6300.0,Sebastián Coates Nión,Right Center Back,63.6,42.3,66.8,45.5,1.650862,True,,,,,,,True,4.5254836,0.7853982,High Pass,Recovery,10783.0,Lee Cattermole,False,False,left_to_right,False,63.6,42.3,66.8,45.5,False,False,False,False
ea8cd326-8086-4d56-903b-f543652a38c7,3754237,732,1,00:20:50.282,20,50,42,Ball Receipt*,39,41,Sunderland,From Free Kick,41,Sunderland,10783.0,Lee Cattermole,Center Defensive Midfield,66.8,45.5,,,,False,,,,,,,False,,,,,,,False,False,left_to_right,False,66.8,45.5,,,False,False,False,False
180cc78d-8667-4d81-a8e9-61cb575be27b,3754237,733,1,00:20:50.282,20,50,43,Carry,39,41,Sunderland,From Free Kick,41,Sunderland,10783.0,Lee Cattermole,Center Defensive Midfield,66.8,45.5,66.8,45.5,0.034275003,False,,,,,,,False,,,,,,,False,False,left_to_right,False,66.8,45.5,66.8,45.5,False,False,False,False
48a83575-9167-4ecc-be0c-e0817143dfc1,3754237,734,1,00:20:50.317,20,50,30,Pass,39,41,Sunderland,From Free Kick,41,Sunderland,10783.0,Lee Cattermole,Center Defensive Midfield,66.8,45.5,52.5,52.6,1.165686,False,,,,,,,True,15.965588,2.680746,Low Pass,,6300.0,Sebastián Coates Nión,False,False,left_to_right,False,66.8,45.5,52.5,52.6,False,False,False,False
85cc148a-85d5-455e-a1de-184f50158402,3754237,735,1,00:20:51.482,20,51,42,Ball Receipt*,39,41,Sunderland,From Free Kick,41,Sunderland,6300.0,Sebastián Coates Nión,Right Center Back,52.5,52.6,,,,False,,,,,,,False,,,,,,,False,False,left_to_right,False,52.5,52.6,,,False,False,False,False
23943aa9-7e60-4565-a35b-9dcae5f9d0e7,3754237,736,1,00:20:51.482,20,51,43,Carry,39,41,Sunderland,From Free Kick,41,Sunderland,6300.0,Sebastián Coates Nión,Right Center Back,52.5,52.6,52.5,52.6,1.197392,False,,,,,,,False,,,,,,,False,False,left_to_right,False,52.5,52.6,52.5,52.6,False,False,False,False
c9cfd880-066d-4c32-a1ea-ea20df8b1109,3754237,737,1,00:20:52.680,20,52,30,Pass,39,41,Sunderland,From Free Kick,41,Sunderland,6300.0,Sebastián Coates Nión,Right Center Back,52.5,52.6,50.8,30.3,1.897692,False,,,,,,,True,22.364704,-1.6468823,Ground Pass,,4746.0,Younes Kaboul,False,False,left_to_right,False,52.5,52.6,50.8,30.3,False,False,False,False
51d045e5-0109-42b6-b59a-114a22d0ca4a,3754237,738,1,00:20:54.577,20,54,42,Ball Receipt*,39,41,Sunderland,From Free Kick,41,Sunderland,4746.0,Younes Kaboul,Left Center Back,50.8,30.3,,,,False,,,,,,,False,,,,,,,False,False,left_to_right,False,50.8,30.3,,,False,False,False,False
2e040849-9252-4329-a274-61ba89e607bd,3754237,739,1,00:20:54.577,20,54,43,Carry,39,41,Sunderland,From Free Kick,41,Sunderland,4746.0,Younes Kaboul,Left Center Back,50.8,30.3,51.1,24.0,1.396939,False,,,,,,,False,,,,,,,False,False,left_to_right,False,50.8,30.3,51.1,24.0,False,False,False,False
d4c52b1a-327e-4d91-9f09-3f89944a3cfa,3754237,740,1,00:20:55.974,20,55,30,Pass,39,41,Sunderland,From Free Kick,41,Sunderland,4746.0,Younes Kaboul,Left Center Back,51.1,24.0,64.2,16.8,1.068272,False,,,,,,,True,14.948244,-0.5025501,Ground Pass,,18751.0,Jack Rodwell,False,False,left_to_right,False,51.1,24.0,64.2,16.8,False,False,False,False
69c40d35-5c53-46f9-ba05-1318f2da2be0,3754237,741,1,00:20:57.043,20,57,42,Ball Receipt*,39,41,Sunderland,From Free Kick,41,Sunderland,18751.0,Jack Rodwell,Left Center Midfield,64.2,16.8,,,,False,,,,,,,False,,,,,,,False,False,left_to_right,False,64.2,16.8,,,False,False,False,False
13dcdf9c-6016-426d-a78b-f7a82c8ad838,3754237,742,1,00:20:57.043,20,57,43,Carry,39,41,Sunderland,From Free Kick,41,Sunderland,18751.0,Jack Rodwell,Left Center Midfield,64.2,16.8,63.9,16.5,2.685103,False,,,,,,,False,,,,,,,False,False,left_to_right,False,64.2,16.8,63.9,16.5,False,False,False,False
26201170-7b42-4a28-a59f-22647e7a146a,3754237,743,1,00:20:59.728,20,59,30,Pass,39,41,Sunderland,From Free Kick,41,Sunderland,18751.0,Jack Rodwell,Left Center Midfield,63.9,16.5,92.0,65.5,2.790352,False,,,,,,Incomplete,False,56.485485,1.0501131,High Pass,,,,False,False,left_to_right,False,63.9,16.5,92.0,65.5,False,True,True,True
5fd0ced3-c9f1-4b3f-bdf7-3e66abba73af,3754237,744,1,00:21:02.518,21,2,30,Pass,40,22,Leicester City,Regular Play,22,Leicester City,3520.0,Jeffrey Schlupp,Left Back,28.1,14.6,55.3,6.1,4.700502,False,,,,,,,True,28.497192,-0.30288488,High Pass,Recovery,3307.0,Marc Albrighton,False,False,left_to_right,False,28.1,14.6,55.3,6.1,False,False,False,False
d4834e11-b1f4-4034-8218-2b520e92fe05,3754237,745,1,00:21:05.372,21,5,17,Pressure,40,22,Leicester City,Regular Play,41,Sunderland,10503.0,Billy Jones,Right Back,64.5,73.7,,,1.984977,False,,,,,,,False,,,,,,,False,False,left_to_right,False,64.5,73.7,,,False,False,False,False
8431605c-68b8-4f70-9521-cfc0255ff8db,3754237,746,1,00:21:07.219,21,7,42,Ball Receipt*,40,22,Leicester City,Regular Play,22,Leicester City,3307.0,Marc Albrighton,Right Midfield,55.3,6.1,,,,True,,,,,,,False,,,,,,,False,False,left_to_right,False,55.3,6.1,,,False,False,False,False
aeca034f-8b4a-4726-b330-a7d073507fe6,3754237,747,1,00:21:07.219,21,7,43,Carry,40,22,Leicester City,Regular Play,22,Leicester City,3307.0,Marc Albrighton,Right Midfield,55.3,6.1,55.0,2.6,0.169327,True,,,,,,,False,,,,,,,False,False,left_to_right,False,55.3,6.1,55.0,2.6,False,False,False,False
5a5bd9e1-b5b0-47bf-ae0d-fdaab168e5b9,3754237,748,1,00:21:07.388,21,7,38,Miscontrol,40,22,Leicester City,Regular Play,22,Leicester City,3307.0,Marc Albrighton,Right Midfield,55.0,2.6,,,0.0,False,,,,,,,False,,,,,,,False,False,left_to_right,False,55.0,2.6,,,False,False,False,True
561a4cc4-fc37-454e-9b6d-cda06ec850c9,3754237,749,1,00:21:26.396,21,26,30,Pass,41,41,Sunderland,From Throw In,41,Sunderland,10503.0,Billy Jones,Right Back,44.8,80.0,66.2,63.8,1.155689,False,,,,,,Incomplete,False,26.84027,-0.64797205,High Pass,Throw-in,,,False,False,left_to_right,False,44.8,80.0,66.2,63.8,False,True,False,True
0950f6bc-55e5-40a1-885a-5926d7b4a9d6,3754237,750,1,00:21:27.552,21,27,2,Ball Recovery,42,22,Leicester City,Regular Play,22,Leicester City,3665.0,Andrew Philip King,Right Center Midfield,53.9,16.3,,,0.0,False,,,,,,,False,,,,,,,False,False,left_to_right,False,53.9,16.3,,,False,False,False,False
944e6867-c55f-4e05-a80b-a89832ba754d,3754237,751,1,00:21:28.409,21,28,30,Pass,42,22,Leicester City,Regular Play,22,Leicester City,3665.0,Andrew Philip King,Right Center Midfield,51.9,18.4,55.9,24.7,0.374131,False,,,,,,Unknown,False,7.462573,1.0050949,Ground Pass,,,,False,False,left_to_right,False,51.9,18.4,55.9,24.7,False,False,False,True
15f50426-404d-4686-9af1-4c98551e0751,3754237,752,1,00:21:30.333,21,30,2,Ball Recovery,43,41,Sunderland,Regular Play,41,Sunderland,18751.0,Jack Rodwell,Left Center Midfield,56.4,40.0,,,0.0,False,,,,,,,False,,,,,,,False,False,left_to_right,False,56.4,40.0,,,False,False,False,False
27875a19-9970-4cae-a5f1-9b475c0452df,3754237,753,1,00:21:30.333,21,30,43,Carry,43,41,Sunderland,Regular Play,41,Sunderland,18751.0,Jack Rodwell,Left Center Midfield,56.4,40.0,83.4,24.9,9.622043,True,,,,,,,False,,,,,,,False,False,left_to_right,False,56.4,40.0,83.4,24.9,True,False,False,False
b42e578b-e02b-4da3-9537-5b4abf36397c,3754237,754,1,00:21:32.640,21,32,17,Pressure,43,41,Sunderland,Regular Play,22,Leicester City,3665.0,Andrew Philip King,Right Center Midfield,43.6,43.0,,,1.181392,False,,,,,,,False,,,,,,,False,False,left_to_right,False,43.6,43.0,,,False,False,False,False
165ed0d9-58c7-4191-b6e4-06488d668b95,3754237,755,1,00:21:39.955,21,39,30,Pass,43,41,Sunderland,Regular Play,41,Sunderland,18751.0,Jack Rodwell,Left Center Midfield,83.4,24.9,83.6,35.7,0.793203,False,,,,,,,True,10.801851,1.55228,Ground Pass,,3337.0,Jermain Defoe,False,False,left_to_right,False,83.4,24.9,83.6,35.7,False,False,False,False
37a339b7-9345-4752-b14c-681170f6f5e1,3754237,756,1,00:21:40.748,21,40,42,Ball Receipt*,43,41,Sunderland,Regular Play,41,Sunderland,3337.0,Jermain Defoe,Center Forward,83.6,35.7,,,,False,,,,,,,False,,,,,,,False,False,left_to_right,False,83.6,35.7,,,False,False,False,False
f53f5efc-9eb0-4355-bcd1-97206b1f0d05,3754237,757,1,00:21:40.748,21,40,43,Carry,43,41,Sunderland,Regular Play,41,Sunderland,3337.0,Jermain Defoe,Center Forward,83.6,35.7,83.6,35.7,0.358298,False,,,,,,,False,,,,,,,False,False,left_to_right,False,83.6,35.7,83.6,35.7,False,False,False,False
a15761e9-1d30-4e08-b382-f17bc154bfac,3754237,758,1,00:21:41.106,21,41,30,Pass,43,41,Sunderland,Regular Play,41,Sunderland,3337.0,Jermain Defoe,Center Forward,83.6,35.7,93.1,33.7,0.67589,False,,,,,,,True,9.708244,-0.20749623,Ground Pass,,10783.0,Lee Cattermole,False,False,left_to_right,False,83.6,35.7,93.1,33.7,False,False,False,False
8948927f-f4e1-4006-b19b-edec67c5f0cb,3754237,759,1,00:21:41.782,21,41,42,Ball Receipt*,43,41,Sunderland,Regular Play,41,Sunderland,10783.0,Lee Cattermole,Center Defensive Midfield,93.1,33.7,,,,False,,,,,,,False,,,,,,,False,False,left_to_right,False,93.1,33.7,,,False,False,False,False
855dcae6-3b04-4e5b-9227-9382f9ca07af,3754237,760,1,00:21:41.782,21,41,43,Carry,43,41,Sunderland,Regular Play,41,Sunderland,10783.0,Lee Cattermole,Center Defensive Midfield,93.1,33.7,91.1,36.0,0.493437,True,,,,,,,False,,,,,,,False,False,left_to_right,False,93.1,33.7,91.1,36.0,False,False,False,False
60c7a6b2-0791-4cc5-88be-5cd9bfb076ec,3754237,761,1,00:21:41.882,21,41,17,Pressure,43,41,Sunderland,Regular Play,22,Leicester City,40123.0,Robert Huth,Right Center Back,26.7,45.0,,,0.37092,False,,,,,,,False,,,,,,,False,False,left_to_right,False,26.7,45.0,,,False,False,False,False
714f2ce2-cd16-424c-b012-06663828215a,3754237,762,1,00:21:42.276,21,42,30,Pass,43,41,Sunderland,Regular Play,41,Sunderland,10783.0,Lee Cattermole,Center Defensive Midfield,91.1,36.0,82.5,46.0,0.959277,False,,,,,,,True,13.189389,2.2810674,Ground Pass,,5617.0,Sebastian Larsson,False,False,left_to_right,False,91.1,36.0,82.5,46.0,False,False,False,False
15f3990c-d76b-4373-a3f7-1c78a3d7c2b0,3754237,763,1,00:21:43.235,21,43,42,Ball Receipt*,43,41,Sunderland,Regular Play,41,Sunderland,5617.0,Sebastian Larsson,Right Center Midfield,82.5,46.0,,,,False,,,,,,,False,,,,,,,False,False,left_to_right,False,82.5,46.0,,,False,False,False,False
bb8a3f08-8a9d-4de7-97be-18b54e4f446b,3754237,764,1,00:21:43.235,21,43,43,Carry,43,41,Sunderland,Regular Play,41,Sunderland,5617.0,Sebastian Larsson,Right Center Midfield,82.5,46.0,85.1,43.5,1.38693,False,,,,,,,False,,,,,,,False,False,left_to_right,False,82.5,46.0,85.1,43.5,False,False,False,False
68af3924-94f3-4625-a46d-ad8d8c83e488,3754237,765,1,00:21:44.622,21,44,30,Pass,43,41,Sunderland,Regular Play,41,Sunderland,5617.0,Sebastian Larsson,Right Center Midfield,85.1,43.5,87.1,51.8,0.753859,False,,,,,,,True,8.537564,1.3343402,Ground Pass,,42902.0,Adam Johnson,True,False,left_to_right,False,85.1,43.5,87.1,51.8,False,False,False,False
c5672126-f502-42de-9a7b-5148b6a65f87,3754237,766,1,00:21:45.376,21,45,42,Ball Receipt*,43,41,Sunderland,Regular Play,41,Sunderland,42902.0,Adam Johnson,Right Midfield,87.1,51.8,,,,False,,,,,,,False,,,,,,,False,False,left_to_right,False,87.1,51.8,,,False,False,False,False
d0ff0008-83ef-42c1-9fd2-84989192c1c7,3754237,767,1,00:21:45.376,21,45,43,Carry,43,41,Sunderland,Regular Play,41,Sunderland,42902.0,Adam Johnson,Right Midfield,87.1,51.8,86.8,49.8,1.562161,False,,,,,,,False,,,,,,,False,False,left_to_right,False,87.1,51.8,86.8,49.8,False,False,False,False
2465a962-6467-4d59-afc0-c06a4d3dd03d,3754237,768,1,00:21:46.938,21,46,16,Shot,43,41,Sunderland,Regular Play,41,Sunderland,42902.0,Adam Johnson,Right Midfield,86.8,49.8,120.0,50.3,1.598522,False,0.012364077,Off T,Left Foot,Normal,Open Play,,False,,,,,,,False,False,left_to_right,False,86.8,49.8,120.0,50.3,False,False,False,False
6b78b26b-521f-45c1-b7ca-ab8daabe0596,3754237,769,1,00:21:48.536,21,48,23,Goal Keeper,43,41,Sunderland,Regular Play,22,Leicester City,3815.0,Kasper Schmeichel,Goalkeeper,1.1,39.2,,,0.0,False,,,,,,,False,,,,,,,False,False,left_to_right,False,1.1,39.2,,,False,False,False,False
99974cd7-efc5-4b9d-9017-0be3069f9c9a,3754237,770,1,00:22:23.101,22,23,30,Pass,44,22,Leicester City,From Goal Kick,22,Leicester City,3815.0,Kasper Schmeichel,Goalkeeper,6.0,44.0,76.5,59.2,3.414165,False,,,,,,Incomplete,False,72.11997,0.21235229,High Pass,Goal Kick,,,False,False,left_to_right,False,6.0,44.0,76.5,59.2,False,True,False,True
cd512ad2-6f82-4ff9-8309-579768cc1ff0,3754237,771,1,00:22:26.516,22,26,4,Duel,44,22,Leicester City,From Goal Kick,22,Leicester City,3810.0,Shinji Okazaki,Right Center Forward,76.5,59.2,,,0.0,True,,,,,,,False,,,,,,,False,False,left_to_right,False,76.5,59.2,,,False,False,False,False
3db31d6f-e622-427a-89f6-abdfda2c7226,3754237,772,1,00:22:26.516,22,26,30,Pass,44,22,Leicester City,From Goal Kick,41,Sunderland,10783.0,Lee Cattermole,Center Defensive Midfield,43.6,20.9,47.4,57.2,2.58595,True,,,,,,,True,36.498356,1.466493,High Pass,Recovery,42902.0,Adam Johnson,False,False,left_to_right,False,43.6,20.9,47.4,57.2,False,False,False,False
f7aac55f-9f29-4f97-8a2a-f51136e8cdf4,3754237,773,1,00:22:29.102,22,29,42,Ball Receipt*,44,22,Leicester City,From Goal Kick,41,Sunderland,42902.0,Adam Johnson,Right Midfield,47.4,57.2,,,,False,,,,,,,False,,,,,,,False,False,left_to_right,False,47.4,57.2,,,False,False,False,False
92c94f26-2687-4674-87f4-321f56e19a6b,3754237,774,1,00:22:29.102,22,29,43,Carry,44,22,Leicester City,From Goal Kick,41,Sunderland,42902.0,Adam Johnson,Right Midfield,47.4,57.2,37.3,61.7,2.99936,True,,,,,,,False,,,,,,,False,False,left_to_right,False,47.4,57.2,37.3,61.7,False,False,False,False
17c7f9e3-0e06-40de-b555-1cce019c1611,3754237,775,1,00:22:31.092,22,31,17,Pressure,44,22,Leicester City,From Goal Kick,22,Leicester City,3520.0,Jeffrey Schlupp,Left Back,80.2,18.1,,,0.991219,False,,,,,,,False,,,,,,,False,False,left_to_right,False,80.2,18.1,,,False,False,False,False
dfaceeaa-a687-43bd-a106-f939dda7acd8,3754237,776,1,00:22:32.101,22,32,3,Dispossessed,44,22,Leicester City,From Goal Kick,41,Sunderland,42902.0,Adam Johnson,Right Midfield,37.3,61.7,,,0.0,True,,,,,,,False,,,,,,,False,False,left_to_right,False,37.3,61.7,,,False,False,False,True
31674956-d30d-4b3d-ad89-bdeddf261e02,3754237,777,1,00:22:32.101,22,32,4,Duel,44,22,Leicester City,From Goal Kick,22,Leicester City,3520.0,Jeffrey Schlupp,Left Back,82.8,18.4,,,0.0,True,,,,,,,False,,,,,,,False,False,left_to_right,False,82.8,18.4,,,False,False,False,False
65ee923d-41b4-43e6-b607-27ae1428b555,3754237,778,1,00:22:33.236,22,33,2,Ball Recovery,44,22,Leicester City,From Goal Kick,22,Leicester City,3307.0,Marc Albrighton,Right Midfield,99.4,14.6,,,0.0,False,,,,,,,False,,,,,,,False,False,left_to_right,False,99.4,14.6,,,False,False,False,False
7a08bf8d-c45a-43fd-96a8-8f480c5114c7,3754237,779,1,00:22:33.236,22,33,43,Carry,44,22,Leicester City,From Goal Kick,22,Leicester City,3307.0,Marc Albrighton,Right Midfield,99.4,14.6,113.9,14.6,3.193079,True,,,,,,,False,,,,,,,False,False,left_to_right,False,99.4,14.6,113.9,14.6,False,False,False,False
18f82db9-c707-41c2-8b59-19b8fb8b5dcb,3754237,780,1,00:22:33.469,22,33,17,Pressure,44,22,Leicester City,From Goal Kick,41,Sunderland,10503.0,Billy Jones,Right Back,22.7,64.9,,,3.44454,False,,,,,,,False,,,,,,,False,False,left_to_right,False,22.7,64.9,,,False,False,False,False
d52dd43c-bafc-474d-b610-ffa68f9679ae,3754237,781,1,00:22:36.429,22,36,38,Miscontrol,44,22,Leicester City,From Goal Kick,22,Leicester City,3307.0,Marc Albrighton,Right Midfield,113.9,14.6,,,0.0,True,,,,,,,False,,,,,,,False,False,left_to_right,False,113.9,14.6,,,False,False,False,True
0ff1e05e-4b7e-46d0-95ab-e74e547b4c7b,3754237,782,1,00:23:09.347,23,9,30,Pass,45,41,Sunderland,From Goal Kick,41,Sunderland,6871.0,Costel Fane Pantilimon,Goalkeeper,7.0,44.1,55.9,54.0,3.373285,False,,,,,,,True,49.892082,0.19975404,High Pass,Goal Kick,5617.0,Sebastian Larsson,False,False,left_to_right,False,7.0,44.1,55.9,54.0,False,True,False,False
110f7d8a-a09a-4e05-bca6-8553d41e36e0,3754237,783,1,00:23:12.720,23,12,42,Ball Receipt*,45,41,Sunderland,From Goal Kick,41,Sunderland,5617.0,Sebastian Larsson,Right Center Midfield,55.9,54.0,,,,False,,,,,,,False,,,,,,,False,False,left_to_right,False,55.9,54.0,,,False,False,False,False
e690d71e-2cf3-4e68-9b5a-010391fa3265,3754237,784,1,00:23:12.800,23,12,4,Duel,45,41,Sunderland,From Goal Kick,22,Leicester City,3662.0,Danny Drinkwater,Left Center Midfield,64.2,26.1,,,0.0,True,,,,,,,False,,,,,,,False,False,left_to_right,False,64.2,26.1,,,False,False,False,False
4ac8493e-7560-4d83-ad50-1f6d84c1d168,3754237,785,1,00:23:12.800,23,12,30,Pass,45,41,Sunderland,From Goal Kick,41,Sunderland,5617.0,Sebastian Larsson,Right Center Midfield,55.9,54.0,69.1,52.4,1.613917,True,,,,,,,True,13.296617,-0.12062367,High Pass,,3337.0,Jermain Defoe,False,False,left_to_right,False,55.9,54.0,69.1,52.4,False,False,False,False
6563f408-9c07-45ff-9084-16b6d289821b,3754237,786,1,00:23:14.414,23,14,42,Ball Receipt*,45,41,Sunderland,From Goal Kick,41,Sunderland,3337.0,Jermain Defoe,Center Forward,69.1,52.4,,,,False,,,,,,,False,,,,,,,False,False,left_to_right,False,69.1,52.4,,,False,False,False,False
25128a8e-5a20-4a80-a29a-216112196676,3754237,787,1,00:23:14.443,23,14,30,Pass,45,41,Sunderland,From Goal Kick,41,Sunderland,3337.0,Jermain Defoe,Center Forward,69.4,52.4,60.8,45.5,1.229472,False,,,,,,Incomplete,False,11.025879,-2.4654353,Low Pass,,,,False,False,left_to_right,False,69.4,52.4,60.8,45.5,False,False,False,True
cba1a394-5ca8-4879-887a-9e00039a77ad,3754237,788,1,00:23:15.673,23,15,2,Ball Recovery,46,22,Leicester City,Regular Play,22,Leicester City,3814.0,Riyad Mahrez,Left Midfield,59.3,34.6,,,0.0,False,,,,,,,False,,,,,,,False,False,left_to_right,False,59.3,34.6,,,False,False,False,False
6efc573a-e70c-4937-bb8c-99e28d234d06,3754237,789,1,00:23:15.673,23,15,43,Carry,46,22,Leicester City,Regular Play,22,Leicester City,3814.0,Riyad Mahrez,Left Midfield,59.3,34.6,57.0,25.0,1.181754,True,,,,,,,False,,,,,,,False,False,left_to_right,False,59.3,34.6,57.0,25.0,False,False,False,False
007eff94-b4a6-4c58-9e0e-8b71d89defdd,3754237,790,1,00:23:16.734,23,16,17,Pressure,46,22,Leicester City,Regular Play,41,Sunderland,5617.0,Sebastian Larsson,Right Center Midfield,59.0,54.9,,,0.35354,False,,,,,,,False,,,,,,,False,False,left_to_right,False,59.0,54.9,,,False,False,False,False
33d7d3ec-93f4-48ed-acbb-9c3118e1fa90,3754237,791,1,00:23:16.855,23,16,30,Pass,46,22,Leicester City,Regular Play,22,Leicester City,3814.0,Riyad Mahrez,Left Midfield,57.0,25.0,55.9,7.1,1.476895,True,,,,,,,True,17.933767,-1.6321716,Ground Pass,,3307.0,Marc Albrighton,False,False,left_to_right,False,57.0,25.0,55.9,7.1,False,False,False,False
14c119f1-4ff6-41d0-ae8a-cba575ccf7dd,3754237,792,1,00:23:18.331,23,18,42,Ball Receipt*,46,22,Leicester City,Regular Play,22,Leicester City,3307.0,Marc Albrighton,Right Midfield,55.9,7.1,,,,False,,,,,,,False,,,,,,,False,False,left_to_right,False,55.9,7.1,,,False,False,False,False
c8cc5939-a576-4200-add4-4c9c26a7f3e8,3754237,793,1,00:23:18.331,23,18,43,Carry,46,22,Leicester City,Regular Play,22,Leicester City,3307.0,Marc Albrighton,Right Midfield,55.9,7.1,54.5,6.7,1.629513,False,,,,,,,False,,,,,,,False,False,left_to_right,False,55.9,7.1,54.5,6.7,False,False,False,False
dff4e0d8-af2a-4f26-900f-10a3b6aa404d,3754237,794,1,00:23:19.961,23,19,30,Pass,46,22,Leicester City,Regular Play,22,Leicester City,3307.0,Marc Albrighton,Right Midfield,54.5,6.7,47.3,9.7,1.012935,False,,,,,,,True,7.8,2.7468016,Ground Pass,,3520.0,Jeffrey Schlupp,False,False,left_to_right,False,54.5,6.7,47.3,9.7,False,False,False,False
aa023d80-19f1-43d7-90b7-031cb4d4eb73,3754237,795,1,00:23:20.974,23,20,42,Ball Receipt*,46,22,Leicester City,Regular Play,22,Leicester City,3520.0,Jeffrey Schlupp,Left Back,47.3,9.7,,,,False,,,,,,,False,,,,,,,False,False,left_to_right,False,47.3,9.7,,,False,False,False,False
6326360b-f3fb-4045-b7ce-82545980fc76,3754237,796,1,00:23:20.974,23,20,43,Carry,46,22,Leicester City,Regular Play,22,Leicester City,3520.0,Jeffrey Schlupp,Left Back,47.3,9.7,48.4,14.3,1.68471,False,,,,,,,False,,,,,,,False,False,left_to_right,False,47.3,9.7,48.4,14.3,False,False,False,False
7033579f-bec2-4385-93cc-67b6ab01226e,3754237,797,1,00:23:22.659,23,22,30,Pass,46,22,Leicester City,Regular Play,22,Leicester City,3520.0,Jeffrey Schlupp,Left Back,48.4,14.3,43.3,59.0,1.565495,False,,,,,,,True,44.989998,1.684399,Low Pass,,28782.0,Ritchie De Laet,False,False,left_to_right,False,48.4,14.3,43.3,59.0,False,False,False,False
ce0ac761-5c99-4cee-b4cc-2e2c2d83bfe5,3754237,798,1,00:23:24.224,23,24,42,Ball Receipt*,46,22,Leicester City,Regular Play,22,Leicester City,28782.0,Ritchie De Laet,Right Back,43.3,59.0,,,,False,,,,,,,False,,,,,,,False,False,left_to_right,False,43.3,59.0,,,False,False,False,False
a0642dc0-1970-498d-866e-3b07a5457032,3754237,799,1,00:23:24.224,23,24,43,Carry,46,22,Leicester City,Regular Play,22,Leicester City,28782.0,Ritchie De Laet,Right Back,43.3,59.0,76.5,70.9,5.439997,False,,,,,,,False,,,,,,,False,False,left_to_right,False,43.3,59.0,76.5,70.9,True,False,False,False
673a5d19-5afe-4de7-b799-9c8255e1a518,3754237,800,1,00:23:29.664,23,29,30,Pass,46,22,Leicester City,Regular Play,22,Leicester City,28782.0,Ritchie De Laet,Right Back,76.5,70.9,91.3,57.2,1.25786,False,,,,,,,True,20.16755,-0.7468208,Ground Pass,,3814.0,Riyad Mahrez,False,False,left_to_right,False,76.5,70.9,91.3,57.2,False,True,True,False
a83cd299-7869-455a-838e-c8dea1f0936a,3754237,801,1,00:23:30.922,23,30,42,Ball Receipt*,46,22,Leicester City,Regular Play,22,Leicester City,3814.0,Riyad Mahrez,Left Midfield,91.3,57.2,,,,False,,,,,,,False,,,,,,,False,False,left_to_right,False,91.3,57.2,,,False,False,False,False
f95caa6b-47db-444e-9c5e-fafe7e1a0d9f,3754237,802,1,00:23:30.922,23,30,43,Carry,46,22,Leicester City,Regular Play,22,Leicester City,3814.0,Riyad Mahrez,Left Midfield,91.3,57.2,104.0,54.7,3.163391,True,,,,,,,False,,,,,,,False,False,left_to_right,False,91.3,57.2,104.0,54.7,True,False,False,False
02dfc246-126f-4869-a6b4-fb60a8a322d8,3754237,803,1,00:23:32.805,23,32,17,Pressure,46,22,Leicester City,Regular Play,41,Sunderland,10783.0,Lee Cattermole,Center Defensive Midfield,17.9,26.0,,,1.266648,False,,,,,,,False,,,,,,,False,False,left_to_right,False,17.9,26.0,,,False,False,False,False
c3c30552-4066-47a4-b260-5dd6f88a96c0,3754237,804,1,00:23:34.085,23,34,22,Foul Committed,46,22,Leicester City,Regular Play,41,Sunderland,10783.0,Lee Cattermole,Center Defensive Midfield,16.1,25.4,,,0.0,False,,,,,,,False,,,,,,,False,False,left_to_right,False,16.1,25.4,,,False,False,False,False
4e7ab7ff-6ea5-4c3a-ade7-2ae0accf1a64,3754237,805,1,00:23:34.085,23,34,21,Foul Won,46,22,Leicester City,Regular Play,22,Leicester City,3814.0,Riyad Mahrez,Left Midfield,104.0,54.7,,,0.0,True,,,,,,,False,,,,,,,False,False,left_to_right,False,104.0,54.7,,,False,False,False,False
c07f41b5-f11a-4ff6-9460-c265461cdf03,3754237,806,1,00:24:29.658,24,29,16,Shot,47,22,Leicester City,Other,22,Leicester City,3814.0,Riyad Mahrez,Left Midfield,108.0,40.0,120.0,42.8,0.563156,False,0.7835,Goal,Left Foot,Normal,Penalty,,False,,,,,,,False,False,left_to_right,False,108.0,40.0,120.0,42.8,False,False,False,False
f46ce4ac-4e64-461c-ae7f-c2074e78af68,3754237,807,1,00:24:30.221,24,30,23,Goal Keeper,47,22,Leicester City,Other,41,Sunderland,6871.0,Costel Fane Pantilimon,Goalkeeper,1.0,40.0,,,0.0,False,,,,,,,False,,,,,,,False,False,left_to_right,False,1.0,40.0,,,False,False,False,False
1d19e1d9-2096-4bd0-ad5c-71022a49ed14,3754237,808,1,00:25:17.200,25,17,30,Pass,48,41,Sunderland,From Kick Off,41,Sunderland,3337.0,Jermain Defoe,Center Forward,61.0,40.1,60.8,42.6,0.455546,False,,,,,,,True,2.5079873,1.6506263,Ground Pass,Kick Off,5617.0,Sebastian Larsson,False,False,left_to_right,False,61.0,40.1,60.8,42.6,False,False,False,False
1369b4a4-5eff-465c-91fb-b6eb6fb9adce,3754237,809,1,00:25:17.655,25,17,42,Ball Receipt*,48,41,Sunderland,From Kick Off,41,Sunderland,5617.0,Sebastian Larsson,Right Center Midfield,60.8,42.6,,,,False,,,,,,,False,,,,,,,False,False,left_to_right,False,60.8,42.6,,,False,False,False,False
0bc0eff5-94b7-4ffb-93dc-f88882643036,3754237,810,1,00:25:17.655,25,17,43,Carry,48,41,Sunderland,From Kick Off,41,Sunderland,5617.0,Sebastian Larsson,Right Center Midfield,60.8,42.6,59.9,40.9,0.08,False,,,,,,,False,,,,,,,False,False,left_to_right,False,60.8,42.6,59.9,40.9,False,False,False,False
64e607ca-d0a2-41ce-8dff-8a0996a2fd3c,3754237,811,1,00:25:17.735,25,17,30,Pass,48,41,Sunderland,From Kick Off,41,Sunderland,5617.0,Sebastian Larsson,Right Center Midfield,59.9,40.9,55.1,41.7,0.853638,False,,,,,,,True,4.86621,2.976444,Ground Pass,,18751.0,Jack Rodwell,False,False,left_to_right,False,59.9,40.9,55.1,41.7,False,False,False,False
e161a2a4-5986-40f5-b4fa-16ab33f3f8f1,3754237,812,1,00:25:18.589,25,18,42,Ball Receipt*,48,41,Sunderland,From Kick Off,41,Sunderland,18751.0,Jack Rodwell,Left Center Midfield,55.1,41.7,,,,False,,,,,,,False,,,,,,,False,False,left_to_right,False,55.1,41.7,,,False,False,False,False
e9c18f08-ad10-4c81-a49a-f6d5b9d1efc6,3754237,813,1,00:25:18.589,25,18,43,Carry,48,41,Sunderland,From Kick Off,41,Sunderland,18751.0,Jack Rodwell,Left Center Midfield,55.1,41.7,52.8,42.9,0.688467,True,,,,,,,False,,,,,,,False,False,left_to_right,False,55.1,41.7,52.8,42.9,False,False,False,False
8d13863c-4d61-4438-a6db-19a02cc23303,3754237,814,1,00:25:19.084,25,19,17,Pressure,48,41,Sunderland,From Kick Off,22,Leicester City,3810.0,Shinji Okazaki,Right Center Forward,63.9,39.8,,,0.394792,False,,,,,,,False,,,,,,,False,False,left_to_right,False,63.9,39.8,,,False,False,False,False
34a067e2-de07-4837-9800-16c871e78330,3754237,815,1,00:25:19.277,25,19,30,Pass,48,41,Sunderland,From Kick Off,41,Sunderland,18751.0,Jack Rodwell,Left Center Midfield,52.8,42.9,48.5,65.5,1.625238,True,,,,,,,True,23.005434,1.7588145,Ground Pass,,10503.0,Billy Jones,False,False,left_to_right,False,52.8,42.9,48.5,65.5,False,False,False,False
bd8c6071-a37f-48ad-b1e8-7756dbe03e36,3754237,816,1,00:25:20.903,25,20,42,Ball Receipt*,48,41,Sunderland,From Kick Off,41,Sunderland,10503.0,Billy Jones,Right Back,48.5,65.5,,,,False,,,,,,,False,,,,,,,False,False,left_to_right,False,48.5,65.5,,,False,False,False,False
104eab2e-6b1c-48bf-9983-da97ed1645d0,3754237,817,1,00:25:20.903,25,20,43,Carry,48,41,Sunderland,From Kick Off,41,Sunderland,10503.0,Billy Jones,Right Back,48.5,65.5,47.4,65.5,0.04,False,,,,,,,False,,,,,,,False,False,left_to_right,False,48.5,65.5,47.4,65.5,False,False,False,False
7a026075-9751-4054-89cb-955c61244ed4,3754237,818,1,00:25:20.943,25,20,30,Pass,48,41,Sunderland,From Kick Off,41,Sunderland,10503.0,Billy Jones,Right Back,47.4,65.5,33.7,54.9,0.964914,False,,,,,,,True,17.32195,-2.483081,Ground Pass,,6300.0,Sebastián Coates Nión,False,False,left_to_right,False,47.4,65.5,33.7,54.9,False,False,False,False
172358c5-ef2d-4c43-b8b4-19537b102e73,3754237,819,1,00:25:21.907,25,21,42,Ball Receipt*,48,41,Sunderland,From Kick Off,41,Sunderland,6300.0,Sebastián Coates Nión,Right Center Back,33.7,54.9,,,,False,,,,,,,False,,,,,,,False,False,left_to_right,False,33.7,54.9,,,False,False,False,False
5489da87-84f5-49e4-aeab-bda8c0d2d46c,3754237,820,1,00:25:21.907,25,21,43,Carry,48,41,Sunderland,From Kick Off,41,Sunderland,6300.0,Sebastián Coates Nión,Right Center Back,33.7,54.9,33.7,54.9,1.603004,False,,,,,,,False,,,,,,,False,False,left_to_right,False,33.7,54.9,33.7,54.9,False,False,False,False
3ef2d682-ee41-4719-a57e-150a8a93ea73,3754237,821,1,00:25:23.510,25,23,30,Pass,48,41,Sunderland,From Kick Off,41,Sunderland,6300.0,Sebastián Coates Nión,Right Center Back,33.7,54.9,51.1,52.4,0.951968,False,,,,,,,True,17.57868,-0.14270157,Ground Pass,,10783.0,Lee Cattermole,False,False,left_to_right,False,33.7,54.9,51.1,52.4,False,False,False,False
3716ad94-4e62-4fb7-a8f7-1d0c9dd677be,3754237,822,1,00:25:24.462,25,24,42,Ball Receipt*,48,41,Sunderland,From Kick Off,41,Sunderland,10783.0,Lee Cattermole,Center Defensive Midfield,51.1,52.4,,,,False,,,,,,,False,,,,,,,False,False,left_to_right,False,51.1,52.4,,,False,False,False,False
e618612e-0c4f-4993-934d-c371f0e849af,3754237,823,1,00:25:24.462,25,24,43,Carry,48,41,Sunderland,From Kick Off,41,Sunderland,10783.0,Lee Cattermole,Center Defensive Midfield,51.1,52.4,50.8,52.4,0.04,False,,,,,,,False,,,,,,,False,False,left_to_right,False,51.1,52.4,50.8,52.4,False,False,False,False
e5b03dbc-e0c9-4069-ae91-2eac498fcc57,3754237,824,1,00:25:24.502,25,24,30,Pass,48,41,Sunderland,From Kick Off,41,Sunderland,10783.0,Lee Cattermole,Center Defensive Midfield,50.8,52.4,51.9,67.5,1.00239,False,,,,,,Incomplete,False,15.140013,1.4980772,Ground Pass,,,,False,False,left_to_right,False,50.8,52.4,51.9,67.5,False,False,False,True
fbe9da28-dd99-40db-9543-5e4cd9130479,3754237,825,1,00:25:25.505,25,25,30,Pass,49,22,Leicester City,Regular Play,22,Leicester City,3307.0,Marc Albrighton,Right Midfield,68.2,12.6,76.2,18.6,0.949209,False,,,,,,,True,10.0,0.6435011,Ground Pass,Recovery,10960.0,Jamie Vardy,False,False,left_to_right,False,68.2,12.6,76.2,18.6,False,False,False,False
d82ec590-e5f6-4931-8faf-649a04724277,3754237,826,1,00:25:26.454,25,26,42,Ball Receipt*,49,22,Leicester City,Regular Play,22,Leicester City,10960.0,Jamie Vardy,Left Center Forward,76.2,18.6,,,,False,,,,,,,False,,,,,,,False,False,left_to_right,False,76.2,18.6,,,False,False,False,False
5d1c1349-d118-4cc8-a672-bdca49eb5980,3754237,827,1,00:25:26.454,25,26,43,Carry,49,22,Leicester City,Regular Play,22,Leicester City,10960.0,Jamie Vardy,Left Center Forward,76.2,18.6,76.8,14.9,1.216648,False,,,,,,,False,,,,,,,False,False,left_to_right,False,76.2,18.6,76.8,14.9,False,False,False,False
dc60f663-55f0-44b4-a655-9ea7d9739294,3754237,828,1,00:25:27.671,25,27,30,Pass,49,22,Leicester City,Regular Play,22,Leicester City,10960.0,Jamie Vardy,Left Center Forward,76.8,14.9,91.0,8.6,1.747183,False,,,,,,,True,15.5348,-0.41757074,Ground Pass,,3307.0,Marc Albrighton,False,False,left_to_right,False,76.8,14.9,91.0,8.6,False,False,True,False
d0fd80f3-d9d0-4647-83e1-c94960036453,3754237,829,1,00:25:29.418,25,29,42,Ball Receipt*,49,22,Leicester City,Regular Play,22,Leicester City,3307.0,Marc Albrighton,Right Midfield,91.0,8.6,,,,False,,,,,,,False,,,,,,,False,False,left_to_right,False,91.0,8.6,,,False,False,False,False
435f5790-0c85-4dee-a3a7-a9574c46be46,3754237,830,1,00:25:29.418,25,29,43,Carry,49,22,Leicester City,Regular Play,22,Leicester City,3307.0,Marc Albrighton,Right Midfield,91.0,8.6,113.6,8.0,3.74896,True,,,,,,,False,,,,,,,False,False,left_to_right,False,91.0,8.6,113.6,8.0,False,False,False,False
9fc93107-3b3e-40b8-84d6-27e2b6ffc9a3,3754237,831,1,00:25:32.073,25,32,17,Pressure,49,22,Leicester City,Regular Play,41,Sunderland,10503.0,Billy Jones,Right Back,18.7,70.4,,,1.072265,False,,,,,,,False,,,,,,,False,False,left_to_right,False,18.7,70.4,,,False,False,False,False
13566cb5-84ae-4d5f-849c-564219a6fa93,3754237,832,1,00:25:33.167,25,33,30,Pass,49,22,Leicester City,Regular Play,22,Leicester City,3307.0,Marc Albrighton,Right Midfield,113.6,8.0,112.2,12.6,0.11301,False,,,,,,Incomplete,False,4.8083262,1.8662372,Low Pass,,,,False,False,left_to_right,False,113.6,8.0,112.2,12.6,False,False,False,True
f6134698-1b1a-44c2-a3a7-9b12797a052d,3754237,833,1,00:25:33.280,25,33,6,Block,49,22,Leicester City,Regular Play,41,Sunderland,10503.0,Billy Jones,Right Back,7.9,67.5,,,0.0,False,,,,,,,False,,,,,,,False,False,left_to_right,False,7.9,67.5,,,False,False,False,False
b197402e-407d-4c57-8965-92056715fc2e,3754237,834,1,00:25:58.321,25,58,17,Pressure,49,22,Leicester City,Regular Play,41,Sunderland,5617.0,Sebastian Larsson,Right Center Midfield,11.3,72.4,,,1.312803,False,,,,,,,False,,,,,,,False,False,left_to_right,False,11.3,72.4,,,False,False,False,False
d63d7830-a21b-4482-96b1-d6080d1de40f,3754237,835,1,00:25:58.869,25,58,30,Pass,50,22,Leicester City,From Throw In,22,Leicester City,3520.0,Jeffrey Schlupp,Left Back,112.8,0.1,105.4,5.8,0.600477,True,,,,,,,True,9.340771,2.4852443,Low Pass,Throw-in,3662.0,Danny Drinkwater,False,False,left_to_right,False,112.8,0.1,105.4,5.8,False,False,False,False
dac6d567-2765-449a-8da0-088fb6e6f606,3754237,836,1,00:25:59.469,25,59,42,Ball Receipt*,50,22,Leicester City,From Throw In,22,Leicester City,3662.0,Danny Drinkwater,Left Center Midfield,105.4,5.8,,,,True,,,,,,,False,,,,,,,False,False,left_to_right,False,105.4,5.8,,,False,False,False,False
920aa0cf-e625-4957-8597-c01a0a0ab6ee,3754237,837,1,00:25:59.469,25,59,43,Carry,50,22,Leicester City,From Throw In,22,Leicester City,3662.0,Danny Drinkwater,Left Center Midfield,105.4,5.8,105.4,5.8,0.159998,True,,,,,,,False,,,,,,,False,False,left_to_right,False,105.4,5.8,105.4,5.8,False,False,False,False
834e4ac1-c22a-4791-837d-afc374b8f071,3754237,838,1,00:25:59.629,25,59,30,Pass,50,22,Leicester City,From Throw In,22,Leicester City,3662.0,Danny Drinkwater,Left Center Midfield,105.4,5.8,112.5,2.4,0.596142,True,,,,,,,True,7.8721027,-0.4466038,Low Pass,,3520.0,Jeffrey Schlupp,False,False,left_to_right,False,105.4,5.8,112.5,2.4,False,False,False,False
8862be0c-65a6-4bf3-b75b-d937550e9826,3754237,839,1,00:26:00.225,26,0,42,Ball Receipt*,50,22,Leicester City,From Throw In,22,Leicester City,3520.0,Jeffrey Schlupp,Left Back,112.5,2.4,,,,False,,,,,,,False,,,,,,,False,False,left_to_right,False,112.5,2.4,,,False,False,False,False
eccbe6ad-0915-4fd4-b3ee-a187159791af,3754237,840,1,00:26:00.225,26,0,43,Carry,50,22,Leicester City,From Throw In,22,Leicester City,3520.0,Jeffrey Schlupp,Left Back,112.5,2.4,117.4,4.7,1.323942,False,,,,,,,False,,,,,,,False,False,left_to_right,False,112.5,2.4,117.4,4.7,False,False,False,False
6f92e1ba-fdb6-4498-8d47-e0ee74b5fcfa,3754237,841,1,00:26:01.549,26,1,30,Pass,50,22,Leicester City,From Throw In,22,Leicester City,3520.0,Jeffrey Schlupp,Left Back,117.4,4.7,117.4,42.7,1.662541,False,,,,,,Incomplete,False,38.0,1.5707964,High Pass,,,,False,False,left_to_right,False,117.4,4.7,117.4,42.7,False,True,False,True
078fd474-1345-4127-be9f-1b2287040ac7,3754237,842,1,00:26:03.212,26,3,23,Goal Keeper,51,41,Sunderland,From Keeper,41,Sunderland,6871.0,Costel Fane Pantilimon,Goalkeeper,2.7,37.4,,,0.0,False,,,,,,,False,,,,,,,False,False,left_to_right,False,2.7,37.4,,,False,False,False,False
dad171a2-6ab0-4121-8910-2e21ed6af016,3754237,843,1,00:26:03.212,26,3,43,Carry,51,41,Sunderland,From Keeper,41,Sunderland,6871.0,Costel Fane Pantilimon,Goalkeeper,2.7,37.4,13.9,42.3,14.274615,False,,,,,,,False,,,,,,,False,False,left_to_right,False,2.7,37.4,13.9,42.3,False,False,False,False
da378032-270b-4ba3-9ccb-d800943a8125,3754237,844,1,00:26:17.486,26,17,30,Pass,51,41,Sunderland,From Keeper,41,Sunderland,6871.0,Costel Fane Pantilimon,Goalkeeper,13.9,42.3,77.3,40.6,3.828168,False,,,,,,Incomplete,False,63.422787,-0.026807457,High Pass,,3337.0,Jermain Defoe,False,False,left_to_right,False,13.9,42.3,77.3,40.6,False,True,False,True
83c44297-cf62-4c87-859a-d4f619176aea,3754237,845,1,00:26:21.314,26,21,42,Ball Receipt*,51,41,Sunderland,From Keeper,41,Sunderland,3337.0,Jermain Defoe,Center Forward,77.3,40.6,,,,False,,,,,,,False,,,,,,,False,False,left_to_right,False,77.3,40.6,,,False,False,False,False
51f51879-b528-4fff-9683-bb9cf360ed61,3754237,846,1,00:26:21.314,26,21,30,Pass,51,41,Sunderland,From Keeper,22,Leicester City,3813.0,Wes Morgan,Left Center Back,42.8,39.5,64.7,34.6,2.259406,True,,,,,,Incomplete,False,22.441479,-0.22011892,High Pass,Recovery,,,False,False,left_to_right,False,42.8,39.5,64.7,34.6,False,True,False,True
35975731-d40d-415f-af4a-0f7b104d0cec,3754237,847,1,00:26:21.314,26,21,4,Duel,51,41,Sunderland,From Keeper,41,Sunderland,3337.0,Jermain Defoe,Center Forward,77.3,40.6,,,0.0,True,,,,,,,False,,,,,,,False,False,left_to_right,False,77.3,40.6,,,False,False,False,False
c6254747-101f-4c7a-953e-141a4e2da313,3754237,848,1,00:26:23.574,26,23,2,Ball Recovery,51,41,Sunderland,From Keeper,41,Sunderland,6300.0,Sebastián Coates Nión,Right Center Back,55.4,45.5,,,0.0,False,,,,,,,False,,,,,,,False,False,left_to_right,False,55.4,45.5,,,False,False,False,False
156c7229-39c7-47b4-af6b-559c193314bf,3754237,849,1,00:26:24.002,26,24,17,Pressure,51,41,Sunderland,From Keeper,22,Leicester City,3810.0,Shinji Okazaki,Right Center Forward,60.8,33.5,,,0.733206,False,,,,,,,False,,,,,,,False,False,left_to_right,False,60.8,33.5,,,False,False,False,False
78a6d03f-a7f9-4ced-9595-9d84fac4ab36,3754237,850,1,00:26:24.642,26,24,17,Pressure,51,41,Sunderland,From Keeper,41,Sunderland,6300.0,Sebastián Coates Nión,Right Center Back,56.7,43.2,,,0.632525,True,,,,,,,False,,,,,,,False,False,left_to_right,False,56.7,43.2,,,False,False,False,False
2fd5b091-7f69-46e7-a922-917cc5711893,3754237,851,1,00:26:25.576,26,25,30,Pass,52,22,Leicester City,From Counter,22,Leicester City,3810.0,Shinji Okazaki,Right Center Forward,63.4,41.5,71.3,44.1,0.366632,False,,,,,,,True,8.316851,0.31794828,Ground Pass,Recovery,3814.0,Riyad Mahrez,False,False,left_to_right,False,63.4,41.5,71.3,44.1,False,False,False,False
7e55cc1b-5f23-47ac-87fa-0cf3ed864067,3754237,852,1,00:26:25.943,26,25,42,Ball Receipt*,52,22,Leicester City,From Counter,22,Leicester City,3814.0,Riyad Mahrez,Left Midfield,71.3,44.1,,,,False,,,,,,,False,,,,,,,False,False,left_to_right,False,71.3,44.1,,,False,False,False,False
f9d7efa4-ff8f-49b6-8d88-77f546e59f3f,3754237,853,1,00:26:25.943,26,25,43,Carry,52,22,Leicester City,From Counter,22,Leicester City,3814.0,Riyad Mahrez,Left Midfield,71.3,44.1,71.6,41.2,0.778855,False,,,,,,,False,,,,,,,False,False,left_to_right,False,71.3,44.1,71.6,41.2,False,False,False,False
16315c3f-97a2-43aa-98ff-0e68a026fd8d,3754237,854,1,00:26:26.722,26,26,30,Pass,52,22,Leicester City,From Counter,22,Leicester City,3814.0,Riyad Mahrez,Left Midfield,71.6,41.2,95.9,25.8,2.077537,False,,,,,,,True,28.768908,-0.564863,Ground Pass,,10960.0,Jamie Vardy,True,False,left_to_right,False,71.6,41.2,95.9,25.8,False,True,True,False
8ff08bd7-7e73-4cde-9327-7b4819b5e677,3754237,855,1,00:26:28.799,26,28,42,Ball Receipt*,52,22,Leicester City,From Counter,22,Leicester City,10960.0,Jamie Vardy,Left Center Forward,95.9,25.8,,,,False,,,,,,,False,,,,,,,False,False,left_to_right,False,95.9,25.8,,,False,False,False,False
a24cd1cf-f93b-4f5d-a889-6b362fe81c3f,3754237,856,1,00:26:28.799,26,28,43,Carry,52,22,Leicester City,From Counter,22,Leicester City,10960.0,Jamie Vardy,Left Center Forward,95.9,25.8,102.1,33.7,0.891131,True,,,,,,,False,,,,,,,False,False,left_to_right,False,95.9,25.8,102.1,33.7,True,False,False,False
dc2724a3-f6dd-453f-82bd-2e5faee0d16f,3754237,857,1,00:26:28.869,26,28,17,Pressure,52,22,Leicester City,From Counter,41,Sunderland,4746.0,Younes Kaboul,Left Center Back,20.7,45.5,,,0.812414,False,,,,,,,False,,,,,,,False,False,left_to_right,False,20.7,45.5,,,False,False,False,False
90ab8cb5-bac0-49b5-8cbc-49e63e47edd9,3754237,858,1,00:26:29.690,26,29,16,Shot,52,22,Leicester City,From Counter,22,Leicester City,10960.0,Jamie Vardy,Left Center Forward,102.1,33.7,110.8,37.0,0.298128,False,0.18497264,Saved,Right Foot,Normal,Open Play,,False,,,,,,,False,False,left_to_right,False,102.1,33.7,110.8,37.0,False,False,False,False
d2a65036-f18c-4a91-b540-c27472452535,3754237,859,1,00:26:29.989,26,29,23,Goal Keeper,52,22,Leicester City,Regular Play,41,Sunderland,6871.0,Costel Fane Pantilimon,Goalkeeper,9.0,43.4,,,0.0,False,,,,,,,False,,,,,,,False,False,left_to_right,False,9.0,43.4,,,False,False,False,False
02e8c118-1525-4bf7-a0a5-50c7f600b3f0,3754237,860,1,00:26:31.627,26,31,9,Clearance,52,22,Leicester City,Regular Play,41,Sunderland,6300.0,Sebastián Coates Nión,Right Center Back,19.0,44.3,,,0.0,True,,,,,,,False,,,,,,,False,False,left_to_right,False,19.0,44.3,,,False,False,False,False
1dd76b7f-35b4-4bbc-94b6-a815c61b09f8,3754237,861,1,00:26:33.926,26,33,30,Pass,52,22,Leicester City,Regular Play,22,Leicester City,3813.0,Wes Morgan,Left Center Back,62.2,28.3,69.9,20.9,3.798431,False,,,,,,Unknown,False,10.6794195,-0.7655332,High Pass,Recovery,,,False,False,left_to_right,False,62.2,28.3,69.9,20.9,False,False,False,True
ac18c758-885c-496e-b449-e227b762f682,3754237,862,1,00:26:37.765,26,37,4,Duel,52,22,Leicester City,Regular Play,41,Sunderland,42902.0,Adam Johnson,Right Midfield,50.5,59.2,,,0.0,True,,,,,,,False,,,,,,,False,False,left_to_right,False,50.5,59.2,,,False,False,False,False
5731a814-9f6c-4b36-8760-6234e674fad4,3754237,863,1,00:26:37.765,26,37,9,Clearance,52,22,Leicester City,Regular Play,22,Leicester City,3813.0,Wes Morgan,Left Center Back,69.6,20.9,,,0.0,True,,,,,,,False,,,,,,,False,False,left_to_right,False,69.6,20.9,,,False,False,False,False
b23c0329-fa33-46be-832a-a4b835c1d719,3754237,864,1,00:26:38.864,26,38,17,Pressure,52,22,Leicester City,Regular Play,41,Sunderland,5617.0,Sebastian Larsson,Right Center Midfield,47.9,58.3,,,1.017981,False,,,,,,,False,,,,,,,False,False,left_to_right,False,47.9,58.3,,,False,False,False,False
cc1ed22f-a856-4c02-865b-d7339998ec3c,3754237,865,1,00:26:39.366,26,39,22,Foul Committed,52,22,Leicester City,Regular Play,22,Leicester City,3813.0,Wes Morgan,Left Center Back,71.0,21.5,,,0.0,True,,,,,,,False,,,,,,,False,False,left_to_right,False,71.0,21.5,,,False,False,False,False
efe4ab8c-bafd-4453-9519-cef4d5c95497,3754237,866,1,00:26:58.710,26,58,30,Pass,53,41,Sunderland,From Free Kick,41,Sunderland,10783.0,Lee Cattermole,Center Defensive Midfield,54.2,60.9,47.4,59.2,0.052425,False,,,,,,,True,7.0092797,-2.896614,Ground Pass,Free Kick,6300.0,Sebastián Coates Nión,False,False,left_to_right,False,54.2,60.9,47.4,59.2,False,False,False,False
327266c8-652e-4d22-b50a-991fd2b12bef,3754237,867,1,00:26:58.762,26,58,42,Ball Receipt*,53,41,Sunderland,From Free Kick,41,Sunderland,6300.0,Sebastián Coates Nión,Right Center Back,47.4,59.2,,,,False,,,,,,,False,,,,,,,False,False,left_to_right,False,47.4,59.2,,,False,False,False,False
6cbbf0cc-352d-49e8-af79-2b753308538a,3754237,868,1,00:26:58.857,26,58,30,Pass,53,41,Sunderland,From Free Kick,41,Sunderland,6300.0,Sebastián Coates Nión,Right Center Back,47.1,59.2,57.0,66.6,1.184274,False,,,,,,,True,12.360016,0.641883,Ground Pass,,5617.0,Sebastian Larsson,False,False,left_to_right,False,47.1,59.2,57.0,66.6,False,False,False,False
13ebc49f-a4ef-4206-a983-c0415d41ad19,3754237,869,1,00:27:00.041,27,0,42,Ball Receipt*,53,41,Sunderland,From Free Kick,41,Sunderland,5617.0,Sebastian Larsson,Right Center Midfield,57.0,66.6,,,,False,,,,,,,False,,,,,,,False,False,left_to_right,False,57.0,66.6,,,False,False,False,False
00f1f055-70fc-4525-9ba9-162be28e9f6b,3754237,870,1,00:27:00.041,27,0,43,Carry,53,41,Sunderland,From Free Kick,41,Sunderland,5617.0,Sebastian Larsson,Right Center Midfield,57.0,66.6,56.2,69.8,2.337239,False,,,,,,,False,,,,,,,False,False,left_to_right,False,57.0,66.6,56.2,69.8,False,False,False,False
e7dd50d0-f6fc-46d8-9334-f45be309f974,3754237,871,1,00:27:02.379,27,2,30,Pass,53,41,Sunderland,From Free Kick,41,Sunderland,5617.0,Sebastian Larsson,Right Center Midfield,56.2,69.8,112.9,68.6,3.646662,False,,,,,,,True,56.712696,-0.021160861,High Pass,,42902.0,Adam Johnson,False,False,left_to_right,False,56.2,69.8,112.9,68.6,False,True,True,False
1726b2e6-3600-442f-8678-80191a974d9a,3754237,872,1,00:27:06.025,27,6,42,Ball Receipt*,53,41,Sunderland,From Free Kick,41,Sunderland,42902.0,Adam Johnson,Right Midfield,112.9,68.6,,,,False,,,,,,,False,,,,,,,False,False,left_to_right,False,112.9,68.6,,,False,False,False,False
43586a6d-3774-41cb-a129-1a02df23eafd,3754237,873,1,00:27:06.025,27,6,30,Pass,53,41,Sunderland,From Free Kick,41,Sunderland,42902.0,Adam Johnson,Right Midfield,112.0,68.1,111.1,64.0,0.294054,False,,,,,,Incomplete,False,4.1976185,-1.7868813,Low Pass,,3337.0,Jermain Defoe,False,False,left_to_right,False,112.0,68.1,111.1,64.0,False,False,False,True
60eb565a-7c25-47dd-9245-afd9ffa3c5e5,3754237,874,1,00:27:06.319,27,6,42,Ball Receipt*,53,41,Sunderland,From Free Kick,41,Sunderland,3337.0,Jermain Defoe,Center Forward,107.7,44.6,,,,False,,,,,,,False,,,,,,,False,False,left_to_right,False,107.7,44.6,,,False,False,False,False
47ce90dd-82d4-4231-b28c-54e7b58990e8,3754237,875,1,00:27:06.319,27,6,6,Block,53,41,Sunderland,From Free Kick,22,Leicester City,3813.0,Wes Morgan,Left Center Back,9.0,16.1,,,0.0,False,,,,,,,False,,,,,,,False,False,left_to_right,False,9.0,16.1,,,False,False,False,False
d5c58004-8254-4cbd-90f8-d21e1099e380,3754237,876,1,00:27:06.399,27,6,6,Block,53,41,Sunderland,From Free Kick,41,Sunderland,42902.0,Adam Johnson,Right Midfield,111.7,68.1,,,0.0,False,,,,,,,False,,,,,,,False,False,left_to_right,False,111.7,68.1,,,False,False,False,False
3d420c3a-c5fe-46b1-b69d-448d8e48a97f,3754237,877,1,00:27:50.113,27,50,30,Pass,54,22,Leicester City,From Goal Kick,22,Leicester City,3815.0,Kasper Schmeichel,Goalkeeper,6.0,36.0,76.8,48.6,3.483082,False,,,,,,Incomplete,False,71.912445,0.17612217,High Pass,Goal Kick,3810.0,Shinji Okazaki,False,False,left_to_right,False,6.0,36.0,76.8,48.6,False,True,False,True
9d1cc32b-f21d-4f8b-81e1-5304210cfd64,3754237,878,1,00:27:53.596,27,53,42,Ball Receipt*,54,22,Leicester City,From Goal Kick,22,Leicester City,3810.0,Shinji Okazaki,Right Center Forward,76.8,48.6,,,,False,,,,,,,False,,,,,,,False,False,left_to_right,False,76.8,48.6,,,False,False,False,False
01f9dfcb-97ee-4366-8947-68d1bda6fdd1,3754237,879,1,00:27:53.596,27,53,4,Duel,54,22,Leicester City,From Goal Kick,22,Leicester City,3810.0,Shinji Okazaki,Right Center Forward,76.8,48.6,,,0.0,True,,,,,,,False,,,,,,,False,False,left_to_right,False,76.8,48.6,,,False,False,False,False
580c7252-04f4-4cb4-9ed5-23b02c8c6e2e,3754237,880,1,00:27:53.596,27,53,30,Pass,55,41,Sunderland,Regular Play,41,Sunderland,6300.0,Sebastián Coates Nión,Right Center Back,43.3,31.5,41.9,18.0,1.694244,True,,,,,,,True,13.572398,-1.6741307,High Pass,Recovery,3321.0,Patrick van Aanholt,False,False,left_to_right,False,43.3,31.5,41.9,18.0,False,False,False,False
b0f76667-4206-44d6-9d5f-630790c6790f,3754237,881,1,00:27:55.290,27,55,42,Ball Receipt*,55,41,Sunderland,Regular Play,41,Sunderland,3321.0,Patrick van Aanholt,Left Back,41.9,18.0,,,,False,,,,,,,False,,,,,,,False,False,left_to_right,False,41.9,18.0,,,False,False,False,False
1355197a-08d4-4c9c-80fa-716c40a4b349,3754237,882,1,00:27:55.290,27,55,43,Carry,55,41,Sunderland,Regular Play,41,Sunderland,3321.0,Patrick van Aanholt,Left Back,41.9,18.0,42.8,18.8,0.081911,False,,,,,,,False,,,,,,,False,False,left_to_right,False,41.9,18.0,42.8,18.8,False,False,False,False
f8864ed1-1898-4c12-a3db-e4ba28b3557d,3754237,883,1,00:27:55.372,27,55,30,Pass,55,41,Sunderland,Regular Play,41,Sunderland,3321.0,Patrick van Aanholt,Left Back,42.8,18.8,64.5,36.0,1.430704,False,,,,,,,True,27.68989,0.67022884,High Pass,,3337.0,Jermain Defoe,False,False,left_to_right,False,42.8,18.8,64.5,36.0,False,True,False,False
4d3070c1-3a8d-4c02-b660-d58a6e6c609a,3754237,884,1,00:27:56.803,27,56,42,Ball Receipt*,55,41,Sunderland,Regular Play,41,Sunderland,3337.0,Jermain Defoe,Center Forward,64.5,36.0,,,,False,,,,,,,False,,,,,,,False,False,left_to_right,False,64.5,36.0,,,False,False,False,False
cd13228d-9524-4d17-842d-050d24f9311c,3754237,885,1,00:27:56.807,27,56,30,Pass,55,41,Sunderland,Regular Play,41,Sunderland,3337.0,Jermain Defoe,Center Forward,64.5,36.0,75.1,0.3,3.843798,False,,,,,,Out,False,37.240437,-1.2821687,High Pass,,16457.0,Jeremain Lens,False,False,left_to_right,False,64.5,36.0,75.1,0.3,False,False,False,True
ebdd615e-1dcc-47b4-9492-75f585202e93,3754237,886,1,00:28:00.651,28,0,42,Ball Receipt*,55,41,Sunderland,Regular Play,41,Sunderland,16457.0,Jeremain Lens,Left Midfield,72.8,3.4,,,,False,,,,,,,False,,,,,,,False,False,left_to_right,False,72.8,3.4,,,False,False,False,False
673b8d64-3500-4dfe-ae93-c67a63887b9e,3754237,887,1,00:28:13.626,28,13,30,Pass,56,22,Leicester City,From Throw In,22,Leicester City,28782.0,Ritchie De Laet,Right Back,51.3,80.0,71.6,73.2,1.589904,False,,,,,,Incomplete,False,21.408644,-0.32322764,High Pass,Throw-in,10960.0,Jamie Vardy,False,False,left_to_right,False,51.3,80.0,71.6,73.2,False,True,False,True
988738e0-992a-4b50-a02c-0805214453bc,3754237,888,1,00:28:15.216,28,15,42,Ball Receipt*,56,22,Leicester City,From Throw In,22,Leicester City,10960.0,Jamie Vardy,Left Center Forward,69.6,72.9,,,,False,,,,,,,False,,,,,,,False,False,left_to_right,False,69.6,72.9,,,False,False,False,False
8df6972a-a861-4295-a65a-51023b304882,3754237,889,1,00:28:15.216,28,15,30,Pass,56,22,Leicester City,From Throw In,41,Sunderland,4746.0,Younes Kaboul,Left Center Back,48.5,6.9,74.8,8.9,2.305484,False,,,,,,Incomplete,False,26.375937,0.07589954,High Pass,Recovery,3337.0,Jermain Defoe,False,False,left_to_right,False,48.5,6.9,74.8,8.9,False,True,False,True
508892d1-bd2f-4e06-aaf2-2921f14b1666,3754237,890,1,00:28:17.522,28,17,42,Ball Receipt*,56,22,Leicester City,From Throw In,41,Sunderland,3337.0,Jermain Defoe,Center Forward,70.8,6.6,,,,False,,,,,,,False,,,,,,,False,False,left_to_right,False,70.8,6.6,,,False,False,False,False
6dd8773e-a466-4fba-ad94-d599ea96a4ea,3754237,891,1,00:28:17.522,28,17,30,Pass,56,22,Leicester City,From Throw In,22,Leicester City,28782.0,Ritchie De Laet,Right Back,45.3,71.2,57.0,73.2,2.491773,False,,,,,,,True,11.869709,0.16930377,High Pass,Recovery,3814.0,Riyad Mahrez,False,False,left_to_right,False,45.3,71.2,57.0,73.2,False,False,False,False
7a5ed453-e5ba-4bf9-a7d5-03e2a9d32617,3754237,892,1,00:28:20.014,28,20,42,Ball Receipt*,56,22,Leicester City,From Throw In,22,Leicester City,3814.0,Riyad Mahrez,Left Midfield,57.0,73.2,,,,False,,,,,,,False,,,,,,,False,False,left_to_right,False,57.0,73.2,,,False,False,False,False
5d1a64b2-b35e-48c5-bc42-3fc6e0f1bf85,3754237,893,1,00:28:20.094,28,20,4,Duel,56,22,Leicester City,From Throw In,41,Sunderland,3321.0,Patrick van Aanholt,Left Back,63.6,6.9,,,0.0,True,,,,,,,False,,,,,,,False,False,left_to_right,False,63.6,6.9,,,False,False,False,False
814b3e5b-48b6-4fa6-a5e5-1fb2c2181ea8,3754237,894,1,00:28:20.094,28,20,30,Pass,56,22,Leicester City,From Throw In,22,Leicester City,3814.0,Riyad Mahrez,Left Midfield,56.5,73.2,63.1,73.8,0.743801,True,,,,,,,True,6.627217,0.09065989,Low Pass,,10960.0,Jamie Vardy,False,False,left_to_right,False,56.5,73.2,63.1,73.8,False,False,False,False
3486203e-130c-4c4e-8030-b67ddfa4e375,3754237,895,1,00:28:20.837,28,20,42,Ball Receipt*,56,22,Leicester City,From Throw In,22,Leicester City,10960.0,Jamie Vardy,Left Center Forward,63.1,73.8,,,,False,,,,,,,False,,,,,,,False,False,left_to_right,False,63.1,73.8,,,False,False,False,False
e22d84af-bb25-43e5-bf15-5e791a315fec,3754237,896,1,00:28:20.837,28,20,43,Carry,56,22,Leicester City,From Throw In,22,Leicester City,10960.0,Jamie Vardy,Left Center Forward,63.1,73.8,68.7,70.6,2.76276,False,,,,,,,False,,,,,,,False,False,left_to_right,False,63.1,73.8,68.7,70.6,False,False,False,False
da5b47d0-ad31-4024-99be-965fd29c47f1,3754237,897,1,00:28:23.600,28,23,3,Dispossessed,56,22,Leicester City,From Throw In,22,Leicester City,10960.0,Jamie Vardy,Left Center Forward,68.7,70.6,,,0.0,True,,,,,,,False,,,,,,,False,False,left_to_right,False,68.7,70.6,,,False,False,False,True
7b9f6bb4-72b7-48a8-bd46-b29870b5ff0c,3754237,898,1,00:28:23.600,28,23,4,Duel,56,22,Leicester City,From Throw In,41,Sunderland,3321.0,Patrick van Aanholt,Left Back,51.4,9.5,,,0.0,True,,,,,,,False,,,,,,,False,False,left_to_right,False,51.4,9.5,,,False,False,False,False
971a46d9-570f-4bea-a0de-3849eb785c9c,3754237,899,1,00:28:25.894,28,25,30,Pass,56,22,Leicester City,From Throw In,41,Sunderland,4746.0,Younes Kaboul,Left Center Back,31.9,17.4,10.5,36.6,2.315044,False,,,,,,,True,28.750652,2.4103286,Low Pass,Recovery,6871.0,Costel Fane Pantilimon,False,False,left_to_right,False,31.9,17.4,10.5,36.6,False,False,False,False
1243e1c1-9ab5-4db8-b153-96eedd970203,3754237,900,1,00:28:27.587,28,27,17,Pressure,56,22,Leicester City,From Throw In,22,Leicester City,3810.0,Shinji Okazaki,Right Center Forward,102.0,50.6,,,2.414359,False,,,,,,,False,,,,,,,False,False,left_to_right,False,102.0,50.6,,,False,False,False,False
fa17c5f5-245d-4ce3-a592-fb888458aaae,3754237,901,1,00:28:28.209,28,28,42,Ball Receipt*,56,22,Leicester City,From Throw In,41,Sunderland,6871.0,Costel Fane Pantilimon,Goalkeeper,10.5,36.6,,,,True,,,,,,,False,,,,,,,False,False,left_to_right,False,10.5,36.6,,,False,False,False,False
5619764d-1e5f-4760-a367-fea62e3fbd93,3754237,902,1,00:28:28.209,28,28,43,Carry,56,22,Leicester City,From Throw In,41,Sunderland,6871.0,Costel Fane Pantilimon,Goalkeeper,10.5,36.6,8.8,43.7,1.695429,True,,,,,,,False,,,,,,,False,False,left_to_right,False,10.5,36.6,8.8,43.7,False,False,False,False
cd7d2a49-2de9-4ed5-bbc6-672640cb5f26,3754237,903,1,00:28:29.905,28,29,30,Pass,56,22,Leicester City,From Throw In,41,Sunderland,6871.0,Costel Fane Pantilimon,Goalkeeper,8.8,43.7,42.5,54.6,1.337369,True,,,,,,Incomplete,False,35.418922,0.31282222,Low Pass,,10503.0,Billy Jones,False,False,left_to_right,False,8.8,43.7,42.5,54.6,False,True,False,True
6e2f73bb-b884-47a9-a917-957d980897e6,3754237,904,1,00:28:31.242,28,31,42,Ball Receipt*,56,22,Leicester City,From Throw In,41,Sunderland,10503.0,Billy Jones,Right Back,35.9,57.2,,,,False,,,,,,,False,,,,,,,False,False,left_to_right,False,35.9,57.2,,,False,False,False,False
0317c915-a1df-46ee-8d53-29af09599637,3754237,905,1,00:28:31.242,28,31,2,Ball Recovery,56,22,Leicester City,From Throw In,22,Leicester City,3307.0,Marc Albrighton,Right Midfield,77.6,25.5,,,0.0,False,,,,,,,False,,,,,,,False,False,left_to_right,False,77.6,25.5,,,False,False,False,False
63dbd6f5-6c30-46a3-b1b3-6b2094deb6d3,3754237,906,1,00:28:32.435,28,32,2,Ball Recovery,56,22,Leicester City,From Throw In,22,Leicester City,3662.0,Danny Drinkwater,Left Center Midfield,84.2,22.9,,,0.0,False,,,,,,,False,,,,,,,False,False,left_to_right,False,84.2,22.9,,,False,False,False,False
75d52e89-97f6-4870-bfd6-79a852e89780,3754237,907,1,00:28:32.435,28,32,43,Carry,56,22,Leicester City,From Throw In,22,Leicester City,3662.0,Danny Drinkwater,Left Center Midfield,84.2,22.9,66.7,39.2,1.465643,False,,,,,,,False,,,,,,,False,False,left_to_right,False,84.2,22.9,66.7,39.2,False,False,False,False
3ec8290c-ecb1-420e-a0cb-880e7cd64156,3754237,908,1,00:28:33.901,28,33,30,Pass,56,22,Leicester City,From Throw In,22,Leicester City,3662.0,Danny Drinkwater,Left Center Midfield,66.7,39.2,86.4,73.5,2.4,False,,,,,,,True,39.55477,1.0494552,Low Pass,,3814.0,Riyad Mahrez,False,False,left_to_right,False,66.7,39.2,86.4,73.5,False,False,True,False
e7cdf371-08d0-4fd0-9085-62304d8254e9,3754237,909,1,00:28:36.301,28,36,42,Ball Receipt*,56,22,Leicester City,From Throw In,22,Leicester City,3814.0,Riyad Mahrez,Left Midfield,86.4,73.5,,,,False,,,,,,,False,,,,,,,False,False,left_to_right,False,86.4,73.5,,,False,False,False,False
c92d3b41-097c-4038-a164-7f1dc79c10a5,3754237,910,1,00:28:36.301,28,36,43,Carry,56,22,Leicester City,From Throw In,22,Leicester City,3814.0,Riyad Mahrez,Left Midfield,86.4,73.5,96.2,67.9,2.933057,True,,,,,,,False,,,,,,,False,False,left_to_right,False,86.4,73.5,96.2,67.9,False,False,False,False
34729f87-06c0-432e-a57b-02afa9bda8fc,3754237,911,1,00:28:38.830,28,38,17,Pressure,56,22,Leicester City,From Throw In,41,Sunderland,18751.0,Jack Rodwell,Left Center Midfield,21.6,13.1,,,0.455772,False,,,,,,,False,,,,,,,False,False,left_to_right,False,21.6,13.1,,,False,False,False,False
82053251-d588-4278-af72-0dd3962e6dd1,3754237,912,1,00:28:39.234,28,39,39,Dribbled Past,56,22,Leicester City,From Throw In,41,Sunderland,18751.0,Jack Rodwell,Left Center Midfield,23.9,12.2,,,0.0,False,,,,,,,False,,,,,,,False,False,left_to_right,False,23.9,12.2,,,False,False,False,False
bfa03171-0488-47b5-95e2-cf6e2ce1607f,3754237,913,1,00:28:39.234,28,39,14,Dribble,56,22,Leicester City,From Throw In,22,Leicester City,3814.0,Riyad Mahrez,Left Midfield,96.2,67.9,,,0.0,True,,,,,,,False,,,,,,,False,False,left_to_right,False,96.2,67.9,,,False,False,False,False
5dc4d6ba-b536-4906-a62f-ed0938ec185b,3754237,914,1,00:28:39.234,28,39,43,Carry,56,22,Leicester City,From Throw In,22,Leicester City,3814.0,Riyad Mahrez,Left Midfield,96.2,67.9,107.9,66.7,5.091307,True,,,,,,,False,,,,,,,False,False,left_to_right,False,96.2,67.9,107.9,66.7,False,False,False,False
456c79a9-4a33-4b6c-a02f-21bea61f4047,3754237,915,1,00:28:44.325,28,44,39,Dribbled Past,56,22,Leicester City,From Throw In,41,Sunderland,18751.0,Jack Rodwell,Left Center Midfield,12.2,13.4,,,0.0,False,,,,,,,False,,,,,,,False,False,left_to_right,False,12.2,13.4,,,False,False,False,False
4df49d44-b48e-49ca-921d-0f2180d33203,3754237,916,1,00:28:44.325,28,44,14,Dribble,56,22,Leicester City,From Throw In,22,Leicester City,3814.0,Riyad Mahrez,Left Midfield,107.9,66.7,,,0.0,True,,,,,,,False,,,,,,,False,False,left_to_right,False,107.9,66.7,,,False,False,False,False
2784bd6e-b5cc-474a-a953-5041bc416341,3754237,917,1,00:28:44.325,28,44,43,Carry,56,22,Leicester City,From Throw In,22,Leicester City,3814.0,Riyad Mahrez,Left Midfield,107.9,66.7,111.1,65.3,1.220602,True,,,,,,,False,,,,,,,False,False,left_to_right,False,107.9,66.7,111.1,65.3,False,False,False,False
11693a5e-e902-4ad0-be7a-a76177c8c036,3754237,918,1,00:28:45.545,28,45,30,Pass,56,22,Leicester City,From Throw In,22,Leicester City,3814.0,Riyad Mahrez,Left Midfield,111.1,65.3,113.1,33.8,1.590408,False,,,,,,,True,31.563429,-1.5073894,High Pass,,3520.0,Jeffrey Schlupp,True,False,left_to_right,False,111.1,65.3,113.1,33.8,False,True,False,False
07f8318b-3e92-4c01-9fa3-a434ad53dee8,3754237,919,1,00:28:47.136,28,47,42,Ball Receipt*,56,22,Leicester City,From Throw In,22,Leicester City,3520.0,Jeffrey Schlupp,Left Back,113.1,33.8,,,,False,,,,,,,False,,,,,,,False,False,left_to_right,False,113.1,33.8,,,False,False,False,False
a56e89c9-03c4-41bf-8312-8329b2bc2095,3754237,920,1,00:28:47.176,28,47,4,Duel,56,22,Leicester City,From Throw In,41,Sunderland,10503.0,Billy Jones,Right Back,7.9,45.1,,,0.0,True,,,,,,,False,,,,,,,False,False,left_to_right,False,7.9,45.1,,,False,False,False,False
fa99ddff-ab79-4fb1-94c8-b32b29c2a3f8,3754237,921,1,00:28:47.176,28,47,16,Shot,56,22,Leicester City,From Throw In,22,Leicester City,3520.0,Jeffrey Schlupp,Left Back,112.2,35.0,120.0,38.3,0.891543,True,0.059195656,Off T,Head,Normal,Open Play,,False,,,,,,,False,False,left_to_right,False,112.2,35.0,120.0,38.3,False,False,False,False
99e972d7-4a1c-4078-b5d4-9b4406340275,3754237,922,1,00:28:48.067,28,48,23,Goal Keeper,56,22,Leicester City,From Throw In,41,Sunderland,6871.0,Costel Fane Pantilimon,Goalkeeper,1.7,40.6,,,0.0,False,,,,,,,False,,,,,,,False,False,left_to_right,False,1.7,40.6,,,False,False,False,False
2de84fb6-d139-4572-b276-c48a00f59c66,3754237,923,1,00:29:18.706,29,18,19,Substitution,56,22,Leicester City,From Throw In,41,Sunderland,10783.0,Lee Cattermole,Center Defensive Midfield,,,,,0.0,False,,,,,,,False,,,,,,,False,False,left_to_right,False,,,,,False,False,False,False
e5e5b990-a618-4911-b90d-cf3899539797,3754237,924,1,00:29:48.844,29,48,30,Pass,57,41,Sunderland,From Goal Kick,41,Sunderland,6871.0,Costel Fane Pantilimon,Goalkeeper,7.0,44.1,68.8,56.0,3.422801,False,,,,,,,True,62.935284,0.19022834,High Pass,Goal Kick,9554.0,Steven Fletcher,False,False,left_to_right,False,7.0,44.1,68.8,56.0,False,True,False,False
ea096d69-e18f-4fa0-b394-7ae18cad08ba,3754237,925,1,00:29:52.267,29,52,42,Ball Receipt*,57,41,Sunderland,From Goal Kick,41,Sunderland,9554.0,Steven Fletcher,Center Defensive Midfield,68.8,56.0,,,,False,,,,,,,False,,,,,,,False,False,left_to_right,False,68.8,56.0,,,False,False,False,False
7a22d24d-658b-4245-879a-f481a88d9da3,3754237,926,1,00:29:52.267,29,52,30,Pass,57,41,Sunderland,From Goal Kick,41,Sunderland,9554.0,Steven Fletcher,Center Defensive Midfield,68.8,56.0,80.8,52.6,0.833357,True,,,,,,Incomplete,False,12.472369,-0.27609703,High Pass,,,,False,False,left_to_right,False,68.8,56.0,80.8,52.6,False,False,True,True
9dab0e79-25a1-4380-8f44-1ee25f89d919,3754237,927,1,00:29:52.267,29,52,4,Duel,57,41,Sunderland,From Goal Kick,22,Leicester City,3665.0,Andrew Philip King,Right Center Midfield,51.3,24.1,,,0.0,True,,,,,,,False,,,,,,,False,False,left_to_right,False,51.3,24.1,,,False,False,False,False
9bbaa0c8-692d-435d-8241-682484af9652,3754237,928,1,00:29:53.100,29,53,30,Pass,58,22,Leicester City,From Counter,22,Leicester City,3813.0,Wes Morgan,Left Center Back,39.3,27.5,61.1,23.2,1.554367,False,,,,,,,True,22.220036,-0.19474773,High Pass,Recovery,3810.0,Shinji Okazaki,False,False,left_to_right,False,39.3,27.5,61.1,23.2,False,False,False,False
7e19afa3-7f7f-4e1a-bd01-07e9e97c3e2f,3754237,929,1,00:29:54.638,29,54,17,Pressure,58,22,Leicester City,From Counter,41,Sunderland,6300.0,Sebastián Coates Nión,Right Center Back,58.7,56.6,,,0.634696,False,,,,,,,False,,,,,,,False,False,left_to_right,False,58.7,56.6,,,False,False,False,False
0d7344d4-9b42-4b77-8710-42a97c129d3e,3754237,930,1,00:29:54.655,29,54,42,Ball Receipt*,58,22,Leicester City,From Counter,22,Leicester City,3810.0,Shinji Okazaki,Right Center Forward,61.1,23.2,,,,True,,,,,,,False,,,,,,,False,False,left_to_right,False,61.1,23.2,,,False,False,False,False
5bba5b3a-e4c8-42f0-8753-d6031c66bb01,3754237,931,1,00:29:54.655,29,54,43,Carry,58,22,Leicester City,From Counter,22,Leicester City,3810.0,Shinji Okazaki,Right Center Forward,61.1,23.2,61.6,25.2,0.12,True,,,,,,,False,,,,,,,False,False,left_to_right,False,61.1,23.2,61.6,25.2,False,False,False,False
ef946fb8-f4d5-475f-a05c-4e851d3820ab,3754237,932,1,00:29:54.775,29,54,38,Miscontrol,58,22,Leicester City,From Counter,22,Leicester City,3810.0,Shinji Okazaki,Right Center Forward,61.6,25.2,,,0.0,True,,,,,,,False,,,,,,,False,False,left_to_right,False,61.6,25.2,,,False,False,False,True
dcda6f0b-45fb-4c83-b528-ddcf7db71ddd,3754237,933,1,00:29:56.251,29,56,22,Foul Committed,58,22,Leicester City,From Counter,41,Sunderland,6300.0,Sebastián Coates Nión,Right Center Back,58.2,56.0,,,0.0,False,,,,,,,False,,,,,,,False,False,left_to_right,False,58.2,56.0,,,False,False,False,False
d7b23e5a-57b8-4644-b1c2-c66c4c473b44,3754237,934,1,00:29:56.251,29,56,21,Foul Won,58,22,Leicester City,From Counter,22,Leicester City,3810.0,Shinji Okazaki,Right Center Forward,61.9,24.1,,,0.0,True,,,,,,,False,,,,,,,False,False,left_to_right,False,61.9,24.1,,,False,False,False,False
1339987d-d317-40ca-947d-aef8c40fe85b,3754237,935,1,00:30:22.802,30,22,30,Pass,59,22,Leicester City,From Free Kick,22,Leicester City,3662.0,Danny Drinkwater,Left Center Midfield,62.8,25.5,64.7,2.9,1.68667,False,,,,,,,True,22.679728,-1.4869227,Ground Pass,Free Kick,3520.0,Jeffrey Schlupp,False,False,left_to_right,False,62.8,25.5,64.7,2.9,False,False,False,False
4c21c397-fa74-451a-a4b5-dd2d2d8ca6a4,3754237,936,1,00:30:24.489,30,24,42,Ball Receipt*,59,22,Leicester City,From Free Kick,22,Leicester City,3520.0,Jeffrey Schlupp,Left Back,64.7,2.9,,,,False,,,,,,,False,,,,,,,False,False,left_to_right,False,64.7,2.9,,,False,False,False,False
fd486ead-d243-451a-a4ec-ee5615e765fc,3754237,937,1,00:30:24.489,30,24,43,Carry,59,22,Leicester City,From Free Kick,22,Leicester City,3520.0,Jeffrey Schlupp,Left Back,64.7,2.9,66.4,3.8,0.839996,False,,,,,,,False,,,,,,,False,False,left_to_right,False,64.7,2.9,66.4,3.8,False,False,False,False
a9c670c6-684f-4f15-a39e-366a8d007e11,3754237,938,1,00:30:25.329,30,25,30,Pass,59,22,Leicester City,From Free Kick,22,Leicester City,3520.0,Jeffrey Schlupp,Left Back,66.4,3.8,70.2,16.1,0.911484,False,,,,,,,True,12.873616,1.2711552,Ground Pass,,3662.0,Danny Drinkwater,False,False,left_to_right,False,66.4,3.8,70.2,16.1,False,False,False,False
b2c763be-9d42-4f0b-b1e4-c128887e82da,3754237,939,1,00:30:26.240,30,26,42,Ball Receipt*,59,22,Leicester City,From Free Kick,22,Leicester City,3662.0,Danny Drinkwater,Left Center Midfield,70.2,16.1,,,,False,,,,,,,False,,,,,,,False,False,left_to_right,False,70.2,16.1,,,False,False,False,False
e39295bf-2f76-43e9-a6b3-451cf7048929,3754237,940,1,00:30:26.240,30,26,43,Carry,59,22,Leicester City,From Free Kick,22,Leicester City,3662.0,Danny Drinkwater,Left Center Midfield,70.2,16.1,79.1,10.9,1.760065,False,,,,,,,False,,,,,,,False,False,left_to_right,False,70.2,16.1,79.1,10.9,False,False,False,False
01e75db9-06f5-41f7-b735-0a2b9ea126ba,3754237,941,1,00:30:28.000,30,28,30,Pass,59,22,Leicester City,From Free Kick,22,Leicester City,3662.0,Danny Drinkwater,Left Center Midfield,79.1,10.9,85.3,2.9,0.871545,False,,,,,,,True,10.121264,-0.91148627,Ground Pass,,3307.0,Marc Albrighton,False,False,left_to_right,False,79.1,10.9,85.3,2.9,False,False,True,False
6338a59f-388e-46aa-8b42-31566660baf1,3754237,942,1,00:30:28.872,30,28,42,Ball Receipt*,59,22,Leicester City,From Free Kick,22,Leicester City,3307.0,Marc Albrighton,Right Midfield,85.3,2.9,,,,False,,,,,,,False,,,,,,,False,False,left_to_right,False,85.3,2.9,,,False,False,False,False
d065b0d8-faef-4a92-815e-577cd5b24b95,3754237,943,1,00:30:28.872,30,28,43,Carry,59,22,Leicester City,From Free Kick,22,Leicester City,3307.0,Marc Albrighton,Right Midfield,85.3,2.9,85.3,2.9,0.1039,False,,,,,,,False,,,,,,,False,False,left_to_right,False,85.3,2.9,85.3,2.9,False,False,False,False
1a199654-8981-4b96-9ab3-dd5c94d497f7,3754237,944,1,00:30:28.976,30,28,30,Pass,59,22,Leicester City,From Free Kick,22,Leicester City,3307.0,Marc Albrighton,Right Midfield,85.3,2.9,85.3,10.0,0.817336,False,,,,,,,True,7.1,1.5707964,Ground Pass,,3662.0,Danny Drinkwater,False,False,left_to_right,False,85.3,2.9,85.3,10.0,False,False,False,False
65818977-e2a6-46a9-ae16-503c469ec7e8,3754237,945,1,00:30:29.793,30,29,42,Ball Receipt*,59,22,Leicester City,From Free Kick,22,Leicester City,3662.0,Danny Drinkwater,Left Center Midfield,85.3,10.0,,,,False,,,,,,,False,,,,,,,False,False,left_to_right,False,85.3,10.0,,,False,False,False,False
82966d12-42e9-4446-ac82-9ca81767ee2f,3754237,946,1,00:30:29.793,30,29,43,Carry,59,22,Leicester City,From Free Kick,22,Leicester City,3662.0,Danny Drinkwater,Left Center Midfield,85.3,10.0,88.7,15.8,0.141744,False,,,,,,,False,,,,,,,False,False,left_to_right,False,85.3,10.0,88.7,15.8,False,False,False,False
db03f3e5-a860-46c2-bef2-0a33ea554e7d,3754237,947,1,00:30:29.935,30,29,30,Pass,59,22,Leicester City,From Free Kick,22,Leicester City,3662.0,Danny Drinkwater,Left Center Midfield,88.7,15.8,90.8,12.9,0.436894,False,,,,,,Incomplete,False,3.5805027,-0.9440534,Ground Pass,,3810.0,Shinji Okazaki,False,False,left_to_right,False,88.7,15.8,90.8,12.9,False,False,False,True
e343f22d-a30b-44e9-a332-00dd9cc6d267,3754237,948,1,00:30:30.372,30,30,42,Ball Receipt*,59,22,Leicester City,From Free Kick,22,Leicester City,3810.0,Shinji Okazaki,Right Center Forward,91.6,11.5,,,,False,,,,,,,False,,,,,,,False,False,left_to_right,False,91.6,11.5,,,False,False,False,False
0f6bd51d-144d-4831-802f-02e9053a968a,3754237,949,1,00:30:30.372,30,30,6,Block,59,22,Leicester City,From Free Kick,41,Sunderland,5617.0,Sebastian Larsson,Right Center Midfield,29.3,67.2,,,0.0,False,,,,,,,False,,,,,,,False,False,left_to_right,False,29.3,67.2,,,False,False,False,False
92ab9346-02c6-4b41-9cee-85bd8f3ae35f,3754237,950,1,00:30:31.537,30,31,2,Ball Recovery,59,22,Leicester City,From Free Kick,22,Leicester City,3662.0,Danny Drinkwater,Left Center Midfield,89.6,8.6,,,0.0,False,,,,,,,False,,,,,,,False,False,left_to_right,False,89.6,8.6,,,False,False,False,False
c74e5795-8b4e-4e36-8e20-92feb31a459f,3754237,951,1,00:30:31.537,30,31,43,Carry,59,22,Leicester City,From Free Kick,22,Leicester City,3662.0,Danny Drinkwater,Left Center Midfield,89.6,8.6,89.9,2.1,1.538045,True,,,,,,,False,,,,,,,False,False,left_to_right,False,89.6,8.6,89.9,2.1,False,False,False,False
9fb8ca38-3ef9-4dc7-8569-3206755ba388,3754237,952,1,00:30:31.768,30,31,17,Pressure,59,22,Leicester City,From Free Kick,41,Sunderland,5617.0,Sebastian Larsson,Right Center Midfield,30.5,73.7,,,1.384775,False,,,,,,,False,,,,,,,False,False,left_to_right,False,30.5,73.7,,,False,False,False,False
c39ae59b-f5cd-4fb0-92d4-a90a9a45961b,3754237,953,1,00:30:33.075,30,33,30,Pass,59,22,Leicester City,From Free Kick,22,Leicester City,3662.0,Danny Drinkwater,Left Center Midfield,89.9,2.1,96.2,1.5,0.76885,True,,,,,,,True,6.328507,-0.094951704,Ground Pass,,3307.0,Marc Albrighton,False,False,left_to_right,False,89.9,2.1,96.2,1.5,False,False,False,False
b07fd13d-48c1-4d1b-8565-533f99b307bb,3754237,954,1,00:30:33.844,30,33,42,Ball Receipt*,59,22,Leicester City,From Free Kick,22,Leicester City,3307.0,Marc Albrighton,Right Midfield,96.2,1.5,,,,False,,,,,,,False,,,,,,,False,False,left_to_right,False,96.2,1.5,,,False,False,False,False
e6a8b10e-535b-49e7-9e3b-cce34d95f635,3754237,955,1,00:30:33.844,30,33,43,Carry,59,22,Leicester City,From Free Kick,22,Leicester City,3307.0,Marc Albrighton,Right Midfield,96.2,1.5,96.2,1.5,0.119999,False,,,,,,,False,,,,,,,False,False,left_to_right,False,96.2,1.5,96.2,1.5,False,False,False,False
3769e94c-d8d2-45f4-a3c7-a534438b2e18,3754237,956,1,00:30:33.964,30,33,30,Pass,59,22,Leicester City,From Free Kick,22,Leicester City,3307.0,Marc Albrighton,Right Midfield,96.2,1.5,94.2,8.0,0.830572,False,,,,,,,True,6.8007355,1.8692952,Low Pass,,3810.0,Shinji Okazaki,False,False,left_to_right,False,96.2,1.5,94.2,8.0,False,False,False,False
64db9af0-da46-4239-a791-fcef23abc0e5,3754237,957,1,00:30:34.386,30,34,17,Pressure,59,22,Leicester City,From Free Kick,41,Sunderland,6300.0,Sebastián Coates Nión,Right Center Back,25.0,70.4,,,2.421157,False,,,,,,,False,,,,,,,False,False,left_to_right,False,25.0,70.4,,,False,False,False,False
ffb04cbf-fe76-4f0d-ab02-71c67a541326,3754237,958,1,00:30:34.794,30,34,42,Ball Receipt*,59,22,Leicester City,From Free Kick,22,Leicester City,3810.0,Shinji Okazaki,Right Center Forward,94.2,8.0,,,,True,,,,,,,False,,,,,,,False,False,left_to_right,False,94.2,8.0,,,False,False,False,False
ff604666-7340-45aa-a397-59843ce45470,3754237,959,1,00:30:34.794,30,34,43,Carry,59,22,Leicester City,From Free Kick,22,Leicester City,3810.0,Shinji Okazaki,Right Center Forward,94.2,8.0,93.6,14.3,0.070164,True,,,,,,,False,,,,,,,False,False,left_to_right,False,94.2,8.0,93.6,14.3,False,False,False,False
0a8218b0-0ec5-434d-a9b7-b853137b4520,3754237,960,1,00:30:34.865,30,34,14,Dribble,59,22,Leicester City,From Free Kick,22,Leicester City,3810.0,Shinji Okazaki,Right Center Forward,93.6,14.3,,,0.0,True,,,,,,,False,,,,,,,False,False,left_to_right,False,93.6,14.3,,,False,False,False,False
337d5006-a2cb-4ed7-acdf-2c5cec6367df,3754237,961,1,00:30:34.865,30,34,4,Duel,59,22,Leicester City,From Free Kick,41,Sunderland,6300.0,Sebastián Coates Nión,Right Center Back,26.5,65.8,,,0.0,True,,,,,,,False,,,,,,,False,False,left_to_right,False,26.5,65.8,,,False,False,False,False
83536a9b-89ef-48f0-b628-c9da006cafbb,3754237,962,1,00:30:36.853,30,36,30,Pass,59,22,Leicester City,From Free Kick,22,Leicester City,3810.0,Shinji Okazaki,Right Center Forward,88.5,19.2,71.6,21.8,0.843338,False,,,,,,,True,17.098831,2.9889433,Ground Pass,Recovery,3665.0,Andrew Philip King,False,False,left_to_right,False,88.5,19.2,71.6,21.8,False,False,False,False
216571ce-c6b4-4b15-bddd-b7b1bba5ef4c,3754237,963,1,00:30:37.696,30,37,42,Ball Receipt*,59,22,Leicester City,From Free Kick,22,Leicester City,3665.0,Andrew Philip King,Right Center Midfield,71.6,21.8,,,,False,,,,,,,False,,,,,,,False,False,left_to_right,False,71.6,21.8,,,False,False,False,False
752b5786-1ac5-4af1-ae92-bc72f4979c09,3754237,964,1,00:30:37.696,30,37,43,Carry,59,22,Leicester City,From Free Kick,22,Leicester City,3665.0,Andrew Philip King,Right Center Midfield,71.6,21.8,81.7,24.1,2.299511,False,,,,,,,False,,,,,,,False,False,left_to_right,False,71.6,21.8,81.7,24.1,False,False,False,False
9cd02282-bd13-41a3-8599-67f228b787c3,3754237,965,1,00:30:39.996,30,39,30,Pass,59,22,Leicester City,From Free Kick,22,Leicester City,3665.0,Andrew Philip King,Right Center Midfield,81.7,24.1,95.6,22.7,0.735974,False,,,,,,Incomplete,False,13.970325,-0.100380905,Ground Pass,,10960.0,Jamie Vardy,False,False,left_to_right,False,81.7,24.1,95.6,22.7,False,True,False,True
929b9c0f-1f9e-4133-ac44-4339c92c5e21,3754237,966,1,00:30:40.732,30,40,42,Ball Receipt*,59,22,Leicester City,From Free Kick,22,Leicester City,10960.0,Jamie Vardy,Left Center Forward,100.8,20.4,,,,False,,,,,,,False,,,,,,,False,False,left_to_right,False,100.8,20.4,,,False,False,False,False
79cfaee4-451b-44b8-99b7-612ef8e69ca3,3754237,967,1,00:30:40.732,30,40,30,Pass,60,41,Sunderland,Regular Play,41,Sunderland,6300.0,Sebastián Coates Nión,Right Center Back,24.5,57.4,30.2,57.7,0.482499,False,,,,,,,True,5.707889,0.05258306,Low Pass,Recovery,5617.0,Sebastian Larsson,False,False,left_to_right,False,24.5,57.4,30.2,57.7,False,False,False,False
8a261587-6828-4d06-967b-4ecfe77811e0,3754237,968,1,00:30:41.214,30,41,42,Ball Receipt*,60,41,Sunderland,Regular Play,41,Sunderland,5617.0,Sebastian Larsson,Right Center Midfield,30.2,57.7,,,,False,,,,,,,False,,,,,,,False,False,left_to_right,False,30.2,57.7,,,False,False,False,False
70c2aca4-83f8-4703-9cd8-c231812d167f,3754237,969,1,00:30:41.214,30,41,43,Carry,60,41,Sunderland,Regular Play,41,Sunderland,5617.0,Sebastian Larsson,Right Center Midfield,30.2,57.7,26.5,60.3,1.545525,True,,,,,,,False,,,,,,,False,False,left_to_right,False,30.2,57.7,26.5,60.3,False,False,False,False
bc9a9d15-33ad-4200-bf0f-05e3bb6fabbd,3754237,970,1,00:30:42.162,30,42,17,Pressure,60,41,Sunderland,Regular Play,22,Leicester City,3665.0,Andrew Philip King,Right Center Midfield,92.5,21.2,,,0.60016,False,,,,,,,False,,,,,,,False,False,left_to_right,False,92.5,21.2,,,False,False,False,False
dffa7c77-c499-4672-b5a4-c76d5aaefde3,3754237,971,1,00:30:42.760,30,42,30,Pass,60,41,Sunderland,Regular Play,41,Sunderland,5617.0,Sebastian Larsson,Right Center Midfield,26.5,60.3,29.9,65.8,0.526217,True,,,,,,,True,6.4660654,1.017115,Ground Pass,,42902.0,Adam Johnson,False,False,left_to_right,False,26.5,60.3,29.9,65.8,False,False,False,False
6a810d5c-abe7-4902-8ae5-bab3aaa35bb6,3754237,972,1,00:30:43.286,30,43,42,Ball Receipt*,60,41,Sunderland,Regular Play,41,Sunderland,42902.0,Adam Johnson,Right Midfield,29.9,65.8,,,,False,,,,,,,False,,,,,,,False,False,left_to_right,False,29.9,65.8,,,False,False,False,False
f9c74585-9829-4517-a6ba-e4b4367d7453,3754237,973,1,00:30:43.286,30,43,43,Carry,60,41,Sunderland,Regular Play,41,Sunderland,42902.0,Adam Johnson,Right Midfield,29.9,65.8,27.0,65.5,1.524121,True,,,,,,,False,,,,,,,False,False,left_to_right,False,29.9,65.8,27.0,65.5,False,False,False,False
81e9a9d2-1ba2-4ff5-b468-fd55dcf17998,3754237,974,1,00:30:44.810,30,44,22,Foul Committed,60,41,Sunderland,Regular Play,22,Leicester City,3665.0,Andrew Philip King,Right Center Midfield,93.1,14.6,,,0.0,False,,,,,,,False,,,,,,,False,False,left_to_right,False,93.1,14.6,,,False,False,False,False
82fa59f4-dd8f-4435-a79e-0fe0cfea5aae,3754237,975,1,00:30:44.810,30,44,21,Foul Won,60,41,Sunderland,Regular Play,41,Sunderland,42902.0,Adam Johnson,Right Midfield,27.0,65.5,,,0.0,True,,,,,,,False,,,,,,,False,False,left_to_right,False,27.0,65.5,,,False,False,False,False
65a075a5-e41a-4037-81fa-b8a573dc918d,3754237,976,1,00:30:47.329,30,47,30,Pass,61,41,Sunderland,From Free Kick,41,Sunderland,6300.0,Sebastián Coates Nión,Right Center Back,28.8,65.8,27.0,55.7,1.110757,False,,,,,,,True,10.259142,-1.7471625,Ground Pass,Free Kick,4746.0,Younes Kaboul,False,False,left_to_right,False,28.8,65.8,27.0,55.7,False,False,False,False
f47f2f21-2a99-4017-82df-db8c47da5a0f,3754237,977,1,00:30:48.440,30,48,42,Ball Receipt*,61,41,Sunderland,From Free Kick,41,Sunderland,4746.0,Younes Kaboul,Left Center Back,27.0,55.7,,,,False,,,,,,,False,,,,,,,False,False,left_to_right,False,27.0,55.7,,,False,False,False,False
853f664a-e3ba-4d6f-bf03-33b6405ca023,3754237,978,1,00:30:48.440,30,48,43,Carry,61,41,Sunderland,From Free Kick,41,Sunderland,4746.0,Younes Kaboul,Left Center Back,27.0,55.7,29.3,49.2,1.432313,False,,,,,,,False,,,,,,,False,False,left_to_right,False,27.0,55.7,29.3,49.2,False,False,False,False
435a20ab-0b03-4c9c-8112-6e16c3f669b1,3754237,979,1,00:30:49.872,30,49,30,Pass,61,41,Sunderland,From Free Kick,41,Sunderland,4746.0,Younes Kaboul,Left Center Back,29.3,49.2,43.0,44.6,1.180683,False,,,,,,,True,14.451644,-0.32393873,Ground Pass,,18751.0,Jack Rodwell,False,False,left_to_right,False,29.3,49.2,43.0,44.6,False,False,False,False
5a41286f-e378-472d-9cd9-a204b46b0b2f,3754237,980,1,00:30:51.053,30,51,42,Ball Receipt*,61,41,Sunderland,From Free Kick,41,Sunderland,18751.0,Jack Rodwell,Left Center Midfield,43.0,44.6,,,,False,,,,,,,False,,,,,,,False,False,left_to_right,False,43.0,44.6,,,False,False,False,False
8576b3ba-ff23-49f1-9f0a-1091c8ebe623,3754237,981,1,00:30:51.053,30,51,43,Carry,61,41,Sunderland,From Free Kick,41,Sunderland,18751.0,Jack Rodwell,Left Center Midfield,43.0,44.6,43.3,39.4,1.538183,False,,,,,,,False,,,,,,,False,False,left_to_right,False,43.0,44.6,43.3,39.4,False,False,False,False
0a8471f6-6f93-4e4c-b0da-3273f4c73a85,3754237,982,1,00:30:52.591,30,52,30,Pass,61,41,Sunderland,From Free Kick,41,Sunderland,18751.0,Jack Rodwell,Left Center Midfield,43.3,39.4,41.6,21.7,1.838098,False,,,,,,,True,17.78145,-1.6665478,Ground Pass,,3321.0,Patrick van Aanholt,False,False,left_to_right,False,43.3,39.4,41.6,21.7,False,False,False,False
45554b09-97e5-4009-833a-54aa63e07d92,3754237,983,1,00:30:54.429,30,54,42,Ball Receipt*,61,41,Sunderland,From Free Kick,41,Sunderland,3321.0,Patrick van Aanholt,Left Back,41.6,21.7,,,,False,,,,,,,False,,,,,,,False,False,left_to_right,False,41.6,21.7,,,False,False,False,False
6c2d638c-33f8-4abb-b4a4-7b47b3234122,3754237,984,1,00:30:54.429,30,54,43,Carry,61,41,Sunderland,From Free Kick,41,Sunderland,3321.0,Patrick van Aanholt,Left Back,41.6,21.7,50.5,14.5,2.507717,False,,,,,,,False,,,,,,,False,False,left_to_right,False,41.6,21.7,50.5,14.5,False,False,False,False
afb6568a-a8cb-4428-869f-3f8a88e2e3df,3754237,985,1,00:30:56.937,30,56,30,Pass,61,41,Sunderland,From Free Kick,41,Sunderland,3321.0,Patrick van Aanholt,Left Back,50.5,14.5,64.2,15.1,1.02445,False,,,,,,,True,13.713133,0.043767653,Ground Pass,,16457.0,Jeremain Lens,False,False,left_to_right,False,50.5,14.5,64.2,15.1,False,False,False,False
2c3f41d1-216c-4c67-bfae-baeee63c3800,3754237,986,1,00:30:57.961,30,57,42,Ball Receipt*,61,41,Sunderland,From Free Kick,41,Sunderland,16457.0,Jeremain Lens,Left Midfield,64.2,15.1,,,,False,,,,,,,False,,,,,,,False,False,left_to_right,False,64.2,15.1,,,False,False,False,False
0e70784b-0bd6-4601-b4a7-6ed58b98c050,3754237,987,1,00:30:57.961,30,57,43,Carry,61,41,Sunderland,From Free Kick,41,Sunderland,16457.0,Jeremain Lens,Left Midfield,64.2,15.1,62.8,14.8,0.848189,True,,,,,,,False,,,,,,,False,False,left_to_right,False,64.2,15.1,62.8,14.8,False,False,False,False
10ab1c88-b5fb-49ef-8525-0e1abae050b4,3754237,988,1,00:30:58.017,30,58,17,Pressure,61,41,Sunderland,From Free Kick,22,Leicester City,28782.0,Ritchie De Laet,Right Back,57.6,65.0,,,0.73821,False,,,,,,,False,,,,,,,False,False,left_to_right,False,57.6,65.0,,,False,False,False,False
6b527325-7d1d-4f97-ae30-43a262c4046a,3754237,989,1,00:30:58.573,30,58,17,Pressure,61,41,Sunderland,From Free Kick,22,Leicester City,3665.0,Andrew Philip King,Right Center Midfield,57.9,62.7,,,0.359753,False,,,,,,,False,,,,,,,False,False,left_to_right,False,57.9,62.7,,,False,False,False,False
64a12d7c-4563-47d3-af36-12c59050233a,3754237,990,1,00:30:58.809,30,58,30,Pass,61,41,Sunderland,From Free Kick,41,Sunderland,16457.0,Jeremain Lens,Left Midfield,62.8,14.8,40.7,20.9,1.818473,True,,,,,,,True,22.926403,2.8722801,Ground Pass,,4746.0,Younes Kaboul,False,False,left_to_right,False,62.8,14.8,40.7,20.9,False,False,False,False
4dd6ed15-3b17-47ac-af1d-a54a67042ac5,3754237,991,1,00:31:00.628,31,0,42,Ball Receipt*,61,41,Sunderland,From Free Kick,41,Sunderland,4746.0,Younes Kaboul,Left Center Back,40.7,20.9,,,,False,,,,,,,False,,,,,,,False,False,left_to_right,False,40.7,20.9,,,False,False,False,False
fe19bfc8-b6f5-4c4b-b316-29f387ad47bf,3754237,992,1,00:31:00.628,31,0,43,Carry,61,41,Sunderland,From Free Kick,41,Sunderland,4746.0,Younes Kaboul,Left Center Back,40.7,20.9,42.8,20.9,3.113949,False,,,,,,,False,,,,,,,False,False,left_to_right,False,40.7,20.9,42.8,20.9,False,False,False,False
7b683792-d776-49e6-bc37-d20adb55cc2b,3754237,993,1,00:31:03.742,31,3,30,Pass,61,41,Sunderland,From Free Kick,41,Sunderland,4746.0,Younes Kaboul,Left Center Back,42.8,20.9,43.0,51.8,1.846729,False,,,,,,,True,30.900648,1.5643239,Ground Pass,,6300.0,Sebastián Coates Nión,False,False,left_to_right,False,42.8,20.9,43.0,51.8,False,False,False,False
31c137cd-287a-4fd4-b83d-58e8ec2e3cef,3754237,994,1,00:31:05.588,31,5,42,Ball Receipt*,61,41,Sunderland,From Free Kick,41,Sunderland,6300.0,Sebastián Coates Nión,Right Center Back,43.0,51.8,,,,False,,,,,,,False,,,,,,,False,False,left_to_right,False,43.0,51.8,,,False,False,False,False
5d1ab703-1fc8-4244-a1b2-c583b604096e,3754237,995,1,00:31:05.588,31,5,43,Carry,61,41,Sunderland,From Free Kick,41,Sunderland,6300.0,Sebastián Coates Nión,Right Center Back,43.0,51.8,48.5,54.0,1.358823,False,,,,,,,False,,,,,,,False,False,left_to_right,False,43.0,51.8,48.5,54.0,False,False,False,False
5637ca98-78df-406e-b266-b3e44de421f0,3754237,996,1,00:31:06.947,31,6,30,Pass,61,41,Sunderland,From Free Kick,41,Sunderland,6300.0,Sebastián Coates Nión,Right Center Back,48.5,54.0,62.8,78.6,1.563793,False,,,,,,,True,28.45435,1.0442398,Ground Pass,,10503.0,Billy Jones,False,False,left_to_right,False,48.5,54.0,62.8,78.6,False,False,False,False
d0b64e05-3555-4c47-a6fb-d1daa3bf26db,3754237,997,1,00:31:08.511,31,8,42,Ball Receipt*,61,41,Sunderland,From Free Kick,41,Sunderland,10503.0,Billy Jones,Right Back,62.8,78.6,,,,False,,,,,,,False,,,,,,,False,False,left_to_right,False,62.8,78.6,,,False,False,False,False
517e7cdb-5d81-41e4-bf0a-279782cd4d8d,3754237,998,1,00:31:08.511,31,8,43,Carry,61,41,Sunderland,From Free Kick,41,Sunderland,10503.0,Billy Jones,Right Back,62.8,78.6,67.1,77.2,0.874621,False,,,,,,,False,,,,,,,False,False,left_to_right,False,62.8,78.6,67.1,77.2,False,False,False,False
8b79fb8c-1795-4ccb-9cbf-8760fc8be088,3754237,999,1,00:31:09.386,31,9,30,Pass,61,41,Sunderland,From Free Kick,41,Sunderland,10503.0,Billy Jones,Right Back,67.1,77.2,90.5,70.4,1.153594,False,,,,,,Incomplete,False,24.368011,-0.2828092,Low Pass,,42902.0,Adam Johnson,False,False,left_to_right,False,67.1,77.2,90.5,70.4,False,True,True,True
6aeb843d-698b-4ecd-b0cb-9250112214a4,3754237,1000,1,00:31:10.539,31,10,42,Ball Receipt*,61,41,Sunderland,From Free Kick,41,Sunderland,42902.0,Adam Johnson,Right Midfield,95.7,68.1,,,,False,,,,,,,False,,,,,,,False,False,left_to_right,False,95.7,68.1,,,False,False,False,False
425f68c9-15c7-4ce4-b3d2-1b265ed248c8,3754237,1001,1,00:31:10.539,31,10,10,Interception,62,22,Leicester City,Regular Play,22,Leicester City,3520.0,Jeffrey Schlupp,Left Back,29.6,9.7,,,0.0,False,,,,,,,False,,,,,,,False,False,left_to_right,False,29.6,9.7,,,False,False,False,False
aed0aa6f-5971-4241-a350-bf88703a29d3,3754237,1002,1,00:31:10.539,31,10,43,Carry,62,22,Leicester City,Regular Play,22,Leicester City,3520.0,Jeffrey Schlupp,Left Back,29.6,9.7,34.7,3.5,5.024286,False,,,,,,,False,,,,,,,False,False,left_to_right,False,29.6,9.7,34.7,3.5,False,False,False,False
32430b2f-c4b2-419d-82b8-49813c0a1b85,3754237,1003,1,00:31:15.564,31,15,30,Pass,62,22,Leicester City,Regular Play,22,Leicester City,3520.0,Jeffrey Schlupp,Left Back,34.7,3.5,58.5,8.9,1.13306,False,,,,,,,True,24.404917,0.22311336,Low Pass,,10960.0,Jamie Vardy,False,False,left_to_right,False,34.7,3.5,58.5,8.9,False,True,False,False
554b95b2-21ac-4a69-b4ba-6f634851f016,3754237,1004,1,00:31:16.647,31,16,17,Pressure,62,22,Leicester City,Regular Play,41,Sunderland,6300.0,Sebastián Coates Nión,Right Center Back,64.5,69.8,,,2.426782,False,,,,,,,False,,,,,,,False,False,left_to_right,False,64.5,69.8,,,False,False,False,False
32e148d8-4a7d-43d8-a52e-9f6dfcd9903a,3754237,1005,1,00:31:16.697,31,16,42,Ball Receipt*,62,22,Leicester City,Regular Play,22,Leicester City,10960.0,Jamie Vardy,Left Center Forward,58.5,8.9,,,,True,,,,,,,False,,,,,,,False,False,left_to_right,False,58.5,8.9,,,False,False,False,False
92fd5691-0c9a-484e-8921-fe46d5e59add,3754237,1006,1,00:31:16.697,31,16,43,Carry,62,22,Leicester City,Regular Play,22,Leicester City,10960.0,Jamie Vardy,Left Center Forward,58.5,8.9,52.2,14.0,2.906226,True,,,,,,,False,,,,,,,False,False,left_to_right,False,58.5,8.9,52.2,14.0,False,False,False,False
013062df-3ca4-4055-9fe3-860545bc8a82,3754237,1007,1,00:31:19.603,31,19,22,Foul Committed,62,22,Leicester City,Regular Play,41,Sunderland,6300.0,Sebastián Coates Nión,Right Center Back,67.9,66.1,,,0.0,False,,,,,,,False,,,,,,,False,False,left_to_right,False,67.9,66.1,,,False,False,False,False
baedc438-9871-4475-b23d-bb29a4cb04a2,3754237,1008,1,00:31:19.603,31,19,21,Foul Won,62,22,Leicester City,Regular Play,22,Leicester City,10960.0,Jamie Vardy,Left Center Forward,52.2,14.0,,,0.0,True,,,,,,,False,,,,,,,False,False,left_to_right,False,52.2,14.0,,,False,False,False,False
f6d83278-bf70-4166-841f-5fea2e0ff299,3754237,1009,1,00:31:32.178,31,32,30,Pass,63,22,Leicester City,From Free Kick,22,Leicester City,3662.0,Danny Drinkwater,Left Center Midfield,50.1,14.3,54.5,20.1,0.595772,False,,,,,,,True,7.28011,0.9218008,Ground Pass,Free Kick,3665.0,Andrew Philip King,False,False,left_to_right,False,50.1,14.3,54.5,20.1,False,False,False,False
110e8a34-762e-40d5-81af-8b2283bf3e83,3754237,1010,1,00:31:32.774,31,32,42,Ball Receipt*,63,22,Leicester City,From Free Kick,22,Leicester City,3665.0,Andrew Philip King,Right Center Midfield,54.5,20.1,,,,False,,,,,,,False,,,,,,,False,False,left_to_right,False,54.5,20.1,,,False,False,False,False
caba71b2-4cff-45a3-9b9b-ea5e5698d550,3754237,1011,1,00:31:32.774,31,32,43,Carry,63,22,Leicester City,From Free Kick,22,Leicester City,3665.0,Andrew Philip King,Right Center Midfield,54.5,20.1,54.5,20.1,0.159999,False,,,,,,,False,,,,,,,False,False,left_to_right,False,54.5,20.1,54.5,20.1,False,False,False,False
9685f578-da9e-4af3-ae32-a7d161a935c0,3754237,1012,1,00:31:32.934,31,32,30,Pass,63,22,Leicester City,From Free Kick,22,Leicester City,3665.0,Andrew Philip King,Right Center Midfield,54.5,20.1,51.3,3.8,1.408578,False,,,,,,,True,16.611141,-1.76465,Ground Pass,,3520.0,Jeffrey Schlupp,False,False,left_to_right,False,54.5,20.1,51.3,3.8,False,False,False,False
97e3c7e0-d1fb-4a68-afc0-d54411e61ed8,3754237,1013,1,00:31:34.343,31,34,42,Ball Receipt*,63,22,Leicester City,From Free Kick,22,Leicester City,3520.0,Jeffrey Schlupp,Left Back,51.3,3.8,,,,False,,,,,,,False,,,,,,,False,False,left_to_right,False,51.3,3.8,,,False,False,False,False
a953e921-230b-425b-84a9-90e9cbb732d8,3754237,1014,1,00:31:34.343,31,34,43,Carry,63,22,Leicester City,From Free Kick,22,Leicester City,3520.0,Jeffrey Schlupp,Left Back,51.3,3.8,51.3,4.4,0.16,False,,,,,,,False,,,,,,,False,False,left_to_right,False,51.3,3.8,51.3,4.4,False,False,False,False
6cfa01e1-38ce-4281-9522-0345c191c031,3754237,1015,1,00:31:34.503,31,34,30,Pass,63,22,Leicester City,From Free Kick,22,Leicester City,3520.0,Jeffrey Schlupp,Left Back,51.3,4.4,34.2,18.4,1.482332,False,,,,,,,True,22.1,2.4555447,Ground Pass,,3813.0,Wes Morgan,False,False,left_to_right,False,51.3,4.4,34.2,18.4,False,False,False,False
2940266f-5c31-4609-82cb-0e651430038e,3754237,1016,1,00:31:35.985,31,35,42,Ball Receipt*,63,22,Leicester City,From Free Kick,22,Leicester City,3813.0,Wes Morgan,Left Center Back,34.2,18.4,,,,False,,,,,,,False,,,,,,,False,False,left_to_right,False,34.2,18.4,,,False,False,False,False
1496975f-7d10-4be7-8f9a-3f0dbd3e9f0f,3754237,1017,1,00:31:35.985,31,35,43,Carry,63,22,Leicester City,From Free Kick,22,Leicester City,3813.0,Wes Morgan,Left Center Back,34.2,18.4,35.3,19.2,1.775706,False,,,,,,,False,,,,,,,False,False,left_to_right,False,34.2,18.4,35.3,19.2,False,False,False,False
114aaab6-e52b-429b-bff9-abf6fca42dbf,3754237,1018,1,00:31:37.761,31,37,30,Pass,63,22,Leicester City,From Free Kick,22,Leicester City,3813.0,Wes Morgan,Left Center Back,35.3,19.2,33.6,47.3,1.723995,False,,,,,,,True,28.151377,1.6312209,Ground Pass,,40123.0,Robert Huth,False,False,left_to_right,False,35.3,19.2,33.6,47.3,False,False,False,False
7e90fe2c-db2b-409f-9666-f23ebf699872,3754237,1019,1,00:31:39.485,31,39,42,Ball Receipt*,63,22,Leicester City,From Free Kick,22,Leicester City,40123.0,Robert Huth,Right Center Back,33.6,47.3,,,,False,,,,,,,False,,,,,,,False,False,left_to_right,False,33.6,47.3,,,False,False,False,False
3166f81e-b446-4a2f-a7be-b08ba3c2e4fa,3754237,1020,1,00:31:39.485,31,39,43,Carry,63,22,Leicester City,From Free Kick,22,Leicester City,40123.0,Robert Huth,Right Center Back,33.6,47.3,40.2,49.8,2.863524,False,,,,,,,False,,,,,,,False,False,left_to_right,False,33.6,47.3,40.2,49.8,False,False,False,False
3243bc40-8a6c-4442-930a-032fd026c0d6,3754237,1021,1,00:31:42.348,31,42,30,Pass,63,22,Leicester City,From Free Kick,22,Leicester City,40123.0,Robert Huth,Right Center Back,40.2,49.8,13.3,41.8,3.111994,False,,,,,,,True,28.06439,-2.852525,Ground Pass,,3815.0,Kasper Schmeichel,False,False,left_to_right,False,40.2,49.8,13.3,41.8,False,False,False,False
a1f540e3-2c2d-4342-ade3-d951e0e703c8,3754237,1022,1,00:31:45.460,31,45,42,Ball Receipt*,63,22,Leicester City,From Free Kick,22,Leicester City,3815.0,Kasper Schmeichel,Goalkeeper,13.3,41.8,,,,False,,,,,,,False,,,,,,,False,False,left_to_right,False,13.3,41.8,,,False,False,False,False
e2dd3dda-8315-49bf-8518-c311ab9a99d6,3754237,1023,1,00:31:45.460,31,45,43,Carry,63,22,Leicester City,From Free Kick,22,Leicester City,3815.0,Kasper Schmeichel,Goalkeeper,13.3,41.8,20.5,38.7,8.551177,False,,,,,,,False,,,,,,,False,False,left_to_right,False,13.3,41.8,20.5,38.7,False,False,False,False
0b425495-5de9-40b2-9ac8-8f73f503f03a,3754237,1024,1,00:31:54.011,31,54,30,Pass,63,22,Leicester City,From Free Kick,22,Leicester City,3815.0,Kasper Schmeichel,Goalkeeper,20.5,38.7,67.3,63.3,2.650807,False,,,,,,,True,52.871544,0.4839494,High Pass,,3814.0,Riyad Mahrez,False,False,left_to_right,False,20.5,38.7,67.3,63.3,False,True,False,False
bdff689d-8505-465c-baf5-c9719ec0d3b7,3754237,1025,1,00:31:56.662,31,56,42,Ball Receipt*,63,22,Leicester City,From Free Kick,22,Leicester City,3814.0,Riyad Mahrez,Left Midfield,67.3,63.3,,,,False,,,,,,,False,,,,,,,False,False,left_to_right,False,67.3,63.3,,,False,False,False,False
e3a3d663-8701-4e4f-8de1-7c8688717db7,3754237,1026,1,00:31:56.717,31,56,30,Pass,63,22,Leicester City,From Free Kick,22,Leicester City,3814.0,Riyad Mahrez,Left Midfield,67.3,63.3,85.1,59.0,1.326552,False,,,,,,Incomplete,False,18.312017,-0.23703182,High Pass,,3810.0,Shinji Okazaki,False,False,left_to_right,False,67.3,63.3,85.1,59.0,False,True,True,True
4a40e05a-42bb-4542-82f8-8a16b5290f48,3754237,1027,1,00:31:57.716,31,57,17,Pressure,63,22,Leicester City,From Free Kick,22,Leicester City,3810.0,Shinji Okazaki,Right Center Forward,82.8,56.1,,,0.452286,False,,,,,,,False,,,,,,,False,False,left_to_right,False,82.8,56.1,,,False,False,False,False
cd1efbcb-a805-4031-a2a2-5f9c2db2d4bb,3754237,1028,1,00:31:58.043,31,58,42,Ball Receipt*,63,22,Leicester City,From Free Kick,22,Leicester City,3810.0,Shinji Okazaki,Right Center Forward,82.8,56.1,,,,False,,,,,,,False,,,,,,,False,False,left_to_right,False,82.8,56.1,,,False,False,False,False
b3868467-e1ff-4e2f-9e28-5c13c725f640,3754237,1029,1,00:31:58.043,31,58,30,Pass,63,22,Leicester City,From Free Kick,41,Sunderland,4746.0,Younes Kaboul,Left Center Back,35.0,21.1,38.2,15.4,2.013758,True,,,,,,Incomplete,False,6.536819,-1.0592402,Low Pass,Recovery,3321.0,Patrick van Aanholt,False,False,left_to_right,False,35.0,21.1,38.2,15.4,False,False,False,True
8f445005-9c80-4a80-b52c-89af180d019c,3754237,1030,1,00:32:00.057,32,0,42,Ball Receipt*,63,22,Leicester City,From Free Kick,41,Sunderland,3321.0,Patrick van Aanholt,Left Back,39.9,13.1,,,,False,,,,,,,False,,,,,,,False,False,left_to_right,False,39.9,13.1,,,False,False,False,False
a69e8bcc-dc40-49d0-ae56-dafa5714efd6,3754237,1031,1,00:32:00.057,32,0,30,Pass,63,22,Leicester City,From Free Kick,22,Leicester City,3810.0,Shinji Okazaki,Right Center Forward,81.9,64.7,76.5,68.6,1.26014,False,,,,,,,True,6.661081,2.5161076,Ground Pass,Recovery,3814.0,Riyad Mahrez,False,False,left_to_right,False,81.9,64.7,76.5,68.6,False,False,False,False
a8970eaf-16ae-4ec1-954a-ac8b24dab082,3754237,1032,1,00:32:01.317,32,1,42,Ball Receipt*,63,22,Leicester City,From Free Kick,22,Leicester City,3814.0,Riyad Mahrez,Left Midfield,76.5,68.6,,,,False,,,,,,,False,,,,,,,False,False,left_to_right,False,76.5,68.6,,,False,False,False,False
b98d5e63-56fc-4e30-9779-73ce4f705b87,3754237,1033,1,00:32:01.317,32,1,43,Carry,63,22,Leicester City,From Free Kick,22,Leicester City,3814.0,Riyad Mahrez,Left Midfield,76.5,68.6,76.5,68.6,0.039999,False,,,,,,,False,,,,,,,False,False,left_to_right,False,76.5,68.6,76.5,68.6,False,False,False,False
224b5357-b8c8-41b4-b611-c022e410574c,3754237,1034,1,00:32:01.357,32,1,30,Pass,63,22,Leicester City,From Free Kick,22,Leicester City,3814.0,Riyad Mahrez,Left Midfield,76.5,68.6,78.2,66.7,0.07454,False,,,,,,Incomplete,False,2.5495098,-0.84089667,Low Pass,,,,False,False,left_to_right,False,76.5,68.6,78.2,66.7,False,False,False,True
20246a79-6b50-4be4-8cee-66d8072c0897,3754237,1035,1,00:32:01.432,32,1,6,Block,63,22,Leicester City,From Free Kick,22,Leicester City,3810.0,Shinji Okazaki,Right Center Forward,78.2,66.7,,,0.0,False,,,,,,,False,,,,,,,False,False,left_to_right,False,78.2,66.7,,,False,False,False,False
254bc38b-cc90-4fa6-8fe8-8a953eac90f6,3754237,1036,1,00:32:15.369,32,15,30,Pass,64,41,Sunderland,From Throw In,41,Sunderland,3321.0,Patrick van Aanholt,Left Back,39.3,0.1,27.9,21.1,0.455375,False,,,,,,,True,23.89477,2.068139,Low Pass,Throw-in,4746.0,Younes Kaboul,False,False,left_to_right,False,39.3,0.1,27.9,21.1,False,False,False,False
02e99fc0-5c7e-410c-9b0c-19091600846c,3754237,1037,1,00:32:15.824,32,15,42,Ball Receipt*,64,41,Sunderland,From Throw In,41,Sunderland,4746.0,Younes Kaboul,Left Center Back,27.9,21.1,,,,False,,,,,,,False,,,,,,,False,False,left_to_right,False,27.9,21.1,,,False,False,False,False
480dc7f4-6c81-473b-9bf2-5ea262cad1db,3754237,1038,1,00:32:16.534,32,16,30,Pass,64,41,Sunderland,From Throw In,41,Sunderland,4746.0,Younes Kaboul,Left Center Back,26.8,15.7,11.6,44.9,0.808817,False,,,,,,,True,32.919296,2.050747,Ground Pass,,6871.0,Costel Fane Pantilimon,False,False,left_to_right,False,26.8,15.7,11.6,44.9,False,False,False,False
003b3590-c3f1-4f84-bb0d-b76770d12899,3754237,1039,1,00:32:17.343,32,17,42,Ball Receipt*,64,41,Sunderland,From Throw In,41,Sunderland,6871.0,Costel Fane Pantilimon,Goalkeeper,11.6,44.9,,,,False,,,,,,,False,,,,,,,False,False,left_to_right,False,11.6,44.9,,,False,False,False,False
a181824b-7a40-43ca-982e-aab3673874ad,3754237,1040,1,00:32:17.343,32,17,43,Carry,64,41,Sunderland,From Throw In,41,Sunderland,6871.0,Costel Fane Pantilimon,Goalkeeper,11.6,44.9,13.4,43.7,2.050489,False,,,,,,,False,,,,,,,False,False,left_to_right,False,11.6,44.9,13.4,43.7,False,False,False,False
268a8032-c793-4ad2-b905-fc96ed044f3a,3754237,1041,1,00:32:19.393,32,19,30,Pass,64,41,Sunderland,From Throw In,41,Sunderland,6871.0,Costel Fane Pantilimon,Goalkeeper,13.4,43.7,20.7,64.0,1.86943,False,,,,,,,True,21.572668,1.2255896,Ground Pass,,6300.0,Sebastián Coates Nión,False,False,left_to_right,False,13.4,43.7,20.7,64.0,False,False,False,False
9d3ca2da-afc6-41cb-a09b-6e031992a7df,3754237,1042,1,00:32:21.263,32,21,42,Ball Receipt*,64,41,Sunderland,From Throw In,41,Sunderland,6300.0,Sebastián Coates Nión,Right Center Back,20.7,64.0,,,,False,,,,,,,False,,,,,,,False,False,left_to_right,False,20.7,64.0,,,False,False,False,False
a1351f68-4d24-4bd7-9538-f8b809e534f8,3754237,1043,1,00:32:21.263,32,21,43,Carry,64,41,Sunderland,From Throw In,41,Sunderland,6300.0,Sebastián Coates Nión,Right Center Back,20.7,64.0,26.5,61.2,1.519575,False,,,,,,,False,,,,,,,False,False,left_to_right,False,20.7,64.0,26.5,61.2,False,False,False,False
399399fe-65cf-4100-a4b7-e98105fe8859,3754237,1044,1,00:32:22.782,32,22,30,Pass,64,41,Sunderland,From Throw In,41,Sunderland,6300.0,Sebastián Coates Nión,Right Center Back,26.5,61.2,43.6,73.7,1.424817,False,,,,,,,True,21.181595,0.631226,Ground Pass,,10503.0,Billy Jones,False,False,left_to_right,False,26.5,61.2,43.6,73.7,False,False,False,False
7b1d8830-8463-4f6c-a183-9cc1f8658222,3754237,1045,1,00:32:24.207,32,24,42,Ball Receipt*,64,41,Sunderland,From Throw In,41,Sunderland,10503.0,Billy Jones,Right Back,43.6,73.7,,,,False,,,,,,,False,,,,,,,False,False,left_to_right,False,43.6,73.7,,,False,False,False,False
798e98ae-7b10-49f9-bea0-f2779cacb141,3754237,1046,1,00:32:24.207,32,24,43,Carry,64,41,Sunderland,From Throw In,41,Sunderland,10503.0,Billy Jones,Right Back,43.6,73.7,40.5,74.9,1.337215,False,,,,,,,False,,,,,,,False,False,left_to_right,False,43.6,73.7,40.5,74.9,False,False,False,False
9c5a4cae-4b1b-4b14-9ccb-24940788f339,3754237,1047,1,00:32:25.544,32,25,30,Pass,64,41,Sunderland,From Throw In,41,Sunderland,10503.0,Billy Jones,Right Back,40.5,74.9,27.0,63.8,1.644722,False,,,,,,,True,17.477413,-2.4534476,Ground Pass,,6300.0,Sebastián Coates Nión,False,False,left_to_right,False,40.5,74.9,27.0,63.8,False,False,False,False
1e541ae3-b240-4653-b534-029f6ea25a37,3754237,1048,1,00:32:27.189,32,27,42,Ball Receipt*,64,41,Sunderland,From Throw In,41,Sunderland,6300.0,Sebastián Coates Nión,Right Center Back,27.0,63.8,,,,False,,,,,,,False,,,,,,,False,False,left_to_right,False,27.0,63.8,,,False,False,False,False
986dbd05-8e27-4fca-a123-f798f7c60cb6,3754237,1049,1,00:32:27.189,32,27,43,Carry,64,41,Sunderland,From Throw In,41,Sunderland,6300.0,Sebastián Coates Nión,Right Center Back,27.0,63.8,23.9,64.0,0.729823,False,,,,,,,False,,,,,,,False,False,left_to_right,False,27.0,63.8,23.9,64.0,False,False,False,False
bf217c4d-d114-495f-86e5-4e5d90fd6dfa,3754237,1050,1,00:32:27.919,32,27,30,Pass,64,41,Sunderland,From Throw In,41,Sunderland,6300.0,Sebastián Coates Nión,Right Center Back,23.9,64.0,7.9,47.5,2.569386,False,,,,,,,True,22.98369,-2.340811,Ground Pass,,6871.0,Costel Fane Pantilimon,False,False,left_to_right,False,23.9,64.0,7.9,47.5,False,False,False,False
4c312a14-865e-4cc6-b6ea-a8cac0b48721,3754237,1051,1,00:32:30.488,32,30,42,Ball Receipt*,64,41,Sunderland,From Throw In,41,Sunderland,6871.0,Costel Fane Pantilimon,Goalkeeper,7.9,47.5,,,,False,,,,,,,False,,,,,,,False,False,left_to_right,False,7.9,47.5,,,False,False,False,False
813014ec-8695-4f50-96bd-e64fc000a517,3754237,1052,1,00:32:30.488,32,30,43,Carry,64,41,Sunderland,From Throw In,41,Sunderland,6871.0,Costel Fane Pantilimon,Goalkeeper,7.9,47.5,15.8,49.2,9.112105,False,,,,,,,False,,,,,,,False,False,left_to_right,False,7.9,47.5,15.8,49.2,False,False,False,False
edea6f2b-1dbc-439b-801b-60dd1deb96ed,3754237,1053,1,00:32:39.600,32,39,30,Pass,64,41,Sunderland,From Throw In,41,Sunderland,6871.0,Costel Fane Pantilimon,Goalkeeper,15.8,49.2,70.0,54.9,3.334202,False,,,,,,,True,54.498898,0.1047809,High Pass,,9554.0,Steven Fletcher,False,False,left_to_right,False,15.8,49.2,70.0,54.9,False,True,False,False
4c1918df-f1d5-484f-a307-ef7b5895ed0e,3754237,1054,1,00:32:42.935,32,42,42,Ball Receipt*,64,41,Sunderland,From Throw In,41,Sunderland,9554.0,Steven Fletcher,Center Defensive Midfield,70.0,54.9,,,,False,,,,,,,False,,,,,,,False,False,left_to_right,False,70.0,54.9,,,False,False,False,False
a91f7aec-5e3e-4cfb-ab6e-34863f2047df,3754237,1055,1,00:32:42.975,32,42,30,Pass,64,41,Sunderland,From Throw In,41,Sunderland,9554.0,Steven Fletcher,Center Defensive Midfield,70.0,54.9,82.8,54.9,0.99758,True,,,,,,Incomplete,False,12.8,0.0,High Pass,,16457.0,Jeremain Lens,False,False,left_to_right,False,70.0,54.9,82.8,54.9,False,False,True,True
753ebe9a-86b3-43fa-b036-9a71b49c6727,3754237,1056,1,00:32:42.975,32,42,4,Duel,64,41,Sunderland,From Throw In,22,Leicester City,3813.0,Wes Morgan,Left Center Back,50.1,25.2,,,0.0,True,,,,,,,False,,,,,,,False,False,left_to_right,False,50.1,25.2,,,False,False,False,False
2d134178-07b5-4007-ae38-0e03999c12d0,3754237,1057,1,00:32:43.972,32,43,42,Ball Receipt*,64,41,Sunderland,From Throw In,41,Sunderland,16457.0,Jeremain Lens,Left Midfield,82.8,54.9,,,,False,,,,,,,False,,,,,,,False,False,left_to_right,False,82.8,54.9,,,False,False,False,False
ce351c83-ffd9-47e1-adf6-1e458754882a,3754237,1058,1,00:32:43.972,32,43,4,Duel,64,41,Sunderland,From Throw In,41,Sunderland,16457.0,Jeremain Lens,Left Midfield,82.8,54.9,,,0.0,True,,,,,,,False,,,,,,,False,False,left_to_right,False,82.8,54.9,,,False,False,False,False
684025bb-1b82-4e93-adc7-24c3c2f68896,3754237,1059,1,00:32:43.972,32,43,30,Pass,64,41,Sunderland,From Throw In,22,Leicester City,40123.0,Robert Huth,Right Center Back,37.3,25.2,49.3,11.2,1.745852,True,,,,,,Incomplete,False,18.439089,-0.86217004,High Pass,Recovery,,,False,False,left_to_right,False,37.3,25.2,49.3,11.2,False,False,False,True
1a839106-a00e-4148-b798-39624d447b8c,3754237,1060,1,00:32:45.718,32,45,4,Duel,64,41,Sunderland,From Throw In,22,Leicester City,3307.0,Marc Albrighton,Right Midfield,49.3,11.2,,,0.0,True,,,,,,,False,,,,,,,False,False,left_to_right,False,49.3,11.2,,,False,False,False,False
2d4d4ec0-2060-421d-8384-05b99af842ee,3754237,1061,1,00:32:45.718,32,45,30,Pass,64,41,Sunderland,From Throw In,41,Sunderland,10503.0,Billy Jones,Right Back,70.8,68.9,79.6,68.6,1.933,True,,,,,,,True,8.805112,-0.03407771,High Pass,Recovery,42902.0,Adam Johnson,False,False,left_to_right,False,70.8,68.9,79.6,68.6,False,False,False,False
b5d2fcdc-a895-40c3-97e3-690e60006a78,3754237,1062,1,00:32:47.651,32,47,42,Ball Receipt*,64,41,Sunderland,From Throw In,41,Sunderland,42902.0,Adam Johnson,Right Midfield,79.6,68.6,,,,False,,,,,,,False,,,,,,,False,False,left_to_right,False,79.6,68.6,,,False,False,False,False
27e6c181-af43-4d43-a98d-42ac017a7f4d,3754237,1063,1,00:32:47.691,32,47,30,Pass,64,41,Sunderland,From Throw In,41,Sunderland,42902.0,Adam Johnson,Right Midfield,79.3,68.1,90.5,68.4,1.281302,False,,,,,,,True,11.204017,0.02677931,High Pass,,3337.0,Jermain Defoe,False,False,left_to_right,False,79.3,68.1,90.5,68.4,False,False,True,False
a69c9727-2e30-4a1d-a08e-285ff0535504,3754237,1064,1,00:32:48.972,32,48,42,Ball Receipt*,64,41,Sunderland,From Throw In,41,Sunderland,3337.0,Jermain Defoe,Center Forward,90.5,68.4,,,,False,,,,,,,False,,,,,,,False,False,left_to_right,False,90.5,68.4,,,False,False,False,False
fb1b3eda-fbb7-41c8-95a0-8f6c3210ab1e,3754237,1065,1,00:32:48.972,32,48,43,Carry,64,41,Sunderland,From Throw In,41,Sunderland,3337.0,Jermain Defoe,Center Forward,90.5,68.4,90.3,70.9,1.129637,True,,,,,,,False,,,,,,,False,False,left_to_right,False,90.5,68.4,90.3,70.9,False,False,False,False
00791205-d261-4358-9a37-ab89a8ee8d23,3754237,1066,1,00:32:49.060,32,49,17,Pressure,64,41,Sunderland,From Throw In,22,Leicester City,40123.0,Robert Huth,Right Center Back,29.6,10.3,,,0.962055,False,,,,,,,False,,,,,,,False,False,left_to_right,False,29.6,10.3,,,False,False,False,False
fa939d32-1a60-43e2-84f6-1600c83b2cec,3754237,1067,1,00:32:50.102,32,50,3,Dispossessed,64,41,Sunderland,From Throw In,41,Sunderland,3337.0,Jermain Defoe,Center Forward,90.3,70.9,,,0.0,True,,,,,,,False,,,,,,,False,False,left_to_right,False,90.3,70.9,,,False,False,False,True
67aed07f-1c05-4789-8cee-caaab4e682e1,3754237,1068,1,00:32:50.102,32,50,4,Duel,64,41,Sunderland,From Throw In,22,Leicester City,40123.0,Robert Huth,Right Center Back,29.8,9.2,,,0.0,True,,,,,,,False,,,,,,,False,False,left_to_right,False,29.8,9.2,,,False,False,False,False
69b087bd-2d82-4fd8-af57-e72c0b53fbe0,3754237,1069,1,00:32:56.473,32,56,30,Pass,65,41,Sunderland,From Throw In,41,Sunderland,10503.0,Billy Jones,Right Back,91.4,80.0,109.7,71.5,1.415185,False,,,,,,,True,20.17771,-0.43483075,Low Pass,Throw-in,9554.0,Steven Fletcher,False,False,left_to_right,False,91.4,80.0,109.7,71.5,False,True,False,False
734de23a-650c-4627-8172-ea48ff26e9d4,3754237,1070,1,00:32:57.519,32,57,17,Pressure,65,41,Sunderland,From Throw In,22,Leicester City,3520.0,Jeffrey Schlupp,Left Back,11.8,9.4,,,0.460429,False,,,,,,,False,,,,,,,False,False,left_to_right,False,11.8,9.4,,,False,False,False,False
c0e4b027-c637-418a-90f0-4c526cbe33b7,3754237,1071,1,00:32:57.888,32,57,42,Ball Receipt*,65,41,Sunderland,From Throw In,41,Sunderland,9554.0,Steven Fletcher,Center Defensive Midfield,109.7,71.5,,,,True,,,,,,,False,,,,,,,False,False,left_to_right,False,109.7,71.5,,,False,False,False,False
90aa4a4e-e59e-44da-8a2f-08c295b0d8e0,3754237,1072,1,00:32:57.888,32,57,43,Carry,65,41,Sunderland,From Throw In,41,Sunderland,9554.0,Steven Fletcher,Center Defensive Midfield,109.7,71.5,109.1,73.2,0.08,True,,,,,,,False,,,,,,,False,False,left_to_right,False,109.7,71.5,109.1,73.2,False,False,False,False
41be8c60-d013-4076-9938-798276e60323,3754237,1073,1,00:32:57.968,32,57,30,Pass,65,41,Sunderland,From Throw In,41,Sunderland,9554.0,Steven Fletcher,Center Defensive Midfield,109.1,73.2,104.5,59.4,0.841539,True,,,,,,,True,14.546477,-1.8925469,Ground Pass,,3337.0,Jermain Defoe,False,False,left_to_right,False,109.1,73.2,104.5,59.4,False,True,False,False
0ed1fb3a-c84e-42ea-8aae-00f3727fd421,3754237,1074,1,00:32:58.810,32,58,42,Ball Receipt*,65,41,Sunderland,From Throw In,41,Sunderland,3337.0,Jermain Defoe,Center Forward,104.5,59.4,,,,False,,,,,,,False,,,,,,,False,False,left_to_right,False,104.5,59.4,,,False,False,False,False
e4a1f460-3085-4824-bc12-ff5d5b45e9a9,3754237,1075,1,00:32:58.810,32,58,30,Pass,65,41,Sunderland,From Throw In,41,Sunderland,3337.0,Jermain Defoe,Center Forward,104.5,59.7,104.8,68.6,0.908547,False,,,,,,,True,8.905055,1.5371013,Ground Pass,,9554.0,Steven Fletcher,False,False,left_to_right,False,104.5,59.7,104.8,68.6,False,False,False,False
0f4f8627-0d2e-4837-9d44-ee786de42038,3754237,1076,1,00:32:59.719,32,59,42,Ball Receipt*,65,41,Sunderland,From Throw In,41,Sunderland,9554.0,Steven Fletcher,Center Defensive Midfield,104.8,68.6,,,,False,,,,,,,False,,,,,,,False,False,left_to_right,False,104.8,68.6,,,False,False,False,False
d0847598-ddfa-4e33-a489-8dbf777da2bf,3754237,1077,1,00:32:59.719,32,59,43,Carry,65,41,Sunderland,From Throw In,41,Sunderland,9554.0,Steven Fletcher,Center Defensive Midfield,104.8,68.6,104.8,68.6,0.176903,False,,,,,,,False,,,,,,,False,False,left_to_right,False,104.8,68.6,104.8,68.6,False,False,False,False
ed099495-f5e6-4ee3-b14d-cf110d26edee,3754237,1078,1,00:32:59.895,32,59,30,Pass,65,41,Sunderland,From Throw In,41,Sunderland,9554.0,Steven Fletcher,Center Defensive Midfield,104.8,68.6,120.0,27.7,2.01828,False,,,,,,Out,False,43.63313,-1.2149763,High Pass,,,,False,False,left_to_right,False,104.8,68.6,120.0,27.7,False,True,False,True
dfb074cd-37b1-45aa-84fa-79694e3d580e,3754237,1079,1,00:33:34.303,33,34,30,Pass,66,22,Leicester City,From Goal Kick,22,Leicester City,3815.0,Kasper Schmeichel,Goalkeeper,6.0,44.0,76.8,63.8,2.725154,False,,,,,,Incomplete,False,73.516525,0.27269435,High Pass,Goal Kick,3810.0,Shinji Okazaki,False,False,left_to_right,False,6.0,44.0,76.8,63.8,False,True,False,True
56dc9429-39be-49d0-9c8a-b20313f56b00,3754237,1080,1,00:33:37.028,33,37,42,Ball Receipt*,66,22,Leicester City,From Goal Kick,22,Leicester City,3810.0,Shinji Okazaki,Right Center Forward,77.1,63.8,,,,False,,,,,,,False,,,,,,,False,False,left_to_right,False,77.1,63.8,,,False,False,False,False
2815ab96-ff61-4662-8588-0a100f521c49,3754237,1081,1,00:33:37.028,33,37,30,Pass,66,22,Leicester City,From Goal Kick,41,Sunderland,4746.0,Younes Kaboul,Left Center Back,43.3,16.3,56.4,20.6,1.557114,True,,,,,,Incomplete,False,13.787676,0.31716344,High Pass,Recovery,,,False,False,left_to_right,False,43.3,16.3,56.4,20.6,False,False,False,True
248d0cce-bc2d-4512-abff-2d688b98eda9,3754237,1082,1,00:33:37.028,33,37,4,Duel,66,22,Leicester City,From Goal Kick,22,Leicester City,3810.0,Shinji Okazaki,Right Center Forward,76.8,63.8,,,0.0,True,,,,,,,False,,,,,,,False,False,left_to_right,False,76.8,63.8,,,False,False,False,False
e041295d-1681-45d0-a7f1-f2cb036e18d2,3754237,1083,1,00:33:38.585,33,38,30,Pass,66,22,Leicester City,From Goal Kick,22,Leicester City,3665.0,Andrew Philip King,Right Center Midfield,63.7,59.5,72.7,68.1,1.923691,False,,,,,,Incomplete,False,12.448293,0.7626748,Low Pass,Recovery,3814.0,Riyad Mahrez,False,False,left_to_right,False,63.7,59.5,72.7,68.1,False,False,False,True
49157f1e-ab23-4177-8cf1-39743a8250c9,3754237,1084,1,00:33:40.273,33,40,17,Pressure,66,22,Leicester City,From Goal Kick,22,Leicester City,3810.0,Shinji Okazaki,Right Center Forward,72.7,67.0,,,2.729595,False,,,,,,,False,,,,,,,False,False,left_to_right,False,72.7,67.0,,,False,False,False,False
e2ea0972-34e4-4f21-93d1-3ca72285fbee,3754237,1085,1,00:33:40.509,33,40,42,Ball Receipt*,66,22,Leicester City,From Goal Kick,22,Leicester City,3814.0,Riyad Mahrez,Left Midfield,72.7,67.6,,,,False,,,,,,,False,,,,,,,False,False,left_to_right,False,72.7,67.6,,,False,False,False,False
86dedd04-287a-495e-938f-dea57bcf9fdb,3754237,1086,1,00:33:40.509,33,40,2,Ball Recovery,67,41,Sunderland,Regular Play,41,Sunderland,4746.0,Younes Kaboul,Left Center Back,47.4,12.0,,,0.0,True,,,,,,,False,,,,,,,False,False,left_to_right,False,47.4,12.0,,,False,False,False,False
dc1405bd-f9e2-4a7b-a6ee-8cc9128a4fb4,3754237,1087,1,00:33:40.509,33,40,43,Carry,67,41,Sunderland,Regular Play,41,Sunderland,4746.0,Younes Kaboul,Left Center Back,47.4,12.0,70.2,6.3,3.469596,True,,,,,,,False,,,,,,,False,False,left_to_right,False,47.4,12.0,70.2,6.3,False,False,False,False
5613b163-5064-4a06-bf13-379991dad216,3754237,1088,1,00:33:43.198,33,43,17,Pressure,67,41,Sunderland,Regular Play,22,Leicester City,28782.0,Ritchie De Laet,Right Back,49.6,71.5,,,0.739804,False,,,,,,,False,,,,,,,False,False,left_to_right,False,49.6,71.5,,,False,False,False,False
5ab4f9dd-f660-481c-af6d-52e8eaa6f831,3754237,1089,1,00:33:43.978,33,43,14,Dribble,67,41,Sunderland,Regular Play,41,Sunderland,4746.0,Younes Kaboul,Left Center Back,70.2,6.3,,,0.0,True,,,,,,,False,,,,,,,False,False,left_to_right,False,70.2,6.3,,,False,False,False,False
3b6ccbc3-8511-410b-827d-8a4d78fca686,3754237,1090,1,00:33:43.978,33,43,4,Duel,67,41,Sunderland,Regular Play,22,Leicester City,28782.0,Ritchie De Laet,Right Back,49.9,73.8,,,0.0,True,,,,,,,False,,,,,,,False,False,left_to_right,False,49.9,73.8,,,False,False,False,False
f565602b-662d-4a0a-9d39-4f61113d654f,3754237,1091,1,00:33:56.449,33,56,30,Pass,68,41,Sunderland,From Throw In,41,Sunderland,3321.0,Patrick van Aanholt,Left Back,53.1,0.1,31.6,9.2,2.138,False,,,,,,,True,23.34652,2.7412002,Low Pass,Throw-in,4746.0,Younes Kaboul,False,False,left_to_right,False,53.1,0.1,31.6,9.2,False,False,False,False
924b6d10-c99d-467f-bb92-e89375aaa58e,3754237,1092,1,00:33:58.587,33,58,42,Ball Receipt*,68,41,Sunderland,From Throw In,41,Sunderland,4746.0,Younes Kaboul,Left Center Back,31.6,9.2,,,,False,,,,,,,False,,,,,,,False,False,left_to_right,False,31.6,9.2,,,False,False,False,False
55621964-49e3-4449-a60b-7ac9ad8c6520,3754237,1093,1,00:33:58.587,33,58,43,Carry,68,41,Sunderland,From Throw In,41,Sunderland,4746.0,Younes Kaboul,Left Center Back,31.6,9.2,33.9,10.6,1.540823,False,,,,,,,False,,,,,,,False,False,left_to_right,False,31.6,9.2,33.9,10.6,False,False,False,False
3c2384ea-5f59-4db6-9422-21904baafbe4,3754237,1094,1,00:34:00.128,34,0,30,Pass,68,41,Sunderland,From Throw In,41,Sunderland,4746.0,Younes Kaboul,Left Center Back,33.9,10.6,50.2,12.8,1.249779,False,,,,,,,True,16.447796,0.1341586,Ground Pass,,18751.0,Jack Rodwell,False,False,left_to_right,False,33.9,10.6,50.2,12.8,False,False,False,False
7a23f8a8-01b6-436b-bb01-4143cc3e94da,3754237,1095,1,00:34:01.378,34,1,42,Ball Receipt*,68,41,Sunderland,From Throw In,41,Sunderland,18751.0,Jack Rodwell,Left Center Midfield,50.2,12.8,,,,False,,,,,,,False,,,,,,,False,False,left_to_right,False,50.2,12.8,,,False,False,False,False
436667e1-2a08-4aeb-a117-052b62f827d0,3754237,1096,1,00:34:01.378,34,1,43,Carry,68,41,Sunderland,From Throw In,41,Sunderland,18751.0,Jack Rodwell,Left Center Midfield,50.2,12.8,50.2,12.8,0.08,False,,,,,,,False,,,,,,,False,False,left_to_right,False,50.2,12.8,50.2,12.8,False,False,False,False
a55d0627-040a-410b-8a6e-d567576eb571,3754237,1097,1,00:34:01.458,34,1,30,Pass,68,41,Sunderland,From Throw In,41,Sunderland,18751.0,Jack Rodwell,Left Center Midfield,50.2,12.8,35.0,14.8,1.419486,False,,,,,,,True,15.331015,3.0107653,Ground Pass,,4746.0,Younes Kaboul,False,False,left_to_right,False,50.2,12.8,35.0,14.8,False,False,False,False
bfd065b3-349d-4f09-a75b-619715469194,3754237,1098,1,00:34:02.877,34,2,42,Ball Receipt*,68,41,Sunderland,From Throw In,41,Sunderland,4746.0,Younes Kaboul,Left Center Back,35.0,14.8,,,,False,,,,,,,False,,,,,,,False,False,left_to_right,False,35.0,14.8,,,False,False,False,False
3709ab21-5d60-4830-8d68-c486f1cf8fd2,3754237,1099,1,00:34:02.877,34,2,43,Carry,68,41,Sunderland,From Throw In,41,Sunderland,4746.0,Younes Kaboul,Left Center Back,35.0,14.8,34.8,17.4,1.514512,False,,,,,,,False,,,,,,,False,False,left_to_right,False,35.0,14.8,34.8,17.4,False,False,False,False
80f7e813-bdd0-47d2-9cdb-464298582436,3754237,1100,1,00:34:04.392,34,4,30,Pass,68,41,Sunderland,From Throw In,41,Sunderland,4746.0,Younes Kaboul,Left Center Back,34.8,17.4,45.1,77.2,3.803081,False,,,,,,,True,60.680557,1.4002291,Ground Pass,,10503.0,Billy Jones,False,False,left_to_right,False,34.8,17.4,45.1,77.2,False,False,False,False
0a94eb44-ac56-4bad-b71c-4c436fe89431,3754237,1101,1,00:34:08.195,34,8,42,Ball Receipt*,68,41,Sunderland,From Throw In,41,Sunderland,10503.0,Billy Jones,Right Back,45.1,77.2,,,,False,,,,,,,False,,,,,,,False,False,left_to_right,False,45.1,77.2,,,False,False,False,False
958a59a0-7106-4361-8d61-982405734367,3754237,1102,1,00:34:08.195,34,8,43,Carry,68,41,Sunderland,From Throw In,41,Sunderland,10503.0,Billy Jones,Right Back,45.1,77.2,43.6,77.2,0.364446,False,,,,,,,False,,,,,,,False,False,left_to_right,False,45.1,77.2,43.6,77.2,False,False,False,False
85b3c5f4-60c6-42fa-a31d-55b45bb747e2,3754237,1103,1,00:34:08.559,34,8,30,Pass,68,41,Sunderland,From Throw In,41,Sunderland,10503.0,Billy Jones,Right Back,43.6,77.2,40.5,73.7,1.021702,False,,,,,,,True,4.675468,-2.2956624,Ground Pass,,6300.0,Sebastián Coates Nión,False,False,left_to_right,False,43.6,77.2,40.5,73.7,False,False,False,False
11890aa4-0664-4c1e-824d-5d8d56ce992b,3754237,1104,1,00:34:09.522,34,9,17,Pressure,68,41,Sunderland,From Throw In,22,Leicester City,10960.0,Jamie Vardy,Left Center Forward,81.7,9.4,,,0.570168,False,,,,,,,False,,,,,,,False,False,left_to_right,False,81.7,9.4,,,False,False,False,False
075eb19c-a100-4d81-9de4-f0da27510584,3754237,1105,1,00:34:09.581,34,9,42,Ball Receipt*,68,41,Sunderland,From Throw In,41,Sunderland,6300.0,Sebastián Coates Nión,Right Center Back,40.5,73.7,,,,True,,,,,,,False,,,,,,,False,False,left_to_right,False,40.5,73.7,,,False,False,False,False
4e9f9f01-dbe8-4d13-b4a0-17ff1f7686ea,3754237,1106,1,00:34:09.581,34,9,43,Carry,68,41,Sunderland,From Throw In,41,Sunderland,6300.0,Sebastián Coates Nión,Right Center Back,40.5,73.7,35.6,73.4,0.540676,True,,,,,,,False,,,,,,,False,False,left_to_right,False,40.5,73.7,35.6,73.4,False,False,False,False
e44babe2-7681-4969-b298-bee3e8a6397a,3754237,1107,1,00:34:10.122,34,10,30,Pass,68,41,Sunderland,From Throw In,41,Sunderland,6300.0,Sebastián Coates Nión,Right Center Back,35.6,73.4,14.7,49.2,3.150624,False,,,,,,,True,31.975773,-2.283154,Ground Pass,,6871.0,Costel Fane Pantilimon,False,False,left_to_right,False,35.6,73.4,14.7,49.2,False,False,False,False
09e7898e-6280-44d8-a2d3-b84c21375f44,3754237,1108,1,00:34:13.272,34,13,42,Ball Receipt*,68,41,Sunderland,From Throw In,41,Sunderland,6871.0,Costel Fane Pantilimon,Goalkeeper,14.7,49.2,,,,False,,,,,,,False,,,,,,,False,False,left_to_right,False,14.7,49.2,,,False,False,False,False
761cc06d-6baf-483f-99e1-3920f4bdfa73,3754237,1109,1,00:34:13.272,34,13,43,Carry,68,41,Sunderland,From Throw In,41,Sunderland,6871.0,Costel Fane Pantilimon,Goalkeeper,14.7,49.2,15.0,45.8,1.418083,False,,,,,,,False,,,,,,,False,False,left_to_right,False,14.7,49.2,15.0,45.8,False,False,False,False
68441281-13fc-43b7-bedc-5a355d141eaa,3754237,1110,1,00:34:14.690,34,14,30,Pass,68,41,Sunderland,From Throw In,41,Sunderland,6871.0,Costel Fane Pantilimon,Goalkeeper,15.0,45.8,23.0,26.9,1.715548,False,,,,,,,True,20.523401,-1.1703831,Ground Pass,,4746.0,Younes Kaboul,False,False,left_to_right,False,15.0,45.8,23.0,26.9,False,False,False,False
3a212e8b-ac85-4f97-947a-b9142d1717bd,3754237,1111,1,00:34:16.406,34,16,42,Ball Receipt*,68,41,Sunderland,From Throw In,41,Sunderland,4746.0,Younes Kaboul,Left Center Back,23.0,26.9,,,,False,,,,,,,False,,,,,,,False,False,left_to_right,False,23.0,26.9,,,False,False,False,False
94aa6c1d-b1a3-4996-a1e1-89455dce428c,3754237,1112,1,00:34:16.406,34,16,43,Carry,68,41,Sunderland,From Throw In,41,Sunderland,4746.0,Younes Kaboul,Left Center Back,23.0,26.9,35.0,33.7,6.906359,False,,,,,,,False,,,,,,,False,False,left_to_right,False,23.0,26.9,35.0,33.7,False,False,False,False
9a41e815-a738-4eb2-9089-de7f670c7dc9,3754237,1113,1,00:34:23.312,34,23,30,Pass,68,41,Sunderland,From Throw In,41,Sunderland,4746.0,Younes Kaboul,Left Center Back,35.0,33.7,88.5,80.0,4.289503,False,,,,,,Out,False,70.75267,0.71337867,High Pass,,9554.0,Steven Fletcher,False,False,left_to_right,False,35.0,33.7,88.5,80.0,False,True,True,True
d58ab120-dfb0-486a-9dd4-cbc77bcffafe,3754237,1114,1,00:34:27.602,34,27,42,Ball Receipt*,68,41,Sunderland,From Throw In,41,Sunderland,9554.0,Steven Fletcher,Center Defensive Midfield,85.1,78.0,,,,False,,,,,,,False,,,,,,,False,False,left_to_right,False,85.1,78.0,,,False,False,False,False
b1bf5fa2-ae0a-4b2f-8697-2b93a1719b33,3754237,1115,1,00:34:44.552,34,44,30,Pass,69,22,Leicester City,From Throw In,22,Leicester City,3520.0,Jeffrey Schlupp,Left Back,36.7,0.1,63.9,13.5,2.362506,False,,,,,,Incomplete,False,30.32161,0.45774797,High Pass,Throw-in,3810.0,Shinji Okazaki,False,False,left_to_right,False,36.7,0.1,63.9,13.5,False,True,False,True
305f67bf-c5e8-4dbf-a731-e05913399467,3754237,1116,1,00:34:46.915,34,46,42,Ball Receipt*,69,22,Leicester City,From Throw In,22,Leicester City,3810.0,Shinji Okazaki,Right Center Forward,57.6,10.9,,,,False,,,,,,,False,,,,,,,False,False,left_to_right,False,57.6,10.9,,,False,False,False,False
e9bea460-6ea2-438a-8e54-2087f6de5cad,3754237,1117,1,00:34:46.915,34,46,30,Pass,69,22,Leicester City,From Throw In,41,Sunderland,4746.0,Younes Kaboul,Left Center Back,56.2,66.6,50.2,65.8,1.450307,False,,,,,,Incomplete,False,6.053098,-3.009041,High Pass,Recovery,,,False,False,left_to_right,False,56.2,66.6,50.2,65.8,False,False,False,True
759e5d50-4e21-4255-8189-7fc8100a35e7,3754237,1118,1,00:34:48.365,34,48,30,Pass,69,22,Leicester City,From Throw In,22,Leicester City,10960.0,Jamie Vardy,Left Center Forward,69.9,14.3,76.5,48.3,3.335885,False,,,,,,Incomplete,False,34.634666,1.3790632,High Pass,Recovery,,,False,False,left_to_right,False,69.9,14.3,76.5,48.3,False,False,False,True
f2656333-5776-49e9-8b9f-82d50542454d,3754237,1119,1,00:34:51.701,34,51,30,Pass,70,41,Sunderland,Regular Play,41,Sunderland,3321.0,Patrick van Aanholt,Left Back,43.6,31.8,9.0,36.3,2.785222,False,,,,,,,True,34.891403,3.012261,Low Pass,Recovery,6871.0,Costel Fane Pantilimon,False,False,left_to_right,False,43.6,31.8,9.0,36.3,False,False,False,False
6cc25fc3-cc70-4117-9f64-10cb08f2e77a,3754237,1120,1,00:34:54.486,34,54,42,Ball Receipt*,70,41,Sunderland,Regular Play,41,Sunderland,6871.0,Costel Fane Pantilimon,Goalkeeper,9.0,36.3,,,,False,,,,,,,False,,,,,,,False,False,left_to_right,False,9.0,36.3,,,False,False,False,False
31863236-382d-47ea-a5a0-8d1e53ba75f5,3754237,1121,1,00:34:54.486,34,54,43,Carry,70,41,Sunderland,Regular Play,41,Sunderland,6871.0,Costel Fane Pantilimon,Goalkeeper,9.0,36.3,9.3,35.7,1.307283,False,,,,,,,False,,,,,,,False,False,left_to_right,False,9.0,36.3,9.3,35.7,False,False,False,False
fcc863fe-3dcf-4796-80ad-4f5623f5a921,3754237,1122,1,00:34:55.793,34,55,30,Pass,70,41,Sunderland,Regular Play,41,Sunderland,6871.0,Costel Fane Pantilimon,Goalkeeper,9.3,35.7,26.2,27.7,1.93565,False,,,,,,,True,18.69786,-0.44211984,Ground Pass,,4746.0,Younes Kaboul,False,False,left_to_right,False,9.3,35.7,26.2,27.7,False,False,False,False
fd680c38-1fab-4cad-8c98-e7087a7083b0,3754237,1123,1,00:34:57.729,34,57,42,Ball Receipt*,70,41,Sunderland,Regular Play,41,Sunderland,4746.0,Younes Kaboul,Left Center Back,26.2,27.7,,,,False,,,,,,,False,,,,,,,False,False,left_to_right,False,26.2,27.7,,,False,False,False,False
0fbfd206-b880-48d2-bd3f-94d02feebc78,3754237,1124,1,00:34:57.729,34,57,43,Carry,70,41,Sunderland,Regular Play,41,Sunderland,4746.0,Younes Kaboul,Left Center Back,26.2,27.7,33.7,30.0,3.983561,False,,,,,,,False,,,,,,,False,False,left_to_right,False,26.2,27.7,33.7,30.0,False,False,False,False
2f4ce616-8efe-4491-b47f-fb2a4954f5a3,3754237,1125,1,00:35:01.713,35,1,30,Pass,70,41,Sunderland,Regular Play,41,Sunderland,4746.0,Younes Kaboul,Left Center Back,33.7,30.0,47.1,39.1,1.126916,False,,,,,,,True,16.19784,0.59656405,Ground Pass,,5617.0,Sebastian Larsson,False,False,left_to_right,False,33.7,30.0,47.1,39.1,False,False,False,False
ef926b0f-865d-401a-a883-d4267fbc031e,3754237,1126,1,00:35:02.701,35,2,17,Pressure,70,41,Sunderland,Regular Play,22,Leicester City,3662.0,Danny Drinkwater,Left Center Midfield,71.3,40.7,,,0.215334,False,,,,,,,False,,,,,,,False,False,left_to_right,False,71.3,40.7,,,False,False,False,False
7f8b8b83-6944-4944-9bbb-ef9569e64eb3,3754237,1127,1,00:35:02.839,35,2,42,Ball Receipt*,70,41,Sunderland,Regular Play,41,Sunderland,5617.0,Sebastian Larsson,Right Center Midfield,47.1,39.1,,,,True,,,,,,,False,,,,,,,False,False,left_to_right,False,47.1,39.1,,,False,False,False,False
d8aab060-2847-48ba-8713-1d8a8191300c,3754237,1128,1,00:35:02.839,35,2,43,Carry,70,41,Sunderland,Regular Play,41,Sunderland,5617.0,Sebastian Larsson,Right Center Midfield,47.1,39.1,47.1,37.7,0.049005,True,,,,,,,False,,,,,,,False,False,left_to_right,False,47.1,39.1,47.1,37.7,False,False,False,False
fed8f6a2-63cb-49cd-865c-e970834513a8,3754237,1129,1,00:35:02.888,35,2,30,Pass,70,41,Sunderland,Regular Play,41,Sunderland,5617.0,Sebastian Larsson,Right Center Midfield,47.1,37.7,33.9,32.6,1.479591,True,,,,,,,True,14.150971,-2.7728968,Ground Pass,,4746.0,Younes Kaboul,False,False,left_to_right,False,47.1,37.7,33.9,32.6,False,False,False,False
4b48613d-6ac5-47cd-ad36-1729a3e39eb7,3754237,1130,1,00:35:04.368,35,4,42,Ball Receipt*,70,41,Sunderland,Regular Play,41,Sunderland,4746.0,Younes Kaboul,Left Center Back,33.9,32.6,,,,False,,,,,,,False,,,,,,,False,False,left_to_right,False,33.9,32.6,,,False,False,False,False
28f1d832-917a-4a99-929e-4d087acdc5f3,3754237,1131,1,00:35:04.368,35,4,43,Carry,70,41,Sunderland,Regular Play,41,Sunderland,4746.0,Younes Kaboul,Left Center Back,33.9,32.6,37.3,33.4,2.711884,False,,,,,,,False,,,,,,,False,False,left_to_right,False,33.9,32.6,37.3,33.4,False,False,False,False
f31a784e-9cce-4913-a68f-c23723f9713f,3754237,1132,1,00:35:07.080,35,7,30,Pass,70,41,Sunderland,Regular Play,41,Sunderland,4746.0,Younes Kaboul,Left Center Back,37.3,33.4,36.1,64.0,2.559412,False,,,,,,,True,30.62352,1.6099919,Ground Pass,,6300.0,Sebastián Coates Nión,False,False,left_to_right,False,37.3,33.4,36.1,64.0,False,False,False,False
674a8397-376b-473e-837b-c7ee9ebf8618,3754237,1133,1,00:35:09.639,35,9,42,Ball Receipt*,70,41,Sunderland,Regular Play,41,Sunderland,6300.0,Sebastián Coates Nión,Right Center Back,36.1,64.0,,,,False,,,,,,,False,,,,,,,False,False,left_to_right,False,36.1,64.0,,,False,False,False,False
d18f9bac-4a3c-42b3-9c0c-9d4f3a3e2c91,3754237,1134,1,00:35:09.639,35,9,43,Carry,70,41,Sunderland,Regular Play,41,Sunderland,6300.0,Sebastián Coates Nión,Right Center Back,36.1,64.0,41.9,64.9,2.877631,False,,,,,,,False,,,,,,,False,False,left_to_right,False,36.1,64.0,41.9,64.9,False,False,False,False
a8dca89a-0bfe-4fbf-b1f6-e1df682870ac,3754237,1135,1,00:35:12.517,35,12,30,Pass,70,41,Sunderland,Regular Play,41,Sunderland,6300.0,Sebastián Coates Nión,Right Center Back,41.9,64.9,115.7,59.7,4.337723,False,,,,,,Incomplete,False,73.98297,-0.07034445,High Pass,,,,False,False,left_to_right,False,41.9,64.9,115.7,59.7,False,True,True,True
0e2c4443-60cd-4fc6-8817-fe91d89beb89,3754237,1136,1,00:35:16.855,35,16,2,Ball Recovery,70,41,Sunderland,Regular Play,22,Leicester City,3815.0,Kasper Schmeichel,Goalkeeper,4.4,20.4,,,0.0,False,,,,,,,False,,,,,,,False,False,left_to_right,False,4.4,20.4,,,False,False,False,False
850d1345-be33-4423-8dc8-305399632431,3754237,1137,1,00:35:16.855,35,16,43,Carry,70,41,Sunderland,Regular Play,22,Leicester City,3815.0,Kasper Schmeichel,Goalkeeper,4.4,20.4,19.0,43.0,20.582632,False,,,,,,,False,,,,,,,False,False,left_to_right,False,4.4,20.4,19.0,43.0,False,False,False,False
58ac9f0f-716c-4db2-9cb7-10ab19992e00,3754237,1138,1,00:35:37.437,35,37,30,Pass,70,41,Sunderland,Regular Play,22,Leicester City,3815.0,Kasper Schmeichel,Goalkeeper,19.0,43.0,81.1,19.8,3.324661,False,,,,,,Incomplete,False,66.29216,-0.3575348,High Pass,,,,False,False,left_to_right,False,19.0,43.0,81.1,19.8,False,True,True,True
9fc4297c-b095-44b6-a855-71c17d4e6b65,3754237,1139,1,00:35:40.762,35,40,4,Duel,70,41,Sunderland,Regular Play,22,Leicester City,3307.0,Marc Albrighton,Right Midfield,81.1,19.8,,,0.0,True,,,,,,,False,,,,,,,False,False,left_to_right,False,81.1,19.8,,,False,False,False,False
6db28395-cfb7-40af-a466-3863e3a4abd9,3754237,1140,1,00:35:40.762,35,40,30,Pass,70,41,Sunderland,Regular Play,41,Sunderland,10503.0,Billy Jones,Right Back,39.0,60.3,49.1,47.8,2.221636,True,,,,,,,True,16.070469,-0.8911963,High Pass,Recovery,18751.0,Jack Rodwell,False,False,left_to_right,False,39.0,60.3,49.1,47.8,False,False,False,False
12ddb05b-4261-4ce7-9396-72f1c5002664,3754237,1141,1,00:35:42.984,35,42,42,Ball Receipt*,70,41,Sunderland,Regular Play,41,Sunderland,18751.0,Jack Rodwell,Left Center Midfield,49.1,47.8,,,,False,,,,,,,False,,,,,,,False,False,left_to_right,False,49.1,47.8,,,False,False,False,False
925d3498-379f-43f5-af82-4fc6dfe1ec0f,3754237,1142,1,00:35:43.034,35,43,4,Duel,70,41,Sunderland,Regular Play,22,Leicester City,3665.0,Andrew Philip King,Right Center Midfield,71.0,32.3,,,0.0,True,,,,,,,False,,,,,,,False,False,left_to_right,False,71.0,32.3,,,False,False,False,False
b93cfe91-7df7-4802-9c27-d44fd133c622,3754237,1143,1,00:35:43.034,35,43,30,Pass,70,41,Sunderland,Regular Play,41,Sunderland,18751.0,Jack Rodwell,Left Center Midfield,49.1,47.8,55.6,63.2,1.933581,True,,,,,,Incomplete,False,16.71556,1.1714033,High Pass,,,,False,False,left_to_right,False,49.1,47.8,55.6,63.2,False,False,False,True
1bfa3819-b03a-4b6a-b4b7-b7b39a510647,3754237,1144,1,00:35:44.968,35,44,30,Pass,70,41,Sunderland,Regular Play,22,Leicester City,3520.0,Jeffrey Schlupp,Left Back,64.5,16.9,78.8,7.7,1.810751,False,,,,,,Incomplete,False,17.003822,-0.57169086,Low Pass,Recovery,,,False,False,left_to_right,False,64.5,16.9,78.8,7.7,False,False,False,True
bb988c67-8dc0-4f04-86c7-9091d2670464,3754237,1145,1,00:35:46.779,35,46,30,Pass,70,41,Sunderland,Regular Play,41,Sunderland,10503.0,Billy Jones,Right Back,41.3,72.4,60.5,66.9,1.494947,False,,,,,,Incomplete,False,19.97223,-0.2789874,Low Pass,Recovery,42902.0,Adam Johnson,False,False,left_to_right,False,41.3,72.4,60.5,66.9,False,False,False,True
13158502-0c5a-48b5-9e90-aa7f9b05b6cc,3754237,1146,1,00:35:48.274,35,48,42,Ball Receipt*,70,41,Sunderland,Regular Play,41,Sunderland,42902.0,Adam Johnson,Right Midfield,57.6,66.9,,,,False,,,,,,,False,,,,,,,False,False,left_to_right,False,57.6,66.9,,,False,False,False,False
db7d0f5b-90fc-4aeb-8054-5dc951fe83c2,3754237,1147,1,00:35:48.274,35,48,2,Ball Recovery,70,41,Sunderland,Regular Play,22,Leicester City,3662.0,Danny Drinkwater,Left Center Midfield,59.6,13.2,,,0.0,False,,,,,,,False,,,,,,,False,False,left_to_right,False,59.6,13.2,,,False,False,False,False
480dc144-a296-4c7a-8258-5bb7702e33ce,3754237,1148,1,00:35:48.274,35,48,43,Carry,70,41,Sunderland,Regular Play,22,Leicester City,3662.0,Danny Drinkwater,Left Center Midfield,59.6,13.2,50.4,8.0,2.44,False,,,,,,,False,,,,,,,False,False,left_to_right,False,59.6,13.2,50.4,8.0,False,False,False,False
ee25e8e6-a3eb-4dec-8440-1c381b5aac26,3754237,1149,1,00:35:50.714,35,50,30,Pass,70,41,Sunderland,Regular Play,22,Leicester City,3662.0,Danny Drinkwater,Left Center Midfield,50.4,8.0,42.8,10.0,0.89149,False,,,,,,,True,7.858753,2.884269,Ground Pass,,3813.0,Wes Morgan,False,False,left_to_right,False,50.4,8.0,42.8,10.0,False,False,False,False
e49249a1-58d3-437f-ba26-cd63bcbc6519,3754237,1150,1,00:35:51.547,35,51,17,Pressure,70,41,Sunderland,Regular Play,41,Sunderland,3337.0,Jermain Defoe,Center Forward,76.2,69.2,,,0.685947,False,,,,,,,False,,,,,,,False,False,left_to_right,False,76.2,69.2,,,False,False,False,False
1b3a7191-66de-4ddb-8b9f-8ff9e08619b4,3754237,1151,1,00:35:51.605,35,51,42,Ball Receipt*,70,41,Sunderland,Regular Play,22,Leicester City,3813.0,Wes Morgan,Left Center Back,42.8,10.0,,,,True,,,,,,,False,,,,,,,False,False,left_to_right,False,42.8,10.0,,,False,False,False,False
8edb2086-9290-458a-951a-d5359e35c6f1,3754237,1152,1,00:35:51.605,35,51,43,Carry,70,41,Sunderland,Regular Play,22,Leicester City,3813.0,Wes Morgan,Left Center Back,42.8,10.0,43.6,6.4,0.565686,True,,,,,,,False,,,,,,,False,False,left_to_right,False,42.8,10.0,43.6,6.4,False,False,False,False
c3ed3ba1-8824-4159-b721-0e406747c17a,3754237,1153,1,00:35:52.171,35,52,30,Pass,70,41,Sunderland,Regular Play,22,Leicester City,3813.0,Wes Morgan,Left Center Back,43.6,6.4,53.3,8.0,1.817716,True,,,,,,Incomplete,False,9.831073,0.16347644,Low Pass,,,,False,False,left_to_right,False,43.6,6.4,53.3,8.0,False,False,False,True
995f7235-0947-4841-8b25-dfcfa914c167,3754237,1154,1,00:35:53.629,35,53,17,Pressure,70,41,Sunderland,Regular Play,41,Sunderland,5617.0,Sebastian Larsson,Right Center Midfield,66.5,72.4,,,0.493919,False,,,,,,,False,,,,,,,False,False,left_to_right,False,66.5,72.4,,,False,False,False,False
f3e98959-b199-492d-a3a8-f471c91a61f6,3754237,1155,1,00:35:53.989,35,53,2,Ball Recovery,70,41,Sunderland,Regular Play,41,Sunderland,5617.0,Sebastian Larsson,Right Center Midfield,66.8,72.1,,,0.0,False,,,,,,,False,,,,,,,False,False,left_to_right,False,66.8,72.1,,,False,False,False,False
25c4a5b7-80a0-48fa-8dc9-0902b0ff7baf,3754237,1156,1,00:35:53.989,35,53,43,Carry,70,41,Sunderland,Regular Play,41,Sunderland,5617.0,Sebastian Larsson,Right Center Midfield,66.8,72.1,66.5,71.8,0.106275,False,,,,,,,False,,,,,,,False,False,left_to_right,False,66.8,72.1,66.5,71.8,False,False,False,False
9a80aeab-954e-4daf-b93e-833148d471da,3754237,1157,1,00:35:54.095,35,54,3,Dispossessed,70,41,Sunderland,Regular Play,41,Sunderland,5617.0,Sebastian Larsson,Right Center Midfield,66.5,71.8,,,0.0,True,,,,,,,False,,,,,,,False,False,left_to_right,False,66.5,71.8,,,False,False,False,True
874f94b7-234c-4dcc-b667-f8fdb79f3afd,3754237,1158,1,00:35:54.095,35,54,4,Duel,70,41,Sunderland,Regular Play,22,Leicester City,3662.0,Danny Drinkwater,Left Center Midfield,53.6,8.3,,,0.0,True,,,,,,,False,,,,,,,False,False,left_to_right,False,53.6,8.3,,,False,False,False,False
cf585149-9190-4b54-8794-619ebc3d9ad7,3754237,1159,1,00:35:54.750,35,54,30,Pass,70,41,Sunderland,Regular Play,41,Sunderland,10503.0,Billy Jones,Right Back,62.5,71.2,71.1,76.9,1.461437,False,,,,,,,True,10.317461,0.58531445,High Pass,Recovery,42902.0,Adam Johnson,False,False,left_to_right,False,62.5,71.2,71.1,76.9,False,False,False,False
bdfb5506-f388-4af3-b4a3-4ad63e2145b6,3754237,1160,1,00:35:56.212,35,56,42,Ball Receipt*,70,41,Sunderland,Regular Play,41,Sunderland,42902.0,Adam Johnson,Right Midfield,71.1,76.9,,,,False,,,,,,,False,,,,,,,False,False,left_to_right,False,71.1,76.9,,,False,False,False,False
068fb37d-c8f2-49bb-b4d1-612161bd17fa,3754237,1161,1,00:35:56.212,35,56,43,Carry,70,41,Sunderland,Regular Play,41,Sunderland,42902.0,Adam Johnson,Right Midfield,71.1,76.9,74.3,77.2,0.023330001,False,,,,,,,False,,,,,,,False,False,left_to_right,False,71.1,76.9,74.3,77.2,False,False,False,False
eb673ddc-6b99-400a-a0ee-1e67190c3be6,3754237,1162,1,00:35:56.235,35,56,30,Pass,70,41,Sunderland,Regular Play,41,Sunderland,42902.0,Adam Johnson,Right Midfield,74.3,77.2,76.5,70.9,0.794188,False,,,,,,,True,6.6730804,-1.2348287,Low Pass,,3337.0,Jermain Defoe,False,False,left_to_right,False,74.3,77.2,76.5,70.9,False,False,False,False
62ada348-05cd-4521-8b17-883661c42cae,3754237,1163,1,00:35:57.029,35,57,42,Ball Receipt*,70,41,Sunderland,Regular Play,41,Sunderland,3337.0,Jermain Defoe,Center Forward,76.5,70.9,,,,False,,,,,,,False,,,,,,,False,False,left_to_right,False,76.5,70.9,,,False,False,False,False
4a9d7090-caf7-4da2-b7d2-cade24ff2afc,3754237,1164,1,00:35:57.029,35,57,43,Carry,70,41,Sunderland,Regular Play,41,Sunderland,3337.0,Jermain Defoe,Center Forward,76.5,70.9,76.8,71.2,0.89562,True,,,,,,,False,,,,,,,False,False,left_to_right,False,76.5,70.9,76.8,71.2,False,False,False,False
77e81621-899c-46da-b9cb-67d49bb5c1f3,3754237,1165,1,00:35:57.102,35,57,17,Pressure,70,41,Sunderland,Regular Play,22,Leicester City,3813.0,Wes Morgan,Left Center Back,43.3,8.9,,,0.525988,False,,,,,,,False,,,,,,,False,False,left_to_right,False,43.3,8.9,,,False,False,False,False
a580cd38-62ce-498e-8772-d2f18c358eee,3754237,1166,1,00:35:57.925,35,57,22,Foul Committed,70,41,Sunderland,Regular Play,22,Leicester City,3813.0,Wes Morgan,Left Center Back,43.3,8.9,,,0.0,False,,,,,,,False,,,,,,,False,False,left_to_right,False,43.3,8.9,,,False,False,False,False
dbf08733-f2b0-47b7-921b-f59a7bf017ce,3754237,1167,1,00:35:57.925,35,57,21,Foul Won,70,41,Sunderland,Regular Play,41,Sunderland,3337.0,Jermain Defoe,Center Forward,76.8,71.2,,,0.0,True,,,,,,,False,,,,,,,False,False,left_to_right,False,76.8,71.2,,,False,False,False,False
8e92e3ea-737c-4dfb-a6aa-6f24ecbda7af,3754237,1168,1,00:36:07.478,36,7,30,Pass,71,41,Sunderland,From Free Kick,41,Sunderland,10503.0,Billy Jones,Right Back,69.1,78.0,53.7,60.3,2.02519,False,,,,,,,True,23.46167,-2.2868197,Ground Pass,Free Kick,6300.0,Sebastián Coates Nión,False,False,left_to_right,False,69.1,78.0,53.7,60.3,False,False,False,False
99daa6ce-8b66-4ea2-ac8a-72b1bfea27e5,3754237,1169,1,00:36:09.503,36,9,42,Ball Receipt*,71,41,Sunderland,From Free Kick,41,Sunderland,6300.0,Sebastián Coates Nión,Right Center Back,53.7,60.3,,,,False,,,,,,,False,,,,,,,False,False,left_to_right,False,53.7,60.3,,,False,False,False,False
d6390ad6-3cc5-4d0c-aae7-0ee0cc71a794,3754237,1170,1,00:36:09.503,36,9,43,Carry,71,41,Sunderland,From Free Kick,41,Sunderland,6300.0,Sebastián Coates Nión,Right Center Back,53.7,60.3,52.5,59.7,4.335502,False,,,,,,,False,,,,,,,False,False,left_to_right,False,53.7,60.3,52.5,59.7,False,False,False,False
2b0f0d4c-5a84-4a92-8b96-15868ab619d6,3754237,1171,1,00:36:13.839,36,13,30,Pass,71,41,Sunderland,From Free Kick,41,Sunderland,6300.0,Sebastián Coates Nión,Right Center Back,52.5,59.7,64.5,74.3,1.682119,False,,,,,,,True,18.898678,0.882833,Ground Pass,,10503.0,Billy Jones,False,False,left_to_right,False,52.5,59.7,64.5,74.3,False,False,False,False
c20e1d62-dd77-4ec9-a49a-b69802ccf4de,3754237,1172,1,00:36:15.521,36,15,42,Ball Receipt*,71,41,Sunderland,From Free Kick,41,Sunderland,10503.0,Billy Jones,Right Back,64.5,74.3,,,,False,,,,,,,False,,,,,,,False,False,left_to_right,False,64.5,74.3,,,False,False,False,False
fc8f13f9-5331-4dc3-a028-2d3f7fd33a9f,3754237,1173,1,00:36:15.521,36,15,43,Carry,71,41,Sunderland,From Free Kick,41,Sunderland,10503.0,Billy Jones,Right Back,64.5,74.3,60.5,70.9,1.388054,True,,,,,,,False,,,,,,,False,False,left_to_right,False,64.5,74.3,60.5,70.9,False,False,False,False
2d7069bf-7428-4c14-a165-282195b45d3f,3754237,1174,1,00:36:16.539,36,16,17,Pressure,71,41,Sunderland,From Free Kick,22,Leicester City,3307.0,Marc Albrighton,Right Midfield,57.3,6.9,,,0.449917,False,,,,,,,False,,,,,,,False,False,left_to_right,False,57.3,6.9,,,False,False,False,False
2535b121-5011-40f4-8adb-19fe8506ec05,3754237,1175,1,00:36:16.909,36,16,30,Pass,71,41,Sunderland,From Free Kick,41,Sunderland,10503.0,Billy Jones,Right Back,60.5,70.9,101.1,18.8,3.127841,True,,,,,,,True,66.05127,-0.90882367,High Pass,,16457.0,Jeremain Lens,False,False,left_to_right,False,60.5,70.9,101.1,18.8,False,True,True,False
29a4bd28-2911-44e7-8a9a-0bdf4262ad46,3754237,1176,1,00:36:20.037,36,20,42,Ball Receipt*,71,41,Sunderland,From Free Kick,41,Sunderland,16457.0,Jeremain Lens,Left Midfield,101.1,18.8,,,,False,,,,,,,False,,,,,,,False,False,left_to_right,False,101.1,18.8,,,False,False,False,False
7b99ef6a-a4aa-41b4-a7e8-45ccb3ffae62,3754237,1177,1,00:36:20.037,36,20,43,Carry,71,41,Sunderland,From Free Kick,41,Sunderland,16457.0,Jeremain Lens,Left Midfield,101.1,18.8,106.8,14.5,1.028517,False,,,,,,,False,,,,,,,False,False,left_to_right,False,101.1,18.8,106.8,14.5,False,False,False,False
6e8191b9-be84-4e0d-b2f9-c54fbff363db,3754237,1178,1,00:36:20.789,36,20,9,Clearance,71,41,Sunderland,From Free Kick,22,Leicester City,28782.0,Ritchie De Laet,Right Back,13.6,66.7,,,0.0,True,,,,,,,False,,,,,,,False,False,left_to_right,False,13.6,66.7,,,False,False,False,False
e7bd030e-4262-4756-847e-89065695412d,3754237,1179,1,00:36:21.065,36,21,38,Miscontrol,71,41,Sunderland,From Free Kick,41,Sunderland,16457.0,Jeremain Lens,Left Midfield,106.8,14.5,,,0.0,False,,,,,,,False,,,,,,,False,False,left_to_right,False,106.8,14.5,,,False,False,False,True
edc612c2-79aa-44d3-b844-74d40286654e,3754237,1180,1,00:36:26.634,36,26,30,Pass,72,41,Sunderland,From Throw In,41,Sunderland,3321.0,Patrick van Aanholt,Left Back,96.0,0.1,108.8,9.5,1.020836,False,,,,,,,True,15.880806,0.6334259,Low Pass,Throw-in,16457.0,Jeremain Lens,False,False,left_to_right,False,96.0,0.1,108.8,9.5,False,True,False,False
1cde6a35-8ec4-4275-ba96-516f36d8e795,3754237,1181,1,00:36:27.654,36,27,42,Ball Receipt*,72,41,Sunderland,From Throw In,41,Sunderland,16457.0,Jeremain Lens,Left Midfield,108.8,9.5,,,,False,,,,,,,False,,,,,,,False,False,left_to_right,False,108.8,9.5,,,False,False,False,False
dbe42130-3a26-4227-9cec-03b01c3f63bb,3754237,1182,1,00:36:27.654,36,27,43,Carry,72,41,Sunderland,From Throw In,41,Sunderland,16457.0,Jeremain Lens,Left Midfield,108.8,9.5,113.1,10.3,1.908853,True,,,,,,,False,,,,,,,False,False,left_to_right,False,108.8,9.5,113.1,10.3,False,False,False,False
e3c3b882-13c0-4ae6-a30e-17d6bfe56180,3754237,1183,1,00:36:27.810,36,27,17,Pressure,72,41,Sunderland,From Throw In,22,Leicester City,28782.0,Ritchie De Laet,Right Back,9.5,69.8,,,1.713544,False,,,,,,,False,,,,,,,False,False,left_to_right,False,9.5,69.8,,,False,False,False,False
71d052e3-b033-45d4-84dc-b57f82d00b5d,3754237,1184,1,00:36:29.563,36,29,3,Dispossessed,72,41,Sunderland,From Throw In,41,Sunderland,16457.0,Jeremain Lens,Left Midfield,113.1,10.3,,,0.0,True,,,,,,,False,,,,,,,False,False,left_to_right,False,113.1,10.3,,,False,False,False,True
c04ac77f-58f1-47a3-9f72-20c573bfb8ab,3754237,1185,1,00:36:29.563,36,29,4,Duel,72,41,Sunderland,From Throw In,22,Leicester City,28782.0,Ritchie De Laet,Right Back,7.0,69.8,,,0.0,True,,,,,,,False,,,,,,,False,False,left_to_right,False,7.0,69.8,,,False,False,False,False
8a4890b3-6265-44dc-b784-a3f6ca172fe8,3754237,1186,1,00:36:54.851,36,54,30,Pass,73,41,Sunderland,From Corner,41,Sunderland,5617.0,Sebastian Larsson,Right Center Midfield,120.0,0.1,111.1,34.0,1.416117,False,,,,,,,True,35.048824,1.8275392,High Pass,Corner,18751.0,Jack Rodwell,False,False,left_to_right,False,120.0,0.1,111.1,34.0,False,True,False,False
aeb40af4-ac77-448f-a899-9c92000a5ac4,3754237,1187,1,00:36:56.267,36,56,42,Ball Receipt*,73,41,Sunderland,From Corner,41,Sunderland,18751.0,Jack Rodwell,Left Center Midfield,111.1,34.0,,,,False,,,,,,,False,,,,,,,False,False,left_to_right,False,111.1,34.0,,,False,False,False,False
78cf02cc-f2e0-45a0-876d-dd82b4d9a86f,3754237,1188,1,00:36:56.347,36,56,4,Duel,73,41,Sunderland,From Corner,22,Leicester City,28782.0,Ritchie De Laet,Right Back,9.0,46.1,,,0.0,True,,,,,,,False,,,,,,,False,False,left_to_right,False,9.0,46.1,,,False,False,False,False
6ffa9c6c-0a1c-4e90-adc6-32873ac3e3b7,3754237,1189,1,00:36:56.347,36,56,38,Miscontrol,73,41,Sunderland,From Corner,41,Sunderland,18751.0,Jack Rodwell,Left Center Midfield,111.1,34.0,,,0.0,True,,,,,,,False,,,,,,,False,False,left_to_right,False,111.1,34.0,,,False,False,False,True
55075097-4e2c-4d33-8396-b6d4c8743294,3754237,1190,1,00:37:00.072,37,0,30,Pass,74,22,Leicester City,Regular Play,22,Leicester City,3810.0,Shinji Okazaki,Right Center Forward,20.2,63.6,29.3,59.8,2.046446,False,,,,,,,True,9.861542,-0.39557114,Low Pass,Recovery,3814.0,Riyad Mahrez,False,False,left_to_right,False,20.2,63.6,29.3,59.8,False,False,False,False
c1fb1be3-436b-4faa-9814-9abb0754f430,3754237,1191,1,00:37:02.118,37,2,42,Ball Receipt*,74,22,Leicester City,Regular Play,22,Leicester City,3814.0,Riyad Mahrez,Left Midfield,29.3,59.8,,,,False,,,,,,,False,,,,,,,False,False,left_to_right,False,29.3,59.8,,,False,False,False,False
63c74884-eab9-444e-ae8d-fc9288b8a9f9,3754237,1192,1,00:37:02.118,37,2,43,Carry,74,22,Leicester City,Regular Play,22,Leicester City,3814.0,Riyad Mahrez,Left Midfield,29.3,59.8,49.9,57.9,2.648807,True,,,,,,,False,,,,,,,False,False,left_to_right,False,29.3,59.8,49.9,57.9,False,False,False,False
f92b05bb-ad65-4412-ae72-0507ab164253,3754237,1193,1,00:37:04.475,37,4,17,Pressure,74,22,Leicester City,Regular Play,41,Sunderland,10503.0,Billy Jones,Right Back,71.7,23.1,,,0.385191,False,,,,,,,False,,,,,,,False,False,left_to_right,False,71.7,23.1,,,False,False,False,False
5a64fca3-dc52-4b2d-82be-3c381e58e78f,3754237,1194,1,00:37:04.767,37,4,22,Foul Committed,74,22,Leicester City,Regular Play,41,Sunderland,10503.0,Billy Jones,Right Back,70.2,22.2,,,0.0,False,,,,,,,False,,,,,,,False,False,left_to_right,False,70.2,22.2,,,False,False,False,False
6c960454-3019-41e4-9e76-d9d24f482df6,3754237,1195,1,00:37:04.767,37,4,21,Foul Won,74,22,Leicester City,Regular Play,22,Leicester City,3814.0,Riyad Mahrez,Left Midfield,49.9,57.9,,,0.0,True,,,,,,,False,,,,,,,False,False,left_to_right,False,49.9,57.9,,,False,False,False,False
3f7a69db-fd54-45f2-90a9-ec6fdbf0c38f,3754237,1196,1,00:37:04.767,37,4,43,Carry,74,22,Leicester City,Regular Play,22,Leicester City,3814.0,Riyad Mahrez,Left Midfield,49.9,57.9,49.7,52.6,0.080004,True,,,,,,,False,,,,,,,False,False,left_to_right,False,49.9,57.9,49.7,52.6,False,False,False,False
77c04ed0-ca4c-44b0-9fd8-68c0adf709bf,3754237,1197,1,00:37:04.847,37,4,30,Pass,74,22,Leicester City,Regular Play,22,Leicester City,3814.0,Riyad Mahrez,Left Midfield,49.7,52.6,75.1,25.9,2.530023,True,,,,,,,True,36.85173,-0.810345,Ground Pass,,10960.0,Jamie Vardy,False,False,left_to_right,False,49.7,52.6,75.1,25.9,False,True,False,False
bee680cc-94f2-4866-856e-e04257f143d9,3754237,1198,1,00:37:07.377,37,7,42,Ball Receipt*,74,22,Leicester City,Regular Play,22,Leicester City,10960.0,Jamie Vardy,Left Center Forward,75.1,25.9,,,,False,,,,,,,False,,,,,,,False,False,left_to_right,False,75.1,25.9,,,False,False,False,False
e132275f-b9a7-41dc-bd5c-5d08f28d3c0d,3754237,1199,1,00:37:07.377,37,7,43,Carry,74,22,Leicester City,Regular Play,22,Leicester City,10960.0,Jamie Vardy,Left Center Forward,75.1,25.9,77.4,23.8,0.834003,False,,,,,,,False,,,,,,,False,False,left_to_right,False,75.1,25.9,77.4,23.8,False,False,False,False
6655b245-6068-4e1c-84eb-8c700d8f6a70,3754237,1200,1,00:37:08.211,37,8,30,Pass,74,22,Leicester City,Regular Play,22,Leicester City,10960.0,Jamie Vardy,Left Center Forward,77.4,23.8,101.2,22.7,2.186523,False,,,,,,Incomplete,False,23.825407,-0.04618562,Ground Pass,,3520.0,Jeffrey Schlupp,False,False,left_to_right,False,77.4,23.8,101.2,22.7,False,True,True,True
ccc23789-8537-4e6c-ae0b-abce32ba2e51,3754237,1201,1,00:37:09.938,37,9,17,Pressure,74,22,Leicester City,Regular Play,22,Leicester City,3520.0,Jeffrey Schlupp,Left Back,99.1,25.0,,,0.451314,False,,,,,,,False,,,,,,,False,False,left_to_right,False,99.1,25.0,,,False,False,False,False
f18eb298-4970-4739-889e-319d436273d6,3754237,1202,1,00:37:10.398,37,10,42,Ball Receipt*,74,22,Leicester City,Regular Play,22,Leicester City,3520.0,Jeffrey Schlupp,Left Back,99.1,25.4,,,,False,,,,,,,False,,,,,,,False,False,left_to_right,False,99.1,25.4,,,False,False,False,False
a7282a9e-8397-4fc7-9f63-556d402b067f,3754237,1203,1,00:37:10.398,37,10,30,Pass,75,41,Sunderland,Regular Play,41,Sunderland,6300.0,Sebastián Coates Nión,Right Center Back,18.9,57.4,4.9,41.8,1.723796,False,,,,,,,True,20.960917,-2.302193,Ground Pass,Interception,6871.0,Costel Fane Pantilimon,False,False,left_to_right,False,18.9,57.4,4.9,41.8,False,False,False,False
d2540281-8097-4438-83be-450cac03cec4,3754237,1204,1,00:37:12.121,37,12,42,Ball Receipt*,75,41,Sunderland,Regular Play,41,Sunderland,6871.0,Costel Fane Pantilimon,Goalkeeper,4.9,41.8,,,,False,,,,,,,False,,,,,,,False,False,left_to_right,False,4.9,41.8,,,False,False,False,False
7c5432c0-63d1-4364-ad63-5ceecb7395b4,3754237,1205,1,00:37:12.121,37,12,43,Carry,75,41,Sunderland,Regular Play,41,Sunderland,6871.0,Costel Fane Pantilimon,Goalkeeper,4.9,41.8,3.3,45.4,1.198385,True,,,,,,,False,,,,,,,False,False,left_to_right,False,4.9,41.8,3.3,45.4,False,False,False,False
12e51d43-feb3-4316-bebe-4f6ab2efb3d7,3754237,1206,1,00:37:12.607,37,12,17,Pressure,75,41,Sunderland,Regular Play,22,Leicester City,3810.0,Shinji Okazaki,Right Center Forward,107.4,37.6,,,0.970824,False,,,,,,,False,,,,,,,False,False,left_to_right,False,107.4,37.6,,,False,False,False,False
1016680f-4b47-4b8c-b4db-7d571fd03fd4,3754237,1207,1,00:37:13.320,37,13,30,Pass,75,41,Sunderland,Regular Play,41,Sunderland,6871.0,Costel Fane Pantilimon,Goalkeeper,3.3,45.4,65.3,56.5,3.093338,True,,,,,,,True,62.98579,0.1771554,High Pass,,18751.0,Jack Rodwell,False,False,left_to_right,False,3.3,45.4,65.3,56.5,False,True,False,False
93c3c355-7403-4a7c-92f3-4906e5132886,3754237,1208,1,00:37:16.413,37,16,42,Ball Receipt*,75,41,Sunderland,Regular Play,41,Sunderland,18751.0,Jack Rodwell,Left Center Midfield,65.3,56.5,,,,False,,,,,,,False,,,,,,,False,False,left_to_right,False,65.3,56.5,,,False,False,False,False
7fe595a7-097e-4ebc-89bd-086b03f09aa9,3754237,1209,1,00:37:16.493,37,16,4,Duel,75,41,Sunderland,Regular Play,22,Leicester City,3813.0,Wes Morgan,Left Center Back,54.8,23.6,,,0.0,True,,,,,,,False,,,,,,,False,False,left_to_right,False,54.8,23.6,,,False,False,False,False
672a5852-6fe1-424b-8f6d-4a6d6435b812,3754237,1210,1,00:37:16.493,37,16,30,Pass,75,41,Sunderland,Regular Play,41,Sunderland,18751.0,Jack Rodwell,Left Center Midfield,65.3,56.5,55.8,45.7,1.333067,True,,,,,,,True,14.383672,-2.2922425,Low Pass,,3337.0,Jermain Defoe,False,False,left_to_right,False,65.3,56.5,55.8,45.7,False,False,False,False
4373988a-8e1c-4e29-9acf-5666de4ee36e,3754237,1211,1,00:37:17.826,37,17,42,Ball Receipt*,75,41,Sunderland,Regular Play,41,Sunderland,3337.0,Jermain Defoe,Center Forward,55.8,45.7,,,,False,,,,,,,False,,,,,,,False,False,left_to_right,False,55.8,45.7,,,False,False,False,False
bd64e09d-7a34-40d6-b206-a6d057d2f995,3754237,1212,1,00:37:17.826,37,17,43,Carry,75,41,Sunderland,Regular Play,41,Sunderland,3337.0,Jermain Defoe,Center Forward,55.8,45.7,63.5,51.5,0.603424,True,,,,,,,False,,,,,,,False,False,left_to_right,False,55.8,45.7,63.5,51.5,False,False,False,False
254b9849-f0c3-4b79-941f-1523ea632098,3754237,1213,1,00:37:17.852,37,17,17,Pressure,75,41,Sunderland,Regular Play,22,Leicester City,3662.0,Danny Drinkwater,Left Center Midfield,59.0,30.7,,,0.578536,False,,,,,,,False,,,,,,,False,False,left_to_right,False,59.0,30.7,,,False,False,False,False
0a21ecd7-9ee5-4eca-9de1-a8482c81d5ae,3754237,1214,1,00:37:18.430,37,18,30,Pass,75,41,Sunderland,Regular Play,41,Sunderland,3337.0,Jermain Defoe,Center Forward,63.5,51.5,63.7,59.5,0.783591,True,,,,,,Unknown,False,8.0025,1.5458015,Ground Pass,,18751.0,Jack Rodwell,False,False,left_to_right,False,63.5,51.5,63.7,59.5,False,False,False,True
7aefeaf1-2047-417a-a6f6-4ac88d2e8106,3754237,1215,1,00:37:19.213,37,19,42,Ball Receipt*,75,41,Sunderland,Regular Play,41,Sunderland,18751.0,Jack Rodwell,Left Center Midfield,64.1,58.8,,,,False,,,,,,,False,,,,,,,False,False,left_to_right,False,64.1,58.8,,,False,False,False,False
3a3404e6-0a63-432f-a7dc-df90d64c3f4e,3754237,1216,1,00:37:19.421,37,19,22,Foul Committed,75,41,Sunderland,Regular Play,22,Leicester City,3662.0,Danny Drinkwater,Left Center Midfield,56.9,21.3,,,0.0,False,,,,,,,False,,,,,,,False,False,left_to_right,False,56.9,21.3,,,False,False,False,False
9d1c96dd-09cd-484e-9003-c1e58ca68e42,3754237,1217,1,00:37:19.421,37,19,21,Foul Won,75,41,Sunderland,Regular Play,41,Sunderland,18751.0,Jack Rodwell,Left Center Midfield,63.2,58.8,,,0.0,True,,,,,,,False,,,,,,,False,False,left_to_right,False,63.2,58.8,,,False,False,False,False
f1606b99-ec57-4c0e-af0b-6ba3c650e273,3754237,1218,1,00:37:42.904,37,42,30,Pass,76,41,Sunderland,From Free Kick,41,Sunderland,5617.0,Sebastian Larsson,Right Center Midfield,63.2,58.6,65.3,14.8,0.490679,False,,,,,,,True,43.850315,-1.5228878,Ground Pass,Free Kick,3321.0,Patrick van Aanholt,False,False,left_to_right,False,63.2,58.6,65.3,14.8,False,False,False,False
c62730e5-9eb4-4490-94df-f6d2d5f443e4,3754237,1219,1,00:37:43.395,37,43,42,Ball Receipt*,76,41,Sunderland,From Free Kick,41,Sunderland,3321.0,Patrick van Aanholt,Left Back,65.3,14.8,,,,False,,,,,,,False,,,,,,,False,False,left_to_right,False,65.3,14.8,,,False,False,False,False
7f092902-17f3-42ab-ae36-a2f15e438512,3754237,1220,1,00:37:44.690,37,44,30,Pass,76,41,Sunderland,From Free Kick,41,Sunderland,3321.0,Patrick van Aanholt,Left Back,68.7,18.1,60.0,33.0,1.665879,False,,,,,,,True,17.253984,2.099288,Ground Pass,,18751.0,Jack Rodwell,False,False,left_to_right,False,68.7,18.1,60.0,33.0,False,False,False,False
d55197fc-389a-4c72-a5c7-095027067e0e,3754237,1221,1,00:37:46.356,37,46,42,Ball Receipt*,76,41,Sunderland,From Free Kick,41,Sunderland,18751.0,Jack Rodwell,Left Center Midfield,60.0,33.0,,,,False,,,,,,,False,,,,,,,False,False,left_to_right,False,60.0,33.0,,,False,False,False,False
8fe7e839-bbc7-4a69-b63f-5fe1489bdb29,3754237,1222,1,00:37:46.356,37,46,43,Carry,76,41,Sunderland,From Free Kick,41,Sunderland,18751.0,Jack Rodwell,Left Center Midfield,60.0,33.0,59.1,33.0,0.783633,False,,,,,,,False,,,,,,,False,False,left_to_right,False,60.0,33.0,59.1,33.0,False,False,False,False
de82750d-43a5-472c-ac69-3972f3b9dc30,3754237,1223,1,00:37:47.140,37,47,30,Pass,76,41,Sunderland,From Free Kick,41,Sunderland,18751.0,Jack Rodwell,Left Center Midfield,59.1,33.0,73.1,7.2,1.573536,False,,,,,,,True,29.353704,-1.0736247,Low Pass,,16457.0,Jeremain Lens,False,False,left_to_right,False,59.1,33.0,73.1,7.2,False,False,False,False
fa15a2d9-eaeb-4a27-9af9-485681d1f59f,3754237,1224,1,00:37:48.713,37,48,42,Ball Receipt*,76,41,Sunderland,From Free Kick,41,Sunderland,16457.0,Jeremain Lens,Left Midfield,73.1,7.2,,,,False,,,,,,,False,,,,,,,False,False,left_to_right,False,73.1,7.2,,,False,False,False,False
7f94d37f-f197-410c-93c5-fe87a0368447,3754237,1225,1,00:37:48.713,37,48,43,Carry,76,41,Sunderland,From Free Kick,41,Sunderland,16457.0,Jeremain Lens,Left Midfield,73.1,7.2,84.6,8.4,3.854631,False,,,,,,,False,,,,,,,False,False,left_to_right,False,73.1,7.2,84.6,8.4,False,False,False,False
fb09d555-a5bc-494a-b3b8-d23e173c300b,3754237,1226,1,00:37:52.568,37,52,30,Pass,76,41,Sunderland,From Free Kick,41,Sunderland,16457.0,Jeremain Lens,Left Midfield,84.6,8.4,86.6,25.2,1.144602,False,,,,,,,True,16.918629,1.4523064,Ground Pass,,3337.0,Jermain Defoe,False,False,left_to_right,False,84.6,8.4,86.6,25.2,False,False,False,False
6d87fab0-87f9-4ca9-a720-c33530f3adb8,3754237,1227,1,00:37:53.713,37,53,42,Ball Receipt*,76,41,Sunderland,From Free Kick,41,Sunderland,3337.0,Jermain Defoe,Center Forward,86.6,25.2,,,,False,,,,,,,False,,,,,,,False,False,left_to_right,False,86.6,25.2,,,False,False,False,False
4929ed1b-5fb7-44a9-9b1a-30ada29851a2,3754237,1228,1,00:37:53.713,37,53,43,Carry,76,41,Sunderland,From Free Kick,41,Sunderland,3337.0,Jermain Defoe,Center Forward,86.6,25.2,85.8,22.2,0.86828,False,,,,,,,False,,,,,,,False,False,left_to_right,False,86.6,25.2,85.8,22.2,False,False,False,False
17769734-b4b6-4264-be86-acce394c1dc4,3754237,1229,1,00:37:54.581,37,54,30,Pass,76,41,Sunderland,From Free Kick,41,Sunderland,3337.0,Jermain Defoe,Center Forward,85.8,22.2,83.1,12.0,1.179351,False,,,,,,,True,10.551303,-1.8295672,Ground Pass,,3321.0,Patrick van Aanholt,False,False,left_to_right,False,85.8,22.2,83.1,12.0,False,False,False,False
644c973e-143e-4de4-88aa-d63d2f0eb246,3754237,1230,1,00:37:55.760,37,55,42,Ball Receipt*,76,41,Sunderland,From Free Kick,41,Sunderland,3321.0,Patrick van Aanholt,Left Back,83.1,12.0,,,,False,,,,,,,False,,,,,,,False,False,left_to_right,False,83.1,12.0,,,False,False,False,False
405e8d6e-8df8-4b1d-a71e-21112c16f722,3754237,1231,1,00:37:55.760,37,55,43,Carry,76,41,Sunderland,From Free Kick,41,Sunderland,3321.0,Patrick van Aanholt,Left Back,83.1,12.0,83.1,10.5,2.438036,True,,,,,,,False,,,,,,,False,False,left_to_right,False,83.1,12.0,83.1,10.5,False,False,False,False
e5fb005a-0603-445e-8c4d-ff3420e9beeb,3754237,1232,1,00:37:57.038,37,57,17,Pressure,76,41,Sunderland,From Free Kick,22,Leicester City,3814.0,Riyad Mahrez,Left Midfield,35.0,70.5,,,1.054806,False,,,,,,,False,,,,,,,False,False,left_to_right,False,35.0,70.5,,,False,False,False,False
2a1d0f38-876b-483a-83eb-ff15937326b9,3754237,1233,1,00:37:58.198,37,58,30,Pass,76,41,Sunderland,From Free Kick,41,Sunderland,3321.0,Patrick van Aanholt,Left Back,83.1,10.5,70.8,21.3,1.177649,False,,,,,,,True,16.368567,2.4210386,Ground Pass,,18751.0,Jack Rodwell,False,False,left_to_right,False,83.1,10.5,70.8,21.3,False,False,False,False
8bd36993-29d6-4d08-8690-2fb0cbf20c2b,3754237,1234,1,00:37:59.376,37,59,42,Ball Receipt*,76,41,Sunderland,From Free Kick,41,Sunderland,18751.0,Jack Rodwell,Left Center Midfield,70.8,21.3,,,,False,,,,,,,False,,,,,,,False,False,left_to_right,False,70.8,21.3,,,False,False,False,False
c34145af-7b88-4fc6-903e-b3abf0a6ec7e,3754237,1235,1,00:37:59.376,37,59,43,Carry,76,41,Sunderland,From Free Kick,41,Sunderland,18751.0,Jack Rodwell,Left Center Midfield,70.8,21.3,70.8,21.7,1.023428,False,,,,,,,False,,,,,,,False,False,left_to_right,False,70.8,21.3,70.8,21.7,False,False,False,False
4319eb7e-0c29-4a71-a222-5ffde2890690,3754237,1236,1,00:38:00.399,38,0,30,Pass,76,41,Sunderland,From Free Kick,41,Sunderland,18751.0,Jack Rodwell,Left Center Midfield,70.8,21.7,63.7,46.2,2.197916,False,,,,,,,True,25.508038,1.8528655,Ground Pass,,6300.0,Sebastián Coates Nión,False,False,left_to_right,False,70.8,21.7,63.7,46.2,False,False,False,False
4e32cdb5-625c-43a9-aa22-92b02f9f6673,3754237,1237,1,00:38:02.597,38,2,42,Ball Receipt*,76,41,Sunderland,From Free Kick,41,Sunderland,6300.0,Sebastián Coates Nión,Right Center Back,63.7,46.2,,,,False,,,,,,,False,,,,,,,False,False,left_to_right,False,63.7,46.2,,,False,False,False,False
529dd600-344c-4dd4-a126-3dfe6e255d8d,3754237,1238,1,00:38:02.597,38,2,43,Carry,76,41,Sunderland,From Free Kick,41,Sunderland,6300.0,Sebastián Coates Nión,Right Center Back,63.7,46.2,64.4,51.0,0.709096,False,,,,,,,False,,,,,,,False,False,left_to_right,False,63.7,46.2,64.4,51.0,False,False,False,False
5c71398c-58af-43d8-b418-085e82d681dc,3754237,1239,1,00:38:03.306,38,3,30,Pass,76,41,Sunderland,From Free Kick,41,Sunderland,6300.0,Sebastián Coates Nión,Right Center Back,64.4,51.0,81.4,75.2,1.453042,False,,,,,,,True,29.574314,0.9584083,Ground Pass,,10503.0,Billy Jones,False,False,left_to_right,False,64.4,51.0,81.4,75.2,False,False,True,False
2f15bfc8-2fd4-462f-b6db-9ae47debc1b9,3754237,1240,1,00:38:04.759,38,4,42,Ball Receipt*,76,41,Sunderland,From Free Kick,41,Sunderland,10503.0,Billy Jones,Right Back,81.4,75.2,,,,False,,,,,,,False,,,,,,,False,False,left_to_right,False,81.4,75.2,,,False,False,False,False
b89258f2-8ada-42e7-90e8-5909c33a7c48,3754237,1241,1,00:38:04.759,38,4,43,Carry,76,41,Sunderland,From Free Kick,41,Sunderland,10503.0,Billy Jones,Right Back,81.4,75.2,81.4,75.6,0.923446,False,,,,,,,False,,,,,,,False,False,left_to_right,False,81.4,75.2,81.4,75.6,False,False,False,False
194c3393-ead1-4c87-a967-8491c2dd9a16,3754237,1242,1,00:38:05.683,38,5,30,Pass,76,41,Sunderland,From Free Kick,41,Sunderland,10503.0,Billy Jones,Right Back,81.4,75.6,80.5,70.6,0.926693,False,,,,,,,True,5.080354,-1.7488892,Ground Pass,,42902.0,Adam Johnson,False,False,left_to_right,False,81.4,75.6,80.5,70.6,False,False,False,False
7c145a2c-0f20-45ad-a670-0901428295d0,3754237,1243,1,00:38:06.610,38,6,42,Ball Receipt*,76,41,Sunderland,From Free Kick,41,Sunderland,42902.0,Adam Johnson,Right Midfield,80.5,70.6,,,,False,,,,,,,False,,,,,,,False,False,left_to_right,False,80.5,70.6,,,False,False,False,False
a34bde5f-3aaf-4277-9484-82af417daa0f,3754237,1244,1,00:38:06.610,38,6,43,Carry,76,41,Sunderland,From Free Kick,41,Sunderland,42902.0,Adam Johnson,Right Midfield,80.5,70.6,76.1,77.0,4.696002,True,,,,,,,False,,,,,,,False,False,left_to_right,False,80.5,70.6,76.1,77.0,False,False,False,False
7e90b737-6dca-42f8-8338-fad9450614f0,3754237,1245,1,00:38:09.449,38,9,17,Pressure,76,41,Sunderland,From Free Kick,22,Leicester City,3662.0,Danny Drinkwater,Left Center Midfield,44.9,5.8,,,1.627669,False,,,,,,,False,,,,,,,False,False,left_to_right,False,44.9,5.8,,,False,False,False,False
234044d0-4372-455f-b7f7-78efdf7bfe7c,3754237,1246,1,00:38:10.891,38,10,17,Pressure,76,41,Sunderland,From Free Kick,22,Leicester City,3307.0,Marc Albrighton,Right Midfield,37.5,2.8,,,0.46117,False,,,,,,,False,,,,,,,False,False,left_to_right,False,37.5,2.8,,,False,False,False,False
83c4fd9f-c581-4a87-8d40-6561b8354aa8,3754237,1247,1,00:38:11.306,38,11,30,Pass,76,41,Sunderland,From Free Kick,41,Sunderland,42902.0,Adam Johnson,Right Midfield,76.1,77.0,81.7,77.6,0.127038,True,,,,,,Incomplete,False,5.632051,0.10673567,Ground Pass,,10503.0,Billy Jones,False,False,left_to_right,False,76.1,77.0,81.7,77.6,False,False,True,True
d1f11b42-f240-4441-b3f2-3ac69af982cb,3754237,1248,1,00:38:11.433,38,11,42,Ball Receipt*,76,41,Sunderland,From Free Kick,41,Sunderland,10503.0,Billy Jones,Right Back,85.4,77.9,,,,False,,,,,,,False,,,,,,,False,False,left_to_right,False,85.4,77.9,,,False,False,False,False
e94507c4-dc21-400a-a95c-94c04dbfe9e7,3754237,1249,1,00:38:11.433,38,11,6,Block,76,41,Sunderland,From Free Kick,22,Leicester City,3307.0,Marc Albrighton,Right Midfield,38.4,2.5,,,0.0,False,,,,,,,False,,,,,,,False,False,left_to_right,False,38.4,2.5,,,False,False,False,False
322bcd24-df87-4347-80ca-a6f0811053f8,3754237,1250,1,00:38:12.788,38,12,30,Pass,77,22,Leicester City,Regular Play,22,Leicester City,3662.0,Danny Drinkwater,Left Center Midfield,37.3,7.2,51.4,11.6,1.228175,False,,,,,,,True,14.770579,0.302481,Ground Pass,Recovery,10960.0,Jamie Vardy,False,False,left_to_right,False,37.3,7.2,51.4,11.6,False,False,False,False
60a71acb-740c-45b1-8f52-a1d9462ec051,3754237,1251,1,00:38:14.016,38,14,42,Ball Receipt*,77,22,Leicester City,Regular Play,22,Leicester City,10960.0,Jamie Vardy,Left Center Forward,51.4,11.6,,,,False,,,,,,,False,,,,,,,False,False,left_to_right,False,51.4,11.6,,,False,False,False,False
0e742999-eb3b-4a98-8299-9ace423d9fc6,3754237,1252,1,00:38:14.016,38,14,43,Carry,77,22,Leicester City,Regular Play,22,Leicester City,10960.0,Jamie Vardy,Left Center Forward,51.4,11.6,51.4,11.6,0.12,False,,,,,,,False,,,,,,,False,False,left_to_right,False,51.4,11.6,51.4,11.6,False,False,False,False
73f96be7-2e57-4fb8-acd7-bdf369df2b5c,3754237,1253,1,00:38:14.136,38,14,30,Pass,77,22,Leicester City,Regular Play,22,Leicester City,10960.0,Jamie Vardy,Left Center Forward,51.4,11.6,47.2,2.5,1.231081,False,,,,,,,True,10.022474,-2.003204,Ground Pass,,3307.0,Marc Albrighton,False,False,left_to_right,False,51.4,11.6,47.2,2.5,False,False,False,False
2a3099c0-e48a-4ffb-9f91-1e8cb07deaf9,3754237,1254,1,00:38:15.367,38,15,42,Ball Receipt*,77,22,Leicester City,Regular Play,22,Leicester City,3307.0,Marc Albrighton,Right Midfield,47.2,2.5,,,,False,,,,,,,False,,,,,,,False,False,left_to_right,False,47.2,2.5,,,False,False,False,False
c7baa35f-71fa-4c0b-a9ef-53f06a553953,3754237,1255,1,00:38:15.367,38,15,43,Carry,77,22,Leicester City,Regular Play,22,Leicester City,3307.0,Marc Albrighton,Right Midfield,47.2,2.5,49.0,4.5,0.039999,False,,,,,,,False,,,,,,,False,False,left_to_right,False,47.2,2.5,49.0,4.5,False,False,False,False
4956e69d-e6a9-4448-8774-38c724e0cec2,3754237,1256,1,00:38:15.407,38,15,30,Pass,77,22,Leicester City,Regular Play,22,Leicester City,3307.0,Marc Albrighton,Right Midfield,49.0,4.5,61.0,3.3,0.617107,False,,,,,,,True,12.059851,-0.09966865,Low Pass,,10960.0,Jamie Vardy,False,False,left_to_right,False,49.0,4.5,61.0,3.3,False,False,False,False
0df62d65-5bf0-443a-909a-5112434bf1cb,3754237,1257,1,00:38:16.024,38,16,42,Ball Receipt*,77,22,Leicester City,Regular Play,22,Leicester City,10960.0,Jamie Vardy,Left Center Forward,61.0,3.3,,,,False,,,,,,,False,,,,,,,False,False,left_to_right,False,61.0,3.3,,,False,False,False,False
8c2a4c0c-bdd1-4587-b8cb-2c9d1e9f9e4a,3754237,1258,1,00:38:16.024,38,16,43,Carry,77,22,Leicester City,Regular Play,22,Leicester City,10960.0,Jamie Vardy,Left Center Forward,61.0,3.3,61.9,3.1,0.039999,False,,,,,,,False,,,,,,,False,False,left_to_right,False,61.0,3.3,61.9,3.1,False,False,False,False
8d605b40-9c6c-4fe7-a7af-1f6c52c7e113,3754237,1259,1,00:38:16.064,38,16,38,Miscontrol,77,22,Leicester City,Regular Play,22,Leicester City,10960.0,Jamie Vardy,Left Center Forward,61.9,3.1,,,0.0,False,,,,,,,False,,,,,,,False,False,left_to_right,False,61.9,3.1,,,False,False,False,True
aa772d54-fe05-4b5c-a2ad-8a91262971ca,3754237,1260,1,00:38:19.239,38,19,30,Pass,78,41,Sunderland,From Throw In,41,Sunderland,10503.0,Billy Jones,Right Back,55.6,80.0,55.2,72.7,1.230952,False,,,,,,,True,7.3109508,-1.6255361,High Pass,Throw-in,5617.0,Sebastian Larsson,False,False,left_to_right,False,55.6,80.0,55.2,72.7,False,False,False,False
3e20b914-258c-487d-87ca-a471091dfec0,3754237,1261,1,00:38:20.470,38,20,42,Ball Receipt*,78,41,Sunderland,From Throw In,41,Sunderland,5617.0,Sebastian Larsson,Right Center Midfield,55.2,72.7,,,,False,,,,,,,False,,,,,,,False,False,left_to_right,False,55.2,72.7,,,False,False,False,False
6632d178-8707-4010-8819-772c3305799c,3754237,1262,1,00:38:20.470,38,20,43,Carry,78,41,Sunderland,From Throw In,41,Sunderland,5617.0,Sebastian Larsson,Right Center Midfield,55.2,72.7,63.5,57.4,5.593893,False,,,,,,,False,,,,,,,False,False,left_to_right,False,55.2,72.7,63.5,57.4,False,False,False,False
6fdb2338-2e93-4bb1-8a96-3767a428c359,3754237,1263,1,00:38:26.064,38,26,30,Pass,78,41,Sunderland,From Throw In,41,Sunderland,5617.0,Sebastian Larsson,Right Center Midfield,63.5,57.4,60.0,38.6,1.119974,False,,,,,,,True,19.123022,-1.7548593,Ground Pass,,18751.0,Jack Rodwell,False,False,left_to_right,False,63.5,57.4,60.0,38.6,False,False,False,False
315a5dba-86f8-4a57-bded-d5ebbde402fa,3754237,1264,1,00:38:27.184,38,27,42,Ball Receipt*,78,41,Sunderland,From Throw In,41,Sunderland,18751.0,Jack Rodwell,Left Center Midfield,60.0,38.6,,,,False,,,,,,,False,,,,,,,False,False,left_to_right,False,60.0,38.6,,,False,False,False,False
e3a1942b-fa0e-4ec5-a405-6d9d047af606,3754237,1265,1,00:38:27.184,38,27,43,Carry,78,41,Sunderland,From Throw In,41,Sunderland,18751.0,Jack Rodwell,Left Center Midfield,60.0,38.6,60.0,37.8,1.001196,False,,,,,,,False,,,,,,,False,False,left_to_right,False,60.0,38.6,60.0,37.8,False,False,False,False
80ba36c8-a103-4b6c-9e35-0746e0cc394c,3754237,1266,1,00:38:28.185,38,28,30,Pass,78,41,Sunderland,From Throw In,41,Sunderland,18751.0,Jack Rodwell,Left Center Midfield,60.0,37.8,71.1,29.8,0.998873,False,,,,,,,True,13.68247,-0.62449753,Ground Pass,,3337.0,Jermain Defoe,False,False,left_to_right,False,60.0,37.8,71.1,29.8,False,False,False,False
8adf40bc-e589-49f2-be4f-b03ca2ddb539,3754237,1267,1,00:38:29.184,38,29,42,Ball Receipt*,78,41,Sunderland,From Throw In,41,Sunderland,3337.0,Jermain Defoe,Center Forward,71.1,29.8,,,,False,,,,,,,False,,,,,,,False,False,left_to_right,False,71.1,29.8,,,False,False,False,False
f5ae9910-dcdb-4d05-8c3e-e5470aa15ae8,3754237,1268,1,00:38:29.184,38,29,43,Carry,78,41,Sunderland,From Throw In,41,Sunderland,3337.0,Jermain Defoe,Center Forward,71.1,29.8,75.5,50.1,6.282646,True,,,,,,,False,,,,,,,False,False,left_to_right,False,71.1,29.8,75.5,50.1,False,False,False,False
2834a9dd-b925-4afb-8701-3cffbc5f4aea,3754237,1269,1,00:38:29.358,38,29,17,Pressure,78,41,Sunderland,From Throw In,22,Leicester City,3665.0,Andrew Philip King,Right Center Midfield,49.0,49.6,,,2.261318,False,,,,,,,False,,,,,,,False,False,left_to_right,False,49.0,49.6,,,False,False,False,False
aef3cbfb-c1a7-42dc-afca-48e93cd7c0ac,3754237,1270,1,00:38:35.467,38,35,30,Pass,78,41,Sunderland,From Throw In,41,Sunderland,3337.0,Jermain Defoe,Center Forward,75.5,50.1,89.5,72.4,1.964071,False,,,,,,,True,26.3304,1.0101842,Ground Pass,,10503.0,Billy Jones,False,False,left_to_right,False,75.5,50.1,89.5,72.4,False,False,True,False
31de002b-dbd6-487b-9078-37156a06cb6d,3754237,1271,1,00:38:37.431,38,37,42,Ball Receipt*,78,41,Sunderland,From Throw In,41,Sunderland,10503.0,Billy Jones,Right Back,89.5,72.4,,,,False,,,,,,,False,,,,,,,False,False,left_to_right,False,89.5,72.4,,,False,False,False,False
80bad0e6-f39a-41a8-b15a-db0fcbf2f4c8,3754237,1272,1,00:38:37.431,38,37,43,Carry,78,41,Sunderland,From Throw In,41,Sunderland,10503.0,Billy Jones,Right Back,89.5,72.4,90.7,73.6,0.04,False,,,,,,,False,,,,,,,False,False,left_to_right,False,89.5,72.4,90.7,73.6,False,False,False,False
b28d26d6-3ba4-4a77-90af-6fe29419fb1a,3754237,1273,1,00:38:37.471,38,37,30,Pass,78,41,Sunderland,From Throw In,41,Sunderland,10503.0,Billy Jones,Right Back,90.7,73.6,83.3,66.7,1.403655,False,,,,,,,True,10.117806,-2.3911452,Ground Pass,,42902.0,Adam Johnson,False,False,left_to_right,False,90.7,73.6,83.3,66.7,False,False,False,False
d512daa6-53cb-4b7a-bd0c-685fb6059e8d,3754237,1274,1,00:38:38.874,38,38,42,Ball Receipt*,78,41,Sunderland,From Throw In,41,Sunderland,42902.0,Adam Johnson,Right Midfield,83.3,66.7,,,,False,,,,,,,False,,,,,,,False,False,left_to_right,False,83.3,66.7,,,False,False,False,False
f8db0e5e-32ef-4e51-b61b-2f60ca5aff89,3754237,1275,1,00:38:38.874,38,38,43,Carry,78,41,Sunderland,From Throw In,41,Sunderland,42902.0,Adam Johnson,Right Midfield,83.3,66.7,82.8,66.7,1.993161,False,,,,,,,False,,,,,,,False,False,left_to_right,False,83.3,66.7,82.8,66.7,False,False,False,False
5d70c2d8-8602-4aff-83ee-de6ef706d242,3754237,1276,1,00:38:40.868,38,40,30,Pass,78,41,Sunderland,From Throw In,41,Sunderland,42902.0,Adam Johnson,Right Midfield,82.8,66.7,80.1,59.1,0.960482,False,,,,,,,True,8.065358,-1.9121522,Ground Pass,,16457.0,Jeremain Lens,False,False,left_to_right,False,82.8,66.7,80.1,59.1,False,False,False,False
82974aab-1959-4bf7-9982-da51ab9358f8,3754237,1277,1,00:38:41.828,38,41,42,Ball Receipt*,78,41,Sunderland,From Throw In,41,Sunderland,16457.0,Jeremain Lens,Left Midfield,80.1,59.1,,,,False,,,,,,,False,,,,,,,False,False,left_to_right,False,80.1,59.1,,,False,False,False,False
38dfa66f-569b-44df-bd35-fdb81f42535b,3754237,1278,1,00:38:41.828,38,41,43,Carry,78,41,Sunderland,From Throw In,41,Sunderland,16457.0,Jeremain Lens,Left Midfield,80.1,59.1,80.1,58.8,0.735445,False,,,,,,,False,,,,,,,False,False,left_to_right,False,80.1,59.1,80.1,58.8,False,False,False,False
5be3d03b-413c-4781-8b80-2309a55d3b46,3754237,1279,1,00:38:42.563,38,42,30,Pass,78,41,Sunderland,From Throw In,41,Sunderland,16457.0,Jeremain Lens,Left Midfield,80.1,58.8,91.3,59.1,0.907679,False,,,,,,Incomplete,False,11.204017,0.02677931,Ground Pass,,9554.0,Steven Fletcher,False,False,left_to_right,False,80.1,58.8,91.3,59.1,False,False,False,True
1381a63b-64ab-4f0b-a090-99a149015bb9,3754237,1280,1,00:38:43.471,38,43,42,Ball Receipt*,78,41,Sunderland,From Throw In,41,Sunderland,9554.0,Steven Fletcher,Center Defensive Midfield,91.3,59.1,,,,False,,,,,,,False,,,,,,,False,False,left_to_right,False,91.3,59.1,,,False,False,False,False
eb5565ea-dd46-4909-928c-d7295fe35ec9,3754237,1281,1,00:38:43.471,38,43,10,Interception,78,41,Sunderland,From Throw In,22,Leicester City,3813.0,Wes Morgan,Left Center Back,28.8,21.0,,,0.0,False,,,,,,,False,,,,,,,False,False,left_to_right,False,28.8,21.0,,,False,False,False,False
3c538fa1-703f-49f6-9211-ac4134184319,3754237,1282,1,00:38:44.666,38,44,2,Ball Recovery,79,22,Leicester City,Regular Play,22,Leicester City,3662.0,Danny Drinkwater,Left Center Midfield,33.5,19.8,,,0.0,False,,,,,,,False,,,,,,,False,False,left_to_right,False,33.5,19.8,,,False,False,False,False
ddce1fbb-7ef1-4ee4-a959-97b27a6b7942,3754237,1283,1,00:38:44.666,38,44,43,Carry,79,22,Leicester City,Regular Play,22,Leicester City,3662.0,Danny Drinkwater,Left Center Midfield,33.5,19.8,32.6,24.2,2.843988,False,,,,,,,False,,,,,,,False,False,left_to_right,False,33.5,19.8,32.6,24.2,False,False,False,False
448c1f40-d80d-4e9c-8c9f-6e76b8eddd56,3754237,1284,1,00:38:47.510,38,47,30,Pass,79,22,Leicester City,Regular Play,22,Leicester City,3662.0,Danny Drinkwater,Left Center Midfield,32.6,24.2,35.2,18.0,0.667153,False,,,,,,,True,6.7230945,-1.1737169,Ground Pass,,3813.0,Wes Morgan,False,False,left_to_right,False,32.6,24.2,35.2,18.0,False,False,False,False
c26a1e1a-1cfe-43b2-adf8-c40041c58462,3754237,1285,1,00:38:48.177,38,48,42,Ball Receipt*,79,22,Leicester City,Regular Play,22,Leicester City,3813.0,Wes Morgan,Left Center Back,35.2,18.0,,,,False,,,,,,,False,,,,,,,False,False,left_to_right,False,35.2,18.0,,,False,False,False,False
470f363a-b8ea-446a-8ac0-dee701b4668d,3754237,1286,1,00:38:48.177,38,48,43,Carry,79,22,Leicester City,Regular Play,22,Leicester City,3813.0,Wes Morgan,Left Center Back,35.2,18.0,35.2,18.0,0.119999,False,,,,,,,False,,,,,,,False,False,left_to_right,False,35.2,18.0,35.2,18.0,False,False,False,False
237b923a-b6f7-4caa-9466-6a9cdca61f66,3754237,1287,1,00:38:48.297,38,48,30,Pass,79,22,Leicester City,Regular Play,22,Leicester City,3813.0,Wes Morgan,Left Center Back,35.2,18.0,26.4,22.7,0.378283,False,,,,,,,True,9.976472,2.6510458,Ground Pass,,3665.0,Andrew Philip King,False,False,left_to_right,False,35.2,18.0,26.4,22.7,False,False,False,False
56a863cc-f15a-46a8-9673-1917218677a4,3754237,1288,1,00:38:48.676,38,48,42,Ball Receipt*,79,22,Leicester City,Regular Play,22,Leicester City,3665.0,Andrew Philip King,Right Center Midfield,26.4,22.7,,,,False,,,,,,,False,,,,,,,False,False,left_to_right,False,26.4,22.7,,,False,False,False,False
18e89c2b-72e1-473c-ad8b-fcebfae460e2,3754237,1289,1,00:38:48.676,38,48,43,Carry,79,22,Leicester City,Regular Play,22,Leicester City,3665.0,Andrew Philip King,Right Center Midfield,26.4,22.7,26.4,22.7,0.159999,False,,,,,,,False,,,,,,,False,False,left_to_right,False,26.4,22.7,26.4,22.7,False,False,False,False
73013de3-8702-4107-8d6c-72020577baee,3754237,1290,1,00:38:48.836,38,48,30,Pass,79,22,Leicester City,Regular Play,22,Leicester City,3665.0,Andrew Philip King,Right Center Midfield,26.4,22.7,23.0,13.6,0.752681,False,,,,,,,True,9.714422,-1.9283621,Ground Pass,,3520.0,Jeffrey Schlupp,False,False,left_to_right,False,26.4,22.7,23.0,13.6,False,False,False,False
b4bcb83c-d471-4c70-95c4-15908b8e4f5c,3754237,1291,1,00:38:49.588,38,49,42,Ball Receipt*,79,22,Leicester City,Regular Play,22,Leicester City,3520.0,Jeffrey Schlupp,Left Back,23.0,13.6,,,,False,,,,,,,False,,,,,,,False,False,left_to_right,False,23.0,13.6,,,False,False,False,False
f5e9d417-cec3-4552-b99c-5c3342c59c5c,3754237,1292,1,00:38:49.588,38,49,43,Carry,79,22,Leicester City,Regular Play,22,Leicester City,3520.0,Jeffrey Schlupp,Left Back,23.0,13.6,23.0,13.6,0.079999,False,,,,,,,False,,,,,,,False,False,left_to_right,False,23.0,13.6,23.0,13.6,False,False,False,False
8a722bcf-e21b-4b3b-8385-b8adb66ce810,3754237,1293,1,00:38:49.668,38,49,30,Pass,79,22,Leicester City,Regular Play,22,Leicester City,3520.0,Jeffrey Schlupp,Left Back,23.0,13.6,32.0,4.5,1.775401,False,,,,,,,True,12.798828,-0.79092294,Ground Pass,,3307.0,Marc Albrighton,False,False,left_to_right,False,23.0,13.6,32.0,4.5,False,False,False,False
7fd7213a-68f4-4155-bb4d-39e17271cfaf,3754237,1294,1,00:38:51.444,38,51,42,Ball Receipt*,79,22,Leicester City,Regular Play,22,Leicester City,3307.0,Marc Albrighton,Right Midfield,32.0,4.5,,,,False,,,,,,,False,,,,,,,False,False,left_to_right,False,32.0,4.5,,,False,False,False,False
96e7e26e-d7cb-42ac-9247-60437bec65ea,3754237,1295,1,00:38:51.444,38,51,43,Carry,79,22,Leicester City,Regular Play,22,Leicester City,3307.0,Marc Albrighton,Right Midfield,32.0,4.5,32.0,4.5,0.16,False,,,,,,,False,,,,,,,False,False,left_to_right,False,32.0,4.5,32.0,4.5,False,False,False,False
e2005551-a0b6-44eb-a018-5a72b92baa36,3754237,1296,1,00:38:51.604,38,51,30,Pass,79,22,Leicester City,Regular Play,22,Leicester City,3307.0,Marc Albrighton,Right Midfield,32.0,4.5,36.1,16.0,0.715075,False,,,,,,,True,12.209013,1.2283233,Ground Pass,,3813.0,Wes Morgan,False,False,left_to_right,False,32.0,4.5,36.1,16.0,False,False,False,False
588656c5-db0a-4fa4-8ff3-5fefa20398c2,3754237,1297,1,00:38:52.319,38,52,42,Ball Receipt*,79,22,Leicester City,Regular Play,22,Leicester City,3813.0,Wes Morgan,Left Center Back,36.1,16.0,,,,False,,,,,,,False,,,,,,,False,False,left_to_right,False,36.1,16.0,,,False,False,False,False
14977295-a4cd-4a36-ae0b-ed4f50f39b8f,3754237,1298,1,00:38:52.319,38,52,43,Carry,79,22,Leicester City,Regular Play,22,Leicester City,3813.0,Wes Morgan,Left Center Back,36.1,16.0,36.1,16.0,0.056259,False,,,,,,,False,,,,,,,False,False,left_to_right,False,36.1,16.0,36.1,16.0,False,False,False,False
bd5116c5-6ce3-4676-89b8-390bde6f58a6,3754237,1299,1,00:38:52.375,38,52,30,Pass,79,22,Leicester City,Regular Play,22,Leicester City,3813.0,Wes Morgan,Left Center Back,36.1,16.0,46.4,4.5,1.2,False,,,,,,,True,15.438264,-0.84038854,Ground Pass,,3307.0,Marc Albrighton,False,False,left_to_right,False,36.1,16.0,46.4,4.5,False,False,False,False
3b3d20eb-8f47-4a96-a3de-b24236f7e053,3754237,1300,1,00:38:53.575,38,53,42,Ball Receipt*,79,22,Leicester City,Regular Play,22,Leicester City,3307.0,Marc Albrighton,Right Midfield,46.4,4.5,,,,False,,,,,,,False,,,,,,,False,False,left_to_right,False,46.4,4.5,,,False,False,False,False
101dfe57-cf1d-45c6-a8fb-b1b89e2844ab,3754237,1301,1,00:38:53.575,38,53,43,Carry,79,22,Leicester City,Regular Play,22,Leicester City,3307.0,Marc Albrighton,Right Midfield,46.4,4.5,57.3,13.6,2.192157,False,,,,,,,False,,,,,,,False,False,left_to_right,False,46.4,4.5,57.3,13.6,False,False,False,False
49a9c239-d4b6-4574-a8ac-5f5c75c27a1d,3754237,1302,1,00:38:55.767,38,55,30,Pass,79,22,Leicester City,Regular Play,22,Leicester City,3307.0,Marc Albrighton,Right Midfield,57.3,13.6,91.0,10.4,2.483632,False,,,,,,,True,33.85159,-0.09467164,Ground Pass,,10960.0,Jamie Vardy,False,False,left_to_right,False,57.3,13.6,91.0,10.4,False,True,True,False
2f863c65-9b63-4649-9a84-ef7373627926,3754237,1303,1,00:38:58.251,38,58,42,Ball Receipt*,79,22,Leicester City,Regular Play,22,Leicester City,10960.0,Jamie Vardy,Left Center Forward,91.0,10.4,,,,False,,,,,,,False,,,,,,,False,False,left_to_right,False,91.0,10.4,,,False,False,False,False
a9616407-a0f3-47ec-b375-7650f52a057f,3754237,1304,1,00:38:58.251,38,58,43,Carry,79,22,Leicester City,Regular Play,22,Leicester City,10960.0,Jamie Vardy,Left Center Forward,91.0,10.4,111.2,21.8,2.166327,False,,,,,,,False,,,,,,,False,False,left_to_right,False,91.0,10.4,111.2,21.8,True,False,False,False
bafc9f46-031e-4d2d-a82b-704c63125ce7,3754237,1305,1,00:39:00.417,39,0,30,Pass,79,22,Leicester City,Regular Play,22,Leicester City,10960.0,Jamie Vardy,Left Center Forward,111.2,21.8,107.1,40.6,1.267709,False,,,,,,,True,19.241882,1.7855194,Low Pass,,3814.0,Riyad Mahrez,True,False,left_to_right,False,111.2,21.8,107.1,40.6,False,True,False,False
2bd6e0ed-b9cf-4df3-95dd-6ab7eba5eb82,3754237,1306,1,00:39:01.611,39,1,17,Pressure,79,22,Leicester City,Regular Play,41,Sunderland,3321.0,Patrick van Aanholt,Left Back,13.0,38.6,,,0.168542,False,,,,,,,False,,,,,,,False,False,left_to_right,False,13.0,38.6,,,False,False,False,False
7a356719-818b-451e-a1a3-fcfafc4b6d70,3754237,1307,1,00:39:01.685,39,1,42,Ball Receipt*,79,22,Leicester City,Regular Play,22,Leicester City,3814.0,Riyad Mahrez,Left Midfield,107.1,40.6,,,,True,,,,,,,False,,,,,,,False,False,left_to_right,False,107.1,40.6,,,False,False,False,False
fb7d852c-5bfd-4079-8872-c7c21dfd1ced,3754237,1308,1,00:39:01.765,39,1,16,Shot,79,22,Leicester City,Regular Play,22,Leicester City,3814.0,Riyad Mahrez,Left Midfield,105.8,39.0,120.0,36.8,0.474485,True,0.13830529,Off T,Left Foot,Half Volley,Open Play,,False,,,,,,,False,False,left_to_right,False,105.8,39.0,120.0,36.8,False,False,False,False
c26ca1e1-aea3-47bb-982a-2a3fad0b49b3,3754237,1309,1,00:39:02.239,39,2,23,Goal Keeper,79,22,Leicester City,Regular Play,41,Sunderland,6871.0,Costel Fane Pantilimon,Goalkeeper,2.0,41.3,,,0.0,False,,,,,,,False,,,,,,,False,False,left_to_right,False,2.0,41.3,,,False,False,False,False
7bc28357-78c5-4d10-be9d-349b5461bfcb,3754237,1310,1,00:39:36.295,39,36,30,Pass,80,41,Sunderland,From Goal Kick,41,Sunderland,6871.0,Costel Fane Pantilimon,Goalkeeper,7.0,36.1,70.2,61.8,1.830788,False,,,,,,,True,68.22558,0.38622215,High Pass,Goal Kick,9554.0,Steven Fletcher,False,False,left_to_right,False,7.0,36.1,70.2,61.8,False,True,False,False
f793bc44-2fd8-4458-8271-0cd9adb621a2,3754237,1311,1,00:39:38.126,39,38,42,Ball Receipt*,80,41,Sunderland,From Goal Kick,41,Sunderland,9554.0,Steven Fletcher,Center Defensive Midfield,70.2,61.8,,,,False,,,,,,,False,,,,,,,False,False,left_to_right,False,70.2,61.8,,,False,False,False,False
02615dd7-77be-4f5c-95bf-d3196050893d,3754237,1312,1,00:39:38.166,39,38,4,Duel,80,41,Sunderland,From Goal Kick,22,Leicester City,3665.0,Andrew Philip King,Right Center Midfield,49.9,18.3,,,0.0,True,,,,,,,False,,,,,,,False,False,left_to_right,False,49.9,18.3,,,False,False,False,False
8e368034-49c7-4b83-a504-58fb69ee2f96,3754237,1313,1,00:39:38.166,39,38,30,Pass,80,41,Sunderland,From Goal Kick,41,Sunderland,9554.0,Steven Fletcher,Center Defensive Midfield,70.2,61.8,64.4,55.6,2.039794,True,,,,,,Incomplete,False,8.489994,-2.3228736,High Pass,,,,False,False,left_to_right,False,70.2,61.8,64.4,55.6,False,False,False,True
d7ef3618-5369-465e-884b-441cd9c1585f,3754237,1314,1,00:39:40.206,39,40,4,Duel,80,41,Sunderland,From Goal Kick,41,Sunderland,5617.0,Sebastian Larsson,Right Center Midfield,64.4,55.6,,,0.0,True,,,,,,,False,,,,,,,False,False,left_to_right,False,64.4,55.6,,,False,False,False,False
af6b9f4c-843c-4de3-962c-96358b8e7150,3754237,1315,1,00:39:40.206,39,40,30,Pass,80,41,Sunderland,From Goal Kick,22,Leicester City,3810.0,Shinji Okazaki,Right Center Forward,55.7,24.5,56.0,14.2,1.756868,True,,,,,,,True,10.304368,-1.5416783,Low Pass,Recovery,10960.0,Jamie Vardy,False,False,left_to_right,False,55.7,24.5,56.0,14.2,False,False,False,False
96b17f8e-7117-4282-976d-42cbd626dd60,3754237,1316,1,00:39:40.366,39,40,42,Ball Receipt*,80,41,Sunderland,From Goal Kick,22,Leicester City,10960.0,Jamie Vardy,Left Center Forward,56.0,14.2,,,,False,,,,,,,False,,,,,,,False,False,left_to_right,False,56.0,14.2,,,False,False,False,False
3093daed-23d5-41d6-afb1-cae538f3079c,3754237,1317,1,00:39:40.366,39,40,43,Carry,80,41,Sunderland,From Goal Kick,22,Leicester City,10960.0,Jamie Vardy,Left Center Forward,56.0,14.2,56.6,16.2,1.661634,True,,,,,,,False,,,,,,,False,False,left_to_right,False,56.0,14.2,56.6,16.2,False,False,False,False
c7681563-58fe-4e5e-8618-84d030d76b7a,3754237,1318,1,00:39:40.366,39,40,6,Block,80,41,Sunderland,From Goal Kick,41,Sunderland,5617.0,Sebastian Larsson,Right Center Midfield,64.6,58.6,,,0.0,False,,,,,,,False,,,,,,,False,False,left_to_right,False,64.6,58.6,,,False,False,False,False
912a34a3-7009-4b14-8c86-1fba3a4219a9,3754237,1319,1,00:39:41.280,39,41,17,Pressure,80,41,Sunderland,From Goal Kick,41,Sunderland,9554.0,Steven Fletcher,Center Defensive Midfield,65.5,63.5,,,0.736624,False,,,,,,,False,,,,,,,False,False,left_to_right,False,65.5,63.5,,,False,False,False,False
b9ca6984-6704-45e6-89b9-1a8c421b28c0,3754237,1320,1,00:39:42.027,39,42,30,Pass,80,41,Sunderland,From Goal Kick,22,Leicester City,10960.0,Jamie Vardy,Left Center Forward,56.6,16.2,67.2,19.4,1.596738,False,,,,,,Incomplete,False,11.072489,0.2931869,Low Pass,,,,False,False,left_to_right,False,56.6,16.2,67.2,19.4,False,False,False,True
591958d4-d67a-4ac2-8a29-e33a73dc1540,3754237,1321,1,00:39:43.624,39,43,30,Pass,80,41,Sunderland,From Goal Kick,41,Sunderland,10503.0,Billy Jones,Right Back,52.9,60.7,35.3,31.0,3.311492,False,,,,,,,True,34.523182,-2.1057515,Ground Pass,Recovery,4746.0,Younes Kaboul,False,False,left_to_right,False,52.9,60.7,35.3,31.0,False,False,False,False
b7055af3-1410-4eb6-b877-036004011727,3754237,1322,1,00:39:46.935,39,46,42,Ball Receipt*,80,41,Sunderland,From Goal Kick,41,Sunderland,4746.0,Younes Kaboul,Left Center Back,35.3,31.0,,,,False,,,,,,,False,,,,,,,False,False,left_to_right,False,35.3,31.0,,,False,False,False,False
78e39a64-cf7c-4de9-a645-784f10b8e6ae,3754237,1323,1,00:39:46.935,39,46,43,Carry,80,41,Sunderland,From Goal Kick,41,Sunderland,4746.0,Younes Kaboul,Left Center Back,35.3,31.0,35.1,24.9,1.833951,False,,,,,,,False,,,,,,,False,False,left_to_right,False,35.3,31.0,35.1,24.9,False,False,False,False
8f64df1c-e365-4a17-adb3-fe0788eb2f5f,3754237,1324,1,00:39:48.769,39,48,30,Pass,80,41,Sunderland,From Goal Kick,41,Sunderland,4746.0,Younes Kaboul,Left Center Back,35.1,24.9,45.0,35.8,1.610998,False,,,,,,,True,14.724809,0.8334381,Ground Pass,,18751.0,Jack Rodwell,False,False,left_to_right,False,35.1,24.9,45.0,35.8,False,False,False,False
bed6b7bf-86cc-4119-a341-f1f7ccf49b02,3754237,1325,1,00:39:50.380,39,50,42,Ball Receipt*,80,41,Sunderland,From Goal Kick,41,Sunderland,18751.0,Jack Rodwell,Left Center Midfield,45.0,35.8,,,,False,,,,,,,False,,,,,,,False,False,left_to_right,False,45.0,35.8,,,False,False,False,False
a3e59ef0-f46d-4bf8-ba4a-59c2fa258ec6,3754237,1326,1,00:39:50.380,39,50,43,Carry,80,41,Sunderland,From Goal Kick,41,Sunderland,18751.0,Jack Rodwell,Left Center Midfield,45.0,35.8,52.4,40.4,2.914604,False,,,,,,,False,,,,,,,False,False,left_to_right,False,45.0,35.8,52.4,40.4,False,False,False,False
e81d3631-328d-4504-9255-a213300f4a84,3754237,1327,1,00:39:53.295,39,53,30,Pass,80,41,Sunderland,From Goal Kick,41,Sunderland,18751.0,Jack Rodwell,Left Center Midfield,52.4,40.4,120.0,13.7,5.82216,False,,,,,,Out,False,72.68184,-0.37616304,High Pass,,9554.0,Steven Fletcher,False,False,left_to_right,False,52.4,40.4,120.0,13.7,False,True,True,True
b604143a-5905-43d8-9761-e57939238ce1,3754237,1328,1,00:39:59.117,39,59,42,Ball Receipt*,80,41,Sunderland,From Goal Kick,41,Sunderland,9554.0,Steven Fletcher,Center Defensive Midfield,118.3,13.7,,,,False,,,,,,,False,,,,,,,False,False,left_to_right,False,118.3,13.7,,,False,False,False,False
ebd0f8ec-5e67-4542-98ee-b63446b55aa8,3754237,1329,1,00:40:31.815,40,31,30,Pass,81,22,Leicester City,From Throw In,22,Leicester City,3813.0,Wes Morgan,Left Center Back,9.8,80.0,9.4,63.2,0.5,False,,,,,,,True,16.804762,-1.5946014,Low Pass,Throw-in,28782.0,Ritchie De Laet,False,False,left_to_right,False,9.8,80.0,9.4,63.2,False,False,False,False
e97d9ad2-3acf-4245-a871-443526879679,3754237,1330,1,00:40:32.315,40,32,42,Ball Receipt*,81,22,Leicester City,From Throw In,22,Leicester City,28782.0,Ritchie De Laet,Right Back,9.4,63.2,,,,False,,,,,,,False,,,,,,,False,False,left_to_right,False,9.4,63.2,,,False,False,False,False
c3259122-8e36-4959-b74c-9fc22712e0ee,3754237,1331,1,00:40:33.015,40,33,30,Pass,81,22,Leicester City,From Throw In,22,Leicester City,28782.0,Ritchie De Laet,Right Back,10.1,67.3,25.5,13.0,4.819853,False,,,,,,,True,56.441563,-1.2944436,High Pass,,3810.0,Shinji Okazaki,False,False,left_to_right,False,10.1,67.3,25.5,13.0,False,False,False,False
a105cbd9-6c78-43ed-9501-7e9117b23a30,3754237,1332,1,00:40:37.835,40,37,42,Ball Receipt*,81,22,Leicester City,From Throw In,22,Leicester City,3810.0,Shinji Okazaki,Right Center Forward,25.5,13.0,,,,False,,,,,,,False,,,,,,,False,False,left_to_right,False,25.5,13.0,,,False,False,False,False
bdb0b014-f2c2-4b20-8beb-f8f31551a19f,3754237,1333,1,00:40:37.915,40,37,4,Duel,81,22,Leicester City,From Throw In,41,Sunderland,4746.0,Younes Kaboul,Left Center Back,94.6,67.1,,,0.0,True,,,,,,,False,,,,,,,False,False,left_to_right,False,94.6,67.1,,,False,False,False,False
7a9ac9c5-b023-4934-a9ac-347fad1b8cb5,3754237,1334,1,00:40:37.915,40,37,30,Pass,81,22,Leicester City,From Throw In,22,Leicester City,3810.0,Shinji Okazaki,Right Center Forward,25.5,13.0,80.4,55.6,1.177208,True,,,,,,Incomplete,False,69.48935,0.6599072,High Pass,,,,False,False,left_to_right,False,25.5,13.0,80.4,55.6,False,True,True,True
3dd9931e-da31-41b9-87a7-4d0003b63be2,3754237,1335,1,00:40:39.092,40,39,30,Pass,81,22,Leicester City,From Throw In,41,Sunderland,18751.0,Jack Rodwell,Left Center Midfield,39.7,24.5,55.6,24.3,1.571449,False,,,,,,Incomplete,False,15.9012575,-0.012577953,High Pass,Recovery,3337.0,Jermain Defoe,False,False,left_to_right,False,39.7,24.5,55.6,24.3,False,False,False,True
f64bd444-94a8-4be5-8ce0-cf8fa24222c5,3754237,1336,1,00:40:40.664,40,40,42,Ball Receipt*,81,22,Leicester City,From Throw In,41,Sunderland,3337.0,Jermain Defoe,Center Forward,55.6,24.3,,,,False,,,,,,,False,,,,,,,False,False,left_to_right,False,55.6,24.3,,,False,False,False,False
d09ad024-7fb2-4a67-aa07-e43a5649bbad,3754237,1337,1,00:40:40.664,40,40,30,Pass,81,22,Leicester City,From Throw In,22,Leicester City,3665.0,Andrew Philip King,Right Center Midfield,64.5,55.8,78.6,41.8,1.662679,False,,,,,,Unknown,False,19.869827,-0.78183943,High Pass,Recovery,,,False,False,left_to_right,False,64.5,55.8,78.6,41.8,False,True,False,True
ea8b161f-8de6-4f5b-b811-69ef7f7b48c2,3754237,1338,1,00:40:42.393,40,42,22,Foul Committed,81,22,Leicester City,From Throw In,22,Leicester City,10960.0,Jamie Vardy,Left Center Forward,78.1,41.1,,,0.0,False,,,,,,,False,,,,,,,False,False,left_to_right,False,78.1,41.1,,,False,False,False,False
c840a3a9-850f-4abe-bfff-182ed521b695,3754237,1339,1,00:40:42.393,40,42,21,Foul Won,81,22,Leicester City,From Throw In,41,Sunderland,6300.0,Sebastián Coates Nión,Right Center Back,42.0,39.0,,,0.0,True,,,,,,,False,,,,,,,False,False,left_to_right,False,42.0,39.0,,,False,False,False,False
bea0904e-46bd-49cc-9d95-a99d418589c3,3754237,1340,1,00:40:50.527,40,50,30,Pass,82,41,Sunderland,From Free Kick,41,Sunderland,5617.0,Sebastian Larsson,Right Center Midfield,45.3,36.9,58.8,72.7,1.179178,False,,,,,,Incomplete,False,38.260815,1.2101902,High Pass,Free Kick,,,False,False,left_to_right,False,45.3,36.9,58.8,72.7,False,False,False,True
52d8f729-34ec-4d88-a50c-892d114dc7ab,3754237,1341,1,00:40:51.706,40,51,30,Pass,83,22,Leicester City,Regular Play,22,Leicester City,3662.0,Danny Drinkwater,Left Center Midfield,61.3,7.4,62.5,16.9,1.438767,False,,,,,,,True,9.57549,1.445146,Low Pass,Recovery,10960.0,Jamie Vardy,False,False,left_to_right,False,61.3,7.4,62.5,16.9,False,False,False,False
9e26f342-f487-40f9-9fdf-d14f76c703da,3754237,1342,1,00:40:53.145,40,53,42,Ball Receipt*,83,22,Leicester City,Regular Play,22,Leicester City,10960.0,Jamie Vardy,Left Center Forward,62.5,16.9,,,,False,,,,,,,False,,,,,,,False,False,left_to_right,False,62.5,16.9,,,False,False,False,False
7a1b369c-2b89-4913-aabd-e76fd9b9f5c1,3754237,1343,1,00:40:53.145,40,53,43,Carry,83,22,Leicester City,Regular Play,22,Leicester City,10960.0,Jamie Vardy,Left Center Forward,62.5,16.9,64.9,17.1,0.04,False,,,,,,,False,,,,,,,False,False,left_to_right,False,62.5,16.9,64.9,17.1,False,False,False,False
09ee8aca-cc01-4ce2-98f4-271f27298b59,3754237,1344,1,00:40:53.185,40,53,30,Pass,83,22,Leicester City,Regular Play,22,Leicester City,10960.0,Jamie Vardy,Left Center Forward,64.9,17.1,62.5,11.8,0.782266,False,,,,,,,True,5.818075,-1.9960014,Ground Pass,,3662.0,Danny Drinkwater,False,False,left_to_right,False,64.9,17.1,62.5,11.8,False,False,False,False
74c73047-1d2b-4787-9286-0ef7e3c4a368,3754237,1345,1,00:40:53.967,40,53,42,Ball Receipt*,83,22,Leicester City,Regular Play,22,Leicester City,3662.0,Danny Drinkwater,Left Center Midfield,62.5,11.8,,,,False,,,,,,,False,,,,,,,False,False,left_to_right,False,62.5,11.8,,,False,False,False,False
9d869422-21b3-4cfc-a111-baec9ddff47b,3754237,1346,1,00:40:53.967,40,53,43,Carry,83,22,Leicester City,Regular Play,22,Leicester City,3662.0,Danny Drinkwater,Left Center Midfield,62.5,11.8,70.5,9.8,1.927244,False,,,,,,,False,,,,,,,False,False,left_to_right,False,62.5,11.8,70.5,9.8,False,False,False,False
846ffc88-a330-4996-ac9a-c0eebcf9602e,3754237,1347,1,00:40:55.895,40,55,30,Pass,83,22,Leicester City,Regular Play,22,Leicester City,3662.0,Danny Drinkwater,Left Center Midfield,70.5,9.8,84.5,4.0,1.562047,False,,,,,,,True,15.153877,-0.39276066,Ground Pass,,3307.0,Marc Albrighton,False,False,left_to_right,False,70.5,9.8,84.5,4.0,False,False,True,False
cdf3f32b-4dc9-42ac-907a-118b85895c0d,3754237,1348,1,00:40:57.457,40,57,42,Ball Receipt*,83,22,Leicester City,Regular Play,22,Leicester City,3307.0,Marc Albrighton,Right Midfield,84.5,4.0,,,,False,,,,,,,False,,,,,,,False,False,left_to_right,False,84.5,4.0,,,False,False,False,False
85465b7a-06e1-4853-b402-86a6fe2fa309,3754237,1349,1,00:40:57.457,40,57,43,Carry,83,22,Leicester City,Regular Play,22,Leicester City,3307.0,Marc Albrighton,Right Midfield,84.5,4.0,84.5,4.2,0.699684,False,,,,,,,False,,,,,,,False,False,left_to_right,False,84.5,4.0,84.5,4.2,False,False,False,False
4e5d66b4-ec5a-477c-b65f-fabf34a99e11,3754237,1350,1,00:40:58.156,40,58,30,Pass,83,22,Leicester City,Regular Play,22,Leicester City,3307.0,Marc Albrighton,Right Midfield,84.5,4.2,78.1,5.4,0.850398,False,,,,,,,True,6.511528,2.9562447,Ground Pass,,3662.0,Danny Drinkwater,False,False,left_to_right,False,84.5,4.2,78.1,5.4,False,False,False,False
c4a0464c-3da1-4773-9871-d7dad9bacc8a,3754237,1351,1,00:40:59.007,40,59,42,Ball Receipt*,83,22,Leicester City,Regular Play,22,Leicester City,3662.0,Danny Drinkwater,Left Center Midfield,78.1,5.4,,,,False,,,,,,,False,,,,,,,False,False,left_to_right,False,78.1,5.4,,,False,False,False,False
78c4b727-f90a-4ade-adad-c0b03189dfd1,3754237,1352,1,00:40:59.007,40,59,43,Carry,83,22,Leicester City,Regular Play,22,Leicester City,3662.0,Danny Drinkwater,Left Center Midfield,78.1,5.4,80.4,10.4,2.121385,False,,,,,,,False,,,,,,,False,False,left_to_right,False,78.1,5.4,80.4,10.4,False,False,False,False
3db3b430-6e1b-4520-924b-a3a70ea750e8,3754237,1353,1,00:41:01.128,41,1,30,Pass,83,22,Leicester City,Regular Play,22,Leicester City,3662.0,Danny Drinkwater,Left Center Midfield,80.4,10.4,83.9,5.4,0.818903,False,,,,,,,True,6.1032777,-0.9600704,Ground Pass,,3307.0,Marc Albrighton,False,False,left_to_right,False,80.4,10.4,83.9,5.4,False,False,False,False
458a482e-eb39-47cf-a88e-5c691617b440,3754237,1354,1,00:41:01.947,41,1,42,Ball Receipt*,83,22,Leicester City,Regular Play,22,Leicester City,3307.0,Marc Albrighton,Right Midfield,83.9,5.4,,,,False,,,,,,,False,,,,,,,False,False,left_to_right,False,83.9,5.4,,,False,False,False,False
a67f78c5-4270-48aa-aa67-cc2e39297edc,3754237,1355,1,00:41:01.947,41,1,43,Carry,83,22,Leicester City,Regular Play,22,Leicester City,3307.0,Marc Albrighton,Right Midfield,83.9,5.4,81.8,4.5,1.65959,True,,,,,,,False,,,,,,,False,False,left_to_right,False,83.9,5.4,81.8,4.5,False,False,False,False
f6518a3d-b5b3-4821-8267-4b5749a80434,3754237,1356,1,00:41:02.765,41,2,17,Pressure,83,22,Leicester City,Regular Play,41,Sunderland,10503.0,Billy Jones,Right Back,35.8,75.9,,,0.832296,False,,,,,,,False,,,,,,,False,False,left_to_right,False,35.8,75.9,,,False,False,False,False
45c441e2-769a-4a19-9358-6f02d4d33fc9,3754237,1357,1,00:41:03.607,41,3,38,Miscontrol,83,22,Leicester City,Regular Play,22,Leicester City,3307.0,Marc Albrighton,Right Midfield,81.8,4.5,,,0.0,False,,,,,,,False,,,,,,,False,False,left_to_right,False,81.8,4.5,,,False,False,False,True
9c9fb7c5-2fd6-4839-8e22-e497c2cb692c,3754237,1358,1,00:41:04.733,41,4,17,Pressure,83,22,Leicester City,Regular Play,22,Leicester City,3307.0,Marc Albrighton,Right Midfield,84.3,3.3,,,1.402488,False,,,,,,,False,,,,,,,False,False,left_to_right,False,84.3,3.3,,,False,False,False,False
818ae3c3-aef4-484b-82da-581945b41feb,3754237,1359,1,00:41:05.030,41,5,30,Pass,84,41,Sunderland,Regular Play,41,Sunderland,10503.0,Billy Jones,Right Back,34.7,75.0,35.1,69.7,0.709796,True,,,,,,,True,5.315073,-1.4954674,Low Pass,Recovery,42902.0,Adam Johnson,False,False,left_to_right,False,34.7,75.0,35.1,69.7,False,False,False,False
890dc1dc-22d4-4fb5-a320-269bafd857e1,3754237,1360,1,00:41:05.740,41,5,42,Ball Receipt*,84,41,Sunderland,Regular Play,41,Sunderland,42902.0,Adam Johnson,Right Midfield,35.1,69.7,,,,True,,,,,,,False,,,,,,,False,False,left_to_right,False,35.1,69.7,,,False,False,False,False
df5d6a85-abcb-444c-a8a6-52575ceaa55a,3754237,1361,1,00:41:05.740,41,5,43,Carry,84,41,Sunderland,Regular Play,41,Sunderland,42902.0,Adam Johnson,Right Midfield,35.1,69.7,35.1,69.9,0.406253,True,,,,,,,False,,,,,,,False,False,left_to_right,False,35.1,69.7,35.1,69.9,False,False,False,False
d4f799d7-9eb9-43d2-a6b9-829a5206c007,3754237,1362,1,00:41:06.146,41,6,39,Dribbled Past,84,41,Sunderland,Regular Play,22,Leicester City,3307.0,Marc Albrighton,Right Midfield,85.0,10.2,,,0.0,False,,,,,,,False,,,,,,,False,False,left_to_right,False,85.0,10.2,,,False,False,False,False
555292c1-b975-4c3b-a4bf-1ac8e52b388f,3754237,1363,1,00:41:06.146,41,6,14,Dribble,84,41,Sunderland,Regular Play,41,Sunderland,42902.0,Adam Johnson,Right Midfield,35.1,69.9,,,0.0,True,,,,,,,False,,,,,,,False,False,left_to_right,False,35.1,69.9,,,False,False,False,False
8d8a7b1e-1be5-43ba-bf05-e2fc14aab361,3754237,1364,1,00:41:06.146,41,6,43,Carry,84,41,Sunderland,Regular Play,41,Sunderland,42902.0,Adam Johnson,Right Midfield,35.1,69.9,41.1,69.9,1.663778,True,,,,,,,False,,,,,,,False,False,left_to_right,False,35.1,69.9,41.1,69.9,False,False,False,False
4ea52b49-6f6a-4fee-8032-e8982627d1fd,3754237,1365,1,00:41:06.977,41,6,17,Pressure,84,41,Sunderland,Regular Play,22,Leicester City,3662.0,Danny Drinkwater,Left Center Midfield,80.4,9.8,,,0.579225,False,,,,,,,False,,,,,,,False,False,left_to_right,False,80.4,9.8,,,False,False,False,False
804eb7a4-276e-4bab-ae57-8759776bb4b0,3754237,1366,1,00:41:07.810,41,7,3,Dispossessed,84,41,Sunderland,Regular Play,41,Sunderland,42902.0,Adam Johnson,Right Midfield,41.1,69.9,,,0.0,True,,,,,,,False,,,,,,,False,False,left_to_right,False,41.1,69.9,,,False,False,False,True
cf5efacc-d7ea-4856-8ed4-4b93a88884da,3754237,1367,1,00:41:07.810,41,7,4,Duel,85,22,Leicester City,Regular Play,22,Leicester City,3662.0,Danny Drinkwater,Left Center Midfield,79.0,10.2,,,0.0,True,,,,,,,False,,,,,,,False,False,left_to_right,False,79.0,10.2,,,False,False,False,False
aa2e81ca-f283-4a22-a659-c3cb77c13c9b,3754237,1368,1,00:41:07.810,41,7,43,Carry,85,22,Leicester City,Regular Play,22,Leicester City,3662.0,Danny Drinkwater,Left Center Midfield,79.0,10.2,71.6,4.0,2.779261,True,,,,,,,False,,,,,,,False,False,left_to_right,False,79.0,10.2,71.6,4.0,False,False,False,False
ea5964c6-24e5-4530-aaa4-3b05ea94246b,3754237,1369,1,00:41:10.199,41,10,17,Pressure,85,22,Leicester City,Regular Play,41,Sunderland,3337.0,Jermain Defoe,Center Forward,48.0,75.6,,,1.095128,False,,,,,,,False,,,,,,,False,False,left_to_right,False,48.0,75.6,,,False,False,False,False
cc49729c-1b4c-47e8-8d71-f3c4dd8ea4b1,3754237,1370,1,00:41:10.589,41,10,30,Pass,85,22,Leicester City,Regular Play,22,Leicester City,3662.0,Danny Drinkwater,Left Center Midfield,71.6,4.0,64.9,4.2,0.214745,True,,,,,,,True,6.7029843,3.1117508,Ground Pass,,3520.0,Jeffrey Schlupp,False,False,left_to_right,False,71.6,4.0,64.9,4.2,False,False,False,False
fa792287-b528-4d15-947b-fe58cb696a38,3754237,1371,1,00:41:10.804,41,10,42,Ball Receipt*,85,22,Leicester City,Regular Play,22,Leicester City,3520.0,Jeffrey Schlupp,Left Back,64.9,4.2,,,,True,,,,,,,False,,,,,,,False,False,left_to_right,False,64.9,4.2,,,False,False,False,False
cf313030-95e7-481e-9986-fb4b7b26c8a7,3754237,1372,1,00:41:10.804,41,10,43,Carry,85,22,Leicester City,Regular Play,22,Leicester City,3520.0,Jeffrey Schlupp,Left Back,64.9,4.2,64.5,4.2,0.255202,True,,,,,,,False,,,,,,,False,False,left_to_right,False,64.9,4.2,64.5,4.2,False,False,False,False
9742a198-992e-4899-9cd4-4618af288a40,3754237,1373,1,00:41:11.059,41,11,30,Pass,85,22,Leicester City,Regular Play,22,Leicester City,3520.0,Jeffrey Schlupp,Left Back,64.5,4.2,67.0,3.1,0.735289,True,,,,,,,True,2.7313,-0.41450688,Low Pass,,3662.0,Danny Drinkwater,False,False,left_to_right,False,64.5,4.2,67.0,3.1,False,False,False,False
df93e2dc-a3d3-48ef-97ce-1f88ba82ee72,3754237,1374,1,00:41:11.795,41,11,42,Ball Receipt*,85,22,Leicester City,Regular Play,22,Leicester City,3662.0,Danny Drinkwater,Left Center Midfield,67.0,3.1,,,,False,,,,,,,False,,,,,,,False,False,left_to_right,False,67.0,3.1,,,False,False,False,False
0c1f74da-57f9-491e-8755-56505ece7f8d,3754237,1375,1,00:41:11.795,41,11,43,Carry,85,22,Leicester City,Regular Play,22,Leicester City,3662.0,Danny Drinkwater,Left Center Midfield,67.0,3.1,67.0,3.3,0.656414,False,,,,,,,False,,,,,,,False,False,left_to_right,False,67.0,3.1,67.0,3.3,False,False,False,False
61546d13-30ac-41a6-b901-ee435053b49d,3754237,1376,1,00:41:12.451,41,12,30,Pass,85,22,Leicester City,Regular Play,22,Leicester City,3662.0,Danny Drinkwater,Left Center Midfield,67.0,3.3,76.5,9.5,1.25912,False,,,,,,,True,11.344161,0.578223,Low Pass,,3307.0,Marc Albrighton,False,False,left_to_right,False,67.0,3.3,76.5,9.5,False,False,False,False
c332c104-c327-40c1-a69b-1e8638e23b43,3754237,1377,1,00:41:13.260,41,13,17,Pressure,85,22,Leicester City,Regular Play,41,Sunderland,10503.0,Billy Jones,Right Back,42.7,69.4,,,0.329789,False,,,,,,,False,,,,,,,False,False,left_to_right,False,42.7,69.4,,,False,False,False,False
7fa2898e-9c17-4cb6-8f16-693a9d4266d2,3754237,1378,1,00:41:13.710,41,13,42,Ball Receipt*,85,22,Leicester City,Regular Play,22,Leicester City,3307.0,Marc Albrighton,Right Midfield,76.5,9.5,,,,False,,,,,,,False,,,,,,,False,False,left_to_right,False,76.5,9.5,,,False,False,False,False
06c82227-7970-4580-9a42-8b0e260c5921,3754237,1379,1,00:41:13.710,41,13,43,Carry,85,22,Leicester City,Regular Play,22,Leicester City,3307.0,Marc Albrighton,Right Midfield,76.5,9.5,77.8,10.7,0.079999,True,,,,,,,False,,,,,,,False,False,left_to_right,False,76.5,9.5,77.8,10.7,False,False,False,False
9b30fbca-7403-4e43-99c9-a056b1efec92,3754237,1380,1,00:41:13.790,41,13,22,Foul Committed,85,22,Leicester City,Regular Play,41,Sunderland,10503.0,Billy Jones,Right Back,42.3,69.4,,,0.0,False,,,,,,,False,,,,,,,False,False,left_to_right,False,42.3,69.4,,,False,False,False,False
fc1299d6-4856-4685-a760-b7234270b4ca,3754237,1381,1,00:41:13.790,41,13,21,Foul Won,85,22,Leicester City,Regular Play,22,Leicester City,3307.0,Marc Albrighton,Right Midfield,77.8,10.7,,,0.0,True,,,,,,,False,,,,,,,False,False,left_to_right,False,77.8,10.7,,,False,False,False,False
59cf29bf-77d6-4bd5-8493-9d65331be0f3,3754237,1382,1,00:43:21.528,43,21,30,Pass,86,22,Leicester City,From Free Kick,22,Leicester City,3814.0,Riyad Mahrez,Left Midfield,79.5,6.3,78.6,9.8,0.485751,False,,,,,,,True,3.6138623,1.8224863,Ground Pass,Free Kick,3662.0,Danny Drinkwater,False,False,left_to_right,False,79.5,6.3,78.6,9.8,False,False,False,False
e3b120d0-3897-481e-a825-dcda3cf66396,3754237,1383,1,00:43:22.014,43,22,42,Ball Receipt*,86,22,Leicester City,From Free Kick,22,Leicester City,3662.0,Danny Drinkwater,Left Center Midfield,78.6,9.8,,,,False,,,,,,,False,,,,,,,False,False,left_to_right,False,78.6,9.8,,,False,False,False,False
6775efb8-8967-4d43-a8c3-210bfec1dfb0,3754237,1384,1,00:43:22.014,43,22,43,Carry,86,22,Leicester City,From Free Kick,22,Leicester City,3662.0,Danny Drinkwater,Left Center Midfield,78.6,9.8,78.6,11.6,0.079999,False,,,,,,,False,,,,,,,False,False,left_to_right,False,78.6,9.8,78.6,11.6,False,False,False,False
4b2bd23b-dd3c-44a0-9f8e-8eea5a7444f8,3754237,1385,1,00:43:22.094,43,22,30,Pass,86,22,Leicester City,From Free Kick,22,Leicester City,3662.0,Danny Drinkwater,Left Center Midfield,78.6,11.6,79.0,7.2,0.697151,False,,,,,,,True,4.418144,-1.4801364,Ground Pass,,3814.0,Riyad Mahrez,False,False,left_to_right,False,78.6,11.6,79.0,7.2,False,False,False,False
a516b226-0379-41ad-a0ea-fde19de81193,3754237,1386,1,00:43:22.791,43,22,42,Ball Receipt*,86,22,Leicester City,From Free Kick,22,Leicester City,3814.0,Riyad Mahrez,Left Midfield,79.0,7.2,,,,False,,,,,,,False,,,,,,,False,False,left_to_right,False,79.0,7.2,,,False,False,False,False
58ca6a26-d958-4e83-9d47-a8b3fc21c369,3754237,1387,1,00:43:22.791,43,22,43,Carry,86,22,Leicester City,From Free Kick,22,Leicester City,3814.0,Riyad Mahrez,Left Midfield,79.0,7.2,78.6,9.0,0.603022,False,,,,,,,False,,,,,,,False,False,left_to_right,False,79.0,7.2,78.6,9.0,False,False,False,False
a92b4445-3e43-4748-a81b-e987ed19a7de,3754237,1388,1,00:43:23.394,43,23,30,Pass,86,22,Leicester City,From Free Kick,22,Leicester City,3814.0,Riyad Mahrez,Left Midfield,78.6,9.0,81.0,4.5,0.744519,False,,,,,,,True,5.1,-1.080839,Ground Pass,,10960.0,Jamie Vardy,False,False,left_to_right,False,78.6,9.0,81.0,4.5,False,False,True,False
c3ea0b18-781e-42e6-8786-e5678b0fda12,3754237,1389,1,00:43:24.138,43,24,42,Ball Receipt*,86,22,Leicester City,From Free Kick,22,Leicester City,10960.0,Jamie Vardy,Left Center Forward,81.0,4.5,,,,False,,,,,,,False,,,,,,,False,False,left_to_right,False,81.0,4.5,,,False,False,False,False
6c107185-bc14-476b-bb57-70f19100996d,3754237,1390,1,00:43:24.138,43,24,43,Carry,86,22,Leicester City,From Free Kick,22,Leicester City,10960.0,Jamie Vardy,Left Center Forward,81.0,4.5,81.0,4.5,0.10521,False,,,,,,,False,,,,,,,False,False,left_to_right,False,81.0,4.5,81.0,4.5,False,False,False,False
79dcf8ce-2406-4f92-9548-413b12c7075a,3754237,1391,1,00:43:24.243,43,24,30,Pass,86,22,Leicester City,From Free Kick,22,Leicester City,10960.0,Jamie Vardy,Left Center Forward,81.0,4.5,61.7,5.4,1.084343,False,,,,,,,True,19.320972,3.0949943,Ground Pass,,3520.0,Jeffrey Schlupp,False,False,left_to_right,False,81.0,4.5,61.7,5.4,False,False,False,False
3d5008e4-3a9e-4e07-b3f3-52149fa28af2,3754237,1392,1,00:43:25.328,43,25,42,Ball Receipt*,86,22,Leicester City,From Free Kick,22,Leicester City,3520.0,Jeffrey Schlupp,Left Back,61.7,5.4,,,,False,,,,,,,False,,,,,,,False,False,left_to_right,False,61.7,5.4,,,False,False,False,False
df64f54f-cf22-4b3f-8c16-48e442d00d87,3754237,1393,1,00:43:25.328,43,25,43,Carry,86,22,Leicester City,From Free Kick,22,Leicester City,3520.0,Jeffrey Schlupp,Left Back,61.7,5.4,64.3,8.6,1.621274,False,,,,,,,False,,,,,,,False,False,left_to_right,False,61.7,5.4,64.3,8.6,False,False,False,False
041466b5-cd8b-4d3e-a6ad-e26df284c7b2,3754237,1394,1,00:43:26.949,43,26,30,Pass,86,22,Leicester City,From Free Kick,22,Leicester City,3520.0,Jeffrey Schlupp,Left Back,64.3,8.6,77.8,57.3,3.439817,False,,,,,,Incomplete,False,50.536522,1.300379,High Pass,,,,False,False,left_to_right,False,64.3,8.6,77.8,57.3,False,True,False,True
11df1eeb-29e3-466a-92f3-87dda7836ae3,3754237,1395,1,00:43:30.389,43,30,30,Pass,86,22,Leicester City,From Free Kick,41,Sunderland,16457.0,Jeremain Lens,Left Midfield,42.3,22.8,74.9,19.2,2.837758,True,,,,,,Incomplete,False,32.798172,-0.109983824,High Pass,Recovery,,,False,False,left_to_right,False,42.3,22.8,74.9,19.2,False,True,False,True
e099e366-a1f2-4d96-be78-b54446f5e13e,3754237,1396,1,00:43:30.389,43,30,4,Duel,86,22,Leicester City,From Free Kick,22,Leicester City,28782.0,Ritchie De Laet,Right Back,77.8,57.3,,,0.0,True,,,,,,,False,,,,,,,False,False,left_to_right,False,77.8,57.3,,,False,False,False,False
60903ab9-387c-4274-ad5d-2d1d0147da00,3754237,1397,1,00:43:33.227,43,33,2,Ball Recovery,86,22,Leicester City,From Free Kick,22,Leicester City,40123.0,Robert Huth,Right Center Back,45.2,60.9,,,0.0,False,,,,,,,False,,,,,,,False,False,left_to_right,False,45.2,60.9,,,False,False,False,False
e24e1bef-5702-4f7c-a51d-a1f0b323c944,3754237,1398,1,00:43:33.227,43,33,43,Carry,86,22,Leicester City,From Free Kick,22,Leicester City,40123.0,Robert Huth,Right Center Back,45.2,60.9,35.9,62.3,3.387401,False,,,,,,,False,,,,,,,False,False,left_to_right,False,45.2,60.9,35.9,62.3,False,False,False,False
83a2ac82-5e2f-4310-8f67-a876765e4a04,3754237,1399,1,00:43:36.614,43,36,30,Pass,86,22,Leicester City,From Free Kick,22,Leicester City,40123.0,Robert Huth,Right Center Back,35.9,62.3,37.0,33.3,2.224897,False,,,,,,,True,29.020855,-1.5328835,Ground Pass,,3813.0,Wes Morgan,False,False,left_to_right,False,35.9,62.3,37.0,33.3,False,False,False,False
590f5d04-4ab5-4a19-a65c-d0a8de348a1a,3754237,1400,1,00:43:38.839,43,38,42,Ball Receipt*,86,22,Leicester City,From Free Kick,22,Leicester City,3813.0,Wes Morgan,Left Center Back,37.0,33.3,,,,False,,,,,,,False,,,,,,,False,False,left_to_right,False,37.0,33.3,,,False,False,False,False
8fa373ad-2d9f-4b69-992b-d779dc11050a,3754237,1401,1,00:43:38.839,43,38,43,Carry,86,22,Leicester City,From Free Kick,22,Leicester City,3813.0,Wes Morgan,Left Center Back,37.0,33.3,50.4,29.8,3.239999,False,,,,,,,False,,,,,,,False,False,left_to_right,False,37.0,33.3,50.4,29.8,False,False,False,False
c1e520c7-c2d5-493d-a970-c0e82933a7a8,3754237,1402,1,00:43:42.079,43,42,30,Pass,86,22,Leicester City,From Free Kick,22,Leicester City,3813.0,Wes Morgan,Left Center Back,50.4,29.8,55.7,4.2,1.441293,False,,,,,,,True,26.142878,-1.3666492,Ground Pass,,3520.0,Jeffrey Schlupp,False,False,left_to_right,False,50.4,29.8,55.7,4.2,False,False,False,False
030a608e-5c2a-4c96-b062-cd032b47c1be,3754237,1403,1,00:43:43.520,43,43,42,Ball Receipt*,86,22,Leicester City,From Free Kick,22,Leicester City,3520.0,Jeffrey Schlupp,Left Back,55.7,4.2,,,,False,,,,,,,False,,,,,,,False,False,left_to_right,False,55.7,4.2,,,False,False,False,False
d7d3e7fa-af9d-44bb-8630-f7f800e8d470,3754237,1404,1,00:43:43.520,43,43,43,Carry,86,22,Leicester City,From Free Kick,22,Leicester City,3520.0,Jeffrey Schlupp,Left Back,55.7,4.2,55.7,4.2,0.858249,False,,,,,,,False,,,,,,,False,False,left_to_right,False,55.7,4.2,55.7,4.2,False,False,False,False
61fedec9-8eae-4bf6-8e96-612734726db0,3754237,1405,1,00:43:44.379,43,44,30,Pass,86,22,Leicester City,From Free Kick,22,Leicester City,3520.0,Jeffrey Schlupp,Left Back,55.7,4.2,64.3,23.6,1.066222,False,,,,,,,True,21.220745,1.1535289,Ground Pass,,3662.0,Danny Drinkwater,False,False,left_to_right,False,55.7,4.2,64.3,23.6,False,False,False,False
0f765f3b-b1a5-4390-aa18-9c4bdec4fead,3754237,1406,1,00:43:45.445,43,45,42,Ball Receipt*,86,22,Leicester City,From Free Kick,22,Leicester City,3662.0,Danny Drinkwater,Left Center Midfield,64.3,23.6,,,,False,,,,,,,False,,,,,,,False,False,left_to_right,False,64.3,23.6,,,False,False,False,False
6458d4a3-218c-46ed-8f83-0b7c590c589f,3754237,1407,1,00:43:45.445,43,45,43,Carry,86,22,Leicester City,From Free Kick,22,Leicester City,3662.0,Danny Drinkwater,Left Center Midfield,64.3,23.6,63.4,23.6,0.08,False,,,,,,,False,,,,,,,False,False,left_to_right,False,64.3,23.6,63.4,23.6,False,False,False,False
d895a57d-101c-4365-8996-639c025788c5,3754237,1408,1,00:43:45.525,43,45,30,Pass,86,22,Leicester City,From Free Kick,22,Leicester City,3662.0,Danny Drinkwater,Left Center Midfield,63.4,23.6,78.3,16.2,1.646838,False,,,,,,,True,16.636406,-0.46095943,Low Pass,,10960.0,Jamie Vardy,False,False,left_to_right,False,63.4,23.6,78.3,16.2,False,False,False,False
9b2d31fc-8db7-42fb-8ef5-b3d8477daaa1,3754237,1409,1,00:43:46.811,43,46,17,Pressure,86,22,Leicester City,From Free Kick,41,Sunderland,6300.0,Sebastián Coates Nión,Right Center Back,41.1,62.3,,,0.610555,False,,,,,,,False,,,,,,,False,False,left_to_right,False,41.1,62.3,,,False,False,False,False
1d0c813e-cd0d-46e7-b3a2-bdd65320ec4e,3754237,1410,1,00:43:47.172,43,47,42,Ball Receipt*,86,22,Leicester City,From Free Kick,22,Leicester City,10960.0,Jamie Vardy,Left Center Forward,78.3,16.2,,,,True,,,,,,,False,,,,,,,False,False,left_to_right,False,78.3,16.2,,,False,False,False,False
a8c5a793-67c2-4aa7-b28f-47b1183a8a9d,3754237,1411,1,00:43:47.204,43,47,30,Pass,86,22,Leicester City,From Free Kick,22,Leicester City,10960.0,Jamie Vardy,Left Center Forward,77.8,17.8,76.9,20.6,0.275273,True,,,,,,Incomplete,False,2.9410882,1.8817946,Low Pass,,,,False,False,left_to_right,False,77.8,17.8,76.9,20.6,False,False,False,True
d43efe08-f61a-4182-b88e-a29fcd0cf6c9,3754237,1412,1,00:43:47.479,43,47,6,Block,86,22,Leicester City,From Free Kick,41,Sunderland,6300.0,Sebastián Coates Nión,Right Center Back,43.2,59.5,,,0.0,False,,,,,,,False,,,,,,,False,False,left_to_right,False,43.2,59.5,,,False,False,False,False
2c6cf8f7-35fd-4a51-810f-dd3f5e755ceb,3754237,1413,1,00:43:47.611,43,47,22,Foul Committed,86,22,Leicester City,From Free Kick,41,Sunderland,6300.0,Sebastián Coates Nión,Right Center Back,43.8,59.5,,,0.0,False,,,,,,,False,,,,,,,False,False,left_to_right,False,43.8,59.5,,,False,False,False,False
7af052fc-c0f4-4710-bf5a-607da1bf53fc,3754237,1414,1,00:44:06.252,44,6,30,Pass,87,22,Leicester City,From Free Kick,22,Leicester City,3662.0,Danny Drinkwater,Left Center Midfield,76.0,21.0,99.7,70.8,3.231271,False,,,,,,,True,55.151882,1.126611,High Pass,Free Kick,28782.0,Ritchie De Laet,False,False,left_to_right,False,76.0,21.0,99.7,70.8,False,False,True,False
6a1b2ca2-4ee9-4174-af8f-6485c6e3b32b,3754237,1415,1,00:44:09.483,44,9,42,Ball Receipt*,87,22,Leicester City,From Free Kick,22,Leicester City,28782.0,Ritchie De Laet,Right Back,99.7,70.8,,,,False,,,,,,,False,,,,,,,False,False,left_to_right,False,99.7,70.8,,,False,False,False,False
eae1e90f-bd93-4d1b-9286-7dea0543cc66,3754237,1416,1,00:44:09.483,44,9,43,Carry,87,22,Leicester City,From Free Kick,22,Leicester City,28782.0,Ritchie De Laet,Right Back,99.7,70.8,99.7,70.8,2.368761,False,,,,,,,False,,,,,,,False,False,left_to_right,False,99.7,70.8,99.7,70.8,False,False,False,False
5ddcd8ce-95d4-45ff-9c05-2ca91fe444f3,3754237,1417,1,00:44:11.852,44,11,30,Pass,87,22,Leicester City,From Free Kick,22,Leicester City,28782.0,Ritchie De Laet,Right Back,99.7,70.8,112.9,35.6,1.785384,False,,,,,,Incomplete,False,37.593616,-1.2120256,High Pass,,,,False,False,left_to_right,False,99.7,70.8,112.9,35.6,False,True,False,True
6cb60746-b3bf-490a-8474-6b100d0958c9,3754237,1418,1,00:44:13.638,44,13,23,Goal Keeper,88,41,Sunderland,From Keeper,41,Sunderland,6871.0,Costel Fane Pantilimon,Goalkeeper,7.2,44.5,,,0.0,False,,,,,,,False,,,,,,,False,False,left_to_right,False,7.2,44.5,,,False,False,False,False
2599204f-22ae-4d7a-9e7f-ee72d19d76c0,3754237,1419,1,00:44:13.638,44,13,43,Carry,88,41,Sunderland,From Keeper,41,Sunderland,6871.0,Costel Fane Pantilimon,Goalkeeper,7.2,44.5,7.2,44.5,5.501864,False,,,,,,,False,,,,,,,False,False,left_to_right,False,7.2,44.5,7.2,44.5,False,False,False,False
34bebb47-8802-4b10-837f-a7c2e8415ea4,3754237,1420,1,00:44:19.139,44,19,30,Pass,88,41,Sunderland,From Keeper,41,Sunderland,6871.0,Costel Fane Pantilimon,Goalkeeper,7.2,44.5,22.9,12.0,0.878643,False,,,,,,,True,36.09349,-1.1207786,Ground Pass,,18751.0,Jack Rodwell,False,False,left_to_right,False,7.2,44.5,22.9,12.0,False,False,False,False
9e4489c7-615c-4ca5-886e-f08c349c2812,3754237,1421,1,00:44:20.018,44,20,42,Ball Receipt*,88,41,Sunderland,From Keeper,41,Sunderland,18751.0,Jack Rodwell,Left Center Midfield,22.9,12.0,,,,False,,,,,,,False,,,,,,,False,False,left_to_right,False,22.9,12.0,,,False,False,False,False
f535ae6b-0915-46ea-bee2-525489b18691,3754237,1422,1,00:44:20.018,44,20,43,Carry,88,41,Sunderland,From Keeper,41,Sunderland,18751.0,Jack Rodwell,Left Center Midfield,22.9,12.0,28.6,12.3,1.188612,False,,,,,,,False,,,,,,,False,False,left_to_right,False,22.9,12.0,28.6,12.3,False,False,False,False
2b05e4c9-c740-4204-b6a5-1826ba88fec3,3754237,1423,1,00:44:21.207,44,21,30,Pass,88,41,Sunderland,From Keeper,41,Sunderland,18751.0,Jack Rodwell,Left Center Midfield,28.6,12.3,44.4,15.5,1.344818,False,,,,,,Incomplete,False,16.120794,0.19982864,Ground Pass,,16457.0,Jeremain Lens,False,False,left_to_right,False,28.6,12.3,44.4,15.5,False,False,False,True
f5deb511-f423-4e6e-bc95-191335557423,3754237,1424,1,00:44:22.552,44,22,42,Ball Receipt*,88,41,Sunderland,From Keeper,41,Sunderland,16457.0,Jeremain Lens,Left Midfield,47.6,18.5,,,,False,,,,,,,False,,,,,,,False,False,left_to_right,False,47.6,18.5,,,False,False,False,False
4081947f-5b6c-4170-8474-a941c8ce81bf,3754237,1425,1,00:44:22.552,44,22,10,Interception,89,22,Leicester City,Regular Play,22,Leicester City,3810.0,Shinji Okazaki,Right Center Forward,75.7,64.6,,,0.0,False,,,,,,,False,,,,,,,False,False,left_to_right,False,75.7,64.6,,,False,False,False,False
4a1d06d8-b3b3-4f6f-89bf-ad4ba59a540d,3754237,1426,1,00:44:22.552,44,22,43,Carry,89,22,Leicester City,Regular Play,22,Leicester City,3810.0,Shinji Okazaki,Right Center Forward,75.7,64.6,56.6,72.2,2.140195,False,,,,,,,False,,,,,,,False,False,left_to_right,False,75.7,64.6,56.6,72.2,False,False,False,False
423a3095-4866-440c-a6e7-19ae6b77b4b0,3754237,1427,1,00:44:24.692,44,24,30,Pass,89,22,Leicester City,Regular Play,22,Leicester City,3810.0,Shinji Okazaki,Right Center Forward,56.6,72.2,50.2,68.1,1.264061,False,,,,,,,True,7.600658,-2.5718362,Ground Pass,,28782.0,Ritchie De Laet,False,False,left_to_right,False,56.6,72.2,50.2,68.1,False,False,False,False
cb737e72-399a-41d9-9ad7-dfebaaf44102,3754237,1428,1,00:44:25.956,44,25,42,Ball Receipt*,89,22,Leicester City,Regular Play,22,Leicester City,28782.0,Ritchie De Laet,Right Back,50.2,68.1,,,,False,,,,,,,False,,,,,,,False,False,left_to_right,False,50.2,68.1,,,False,False,False,False
ff65b391-1535-4e8f-80a3-cf0bb2cd08bf,3754237,1429,1,00:44:25.956,44,25,43,Carry,89,22,Leicester City,Regular Play,22,Leicester City,28782.0,Ritchie De Laet,Right Back,50.2,68.1,50.2,68.1,0.040000003,False,,,,,,,False,,,,,,,False,False,left_to_right,False,50.2,68.1,50.2,68.1,False,False,False,False
3526d883-7040-4623-a13d-9700ee84ad79,3754237,1430,1,00:44:25.996,44,25,30,Pass,89,22,Leicester City,Regular Play,22,Leicester City,28782.0,Ritchie De Laet,Right Back,50.2,68.1,56.4,62.8,0.71659,False,,,,,,,True,8.156592,-0.7072965,Ground Pass,,3665.0,Andrew Philip King,False,False,left_to_right,False,50.2,68.1,56.4,62.8,False,False,False,False
d41a2121-e6fd-4b65-ae31-6fcd49cf1ed2,3754237,1431,1,00:44:26.712,44,26,42,Ball Receipt*,89,22,Leicester City,Regular Play,22,Leicester City,3665.0,Andrew Philip King,Right Center Midfield,56.4,62.8,,,,False,,,,,,,False,,,,,,,False,False,left_to_right,False,56.4,62.8,,,False,False,False,False
187fb0e2-079f-4da0-92bf-8570c4324872,3754237,1432,1,00:44:26.712,44,26,43,Carry,89,22,Leicester City,Regular Play,22,Leicester City,3665.0,Andrew Philip King,Right Center Midfield,56.4,62.8,56.4,62.8,0.040000003,False,,,,,,,False,,,,,,,False,False,left_to_right,False,56.4,62.8,56.4,62.8,False,False,False,False
7715d784-a79d-43e2-a4d7-79e26733e4a5,3754237,1433,1,00:44:26.752,44,26,30,Pass,89,22,Leicester City,Regular Play,22,Leicester City,3665.0,Andrew Philip King,Right Center Midfield,56.4,62.8,48.4,68.5,0.634145,False,,,,,,,True,9.822932,2.5225265,Ground Pass,,28782.0,Ritchie De Laet,False,False,left_to_right,False,56.4,62.8,48.4,68.5,False,False,False,False
d719f5bc-e9a6-41ea-84af-a458ba2f9199,3754237,1434,1,00:44:27.387,44,27,42,Ball Receipt*,89,22,Leicester City,Regular Play,22,Leicester City,28782.0,Ritchie De Laet,Right Back,48.4,68.5,,,,False,,,,,,,False,,,,,,,False,False,left_to_right,False,48.4,68.5,,,False,False,False,False
977bacb8-b02f-42f6-9f70-0fabb6aad488,3754237,1435,1,00:44:27.387,44,27,43,Carry,89,22,Leicester City,Regular Play,22,Leicester City,28782.0,Ritchie De Laet,Right Back,48.4,68.5,48.4,68.5,0.16,False,,,,,,,False,,,,,,,False,False,left_to_right,False,48.4,68.5,48.4,68.5,False,False,False,False
2d10e883-183b-4661-b25d-2c09f4b0e2c3,3754237,1436,1,00:44:27.547,44,27,30,Pass,89,22,Leicester City,Regular Play,22,Leicester City,28782.0,Ritchie De Laet,Right Back,48.4,68.5,64.5,73.1,1.30559,False,,,,,,,True,16.744253,0.27829966,Ground Pass,,3810.0,Shinji Okazaki,False,False,left_to_right,False,48.4,68.5,64.5,73.1,False,False,False,False
9a9bbdf1-0cb0-4240-8fd6-0df84f37b33e,3754237,1437,1,00:44:28.852,44,28,42,Ball Receipt*,89,22,Leicester City,Regular Play,22,Leicester City,3810.0,Shinji Okazaki,Right Center Forward,64.5,73.1,,,,False,,,,,,,False,,,,,,,False,False,left_to_right,False,64.5,73.1,,,False,False,False,False
ddc92878-54ca-4256-a9a3-c7d712f171e4,3754237,1438,1,00:44:28.852,44,28,43,Carry,89,22,Leicester City,Regular Play,22,Leicester City,3810.0,Shinji Okazaki,Right Center Forward,64.5,73.1,65.4,72.9,2.119999,False,,,,,,,False,,,,,,,False,False,left_to_right,False,64.5,73.1,65.4,72.9,False,False,False,False
c9e08fe1-5867-40cb-9428-b417e3fd127c,3754237,1439,1,00:44:30.972,44,30,30,Pass,89,22,Leicester City,Regular Play,22,Leicester City,3810.0,Shinji Okazaki,Right Center Forward,65.4,72.9,61.9,63.4,1.022594,False,,,,,,,True,10.1242285,-1.9237868,Ground Pass,,3665.0,Andrew Philip King,False,False,left_to_right,False,65.4,72.9,61.9,63.4,False,False,False,False
c3670a9c-592c-46d6-8288-908d8bb5657e,3754237,1440,1,00:44:31.995,44,31,42,Ball Receipt*,89,22,Leicester City,Regular Play,22,Leicester City,3665.0,Andrew Philip King,Right Center Midfield,61.9,63.4,,,,False,,,,,,,False,,,,,,,False,False,left_to_right,False,61.9,63.4,,,False,False,False,False
d25870d0-4953-4e26-80a8-522f3d75fbaa,3754237,1441,1,00:44:31.995,44,31,43,Carry,89,22,Leicester City,Regular Play,22,Leicester City,3665.0,Andrew Philip King,Right Center Midfield,61.9,63.4,63.4,63.4,1.119998,False,,,,,,,False,,,,,,,False,False,left_to_right,False,61.9,63.4,63.4,63.4,False,False,False,False
cab74762-c4b7-4f4b-ad31-7f1d278b036d,3754237,1442,1,00:44:33.115,44,33,30,Pass,89,22,Leicester City,Regular Play,22,Leicester City,3665.0,Andrew Philip King,Right Center Midfield,63.4,63.4,48.4,28.0,2.059783,False,,,,,,,True,38.446846,-1.9715898,Ground Pass,,3813.0,Wes Morgan,False,False,left_to_right,False,63.4,63.4,48.4,28.0,False,False,False,False
18b0523e-4020-421e-9115-2ec13ae8b6f9,3754237,1443,1,00:44:35.174,44,35,42,Ball Receipt*,89,22,Leicester City,Regular Play,22,Leicester City,3813.0,Wes Morgan,Left Center Back,48.4,28.0,,,,False,,,,,,,False,,,,,,,False,False,left_to_right,False,48.4,28.0,,,False,False,False,False
84afc648-fca8-4402-a79c-aebb21312293,3754237,1444,1,00:44:35.174,44,35,43,Carry,89,22,Leicester City,Regular Play,22,Leicester City,3813.0,Wes Morgan,Left Center Back,48.4,28.0,56.9,22.2,2.85212,False,,,,,,,False,,,,,,,False,False,left_to_right,False,48.4,28.0,56.9,22.2,False,False,False,False
66023fc9-2715-4073-9458-762347d0f045,3754237,1445,1,00:44:38.027,44,38,30,Pass,89,22,Leicester City,Regular Play,22,Leicester City,3813.0,Wes Morgan,Left Center Back,56.9,22.2,57.8,6.0,1.349387,False,,,,,,,True,16.224981,-1.5152978,Ground Pass,,3520.0,Jeffrey Schlupp,False,False,left_to_right,False,56.9,22.2,57.8,6.0,False,False,False,False
3879cca0-b7e7-4982-918b-0b24923d43a9,3754237,1446,1,00:44:39.376,44,39,42,Ball Receipt*,89,22,Leicester City,Regular Play,22,Leicester City,3520.0,Jeffrey Schlupp,Left Back,57.8,6.0,,,,False,,,,,,,False,,,,,,,False,False,left_to_right,False,57.8,6.0,,,False,False,False,False
81362838-1a32-4284-892c-94112cf18ebf,3754237,1447,1,00:44:39.376,44,39,43,Carry,89,22,Leicester City,Regular Play,22,Leicester City,3520.0,Jeffrey Schlupp,Left Back,57.8,6.0,78.3,20.3,4.233572,False,,,,,,,False,,,,,,,False,False,left_to_right,False,57.8,6.0,78.3,20.3,True,False,False,False
09142c48-5bde-47b9-bc9f-b9590705f5ac,3754237,1448,1,00:44:43.610,44,43,30,Pass,89,22,Leicester City,Regular Play,22,Leicester City,3520.0,Jeffrey Schlupp,Left Back,78.3,20.3,86.6,33.3,0.496465,False,,,,,,,True,15.423683,1.0025753,Ground Pass,,3810.0,Shinji Okazaki,False,False,left_to_right,False,78.3,20.3,86.6,33.3,False,True,True,False
beecb7ec-57c3-4db9-8d8e-9f3ec6c0a613,3754237,1449,1,00:44:44.106,44,44,42,Ball Receipt*,89,22,Leicester City,Regular Play,22,Leicester City,3810.0,Shinji Okazaki,Right Center Forward,86.6,33.3,,,,False,,,,,,,False,,,,,,,False,False,left_to_right,False,86.6,33.3,,,False,False,False,False
51a8b55f-0037-4400-8e89-fd5c6d158eba,3754237,1450,1,00:44:44.106,44,44,43,Carry,89,22,Leicester City,Regular Play,22,Leicester City,3810.0,Shinji Okazaki,Right Center Forward,86.6,33.3,85.9,33.0,1.574961,False,,,,,,,False,,,,,,,False,False,left_to_right,False,86.6,33.3,85.9,33.0,False,False,False,False
9537af15-5401-44b9-b544-9c48f80a74ed,3754237,1451,1,00:44:45.681,44,45,30,Pass,89,22,Leicester City,Regular Play,22,Leicester City,3810.0,Shinji Okazaki,Right Center Forward,85.9,33.0,86.2,14.2,1.577042,False,,,,,,,True,18.802393,-1.5548402,Ground Pass,,3307.0,Marc Albrighton,False,False,left_to_right,False,85.9,33.0,86.2,14.2,False,False,False,False
a13b9f3a-5b15-4822-bac0-ef0e2835487e,3754237,1452,1,00:44:47.258,44,47,42,Ball Receipt*,89,22,Leicester City,Regular Play,22,Leicester City,3307.0,Marc Albrighton,Right Midfield,86.2,14.2,,,,False,,,,,,,False,,,,,,,False,False,left_to_right,False,86.2,14.2,,,False,False,False,False
12fff24c-abdb-47c8-81b6-f7a664a50e34,3754237,1453,1,00:44:47.258,44,47,43,Carry,89,22,Leicester City,Regular Play,22,Leicester City,3307.0,Marc Albrighton,Right Midfield,86.2,14.2,85.0,15.3,1.2,False,,,,,,,False,,,,,,,False,False,left_to_right,False,86.2,14.2,85.0,15.3,False,False,False,False
6d937eee-ff4f-4b48-9d89-22459142040c,3754237,1454,1,00:44:48.458,44,48,30,Pass,89,22,Leicester City,Regular Play,22,Leicester City,3307.0,Marc Albrighton,Right Midfield,85.0,15.3,106.2,33.5,1.333587,False,,,,,,Incomplete,False,27.94065,0.7094027,High Pass,,,,False,False,left_to_right,False,85.0,15.3,106.2,33.5,False,True,False,True
59cc13aa-205e-4038-9422-83c618d991c8,3754237,1455,1,00:44:49.792,44,49,9,Clearance,89,22,Leicester City,Regular Play,41,Sunderland,4746.0,Younes Kaboul,Left Center Back,13.9,46.6,,,0.0,True,,,,,,,False,,,,,,,False,False,left_to_right,False,13.9,46.6,,,False,False,False,False
11113be8-5a91-48f4-9295-4282eb834c2e,3754237,1456,1,00:44:52.040,44,52,30,Pass,89,22,Leicester City,Regular Play,22,Leicester City,28782.0,Ritchie De Laet,Right Back,64.0,45.3,43.5,52.0,2.613303,False,,,,,,,True,21.567104,2.8257072,Low Pass,Recovery,40123.0,Robert Huth,False,False,left_to_right,False,64.0,45.3,43.5,52.0,False,False,False,False
cf5e6257-a499-4bc8-9dd2-1eaf80512332,3754237,1457,1,00:44:54.654,44,54,42,Ball Receipt*,89,22,Leicester City,Regular Play,22,Leicester City,40123.0,Robert Huth,Right Center Back,43.5,52.0,,,,False,,,,,,,False,,,,,,,False,False,left_to_right,False,43.5,52.0,,,False,False,False,False
b7cfa0b8-b84d-4d16-b890-68127ea10764,3754237,1458,1,00:44:54.654,44,54,43,Carry,89,22,Leicester City,Regular Play,22,Leicester City,40123.0,Robert Huth,Right Center Back,43.5,52.0,44.6,53.5,0.410379,False,,,,,,,False,,,,,,,False,False,left_to_right,False,43.5,52.0,44.6,53.5,False,False,False,False
f3455ea8-cdda-4d29-a727-d0afd8042c95,3754237,1459,1,00:44:55.064,44,55,30,Pass,89,22,Leicester City,Regular Play,22,Leicester City,40123.0,Robert Huth,Right Center Back,44.6,53.5,11.0,46.2,3.08,False,,,,,,,True,34.38386,-2.9276555,Ground Pass,,3815.0,Kasper Schmeichel,False,False,left_to_right,False,44.6,53.5,11.0,46.2,False,False,False,False
ec94375a-7006-4244-b619-06558b8a165b,3754237,1460,1,00:44:58.144,44,58,42,Ball Receipt*,89,22,Leicester City,Regular Play,22,Leicester City,3815.0,Kasper Schmeichel,Goalkeeper,11.0,46.2,,,,False,,,,,,,False,,,,,,,False,False,left_to_right,False,11.0,46.2,,,False,False,False,False
fecb0f50-4063-4144-86d8-bbf83d5665f7,3754237,1461,1,00:44:58.144,44,58,43,Carry,89,22,Leicester City,Regular Play,22,Leicester City,3815.0,Kasper Schmeichel,Goalkeeper,11.0,46.2,11.0,46.8,0.08,False,,,,,,,False,,,,,,,False,False,left_to_right,False,11.0,46.2,11.0,46.8,False,False,False,False
9672858c-62f1-4ddd-bd11-111a7dea37dd,3754237,1462,1,00:44:58.224,44,58,30,Pass,89,22,Leicester City,Regular Play,22,Leicester City,3815.0,Kasper Schmeichel,Goalkeeper,11.0,46.8,69.3,9.0,3.775838,False,,,,,,Incomplete,False,69.481865,-0.57522887,High Pass,,,,False,False,left_to_right,False,11.0,46.8,69.3,9.0,False,True,False,True
f9238e63-1a2f-4177-a065-313cb39c01e7,3754237,1463,1,00:45:02.000,45,2,2,Ball Recovery,90,41,Sunderland,Regular Play,41,Sunderland,42902.0,Adam Johnson,Right Midfield,50.8,71.1,,,0.0,False,,,,,,,False,,,,,,,False,False,left_to_right,False,50.8,71.1,,,False,False,False,False
dc23e0b1-5d7e-44fc-a9ed-4a463b24712b,3754237,1464,1,00:45:02.000,45,2,43,Carry,90,41,Sunderland,Regular Play,41,Sunderland,42902.0,Adam Johnson,Right Midfield,50.8,71.1,51.5,64.8,2.499062,False,,,,,,,False,,,,,,,False,False,left_to_right,False,50.8,71.1,51.5,64.8,False,False,False,False
72b6719a-3e6e-4686-9b89-6c39a8d93e0c,3754237,1465,1,00:45:04.499,45,4,30,Pass,90,41,Sunderland,Regular Play,41,Sunderland,42902.0,Adam Johnson,Right Midfield,51.5,64.8,53.1,39.0,1.269515,False,,,,,,,True,25.849566,-1.5088601,Ground Pass,,18751.0,Jack Rodwell,False,False,left_to_right,False,51.5,64.8,53.1,39.0,False,False,False,False
281df7a7-5f9f-4f24-8612-4eed3841f32b,3754237,1466,1,00:45:05.768,45,5,42,Ball Receipt*,90,41,Sunderland,Regular Play,41,Sunderland,18751.0,Jack Rodwell,Left Center Midfield,53.1,39.0,,,,False,,,,,,,False,,,,,,,False,False,left_to_right,False,53.1,39.0,,,False,False,False,False
bc2020c9-5491-408d-a22a-7ded80e15986,3754237,1467,1,00:45:05.768,45,5,43,Carry,90,41,Sunderland,Regular Play,41,Sunderland,18751.0,Jack Rodwell,Left Center Midfield,53.1,39.0,63.2,27.8,3.453858,False,,,,,,,False,,,,,,,False,False,left_to_right,False,53.1,39.0,63.2,27.8,False,False,False,False
8fc417b0-7005-4d84-a272-f3bf56dd6498,3754237,1468,1,00:45:09.222,45,9,30,Pass,90,41,Sunderland,Regular Play,41,Sunderland,18751.0,Jack Rodwell,Left Center Midfield,63.2,27.8,77.3,7.6,1.816198,False,,,,,,,True,24.634325,-0.96140057,Ground Pass,,16457.0,Jeremain Lens,False,False,left_to_right,False,63.2,27.8,77.3,7.6,False,False,False,False
a7e2e493-6513-4f42-8ea3-18e458e784c8,3754237,1469,1,00:45:11.038,45,11,42,Ball Receipt*,90,41,Sunderland,Regular Play,41,Sunderland,16457.0,Jeremain Lens,Left Midfield,77.3,7.6,,,,False,,,,,,,False,,,,,,,False,False,left_to_right,False,77.3,7.6,,,False,False,False,False
f29655f0-d881-496c-8d35-9439974014d4,3754237,1470,1,00:45:11.038,45,11,43,Carry,90,41,Sunderland,Regular Play,41,Sunderland,16457.0,Jeremain Lens,Left Midfield,77.3,7.6,75.2,7.6,0.040000003,False,,,,,,,False,,,,,,,False,False,left_to_right,False,77.3,7.6,75.2,7.6,False,False,False,False
77cdd793-10e1-4c54-98c7-b6328b247750,3754237,1471,1,00:45:11.078,45,11,30,Pass,90,41,Sunderland,Regular Play,41,Sunderland,16457.0,Jeremain Lens,Left Midfield,75.2,7.6,58.2,12.8,1.456799,False,,,,,,,True,17.777514,2.844748,Ground Pass,,3321.0,Patrick van Aanholt,False,False,left_to_right,False,75.2,7.6,58.2,12.8,False,False,False,False
560e081f-d4f9-41d9-a964-24911f3c060b,3754237,1472,1,00:45:12.535,45,12,42,Ball Receipt*,90,41,Sunderland,Regular Play,41,Sunderland,3321.0,Patrick van Aanholt,Left Back,58.2,12.8,,,,False,,,,,,,False,,,,,,,False,False,left_to_right,False,58.2,12.8,,,False,False,False,False
5cf21766-776c-44bf-8b50-fde8eaef8f41,3754237,1473,1,00:45:12.535,45,12,43,Carry,90,41,Sunderland,Regular Play,41,Sunderland,3321.0,Patrick van Aanholt,Left Back,58.2,12.8,60.5,12.5,1.590733,False,,,,,,,False,,,,,,,False,False,left_to_right,False,58.2,12.8,60.5,12.5,False,False,False,False
091cdab0-2720-4d8d-93a3-1ced0a1726c7,3754237,1474,1,00:45:14.126,45,14,30,Pass,90,41,Sunderland,Regular Play,41,Sunderland,3321.0,Patrick van Aanholt,Left Back,60.5,12.5,50.3,23.4,1.343633,False,,,,,,,True,14.928162,2.3230312,Ground Pass,,4746.0,Younes Kaboul,False,False,left_to_right,False,60.5,12.5,50.3,23.4,False,False,False,False
8e1f68ec-863f-4b34-88f7-9a2ab93bf606,3754237,1475,1,00:45:15.470,45,15,42,Ball Receipt*,90,41,Sunderland,Regular Play,41,Sunderland,4746.0,Younes Kaboul,Left Center Back,50.3,23.4,,,,False,,,,,,,False,,,,,,,False,False,left_to_right,False,50.3,23.4,,,False,False,False,False
7f8b7f49-6f22-4397-a125-7c1d66ff66a5,3754237,1476,1,00:45:15.470,45,15,43,Carry,90,41,Sunderland,Regular Play,41,Sunderland,4746.0,Younes Kaboul,Left Center Back,50.3,23.4,49.9,24.5,1.087128,False,,,,,,,False,,,,,,,False,False,left_to_right,False,50.3,23.4,49.9,24.5,False,False,False,False
e15e9c60-b184-4977-a29e-cd8c29a1f1a1,3754237,1477,1,00:45:16.557,45,16,30,Pass,90,41,Sunderland,Regular Play,41,Sunderland,4746.0,Younes Kaboul,Left Center Back,49.9,24.5,59.3,38.6,0.780016,False,,,,,,,True,16.94609,0.98279375,Ground Pass,,42902.0,Adam Johnson,False,False,left_to_right,False,49.9,24.5,59.3,38.6,False,False,False,False
6b0da67c-3ad8-4707-860a-7f11b1b0be7f,3754237,1478,1,00:45:17.337,45,17,42,Ball Receipt*,90,41,Sunderland,Regular Play,41,Sunderland,42902.0,Adam Johnson,Right Midfield,59.3,38.6,,,,False,,,,,,,False,,,,,,,False,False,left_to_right,False,59.3,38.6,,,False,False,False,False
3045461a-9013-4e04-9a6e-f8c32331bc8e,3754237,1479,1,00:45:17.337,45,17,43,Carry,90,41,Sunderland,Regular Play,41,Sunderland,42902.0,Adam Johnson,Right Midfield,59.3,38.6,57.6,38.3,1.953861,False,,,,,,,False,,,,,,,False,False,left_to_right,False,59.3,38.6,57.6,38.3,False,False,False,False
70e2f1a9-63ca-4adb-8dbb-eb3956854b81,3754237,1480,1,00:45:19.291,45,19,30,Pass,90,41,Sunderland,Regular Play,41,Sunderland,42902.0,Adam Johnson,Right Midfield,57.6,38.3,74.9,75.2,1.917855,False,,,,,,,True,40.754143,1.1323904,High Pass,,10503.0,Billy Jones,False,False,left_to_right,False,57.6,38.3,74.9,75.2,False,False,False,False
c2b0b296-2d7c-44ca-823f-a91262af4b3a,3754237,1481,1,00:45:21.208,45,21,42,Ball Receipt*,90,41,Sunderland,Regular Play,41,Sunderland,10503.0,Billy Jones,Right Back,74.9,75.2,,,,False,,,,,,,False,,,,,,,False,False,left_to_right,False,74.9,75.2,,,False,False,False,False
27d9155b-19f7-417c-ac77-a5b646fc41f8,3754237,1482,1,00:45:21.208,45,21,43,Carry,90,41,Sunderland,Regular Play,41,Sunderland,10503.0,Billy Jones,Right Back,74.9,75.2,77.8,72.7,0.933039,False,,,,,,,False,,,,,,,False,False,left_to_right,False,74.9,75.2,77.8,72.7,False,False,False,False
bdebd269-fc04-4e70-ba75-945f12c1ae27,3754237,1483,1,00:45:22.141,45,22,30,Pass,90,41,Sunderland,Regular Play,41,Sunderland,10503.0,Billy Jones,Right Back,77.8,72.7,70.8,67.6,1.074559,False,,,,,,,True,8.660831,-2.5119474,Ground Pass,,5617.0,Sebastian Larsson,False,False,left_to_right,False,77.8,72.7,70.8,67.6,False,False,False,False
42756182-eadc-4de5-85db-0d657ae34ed1,3754237,1484,1,00:45:23.216,45,23,42,Ball Receipt*,90,41,Sunderland,Regular Play,41,Sunderland,5617.0,Sebastian Larsson,Right Center Midfield,70.8,67.6,,,,False,,,,,,,False,,,,,,,False,False,left_to_right,False,70.8,67.6,,,False,False,False,False
f091eecc-2e70-4b0a-914a-5087864d70d9,3754237,1485,1,00:45:23.216,45,23,43,Carry,90,41,Sunderland,Regular Play,41,Sunderland,5617.0,Sebastian Larsson,Right Center Midfield,70.8,67.6,72.2,68.0,0.040000003,False,,,,,,,False,,,,,,,False,False,left_to_right,False,70.8,67.6,72.2,68.0,False,False,False,False
2b3f2df1-4bea-44c7-80bf-c82a1a310033,3754237,1486,1,00:45:23.256,45,23,30,Pass,90,41,Sunderland,Regular Play,41,Sunderland,5617.0,Sebastian Larsson,Right Center Midfield,72.2,68.0,71.1,72.9,0.859873,False,,,,,,,True,5.0219517,1.7916251,Ground Pass,,10503.0,Billy Jones,False,False,left_to_right,False,72.2,68.0,71.1,72.9,False,False,False,False
8b09110c-568d-4f7b-a1b1-3f5d0e059c82,3754237,1487,1,00:45:24.116,45,24,42,Ball Receipt*,90,41,Sunderland,Regular Play,41,Sunderland,10503.0,Billy Jones,Right Back,71.1,72.9,,,,False,,,,,,,False,,,,,,,False,False,left_to_right,False,71.1,72.9,,,False,False,False,False
abc3e165-a630-453d-b79f-4a8cc3c2508d,3754237,1488,1,00:45:24.116,45,24,43,Carry,90,41,Sunderland,Regular Play,41,Sunderland,10503.0,Billy Jones,Right Back,71.1,72.9,70.2,70.8,0.756746,False,,,,,,,False,,,,,,,False,False,left_to_right,False,71.1,72.9,70.2,70.8,False,False,False,False
c1ab9415-bc97-454a-b728-0bff39e06a16,3754237,1489,1,00:45:24.873,45,24,30,Pass,90,41,Sunderland,Regular Play,41,Sunderland,10503.0,Billy Jones,Right Back,70.2,70.8,72.5,54.7,0.922822,False,,,,,,,True,16.263456,-1.4288993,Ground Pass,,42902.0,Adam Johnson,False,False,left_to_right,False,70.2,70.8,72.5,54.7,False,False,False,False
ee42aefe-0424-419b-a2c5-919865b261be,3754237,1490,1,00:45:25.795,45,25,42,Ball Receipt*,90,41,Sunderland,Regular Play,41,Sunderland,42902.0,Adam Johnson,Right Midfield,72.5,54.7,,,,False,,,,,,,False,,,,,,,False,False,left_to_right,False,72.5,54.7,,,False,False,False,False
64db9c82-d710-4e6e-89e3-9d1adb62dc24,3754237,1491,1,00:45:25.795,45,25,43,Carry,90,41,Sunderland,Regular Play,41,Sunderland,42902.0,Adam Johnson,Right Midfield,72.5,54.7,72.2,58.6,1.003771,True,,,,,,,False,,,,,,,False,False,left_to_right,False,72.5,54.7,72.2,58.6,False,False,False,False
0f9ffe27-9fc6-45af-9732-acaa3c0b9a7c,3754237,1492,1,00:45:26.021,45,26,17,Pressure,90,41,Sunderland,Regular Play,22,Leicester City,3810.0,Shinji Okazaki,Right Center Forward,48.1,25.9,,,0.869426,False,,,,,,,False,,,,,,,False,False,left_to_right,False,48.1,25.9,,,False,False,False,False
58c07f9a-bd41-4397-a237-d73cef39fcb8,3754237,1493,1,00:45:26.799,45,26,30,Pass,90,41,Sunderland,Regular Play,41,Sunderland,42902.0,Adam Johnson,Right Midfield,72.2,58.6,78.2,72.9,1.140741,True,,,,,,,True,15.50774,1.1735251,Ground Pass,,10503.0,Billy Jones,False,False,left_to_right,False,72.2,58.6,78.2,72.9,False,False,False,False
aef6f6c9-d53b-42e1-8ff9-8e52a8688db2,3754237,1494,1,00:45:27.940,45,27,42,Ball Receipt*,90,41,Sunderland,Regular Play,41,Sunderland,10503.0,Billy Jones,Right Back,78.2,72.9,,,,False,,,,,,,False,,,,,,,False,False,left_to_right,False,78.2,72.9,,,False,False,False,False
4afeba93-9144-4b1e-bda8-935099db96c2,3754237,1495,1,00:45:27.940,45,27,43,Carry,90,41,Sunderland,Regular Play,41,Sunderland,10503.0,Billy Jones,Right Back,78.2,72.9,79.6,72.7,0.217469,False,,,,,,,False,,,,,,,False,False,left_to_right,False,78.2,72.9,79.6,72.7,False,False,False,False
30420d6e-8cfa-4b52-a4f4-c3eddabf6dae,3754237,1496,1,00:45:28.157,45,28,38,Miscontrol,90,41,Sunderland,Regular Play,41,Sunderland,10503.0,Billy Jones,Right Back,79.6,72.7,,,0.0,False,,,,,,,False,,,,,,,False,False,left_to_right,False,79.6,72.7,,,False,False,False,True
57ee8bd9-167e-446c-a3ef-51b1ba376809,3754237,1497,1,00:45:28.626,45,28,17,Pressure,90,41,Sunderland,Regular Play,41,Sunderland,10503.0,Billy Jones,Right Back,83.7,69.9,,,0.483654,False,,,,,,,False,,,,,,,False,False,left_to_right,False,83.7,69.9,,,False,False,False,False
42ba30ef-2c65-45ea-9acf-1fb39073e495,3754237,1498,1,00:45:29.122,45,29,30,Pass,90,41,Sunderland,Regular Play,22,Leicester City,3520.0,Jeffrey Schlupp,Left Back,34.1,11.6,98.3,12.7,6.017269,False,,,,,,Incomplete,False,64.20942,0.01713228,High Pass,Recovery,,,False,False,left_to_right,False,34.1,11.6,98.3,12.7,False,True,True,True
104b54f5-7f66-451f-981f-bd11d97b3a31,3754237,1499,1,00:45:35.139,45,35,30,Pass,90,41,Sunderland,Regular Play,41,Sunderland,6300.0,Sebastián Coates Nión,Right Center Back,21.8,67.4,11.6,50.1,1.261308,False,,,,,,,True,20.083078,-2.1035302,Low Pass,Recovery,6871.0,Costel Fane Pantilimon,False,False,left_to_right,False,21.8,67.4,11.6,50.1,False,False,False,False
05168cc1-ba47-4da1-af9c-872fe2cbff83,3754237,1500,1,00:45:35.735,45,35,17,Pressure,90,41,Sunderland,Regular Play,22,Leicester City,10960.0,Jamie Vardy,Left Center Forward,105.3,24.5,,,0.736536,False,,,,,,,False,,,,,,,False,False,left_to_right,False,105.3,24.5,,,False,False,False,False
80307eee-ee28-49da-ab4e-32efc0c54d00,3754237,1501,1,00:45:36.400,45,36,42,Ball Receipt*,90,41,Sunderland,Regular Play,41,Sunderland,6871.0,Costel Fane Pantilimon,Goalkeeper,11.6,50.1,,,,True,,,,,,,False,,,,,,,False,False,left_to_right,False,11.6,50.1,,,False,False,False,False
babaab48-59c2-4665-8758-87440d7d17e4,3754237,1502,1,00:45:36.400,45,36,30,Pass,90,41,Sunderland,Regular Play,41,Sunderland,6871.0,Costel Fane Pantilimon,Goalkeeper,11.3,50.3,54.0,59.5,3.542469,True,,,,,,,True,43.67986,0.21221262,High Pass,,5617.0,Sebastian Larsson,False,False,left_to_right,False,11.3,50.3,54.0,59.5,False,True,False,False
33b8e9ee-ea09-44b3-80a0-eb35dec13a6b,3754237,1503,1,00:45:39.943,45,39,42,Ball Receipt*,90,41,Sunderland,Regular Play,41,Sunderland,5617.0,Sebastian Larsson,Right Center Midfield,54.0,59.5,,,,False,,,,,,,False,,,,,,,False,False,left_to_right,False,54.0,59.5,,,False,False,False,False
cd443688-488c-4681-9579-ae69cfc685ac,3754237,1504,1,00:45:39.983,45,39,30,Pass,90,41,Sunderland,Regular Play,41,Sunderland,5617.0,Sebastian Larsson,Right Center Midfield,52.0,60.3,65.8,60.9,1.127223,True,,,,,,Incomplete,False,13.813037,0.043450896,High Pass,,9554.0,Steven Fletcher,False,False,left_to_right,False,52.0,60.3,65.8,60.9,False,False,False,True
049636b6-56b3-4436-91e3-96d21466fbb4,3754237,1505,1,00:45:39.983,45,39,4,Duel,90,41,Sunderland,Regular Play,22,Leicester City,3662.0,Danny Drinkwater,Left Center Midfield,68.1,19.8,,,0.0,True,,,,,,,False,,,,,,,False,False,left_to_right,False,68.1,19.8,,,False,False,False,False
6c1396d3-939d-42ee-b823-b3c3c2556399,3754237,1506,1,00:45:41.110,45,41,42,Ball Receipt*,90,41,Sunderland,Regular Play,41,Sunderland,9554.0,Steven Fletcher,Center Defensive Midfield,66.9,56.8,,,,False,,,,,,,False,,,,,,,False,False,left_to_right,False,66.9,56.8,,,False,False,False,False
7a5d9bf8-097a-48f3-9e18-c3cad04bb990,3754237,1507,1,00:45:41.110,45,41,2,Ball Recovery,91,22,Leicester City,Regular Play,22,Leicester City,3665.0,Andrew Philip King,Right Center Midfield,54.3,19.2,,,0.0,False,,,,,,,False,,,,,,,False,False,left_to_right,False,54.3,19.2,,,False,False,False,False
ec235cc9-43b5-4763-bbc3-eb394f539216,3754237,1508,1,00:45:41.110,45,41,43,Carry,91,22,Leicester City,Regular Play,22,Leicester City,3665.0,Andrew Philip King,Right Center Midfield,54.3,19.2,57.3,21.0,0.830311,False,,,,,,,False,,,,,,,False,False,left_to_right,False,54.3,19.2,57.3,21.0,False,False,False,False
9c8ed87a-3105-4c44-81ad-f503d77ac517,3754237,1509,1,00:45:41.940,45,41,30,Pass,91,22,Leicester City,Regular Play,22,Leicester City,3665.0,Andrew Philip King,Right Center Midfield,57.3,21.0,73.4,3.3,1.894574,False,,,,,,,True,23.926971,-0.83270013,High Pass,,3307.0,Marc Albrighton,False,False,left_to_right,False,57.3,21.0,73.4,3.3,False,False,False,False
8bdf8d3c-f82e-42a7-880d-dcb0a02993e0,3754237,1510,1,00:45:43.835,45,43,42,Ball Receipt*,91,22,Leicester City,Regular Play,22,Leicester City,3307.0,Marc Albrighton,Right Midfield,73.4,3.3,,,,False,,,,,,,False,,,,,,,False,False,left_to_right,False,73.4,3.3,,,False,False,False,False
0989ea00-717b-4c85-812b-00e13c600762,3754237,1511,1,00:45:43.835,45,43,43,Carry,91,22,Leicester City,Regular Play,22,Leicester City,3307.0,Marc Albrighton,Right Midfield,73.4,3.3,73.4,3.3,0.126948,False,,,,,,,False,,,,,,,False,False,left_to_right,False,73.4,3.3,73.4,3.3,False,False,False,False
fe150b59-ca17-4b44-96f7-98d5e8e63d20,3754237,1512,1,00:45:43.962,45,43,30,Pass,91,22,Leicester City,Regular Play,22,Leicester City,3307.0,Marc Albrighton,Right Midfield,73.4,3.3,77.2,18.9,1.874883,False,,,,,,,True,16.056152,1.3318598,Low Pass,,3662.0,Danny Drinkwater,False,False,left_to_right,False,73.4,3.3,77.2,18.9,False,False,False,False
96f70f08-441f-48c9-a3e0-8236b60bdfdf,3754237,1513,1,00:45:45.165,45,45,17,Pressure,91,22,Leicester City,Regular Play,41,Sunderland,5617.0,Sebastian Larsson,Right Center Midfield,42.7,58.3,,,0.745743,False,,,,,,,False,,,,,,,False,False,left_to_right,False,42.7,58.3,,,False,False,False,False
4c741931-b6e3-40af-8305-ba7b144390de,3754237,1514,1,00:45:45.837,45,45,42,Ball Receipt*,91,22,Leicester City,Regular Play,22,Leicester City,3662.0,Danny Drinkwater,Left Center Midfield,77.2,18.9,,,,True,,,,,,,False,,,,,,,False,False,left_to_right,False,77.2,18.9,,,False,False,False,False
0981a077-3fb5-4e94-8615-8dcc39d41ac5,3754237,1515,1,00:45:45.837,45,45,43,Carry,91,22,Leicester City,Regular Play,22,Leicester City,3662.0,Danny Drinkwater,Left Center Midfield,77.2,18.9,78.1,23.1,0.008445001,True,,,,,,,False,,,,,,,False,False,left_to_right,False,77.2,18.9,78.1,23.1,False,False,False,False
cf9ff88c-cfb0-40b4-aaaa-ed665cb4c31d,3754237,1516,1,00:45:45.845,45,45,30,Pass,91,22,Leicester City,Regular Play,22,Leicester City,3662.0,Danny Drinkwater,Left Center Midfield,78.1,23.1,83.6,31.2,1.373044,True,,,,,,,True,9.7908125,0.9742953,Ground Pass,,10960.0,Jamie Vardy,False,False,left_to_right,False,78.1,23.1,83.6,31.2,False,False,True,False
9f062ad5-8383-4b3a-8723-76d2a7a34786,3754237,1517,1,00:45:47.218,45,47,42,Ball Receipt*,91,22,Leicester City,Regular Play,22,Leicester City,10960.0,Jamie Vardy,Left Center Forward,83.6,31.2,,,,False,,,,,,,False,,,,,,,False,False,left_to_right,False,83.6,31.2,,,False,False,False,False
b2cba65c-7318-4ce1-bbf2-fa7bc5d83bda,3754237,1518,1,00:45:47.218,45,47,43,Carry,91,22,Leicester City,Regular Play,22,Leicester City,10960.0,Jamie Vardy,Left Center Forward,83.6,31.2,81.5,29.8,0.909315,False,,,,,,,False,,,,,,,False,False,left_to_right,False,83.6,31.2,81.5,29.8,False,False,False,False
e46b62cc-2d13-4db4-aafc-addefe198f0a,3754237,1519,1,00:45:48.127,45,48,30,Pass,91,22,Leicester City,Regular Play,22,Leicester City,10960.0,Jamie Vardy,Left Center Forward,81.5,29.8,83.0,34.2,0.939467,False,,,,,,,True,4.648656,1.2422432,Ground Pass,,3810.0,Shinji Okazaki,False,False,left_to_right,False,81.5,29.8,83.0,34.2,False,False,False,False
0fe164ad-f871-4789-a567-18e1ae830bad,3754237,1520,1,00:45:49.067,45,49,42,Ball Receipt*,91,22,Leicester City,Regular Play,22,Leicester City,3810.0,Shinji Okazaki,Right Center Forward,83.0,34.2,,,,False,,,,,,,False,,,,,,,False,False,left_to_right,False,83.0,34.2,,,False,False,False,False
23ea9511-2f34-4c4b-8c59-8fa51bab7d85,3754237,1521,1,00:45:49.067,45,49,43,Carry,91,22,Leicester City,Regular Play,22,Leicester City,3810.0,Shinji Okazaki,Right Center Forward,83.0,34.2,91.2,32.7,1.907105,False,,,,,,,False,,,,,,,False,False,left_to_right,False,83.0,34.2,91.2,32.7,False,False,False,False
e7bfbe42-2679-4ce6-96df-e56f87dce3e6,3754237,1522,1,00:45:50.974,45,50,30,Pass,91,22,Leicester City,Regular Play,22,Leicester City,3810.0,Shinji Okazaki,Right Center Forward,91.2,32.7,87.7,38.8,1.068268,False,,,,,,,True,7.03278,2.091706,Ground Pass,,3662.0,Danny Drinkwater,True,False,left_to_right,False,91.2,32.7,87.7,38.8,False,False,False,False
b8998866-de50-4cc0-b4ee-bfd1bb8dec38,3754237,1523,1,00:45:52.042,45,52,42,Ball Receipt*,91,22,Leicester City,Regular Play,22,Leicester City,3662.0,Danny Drinkwater,Left Center Midfield,87.7,38.8,,,,False,,,,,,,False,,,,,,,False,False,left_to_right,False,87.7,38.8,,,False,False,False,False
026e0407-00d6-46d5-be1a-6ed41049af01,3754237,1524,1,00:45:52.202,45,52,16,Shot,91,22,Leicester City,Regular Play,22,Leicester City,3662.0,Danny Drinkwater,Left Center Midfield,91.0,37.8,117.9,37.6,0.910395,False,0.029784301,Saved,Right Foot,Normal,Open Play,,False,,,,,,,False,False,left_to_right,False,91.0,37.8,117.9,37.6,False,False,False,False
1564ff5c-07e9-4644-b847-bd6c7cc3de41,3754237,1525,1,00:45:53.113,45,53,23,Goal Keeper,91,22,Leicester City,Regular Play,41,Sunderland,6871.0,Costel Fane Pantilimon,Goalkeeper,2.8,40.3,,,0.0,False,,,,,,,False,,,,,,,False,False,left_to_right,False,2.8,40.3,,,False,False,False,False
9e4f89aa-1c09-418f-92ae-a855127ced6f,3754237,1526,1,00:46:24.897,46,24,30,Pass,92,22,Leicester City,From Throw In,22,Leicester City,3520.0,Jeffrey Schlupp,Left Back,110.6,0.1,103.2,6.0,0.51898,False,,,,,,,True,9.464143,2.4685018,Low Pass,Throw-in,3307.0,Marc Albrighton,False,False,left_to_right,False,110.6,0.1,103.2,6.0,False,False,False,False
f42e3f2d-a909-4942-8d71-3e34086cf3f8,3754237,1527,1,00:46:25.416,46,25,42,Ball Receipt*,92,22,Leicester City,From Throw In,22,Leicester City,3307.0,Marc Albrighton,Right Midfield,103.2,6.0,,,,False,,,,,,,False,,,,,,,False,False,left_to_right,False,103.2,6.0,,,False,False,False,False
7f03d147-9509-41d0-9927-2cf20b0392c8,3754237,1528,1,00:46:25.416,46,25,43,Carry,92,22,Leicester City,From Throw In,22,Leicester City,3307.0,Marc Albrighton,Right Midfield,103.2,6.0,104.4,5.8,0.524423,True,,,,,,,False,,,,,,,False,False,left_to_right,False,103.2,6.0,104.4,5.8,False,False,False,False
f43cc025-a241-460c-93c1-52ddcfbb4962,3754237,1529,1,00:46:25.467,46,25,17,Pressure,92,22,Leicester City,From Throw In,41,Sunderland,10503.0,Billy Jones,Right Back,15.3,72.4,,,0.655579,False,,,,,,,False,,,,,,,False,False,left_to_right,False,15.3,72.4,,,False,False,False,False
0f148637-52a4-44db-8154-20e74a1312d8,3754237,1530,1,00:46:25.941,46,25,22,Foul Committed,92,22,Leicester City,From Throw In,41,Sunderland,10503.0,Billy Jones,Right Back,15.7,74.3,,,0.0,False,,,,,,,False,,,,,,,False,False,left_to_right,False,15.7,74.3,,,False,False,False,False
b9edad56-ee50-4c85-bed4-cf2265076478,3754237,1531,1,00:46:25.941,46,25,21,Foul Won,92,22,Leicester City,From Throw In,22,Leicester City,3307.0,Marc Albrighton,Right Midfield,104.4,5.8,,,0.0,True,,,,,,,False,,,,,,,False,False,left_to_right,False,104.4,5.8,,,False,False,False,False
74f2ea8e-7d1a-47cd-b9f9-f0852d680c5b,3754237,1532,1,00:47:13.996,47,13,30,Pass,93,22,Leicester City,From Free Kick,22,Leicester City,3307.0,Marc Albrighton,Right Midfield,108.0,7.7,115.2,33.9,0.92848,False,,,,,,Incomplete,False,27.171309,1.3026075,High Pass,Free Kick,,,False,False,left_to_right,False,108.0,7.7,115.2,33.9,False,True,False,True
e32356b8-07b3-48c6-853a-06cef3f61b0b,3754237,1533,1,00:47:14.925,47,14,9,Clearance,93,22,Leicester City,From Free Kick,41,Sunderland,9554.0,Steven Fletcher,Center Defensive Midfield,4.9,46.2,,,0.0,True,,,,,,,False,,,,,,,False,False,left_to_right,False,4.9,46.2,,,False,False,False,False
2929c574-be0a-4637-a525-b57e98764e55,3754237,1534,1,00:47:18.242,47,18,30,Pass,93,22,Leicester City,From Free Kick,22,Leicester City,3665.0,Andrew Philip King,Right Center Midfield,83.6,60.5,20.9,55.8,9.076848,False,,,,,,,True,62.875908,-3.0667725,Low Pass,Recovery,3815.0,Kasper Schmeichel,False,False,left_to_right,False,83.6,60.5,20.9,55.8,False,False,False,False
e1e12e87-a064-493e-9a2c-1286138f60f9,3754237,1535,1,00:47:27.319,47,27,42,Ball Receipt*,93,22,Leicester City,From Free Kick,22,Leicester City,3815.0,Kasper Schmeichel,Goalkeeper,20.9,55.8,,,,False,,,,,,,False,,,,,,,False,False,left_to_right,False,20.9,55.8,,,False,False,False,False
91d5925e-51e0-49f3-9809-302cc06a35ec,3754237,1536,1,00:47:27.319,47,27,43,Carry,93,22,Leicester City,From Free Kick,22,Leicester City,3815.0,Kasper Schmeichel,Goalkeeper,20.9,55.8,20.0,63.7,0.04,False,,,,,,,False,,,,,,,False,False,left_to_right,False,20.9,55.8,20.0,63.7,False,False,False,False
8b8535b7-9d6a-4b41-8a3f-702f152475cd,3754237,1537,1,00:47:27.359,47,27,30,Pass,93,22,Leicester City,From Free Kick,22,Leicester City,3815.0,Kasper Schmeichel,Goalkeeper,20.0,63.7,93.9,26.8,3.483342,False,,,,,,Incomplete,False,82.600365,-0.4631062,High Pass,,,,False,False,left_to_right,False,20.0,63.7,93.9,26.8,False,True,True,True
11e806c5-8797-42f0-8e93-83425c682faa,3754237,1538,1,00:47:30.842,47,30,30,Pass,93,22,Leicester City,From Free Kick,41,Sunderland,10503.0,Billy Jones,Right Back,26.2,53.3,10.4,47.8,1.856468,False,,,,,,,True,16.729914,-2.8066103,Low Pass,Recovery,6871.0,Costel Fane Pantilimon,False,False,left_to_right,False,26.2,53.3,10.4,47.8,False,False,False,False
b6255ae7-fdfc-4aa0-9cf2-fc5105de68e5,3754237,1539,1,00:47:32.699,47,32,42,Ball Receipt*,93,22,Leicester City,From Free Kick,41,Sunderland,6871.0,Costel Fane Pantilimon,Goalkeeper,10.4,47.8,,,,False,,,,,,,False,,,,,,,False,False,left_to_right,False,10.4,47.8,,,False,False,False,False
d3ac0f52-4599-4ecd-b9b3-ba0a7eaef80a,3754237,1540,1,00:47:32.699,47,32,43,Carry,93,22,Leicester City,From Free Kick,41,Sunderland,6871.0,Costel Fane Pantilimon,Goalkeeper,10.4,47.8,15.1,41.3,7.107533,False,,,,,,,False,,,,,,,False,False,left_to_right,False,10.4,47.8,15.1,41.3,False,False,False,False
c5f2bbe1-8ef7-421e-b0c7-98fb3d0b1867,3754237,1541,1,00:47:39.806,47,39,30,Pass,93,22,Leicester City,From Free Kick,41,Sunderland,6871.0,Costel Fane Pantilimon,Goalkeeper,15.1,41.3,89.0,45.7,4.745895,False,,,,,,Incomplete,False,74.03087,0.05946971,High Pass,,9554.0,Steven Fletcher,False,False,left_to_right,False,15.1,41.3,89.0,45.7,False,True,True,True
c544e8ad-2928-4f89-9307-c044388ce042,3754237,1542,1,00:47:44.552,47,44,42,Ball Receipt*,93,22,Leicester City,From Free Kick,41,Sunderland,9554.0,Steven Fletcher,Center Defensive Midfield,86.9,45.4,,,,False,,,,,,,False,,,,,,,False,False,left_to_right,False,86.9,45.4,,,False,False,False,False
9329186e-196d-4798-ab7b-005313571f7b,3754237,1543,1,00:47:44.552,47,44,30,Pass,93,22,Leicester City,From Free Kick,22,Leicester City,40123.0,Robert Huth,Right Center Back,31.1,34.4,52.3,39.1,2.122397,False,,,,,,,True,21.71474,0.21816945,High Pass,Recovery,3814.0,Riyad Mahrez,False,False,left_to_right,False,31.1,34.4,52.3,39.1,False,False,False,False
9571a3c3-9879-4dd7-94c8-973f210c3f80,3754237,1544,1,00:00:00.156,0,0,42,Ball Receipt*,93,22,Leicester City,From Free Kick,22,Leicester City,3814.0,Riyad Mahrez,Left Midfield,52.3,39.1,,,,False,,,,,,,False,,,,,,,False,False,left_to_right,False,52.3,39.1,,,False,False,False,False
12a924c1-8a05-49e9-8d62-ff5999f950e6,3754237,1545,1,00:47:46.527,47,46,34,Half End,93,22,Leicester City,From Free Kick,41,Sunderland,,,,,,,,0.0,False,,,,,,,False,,,,,,,False,False,left_to_right,False,,,,,False,False,False,False
eecf650a-2aa8-4cb3-9cc5-b53f3b0be867,3754237,1546,1,00:47:46.527,47,46,34,Half End,93,22,Leicester City,From Free Kick,22,Leicester City,,,,,,,,0.0,False,,,,,,,False,,,,,,,False,False,left_to_right,False,,,,,False,False,False,False
e3cf5a9f-f16d-4fd1-8c2b-9277328b90ce,3754237,1547,2,00:00:00.000,45,0,18,Half Start,93,22,Leicester City,From Free Kick,41,Sunderland,,,,,,,,0.0,False,,,,,,,False,,,,,,,False,False,left_to_right,False,,,,,False,False,False,False
1e461953-e695-4c59-b448-27be254de680,3754237,1548,2,00:00:00.000,45,0,18,Half Start,93,22,Leicester City,From Free Kick,22,Leicester City,,,,,,,,0.0,False,,,,,,,False,,,,,,,False,False,left_to_right,False,,,,,False,False,False,False
e1a5c568-cb10-4afc-92b5-c41451464715,3754237,1549,2,00:00:00.156,45,0,30,Pass,94,41,Sunderland,From Kick Off,41,Sunderland,3337.0,Jermain Defoe,Center Forward,60.0,40.0,54.6,42.9,1.012067,False,,,,,,,True,6.129437,2.6487563,Ground Pass,Kick Off,5617.0,Sebastian Larsson,False,False,left_to_right,False,60.0,40.0,54.6,42.9,False,False,False,False
9cdfe8b4-8d02-4556-a791-ac776c2ca530,3754237,1550,2,00:00:01.168,45,1,42,Ball Receipt*,94,41,Sunderland,From Kick Off,41,Sunderland,5617.0,Sebastian Larsson,Right Center Midfield,54.6,42.9,,,,False,,,,,,,False,,,,,,,False,False,left_to_right,False,54.6,42.9,,,False,False,False,False
86ef5f89-5da8-41fe-885b-184becae6f1a,3754237,1551,2,00:00:01.168,45,1,43,Carry,94,41,Sunderland,From Kick Off,41,Sunderland,5617.0,Sebastian Larsson,Right Center Midfield,54.6,42.9,54.3,42.9,0.435647,False,,,,,,,False,,,,,,,False,False,left_to_right,False,54.6,42.9,54.3,42.9,False,False,False,False
3a0f0713-f469-4f94-9d55-0bec1f0e1d6e,3754237,1552,2,00:00:01.604,45,1,30,Pass,94,41,Sunderland,From Kick Off,41,Sunderland,5617.0,Sebastian Larsson,Right Center Midfield,54.3,42.9,34.7,32.3,1.199999,False,,,,,,,True,22.282728,-2.6458275,Ground Pass,,4746.0,Younes Kaboul,False,False,left_to_right,False,54.3,42.9,34.7,32.3,False,False,False,False
1f54fb3d-72d8-4131-a251-a551ce834cd1,3754237,1553,2,00:00:02.804,45,2,42,Ball Receipt*,94,41,Sunderland,From Kick Off,41,Sunderland,4746.0,Younes Kaboul,Left Center Back,34.7,32.3,,,,False,,,,,,,False,,,,,,,False,False,left_to_right,False,34.7,32.3,,,False,False,False,False
6e5e74d1-fe85-49fd-a368-503db34ba240,3754237,1554,2,00:00:02.804,45,2,43,Carry,94,41,Sunderland,From Kick Off,41,Sunderland,4746.0,Younes Kaboul,Left Center Back,34.7,32.3,34.7,32.3,1.239999,False,,,,,,,False,,,,,,,False,False,left_to_right,False,34.7,32.3,34.7,32.3,False,False,False,False
43dcb05b-6b8c-4702-bd70-78ea94837755,3754237,1555,2,00:00:04.044,45,4,30,Pass,94,41,Sunderland,From Kick Off,41,Sunderland,4746.0,Younes Kaboul,Left Center Back,34.7,32.3,32.4,54.0,0.997404,False,,,,,,,True,21.821548,1.6763929,Ground Pass,,6300.0,Sebastián Coates Nión,False,False,left_to_right,False,34.7,32.3,32.4,54.0,False,False,False,False
86dc6741-f012-4f99-8f3f-f4bdffae22d7,3754237,1556,2,00:00:05.041,45,5,42,Ball Receipt*,94,41,Sunderland,From Kick Off,41,Sunderland,6300.0,Sebastián Coates Nión,Right Center Back,32.4,54.0,,,,False,,,,,,,False,,,,,,,False,False,left_to_right,False,32.4,54.0,,,False,False,False,False
c8bb5765-d512-4179-b575-f8d106c0eead,3754237,1557,2,00:00:05.041,45,5,43,Carry,94,41,Sunderland,From Kick Off,41,Sunderland,6300.0,Sebastián Coates Nión,Right Center Back,32.4,54.0,33.5,55.2,1.290522,False,,,,,,,False,,,,,,,False,False,left_to_right,False,32.4,54.0,33.5,55.2,False,False,False,False
87111a85-a4db-4e73-88a2-6fcb6fbb7a24,3754237,1558,2,00:00:06.332,45,6,30,Pass,94,41,Sunderland,From Kick Off,41,Sunderland,6300.0,Sebastián Coates Nión,Right Center Back,33.5,55.2,47.0,70.2,1.006291,False,,,,,,,True,20.180435,0.8379812,Ground Pass,,10503.0,Billy Jones,False,False,left_to_right,False,33.5,55.2,47.0,70.2,False,False,False,False
ea96a343-70f5-4b89-90e7-2589a8426c11,3754237,1559,2,00:00:07.338,45,7,42,Ball Receipt*,94,41,Sunderland,From Kick Off,41,Sunderland,10503.0,Billy Jones,Right Back,47.0,70.2,,,,False,,,,,,,False,,,,,,,False,False,left_to_right,False,47.0,70.2,,,False,False,False,False
3511ce8a-2ecc-4aa1-b9d8-cb80a4a2cf31,3754237,1560,2,00:00:07.338,45,7,43,Carry,94,41,Sunderland,From Kick Off,41,Sunderland,10503.0,Billy Jones,Right Back,47.0,70.2,42.6,73.4,1.338134,True,,,,,,,False,,,,,,,False,False,left_to_right,False,47.0,70.2,42.6,73.4,False,False,False,False
6c2c3ed3-9281-4173-bdbd-6930f76da4b8,3754237,1561,2,00:00:08.193,45,8,17,Pressure,94,41,Sunderland,From Kick Off,22,Leicester City,3662.0,Danny Drinkwater,Left Center Midfield,74.0,7.9,,,0.580358,False,,,,,,,False,,,,,,,False,False,left_to_right,False,74.0,7.9,,,False,False,False,False
79274f40-6058-458d-8ad3-11ffc627c0bf,3754237,1562,2,00:00:08.676,45,8,30,Pass,94,41,Sunderland,From Kick Off,41,Sunderland,10503.0,Billy Jones,Right Back,42.6,73.4,69.5,79.8,1.541609,True,,,,,,Out,False,27.65086,0.23357564,High Pass,,,,False,False,left_to_right,False,42.6,73.4,69.5,79.8,False,False,False,True
807d92a5-c812-400c-b418-19a8f1b9bb26,3754237,1563,2,00:00:22.906,45,22,30,Pass,95,22,Leicester City,From Throw In,22,Leicester City,3520.0,Jeffrey Schlupp,Left Back,49.9,0.1,69.3,9.3,1.37062,False,,,,,,,True,21.470911,0.4428173,High Pass,Throw-in,3814.0,Riyad Mahrez,False,False,left_to_right,False,49.9,0.1,69.3,9.3,False,True,False,False
9cf62740-43b1-4ac2-b6a5-1890abdc1758,3754237,1564,2,00:00:24.213,45,24,17,Pressure,95,22,Leicester City,From Throw In,41,Sunderland,42902.0,Adam Johnson,Right Midfield,54.3,71.3,,,0.326356,False,,,,,,,False,,,,,,,False,False,left_to_right,False,54.3,71.3,,,False,False,False,False
66ae01cb-f7af-45ed-b358-6ae8517b0a5d,3754237,1565,2,00:00:24.277,45,24,42,Ball Receipt*,95,22,Leicester City,From Throw In,22,Leicester City,3814.0,Riyad Mahrez,Left Midfield,69.3,9.3,,,,True,,,,,,,False,,,,,,,False,False,left_to_right,False,69.3,9.3,,,False,False,False,False
e7715475-206c-4fd8-ad48-cea2e81affa7,3754237,1566,2,00:00:24.277,45,24,43,Carry,95,22,Leicester City,From Throw In,22,Leicester City,3814.0,Riyad Mahrez,Left Midfield,69.3,9.3,67.6,10.8,1.36255,True,,,,,,,False,,,,,,,False,False,left_to_right,False,69.3,9.3,67.6,10.8,False,False,False,False
562b25c3-f610-4659-bcaf-1cbff55690a6,3754237,1567,2,00:00:25.639,45,25,39,Dribbled Past,95,22,Leicester City,From Throw In,41,Sunderland,42902.0,Adam Johnson,Right Midfield,52.5,69.3,,,0.0,False,,,,,,,False,,,,,,,False,False,left_to_right,False,52.5,69.3,,,False,False,False,False
6f68a247-6388-47cc-a222-7f807b5881f8,3754237,1568,2,00:00:25.639,45,25,14,Dribble,95,22,Leicester City,From Throw In,22,Leicester City,3814.0,Riyad Mahrez,Left Midfield,67.6,10.8,,,0.0,True,,,,,,,False,,,,,,,False,False,left_to_right,False,67.6,10.8,,,False,False,False,False
85901d56-01f7-487c-b264-6ac24ec901d6,3754237,1569,2,00:00:25.639,45,25,43,Carry,95,22,Leicester City,From Throw In,22,Leicester City,3814.0,Riyad Mahrez,Left Midfield,67.6,10.8,69.7,8.4,1.329415,True,,,,,,,False,,,,,,,False,False,left_to_right,False,67.6,10.8,69.7,8.4,False,False,False,False
f7fdb39b-6982-449b-9ec8-1863d411d66c,3754237,1570,2,00:00:26.969,45,26,3,Dispossessed,95,22,Leicester City,From Throw In,22,Leicester City,3814.0,Riyad Mahrez,Left Midfield,69.7,8.4,,,0.0,True,,,,,,,False,,,,,,,False,False,left_to_right,False,69.7,8.4,,,False,False,False,True
22828d44-6697-405f-b7d3-679bf51cf7aa,3754237,1571,2,00:00:26.969,45,26,4,Duel,95,22,Leicester City,From Throw In,41,Sunderland,5617.0,Sebastian Larsson,Right Center Midfield,50.4,71.7,,,0.0,True,,,,,,,False,,,,,,,False,False,left_to_right,False,50.4,71.7,,,False,False,False,False
ab56169a-dbb4-4439-804e-3a0c1c76d5fb,3754237,1572,2,00:00:27.020,45,27,30,Pass,95,22,Leicester City,From Throw In,41,Sunderland,5617.0,Sebastian Larsson,Right Center Midfield,49.7,70.8,37.5,72.2,1.370802,False,,,,,,,True,12.280066,3.0273383,Ground Pass,Recovery,6300.0,Sebastián Coates Nión,False,False,left_to_right,False,49.7,70.8,37.5,72.2,False,False,False,False
bd428227-4145-48f8-a547-13a25feccc32,3754237,1573,2,00:00:28.390,45,28,42,Ball Receipt*,95,22,Leicester City,From Throw In,41,Sunderland,6300.0,Sebastián Coates Nión,Right Center Back,37.5,72.2,,,,False,,,,,,,False,,,,,,,False,False,left_to_right,False,37.5,72.2,,,False,False,False,False
149e9bbe-d67c-42d1-8289-fcba67bb9d87,3754237,1574,2,00:00:28.390,45,28,43,Carry,95,22,Leicester City,From Throw In,41,Sunderland,6300.0,Sebastián Coates Nión,Right Center Back,37.5,72.2,39.6,73.4,1.548382,False,,,,,,,False,,,,,,,False,False,left_to_right,False,37.5,72.2,39.6,73.4,False,False,False,False
d51907c6-a91b-4f9c-83fb-b458cd41b657,3754237,1575,2,00:00:29.939,45,29,30,Pass,95,22,Leicester City,From Throw In,41,Sunderland,6300.0,Sebastián Coates Nión,Right Center Back,39.6,73.4,81.5,67.3,1.861962,False,,,,,,Incomplete,False,42.341705,-0.14456905,High Pass,,,,False,False,left_to_right,False,39.6,73.4,81.5,67.3,False,True,True,True
23334163-d85c-4e7f-b689-9030cda6952b,3754237,1576,2,00:00:31.801,45,31,30,Pass,95,22,Leicester City,From Throw In,22,Leicester City,3813.0,Wes Morgan,Left Center Back,38.6,12.8,52.9,4.9,2.527783,False,,,,,,,True,16.337074,-0.5047204,High Pass,Recovery,3520.0,Jeffrey Schlupp,False,False,left_to_right,False,38.6,12.8,52.9,4.9,False,False,False,False
b353220c-049a-4ac0-b4c2-140f4ecd997a,3754237,1577,2,00:00:34.329,45,34,42,Ball Receipt*,95,22,Leicester City,From Throw In,22,Leicester City,3520.0,Jeffrey Schlupp,Left Back,52.9,4.9,,,,False,,,,,,,False,,,,,,,False,False,left_to_right,False,52.9,4.9,,,False,False,False,False
4abd6b75-1948-407e-b802-c37570bcb733,3754237,1578,2,00:00:34.329,45,34,43,Carry,95,22,Leicester City,From Throw In,22,Leicester City,3520.0,Jeffrey Schlupp,Left Back,52.9,4.9,54.4,4.9,0.04,False,,,,,,,False,,,,,,,False,False,left_to_right,False,52.9,4.9,54.4,4.9,False,False,False,False
6d1ae568-be89-4331-ad05-2541a8043f19,3754237,1579,2,00:00:34.369,45,34,30,Pass,95,22,Leicester City,From Throw In,22,Leicester City,3520.0,Jeffrey Schlupp,Left Back,54.4,4.9,63.5,0.3,2.134252,False,,,,,,Out,False,10.1965685,-0.46803355,High Pass,,,,False,False,left_to_right,False,54.4,4.9,63.5,0.3,False,False,False,True
8007383d-09e0-4e8e-8178-043c17cbb53d,3754237,1580,2,00:00:44.572,45,44,30,Pass,96,41,Sunderland,From Throw In,41,Sunderland,10503.0,Billy Jones,Right Back,61.9,80.0,80.6,70.8,1.060749,False,,,,,,,True,20.840586,-0.45720991,Low Pass,Throw-in,9554.0,Steven Fletcher,False,False,left_to_right,False,61.9,80.0,80.6,70.8,False,True,True,False
b80157ff-7382-4992-be3b-0c5339dbc1ee,3754237,1581,2,00:00:45.633,45,45,42,Ball Receipt*,96,41,Sunderland,From Throw In,41,Sunderland,9554.0,Steven Fletcher,Center Defensive Midfield,80.6,70.8,,,,False,,,,,,,False,,,,,,,False,False,left_to_right,False,80.6,70.8,,,False,False,False,False
5720dab7-0170-423c-be6c-07c1e17ba3f7,3754237,1582,2,00:00:45.633,45,45,43,Carry,96,41,Sunderland,From Throw In,41,Sunderland,9554.0,Steven Fletcher,Center Defensive Midfield,80.6,70.8,81.5,69.6,2.177588,True,,,,,,,False,,,,,,,False,False,left_to_right,False,80.6,70.8,81.5,69.6,False,False,False,False
3a993dbe-1295-47f2-8e97-ea32d2aaff6c,3754237,1583,2,00:00:46.126,45,46,17,Pressure,96,41,Sunderland,From Throw In,22,Leicester City,3662.0,Danny Drinkwater,Left Center Midfield,43.2,7.9,,,1.493927,False,,,,,,,False,,,,,,,False,False,left_to_right,False,43.2,7.9,,,False,False,False,False
4e1c5c54-3744-42c3-bfb0-8e914be43bde,3754237,1584,2,00:00:47.537,45,47,17,Pressure,96,41,Sunderland,From Throw In,22,Leicester City,3307.0,Marc Albrighton,Right Midfield,40.9,9.3,,,0.273274,False,,,,,,,False,,,,,,,False,False,left_to_right,False,40.9,9.3,,,False,False,False,False
707cf8a3-ac34-434e-a505-e708d464f19b,3754237,1585,2,00:00:47.810,45,47,3,Dispossessed,96,41,Sunderland,From Throw In,41,Sunderland,9554.0,Steven Fletcher,Center Defensive Midfield,81.5,69.6,,,0.0,True,,,,,,,False,,,,,,,False,False,left_to_right,False,81.5,69.6,,,False,False,False,True
0a62ec1c-9195-434b-b3cd-3b6cac3424b1,3754237,1586,2,00:00:47.810,45,47,4,Duel,97,22,Leicester City,Regular Play,22,Leicester City,3307.0,Marc Albrighton,Right Midfield,38.6,10.5,,,0.0,True,,,,,,,False,,,,,,,False,False,left_to_right,False,38.6,10.5,,,False,False,False,False
7b8f0d18-4572-4ac5-80bf-5afd935f2825,3754237,1587,2,00:00:48.396,45,48,30,Pass,97,22,Leicester City,Regular Play,22,Leicester City,3813.0,Wes Morgan,Left Center Back,33.0,10.2,35.6,6.7,0.719729,False,,,,,,,True,4.360046,-0.9318823,Ground Pass,Recovery,3520.0,Jeffrey Schlupp,False,False,left_to_right,False,33.0,10.2,35.6,6.7,False,False,False,False
a9acf193-d083-42e0-9a51-3b1bbcbce67a,3754237,1588,2,00:00:49.116,45,49,42,Ball Receipt*,97,22,Leicester City,Regular Play,22,Leicester City,3520.0,Jeffrey Schlupp,Left Back,35.6,6.7,,,,False,,,,,,,False,,,,,,,False,False,left_to_right,False,35.6,6.7,,,False,False,False,False
0f7fd8f4-46e9-4ebd-8e51-3c72fc13eae9,3754237,1589,2,00:00:49.116,45,49,43,Carry,97,22,Leicester City,Regular Play,22,Leicester City,3520.0,Jeffrey Schlupp,Left Back,35.6,6.7,35.6,6.7,0.04,False,,,,,,,False,,,,,,,False,False,left_to_right,False,35.6,6.7,35.6,6.7,False,False,False,False
89aa078d-2b22-4bda-9561-1955122006ba,3754237,1590,2,00:00:49.156,45,49,30,Pass,97,22,Leicester City,Regular Play,22,Leicester City,3520.0,Jeffrey Schlupp,Left Back,35.6,6.7,38.6,12.3,0.544305,False,,,,,,,True,6.352952,1.0789871,Ground Pass,,3662.0,Danny Drinkwater,False,False,left_to_right,False,35.6,6.7,38.6,12.3,False,False,False,False
a33ee350-c1f1-4606-91c5-9cf262ce81b9,3754237,1591,2,00:00:49.700,45,49,42,Ball Receipt*,97,22,Leicester City,Regular Play,22,Leicester City,3662.0,Danny Drinkwater,Left Center Midfield,38.6,12.3,,,,False,,,,,,,False,,,,,,,False,False,left_to_right,False,38.6,12.3,,,False,False,False,False
439f40c7-fc0f-41ee-b0bc-e8439268a3ae,3754237,1592,2,00:00:49.700,45,49,30,Pass,97,22,Leicester City,Regular Play,22,Leicester City,3662.0,Danny Drinkwater,Left Center Midfield,38.3,11.6,27.1,13.7,0.746963,False,,,,,,,True,11.395174,2.9562447,Ground Pass,,3813.0,Wes Morgan,False,False,left_to_right,False,38.3,11.6,27.1,13.7,False,False,False,False
ae7080b3-757d-4397-9d75-2b5dbe55f989,3754237,1593,2,00:00:50.447,45,50,42,Ball Receipt*,97,22,Leicester City,Regular Play,22,Leicester City,3813.0,Wes Morgan,Left Center Back,27.1,13.7,,,,False,,,,,,,False,,,,,,,False,False,left_to_right,False,27.1,13.7,,,False,False,False,False
9599c6f7-5dd9-45fa-a479-cbcdae8f85e1,3754237,1594,2,00:00:50.447,45,50,30,Pass,97,22,Leicester City,Regular Play,22,Leicester City,3813.0,Wes Morgan,Left Center Back,27.1,13.7,36.7,18.1,1.104222,False,,,,,,,True,10.560303,0.42976227,Ground Pass,,3665.0,Andrew Philip King,False,False,left_to_right,False,27.1,13.7,36.7,18.1,False,False,False,False
3dbd69ec-0344-473b-b7dd-a635c03dcdca,3754237,1595,2,00:00:51.551,45,51,42,Ball Receipt*,97,22,Leicester City,Regular Play,22,Leicester City,3665.0,Andrew Philip King,Right Center Midfield,36.7,18.1,,,,False,,,,,,,False,,,,,,,False,False,left_to_right,False,36.7,18.1,,,False,False,False,False
ff03bc15-06c0-49e7-8f10-3316e333a937,3754237,1596,2,00:00:51.551,45,51,30,Pass,97,22,Leicester City,Regular Play,22,Leicester City,3665.0,Andrew Philip King,Right Center Midfield,35.1,18.1,21.3,26.6,1.214052,False,,,,,,,True,16.207714,2.5895336,Ground Pass,,40123.0,Robert Huth,False,False,left_to_right,False,35.1,18.1,21.3,26.6,False,False,False,False
bba411c2-89b2-4b02-b34d-07cc775a356f,3754237,1597,2,00:00:52.672,45,52,17,Pressure,97,22,Leicester City,Regular Play,41,Sunderland,9554.0,Steven Fletcher,Center Defensive Midfield,97.2,56.3,,,2.733072,False,,,,,,,False,,,,,,,False,False,left_to_right,False,97.2,56.3,,,False,False,False,False
1bda24f1-5981-42a4-9031-535c6b285c2f,3754237,1598,2,00:00:52.765,45,52,42,Ball Receipt*,97,22,Leicester City,Regular Play,22,Leicester City,40123.0,Robert Huth,Right Center Back,21.3,26.6,,,,True,,,,,,,False,,,,,,,False,False,left_to_right,False,21.3,26.6,,,False,False,False,False
db295e2f-c483-47e5-8ae8-72d2868ba42d,3754237,1599,2,00:00:52.765,45,52,43,Carry,97,22,Leicester City,Regular Play,22,Leicester City,40123.0,Robert Huth,Right Center Back,21.3,26.6,16.0,28.4,0.901804,True,,,,,,,False,,,,,,,False,False,left_to_right,False,21.3,26.6,16.0,28.4,False,False,False,False
bb44ed77-179b-47f6-8106-615e27ddca36,3754237,1600,2,00:00:53.667,45,53,30,Pass,97,22,Leicester City,Regular Play,22,Leicester City,40123.0,Robert Huth,Right Center Back,16.0,28.4,7.2,41.0,1.647729,True,,,,,,,True,15.368799,2.1804562,Ground Pass,,3815.0,Kasper Schmeichel,False,False,left_to_right,False,16.0,28.4,7.2,41.0,False,False,False,False
a2636679-c29c-4659-991a-6b2161daf522,3754237,1601,2,00:00:55.315,45,55,42,Ball Receipt*,97,22,Leicester City,Regular Play,22,Leicester City,3815.0,Kasper Schmeichel,Goalkeeper,7.2,41.0,,,,True,,,,,,,False,,,,,,,False,False,left_to_right,False,7.2,41.0,,,False,False,False,False
1a929585-a16a-42dd-8239-c1ff38bbd1cf,3754237,1602,2,00:00:55.315,45,55,43,Carry,97,22,Leicester City,Regular Play,22,Leicester City,3815.0,Kasper Schmeichel,Goalkeeper,7.2,41.0,7.5,41.0,0.04,True,,,,,,,False,,,,,,,False,False,left_to_right,False,7.2,41.0,7.5,41.0,False,False,False,False
0ab97cea-a75d-4ae8-8155-4c6f0998103d,3754237,1603,2,00:00:55.355,45,55,30,Pass,97,22,Leicester City,Regular Play,22,Leicester City,3815.0,Kasper Schmeichel,Goalkeeper,7.5,41.0,73.4,22.2,2.788984,True,,,,,,Incomplete,False,68.52919,-0.2778988,High Pass,,,,False,False,left_to_right,False,7.5,41.0,73.4,22.2,False,True,False,True
f6054459-7547-4c86-89ea-bd39b019c07e,3754237,1604,2,00:00:58.144,45,58,4,Duel,97,22,Leicester City,Regular Play,22,Leicester City,10960.0,Jamie Vardy,Left Center Forward,73.4,22.2,,,0.0,True,,,,,,,False,,,,,,,False,False,left_to_right,False,73.4,22.2,,,False,False,False,False
814bcf3b-4e65-4dda-a216-9df1b3fdbff2,3754237,1605,2,00:00:58.144,45,58,30,Pass,98,41,Sunderland,Regular Play,41,Sunderland,6300.0,Sebastián Coates Nión,Right Center Back,46.7,57.9,56.9,46.4,1.31794,True,,,,,,,True,15.371727,-0.84523445,Low Pass,Recovery,5617.0,Sebastian Larsson,False,False,left_to_right,False,46.7,57.9,56.9,46.4,False,False,False,False
24803222-7d96-4482-abc6-d9a9bb163ecc,3754237,1606,2,00:00:59.462,45,59,42,Ball Receipt*,98,41,Sunderland,Regular Play,41,Sunderland,5617.0,Sebastian Larsson,Right Center Midfield,56.9,46.4,,,,False,,,,,,,False,,,,,,,False,False,left_to_right,False,56.9,46.4,,,False,False,False,False
09f1cff6-d2b7-430a-ae2f-1e4220da9af0,3754237,1607,2,00:00:59.462,45,59,43,Carry,98,41,Sunderland,Regular Play,41,Sunderland,5617.0,Sebastian Larsson,Right Center Midfield,56.9,46.4,56.6,46.4,0.278345,False,,,,,,,False,,,,,,,False,False,left_to_right,False,56.9,46.4,56.6,46.4,False,False,False,False
21bb3b08-0265-4889-af13-1e9fcd68a83b,3754237,1608,2,00:00:59.740,45,59,30,Pass,98,41,Sunderland,Regular Play,41,Sunderland,5617.0,Sebastian Larsson,Right Center Midfield,56.6,46.4,53.2,38.3,1.256353,False,,,,,,,True,8.784646,-1.9682144,Ground Pass,,18751.0,Jack Rodwell,False,False,left_to_right,False,56.6,46.4,53.2,38.3,False,False,False,False
e5f78332-c8ce-4313-b0bf-b3bf15f9e0e0,3754237,1609,2,00:01:00.996,46,0,42,Ball Receipt*,98,41,Sunderland,Regular Play,41,Sunderland,18751.0,Jack Rodwell,Left Center Midfield,53.2,38.3,,,,False,,,,,,,False,,,,,,,False,False,left_to_right,False,53.2,38.3,,,False,False,False,False
1a82169e-6887-4583-8cf4-e1c691cd4b7e,3754237,1610,2,00:01:00.996,46,0,43,Carry,98,41,Sunderland,Regular Play,41,Sunderland,18751.0,Jack Rodwell,Left Center Midfield,53.2,38.3,47.2,31.2,1.207597,False,,,,,,,False,,,,,,,False,False,left_to_right,False,53.2,38.3,47.2,31.2,False,False,False,False
83bc8c3a-b92d-4f94-b0a4-f155c33594f3,3754237,1611,2,00:01:02.204,46,2,30,Pass,98,41,Sunderland,Regular Play,41,Sunderland,18751.0,Jack Rodwell,Left Center Midfield,47.2,31.2,54.6,9.5,1.931418,False,,,,,,,True,22.92706,-1.2421494,Ground Pass,,3321.0,Patrick van Aanholt,False,False,left_to_right,False,47.2,31.2,54.6,9.5,False,False,False,False
f53e81ab-4505-490a-99e2-964221148b56,3754237,1612,2,00:01:04.135,46,4,42,Ball Receipt*,98,41,Sunderland,Regular Play,41,Sunderland,3321.0,Patrick van Aanholt,Left Back,54.6,9.5,,,,False,,,,,,,False,,,,,,,False,False,left_to_right,False,54.6,9.5,,,False,False,False,False
ba157b41-7616-4e91-9c50-38d6896957ee,3754237,1613,2,00:01:04.135,46,4,43,Carry,98,41,Sunderland,Regular Play,41,Sunderland,3321.0,Patrick van Aanholt,Left Back,54.6,9.5,64.0,7.7,1.736053,False,,,,,,,False,,,,,,,False,False,left_to_right,False,54.6,9.5,64.0,7.7,False,False,False,False
4ef1f2a9-0244-488a-b6ed-c61496636171,3754237,1614,2,00:01:05.871,46,5,30,Pass,98,41,Sunderland,Regular Play,41,Sunderland,3321.0,Patrick van Aanholt,Left Back,64.0,7.7,77.4,17.4,0.936412,False,,,,,,,True,16.54237,0.62657404,Ground Pass,,42902.0,Adam Johnson,False,False,left_to_right,False,64.0,7.7,77.4,17.4,False,True,False,False
c4d5c6c2-8ad4-420c-b7b3-fed4103de128,3754237,1615,2,00:01:06.808,46,6,42,Ball Receipt*,98,41,Sunderland,Regular Play,41,Sunderland,42902.0,Adam Johnson,Right Midfield,77.4,17.4,,,,False,,,,,,,False,,,,,,,False,False,left_to_right,False,77.4,17.4,,,False,False,False,False
85efb70c-6d2f-4e69-9da1-9bf857fbc940,3754237,1616,2,00:01:06.808,46,6,43,Carry,98,41,Sunderland,Regular Play,41,Sunderland,42902.0,Adam Johnson,Right Midfield,77.4,17.4,70.2,6.5,2.221357,False,,,,,,,False,,,,,,,False,False,left_to_right,False,77.4,17.4,70.2,6.5,False,False,False,False
c874029d-6023-4d5b-a1df-455adb6342fe,3754237,1617,2,00:01:09.029,46,9,30,Pass,98,41,Sunderland,Regular Play,41,Sunderland,42902.0,Adam Johnson,Right Midfield,70.2,6.5,50.4,16.9,1.741159,False,,,,,,,True,22.365152,2.6579478,Ground Pass,,4746.0,Younes Kaboul,False,False,left_to_right,False,70.2,6.5,50.4,16.9,False,False,False,False
d035d451-ec5c-4905-8737-dfaaafc61929,3754237,1618,2,00:01:10.770,46,10,42,Ball Receipt*,98,41,Sunderland,Regular Play,41,Sunderland,4746.0,Younes Kaboul,Left Center Back,50.4,16.9,,,,False,,,,,,,False,,,,,,,False,False,left_to_right,False,50.4,16.9,,,False,False,False,False
5c1a8078-34ad-4570-a6a4-cf1cf6b8477a,3754237,1619,2,00:01:10.770,46,10,43,Carry,98,41,Sunderland,Regular Play,41,Sunderland,4746.0,Younes Kaboul,Left Center Back,50.4,16.9,50.4,20.1,0.864475,False,,,,,,,False,,,,,,,False,False,left_to_right,False,50.4,16.9,50.4,20.1,False,False,False,False
474abbc2-c1fc-4a05-ada4-b9ad5617abfb,3754237,1620,2,00:01:11.635,46,11,30,Pass,98,41,Sunderland,Regular Play,41,Sunderland,4746.0,Younes Kaboul,Left Center Back,50.4,20.1,56.9,35.1,0.511042,False,,,,,,,True,16.347782,1.1618885,Ground Pass,,5617.0,Sebastian Larsson,False,False,left_to_right,False,50.4,20.1,56.9,35.1,False,False,False,False
3fc31caf-ec27-4053-a8c8-44bef58833eb,3754237,1621,2,00:01:12.146,46,12,42,Ball Receipt*,98,41,Sunderland,Regular Play,41,Sunderland,5617.0,Sebastian Larsson,Right Center Midfield,56.9,35.1,,,,False,,,,,,,False,,,,,,,False,False,left_to_right,False,56.9,35.1,,,False,False,False,False
6198b387-aefc-4360-a637-6d3254af2b22,3754237,1622,2,00:01:12.146,46,12,43,Carry,98,41,Sunderland,Regular Play,41,Sunderland,5617.0,Sebastian Larsson,Right Center Midfield,56.9,35.1,55.2,31.2,1.42426,False,,,,,,,False,,,,,,,False,False,left_to_right,False,56.9,35.1,55.2,31.2,False,False,False,False
1790f537-77b4-4a4f-9d89-e57a5afb26b7,3754237,1623,2,00:01:13.570,46,13,30,Pass,98,41,Sunderland,Regular Play,41,Sunderland,5617.0,Sebastian Larsson,Right Center Midfield,55.2,31.2,46.4,21.3,1.30376,False,,,,,,,True,13.245754,-2.2974386,Ground Pass,,4746.0,Younes Kaboul,False,False,left_to_right,False,55.2,31.2,46.4,21.3,False,False,False,False
c8523016-4d63-4439-aaa8-13f14b5a97be,3754237,1624,2,00:01:14.874,46,14,42,Ball Receipt*,98,41,Sunderland,Regular Play,41,Sunderland,4746.0,Younes Kaboul,Left Center Back,46.4,21.3,,,,False,,,,,,,False,,,,,,,False,False,left_to_right,False,46.4,21.3,,,False,False,False,False
818c8a31-e4b9-4f96-acc5-1479cf01e4d8,3754237,1625,2,00:01:14.874,46,14,43,Carry,98,41,Sunderland,Regular Play,41,Sunderland,4746.0,Younes Kaboul,Left Center Back,46.4,21.3,46.4,21.3,0.12,False,,,,,,,False,,,,,,,False,False,left_to_right,False,46.4,21.3,46.4,21.3,False,False,False,False
9e86c6e3-1695-48f4-994a-3a947e836e77,3754237,1626,2,00:01:14.994,46,14,30,Pass,98,41,Sunderland,Regular Play,41,Sunderland,4746.0,Younes Kaboul,Left Center Back,46.4,21.3,51.6,4.0,0.866548,False,,,,,,,True,18.064606,-1.2788093,Ground Pass,,42902.0,Adam Johnson,False,False,left_to_right,False,46.4,21.3,51.6,4.0,False,False,False,False
f8d203d2-7688-4641-95a8-f7cfc7c42c9b,3754237,1627,2,00:01:15.860,46,15,42,Ball Receipt*,98,41,Sunderland,Regular Play,41,Sunderland,42902.0,Adam Johnson,Right Midfield,51.6,4.0,,,,False,,,,,,,False,,,,,,,False,False,left_to_right,False,51.6,4.0,,,False,False,False,False
59e7e19b-4c35-4030-8be8-b0ce77970e02,3754237,1628,2,00:01:15.860,46,15,43,Carry,98,41,Sunderland,Regular Play,41,Sunderland,42902.0,Adam Johnson,Right Midfield,51.6,4.0,52.3,4.0,2.312824,False,,,,,,,False,,,,,,,False,False,left_to_right,False,51.6,4.0,52.3,4.0,False,False,False,False
22bac05e-dc98-4750-9a94-5a20fb55e116,3754237,1629,2,00:01:18.173,46,18,30,Pass,98,41,Sunderland,Regular Play,41,Sunderland,42902.0,Adam Johnson,Right Midfield,52.3,4.0,71.6,0.1,1.126793,False,,,,,,,True,19.6901,-0.1993876,Low Pass,,3321.0,Patrick van Aanholt,False,False,left_to_right,False,52.3,4.0,71.6,0.1,False,False,False,False
9aed31e3-9419-4604-adc6-2a8d10a91854,3754237,1630,2,00:01:19.300,46,19,42,Ball Receipt*,98,41,Sunderland,Regular Play,41,Sunderland,3321.0,Patrick van Aanholt,Left Back,71.6,0.1,,,,False,,,,,,,False,,,,,,,False,False,left_to_right,False,71.6,0.1,,,False,False,False,False
f2668470-3f1f-4e9e-a5c3-252ccc5918f9,3754237,1631,2,00:01:19.300,46,19,43,Carry,98,41,Sunderland,Regular Play,41,Sunderland,3321.0,Patrick van Aanholt,Left Back,71.6,0.1,72.1,2.2,0.776787,True,,,,,,,False,,,,,,,False,False,left_to_right,False,71.6,0.1,72.1,2.2,False,False,False,False
433aaebe-4222-4010-b7b3-fc8bd17430ee,3754237,1632,2,00:01:19.467,46,19,17,Pressure,98,41,Sunderland,Regular Play,22,Leicester City,28782.0,Ritchie De Laet,Right Back,45.3,78.5,,,0.60979,False,,,,,,,False,,,,,,,False,False,left_to_right,False,45.3,78.5,,,False,False,False,False
8dded171-819e-4e93-95bb-b7b2e67871f2,3754237,1633,2,00:01:20.077,46,20,14,Dribble,98,41,Sunderland,Regular Play,41,Sunderland,3321.0,Patrick van Aanholt,Left Back,72.1,2.2,,,0.0,True,,,,,,,False,,,,,,,False,False,left_to_right,False,72.1,2.2,,,False,False,False,False
86869cd4-804c-4756-821c-22cc2d960b70,3754237,1634,2,00:01:20.077,46,20,4,Duel,98,41,Sunderland,Regular Play,22,Leicester City,28782.0,Ritchie De Laet,Right Back,48.0,77.9,,,0.0,True,,,,,,,False,,,,,,,False,False,left_to_right,False,48.0,77.9,,,False,False,False,False
49e81ba7-9a18-4f22-a0ea-a4edefbe4443,3754237,1635,2,00:01:30.917,46,30,30,Pass,99,41,Sunderland,From Throw In,41,Sunderland,3321.0,Patrick van Aanholt,Left Back,71.0,0.1,51.4,2.5,1.140142,False,,,,,,,True,19.746391,3.01975,Low Pass,Throw-in,4746.0,Younes Kaboul,False,False,left_to_right,False,71.0,0.1,51.4,2.5,False,False,False,False
b3091377-e7e1-4463-94f7-c6083bb78788,3754237,1636,2,00:01:32.057,46,32,42,Ball Receipt*,99,41,Sunderland,From Throw In,41,Sunderland,4746.0,Younes Kaboul,Left Center Back,51.4,2.5,,,,False,,,,,,,False,,,,,,,False,False,left_to_right,False,51.4,2.5,,,False,False,False,False
61dbacc7-f1b6-4527-b60f-6054243b76b0,3754237,1637,2,00:01:33.078,46,33,30,Pass,99,41,Sunderland,From Throw In,41,Sunderland,4746.0,Younes Kaboul,Left Center Back,51.4,4.0,59.9,6.3,0.751709,False,,,,,,,True,8.80568,0.26426002,Ground Pass,,18751.0,Jack Rodwell,False,False,left_to_right,False,51.4,4.0,59.9,6.3,False,False,False,False
861488a6-1628-4873-be3f-ded151bebd7d,3754237,1638,2,00:01:33.829,46,33,42,Ball Receipt*,99,41,Sunderland,From Throw In,41,Sunderland,18751.0,Jack Rodwell,Left Center Midfield,59.9,6.3,,,,False,,,,,,,False,,,,,,,False,False,left_to_right,False,59.9,6.3,,,False,False,False,False
07c811c3-9df6-435d-842a-2182b002d748,3754237,1639,2,00:01:33.829,46,33,43,Carry,99,41,Sunderland,From Throw In,41,Sunderland,18751.0,Jack Rodwell,Left Center Midfield,59.9,6.3,56.6,8.3,1.263607,False,,,,,,,False,,,,,,,False,False,left_to_right,False,59.9,6.3,56.6,8.3,False,False,False,False
bc4d6766-bfc7-42dc-bd57-c56dfdd9be78,3754237,1640,2,00:01:35.093,46,35,30,Pass,99,41,Sunderland,From Throw In,41,Sunderland,18751.0,Jack Rodwell,Left Center Midfield,56.6,8.3,40.8,49.6,2.267499,False,,,,,,,True,44.219112,1.9361842,Ground Pass,,6300.0,Sebastián Coates Nión,False,False,left_to_right,False,56.6,8.3,40.8,49.6,False,False,False,False
28cce831-b5e4-4499-acfd-20ce8b1ec8ac,3754237,1641,2,00:01:37.360,46,37,42,Ball Receipt*,99,41,Sunderland,From Throw In,41,Sunderland,6300.0,Sebastián Coates Nión,Right Center Back,40.8,49.6,,,,False,,,,,,,False,,,,,,,False,False,left_to_right,False,40.8,49.6,,,False,False,False,False
759949b1-2580-40c8-a847-893c6bbba172,3754237,1642,2,00:01:37.360,46,37,43,Carry,99,41,Sunderland,From Throw In,41,Sunderland,6300.0,Sebastián Coates Nión,Right Center Back,40.8,49.6,43.5,54.0,2.068606,False,,,,,,,False,,,,,,,False,False,left_to_right,False,40.8,49.6,43.5,54.0,False,False,False,False
a575b329-49eb-43b5-ade9-6ee6fc9bb9b3,3754237,1643,2,00:01:39.429,46,39,30,Pass,99,41,Sunderland,From Throw In,41,Sunderland,6300.0,Sebastián Coates Nión,Right Center Back,43.5,54.0,54.8,73.1,1.109305,False,,,,,,,True,22.19234,1.0365591,Ground Pass,,10503.0,Billy Jones,False,False,left_to_right,False,43.5,54.0,54.8,73.1,False,False,False,False
4c78ef0e-c3ef-4a7f-9e8e-d0c5e273e15b,3754237,1644,2,00:01:40.538,46,40,42,Ball Receipt*,99,41,Sunderland,From Throw In,41,Sunderland,10503.0,Billy Jones,Right Back,54.8,73.1,,,,False,,,,,,,False,,,,,,,False,False,left_to_right,False,54.8,73.1,,,False,False,False,False
38bf149d-9570-4a56-84e5-da517ee45016,3754237,1645,2,00:01:40.538,46,40,43,Carry,99,41,Sunderland,From Throw In,41,Sunderland,10503.0,Billy Jones,Right Back,54.8,73.1,54.3,71.7,0.984661,False,,,,,,,False,,,,,,,False,False,left_to_right,False,54.8,73.1,54.3,71.7,False,False,False,False
6b199301-d8bc-4f43-b1f1-3547cf6cbba5,3754237,1646,2,00:01:41.523,46,41,30,Pass,99,41,Sunderland,From Throw In,41,Sunderland,10503.0,Billy Jones,Right Back,54.3,71.7,68.9,79.8,1.601146,False,,,,,,Out,False,16.696407,0.50651675,Ground Pass,,,,False,False,left_to_right,False,54.3,71.7,68.9,79.8,False,False,False,True
3169e804-9ae8-4cf7-9582-34b5a76cdce8,3754237,1647,2,00:01:53.818,46,53,30,Pass,100,22,Leicester City,From Throw In,22,Leicester City,3520.0,Jeffrey Schlupp,Left Back,54.0,0.1,71.1,8.4,1.042237,False,,,,,,Incomplete,False,19.007893,0.45188344,Low Pass,Throw-in,10960.0,Jamie Vardy,False,False,left_to_right,False,54.0,0.1,71.1,8.4,False,False,False,True
80d884e1-dc49-4b1a-8340-17fcc0f8783c,3754237,1648,2,00:01:54.860,46,54,42,Ball Receipt*,100,22,Leicester City,From Throw In,22,Leicester City,10960.0,Jamie Vardy,Left Center Forward,72.5,8.4,,,,False,,,,,,,False,,,,,,,False,False,left_to_right,False,72.5,8.4,,,False,False,False,False
353345a0-ed0f-45a5-901e-86e9cf37eb00,3754237,1649,2,00:01:54.860,46,54,10,Interception,100,22,Leicester City,From Throw In,41,Sunderland,10503.0,Billy Jones,Right Back,49.0,71.7,,,0.0,False,,,,,,,False,,,,,,,False,False,left_to_right,False,49.0,71.7,,,False,False,False,False
db0c53b2-1ad7-4435-a48b-9fd06539deab,3754237,1650,2,00:01:56.646,46,56,30,Pass,100,22,Leicester City,From Throw In,22,Leicester City,3814.0,Riyad Mahrez,Left Midfield,62.3,21.3,57.9,17.8,1.787212,False,,,,,,,True,5.6222773,-2.4696295,Ground Pass,Recovery,3662.0,Danny Drinkwater,False,False,left_to_right,False,62.3,21.3,57.9,17.8,False,False,False,False
72797b23-4a05-4c8a-801d-6cf61dbf885f,3754237,1651,2,00:01:57.969,46,57,17,Pressure,100,22,Leicester City,From Throw In,41,Sunderland,16457.0,Jeremain Lens,Left Midfield,61.7,66.9,,,0.588401,False,,,,,,,False,,,,,,,False,False,left_to_right,False,61.7,66.9,,,False,False,False,False
62dda210-02bf-4a4d-a5e0-9a5f81ead94e,3754237,1652,2,00:01:58.433,46,58,42,Ball Receipt*,100,22,Leicester City,From Throw In,22,Leicester City,3662.0,Danny Drinkwater,Left Center Midfield,57.9,17.8,,,,True,,,,,,,False,,,,,,,False,False,left_to_right,False,57.9,17.8,,,False,False,False,False
12f867ad-61b4-4f61-afa7-dfe9e8df019d,3754237,1653,2,00:01:58.433,46,58,43,Carry,100,22,Leicester City,From Throw In,22,Leicester City,3662.0,Danny Drinkwater,Left Center Midfield,57.9,17.8,56.7,15.2,0.04,True,,,,,,,False,,,,,,,False,False,left_to_right,False,57.9,17.8,56.7,15.2,False,False,False,False
3d0e7eb9-c9eb-4147-b3ed-5ec8db8c5719,3754237,1654,2,00:01:58.473,46,58,30,Pass,100,22,Leicester City,From Throw In,22,Leicester City,3662.0,Danny Drinkwater,Left Center Midfield,56.7,15.2,69.3,4.9,1.362032,True,,,,,,,True,16.274212,-0.6852972,Ground Pass,,3307.0,Marc Albrighton,False,False,left_to_right,False,56.7,15.2,69.3,4.9,False,False,False,False
936e1749-f6e2-444f-bc8e-5e89eb5f59a9,3754237,1655,2,00:01:59.498,46,59,17,Pressure,100,22,Leicester City,From Throw In,41,Sunderland,10503.0,Billy Jones,Right Back,49.3,73.4,,,0.332398,False,,,,,,,False,,,,,,,False,False,left_to_right,False,49.3,73.4,,,False,False,False,False
c2536455-0e8a-4806-86da-da255b2cd1ba,3754237,1656,2,00:01:59.835,46,59,42,Ball Receipt*,100,22,Leicester City,From Throw In,22,Leicester City,3307.0,Marc Albrighton,Right Midfield,69.3,4.9,,,,False,,,,,,,False,,,,,,,False,False,left_to_right,False,69.3,4.9,,,False,False,False,False
f320ec6d-d4e2-4cdd-b402-049a48a7a8c8,3754237,1657,2,00:01:59.835,46,59,30,Pass,100,22,Leicester City,From Throw In,22,Leicester City,3307.0,Marc Albrighton,Right Midfield,68.5,5.8,77.3,12.5,1.189927,False,,,,,,Incomplete,False,11.060289,0.65073425,Ground Pass,,10960.0,Jamie Vardy,False,False,left_to_right,False,68.5,5.8,77.3,12.5,False,False,False,True
7f5cbc1a-c6f7-414b-9277-7f7378771b7a,3754237,1658,2,00:02:01.025,47,1,42,Ball Receipt*,100,22,Leicester City,From Throw In,22,Leicester City,10960.0,Jamie Vardy,Left Center Forward,78.2,17.8,,,,False,,,,,,,False,,,,,,,False,False,left_to_right,False,78.2,17.8,,,False,False,False,False
3544c32d-1c0f-451a-80ad-2bd7ee5525c2,3754237,1659,2,00:02:01.025,47,1,2,Ball Recovery,101,41,Sunderland,Regular Play,41,Sunderland,6300.0,Sebastián Coates Nión,Right Center Back,42.8,67.6,,,0.0,False,,,,,,,False,,,,,,,False,False,left_to_right,False,42.8,67.6,,,False,False,False,False
29648a34-4cca-4309-a0aa-56be2ee9b487,3754237,1660,2,00:02:01.025,47,1,43,Carry,101,41,Sunderland,Regular Play,41,Sunderland,6300.0,Sebastián Coates Nión,Right Center Back,42.8,67.6,51.6,67.3,1.443802,False,,,,,,,False,,,,,,,False,False,left_to_right,False,42.8,67.6,51.6,67.3,False,False,False,False
47ac98f9-0762-43c8-884f-054fda6fb218,3754237,1661,2,00:02:02.469,47,2,30,Pass,101,41,Sunderland,Regular Play,41,Sunderland,6300.0,Sebastián Coates Nión,Right Center Back,51.6,67.3,66.1,61.6,0.692078,False,,,,,,,True,15.580115,-0.37454697,Ground Pass,,9554.0,Steven Fletcher,False,False,left_to_right,False,51.6,67.3,66.1,61.6,False,False,False,False
e074bb17-28a7-473d-bf81-e4ca91bbc7aa,3754237,1662,2,00:02:03.161,47,3,42,Ball Receipt*,101,41,Sunderland,Regular Play,41,Sunderland,9554.0,Steven Fletcher,Center Defensive Midfield,66.1,61.6,,,,False,,,,,,,False,,,,,,,False,False,left_to_right,False,66.1,61.6,,,False,False,False,False
52d4b3ab-328c-44b5-ae50-914cfc0dd8cf,3754237,1663,2,00:02:03.161,47,3,43,Carry,101,41,Sunderland,Regular Play,41,Sunderland,9554.0,Steven Fletcher,Center Defensive Midfield,66.1,61.6,64.3,65.8,1.091043,True,,,,,,,False,,,,,,,False,False,left_to_right,False,66.1,61.6,64.3,65.8,False,False,False,False
0157e86d-5960-4b27-a556-89eb5f607a1a,3754237,1664,2,00:02:03.313,47,3,17,Pressure,101,41,Sunderland,Regular Play,22,Leicester City,3307.0,Marc Albrighton,Right Midfield,56.4,15.5,,,0.41311,False,,,,,,,False,,,,,,,False,False,left_to_right,False,56.4,15.5,,,False,False,False,False
6cf44955-da90-4d60-92e4-d2ee791003c5,3754237,1665,2,00:02:03.516,47,3,17,Pressure,101,41,Sunderland,Regular Play,22,Leicester City,3662.0,Danny Drinkwater,Left Center Midfield,57.6,12.0,,,0.860336,False,,,,,,,False,,,,,,,False,False,left_to_right,False,57.6,12.0,,,False,False,False,False
05df7eff-4eb8-4275-8231-4005f2200532,3754237,1666,2,00:02:04.252,47,4,39,Dribbled Past,101,41,Sunderland,Regular Play,22,Leicester City,3662.0,Danny Drinkwater,Left Center Midfield,55.8,14.3,,,0.0,False,,,,,,,False,,,,,,,False,False,left_to_right,False,55.8,14.3,,,False,False,False,False
57ec07df-203d-41d6-bca2-c098476db50b,3754237,1667,2,00:02:04.252,47,4,14,Dribble,101,41,Sunderland,Regular Play,41,Sunderland,9554.0,Steven Fletcher,Center Defensive Midfield,64.3,65.8,,,0.0,True,,,,,,,False,,,,,,,False,False,left_to_right,False,64.3,65.8,,,False,False,False,False
37d90d7a-4916-40ef-9495-1ed9b769cee5,3754237,1668,2,00:02:04.252,47,4,43,Carry,101,41,Sunderland,Regular Play,41,Sunderland,9554.0,Steven Fletcher,Center Defensive Midfield,64.3,65.8,63.7,55.6,1.647596,True,,,,,,,False,,,,,,,False,False,left_to_right,False,64.3,65.8,63.7,55.6,False,False,False,False
86944cf9-4f3e-4523-975c-211ded473a58,3754237,1669,2,00:02:05.899,47,5,30,Pass,101,41,Sunderland,Regular Play,41,Sunderland,9554.0,Steven Fletcher,Center Defensive Midfield,63.7,55.6,68.9,29.8,1.30712,False,,,,,,,True,26.318815,-1.3719105,Ground Pass,,42902.0,Adam Johnson,False,False,left_to_right,False,63.7,55.6,68.9,29.8,False,False,False,False
0a77ad3a-d712-4c49-b03f-ffaea027d61c,3754237,1670,2,00:02:07.206,47,7,42,Ball Receipt*,101,41,Sunderland,Regular Play,41,Sunderland,42902.0,Adam Johnson,Right Midfield,68.9,29.8,,,,False,,,,,,,False,,,,,,,False,False,left_to_right,False,68.9,29.8,,,False,False,False,False
80d90fa0-ac4a-46ba-9398-5e4d33f37100,3754237,1671,2,00:02:07.206,47,7,43,Carry,101,41,Sunderland,Regular Play,41,Sunderland,42902.0,Adam Johnson,Right Midfield,68.9,29.8,76.3,35.1,1.17273,False,,,,,,,False,,,,,,,False,False,left_to_right,False,68.9,29.8,76.3,35.1,False,False,False,False
60d42336-c8cb-460b-a838-ad8b6185a954,3754237,1672,2,00:02:08.379,47,8,30,Pass,101,41,Sunderland,Regular Play,41,Sunderland,42902.0,Adam Johnson,Right Midfield,76.3,35.1,100.3,53.8,1.677819,False,,,,,,,True,30.425154,0.661908,Ground Pass,,3337.0,Jermain Defoe,False,False,left_to_right,False,76.3,35.1,100.3,53.8,False,True,True,False
6a8c7092-3901-4720-a09c-10eac51ffa94,3754237,1673,2,00:02:10.057,47,10,42,Ball Receipt*,101,41,Sunderland,Regular Play,41,Sunderland,3337.0,Jermain Defoe,Center Forward,100.3,53.8,,,,False,,,,,,,False,,,,,,,False,False,left_to_right,False,100.3,53.8,,,False,False,False,False
4f247f5c-addb-4684-9ff5-fdc5a38c21ec,3754237,1674,2,00:02:10.057,47,10,43,Carry,101,41,Sunderland,Regular Play,41,Sunderland,3337.0,Jermain Defoe,Center Forward,100.3,53.8,107.6,54.4,1.056474,False,,,,,,,False,,,,,,,False,False,left_to_right,False,100.3,53.8,107.6,54.4,False,False,False,False
85979896-41c7-4b30-a391-08bfe81fcf8d,3754237,1675,2,00:02:11.113,47,11,30,Pass,101,41,Sunderland,Regular Play,41,Sunderland,3337.0,Jermain Defoe,Center Forward,107.6,54.4,110.8,47.3,1.689168,False,,,,,,Incomplete,False,7.787811,-1.1473569,Ground Pass,,9554.0,Steven Fletcher,False,False,left_to_right,False,107.6,54.4,110.8,47.3,False,True,False,True
c0f57b36-24c2-462c-b0e5-999b60ea77ef,3754237,1676,2,00:02:12.803,47,12,42,Ball Receipt*,101,41,Sunderland,Regular Play,41,Sunderland,9554.0,Steven Fletcher,Center Defensive Midfield,109.2,35.1,,,,False,,,,,,,False,,,,,,,False,False,left_to_right,False,109.2,35.1,,,False,False,False,False
65f2f7a8-a186-40c7-895f-38fb8f76a420,3754237,1677,2,00:02:12.803,47,12,2,Ball Recovery,101,41,Sunderland,Regular Play,22,Leicester City,3815.0,Kasper Schmeichel,Goalkeeper,9.3,32.8,,,0.0,False,,,,,,,False,,,,,,,False,False,left_to_right,False,9.3,32.8,,,False,False,False,False
5302061b-1271-45d3-b9eb-8e501fa9848d,3754237,1678,2,00:02:26.460,47,26,30,Pass,101,41,Sunderland,Regular Play,22,Leicester City,3815.0,Kasper Schmeichel,Goalkeeper,8.9,35.1,66.7,31.6,4.725188,False,,,,,,Incomplete,False,57.905872,-0.060479783,High Pass,,,,False,False,left_to_right,False,8.9,35.1,66.7,31.6,False,True,False,True
9a460272-96d9-4043-97c4-23712e1a1c3f,3754237,1679,2,00:02:31.185,47,31,30,Pass,101,41,Sunderland,Regular Play,41,Sunderland,6300.0,Sebastián Coates Nión,Right Center Back,53.4,48.5,55.5,37.6,1.231019,False,,,,,,,True,11.1004505,-1.3804678,Low Pass,Recovery,18751.0,Jack Rodwell,False,False,left_to_right,False,53.4,48.5,55.5,37.6,False,False,False,False
ef3f708b-a68e-4f9f-9e96-17a3a47fb98f,3754237,1680,2,00:02:32.416,47,32,42,Ball Receipt*,101,41,Sunderland,Regular Play,41,Sunderland,18751.0,Jack Rodwell,Left Center Midfield,55.5,37.6,,,,False,,,,,,,False,,,,,,,False,False,left_to_right,False,55.5,37.6,,,False,False,False,False
d3d7fd16-0c1a-4025-8e85-be786b906820,3754237,1681,2,00:02:32.416,47,32,43,Carry,101,41,Sunderland,Regular Play,41,Sunderland,18751.0,Jack Rodwell,Left Center Midfield,55.5,37.6,55.7,37.6,0.08,False,,,,,,,False,,,,,,,False,False,left_to_right,False,55.5,37.6,55.7,37.6,False,False,False,False
cf389600-477f-4d32-9602-ba27107c4c05,3754237,1682,2,00:02:32.496,47,32,30,Pass,101,41,Sunderland,Regular Play,41,Sunderland,18751.0,Jack Rodwell,Left Center Midfield,55.7,37.6,38.2,42.0,1.787243,False,,,,,,,True,18.044666,2.8952699,Low Pass,,4746.0,Younes Kaboul,False,False,left_to_right,False,55.7,37.6,38.2,42.0,False,False,False,False
9fcd998b-3eab-40bd-a801-8496ab96b0d7,3754237,1683,2,00:02:34.283,47,34,42,Ball Receipt*,101,41,Sunderland,Regular Play,41,Sunderland,4746.0,Younes Kaboul,Left Center Back,38.2,42.0,,,,False,,,,,,,False,,,,,,,False,False,left_to_right,False,38.2,42.0,,,False,False,False,False
e57c9f38-697f-4194-bcb1-4447d3e23eb6,3754237,1684,2,00:02:34.283,47,34,43,Carry,101,41,Sunderland,Regular Play,41,Sunderland,4746.0,Younes Kaboul,Left Center Back,38.2,42.0,42.3,30.0,2.060628,False,,,,,,,False,,,,,,,False,False,left_to_right,False,38.2,42.0,42.3,30.0,False,False,False,False
f3ab11d9-18e1-402e-bd4a-c4e3d296d662,3754237,1685,2,00:02:36.344,47,36,30,Pass,101,41,Sunderland,Regular Play,41,Sunderland,4746.0,Younes Kaboul,Left Center Back,42.3,30.0,59.9,21.0,0.901299,False,,,,,,,True,19.76765,-0.47269714,Ground Pass,,42902.0,Adam Johnson,False,False,left_to_right,False,42.3,30.0,59.9,21.0,False,False,False,False
d563db6a-e738-4343-a5a0-936268625805,3754237,1686,2,00:02:37.245,47,37,42,Ball Receipt*,101,41,Sunderland,Regular Play,41,Sunderland,42902.0,Adam Johnson,Right Midfield,59.9,21.0,,,,False,,,,,,,False,,,,,,,False,False,left_to_right,False,59.9,21.0,,,False,False,False,False
076b81a0-9b2b-4c25-89c9-a16b73570279,3754237,1687,2,00:02:37.245,47,37,43,Carry,101,41,Sunderland,Regular Play,41,Sunderland,42902.0,Adam Johnson,Right Midfield,59.9,21.0,55.2,16.9,2.223396,True,,,,,,,False,,,,,,,False,False,left_to_right,False,59.9,21.0,55.2,16.9,False,False,False,False
fa4dea21-32c7-4e40-9dd9-301efcc3d799,3754237,1688,2,00:02:38.922,47,38,17,Pressure,101,41,Sunderland,Regular Play,22,Leicester City,3810.0,Shinji Okazaki,Right Center Forward,63.7,62.7,,,1.111429,False,,,,,,,False,,,,,,,False,False,left_to_right,False,63.7,62.7,,,False,False,False,False
cce94d06-0f85-4732-8ee3-9ba35ea056f8,3754237,1689,2,00:02:39.469,47,39,22,Foul Committed,101,41,Sunderland,Regular Play,22,Leicester City,3810.0,Shinji Okazaki,Right Center Forward,64.9,63.2,,,0.0,False,,,,,,,False,,,,,,,False,False,left_to_right,False,64.9,63.2,,,False,False,False,False
cd05ce9a-6529-4661-b958-57110648af92,3754237,1690,2,00:02:39.469,47,39,21,Foul Won,101,41,Sunderland,Regular Play,41,Sunderland,42902.0,Adam Johnson,Right Midfield,55.2,16.9,,,0.0,True,,,,,,,False,,,,,,,False,False,left_to_right,False,55.2,16.9,,,False,False,False,False
2c5835d8-a3ca-4c0f-9d35-2a5de21f562c,3754237,1691,2,00:02:48.267,47,48,30,Pass,102,41,Sunderland,From Free Kick,41,Sunderland,18751.0,Jack Rodwell,Left Center Midfield,56.4,18.5,41.7,56.1,1.930527,False,,,,,,,True,40.3714,1.9434832,Low Pass,Free Kick,6300.0,Sebastián Coates Nión,False,False,left_to_right,False,56.4,18.5,41.7,56.1,False,False,False,False
c118b300-3dc5-4562-9ba8-80694d2eb63b,3754237,1692,2,00:02:50.198,47,50,42,Ball Receipt*,102,41,Sunderland,From Free Kick,41,Sunderland,6300.0,Sebastián Coates Nión,Right Center Back,41.7,56.1,,,,False,,,,,,,False,,,,,,,False,False,left_to_right,False,41.7,56.1,,,False,False,False,False
69b7d51e-c9db-4a88-b976-4c062cbfe809,3754237,1693,2,00:02:50.198,47,50,43,Carry,102,41,Sunderland,From Free Kick,41,Sunderland,6300.0,Sebastián Coates Nión,Right Center Back,41.7,56.1,41.7,56.1,0.096808,False,,,,,,,False,,,,,,,False,False,left_to_right,False,41.7,56.1,41.7,56.1,False,False,False,False
a0d59d0c-e659-4798-983a-360cf10219e9,3754237,1694,2,00:02:50.295,47,50,30,Pass,102,41,Sunderland,From Free Kick,41,Sunderland,6300.0,Sebastián Coates Nión,Right Center Back,41.7,56.1,52.5,58.2,1.577967,False,,,,,,,True,11.002273,0.19204801,Ground Pass,,5617.0,Sebastian Larsson,False,False,left_to_right,False,41.7,56.1,52.5,58.2,False,False,False,False
6dfccf8f-454f-43cf-9c64-6cd94952cc95,3754237,1695,2,00:02:51.873,47,51,42,Ball Receipt*,102,41,Sunderland,From Free Kick,41,Sunderland,5617.0,Sebastian Larsson,Right Center Midfield,52.5,58.2,,,,False,,,,,,,False,,,,,,,False,False,left_to_right,False,52.5,58.2,,,False,False,False,False
e0e5ee10-3413-4448-ad4b-c84180d7afd2,3754237,1696,2,00:02:51.873,47,51,43,Carry,102,41,Sunderland,From Free Kick,41,Sunderland,5617.0,Sebastian Larsson,Right Center Midfield,52.5,58.2,56.6,59.6,2.06308,False,,,,,,,False,,,,,,,False,False,left_to_right,False,52.5,58.2,56.6,59.6,False,False,False,False
fda618dd-7ca9-4280-aba4-84ff13db706a,3754237,1697,2,00:02:53.936,47,53,30,Pass,102,41,Sunderland,From Free Kick,41,Sunderland,5617.0,Sebastian Larsson,Right Center Midfield,56.6,59.6,64.0,75.2,0.978811,False,,,,,,,True,17.266151,1.1278712,Ground Pass,,10503.0,Billy Jones,False,False,left_to_right,False,56.6,59.6,64.0,75.2,False,False,False,False
335f7f10-861d-457d-8f17-e4c9afe6492e,3754237,1698,2,00:02:54.915,47,54,42,Ball Receipt*,102,41,Sunderland,From Free Kick,41,Sunderland,10503.0,Billy Jones,Right Back,64.0,75.2,,,,False,,,,,,,False,,,,,,,False,False,left_to_right,False,64.0,75.2,,,False,False,False,False
1aca3ba1-93b5-488b-b321-7e7f18c934d0,3754237,1699,2,00:02:54.915,47,54,43,Carry,102,41,Sunderland,From Free Kick,41,Sunderland,10503.0,Billy Jones,Right Back,64.0,75.2,64.0,74.3,1.137779,False,,,,,,,False,,,,,,,False,False,left_to_right,False,64.0,75.2,64.0,74.3,False,False,False,False
35dbdfc8-7081-4aa0-a2f1-9ac21c6bff40,3754237,1700,2,00:02:56.052,47,56,30,Pass,102,41,Sunderland,From Free Kick,41,Sunderland,10503.0,Billy Jones,Right Back,64.0,74.3,87.1,73.4,1.347236,False,,,,,,Incomplete,False,23.117525,-0.038941342,Ground Pass,,9554.0,Steven Fletcher,False,False,left_to_right,False,64.0,74.3,87.1,73.4,False,True,True,True
1090e1fb-5fb6-4e00-827e-f105158bc246,3754237,1701,2,00:02:57.400,47,57,42,Ball Receipt*,102,41,Sunderland,From Free Kick,41,Sunderland,9554.0,Steven Fletcher,Center Defensive Midfield,89.8,73.1,,,,False,,,,,,,False,,,,,,,False,False,left_to_right,False,89.8,73.1,,,False,False,False,False
ea3019f8-c2be-4596-870a-f7c2e65eb15a,3754237,1702,2,00:02:57.400,47,57,30,Pass,102,41,Sunderland,From Free Kick,22,Leicester City,3520.0,Jeffrey Schlupp,Left Back,33.0,6.7,46.2,0.3,1.098435,False,,,,,,Out,False,14.669697,-0.4514531,Low Pass,Recovery,3307.0,Marc Albrighton,False,False,left_to_right,False,33.0,6.7,46.2,0.3,False,False,False,True
5ad7ff61-f0cf-4716-a008-d74dafd7f95c,3754237,1703,2,00:02:58.498,47,58,42,Ball Receipt*,102,41,Sunderland,From Free Kick,22,Leicester City,3307.0,Marc Albrighton,Right Midfield,46.2,1.9,,,,False,,,,,,,False,,,,,,,False,False,left_to_right,False,46.2,1.9,,,False,False,False,False
c739e8d0-bec0-462c-b5eb-61ca9dc81295,3754237,1704,2,00:03:04.681,48,4,30,Pass,103,41,Sunderland,From Throw In,41,Sunderland,10503.0,Billy Jones,Right Back,81.0,80.0,79.0,70.2,0.96541,False,,,,,,,True,10.002,-1.7721134,Low Pass,Throw-in,16457.0,Jeremain Lens,False,False,left_to_right,False,81.0,80.0,79.0,70.2,False,False,False,False
3ded0c79-59eb-4431-be8a-74702374e308,3754237,1705,2,00:03:05.647,48,5,42,Ball Receipt*,103,41,Sunderland,From Throw In,41,Sunderland,16457.0,Jeremain Lens,Left Midfield,79.0,70.2,,,,False,,,,,,,False,,,,,,,False,False,left_to_right,False,79.0,70.2,,,False,False,False,False
3a136cc3-478c-4477-92d5-8d14a4be94c4,3754237,1706,2,00:03:05.647,48,5,43,Carry,103,41,Sunderland,From Throw In,41,Sunderland,16457.0,Jeremain Lens,Left Midfield,79.0,70.2,82.5,73.4,1.785147,True,,,,,,,False,,,,,,,False,False,left_to_right,False,79.0,70.2,82.5,73.4,False,False,False,False
c1523492-2c52-4584-9712-decac50f11e9,3754237,1707,2,00:03:06.686,48,6,17,Pressure,103,41,Sunderland,From Throw In,22,Leicester City,10960.0,Jamie Vardy,Left Center Forward,40.4,9.0,,,1.050818,False,,,,,,,False,,,,,,,False,False,left_to_right,False,40.4,9.0,,,False,False,False,False
98a648c6-0ac4-4416-90e2-d0b020deaf5c,3754237,1708,2,00:03:07.432,48,7,22,Foul Committed,103,41,Sunderland,From Throw In,22,Leicester City,10960.0,Jamie Vardy,Left Center Forward,37.6,6.7,,,0.0,False,,,,,,,False,,,,,,,False,False,left_to_right,False,37.6,6.7,,,False,False,False,False
d66e39b8-c849-48e0-9930-2f922c37ba08,3754237,1709,2,00:03:07.432,48,7,21,Foul Won,103,41,Sunderland,From Throw In,41,Sunderland,16457.0,Jeremain Lens,Left Midfield,82.5,73.4,,,0.0,True,,,,,,,False,,,,,,,False,False,left_to_right,False,82.5,73.4,,,False,False,False,False
3f86215a-f573-4574-acfd-aedca4bc0634,3754237,1710,2,00:03:58.730,48,58,30,Pass,104,41,Sunderland,From Free Kick,41,Sunderland,42902.0,Adam Johnson,Right Midfield,83.9,73.8,106.5,35.6,2.084444,False,,,,,,,True,44.38468,-1.0365591,High Pass,Free Kick,6300.0,Sebastián Coates Nión,False,False,left_to_right,False,83.9,73.8,106.5,35.6,False,True,False,False
310779ea-c4ec-466e-8267-119273cf7312,3754237,1711,2,00:04:00.814,49,0,42,Ball Receipt*,104,41,Sunderland,From Free Kick,41,Sunderland,6300.0,Sebastián Coates Nión,Right Center Back,106.5,35.6,,,,False,,,,,,,False,,,,,,,False,False,left_to_right,False,106.5,35.6,,,False,False,False,False
47fdc1f7-b59b-4c2d-8f5f-9167b96685e3,3754237,1712,2,00:04:00.814,49,0,43,Carry,104,41,Sunderland,From Free Kick,41,Sunderland,6300.0,Sebastián Coates Nión,Right Center Back,106.5,35.6,106.7,37.1,0.69606,False,,,,,,,False,,,,,,,False,False,left_to_right,False,106.5,35.6,106.7,37.1,False,False,False,False
4b61a94c-30a2-4374-b070-f68f5a264ebc,3754237,1713,2,00:04:01.511,49,1,38,Miscontrol,104,41,Sunderland,From Free Kick,41,Sunderland,6300.0,Sebastián Coates Nión,Right Center Back,106.7,37.1,,,0.0,False,,,,,,,False,,,,,,,False,False,left_to_right,False,106.7,37.1,,,False,False,False,True
70c9429a-e014-4757-bac7-c103e1343500,3754237,1714,2,00:04:01.568,49,1,9,Clearance,104,41,Sunderland,From Free Kick,22,Leicester City,28782.0,Ritchie De Laet,Right Back,12.1,38.3,,,0.0,True,,,,,,,False,,,,,,,False,False,left_to_right,False,12.1,38.3,,,False,False,False,False
e5bff483-cf6d-4d20-a1af-a25f4467670b,3754237,1715,2,00:04:01.806,49,1,6,Block,104,41,Sunderland,From Free Kick,22,Leicester City,40123.0,Robert Huth,Right Center Back,10.7,41.0,,,0.0,False,,,,,,,False,,,,,,,False,False,left_to_right,False,10.7,41.0,,,False,False,False,False
a71c9f81-1ace-4521-b96b-40c585268a20,3754237,1716,2,00:04:01.926,49,1,2,Ball Recovery,104,41,Sunderland,From Free Kick,41,Sunderland,18751.0,Jack Rodwell,Left Center Midfield,108.8,38.3,,,0.0,False,,,,,,,False,,,,,,,False,False,left_to_right,False,108.8,38.3,,,False,False,False,False
28ca708e-0d51-4feb-b123-ee84e0572fcb,3754237,1717,2,00:04:01.926,49,1,43,Carry,104,41,Sunderland,From Free Kick,41,Sunderland,18751.0,Jack Rodwell,Left Center Midfield,108.8,38.3,109.2,41.5,0.576216,False,,,,,,,False,,,,,,,False,False,left_to_right,False,108.8,38.3,109.2,41.5,False,False,False,False
59f1a7d1-84f5-45e9-854d-b11f2054dfe2,3754237,1718,2,00:04:02.502,49,2,14,Dribble,104,41,Sunderland,From Free Kick,41,Sunderland,18751.0,Jack Rodwell,Left Center Midfield,109.2,41.5,,,0.0,True,,,,,,,False,,,,,,,False,False,left_to_right,False,109.2,41.5,,,False,False,False,False
03337520-43e3-46f6-bfe5-776a37501f7d,3754237,1719,2,00:04:02.502,49,2,4,Duel,104,41,Sunderland,From Free Kick,22,Leicester City,40123.0,Robert Huth,Right Center Back,10.9,38.6,,,0.0,True,,,,,,,False,,,,,,,False,False,left_to_right,False,10.9,38.6,,,False,False,False,False
55941851-59f3-4f0e-ae49-7f109316d16a,3754237,1720,2,00:04:03.028,49,3,17,Pressure,104,41,Sunderland,From Free Kick,22,Leicester City,28782.0,Ritchie De Laet,Right Back,12.5,38.1,,,0.498004,False,,,,,,,False,,,,,,,False,False,left_to_right,False,12.5,38.1,,,False,False,False,False
14f3dcb7-81b9-4201-a2fd-881c22ecb5e9,3754237,1721,2,00:04:05.379,49,5,2,Ball Recovery,105,22,Leicester City,Regular Play,22,Leicester City,3307.0,Marc Albrighton,Right Midfield,20.4,17.8,,,0.0,False,,,,,,,False,,,,,,,False,False,left_to_right,False,20.4,17.8,,,False,False,False,False
b1974902-575e-4ff6-ad32-ae28e445f861,3754237,1722,2,00:04:05.379,49,5,43,Carry,105,22,Leicester City,Regular Play,22,Leicester City,3307.0,Marc Albrighton,Right Midfield,20.4,17.8,21.5,19.2,0.953153,False,,,,,,,False,,,,,,,False,False,left_to_right,False,20.4,17.8,21.5,19.2,False,False,False,False
7cbe9b6b-1c43-493f-8cdd-0eb5ea87366e,3754237,1723,2,00:04:06.332,49,6,30,Pass,105,22,Leicester City,Regular Play,22,Leicester City,3307.0,Marc Albrighton,Right Midfield,21.5,19.2,40.9,26.1,1.476292,False,,,,,,,True,20.590532,0.34171718,Ground Pass,,3810.0,Shinji Okazaki,False,False,left_to_right,False,21.5,19.2,40.9,26.1,False,False,False,False
25394e49-9fac-4649-a35b-fb5970521b71,3754237,1724,2,00:04:07.809,49,7,42,Ball Receipt*,105,22,Leicester City,Regular Play,22,Leicester City,3810.0,Shinji Okazaki,Right Center Forward,40.9,26.1,,,,False,,,,,,,False,,,,,,,False,False,left_to_right,False,40.9,26.1,,,False,False,False,False
9ab0e1df-ce1e-4992-9de6-976cd04c9cf2,3754237,1725,2,00:04:07.809,49,7,30,Pass,105,22,Leicester City,Regular Play,22,Leicester City,3810.0,Shinji Okazaki,Right Center Forward,42.9,27.8,40.6,10.5,2.150511,False,,,,,,,True,17.45222,-1.7029692,Ground Pass,,3307.0,Marc Albrighton,False,False,left_to_right,False,42.9,27.8,40.6,10.5,False,False,False,False
5fb002e0-ed15-4b6f-ba61-4b72da17d8ae,3754237,1726,2,00:04:09.959,49,9,42,Ball Receipt*,105,22,Leicester City,Regular Play,22,Leicester City,3307.0,Marc Albrighton,Right Midfield,40.6,10.5,,,,False,,,,,,,False,,,,,,,False,False,left_to_right,False,40.6,10.5,,,False,False,False,False
62f9a97f-66b1-4527-bace-927671f79a31,3754237,1727,2,00:04:09.959,49,9,43,Carry,105,22,Leicester City,Regular Play,22,Leicester City,3307.0,Marc Albrighton,Right Midfield,40.6,10.5,43.6,9.6,1.878378,False,,,,,,,False,,,,,,,False,False,left_to_right,False,40.6,10.5,43.6,9.6,False,False,False,False
16c701e3-7f2f-4304-84e5-6e808ef71529,3754237,1728,2,00:04:11.838,49,11,30,Pass,105,22,Leicester City,Regular Play,22,Leicester City,3307.0,Marc Albrighton,Right Midfield,43.6,9.6,88.4,32.1,2.668422,False,,,,,,Incomplete,False,50.132725,0.46543172,High Pass,,10960.0,Jamie Vardy,False,False,left_to_right,False,43.6,9.6,88.4,32.1,False,True,True,True
8e6fea08-173d-4371-b52c-d197464ae22f,3754237,1729,2,00:04:14.506,49,14,42,Ball Receipt*,105,22,Leicester City,Regular Play,22,Leicester City,10960.0,Jamie Vardy,Left Center Forward,86.0,30.7,,,,False,,,,,,,False,,,,,,,False,False,left_to_right,False,86.0,30.7,,,False,False,False,False
b9a77604-0749-41b9-a87f-57ace49995df,3754237,1730,2,00:04:14.506,49,14,30,Pass,106,41,Sunderland,Regular Play,41,Sunderland,3321.0,Patrick van Aanholt,Left Back,31.7,48.0,39.4,68.1,2.329723,False,,,,,,,True,21.524405,1.2049568,Low Pass,Interception,10503.0,Billy Jones,False,False,left_to_right,False,31.7,48.0,39.4,68.1,False,False,False,False
7b2ae00d-e2cf-49fd-81a0-2f9ed6927e59,3754237,1731,2,00:04:16.836,49,16,42,Ball Receipt*,106,41,Sunderland,Regular Play,41,Sunderland,10503.0,Billy Jones,Right Back,39.4,68.1,,,,False,,,,,,,False,,,,,,,False,False,left_to_right,False,39.4,68.1,,,False,False,False,False
1b1b94f9-84d8-4c0c-a6e4-80de54b5ec29,3754237,1732,2,00:04:16.836,49,16,43,Carry,106,41,Sunderland,Regular Play,41,Sunderland,10503.0,Billy Jones,Right Back,39.4,68.1,36.1,69.0,0.3568,False,,,,,,,False,,,,,,,False,False,left_to_right,False,39.4,68.1,36.1,69.0,False,False,False,False
ee9f4e91-d6c0-4d10-b52c-36e148f026df,3754237,1733,2,00:04:17.192,49,17,30,Pass,106,41,Sunderland,Regular Play,41,Sunderland,10503.0,Billy Jones,Right Back,36.1,69.0,40.5,69.3,0.122377,False,,,,,,Incomplete,False,4.4102154,0.06807646,Ground Pass,,,,False,False,left_to_right,False,36.1,69.0,40.5,69.3,False,False,False,True
3c39623f-1f8b-4f06-a883-9807cf9ae644,3754237,1734,2,00:04:17.315,49,17,6,Block,106,41,Sunderland,Regular Play,22,Leicester City,3810.0,Shinji Okazaki,Right Center Forward,79.6,10.8,,,0.0,False,,,,,,,False,,,,,,,False,False,left_to_right,False,79.6,10.8,,,False,False,False,False
6705b084-3283-4605-b11f-a0c4274cfdc7,3754237,1735,2,00:04:19.129,49,19,17,Pressure,106,41,Sunderland,Regular Play,41,Sunderland,10503.0,Billy Jones,Right Back,41.2,60.5,,,0.462687,False,,,,,,,False,,,,,,,False,False,left_to_right,False,41.2,60.5,,,False,False,False,False
54224dfe-32ef-4f87-9338-031fbadd96b1,3754237,1736,2,00:04:19.699,49,19,22,Foul Committed,106,41,Sunderland,Regular Play,41,Sunderland,10503.0,Billy Jones,Right Back,43.2,61.4,,,0.0,False,,,,,,,False,,,,,,,False,False,left_to_right,False,43.2,61.4,,,False,False,False,False
3be9453a-698c-41ee-94d9-01a6207d800e,3754237,1737,2,00:04:19.699,49,19,21,Foul Won,106,41,Sunderland,Regular Play,22,Leicester City,3810.0,Shinji Okazaki,Right Center Forward,76.9,18.7,,,0.0,True,,,,,,,False,,,,,,,False,False,left_to_right,False,76.9,18.7,,,False,False,False,False
581787b4-0143-4184-9af8-f3aa15f7144f,3754237,1738,2,00:04:59.604,49,59,30,Pass,107,22,Leicester City,From Free Kick,22,Leicester City,3307.0,Marc Albrighton,Right Midfield,76.9,19.2,108.4,38.3,1.738213,False,,,,,,Incomplete,False,36.838295,0.54507494,High Pass,Free Kick,,,False,False,left_to_right,False,76.9,19.2,108.4,38.3,False,True,True,True
b6ad939c-8bf5-4b2f-af1c-97516c976695,3754237,1739,2,00:05:01.342,50,1,9,Clearance,107,22,Leicester City,From Free Kick,41,Sunderland,4746.0,Younes Kaboul,Left Center Back,11.7,41.8,,,0.0,True,,,,,,,False,,,,,,,False,False,left_to_right,False,11.7,41.8,,,False,False,False,False
0acf3371-5e91-45d4-a70d-2cc6aec1d8fd,3754237,1740,2,00:05:03.950,50,3,4,Duel,107,22,Leicester City,From Free Kick,22,Leicester City,3665.0,Andrew Philip King,Right Center Midfield,93.7,32.1,,,0.0,True,,,,,,,False,,,,,,,False,False,left_to_right,False,93.7,32.1,,,False,False,False,False
76540953-01d1-4bba-bb3d-3b2f2687b744,3754237,1741,2,00:05:03.950,50,3,30,Pass,108,41,Sunderland,Regular Play,41,Sunderland,42902.0,Adam Johnson,Right Midfield,26.4,48.0,36.8,54.4,1.264442,True,,,,,,,True,12.21147,0.551655,Low Pass,Recovery,16457.0,Jeremain Lens,False,False,left_to_right,False,26.4,48.0,36.8,54.4,False,False,False,False
6bf57809-ad6c-4ed5-b147-fea6fc81873b,3754237,1742,2,00:05:04.910,50,4,17,Pressure,108,41,Sunderland,Regular Play,22,Leicester City,3307.0,Marc Albrighton,Right Midfield,82.6,25.7,,,0.339402,False,,,,,,,False,,,,,,,False,False,left_to_right,False,82.6,25.7,,,False,False,False,False
0dca9be8-37f0-4200-84f3-9eb472f05bf8,3754237,1743,2,00:05:05.214,50,5,42,Ball Receipt*,108,41,Sunderland,Regular Play,41,Sunderland,16457.0,Jeremain Lens,Left Midfield,36.8,54.4,,,,True,,,,,,,False,,,,,,,False,False,left_to_right,False,36.8,54.4,,,False,False,False,False
f0c85970-6427-411c-9606-e763d7ca2c65,3754237,1744,2,00:05:05.214,50,5,43,Carry,108,41,Sunderland,Regular Play,41,Sunderland,16457.0,Jeremain Lens,Left Midfield,36.8,54.4,37.3,53.8,0.039999,True,,,,,,,False,,,,,,,False,False,left_to_right,False,36.8,54.4,37.3,53.8,False,False,False,False
6191c09f-bb04-4a66-96f1-c804db60513e,3754237,1745,2,00:05:05.254,50,5,30,Pass,108,41,Sunderland,Regular Play,41,Sunderland,16457.0,Jeremain Lens,Left Midfield,37.3,53.8,41.2,38.8,1.055516,False,,,,,,,True,15.49871,-1.3164283,Low Pass,,3337.0,Jermain Defoe,False,False,left_to_right,False,37.3,53.8,41.2,38.8,False,False,False,False
d6d09e92-9091-4a8c-98a2-ac2bec6fd9f2,3754237,1746,2,00:05:06.310,50,6,42,Ball Receipt*,108,41,Sunderland,Regular Play,41,Sunderland,3337.0,Jermain Defoe,Center Forward,41.2,38.8,,,,False,,,,,,,False,,,,,,,False,False,left_to_right,False,41.2,38.8,,,False,False,False,False
1b3bc279-d0ae-480d-a1d6-669e80772f19,3754237,1747,2,00:05:06.310,50,6,43,Carry,108,41,Sunderland,Regular Play,41,Sunderland,3337.0,Jermain Defoe,Center Forward,41.2,38.8,48.1,42.3,1.048315,False,,,,,,,False,,,,,,,False,False,left_to_right,False,41.2,38.8,48.1,42.3,False,False,False,False
2d0bb8a6-6a58-4ba0-8a6c-a38df8765c8d,3754237,1748,2,00:05:07.358,50,7,30,Pass,108,41,Sunderland,Regular Play,41,Sunderland,3337.0,Jermain Defoe,Center Forward,48.1,42.3,69.3,18.9,1.674354,False,,,,,,,True,31.575306,-0.83468556,Ground Pass,,9554.0,Steven Fletcher,False,False,left_to_right,False,48.1,42.3,69.3,18.9,False,False,False,False
439c30a3-8e58-4ad2-8f24-2069471e3243,3754237,1749,2,00:05:09.032,50,9,42,Ball Receipt*,108,41,Sunderland,Regular Play,41,Sunderland,9554.0,Steven Fletcher,Center Defensive Midfield,69.3,18.9,,,,False,,,,,,,False,,,,,,,False,False,left_to_right,False,69.3,18.9,,,False,False,False,False
d349cc86-c5eb-4292-9dcf-94b93041fff5,3754237,1750,2,00:05:09.032,50,9,43,Carry,108,41,Sunderland,Regular Play,41,Sunderland,9554.0,Steven Fletcher,Center Defensive Midfield,69.3,18.9,72.5,18.3,1.829723,False,,,,,,,False,,,,,,,False,False,left_to_right,False,69.3,18.9,72.5,18.3,False,False,False,False
d2c70b35-075e-4a66-9096-7b77295b3e4f,3754237,1751,2,00:05:10.862,50,10,30,Pass,108,41,Sunderland,Regular Play,41,Sunderland,9554.0,Steven Fletcher,Center Defensive Midfield,72.5,18.3,87.1,79.8,3.649889,False,,,,,,Out,False,63.209255,1.3377128,High Pass,,,,False,False,left_to_right,False,72.5,18.3,87.1,79.8,False,False,True,True
8d48aeaf-9b4b-496e-bc76-cda93f5a16b5,3754237,1752,2,00:05:41.718,50,41,30,Pass,109,22,Leicester City,From Throw In,22,Leicester City,3520.0,Jeffrey Schlupp,Left Back,33.0,0.1,61.4,8.1,2.071732,False,,,,,,,True,29.505253,0.2745753,High Pass,Throw-in,3810.0,Shinji Okazaki,False,False,left_to_right,False,33.0,0.1,61.4,8.1,False,True,False,False
c1a4528e-d1df-4454-83cb-7670cffd714b,3754237,1753,2,00:05:43.790,50,43,42,Ball Receipt*,109,22,Leicester City,From Throw In,22,Leicester City,3810.0,Shinji Okazaki,Right Center Forward,61.4,8.1,,,,False,,,,,,,False,,,,,,,False,False,left_to_right,False,61.4,8.1,,,False,False,False,False
326c5f4d-a3ed-4cdd-9b81-8408f88f3697,3754237,1754,2,00:05:43.790,50,43,4,Duel,109,22,Leicester City,From Throw In,41,Sunderland,5617.0,Sebastian Larsson,Right Center Midfield,58.7,72.0,,,0.0,True,,,,,,,False,,,,,,,False,False,left_to_right,False,58.7,72.0,,,False,False,False,False
667a92a7-db98-470f-a693-d7093b70dc9f,3754237,1755,2,00:05:43.790,50,43,30,Pass,109,22,Leicester City,From Throw In,22,Leicester City,3810.0,Shinji Okazaki,Right Center Forward,61.4,8.1,69.9,11.1,0.664384,True,,,,,,,True,9.013878,0.33929262,Low Pass,,3307.0,Marc Albrighton,False,False,left_to_right,False,61.4,8.1,69.9,11.1,False,False,False,False
2cdf9544-eb83-47dd-b65e-ff71d397ea8d,3754237,1756,2,00:05:44.454,50,44,42,Ball Receipt*,109,22,Leicester City,From Throw In,22,Leicester City,3307.0,Marc Albrighton,Right Midfield,69.9,11.1,,,,False,,,,,,,False,,,,,,,False,False,left_to_right,False,69.9,11.1,,,False,False,False,False
3eb6c9b7-f0da-426c-b6e2-95b0415017cf,3754237,1757,2,00:05:44.494,50,44,30,Pass,109,22,Leicester City,From Throw In,22,Leicester City,3307.0,Marc Albrighton,Right Midfield,69.9,11.1,77.5,5.8,0.791045,False,,,,,,,True,9.265528,-0.60895765,High Pass,,10960.0,Jamie Vardy,True,False,left_to_right,False,69.9,11.1,77.5,5.8,False,False,False,False
b4b9866e-672f-4ab9-9e3f-16b12393dbc8,3754237,1758,2,00:05:45.285,50,45,42,Ball Receipt*,109,22,Leicester City,From Throw In,22,Leicester City,10960.0,Jamie Vardy,Left Center Forward,77.5,5.8,,,,False,,,,,,,False,,,,,,,False,False,left_to_right,False,77.5,5.8,,,False,False,False,False
c5f2caa8-e6a1-4901-ab9f-b22ad37ba7b2,3754237,1759,2,00:05:45.285,50,45,43,Carry,109,22,Leicester City,From Throw In,22,Leicester City,10960.0,Jamie Vardy,Left Center Forward,77.5,5.8,116.2,23.4,4.793279,True,,,,,,,False,,,,,,,False,False,left_to_right,False,77.5,5.8,116.2,23.4,True,False,False,False
aadcd0f2-aec6-49fc-b183-a39d74ed8603,3754237,1760,2,00:05:49.054,50,49,17,Pressure,109,22,Leicester City,From Throw In,41,Sunderland,6300.0,Sebastián Coates Nión,Right Center Back,11.0,67.6,,,0.997472,False,,,,,,,False,,,,,,,False,False,left_to_right,False,11.0,67.6,,,False,False,False,False
81310228-e890-4339-9480-5e68ddeb5756,3754237,1761,2,00:05:50.079,50,50,39,Dribbled Past,109,22,Leicester City,From Throw In,41,Sunderland,6300.0,Sebastián Coates Nión,Right Center Back,3.9,56.7,,,0.0,False,,,,,,,False,,,,,,,False,False,left_to_right,False,3.9,56.7,,,False,False,False,False
7165ef8b-c176-42fa-9f78-28a3228e998e,3754237,1762,2,00:05:50.079,50,50,14,Dribble,109,22,Leicester City,From Throw In,22,Leicester City,10960.0,Jamie Vardy,Left Center Forward,116.2,23.4,,,0.0,True,,,,,,,False,,,,,,,False,False,left_to_right,False,116.2,23.4,,,False,False,False,False
8e2e6120-8483-4dd2-b0ba-ba6f2ffbe04d,3754237,1763,2,00:05:50.079,50,50,43,Carry,109,22,Leicester City,From Throw In,22,Leicester City,10960.0,Jamie Vardy,Left Center Forward,116.2,23.4,116.1,28.7,1.076726,True,,,,,,,False,,,,,,,False,False,left_to_right,False,116.2,23.4,116.1,28.7,True,False,False,False
17bd3ce8-cc8b-454f-aaca-0c38b2b0c1b1,3754237,1764,2,00:05:51.155,50,51,16,Shot,109,22,Leicester City,From Throw In,22,Leicester City,10960.0,Jamie Vardy,Left Center Forward,116.1,28.7,120.0,48.7,1.070687,False,0.10302665,Off T,Right Foot,Lob,Open Play,,False,,,,,,,False,False,left_to_right,False,116.1,28.7,120.0,48.7,False,False,False,False
2b9d2a92-0fb1-45a0-8ab9-3eea053157cb,3754237,1765,2,00:05:52.226,50,52,23,Goal Keeper,109,22,Leicester City,From Throw In,41,Sunderland,6871.0,Costel Fane Pantilimon,Goalkeeper,2.8,46.4,,,0.0,False,,,,,,,False,,,,,,,False,False,left_to_right,False,2.8,46.4,,,False,False,False,False
dd972c0b-0e6d-4706-b8b4-c4e92a47b703,3754237,1766,2,00:06:23.964,51,23,30,Pass,110,41,Sunderland,From Goal Kick,41,Sunderland,6871.0,Costel Fane Pantilimon,Goalkeeper,6.0,36.0,68.1,10.4,3.3782,False,,,,,,Incomplete,False,67.16971,-0.39101192,High Pass,Goal Kick,,,False,False,left_to_right,False,6.0,36.0,68.1,10.4,False,True,False,True
6f586f95-1876-411d-bc4f-7bce80b3cf42,3754237,1767,2,00:06:27.342,51,27,30,Pass,110,41,Sunderland,From Goal Kick,22,Leicester City,3814.0,Riyad Mahrez,Left Midfield,52.0,69.7,63.5,63.2,2.077985,True,,,,,,Incomplete,False,13.209845,-0.5144513,High Pass,Recovery,3810.0,Shinji Okazaki,False,False,left_to_right,False,52.0,69.7,63.5,63.2,False,False,False,True
984dfad5-073f-477b-b8ee-9f8549860bc7,3754237,1768,2,00:06:27.342,51,27,4,Duel,110,41,Sunderland,From Goal Kick,41,Sunderland,9554.0,Steven Fletcher,Center Defensive Midfield,68.1,10.4,,,0.0,True,,,,,,,False,,,,,,,False,False,left_to_right,False,68.1,10.4,,,False,False,False,False
e5447ba2-c1d7-4c06-ba2f-181c4cb52753,3754237,1769,2,00:06:29.420,51,29,42,Ball Receipt*,110,41,Sunderland,From Goal Kick,22,Leicester City,3810.0,Shinji Okazaki,Right Center Forward,63.5,63.2,,,,False,,,,,,,False,,,,,,,False,False,left_to_right,False,63.5,63.2,,,False,False,False,False
ffe650a5-a27a-4027-9f2e-75166e60741f,3754237,1770,2,00:06:29.420,51,29,30,Pass,110,41,Sunderland,From Goal Kick,41,Sunderland,18751.0,Jack Rodwell,Left Center Midfield,56.6,16.9,66.3,10.2,1.398041,True,,,,,,Incomplete,False,11.788978,-0.6044717,High Pass,Recovery,,,False,False,left_to_right,False,56.6,16.9,66.3,10.2,False,False,False,True
7a9259d1-41ad-47eb-8de0-d43cc95c4a6b,3754237,1771,2,00:06:29.420,51,29,4,Duel,110,41,Sunderland,From Goal Kick,22,Leicester City,3810.0,Shinji Okazaki,Right Center Forward,63.5,63.2,,,0.0,True,,,,,,,False,,,,,,,False,False,left_to_right,False,63.5,63.2,,,False,False,False,False
7ffa06d5-5e4f-4d91-b22e-94a523446d86,3754237,1772,2,00:06:30.818,51,30,30,Pass,110,41,Sunderland,From Goal Kick,22,Leicester City,3665.0,Andrew Philip King,Right Center Midfield,53.8,69.9,73.7,65.0,1.296208,False,,,,,,Incomplete,False,20.494389,-0.24142838,High Pass,Recovery,,,False,False,left_to_right,False,53.8,69.9,73.7,65.0,False,True,False,True
a535e32d-2a62-44b9-992f-03122c124aeb,3754237,1773,2,00:06:32.114,51,32,30,Pass,110,41,Sunderland,From Goal Kick,41,Sunderland,4746.0,Younes Kaboul,Left Center Back,46.4,15.1,56.4,13.0,2.424037,False,,,,,,Incomplete,False,10.218122,-0.2069922,High Pass,Recovery,,,False,False,left_to_right,False,46.4,15.1,56.4,13.0,False,False,False,True
94f8b8f8-2ed6-42fc-b201-70a27af11392,3754237,1774,2,00:06:34.538,51,34,30,Pass,110,41,Sunderland,From Goal Kick,22,Leicester City,3810.0,Shinji Okazaki,Right Center Forward,63.7,67.1,69.7,63.9,1.508201,False,,,,,,Incomplete,False,6.8,-0.48995733,High Pass,Recovery,3814.0,Riyad Mahrez,False,False,left_to_right,False,63.7,67.1,69.7,63.9,False,False,False,True
db718306-a087-4ef1-be71-1890921d9807,3754237,1775,2,00:06:36.046,51,36,42,Ball Receipt*,110,41,Sunderland,From Goal Kick,22,Leicester City,3814.0,Riyad Mahrez,Left Midfield,72.5,63.9,,,,False,,,,,,,False,,,,,,,False,False,left_to_right,False,72.5,63.9,,,False,False,False,False
e7fc9863-b098-44d0-8704-fb4f13ed44a2,3754237,1776,2,00:06:36.046,51,36,30,Pass,110,41,Sunderland,From Goal Kick,41,Sunderland,18751.0,Jack Rodwell,Left Center Midfield,50.4,16.2,56.0,7.2,1.307268,False,,,,,,Incomplete,False,10.6,-1.014197,Low Pass,Recovery,42902.0,Adam Johnson,False,False,left_to_right,False,50.4,16.2,56.0,7.2,False,False,False,True
232e5655-509f-4484-ad8d-b33f14dc8711,3754237,1777,2,00:06:37.354,51,37,42,Ball Receipt*,110,41,Sunderland,From Goal Kick,41,Sunderland,42902.0,Adam Johnson,Right Midfield,56.6,6.0,,,,False,,,,,,,False,,,,,,,False,False,left_to_right,False,56.6,6.0,,,False,False,False,False
bfddcc20-3680-4a9e-b03a-58fe072e6d1c,3754237,1778,2,00:06:37.354,51,37,2,Ball Recovery,110,41,Sunderland,From Goal Kick,22,Leicester City,3810.0,Shinji Okazaki,Right Center Forward,64.1,72.9,,,0.0,False,,,,,,,False,,,,,,,False,False,left_to_right,False,64.1,72.9,,,False,False,False,False
46b067e1-9153-449f-a360-55f6c9c5c4ec,3754237,1779,2,00:06:44.462,51,44,30,Pass,111,41,Sunderland,From Throw In,41,Sunderland,3321.0,Patrick van Aanholt,Left Back,56.6,0.1,52.9,10.2,0.858922,False,,,,,,,True,10.756393,1.9219502,Low Pass,Throw-in,18751.0,Jack Rodwell,False,False,left_to_right,False,56.6,0.1,52.9,10.2,False,False,False,False
3ae5fa9a-3cef-41c5-9d69-0938dee496d4,3754237,1780,2,00:06:45.321,51,45,42,Ball Receipt*,111,41,Sunderland,From Throw In,41,Sunderland,18751.0,Jack Rodwell,Left Center Midfield,52.9,10.2,,,,False,,,,,,,False,,,,,,,False,False,left_to_right,False,52.9,10.2,,,False,False,False,False
ce4b913e-59ec-4489-a458-caff375d20ea,3754237,1781,2,00:06:45.321,51,45,43,Carry,111,41,Sunderland,From Throw In,41,Sunderland,18751.0,Jack Rodwell,Left Center Midfield,52.9,10.2,55.5,9.0,0.869707,True,,,,,,,False,,,,,,,False,False,left_to_right,False,52.9,10.2,55.5,9.0,False,False,False,False
3b10f5ee-135d-4814-a244-d8f24d1dcef3,3754237,1782,2,00:06:45.536,51,45,17,Pressure,111,41,Sunderland,From Throw In,22,Leicester City,3810.0,Shinji Okazaki,Right Center Forward,67.2,68.3,,,0.853547,False,,,,,,,False,,,,,,,False,False,left_to_right,False,67.2,68.3,,,False,False,False,False
9023ed40-64d6-4790-8da5-c1e1dc666e6a,3754237,1783,2,00:06:45.790,51,45,17,Pressure,111,41,Sunderland,From Throw In,22,Leicester City,10960.0,Jamie Vardy,Left Center Forward,65.5,69.7,,,0.393794,False,,,,,,,False,,,,,,,False,False,left_to_right,False,65.5,69.7,,,False,False,False,False
ee990c8e-101d-4f54-bff2-8c7f8866ec6c,3754237,1784,2,00:06:46.191,51,46,30,Pass,111,41,Sunderland,From Throw In,41,Sunderland,18751.0,Jack Rodwell,Left Center Midfield,55.5,9.0,64.0,11.3,0.793157,True,,,,,,,True,8.80568,0.26426002,Ground Pass,,42902.0,Adam Johnson,False,False,left_to_right,False,55.5,9.0,64.0,11.3,False,False,False,False
f39d05c0-d2c8-40bc-b695-fa9d53ec4f81,3754237,1785,2,00:06:46.984,51,46,42,Ball Receipt*,111,41,Sunderland,From Throw In,41,Sunderland,42902.0,Adam Johnson,Right Midfield,64.0,11.3,,,,False,,,,,,,False,,,,,,,False,False,left_to_right,False,64.0,11.3,,,False,False,False,False
34d8af9d-d27d-4b7f-bac3-ea3719131964,3754237,1786,2,00:06:46.984,51,46,43,Carry,111,41,Sunderland,From Throw In,41,Sunderland,42902.0,Adam Johnson,Right Midfield,64.0,11.3,64.0,11.3,0.506935,False,,,,,,,False,,,,,,,False,False,left_to_right,False,64.0,11.3,64.0,11.3,False,False,False,False
32876e49-72ba-4149-b9cc-bdef7124c758,3754237,1787,2,00:06:47.491,51,47,38,Miscontrol,111,41,Sunderland,From Throw In,41,Sunderland,42902.0,Adam Johnson,Right Midfield,64.0,11.3,,,0.0,False,,,,,,,False,,,,,,,False,False,left_to_right,False,64.0,11.3,,,False,False,False,True
66c566d3-0d2c-4275-814b-a3b49c034440,3754237,1788,2,00:06:48.814,51,48,2,Ball Recovery,111,41,Sunderland,From Throw In,22,Leicester City,3665.0,Andrew Philip King,Right Center Midfield,52.0,74.3,,,0.0,False,,,,,,,False,,,,,,,False,False,left_to_right,False,52.0,74.3,,,False,False,False,False
b03f5941-9525-4ffa-8733-05ac5d5bcf7f,3754237,1789,2,00:06:48.814,51,48,43,Carry,111,41,Sunderland,From Throw In,22,Leicester City,3665.0,Andrew Philip King,Right Center Midfield,52.0,74.3,57.0,78.8,2.759021,False,,,,,,,False,,,,,,,False,False,left_to_right,False,52.0,74.3,57.0,78.8,False,False,False,False
101064b7-b741-48bc-895e-ad3368d984bf,3754237,1790,2,00:06:51.573,51,51,30,Pass,111,41,Sunderland,From Throw In,22,Leicester City,3665.0,Andrew Philip King,Right Center Midfield,57.0,78.8,45.5,76.8,1.177812,False,,,,,,,True,11.672618,-2.9694018,Ground Pass,,28782.0,Ritchie De Laet,False,False,left_to_right,False,57.0,78.8,45.5,76.8,False,False,False,False
ba933c2d-06a0-48ed-b24e-d59ffdeb0984,3754237,1791,2,00:06:52.751,51,52,42,Ball Receipt*,111,41,Sunderland,From Throw In,22,Leicester City,28782.0,Ritchie De Laet,Right Back,45.5,76.8,,,,False,,,,,,,False,,,,,,,False,False,left_to_right,False,45.5,76.8,,,False,False,False,False
650e3080-c840-4e7a-98b2-fdd2db7e27a3,3754237,1792,2,00:06:52.751,51,52,30,Pass,111,41,Sunderland,From Throw In,22,Leicester City,28782.0,Ritchie De Laet,Right Back,45.5,76.8,89.8,69.9,3.664705,False,,,,,,Incomplete,False,44.834137,-0.15451469,High Pass,,10960.0,Jamie Vardy,False,False,left_to_right,False,45.5,76.8,89.8,69.9,False,True,True,True
bf04295b-6fc0-44e6-a69b-f930fb263d44,3754237,1793,2,00:06:56.416,51,56,42,Ball Receipt*,111,41,Sunderland,From Throw In,22,Leicester City,10960.0,Jamie Vardy,Left Center Forward,87.7,68.5,,,,False,,,,,,,False,,,,,,,False,False,left_to_right,False,87.7,68.5,,,False,False,False,False
f281f3b9-c68a-4234-84c0-7034ee5ee0e4,3754237,1794,2,00:06:56.416,51,56,9,Clearance,111,41,Sunderland,From Throw In,41,Sunderland,4746.0,Younes Kaboul,Left Center Back,30.3,10.2,,,0.0,True,,,,,,,False,,,,,,,False,False,left_to_right,False,30.3,10.2,,,False,False,False,False
a94244f5-6560-44e0-a6d4-ccce6a6442dc,3754237,1795,2,00:06:58.494,51,58,30,Pass,111,41,Sunderland,From Throw In,41,Sunderland,4746.0,Younes Kaboul,Left Center Back,24.4,14.5,50.8,23.3,1.519348,False,,,,,,Incomplete,False,27.828043,0.32175055,High Pass,Recovery,,,False,False,left_to_right,False,24.4,14.5,50.8,23.3,False,True,False,True
9864e95e-1cc9-457e-b0ae-d5b9abc49012,3754237,1796,2,00:07:00.013,52,0,30,Pass,111,41,Sunderland,From Throw In,22,Leicester City,3662.0,Danny Drinkwater,Left Center Midfield,69.3,56.8,82.2,55.4,1.542596,False,,,,,,Incomplete,False,12.975746,-0.108104035,High Pass,Recovery,,,False,False,left_to_right,False,69.3,56.8,82.2,55.4,False,False,True,True
919ee9a2-1ba3-4860-8d5f-dde8c898d359,3754237,1797,2,00:07:01.556,52,1,30,Pass,111,41,Sunderland,From Throw In,41,Sunderland,18751.0,Jack Rodwell,Left Center Midfield,37.9,24.7,45.5,29.1,1.261053,False,,,,,,,True,8.781799,0.5247958,Low Pass,Recovery,5617.0,Sebastian Larsson,False,False,left_to_right,False,37.9,24.7,45.5,29.1,False,False,False,False
a727b885-6d9f-4c08-aa07-8e7ff0323ff9,3754237,1798,2,00:07:02.817,52,2,42,Ball Receipt*,111,41,Sunderland,From Throw In,41,Sunderland,5617.0,Sebastian Larsson,Right Center Midfield,45.5,29.1,,,,False,,,,,,,False,,,,,,,False,False,left_to_right,False,45.5,29.1,,,False,False,False,False
8379f580-a1a9-4410-8ba5-62cc23d0f029,3754237,1799,2,00:07:02.817,52,2,43,Carry,111,41,Sunderland,From Throw In,41,Sunderland,5617.0,Sebastian Larsson,Right Center Midfield,45.5,29.1,45.5,29.1,0.112852,False,,,,,,,False,,,,,,,False,False,left_to_right,False,45.5,29.1,45.5,29.1,False,False,False,False
1ae3c4da-1fdb-42d3-93c7-3b1e3f4e10af,3754237,1800,2,00:07:02.930,52,2,30,Pass,111,41,Sunderland,From Throw In,41,Sunderland,5617.0,Sebastian Larsson,Right Center Midfield,45.5,29.1,50.2,16.6,1.203712,False,,,,,,,True,13.3544,-1.2111492,Low Pass,,42902.0,Adam Johnson,False,False,left_to_right,False,45.5,29.1,50.2,16.6,False,False,False,False
b629597d-2f7a-4e44-8e4c-89a7d039284b,3754237,1801,2,00:07:04.134,52,4,42,Ball Receipt*,111,41,Sunderland,From Throw In,41,Sunderland,42902.0,Adam Johnson,Right Midfield,50.2,16.6,,,,False,,,,,,,False,,,,,,,False,False,left_to_right,False,50.2,16.6,,,False,False,False,False
46550107-ba1d-4d4a-9b06-2d86301194c2,3754237,1802,2,00:07:04.134,52,4,43,Carry,111,41,Sunderland,From Throw In,41,Sunderland,42902.0,Adam Johnson,Right Midfield,50.2,16.6,51.4,10.2,1.319294,False,,,,,,,False,,,,,,,False,False,left_to_right,False,50.2,16.6,51.4,10.2,False,False,False,False
4d6dc492-c1dd-4abf-9cd3-7638a90a5b01,3754237,1803,2,00:07:05.453,52,5,30,Pass,111,41,Sunderland,From Throw In,41,Sunderland,42902.0,Adam Johnson,Right Midfield,51.4,10.2,91.5,4.9,1.959522,False,,,,,,,True,40.448734,-0.13140793,Low Pass,,3337.0,Jermain Defoe,False,False,left_to_right,False,51.4,10.2,91.5,4.9,False,True,True,False
b370b214-50da-4d90-900c-ecca29b32350,3754237,1804,2,00:07:07.412,52,7,42,Ball Receipt*,111,41,Sunderland,From Throw In,41,Sunderland,3337.0,Jermain Defoe,Center Forward,91.5,4.9,,,,False,,,,,,,False,,,,,,,False,False,left_to_right,False,91.5,4.9,,,False,False,False,False
6304089d-724c-462b-93b4-cc689acd76dd,3754237,1805,2,00:07:07.412,52,7,43,Carry,111,41,Sunderland,From Throw In,41,Sunderland,3337.0,Jermain Defoe,Center Forward,91.5,4.9,99.5,19.4,3.919079,True,,,,,,,False,,,,,,,False,False,left_to_right,False,91.5,4.9,99.5,19.4,True,False,False,False
e8440e40-48ce-4cdd-b2ab-64f728bd01fe,3754237,1806,2,00:07:08.037,52,8,17,Pressure,111,41,Sunderland,From Throw In,22,Leicester City,28782.0,Ritchie De Laet,Right Back,22.7,73.6,,,0.829179,False,,,,,,,False,,,,,,,False,False,left_to_right,False,22.7,73.6,,,False,False,False,False
6807ee77-b10c-40d1-8719-8c0cc478ab66,3754237,1807,2,00:07:11.331,52,11,30,Pass,111,41,Sunderland,From Throw In,41,Sunderland,3337.0,Jermain Defoe,Center Forward,99.5,19.4,111.5,46.2,1.468806,False,,,,,,Incomplete,False,29.363924,1.1498058,High Pass,,9554.0,Steven Fletcher,False,False,left_to_right,False,99.5,19.4,111.5,46.2,False,True,False,True
bec3e70b-b68f-42b8-9bba-60035db0cf17,3754237,1808,2,00:07:12.800,52,12,42,Ball Receipt*,111,41,Sunderland,From Throw In,41,Sunderland,9554.0,Steven Fletcher,Center Defensive Midfield,111.5,49.4,,,,False,,,,,,,False,,,,,,,False,False,left_to_right,False,111.5,49.4,,,False,False,False,False
2836e59c-36a0-4950-b649-c85cf7ddcf7f,3754237,1809,2,00:07:12.800,52,12,9,Clearance,111,41,Sunderland,From Throw In,22,Leicester City,3520.0,Jeffrey Schlupp,Left Back,8.6,33.9,,,0.0,True,,,,,,,False,,,,,,,False,False,left_to_right,False,8.6,33.9,,,False,False,False,False
c8c6f0f0-80b7-4390-981f-800557095ba8,3754237,1810,2,00:07:32.467,52,32,30,Pass,112,41,Sunderland,From Corner,41,Sunderland,42902.0,Adam Johnson,Right Midfield,120.0,80.0,114.7,33.5,2.317304,False,,,,,,,True,46.801067,-1.684285,High Pass,Corner,6300.0,Sebastián Coates Nión,False,False,left_to_right,False,120.0,80.0,114.7,33.5,False,True,False,False
5a5df408-b9a2-4094-9d4e-ca2695987516,3754237,1811,2,00:07:34.785,52,34,42,Ball Receipt*,112,41,Sunderland,From Corner,41,Sunderland,6300.0,Sebastián Coates Nión,Right Center Back,114.7,33.5,,,,False,,,,,,,False,,,,,,,False,False,left_to_right,False,114.7,33.5,,,False,False,False,False
cf861cf2-643e-4ff1-bde0-cb1fc5122408,3754237,1812,2,00:07:34.825,52,34,4,Duel,112,41,Sunderland,From Corner,22,Leicester City,3665.0,Andrew Philip King,Right Center Midfield,5.4,46.2,,,0.0,True,,,,,,,False,,,,,,,False,False,left_to_right,False,5.4,46.2,,,False,False,False,False
aa58394a-cd4c-4e20-adf2-26d7dc03c53d,3754237,1813,2,00:07:34.825,52,34,30,Pass,112,41,Sunderland,From Corner,41,Sunderland,6300.0,Sebastián Coates Nión,Right Center Back,114.7,33.9,120.0,42.0,1.23283,True,,,,,,Out,False,9.679876,0.9913895,High Pass,,,,False,False,left_to_right,False,114.7,33.9,120.0,42.0,False,True,False,True
23ed1a87-2f6d-4365-adb3-a8f8e227649f,3754237,1814,2,00:08:11.709,53,11,19,Substitution,112,41,Sunderland,From Corner,41,Sunderland,10503.0,Billy Jones,Right Back,,,,,0.0,False,,,,,,,False,,,,,,,False,False,left_to_right,False,,,,,False,False,False,False
aec97a4d-81d3-4dfb-a54d-c081a411140a,3754237,1815,2,00:08:31.728,53,31,30,Pass,113,22,Leicester City,From Goal Kick,22,Leicester City,3815.0,Kasper Schmeichel,Goalkeeper,7.0,44.1,69.9,61.6,3.472321,False,,,,,,Incomplete,False,65.28905,0.2713568,High Pass,Goal Kick,,,False,False,left_to_right,False,7.0,44.1,69.9,61.6,False,True,False,True
76712c27-c381-4052-978c-829198857b5a,3754237,1816,2,00:08:35.201,53,35,30,Pass,113,22,Leicester City,From Goal Kick,41,Sunderland,4746.0,Younes Kaboul,Left Center Back,50.2,18.5,66.3,7.2,0.929712,False,,,,,,Incomplete,False,19.669773,-0.61197543,High Pass,Recovery,,,False,False,left_to_right,False,50.2,18.5,66.3,7.2,False,False,False,True
a36362ba-7b1c-4481-8905-88fbfb8bf19b,3754237,1817,2,00:08:36.130,53,36,30,Pass,113,22,Leicester City,From Goal Kick,22,Leicester City,28782.0,Ritchie De Laet,Right Back,53.8,72.9,64.4,63.2,0.666532,False,,,,,,Incomplete,False,14.368368,-0.7410922,Ground Pass,Recovery,,,False,False,left_to_right,False,53.8,72.9,64.4,63.2,False,False,False,True
57d87ce4-33a5-415f-9fb0-a2144896333d,3754237,1818,2,00:08:36.797,53,36,2,Ball Recovery,114,41,Sunderland,Regular Play,41,Sunderland,18751.0,Jack Rodwell,Left Center Midfield,55.7,16.9,,,0.0,False,,,,,,,False,,,,,,,False,False,left_to_right,False,55.7,16.9,,,False,False,False,False
ec8bebb0-99ae-4438-a017-8e890574fa02,3754237,1819,2,00:08:36.797,53,36,43,Carry,114,41,Sunderland,Regular Play,41,Sunderland,18751.0,Jack Rodwell,Left Center Midfield,55.7,16.9,54.8,16.2,0.477271,False,,,,,,,False,,,,,,,False,False,left_to_right,False,55.7,16.9,54.8,16.2,False,False,False,False
b70028fd-f335-4aff-a9ff-23e3df168856,3754237,1820,2,00:08:37.274,53,37,30,Pass,114,41,Sunderland,Regular Play,41,Sunderland,18751.0,Jack Rodwell,Left Center Midfield,54.8,16.2,56.6,10.7,0.992624,False,,,,,,,True,5.7870545,-1.2545102,Ground Pass,,42902.0,Adam Johnson,False,False,left_to_right,False,54.8,16.2,56.6,10.7,False,False,False,False
72f3463f-36cf-4b68-9f25-f053d244104e,3754237,1821,2,00:08:38.267,53,38,42,Ball Receipt*,114,41,Sunderland,Regular Play,41,Sunderland,42902.0,Adam Johnson,Right Midfield,56.6,10.7,,,,False,,,,,,,False,,,,,,,False,False,left_to_right,False,56.6,10.7,,,False,False,False,False
6955787a-ef24-4861-acf2-e2eea2449448,3754237,1822,2,00:08:38.267,53,38,43,Carry,114,41,Sunderland,Regular Play,41,Sunderland,42902.0,Adam Johnson,Right Midfield,56.6,10.7,61.0,8.3,0.119997,False,,,,,,,False,,,,,,,False,False,left_to_right,False,56.6,10.7,61.0,8.3,False,False,False,False
42312dde-65fc-460c-ae2b-e2110df869b2,3754237,1823,2,00:08:38.387,53,38,30,Pass,114,41,Sunderland,Regular Play,41,Sunderland,42902.0,Adam Johnson,Right Midfield,61.0,8.3,69.5,13.4,0.526757,False,,,,,,,True,9.912619,0.5404195,Ground Pass,,9554.0,Steven Fletcher,False,False,left_to_right,False,61.0,8.3,69.5,13.4,False,False,False,False
cd91d7d4-2e84-45aa-97e4-9e0f466162b2,3754237,1824,2,00:08:38.914,53,38,42,Ball Receipt*,114,41,Sunderland,Regular Play,41,Sunderland,9554.0,Steven Fletcher,Center Defensive Midfield,69.5,13.4,,,,False,,,,,,,False,,,,,,,False,False,left_to_right,False,69.5,13.4,,,False,False,False,False
c2fe3050-a272-410f-9045-619d5a477243,3754237,1825,2,00:08:38.914,53,38,43,Carry,114,41,Sunderland,Regular Play,41,Sunderland,9554.0,Steven Fletcher,Center Defensive Midfield,69.5,13.4,69.5,13.4,0.102682,False,,,,,,,False,,,,,,,False,False,left_to_right,False,69.5,13.4,69.5,13.4,False,False,False,False
e56a626b-9129-4ce2-90cc-1d1277a9c673,3754237,1826,2,00:08:39.016,53,39,30,Pass,114,41,Sunderland,Regular Play,41,Sunderland,9554.0,Steven Fletcher,Center Defensive Midfield,69.5,13.4,55.5,16.2,0.687265,False,,,,,,,True,14.277255,2.9441972,Ground Pass,,18751.0,Jack Rodwell,False,False,left_to_right,False,69.5,13.4,55.5,16.2,False,False,False,False
9571100d-f697-4ce4-9a0d-092ed979076f,3754237,1827,2,00:08:39.704,53,39,42,Ball Receipt*,114,41,Sunderland,Regular Play,41,Sunderland,18751.0,Jack Rodwell,Left Center Midfield,55.5,16.2,,,,False,,,,,,,False,,,,,,,False,False,left_to_right,False,55.5,16.2,,,False,False,False,False
2d9c5e17-57b1-4ca5-9156-5a26d676a35b,3754237,1828,2,00:08:39.704,53,39,43,Carry,114,41,Sunderland,Regular Play,41,Sunderland,18751.0,Jack Rodwell,Left Center Midfield,55.5,16.2,55.5,16.2,0.08,False,,,,,,,False,,,,,,,False,False,left_to_right,False,55.5,16.2,55.5,16.2,False,False,False,False
e17d3f6c-bec9-4ee2-8857-3f32e609a8c2,3754237,1829,2,00:08:39.784,53,39,30,Pass,114,41,Sunderland,Regular Play,41,Sunderland,18751.0,Jack Rodwell,Left Center Midfield,55.5,16.2,63.1,15.1,0.159995,False,,,,,,Incomplete,False,7.6791925,-0.14373867,Low Pass,,,,False,False,left_to_right,False,55.5,16.2,63.1,15.1,False,False,False,True
da8fe7b0-f0a9-477b-bf54-518d5e0bc639,3754237,1830,2,00:08:39.944,53,39,6,Block,114,41,Sunderland,Regular Play,41,Sunderland,42902.0,Adam Johnson,Right Midfield,63.1,15.1,,,0.0,False,,,,,,,False,,,,,,,False,False,left_to_right,False,63.1,15.1,,,False,False,False,False
5ea55a10-7306-4976-b835-88847312a476,3754237,1831,2,00:08:40.894,53,40,17,Pressure,114,41,Sunderland,Regular Play,22,Leicester City,3662.0,Danny Drinkwater,Left Center Midfield,58.8,62.7,,,0.473344,False,,,,,,,False,,,,,,,False,False,left_to_right,False,58.8,62.7,,,False,False,False,False
5578d143-eda4-4c10-823d-e37b77c8b723,3754237,1832,2,00:08:41.164,53,41,30,Pass,114,41,Sunderland,Regular Play,41,Sunderland,18751.0,Jack Rodwell,Left Center Midfield,61.3,15.3,68.6,9.5,0.776471,True,,,,,,,True,9.323626,-0.6713909,Low Pass,Recovery,9554.0,Steven Fletcher,False,False,left_to_right,False,61.3,15.3,68.6,9.5,False,False,False,False
ae86ff23-8ee8-477b-b0b5-947eab2be1ed,3754237,1833,2,00:08:41.940,53,41,42,Ball Receipt*,114,41,Sunderland,Regular Play,41,Sunderland,9554.0,Steven Fletcher,Center Defensive Midfield,68.6,9.5,,,,False,,,,,,,False,,,,,,,False,False,left_to_right,False,68.6,9.5,,,False,False,False,False
059c93c3-2e40-4cb6-bed7-bd0e927b5195,3754237,1834,2,00:08:41.940,53,41,43,Carry,114,41,Sunderland,Regular Play,41,Sunderland,9554.0,Steven Fletcher,Center Defensive Midfield,68.6,9.5,70.5,10.7,1.477484,True,,,,,,,False,,,,,,,False,False,left_to_right,False,68.6,9.5,70.5,10.7,False,False,False,False
b09b0833-5222-4f9b-8422-3fe90ee107b0,3754237,1835,2,00:08:42.701,53,42,17,Pressure,114,41,Sunderland,Regular Play,22,Leicester City,28782.0,Ritchie De Laet,Right Back,49.6,70.6,,,0.716845,False,,,,,,,False,,,,,,,False,False,left_to_right,False,49.6,70.6,,,False,False,False,False
9fcf2f0a-ebfb-4faa-98f5-4e594a7cdea4,3754237,1836,2,00:08:43.418,53,43,3,Dispossessed,114,41,Sunderland,Regular Play,41,Sunderland,9554.0,Steven Fletcher,Center Defensive Midfield,70.5,10.7,,,0.0,True,,,,,,,False,,,,,,,False,False,left_to_right,False,70.5,10.7,,,False,False,False,True
2fd7156c-6071-4b41-a5cb-e3c794476f59,3754237,1837,2,00:08:43.418,53,43,4,Duel,114,41,Sunderland,Regular Play,22,Leicester City,28782.0,Ritchie De Laet,Right Back,49.6,69.4,,,0.0,True,,,,,,,False,,,,,,,False,False,left_to_right,False,49.6,69.4,,,False,False,False,False
26cd9094-63a4-4c69-a92b-9ccf0b484fe0,3754237,1838,2,00:08:44.432,53,44,2,Ball Recovery,114,41,Sunderland,Regular Play,22,Leicester City,3662.0,Danny Drinkwater,Left Center Midfield,53.1,69.7,,,0.0,False,,,,,,,False,,,,,,,False,False,left_to_right,False,53.1,69.7,,,False,False,False,False
c8220953-bdb8-4088-9bab-32da92780f8d,3754237,1839,2,00:08:44.432,53,44,43,Carry,114,41,Sunderland,Regular Play,22,Leicester City,3662.0,Danny Drinkwater,Left Center Midfield,53.1,69.7,59.1,70.6,0.890204,False,,,,,,,False,,,,,,,False,False,left_to_right,False,53.1,69.7,59.1,70.6,False,False,False,False
28afc139-e81a-4a60-94c9-c2a9d9d35882,3754237,1840,2,00:08:45.322,53,45,30,Pass,114,41,Sunderland,Regular Play,22,Leicester City,3662.0,Danny Drinkwater,Left Center Midfield,59.1,70.6,102.4,70.8,3.517597,False,,,,,,,True,43.30046,0.004618905,High Pass,,10960.0,Jamie Vardy,False,False,left_to_right,False,59.1,70.6,102.4,70.8,False,True,True,False
fcd6483c-e834-401f-9461-280a943ad019,3754237,1841,2,00:08:48.300,53,48,17,Pressure,114,41,Sunderland,Regular Play,41,Sunderland,4746.0,Younes Kaboul,Left Center Back,18.6,11.3,,,0.720149,False,,,,,,,False,,,,,,,False,False,left_to_right,False,18.6,11.3,,,False,False,False,False
e42e1110-a841-4ac3-8732-9547bcac9e98,3754237,1842,2,00:08:48.839,53,48,42,Ball Receipt*,114,41,Sunderland,Regular Play,22,Leicester City,10960.0,Jamie Vardy,Left Center Forward,102.4,70.8,,,,True,,,,,,,False,,,,,,,False,False,left_to_right,False,102.4,70.8,,,False,False,False,False
9900066d-fef7-4d83-9969-459c4066ceee,3754237,1843,2,00:08:48.839,53,48,43,Carry,114,41,Sunderland,Regular Play,22,Leicester City,10960.0,Jamie Vardy,Left Center Forward,102.4,70.8,104.5,71.1,0.38069,True,,,,,,,False,,,,,,,False,False,left_to_right,False,102.4,70.8,104.5,71.1,False,False,False,False
fbeb019f-8fc8-4a43-998d-2fd4387d8338,3754237,1844,2,00:08:49.220,53,49,14,Dribble,114,41,Sunderland,Regular Play,22,Leicester City,10960.0,Jamie Vardy,Left Center Forward,104.5,71.1,,,0.0,True,,,,,,,False,,,,,,,False,False,left_to_right,False,104.5,71.1,,,False,False,False,False
597ebfa7-d800-4e50-9eba-42e45ee56136,3754237,1845,2,00:08:49.220,53,49,4,Duel,114,41,Sunderland,Regular Play,41,Sunderland,4746.0,Younes Kaboul,Left Center Back,15.6,9.0,,,0.0,True,,,,,,,False,,,,,,,False,False,left_to_right,False,15.6,9.0,,,False,False,False,False
fb226d03-314a-4b20-983b-e5caf5ac00e1,3754237,1846,2,00:08:49.220,53,49,43,Carry,114,41,Sunderland,Regular Play,41,Sunderland,4746.0,Younes Kaboul,Left Center Back,15.6,9.0,6.2,6.9,3.028009,True,,,,,,,False,,,,,,,False,False,left_to_right,False,15.6,9.0,6.2,6.9,False,False,False,False
5c9da5b9-c25b-42ca-8e05-44037d71077f,3754237,1847,2,00:08:50.462,53,50,17,Pressure,114,41,Sunderland,Regular Play,22,Leicester City,10960.0,Jamie Vardy,Left Center Forward,106.8,78.2,,,1.527795,False,,,,,,,False,,,,,,,False,False,left_to_right,False,106.8,78.2,,,False,False,False,False
0ef817b8-0cf5-4355-a401-309db90051f2,3754237,1848,2,00:08:52.248,53,52,30,Pass,114,41,Sunderland,Regular Play,41,Sunderland,4746.0,Younes Kaboul,Left Center Back,6.2,6.9,19.5,3.1,1.196812,False,,,,,,,True,13.832209,-0.27829966,Low Pass,,3321.0,Patrick van Aanholt,False,False,left_to_right,False,6.2,6.9,19.5,3.1,False,False,False,False
d7f4b2c4-1c55-409a-93eb-0250485d4378,3754237,1849,2,00:08:53.445,53,53,42,Ball Receipt*,114,41,Sunderland,Regular Play,41,Sunderland,3321.0,Patrick van Aanholt,Left Back,19.5,3.1,,,,False,,,,,,,False,,,,,,,False,False,left_to_right,False,19.5,3.1,,,False,False,False,False
3c9ed336-8620-43c7-be86-6b38f81aed1e,3754237,1850,2,00:08:53.445,53,53,43,Carry,114,41,Sunderland,Regular Play,41,Sunderland,3321.0,Patrick van Aanholt,Left Back,19.5,3.1,17.0,2.2,0.886109,False,,,,,,,False,,,,,,,False,False,left_to_right,False,19.5,3.1,17.0,2.2,False,False,False,False
f6872e8b-58b7-4591-9621-787477a7d82e,3754237,1851,2,00:08:54.331,53,54,30,Pass,114,41,Sunderland,Regular Play,41,Sunderland,3321.0,Patrick van Aanholt,Left Back,17.0,2.2,4.8,13.4,1.619526,False,,,,,,,True,16.561401,2.3989036,Ground Pass,,4746.0,Younes Kaboul,False,False,left_to_right,False,17.0,2.2,4.8,13.4,False,False,False,False
3980425a-5d30-4031-bb9b-0c113f0c66c3,3754237,1852,2,00:08:54.399,53,54,17,Pressure,114,41,Sunderland,Regular Play,22,Leicester City,3814.0,Riyad Mahrez,Left Midfield,99.8,76.4,,,0.488715,False,,,,,,,False,,,,,,,False,False,left_to_right,False,99.8,76.4,,,False,False,False,False
f7539f64-0663-449d-a386-71cdaba31e4b,3754237,1853,2,00:08:55.950,53,55,42,Ball Receipt*,114,41,Sunderland,Regular Play,41,Sunderland,4746.0,Younes Kaboul,Left Center Back,4.8,13.4,,,,False,,,,,,,False,,,,,,,False,False,left_to_right,False,4.8,13.4,,,False,False,False,False
c2359c82-422b-4dde-9497-802d25b3ab47,3754237,1854,2,00:08:55.950,53,55,43,Carry,114,41,Sunderland,Regular Play,41,Sunderland,4746.0,Younes Kaboul,Left Center Back,4.8,13.4,5.4,12.1,0.879997,True,,,,,,,False,,,,,,,False,False,left_to_right,False,4.8,13.4,5.4,12.1,False,False,False,False
391bf7e9-5c1e-40c5-9183-6656c54ca1cf,3754237,1855,2,00:08:56.494,53,56,17,Pressure,114,41,Sunderland,Regular Play,22,Leicester City,10960.0,Jamie Vardy,Left Center Forward,113.0,69.7,,,0.45221,False,,,,,,,False,,,,,,,False,False,left_to_right,False,113.0,69.7,,,False,False,False,False
23b95618-8684-4c68-9dd3-3eee5d99691a,3754237,1856,2,00:08:56.830,53,56,30,Pass,114,41,Sunderland,Regular Play,41,Sunderland,4746.0,Younes Kaboul,Left Center Back,5.4,12.1,23.5,21.5,1.033058,True,,,,,,,True,20.395342,0.4789973,Low Pass,,18751.0,Jack Rodwell,False,False,left_to_right,False,5.4,12.1,23.5,21.5,False,False,False,False
7896c6a1-967b-4c69-810c-7fe3c44e02eb,3754237,1857,2,00:08:57.864,53,57,42,Ball Receipt*,114,41,Sunderland,Regular Play,41,Sunderland,18751.0,Jack Rodwell,Left Center Midfield,23.5,21.5,,,,False,,,,,,,False,,,,,,,False,False,left_to_right,False,23.5,21.5,,,False,False,False,False
45043c86-ddce-4e39-8d48-f3ef705cf8dc,3754237,1858,2,00:08:57.864,53,57,43,Carry,114,41,Sunderland,Regular Play,41,Sunderland,18751.0,Jack Rodwell,Left Center Midfield,23.5,21.5,21.2,18.3,2.399315,True,,,,,,,False,,,,,,,False,False,left_to_right,False,23.5,21.5,21.2,18.3,False,False,False,False
953f3122-6272-46a9-b0ab-0ebcdff690a5,3754237,1859,2,00:08:58.020,53,58,17,Pressure,114,41,Sunderland,Regular Play,22,Leicester City,3662.0,Danny Drinkwater,Left Center Midfield,94.8,59.5,,,2.243175,False,,,,,,,False,,,,,,,False,False,left_to_right,False,94.8,59.5,,,False,False,False,False
6501a830-2b24-4293-b470-310dadd2a037,3754237,1860,2,00:09:00.263,54,0,3,Dispossessed,114,41,Sunderland,Regular Play,41,Sunderland,18751.0,Jack Rodwell,Left Center Midfield,21.2,18.3,,,0.0,True,,,,,,,False,,,,,,,False,False,left_to_right,False,21.2,18.3,,,False,False,False,True
5157fee2-b8e5-4d66-9b0d-b91a14580fcd,3754237,1861,2,00:09:00.263,54,0,4,Duel,114,41,Sunderland,Regular Play,22,Leicester City,3662.0,Danny Drinkwater,Left Center Midfield,98.9,61.8,,,0.0,True,,,,,,,False,,,,,,,False,False,left_to_right,False,98.9,61.8,,,False,False,False,False
7ce161a1-d81a-4396-bc7f-f4d570059d31,3754237,1862,2,00:09:00.464,54,0,17,Pressure,114,41,Sunderland,Regular Play,41,Sunderland,18751.0,Jack Rodwell,Left Center Midfield,17.4,18.5,,,0.618904,False,,,,,,,False,,,,,,,False,False,left_to_right,False,17.4,18.5,,,False,False,False,False
b2caa9aa-d72f-400a-9a37-69829400b70d,3754237,1863,2,00:09:01.054,54,1,2,Ball Recovery,114,41,Sunderland,Regular Play,22,Leicester City,3814.0,Riyad Mahrez,Left Midfield,105.1,61.6,,,0.0,True,,,,,,,False,,,,,,,False,False,left_to_right,False,105.1,61.6,,,False,False,False,False
5a9e09c7-353e-475d-942d-4e6986387998,3754237,1864,2,00:09:01.054,54,1,43,Carry,114,41,Sunderland,Regular Play,22,Leicester City,3814.0,Riyad Mahrez,Left Midfield,105.1,61.6,105.9,60.9,0.202262,True,,,,,,,False,,,,,,,False,False,left_to_right,False,105.1,61.6,105.9,60.9,False,False,False,False
ff0999f4-25d5-4732-b44c-ebc294f20760,3754237,1865,2,00:09:01.256,54,1,39,Dribbled Past,114,41,Sunderland,Regular Play,41,Sunderland,18751.0,Jack Rodwell,Left Center Midfield,14.2,19.2,,,0.0,False,,,,,,,False,,,,,,,False,False,left_to_right,False,14.2,19.2,,,False,False,False,False
f391205b-14d2-4752-8eea-2170dee286b1,3754237,1866,2,00:09:01.256,54,1,14,Dribble,114,41,Sunderland,Regular Play,22,Leicester City,3814.0,Riyad Mahrez,Left Midfield,105.9,60.9,,,0.0,True,,,,,,,False,,,,,,,False,False,left_to_right,False,105.9,60.9,,,False,False,False,False
d93638c2-4413-4a5d-95e3-c117df040922,3754237,1867,2,00:09:01.256,54,1,43,Carry,114,41,Sunderland,Regular Play,22,Leicester City,3814.0,Riyad Mahrez,Left Midfield,105.9,60.9,101.5,56.5,1.259885,True,,,,,,,False,,,,,,,False,False,left_to_right,False,105.9,60.9,101.5,56.5,False,False,False,False
5601747d-cb22-40a3-a7b9-3b29e91f37d1,3754237,1868,2,00:09:01.596,54,1,17,Pressure,114,41,Sunderland,Regular Play,41,Sunderland,4746.0,Younes Kaboul,Left Center Back,13.3,23.3,,,0.589399,False,,,,,,,False,,,,,,,False,False,left_to_right,False,13.3,23.3,,,False,False,False,False
216ecb37-3f20-4f2b-9813-6c4758ebb78c,3754237,1869,2,00:09:02.516,54,2,3,Dispossessed,114,41,Sunderland,Regular Play,22,Leicester City,3814.0,Riyad Mahrez,Left Midfield,101.5,56.5,,,0.0,True,,,,,,,False,,,,,,,False,False,left_to_right,False,101.5,56.5,,,False,False,False,True
fe06ff77-fd23-4951-901e-006d7e820a8d,3754237,1870,2,00:09:02.516,54,2,4,Duel,114,41,Sunderland,Regular Play,41,Sunderland,4746.0,Younes Kaboul,Left Center Back,18.6,23.6,,,0.0,True,,,,,,,False,,,,,,,False,False,left_to_right,False,18.6,23.6,,,False,False,False,False
a15db4d0-4326-46f4-9069-2a64e651038c,3754237,1871,2,00:09:02.516,54,2,43,Carry,114,41,Sunderland,Regular Play,41,Sunderland,4746.0,Younes Kaboul,Left Center Back,18.6,23.6,31.1,22.4,2.113481,False,,,,,,,False,,,,,,,False,False,left_to_right,False,18.6,23.6,31.1,22.4,False,False,False,False
230f62d2-51b5-451f-988a-31ce3a3a35ad,3754237,1872,2,00:09:04.630,54,4,30,Pass,114,41,Sunderland,Regular Play,41,Sunderland,4746.0,Younes Kaboul,Left Center Back,31.1,22.4,48.1,42.0,1.843693,False,,,,,,,True,25.945328,0.8563173,Ground Pass,,16457.0,Jeremain Lens,False,False,left_to_right,False,31.1,22.4,48.1,42.0,False,False,False,False
c2cbad2c-cfe6-4c9e-9e41-0dfb971102a0,3754237,1873,2,00:09:06.473,54,6,42,Ball Receipt*,114,41,Sunderland,Regular Play,41,Sunderland,16457.0,Jeremain Lens,Left Midfield,48.1,42.0,,,,False,,,,,,,False,,,,,,,False,False,left_to_right,False,48.1,42.0,,,False,False,False,False
a993e6d6-de82-4a58-a060-ee14486a4275,3754237,1874,2,00:09:06.473,54,6,43,Carry,114,41,Sunderland,Regular Play,41,Sunderland,16457.0,Jeremain Lens,Left Midfield,48.1,42.0,53.2,42.3,1.404276,True,,,,,,,False,,,,,,,False,False,left_to_right,False,48.1,42.0,53.2,42.3,False,False,False,False
95df0457-c08a-47ce-983e-5550db650647,3754237,1875,2,00:09:06.768,54,6,17,Pressure,114,41,Sunderland,Regular Play,22,Leicester City,3665.0,Andrew Philip King,Right Center Midfield,68.7,38.3,,,1.254214,False,,,,,,,False,,,,,,,False,False,left_to_right,False,68.7,38.3,,,False,False,False,False
17e356e5-6315-4b14-b093-e9635455bc8a,3754237,1876,2,00:09:07.878,54,7,39,Dribbled Past,114,41,Sunderland,Regular Play,22,Leicester City,3665.0,Andrew Philip King,Right Center Midfield,66.9,37.8,,,0.0,False,,,,,,,False,,,,,,,False,False,left_to_right,False,66.9,37.8,,,False,False,False,False
6c36dc24-476b-42ee-befd-ca9273007888,3754237,1877,2,00:09:07.878,54,7,14,Dribble,114,41,Sunderland,Regular Play,41,Sunderland,16457.0,Jeremain Lens,Left Midfield,53.2,42.3,,,0.0,True,,,,,,,False,,,,,,,False,False,left_to_right,False,53.2,42.3,,,False,False,False,False
9b9fd727-8780-44a1-adf4-9fad503d2081,3754237,1878,2,00:09:07.878,54,7,43,Carry,114,41,Sunderland,Regular Play,41,Sunderland,16457.0,Jeremain Lens,Left Midfield,53.2,42.3,56.0,41.5,1.568535,True,,,,,,,False,,,,,,,False,False,left_to_right,False,53.2,42.3,56.0,41.5,False,False,False,False
a1afd04f-414b-41e2-8833-26f18f1b5668,3754237,1879,2,00:09:09.446,54,9,30,Pass,114,41,Sunderland,Regular Play,41,Sunderland,16457.0,Jeremain Lens,Left Midfield,56.0,41.5,86.6,0.1,3.295608,False,,,,,,Out,False,51.48126,-0.9342881,Low Pass,,,,False,False,left_to_right,False,56.0,41.5,86.6,0.1,False,False,True,True
9525c610-08ac-4d84-b136-e722a0d9ac6f,3754237,1880,2,00:09:37.357,54,37,30,Pass,115,22,Leicester City,From Throw In,22,Leicester City,28782.0,Ritchie De Laet,Right Back,33.5,80.0,67.6,76.4,2.105154,False,,,,,,Incomplete,False,34.2895,-0.10518224,High Pass,Throw-in,,,False,False,left_to_right,False,33.5,80.0,67.6,76.4,False,True,False,True
2df9fbd8-cb9a-49b3-af45-db42ff355c1e,3754237,1881,2,00:09:39.462,54,39,30,Pass,115,22,Leicester City,From Throw In,41,Sunderland,4746.0,Younes Kaboul,Left Center Back,52.5,3.7,56.6,12.1,2.16877,False,,,,,,Incomplete,False,9.347192,1.1167178,Low Pass,Recovery,,,False,False,left_to_right,False,52.5,3.7,56.6,12.1,False,False,False,True
2ac34063-e318-4bcb-ab43-ed680d72cc61,3754237,1882,2,00:09:41.420,54,41,17,Pressure,115,22,Leicester City,From Throw In,41,Sunderland,5617.0,Sebastian Larsson,Right Center Midfield,56.6,11.8,,,0.469976,False,,,,,,,False,,,,,,,False,False,left_to_right,False,56.6,11.8,,,False,False,False,False
5d6d7ef9-f127-472a-80eb-ee9ebc6d29f3,3754237,1883,2,00:09:41.631,54,41,2,Ball Recovery,115,22,Leicester City,From Throw In,22,Leicester City,3810.0,Shinji Okazaki,Right Center Forward,63.5,68.0,,,0.0,True,,,,,,,False,,,,,,,False,False,left_to_right,False,63.5,68.0,,,False,False,False,False
9f8abec0-63d5-43c7-b0ec-a88ab87fbb55,3754237,1884,2,00:09:41.631,54,41,43,Carry,115,22,Leicester City,From Throw In,22,Leicester City,3810.0,Shinji Okazaki,Right Center Forward,63.5,68.0,59.3,62.3,1.465251,True,,,,,,,False,,,,,,,False,False,left_to_right,False,63.5,68.0,59.3,62.3,False,False,False,False
cc2dd461-a718-49ab-aa33-0ef646187d4f,3754237,1885,2,00:09:43.096,54,43,30,Pass,115,22,Leicester City,From Throw In,22,Leicester City,3810.0,Shinji Okazaki,Right Center Forward,59.3,62.3,51.2,29.3,2.004084,False,,,,,,,True,33.979553,-1.8114923,Ground Pass,,3520.0,Jeffrey Schlupp,False,False,left_to_right,False,59.3,62.3,51.2,29.3,False,False,False,False
9bfa1003-1b19-4913-b34c-8d7cda6f3625,3754237,1886,2,00:09:45.100,54,45,42,Ball Receipt*,115,22,Leicester City,From Throw In,22,Leicester City,3520.0,Jeffrey Schlupp,Left Back,51.2,29.3,,,,False,,,,,,,False,,,,,,,False,False,left_to_right,False,51.2,29.3,,,False,False,False,False
0c1ae962-2e68-4393-b1f2-f157c33883d6,3754237,1887,2,00:09:45.100,54,45,30,Pass,115,22,Leicester City,From Throw In,22,Leicester City,3520.0,Jeffrey Schlupp,Left Back,51.5,30.1,66.0,16.9,2.331638,False,,,,,,,True,19.608418,-0.7385012,Ground Pass,,3307.0,Marc Albrighton,False,False,left_to_right,False,51.5,30.1,66.0,16.9,False,False,False,False
6d33f9b3-b001-4cd1-b5a5-1e1edd2cb7c4,3754237,1888,2,00:09:47.432,54,47,42,Ball Receipt*,115,22,Leicester City,From Throw In,22,Leicester City,3307.0,Marc Albrighton,Right Midfield,66.0,16.9,,,,False,,,,,,,False,,,,,,,False,False,left_to_right,False,66.0,16.9,,,False,False,False,False
89dc7390-7251-4cdd-90f4-7d56b60d08fc,3754237,1889,2,00:09:47.432,54,47,43,Carry,115,22,Leicester City,From Throw In,22,Leicester City,3307.0,Marc Albrighton,Right Midfield,66.0,16.9,77.5,24.9,5.012469,True,,,,,,,False,,,,,,,False,False,left_to_right,False,66.0,16.9,77.5,24.9,False,False,False,False
80c2cc1f-a814-4e66-98bf-b1d3171d2168,3754237,1890,2,00:09:51.863,54,51,17,Pressure,115,22,Leicester City,From Throw In,41,Sunderland,5617.0,Sebastian Larsson,Right Center Midfield,40.3,55.6,,,0.853835,False,,,,,,,False,,,,,,,False,False,left_to_right,False,40.3,55.6,,,False,False,False,False
9c121b7e-a139-49d8-91db-bd4fbf68332d,3754237,1891,2,00:09:52.444,54,52,30,Pass,115,22,Leicester City,From Throw In,22,Leicester City,3307.0,Marc Albrighton,Right Midfield,77.5,24.9,70.4,48.0,1.489201,True,,,,,,,True,24.166506,1.868991,Ground Pass,,3662.0,Danny Drinkwater,False,False,left_to_right,False,77.5,24.9,70.4,48.0,False,False,False,False
64a53c7b-ad83-42c1-8968-487f66b099b6,3754237,1892,2,00:09:53.933,54,53,42,Ball Receipt*,115,22,Leicester City,From Throw In,22,Leicester City,3662.0,Danny Drinkwater,Left Center Midfield,70.4,48.0,,,,False,,,,,,,False,,,,,,,False,False,left_to_right,False,70.4,48.0,,,False,False,False,False
418a225f-34b3-4ed0-86ed-0a991ebfa905,3754237,1893,2,00:09:53.933,54,53,43,Carry,115,22,Leicester City,From Throw In,22,Leicester City,3662.0,Danny Drinkwater,Left Center Midfield,70.4,48.0,70.2,48.9,0.755477,False,,,,,,,False,,,,,,,False,False,left_to_right,False,70.4,48.0,70.2,48.9,False,False,False,False
23bf4081-2d6c-4751-bb54-dc7c2b7b101a,3754237,1894,2,00:09:54.689,54,54,30,Pass,115,22,Leicester City,From Throw In,22,Leicester City,3662.0,Danny Drinkwater,Left Center Midfield,70.2,48.9,75.2,68.0,1.788182,False,,,,,,,True,19.743607,1.3147616,Ground Pass,,28782.0,Ritchie De Laet,False,False,left_to_right,False,70.2,48.9,75.2,68.0,False,False,False,False
f3815f2a-1143-40ab-a7c2-6999259a203c,3754237,1895,2,00:09:56.477,54,56,42,Ball Receipt*,115,22,Leicester City,From Throw In,22,Leicester City,28782.0,Ritchie De Laet,Right Back,75.2,68.0,,,,False,,,,,,,False,,,,,,,False,False,left_to_right,False,75.2,68.0,,,False,False,False,False
2d2ee899-9427-4aa9-9333-97a2883e6647,3754237,1896,2,00:09:56.477,54,56,43,Carry,115,22,Leicester City,From Throw In,22,Leicester City,28782.0,Ritchie De Laet,Right Back,75.2,68.0,73.1,69.2,1.020646,False,,,,,,,False,,,,,,,False,False,left_to_right,False,75.2,68.0,73.1,69.2,False,False,False,False
25fdb2ef-bb7d-420b-bea6-87de9cda78db,3754237,1897,2,00:09:57.498,54,57,30,Pass,115,22,Leicester City,From Throw In,22,Leicester City,28782.0,Ritchie De Laet,Right Back,73.1,69.2,84.2,77.3,1.290144,False,,,,,,,True,13.7411785,0.63040143,Ground Pass,,3814.0,Riyad Mahrez,False,False,left_to_right,False,73.1,69.2,84.2,77.3,False,False,True,False
b48a94d7-a43c-46aa-b379-3844b0838409,3754237,1898,2,00:09:58.753,54,58,17,Pressure,115,22,Leicester City,From Throw In,41,Sunderland,3321.0,Patrick van Aanholt,Left Back,33.5,2.2,,,0.599739,False,,,,,,,False,,,,,,,False,False,left_to_right,False,33.5,2.2,,,False,False,False,False
e403c0c8-8f70-4771-a32e-2619d79b3e9d,3754237,1899,2,00:09:58.788,54,58,42,Ball Receipt*,115,22,Leicester City,From Throw In,22,Leicester City,3814.0,Riyad Mahrez,Left Midfield,84.2,77.3,,,,True,,,,,,,False,,,,,,,False,False,left_to_right,False,84.2,77.3,,,False,False,False,False
56efcdeb-2c63-4a08-928f-e2c874bd82a8,3754237,1900,2,00:09:58.788,54,58,43,Carry,115,22,Leicester City,From Throw In,22,Leicester City,3814.0,Riyad Mahrez,Left Midfield,84.2,77.3,84.0,77.6,0.529153,True,,,,,,,False,,,,,,,False,False,left_to_right,False,84.2,77.3,84.0,77.6,False,False,False,False
b185feaa-647e-499a-8667-bd49b12d8853,3754237,1901,2,00:09:59.317,54,59,30,Pass,115,22,Leicester City,From Throw In,22,Leicester City,3814.0,Riyad Mahrez,Left Midfield,84.0,77.6,69.3,74.3,0.78009,True,,,,,,,True,15.065855,-2.920764,Ground Pass,,28782.0,Ritchie De Laet,False,False,left_to_right,False,84.0,77.6,69.3,74.3,False,False,False,False
623c6a31-40c2-4686-a37b-071e78bb8c15,3754237,1902,2,00:10:00.097,55,0,42,Ball Receipt*,115,22,Leicester City,From Throw In,22,Leicester City,28782.0,Ritchie De Laet,Right Back,69.3,74.3,,,,False,,,,,,,False,,,,,,,False,False,left_to_right,False,69.3,74.3,,,False,False,False,False
38aa9df6-dae1-4a46-b872-24bb7693b15e,3754237,1903,2,00:10:00.097,55,0,43,Carry,115,22,Leicester City,From Throw In,22,Leicester City,28782.0,Ritchie De Laet,Right Back,69.3,74.3,69.3,74.3,0.065233,False,,,,,,,False,,,,,,,False,False,left_to_right,False,69.3,74.3,69.3,74.3,False,False,False,False
4b41f9d9-eaa3-4f9c-aaf1-4c6d24d35dee,3754237,1904,2,00:10:00.162,55,0,30,Pass,115,22,Leicester City,From Throw In,22,Leicester City,28782.0,Ritchie De Laet,Right Back,69.3,74.3,70.4,67.4,1.329715,False,,,,,,,True,6.987131,-1.4127064,Ground Pass,,3662.0,Danny Drinkwater,False,False,left_to_right,False,69.3,74.3,70.4,67.4,False,False,False,False
1db1735a-443c-4eca-a494-ec976a16de0d,3754237,1905,2,00:10:01.492,55,1,42,Ball Receipt*,115,22,Leicester City,From Throw In,22,Leicester City,3662.0,Danny Drinkwater,Left Center Midfield,70.4,67.4,,,,False,,,,,,,False,,,,,,,False,False,left_to_right,False,70.4,67.4,,,False,False,False,False
0f5177f0-2a79-4968-bdcf-d9fd0726f125,3754237,1906,2,00:10:01.492,55,1,43,Carry,115,22,Leicester City,From Throw In,22,Leicester City,3662.0,Danny Drinkwater,Left Center Midfield,70.4,67.4,70.4,67.4,0.255137,False,,,,,,,False,,,,,,,False,False,left_to_right,False,70.4,67.4,70.4,67.4,False,False,False,False
c7b235bf-b0b8-4a08-ba29-1a089027a3ae,3754237,1907,2,00:10:01.747,55,1,30,Pass,115,22,Leicester City,From Throw In,22,Leicester City,3662.0,Danny Drinkwater,Left Center Midfield,70.4,67.4,70.2,75.6,0.87729,False,,,,,,,True,8.202438,1.5951817,Ground Pass,,28782.0,Ritchie De Laet,False,False,left_to_right,False,70.4,67.4,70.2,75.6,False,False,False,False
90344fc1-b184-475e-b049-964ccab24b3a,3754237,1908,2,00:10:02.625,55,2,42,Ball Receipt*,115,22,Leicester City,From Throw In,22,Leicester City,28782.0,Ritchie De Laet,Right Back,70.2,75.6,,,,False,,,,,,,False,,,,,,,False,False,left_to_right,False,70.2,75.6,,,False,False,False,False
cb6b980a-6aeb-4d65-9856-f2bfaf24d011,3754237,1909,2,00:10:02.625,55,2,43,Carry,115,22,Leicester City,From Throw In,22,Leicester City,28782.0,Ritchie De Laet,Right Back,70.2,75.6,70.2,75.6,0.432876,False,,,,,,,False,,,,,,,False,False,left_to_right,False,70.2,75.6,70.2,75.6,False,False,False,False
efeef663-40c3-4e08-8e76-faf5e424fec9,3754237,1910,2,00:10:03.057,55,3,30,Pass,115,22,Leicester City,From Throw In,22,Leicester City,28782.0,Ritchie De Laet,Right Back,70.2,75.6,76.6,69.7,0.923783,False,,,,,,,True,8.7045965,-0.7447701,Ground Pass,,3662.0,Danny Drinkwater,False,False,left_to_right,False,70.2,75.6,76.6,69.7,False,False,False,False
0ddddf91-2511-4e3e-b40d-0e4101cd911e,3754237,1911,2,00:10:03.981,55,3,42,Ball Receipt*,115,22,Leicester City,From Throw In,22,Leicester City,3662.0,Danny Drinkwater,Left Center Midfield,76.6,69.7,,,,False,,,,,,,False,,,,,,,False,False,left_to_right,False,76.6,69.7,,,False,False,False,False
52e5c421-1ae0-47fe-b233-5e11fbba6e37,3754237,1912,2,00:10:03.981,55,3,43,Carry,115,22,Leicester City,From Throw In,22,Leicester City,3662.0,Danny Drinkwater,Left Center Midfield,76.6,69.7,76.6,69.7,0.068803,False,,,,,,,False,,,,,,,False,False,left_to_right,False,76.6,69.7,76.6,69.7,False,False,False,False
ba69cda1-adf9-46ff-bbf7-a4bfee572cb1,3754237,1913,2,00:10:04.050,55,4,30,Pass,115,22,Leicester City,From Throw In,22,Leicester City,3662.0,Danny Drinkwater,Left Center Midfield,76.6,69.7,76.9,73.6,0.842883,False,,,,,,,True,3.9115214,1.4940244,Ground Pass,,3814.0,Riyad Mahrez,False,False,left_to_right,False,76.6,69.7,76.9,73.6,False,False,False,False
43d5f098-6954-4403-b084-0d233cbb3a60,3754237,1914,2,00:10:04.893,55,4,42,Ball Receipt*,115,22,Leicester City,From Throw In,22,Leicester City,3814.0,Riyad Mahrez,Left Midfield,76.9,73.6,,,,False,,,,,,,False,,,,,,,False,False,left_to_right,False,76.9,73.6,,,False,False,False,False
63860133-b9ac-4427-a784-48fe8d3a6f62,3754237,1915,2,00:10:04.893,55,4,43,Carry,115,22,Leicester City,From Throw In,22,Leicester City,3814.0,Riyad Mahrez,Left Midfield,76.9,73.6,77.5,70.3,2.917578,False,,,,,,,False,,,,,,,False,False,left_to_right,False,76.9,73.6,77.5,70.3,False,False,False,False
13dea99c-ce0f-42ce-a0cc-ad9a9f3dd3d1,3754237,1916,2,00:10:07.810,55,7,30,Pass,115,22,Leicester City,From Throw In,22,Leicester City,3814.0,Riyad Mahrez,Left Midfield,77.5,70.3,86.6,66.2,0.795316,False,,,,,,,True,9.980982,-0.42331076,Ground Pass,,3810.0,Shinji Okazaki,False,False,left_to_right,False,77.5,70.3,86.6,66.2,False,False,True,False
60121865-734c-48b9-bb3b-0fec511cd0cc,3754237,1917,2,00:10:08.523,55,8,17,Pressure,115,22,Leicester City,From Throw In,41,Sunderland,4746.0,Younes Kaboul,Left Center Back,31.1,13.9,,,0.910984,False,,,,,,,False,,,,,,,False,False,left_to_right,False,31.1,13.9,,,False,False,False,False
eb09a642-a04d-488e-98b9-e5facddd1e4b,3754237,1918,2,00:10:08.606,55,8,42,Ball Receipt*,115,22,Leicester City,From Throw In,22,Leicester City,3810.0,Shinji Okazaki,Right Center Forward,86.6,66.2,,,,True,,,,,,,False,,,,,,,False,False,left_to_right,False,86.6,66.2,,,False,False,False,False
79ec5d49-95c4-4cda-8bf3-1b2f4557222b,3754237,1919,2,00:10:08.606,55,8,43,Carry,115,22,Leicester City,From Throw In,22,Leicester City,3810.0,Shinji Okazaki,Right Center Forward,86.6,66.2,87.2,68.3,0.770096,True,,,,,,,False,,,,,,,False,False,left_to_right,False,86.6,66.2,87.2,68.3,False,False,False,False
2366fe99-dc3e-476f-acb9-72ad00505627,3754237,1920,2,00:10:09.376,55,9,30,Pass,115,22,Leicester City,From Throw In,22,Leicester City,3810.0,Shinji Okazaki,Right Center Forward,87.2,68.3,76.9,74.7,1.361785,True,,,,,,,True,12.126417,2.5856156,Ground Pass,,28782.0,Ritchie De Laet,False,False,left_to_right,False,87.2,68.3,76.9,74.7,False,False,False,False
6934877e-9736-4c0a-bef8-d5cbf749618c,3754237,1921,2,00:10:10.738,55,10,42,Ball Receipt*,115,22,Leicester City,From Throw In,22,Leicester City,28782.0,Ritchie De Laet,Right Back,76.9,74.7,,,,False,,,,,,,False,,,,,,,False,False,left_to_right,False,76.9,74.7,,,False,False,False,False
50da7042-4a2e-4ba9-bc3d-5eca4f2a6fa0,3754237,1922,2,00:10:10.738,55,10,43,Carry,115,22,Leicester City,From Throw In,22,Leicester City,28782.0,Ritchie De Laet,Right Back,76.9,74.7,76.6,75.9,0.665227,False,,,,,,,False,,,,,,,False,False,left_to_right,False,76.9,74.7,76.6,75.9,False,False,False,False
c20891d1-26a6-4f34-a2ca-e2d70852a629,3754237,1923,2,00:10:11.403,55,11,30,Pass,115,22,Leicester City,From Throw In,22,Leicester City,28782.0,Ritchie De Laet,Right Back,76.6,75.9,89.0,76.4,1.015157,False,,,,,,,True,12.410076,0.04030075,Ground Pass,,3814.0,Riyad Mahrez,False,False,left_to_right,False,76.6,75.9,89.0,76.4,False,False,True,False
6f1b6e12-1abd-48c0-be8c-24cd97cb9639,3754237,1924,2,00:10:12.418,55,12,42,Ball Receipt*,115,22,Leicester City,From Throw In,22,Leicester City,3814.0,Riyad Mahrez,Left Midfield,89.0,76.4,,,,False,,,,,,,False,,,,,,,False,False,left_to_right,False,89.0,76.4,,,False,False,False,False
afa3d422-2c85-42e7-832e-515591685cd0,3754237,1925,2,00:10:12.418,55,12,43,Carry,115,22,Leicester City,From Throw In,22,Leicester City,3814.0,Riyad Mahrez,Left Midfield,89.0,76.4,88.1,76.1,1.388795,False,,,,,,,False,,,,,,,False,False,left_to_right,False,89.0,76.4,88.1,76.1,False,False,False,False
699c0f7a-56db-4d40-a3c9-10404e739624,3754237,1926,2,00:10:13.807,55,13,30,Pass,115,22,Leicester City,From Throw In,22,Leicester City,3814.0,Riyad Mahrez,Left Midfield,88.1,76.1,94.6,65.9,0.673454,False,,,,,,,True,12.09504,-1.003433,Ground Pass,,3810.0,Shinji Okazaki,False,False,left_to_right,False,88.1,76.1,94.6,65.9,False,False,False,False
666c7c05-c589-4470-a46e-4e6598d0c799,3754237,1927,2,00:10:14.480,55,14,42,Ball Receipt*,115,22,Leicester City,From Throw In,22,Leicester City,3810.0,Shinji Okazaki,Right Center Forward,94.6,65.9,,,,False,,,,,,,False,,,,,,,False,False,left_to_right,False,94.6,65.9,,,False,False,False,False
cf4f5faf-7151-4ae3-8d1f-40a362bfbc99,3754237,1928,2,00:10:14.480,55,14,43,Carry,115,22,Leicester City,From Throw In,22,Leicester City,3810.0,Shinji Okazaki,Right Center Forward,94.6,65.9,94.6,65.6,0.037895,False,,,,,,,False,,,,,,,False,False,left_to_right,False,94.6,65.9,94.6,65.6,False,False,False,False
3279d225-9e27-42ce-a516-3c334a5fcf28,3754237,1929,2,00:10:14.518,55,14,30,Pass,115,22,Leicester City,From Throw In,22,Leicester City,3810.0,Shinji Okazaki,Right Center Forward,94.6,65.6,99.5,75.9,0.83402,False,,,,,,,True,11.406138,1.126754,Ground Pass,,3814.0,Riyad Mahrez,True,False,left_to_right,False,94.6,65.6,99.5,75.9,False,False,False,False
8984c62a-47ff-4664-95c8-bc5b9b44bad8,3754237,1930,2,00:10:15.352,55,15,42,Ball Receipt*,115,22,Leicester City,From Throw In,22,Leicester City,3814.0,Riyad Mahrez,Left Midfield,99.5,75.9,,,,False,,,,,,,False,,,,,,,False,False,left_to_right,False,99.5,75.9,,,False,False,False,False
45fd2fff-8d84-4c90-87b9-e99515199e2d,3754237,1931,2,00:10:15.352,55,15,43,Carry,115,22,Leicester City,From Throw In,22,Leicester City,3814.0,Riyad Mahrez,Left Midfield,99.5,75.9,109.5,54.4,9.849814,False,,,,,,,False,,,,,,,False,False,left_to_right,False,99.5,75.9,109.5,54.4,True,False,False,False
3c0837ed-0726-412e-b8ae-52610c376ffb,3754237,1932,2,00:10:25.202,55,25,16,Shot,115,22,Leicester City,From Throw In,22,Leicester City,3814.0,Riyad Mahrez,Left Midfield,109.5,54.4,120.0,36.2,1.032452,False,0.054189455,Post,Left Foot,Normal,Open Play,,False,,,,,,,False,False,left_to_right,False,109.5,54.4,120.0,36.2,False,False,False,False
a9074c4a-8960-488d-91f8-7c3963eb6e24,3754237,1933,2,00:10:26.234,55,26,23,Goal Keeper,115,22,Leicester City,From Throw In,41,Sunderland,6871.0,Costel Fane Pantilimon,Goalkeeper,1.9,36.3,,,0.0,False,,,,,,,False,,,,,,,False,False,left_to_right,False,1.9,36.3,,,False,False,False,False
9312ce79-75d3-4e8c-8010-862ed939d970,3754237,1934,2,00:10:54.304,55,54,30,Pass,116,41,Sunderland,From Goal Kick,41,Sunderland,6871.0,Costel Fane Pantilimon,Goalkeeper,6.0,36.0,78.3,29.5,5.424599,False,,,,,,Incomplete,False,72.5916,-0.089662135,High Pass,Goal Kick,,,False,False,left_to_right,False,6.0,36.0,78.3,29.5,False,True,False,True
4ce215cf-0f52-404e-839a-55e2d3c21d63,3754237,1935,2,00:10:59.729,55,59,9,Clearance,116,41,Sunderland,From Goal Kick,22,Leicester City,28782.0,Ritchie De Laet,Right Back,41.8,50.6,,,0.0,True,,,,,,,False,,,,,,,False,False,left_to_right,False,41.8,50.6,,,False,False,False,False
1c0dd6f0-8809-406a-a2a5-f77c1246f9be,3754237,1936,2,00:11:03.396,56,3,2,Ball Recovery,116,41,Sunderland,From Goal Kick,41,Sunderland,3321.0,Patrick van Aanholt,Left Back,42.8,23.3,,,0.0,False,,,,,,,False,,,,,,,False,False,left_to_right,False,42.8,23.3,,,False,False,False,False
9efc0ae7-1377-4940-93e2-ba7f3e5aba6f,3754237,1937,2,00:11:03.396,56,3,43,Carry,116,41,Sunderland,From Goal Kick,41,Sunderland,3321.0,Patrick van Aanholt,Left Back,42.8,23.3,23.2,19.4,5.401298,False,,,,,,,False,,,,,,,False,False,left_to_right,False,42.8,23.3,23.2,19.4,False,False,False,False
8df14869-fb37-42c0-b130-42d07941e4fc,3754237,1938,2,00:11:08.797,56,8,30,Pass,116,41,Sunderland,From Goal Kick,41,Sunderland,3321.0,Patrick van Aanholt,Left Back,23.2,19.4,27.1,24.2,0.898369,False,,,,,,,True,6.1846585,0.88847977,Ground Pass,,4746.0,Younes Kaboul,False,False,left_to_right,False,23.2,19.4,27.1,24.2,False,False,False,False
228b067f-64a9-484d-a6f5-d2f50bfb765a,3754237,1939,2,00:11:09.696,56,9,42,Ball Receipt*,116,41,Sunderland,From Goal Kick,41,Sunderland,4746.0,Younes Kaboul,Left Center Back,27.1,24.2,,,,False,,,,,,,False,,,,,,,False,False,left_to_right,False,27.1,24.2,,,False,False,False,False
6a65922c-5eff-41f6-be07-18eb776301a9,3754237,1940,2,00:11:09.696,56,9,43,Carry,116,41,Sunderland,From Goal Kick,41,Sunderland,4746.0,Younes Kaboul,Left Center Back,27.1,24.2,29.4,24.5,1.770153,False,,,,,,,False,,,,,,,False,False,left_to_right,False,27.1,24.2,29.4,24.5,False,False,False,False
30aaf576-077d-414d-a495-b1e9a87a6b30,3754237,1941,2,00:11:11.466,56,11,30,Pass,116,41,Sunderland,From Goal Kick,41,Sunderland,4746.0,Younes Kaboul,Left Center Back,29.4,24.5,40.8,34.2,0.858877,False,,,,,,,True,14.9683,0.7050031,Ground Pass,,18751.0,Jack Rodwell,False,False,left_to_right,False,29.4,24.5,40.8,34.2,False,False,False,False
b1082c2e-5e83-4444-8d95-f8c9b17924e5,3754237,1942,2,00:11:12.325,56,12,42,Ball Receipt*,116,41,Sunderland,From Goal Kick,41,Sunderland,18751.0,Jack Rodwell,Left Center Midfield,40.8,34.2,,,,False,,,,,,,False,,,,,,,False,False,left_to_right,False,40.8,34.2,,,False,False,False,False
64744214-eb23-4ccd-a867-5c670f6cb87a,3754237,1943,2,00:11:12.325,56,12,43,Carry,116,41,Sunderland,From Goal Kick,41,Sunderland,18751.0,Jack Rodwell,Left Center Midfield,40.8,34.2,40.8,34.2,0.877031,False,,,,,,,False,,,,,,,False,False,left_to_right,False,40.8,34.2,40.8,34.2,False,False,False,False
173468a4-e283-4674-9f4e-8dac15ccbf3c,3754237,1944,2,00:11:13.202,56,13,30,Pass,116,41,Sunderland,From Goal Kick,41,Sunderland,18751.0,Jack Rodwell,Left Center Midfield,40.8,34.2,36.4,58.4,1.681622,False,,,,,,,True,24.596748,1.7506498,Ground Pass,,6300.0,Sebastián Coates Nión,False,False,left_to_right,False,40.8,34.2,36.4,58.4,False,False,False,False
419e55de-0933-42bb-8de4-109d89f480f7,3754237,1945,2,00:11:14.883,56,14,42,Ball Receipt*,116,41,Sunderland,From Goal Kick,41,Sunderland,6300.0,Sebastián Coates Nión,Right Center Back,36.4,58.4,,,,False,,,,,,,False,,,,,,,False,False,left_to_right,False,36.4,58.4,,,False,False,False,False
3827614c-44b8-4cac-890f-7376cabbfc3a,3754237,1946,2,00:11:14.883,56,14,43,Carry,116,41,Sunderland,From Goal Kick,41,Sunderland,6300.0,Sebastián Coates Nión,Right Center Back,36.4,58.4,42.6,61.4,1.199998,False,,,,,,,False,,,,,,,False,False,left_to_right,False,36.4,58.4,42.6,61.4,False,False,False,False
c2ddf779-24f2-4be3-805f-a32e2703e192,3754237,1947,2,00:11:16.083,56,16,30,Pass,116,41,Sunderland,From Goal Kick,41,Sunderland,6300.0,Sebastián Coates Nión,Right Center Back,42.6,61.4,56.9,74.5,0.859953,False,,,,,,,True,19.393297,0.7416305,Ground Pass,,10770.0,Adam Matthews,False,False,left_to_right,False,42.6,61.4,56.9,74.5,False,False,False,False
bdfdbafa-4b42-43d3-8dcd-b5a2eb692820,3754237,1948,2,00:11:16.943,56,16,42,Ball Receipt*,116,41,Sunderland,From Goal Kick,41,Sunderland,10770.0,Adam Matthews,Right Back,56.9,74.5,,,,False,,,,,,,False,,,,,,,False,False,left_to_right,False,56.9,74.5,,,False,False,False,False
d73cf58b-ca74-45a9-b179-32668920efa6,3754237,1949,2,00:11:16.943,56,16,43,Carry,116,41,Sunderland,From Goal Kick,41,Sunderland,10770.0,Adam Matthews,Right Back,56.9,74.5,56.4,74.9,1.116448,False,,,,,,,False,,,,,,,False,False,left_to_right,False,56.9,74.5,56.4,74.9,False,False,False,False
b75013cd-6696-454e-b45c-049038681106,3754237,1950,2,00:11:18.060,56,18,30,Pass,116,41,Sunderland,From Goal Kick,41,Sunderland,10770.0,Adam Matthews,Right Back,56.4,74.9,55.7,62.8,0.836906,False,,,,,,,True,12.120231,-1.6285832,Ground Pass,,5617.0,Sebastian Larsson,False,False,left_to_right,False,56.4,74.9,55.7,62.8,False,False,False,False
3f5489db-188c-477d-96dd-9506e7f09a23,3754237,1951,2,00:11:18.897,56,18,42,Ball Receipt*,116,41,Sunderland,From Goal Kick,41,Sunderland,5617.0,Sebastian Larsson,Right Center Midfield,55.7,62.8,,,,False,,,,,,,False,,,,,,,False,False,left_to_right,False,55.7,62.8,,,False,False,False,False
50c5610d-7a75-4af7-88c3-2a57466aa935,3754237,1952,2,00:11:18.897,56,18,43,Carry,116,41,Sunderland,From Goal Kick,41,Sunderland,5617.0,Sebastian Larsson,Right Center Midfield,55.7,62.8,55.7,67.3,0.928078,False,,,,,,,False,,,,,,,False,False,left_to_right,False,55.7,62.8,55.7,67.3,False,False,False,False
0af76cb5-1399-4c54-9980-3c8ebe8afdca,3754237,1953,2,00:11:19.825,56,19,30,Pass,116,41,Sunderland,From Goal Kick,41,Sunderland,5617.0,Sebastian Larsson,Right Center Midfield,55.7,67.3,49.7,75.7,0.677869,False,,,,,,,True,10.32279,2.1910458,Ground Pass,,10770.0,Adam Matthews,False,False,left_to_right,False,55.7,67.3,49.7,75.7,False,False,False,False
6b6f60ea-60f4-49cc-bdf2-57a81f495694,3754237,1954,2,00:11:20.503,56,20,42,Ball Receipt*,116,41,Sunderland,From Goal Kick,41,Sunderland,10770.0,Adam Matthews,Right Back,49.7,75.7,,,,False,,,,,,,False,,,,,,,False,False,left_to_right,False,49.7,75.7,,,False,False,False,False
28f34de5-e785-4e92-9e71-4adb6d42b790,3754237,1955,2,00:11:20.503,56,20,43,Carry,116,41,Sunderland,From Goal Kick,41,Sunderland,10770.0,Adam Matthews,Right Back,49.7,75.7,44.0,73.1,0.881665,True,,,,,,,False,,,,,,,False,False,left_to_right,False,49.7,75.7,44.0,73.1,False,False,False,False
18d09d84-434b-4f14-8523-138eb17c35be,3754237,1956,2,00:11:21.108,56,21,17,Pressure,116,41,Sunderland,From Goal Kick,22,Leicester City,3307.0,Marc Albrighton,Right Midfield,71.7,4.7,,,0.73411,False,,,,,,,False,,,,,,,False,False,left_to_right,False,71.7,4.7,,,False,False,False,False
f98cb9b4-a89a-4aa8-8d83-222b17a53b6f,3754237,1957,2,00:11:21.384,56,21,30,Pass,116,41,Sunderland,From Goal Kick,41,Sunderland,10770.0,Adam Matthews,Right Back,44.0,73.1,20.3,50.5,3.832319,True,,,,,,,True,32.748283,-2.3799481,Ground Pass,,6871.0,Costel Fane Pantilimon,False,False,left_to_right,False,44.0,73.1,20.3,50.5,False,False,False,False
9bc5fabf-73d9-420f-89d1-f05ca6669d7f,3754237,1958,2,00:11:25.217,56,25,42,Ball Receipt*,116,41,Sunderland,From Goal Kick,41,Sunderland,6871.0,Costel Fane Pantilimon,Goalkeeper,20.3,50.5,,,,False,,,,,,,False,,,,,,,False,False,left_to_right,False,20.3,50.5,,,False,False,False,False
14d825f3-4175-447b-950b-e5faa6c05eb7,3754237,1959,2,00:11:25.217,56,25,43,Carry,116,41,Sunderland,From Goal Kick,41,Sunderland,6871.0,Costel Fane Pantilimon,Goalkeeper,20.3,50.5,20.3,48.0,1.217628,False,,,,,,,False,,,,,,,False,False,left_to_right,False,20.3,50.5,20.3,48.0,False,False,False,False
221b41e7-4d9c-4ff5-b14a-eb246e9f30d0,3754237,1960,2,00:11:26.434,56,26,30,Pass,116,41,Sunderland,From Goal Kick,41,Sunderland,6871.0,Costel Fane Pantilimon,Goalkeeper,20.3,48.0,26.4,19.8,1.568785,False,,,,,,,True,28.85221,-1.3577664,Ground Pass,,4746.0,Younes Kaboul,False,False,left_to_right,False,20.3,48.0,26.4,19.8,False,False,False,False
18cc1f05-0776-4d32-83f7-1692a1fa3d7e,3754237,1961,2,00:11:28.003,56,28,42,Ball Receipt*,116,41,Sunderland,From Goal Kick,41,Sunderland,4746.0,Younes Kaboul,Left Center Back,26.4,19.8,,,,False,,,,,,,False,,,,,,,False,False,left_to_right,False,26.4,19.8,,,False,False,False,False
abb2651c-ffdf-4ec2-9918-ec3444b61eda,3754237,1962,2,00:11:28.003,56,28,43,Carry,116,41,Sunderland,From Goal Kick,41,Sunderland,4746.0,Younes Kaboul,Left Center Back,26.4,19.8,28.5,21.5,1.793148,False,,,,,,,False,,,,,,,False,False,left_to_right,False,26.4,19.8,28.5,21.5,False,False,False,False
66889733-188f-42f6-9c4d-fda433355375,3754237,1963,2,00:11:29.796,56,29,30,Pass,116,41,Sunderland,From Goal Kick,41,Sunderland,4746.0,Younes Kaboul,Left Center Back,28.5,21.5,36.8,29.1,0.861315,False,,,,,,,True,11.253888,0.74140143,Ground Pass,,18751.0,Jack Rodwell,False,False,left_to_right,False,28.5,21.5,36.8,29.1,False,False,False,False
1658bc99-1bb2-4fd0-a6db-9b9d829b6ef9,3754237,1964,2,00:11:30.658,56,30,42,Ball Receipt*,116,41,Sunderland,From Goal Kick,41,Sunderland,18751.0,Jack Rodwell,Left Center Midfield,36.8,29.1,,,,False,,,,,,,False,,,,,,,False,False,left_to_right,False,36.8,29.1,,,False,False,False,False
8408bf58-b766-41c4-89b0-92b78588b997,3754237,1965,2,00:11:30.658,56,30,43,Carry,116,41,Sunderland,From Goal Kick,41,Sunderland,18751.0,Jack Rodwell,Left Center Midfield,36.8,29.1,38.4,30.9,1.780043,False,,,,,,,False,,,,,,,False,False,left_to_right,False,36.8,29.1,38.4,30.9,False,False,False,False
4766e33d-1d03-4c5e-9010-96a7bc391b0e,3754237,1966,2,00:11:32.438,56,32,30,Pass,116,41,Sunderland,From Goal Kick,41,Sunderland,18751.0,Jack Rodwell,Left Center Midfield,38.4,30.9,46.7,20.6,1.553087,False,,,,,,,True,13.228001,-0.8925135,Ground Pass,,42902.0,Adam Johnson,False,False,left_to_right,False,38.4,30.9,46.7,20.6,False,False,False,False
5f2b1211-3a59-4164-95de-be14b3f1596f,3754237,1967,2,00:11:33.991,56,33,42,Ball Receipt*,116,41,Sunderland,From Goal Kick,41,Sunderland,42902.0,Adam Johnson,Right Midfield,46.7,20.6,,,,False,,,,,,,False,,,,,,,False,False,left_to_right,False,46.7,20.6,,,False,False,False,False
63e54483-251c-4d1d-ae0c-d4a93f802733,3754237,1968,2,00:11:33.991,56,33,43,Carry,116,41,Sunderland,From Goal Kick,41,Sunderland,42902.0,Adam Johnson,Right Midfield,46.7,20.6,49.0,19.4,1.660138,True,,,,,,,False,,,,,,,False,False,left_to_right,False,46.7,20.6,49.0,19.4,False,False,False,False
1cf833b5-1563-4beb-a798-5a4116ec7712,3754237,1969,2,00:11:35.483,56,35,17,Pressure,116,41,Sunderland,From Goal Kick,22,Leicester City,3810.0,Shinji Okazaki,Right Center Forward,70.8,55.9,,,0.470786,False,,,,,,,False,,,,,,,False,False,left_to_right,False,70.8,55.9,,,False,False,False,False
88837c38-1287-41f5-98d1-d619a09ab110,3754237,1970,2,00:11:35.651,56,35,30,Pass,116,41,Sunderland,From Goal Kick,41,Sunderland,42902.0,Adam Johnson,Right Midfield,49.0,19.4,92.4,42.0,2.852886,True,,,,,,,True,48.93179,0.4800995,High Pass,,9554.0,Steven Fletcher,False,False,left_to_right,False,49.0,19.4,92.4,42.0,False,True,True,False
52d75932-ca9c-4263-bfe3-a159b921a966,3754237,1971,2,00:11:38.504,56,38,42,Ball Receipt*,116,41,Sunderland,From Goal Kick,41,Sunderland,9554.0,Steven Fletcher,Center Defensive Midfield,92.4,42.0,,,,False,,,,,,,False,,,,,,,False,False,left_to_right,False,92.4,42.0,,,False,False,False,False
5fe2f9d4-a11a-43b7-bda0-2c3f46d86cc6,3754237,1972,2,00:11:38.546,56,38,30,Pass,116,41,Sunderland,From Goal Kick,41,Sunderland,9554.0,Steven Fletcher,Center Defensive Midfield,92.4,42.0,98.6,28.9,1.57547,True,,,,,,Incomplete,False,14.493102,-1.1287503,High Pass,,,,False,False,left_to_right,False,92.4,42.0,98.6,28.9,False,False,False,True
e7026b4e-10a2-4047-a418-3c1cbfba99f0,3754237,1973,2,00:11:38.546,56,38,4,Duel,116,41,Sunderland,From Goal Kick,22,Leicester City,3813.0,Wes Morgan,Left Center Back,27.7,38.1,,,0.0,True,,,,,,,False,,,,,,,False,False,left_to_right,False,27.7,38.1,,,False,False,False,False
df2356c6-f822-41ec-8ca5-57a3f42907b4,3754237,1974,2,00:11:40.121,56,40,9,Clearance,116,41,Sunderland,From Goal Kick,22,Leicester City,40123.0,Robert Huth,Right Center Back,21.5,51.2,,,0.0,True,,,,,,,False,,,,,,,False,False,left_to_right,False,21.5,51.2,,,False,False,False,False
307460d2-e1d7-4128-9034-b6a4fe935cdc,3754237,1975,2,00:11:43.195,56,43,30,Pass,117,22,Leicester City,Regular Play,22,Leicester City,10960.0,Jamie Vardy,Left Center Forward,55.2,44.8,65.3,40.4,1.155986,False,,,,,,,True,11.016806,-0.41085118,High Pass,Recovery,3810.0,Shinji Okazaki,False,False,left_to_right,False,55.2,44.8,65.3,40.4,False,False,False,False
2cd16720-f65b-4a62-a3d1-2b64770186ed,3754237,1976,2,00:11:44.351,56,44,42,Ball Receipt*,117,22,Leicester City,Regular Play,22,Leicester City,3810.0,Shinji Okazaki,Right Center Forward,65.3,40.4,,,,False,,,,,,,False,,,,,,,False,False,left_to_right,False,65.3,40.4,,,False,False,False,False
5526461b-fb28-4744-83f5-181169b7f394,3754237,1977,2,00:11:44.351,56,44,30,Pass,117,22,Leicester City,Regular Play,22,Leicester City,3810.0,Shinji Okazaki,Right Center Forward,65.3,40.4,57.6,47.1,1.947126,False,,,,,,,True,10.206861,2.4255276,Low Pass,,3662.0,Danny Drinkwater,False,False,left_to_right,False,65.3,40.4,57.6,47.1,False,False,False,False
34762df3-ebf8-4d09-b70d-ea64839b957f,3754237,1978,2,00:11:46.298,56,46,42,Ball Receipt*,117,22,Leicester City,Regular Play,22,Leicester City,3662.0,Danny Drinkwater,Left Center Midfield,57.6,47.1,,,,False,,,,,,,False,,,,,,,False,False,left_to_right,False,57.6,47.1,,,False,False,False,False
ffa6be81-51d6-4e5e-bbaf-3cc0cc4aa0f4,3754237,1979,2,00:11:46.298,56,46,43,Carry,117,22,Leicester City,Regular Play,22,Leicester City,3662.0,Danny Drinkwater,Left Center Midfield,57.6,47.1,57.0,47.1,0.118597,False,,,,,,,False,,,,,,,False,False,left_to_right,False,57.6,47.1,57.0,47.1,False,False,False,False
810472b8-65af-4868-bb51-869a75f226a7,3754237,1980,2,00:11:46.417,56,46,30,Pass,117,22,Leicester City,Regular Play,22,Leicester City,3662.0,Danny Drinkwater,Left Center Midfield,57.0,47.1,84.6,66.2,1.936923,False,,,,,,,True,33.564415,0.6053562,Ground Pass,,3814.0,Riyad Mahrez,True,False,left_to_right,False,57.0,47.1,84.6,66.2,False,True,True,False
897a9e15-7f49-4358-8db0-43e8948bb0c5,3754237,1981,2,00:11:48.354,56,48,42,Ball Receipt*,117,22,Leicester City,Regular Play,22,Leicester City,3814.0,Riyad Mahrez,Left Midfield,84.6,66.2,,,,False,,,,,,,False,,,,,,,False,False,left_to_right,False,84.6,66.2,,,False,False,False,False
fc9c3175-13ed-48b4-90f9-ab2e175ebdcb,3754237,1982,2,00:11:48.354,56,48,43,Carry,117,22,Leicester City,Regular Play,22,Leicester City,3814.0,Riyad Mahrez,Left Midfield,84.6,66.2,110.8,52.8,2.922029,True,,,,,,,False,,,,,,,False,False,left_to_right,False,84.6,66.2,110.8,52.8,True,False,False,False
181cb73e-3dc1-4db9-a3b7-006e36ba2fc0,3754237,1983,2,00:11:50.790,56,50,17,Pressure,117,22,Leicester City,Regular Play,41,Sunderland,3321.0,Patrick van Aanholt,Left Back,8.0,29.1,,,0.467583,False,,,,,,,False,,,,,,,False,False,left_to_right,False,8.0,29.1,,,False,False,False,False
67f2a1d9-1bd9-4e0b-9fb9-f976ae47a18d,3754237,1984,2,00:11:51.276,56,51,16,Shot,117,22,Leicester City,Regular Play,22,Leicester City,3814.0,Riyad Mahrez,Left Midfield,110.8,52.8,116.6,46.2,0.400109,False,0.09574254,Saved,Right Foot,Normal,Open Play,,False,,,,,,,False,False,left_to_right,False,110.8,52.8,116.6,46.2,False,False,False,False
d206bf7d-9e3d-442f-b779-b6a051b99511,3754237,1985,2,00:11:51.676,56,51,23,Goal Keeper,117,22,Leicester City,Regular Play,41,Sunderland,6871.0,Costel Fane Pantilimon,Goalkeeper,3.7,34.2,,,0.0,False,,,,,,,False,,,,,,,False,False,left_to_right,False,3.7,34.2,,,False,False,False,False
ebd33d9b-e29d-4bac-9339-35c9061a3c96,3754237,1986,2,00:12:32.024,57,32,30,Pass,118,22,Leicester City,From Corner,22,Leicester City,3307.0,Marc Albrighton,Right Midfield,120.0,80.0,110.9,34.6,2.160074,False,,,,,,,True,46.303024,-1.7686155,High Pass,Corner,3813.0,Wes Morgan,True,False,left_to_right,False,120.0,80.0,110.9,34.6,False,True,False,False
287c9363-d3d8-4208-9710-a4bedfb6c0bf,3754237,1987,2,00:12:34.146,57,34,42,Ball Receipt*,118,22,Leicester City,From Corner,22,Leicester City,3813.0,Wes Morgan,Left Center Back,110.9,34.6,,,,False,,,,,,,False,,,,,,,False,False,left_to_right,False,110.9,34.6,,,False,False,False,False
e54236d9-8982-4518-8495-ae9c66e1067f,3754237,1988,2,00:12:34.146,57,34,4,Duel,118,22,Leicester City,From Corner,41,Sunderland,6300.0,Sebastián Coates Nión,Right Center Back,9.1,44.0,,,0.0,True,,,,,,,False,,,,,,,False,False,left_to_right,False,9.1,44.0,,,False,False,False,False
bedf728f-ca59-408e-8675-5e13a7ed860e,3754237,1989,2,00:12:34.146,57,34,16,Shot,118,22,Leicester City,From Corner,22,Leicester City,3813.0,Wes Morgan,Left Center Back,111.0,36.1,111.4,36.2,0.038022,True,0.056639683,Blocked,Head,Normal,Open Play,,False,,,,,,,False,False,left_to_right,False,111.0,36.1,111.4,36.2,False,False,False,False
af8afbdc-15ab-4f05-9cd1-9c74143de4db,3754237,1990,2,00:12:34.184,57,34,6,Block,118,22,Leicester City,From Corner,41,Sunderland,6300.0,Sebastián Coates Nión,Right Center Back,8.7,43.9,,,0.0,False,,,,,,,False,,,,,,,False,False,left_to_right,False,8.7,43.9,,,False,False,False,False
973c3c57-c43d-4c54-8943-1675ce4b56b6,3754237,1991,2,00:12:34.224,57,34,23,Goal Keeper,118,22,Leicester City,From Corner,41,Sunderland,6871.0,Costel Fane Pantilimon,Goalkeeper,1.9,42.3,,,0.0,False,,,,,,,False,,,,,,,False,False,left_to_right,False,1.9,42.3,,,False,False,False,False
2f94c9f4-1821-4a83-87a1-14eddb27c103,3754237,1992,2,00:13:06.821,58,6,30,Pass,119,22,Leicester City,From Corner,22,Leicester City,3814.0,Riyad Mahrez,Left Midfield,120.0,0.1,107.7,50.1,1.803531,False,,,,,,,True,51.490677,1.8120067,High Pass,Corner,10960.0,Jamie Vardy,True,False,left_to_right,False,120.0,0.1,107.7,50.1,False,True,False,False
20727232-9c32-4e7d-832b-c85a563b0351,3754237,1993,2,00:13:08.625,58,8,42,Ball Receipt*,119,22,Leicester City,From Corner,22,Leicester City,10960.0,Jamie Vardy,Left Center Forward,107.7,50.1,,,,False,,,,,,,False,,,,,,,False,False,left_to_right,False,107.7,50.1,,,False,False,False,False
5e746fa6-8107-4c39-8875-363842321f88,3754237,1994,2,00:13:08.625,58,8,16,Shot,119,22,Leicester City,From Corner,22,Leicester City,10960.0,Jamie Vardy,Left Center Forward,107.3,44.3,119.0,38.1,0.933567,False,0.07986099,Saved,Left Foot,Overhead Kick,Open Play,,False,,,,,,,False,False,left_to_right,False,107.3,44.3,119.0,38.1,False,False,False,False
693ecb30-807c-43fd-9066-d893df4fd7b2,3754237,1995,2,00:13:09.559,58,9,23,Goal Keeper,119,22,Leicester City,From Corner,41,Sunderland,6871.0,Costel Fane Pantilimon,Goalkeeper,0.8,39.2,,,0.0,False,,,,,,,False,,,,,,,False,False,left_to_right,False,0.8,39.2,,,False,False,False,False
4e0e3bf0-d164-447b-8587-7ce7d27d617b,3754237,1996,2,00:13:34.163,58,34,30,Pass,120,22,Leicester City,From Corner,22,Leicester City,3814.0,Riyad Mahrez,Left Midfield,120.0,0.1,116.0,28.9,0.957668,False,,,,,,,True,29.07645,1.7088023,High Pass,Corner,3810.0,Shinji Okazaki,False,False,left_to_right,False,120.0,0.1,116.0,28.9,False,True,False,False
bc1e9ba0-936d-49a7-bde2-184ec38989d2,3754237,1997,2,00:13:35.121,58,35,42,Ball Receipt*,120,22,Leicester City,From Corner,22,Leicester City,3810.0,Shinji Okazaki,Right Center Forward,116.0,28.9,,,,False,,,,,,,False,,,,,,,False,False,left_to_right,False,116.0,28.9,,,False,False,False,False
5b7a2a29-fbd5-453d-9c45-3bf44beae9d2,3754237,1998,2,00:13:35.121,58,35,30,Pass,120,22,Leicester City,From Corner,22,Leicester City,3810.0,Shinji Okazaki,Right Center Forward,116.0,28.9,116.2,48.9,1.712122,False,,,,,,,True,20.001,1.5607966,High Pass,,3813.0,Wes Morgan,False,False,left_to_right,False,116.0,28.9,116.2,48.9,False,False,False,False
fe5847eb-088c-487e-8941-bc6cd7a9d628,3754237,1999,2,00:13:36.833,58,36,42,Ball Receipt*,120,22,Leicester City,From Corner,22,Leicester City,3813.0,Wes Morgan,Left Center Back,116.2,48.9,,,,False,,,,,,,False,,,,,,,False,False,left_to_right,False,116.2,48.9,,,False,False,False,False
fec384d5-87d7-4bd0-9f2c-af5b7a23555f,3754237,2000,2,00:13:36.833,58,36,30,Pass,120,22,Leicester City,From Corner,22,Leicester City,3813.0,Wes Morgan,Left Center Back,116.2,48.9,116.2,43.6,1.11455,False,,,,,,Incomplete,False,5.3,-1.5707964,Low Pass,,,,False,False,left_to_right,False,116.2,48.9,116.2,43.6,False,True,False,True
d5a7bcee-ea6f-4852-9ab3-4e5d270a3903,3754237,2001,2,00:13:37.947,58,37,9,Clearance,120,22,Leicester City,From Corner,41,Sunderland,18751.0,Jack Rodwell,Left Center Midfield,3.9,36.5,,,0.0,True,,,,,,,False,,,,,,,False,False,left_to_right,False,3.9,36.5,,,False,False,False,False
79ceebdf-5370-453f-845b-a3bbc8f0c2a2,3754237,2002,2,00:13:41.446,58,41,30,Pass,120,22,Leicester City,From Corner,22,Leicester City,3662.0,Danny Drinkwater,Left Center Midfield,87.5,37.4,87.7,43.0,1.321352,False,,,,,,Incomplete,False,5.6035705,1.5350972,High Pass,Recovery,40123.0,Robert Huth,False,False,left_to_right,False,87.5,37.4,87.7,43.0,False,False,False,True
39ab67ad-2893-4a20-b8c7-e023f90ef033,3754237,2003,2,00:13:42.768,58,42,42,Ball Receipt*,120,22,Leicester City,From Corner,22,Leicester City,40123.0,Robert Huth,Right Center Back,86.0,43.0,,,,False,,,,,,,False,,,,,,,False,False,left_to_right,False,86.0,43.0,,,False,False,False,False
cf13987e-05fe-4517-bb24-470e5b070d1b,3754237,2004,2,00:13:42.768,58,42,4,Duel,120,22,Leicester City,From Corner,22,Leicester City,40123.0,Robert Huth,Right Center Back,87.7,43.0,,,0.0,True,,,,,,,False,,,,,,,False,False,left_to_right,False,87.7,43.0,,,False,False,False,False
0b592b61-0a24-41f7-8542-78205c1c62cc,3754237,2005,2,00:13:42.768,58,42,30,Pass,120,22,Leicester City,From Corner,41,Sunderland,3337.0,Jermain Defoe,Center Forward,32.4,37.1,49.7,21.5,2.174758,True,,,,,,,True,23.29485,-0.73377234,High Pass,Recovery,42902.0,Adam Johnson,False,False,left_to_right,False,32.4,37.1,49.7,21.5,False,False,False,False
cc122455-6702-415f-92d7-373f6fa328a3,3754237,2006,2,00:13:44.799,58,44,17,Pressure,120,22,Leicester City,From Corner,22,Leicester City,3307.0,Marc Albrighton,Right Midfield,71.1,58.6,,,0.422745,False,,,,,,,False,,,,,,,False,False,left_to_right,False,71.1,58.6,,,False,False,False,False
7cb4661f-04f1-45c0-8b1b-1e23f799fb27,3754237,2007,2,00:13:44.942,58,44,42,Ball Receipt*,120,22,Leicester City,From Corner,41,Sunderland,42902.0,Adam Johnson,Right Midfield,49.7,21.5,,,,True,,,,,,,False,,,,,,,False,False,left_to_right,False,49.7,21.5,,,False,False,False,False
03434e6d-0b13-48cc-b905-1eda161af534,3754237,2008,2,00:13:44.942,58,44,43,Carry,120,22,Leicester City,From Corner,41,Sunderland,42902.0,Adam Johnson,Right Midfield,49.7,21.5,51.1,21.3,0.913369,True,,,,,,,False,,,,,,,False,False,left_to_right,False,49.7,21.5,51.1,21.3,False,False,False,False
f5fb3368-35fa-402e-bc30-d904bea00cbc,3754237,2009,2,00:13:45.856,58,45,38,Miscontrol,120,22,Leicester City,From Corner,41,Sunderland,42902.0,Adam Johnson,Right Midfield,51.1,21.3,,,0.0,False,,,,,,,False,,,,,,,False,False,left_to_right,False,51.1,21.3,,,False,False,False,True
0fe424a3-dd59-4bae-b9ff-7fa446a93c09,3754237,2010,2,00:13:46.825,58,46,2,Ball Recovery,120,22,Leicester City,From Corner,22,Leicester City,3307.0,Marc Albrighton,Right Midfield,62.0,64.8,,,0.0,False,,,,,,,False,,,,,,,False,False,left_to_right,False,62.0,64.8,,,False,False,False,False
e6b855b8-1d6e-48df-b30d-c5348dd5cae4,3754237,2011,2,00:13:46.825,58,46,43,Carry,120,22,Leicester City,From Corner,22,Leicester City,3307.0,Marc Albrighton,Right Midfield,62.0,64.8,66.0,75.0,2.547392,True,,,,,,,False,,,,,,,False,False,left_to_right,False,62.0,64.8,66.0,75.0,False,False,False,False
edde891a-06ca-4df0-93eb-ef748b8180b3,3754237,2012,2,00:13:48.759,58,48,17,Pressure,120,22,Leicester City,From Corner,41,Sunderland,3337.0,Jermain Defoe,Center Forward,53.7,11.3,,,0.601078,False,,,,,,,False,,,,,,,False,False,left_to_right,False,53.7,11.3,,,False,False,False,False
711a2657-35c0-4dbb-ae05-5a5ac99d6840,3754237,2013,2,00:13:49.372,58,49,30,Pass,120,22,Leicester City,From Corner,22,Leicester City,3307.0,Marc Albrighton,Right Midfield,66.0,75.0,87.7,53.6,1.333097,False,,,,,,Incomplete,False,30.477041,-0.77843773,High Pass,,,,False,False,left_to_right,False,66.0,75.0,87.7,53.6,False,True,True,True
5cda9cd2-e024-4978-9d45-f3087d039c81,3754237,2014,2,00:13:50.705,58,50,30,Pass,121,41,Sunderland,Regular Play,41,Sunderland,4746.0,Younes Kaboul,Left Center Back,32.4,26.5,38.4,26.8,1.025328,False,,,,,,,True,6.0074954,0.049958397,Ground Pass,Recovery,18751.0,Jack Rodwell,False,False,left_to_right,False,32.4,26.5,38.4,26.8,False,False,False,False
a91250d2-98cd-4043-80a6-7fa41bddd42f,3754237,2015,2,00:13:51.731,58,51,42,Ball Receipt*,121,41,Sunderland,Regular Play,41,Sunderland,18751.0,Jack Rodwell,Left Center Midfield,38.4,26.8,,,,False,,,,,,,False,,,,,,,False,False,left_to_right,False,38.4,26.8,,,False,False,False,False
e8e03a00-87bf-4438-b714-44638bb31151,3754237,2016,2,00:13:51.731,58,51,43,Carry,121,41,Sunderland,Regular Play,41,Sunderland,18751.0,Jack Rodwell,Left Center Midfield,38.4,26.8,42.6,33.5,1.919683,False,,,,,,,False,,,,,,,False,False,left_to_right,False,38.4,26.8,42.6,33.5,False,False,False,False
95b6f308-7605-4866-bb94-95b74ca6df49,3754237,2017,2,00:13:53.650,58,53,30,Pass,121,41,Sunderland,Regular Play,41,Sunderland,18751.0,Jack Rodwell,Left Center Midfield,42.6,33.5,54.1,49.4,0.997591,False,,,,,,,True,19.622946,0.94462276,Ground Pass,,9554.0,Steven Fletcher,False,False,left_to_right,False,42.6,33.5,54.1,49.4,False,False,False,False
7cd6382c-de68-47bd-8ae1-62964bd9aae0,3754237,2018,2,00:13:54.648,58,54,42,Ball Receipt*,121,41,Sunderland,Regular Play,41,Sunderland,9554.0,Steven Fletcher,Center Defensive Midfield,54.1,49.4,,,,False,,,,,,,False,,,,,,,False,False,left_to_right,False,54.1,49.4,,,False,False,False,False
d3ce1beb-04f0-4318-adf7-39b4b742fe49,3754237,2019,2,00:13:54.648,58,54,43,Carry,121,41,Sunderland,Regular Play,41,Sunderland,9554.0,Steven Fletcher,Center Defensive Midfield,54.1,49.4,54.1,49.4,0.04,False,,,,,,,False,,,,,,,False,False,left_to_right,False,54.1,49.4,54.1,49.4,False,False,False,False
2bd5a6cc-517e-44d9-bd3c-63e415cb81b1,3754237,2020,2,00:13:54.688,58,54,30,Pass,121,41,Sunderland,Regular Play,41,Sunderland,9554.0,Steven Fletcher,Center Defensive Midfield,54.1,49.4,47.9,50.0,0.464837,False,,,,,,,True,6.228965,3.0451188,Ground Pass,,5617.0,Sebastian Larsson,False,False,left_to_right,False,54.1,49.4,47.9,50.0,False,False,False,False
dc0f3fd1-5e3a-46b9-8165-6b81dddc61f2,3754237,2021,2,00:13:55.153,58,55,42,Ball Receipt*,121,41,Sunderland,Regular Play,41,Sunderland,5617.0,Sebastian Larsson,Right Center Midfield,47.9,50.0,,,,False,,,,,,,False,,,,,,,False,False,left_to_right,False,47.9,50.0,,,False,False,False,False
79debaed-b50a-47fa-89cc-d89704f2ddb6,3754237,2022,2,00:13:55.153,58,55,43,Carry,121,41,Sunderland,Regular Play,41,Sunderland,5617.0,Sebastian Larsson,Right Center Midfield,47.9,50.0,68.9,73.1,4.598422,False,,,,,,,False,,,,,,,False,False,left_to_right,False,47.9,50.0,68.9,73.1,False,False,False,False
14b1e3d5-dc1c-49e5-8f88-54159c84d176,3754237,2023,2,00:13:59.751,58,59,30,Pass,121,41,Sunderland,Regular Play,41,Sunderland,5617.0,Sebastian Larsson,Right Center Midfield,68.9,73.1,88.3,62.5,1.924298,False,,,,,,Incomplete,False,22.107012,-0.5000687,Low Pass,,,,False,False,left_to_right,False,68.9,73.1,88.3,62.5,False,True,True,True
f0fb5680-1147-4595-a1d1-2a9919af3a1a,3754237,2024,2,00:14:01.675,59,1,2,Ball Recovery,121,41,Sunderland,Regular Play,22,Leicester City,3813.0,Wes Morgan,Left Center Back,31.8,17.6,,,0.0,False,,,,,,,False,,,,,,,False,False,left_to_right,False,31.8,17.6,,,False,False,False,False
956417e9-942c-4cde-9383-402be43c11ab,3754237,2025,2,00:14:01.675,59,1,43,Carry,121,41,Sunderland,Regular Play,22,Leicester City,3813.0,Wes Morgan,Left Center Back,31.8,17.6,35.1,16.9,1.081282,False,,,,,,,False,,,,,,,False,False,left_to_right,False,31.8,17.6,35.1,16.9,False,False,False,False
b4ac2404-fb8d-4607-a6ec-16a2b792749b,3754237,2026,2,00:14:02.757,59,2,30,Pass,121,41,Sunderland,Regular Play,22,Leicester City,3813.0,Wes Morgan,Left Center Back,35.1,16.9,52.4,31.0,1.114705,False,,,,,,,True,22.318153,0.68383795,Low Pass,,3810.0,Shinji Okazaki,False,False,left_to_right,False,35.1,16.9,52.4,31.0,False,False,False,False
ed2ee1c7-2cfa-4d32-b089-4e900eb01694,3754237,2027,2,00:14:03.871,59,3,42,Ball Receipt*,121,41,Sunderland,Regular Play,22,Leicester City,3810.0,Shinji Okazaki,Right Center Forward,52.4,31.0,,,,False,,,,,,,False,,,,,,,False,False,left_to_right,False,52.4,31.0,,,False,False,False,False
eb0663ed-a0b1-4cd2-bed0-b3d4c24a0aab,3754237,2028,2,00:14:03.871,59,3,43,Carry,121,41,Sunderland,Regular Play,22,Leicester City,3810.0,Shinji Okazaki,Right Center Forward,52.4,31.0,54.7,26.3,1.883726,True,,,,,,,False,,,,,,,False,False,left_to_right,False,52.4,31.0,54.7,26.3,False,False,False,False
299b588c-079f-443e-abce-a7cf0415419c,3754237,2029,2,00:14:04.674,59,4,17,Pressure,121,41,Sunderland,Regular Play,41,Sunderland,18751.0,Jack Rodwell,Left Center Midfield,65.4,50.3,,,0.821136,False,,,,,,,False,,,,,,,False,False,left_to_right,False,65.4,50.3,,,False,False,False,False
a5a57e96-86b0-440b-99ed-5d5e4210dd31,3754237,2030,2,00:14:05.269,59,5,17,Pressure,121,41,Sunderland,Regular Play,41,Sunderland,5617.0,Sebastian Larsson,Right Center Midfield,66.1,53.8,,,0.344423,False,,,,,,,False,,,,,,,False,False,left_to_right,False,66.1,53.8,,,False,False,False,False
f5ad2906-dbb3-401a-a207-957eb8afebbb,3754237,2031,2,00:14:05.755,59,5,3,Dispossessed,121,41,Sunderland,Regular Play,22,Leicester City,3810.0,Shinji Okazaki,Right Center Forward,54.7,26.3,,,0.0,True,,,,,,,False,,,,,,,False,False,left_to_right,False,54.7,26.3,,,False,False,False,True
4f0c0c5a-2c66-4e43-801a-e226d118b90b,3754237,2032,2,00:14:05.755,59,5,4,Duel,121,41,Sunderland,Regular Play,41,Sunderland,5617.0,Sebastian Larsson,Right Center Midfield,65.4,53.8,,,0.0,True,,,,,,,False,,,,,,,False,False,left_to_right,False,65.4,53.8,,,False,False,False,False
ab088e3d-3c35-4a43-a692-47e1f260000b,3754237,2033,2,00:14:07.387,59,7,2,Ball Recovery,121,41,Sunderland,Regular Play,41,Sunderland,10770.0,Adam Matthews,Right Back,70.7,71.7,,,0.0,False,,,,,,,False,,,,,,,False,False,left_to_right,False,70.7,71.7,,,False,False,False,False
66ffbd4c-0426-483c-92d2-3fdcd9a0b38b,3754237,2034,2,00:14:07.387,59,7,43,Carry,121,41,Sunderland,Regular Play,41,Sunderland,10770.0,Adam Matthews,Right Back,70.7,71.7,70.5,72.2,0.918708,False,,,,,,,False,,,,,,,False,False,left_to_right,False,70.7,71.7,70.5,72.2,False,False,False,False
8bb84afb-a5b8-4cf5-ba87-4b4a29407808,3754237,2035,2,00:14:08.305,59,8,30,Pass,121,41,Sunderland,Regular Play,41,Sunderland,10770.0,Adam Matthews,Right Back,70.5,72.2,73.4,57.9,0.689668,False,,,,,,,True,14.591093,-1.3707126,Ground Pass,,9554.0,Steven Fletcher,False,False,left_to_right,False,70.5,72.2,73.4,57.9,False,False,False,False
b4305bc8-7141-4fc1-b746-c9b9a33acaa2,3754237,2036,2,00:14:08.995,59,8,42,Ball Receipt*,121,41,Sunderland,Regular Play,41,Sunderland,9554.0,Steven Fletcher,Center Defensive Midfield,73.4,57.9,,,,False,,,,,,,False,,,,,,,False,False,left_to_right,False,73.4,57.9,,,False,False,False,False
319e4ef9-4fc0-40e5-ac1b-8978a2e79236,3754237,2037,2,00:14:08.995,59,8,43,Carry,121,41,Sunderland,Regular Play,41,Sunderland,9554.0,Steven Fletcher,Center Defensive Midfield,73.4,57.9,73.4,57.9,0.119999,False,,,,,,,False,,,,,,,False,False,left_to_right,False,73.4,57.9,73.4,57.9,False,False,False,False
7ec013a8-1771-4db9-88a7-348d38647ba6,3754237,2038,2,00:14:09.115,59,9,30,Pass,121,41,Sunderland,Regular Play,41,Sunderland,9554.0,Steven Fletcher,Center Defensive Midfield,73.4,57.9,77.4,64.6,0.944793,False,,,,,,Incomplete,False,7.8032045,1.0325747,Ground Pass,,,,False,False,left_to_right,False,73.4,57.9,77.4,64.6,False,False,False,True
4f3583d5-0145-452f-9ce6-3f1ff310fa22,3754237,2039,2,00:14:10.060,59,10,30,Pass,122,22,Leicester City,Regular Play,22,Leicester City,3520.0,Jeffrey Schlupp,Left Back,42.7,15.5,28.2,25.7,1.666218,False,,,,,,,True,17.728226,2.528556,Ground Pass,Recovery,3813.0,Wes Morgan,False,False,left_to_right,False,42.7,15.5,28.2,25.7,False,False,False,False
0d44240d-37c6-4891-b4d0-5aa9a115eb6a,3754237,2040,2,00:14:11.726,59,11,42,Ball Receipt*,122,22,Leicester City,Regular Play,22,Leicester City,3813.0,Wes Morgan,Left Center Back,28.2,25.7,,,,False,,,,,,,False,,,,,,,False,False,left_to_right,False,28.2,25.7,,,False,False,False,False
3a8fef46-4715-455d-a643-d6f21c5443dd,3754237,2041,2,00:14:11.726,59,11,43,Carry,122,22,Leicester City,Regular Play,22,Leicester City,3813.0,Wes Morgan,Left Center Back,28.2,25.7,28.2,25.7,0.795328,True,,,,,,,False,,,,,,,False,False,left_to_right,False,28.2,25.7,28.2,25.7,False,False,False,False
32dbb228-2d01-48d7-85f0-56356addc8b8,3754237,2042,2,00:14:12.177,59,12,17,Pressure,122,22,Leicester City,Regular Play,41,Sunderland,9554.0,Steven Fletcher,Center Defensive Midfield,86.6,55.8,,,2.707323,False,,,,,,,False,,,,,,,False,False,left_to_right,False,86.6,55.8,,,False,False,False,False
3af04ad0-7a04-4ac2-a5b2-e3bde749153b,3754237,2043,2,00:14:12.521,59,12,30,Pass,122,22,Leicester City,Regular Play,22,Leicester City,3813.0,Wes Morgan,Left Center Back,28.2,25.7,9.3,36.3,2.266764,True,,,,,,,True,21.669563,2.63046,Ground Pass,,3815.0,Kasper Schmeichel,False,False,left_to_right,False,28.2,25.7,9.3,36.3,False,False,False,False
dde553b5-b9ff-4407-be3b-8531b4716aa4,3754237,2044,2,00:14:14.788,59,14,42,Ball Receipt*,122,22,Leicester City,Regular Play,22,Leicester City,3815.0,Kasper Schmeichel,Goalkeeper,9.3,36.3,,,,True,,,,,,,False,,,,,,,False,False,left_to_right,False,9.3,36.3,,,False,False,False,False
a8fba82c-fb85-4a0e-b121-abb2e92429c6,3754237,2045,2,00:14:14.788,59,14,30,Pass,122,22,Leicester City,Regular Play,22,Leicester City,3815.0,Kasper Schmeichel,Goalkeeper,9.3,36.3,49.4,0.5,3.059928,True,,,,,,Out,False,53.755466,-0.7288052,High Pass,,3814.0,Riyad Mahrez,False,False,left_to_right,False,9.3,36.3,49.4,0.5,False,True,False,True
769c676e-e82c-442b-9787-b9663cbf606e,3754237,2046,2,00:14:17.848,59,17,42,Ball Receipt*,122,22,Leicester City,Regular Play,22,Leicester City,3814.0,Riyad Mahrez,Left Midfield,50.8,3.7,,,,False,,,,,,,False,,,,,,,False,False,left_to_right,False,50.8,3.7,,,False,False,False,False
c2f0202a-a930-40e7-890d-f441700fb0af,3754237,2047,2,00:14:27.949,59,27,30,Pass,123,41,Sunderland,From Throw In,41,Sunderland,10770.0,Adam Matthews,Right Back,71.0,80.0,63.4,44.3,2.305448,False,,,,,,,True,36.5,-1.7805502,Low Pass,Throw-in,18751.0,Jack Rodwell,False,False,left_to_right,False,71.0,80.0,63.4,44.3,False,False,False,False
af66d787-740b-41d3-843c-d65463aa385a,3754237,2048,2,00:14:30.254,59,30,42,Ball Receipt*,123,41,Sunderland,From Throw In,41,Sunderland,18751.0,Jack Rodwell,Left Center Midfield,63.4,44.3,,,,False,,,,,,,False,,,,,,,False,False,left_to_right,False,63.4,44.3,,,False,False,False,False
2f60f8b7-101e-4c6e-9e00-d6c528531bf3,3754237,2049,2,00:14:31.433,59,31,30,Pass,123,41,Sunderland,From Throw In,41,Sunderland,18751.0,Jack Rodwell,Left Center Midfield,62.8,38.8,70.2,29.5,0.848517,False,,,,,,,True,11.884864,-0.8986835,Ground Pass,,42902.0,Adam Johnson,False,False,left_to_right,False,62.8,38.8,70.2,29.5,False,False,False,False
bfb9af28-f949-484f-b783-9356666b26ef,3754237,2050,2,00:14:32.281,59,32,42,Ball Receipt*,123,41,Sunderland,From Throw In,41,Sunderland,42902.0,Adam Johnson,Right Midfield,70.2,29.5,,,,False,,,,,,,False,,,,,,,False,False,left_to_right,False,70.2,29.5,,,False,False,False,False
7bdb4eda-3c72-40cf-9a8a-2174084860d9,3754237,2051,2,00:14:32.281,59,32,43,Carry,123,41,Sunderland,From Throw In,41,Sunderland,42902.0,Adam Johnson,Right Midfield,70.2,29.5,70.5,41.5,2.462915,False,,,,,,,False,,,,,,,False,False,left_to_right,False,70.2,29.5,70.5,41.5,False,False,False,False
83d63682-a21a-4231-8ef7-a64a58aab8ce,3754237,2052,2,00:14:34.744,59,34,30,Pass,123,41,Sunderland,From Throw In,41,Sunderland,42902.0,Adam Johnson,Right Midfield,70.5,41.5,56.0,58.4,1.737615,False,,,,,,,True,22.267914,2.2799096,Ground Pass,,6300.0,Sebastián Coates Nión,False,False,left_to_right,False,70.5,41.5,56.0,58.4,False,False,False,False
ae59e6c9-ca57-4340-bfca-9748674c247c,3754237,2053,2,00:14:36.482,59,36,42,Ball Receipt*,123,41,Sunderland,From Throw In,41,Sunderland,6300.0,Sebastián Coates Nión,Right Center Back,56.0,58.4,,,,False,,,,,,,False,,,,,,,False,False,left_to_right,False,56.0,58.4,,,False,False,False,False
f2c86729-dd79-42d1-9601-0179c1e850e9,3754237,2054,2,00:14:36.482,59,36,43,Carry,123,41,Sunderland,From Throw In,41,Sunderland,6300.0,Sebastián Coates Nión,Right Center Back,56.0,58.4,56.9,56.1,1.230161,False,,,,,,,False,,,,,,,False,False,left_to_right,False,56.0,58.4,56.9,56.1,False,False,False,False
3206efa5-b970-4762-9d71-b7eaee464130,3754237,2055,2,00:14:37.712,59,37,30,Pass,123,41,Sunderland,From Throw In,41,Sunderland,6300.0,Sebastián Coates Nión,Right Center Back,56.9,56.1,91.9,2.8,3.121091,False,,,,,,,True,63.76433,-0.9897532,High Pass,,3321.0,Patrick van Aanholt,False,False,left_to_right,False,56.9,56.1,91.9,2.8,False,True,True,False
3c1c7305-10bf-4688-9f51-0230b2ddd234,3754237,2056,2,00:14:40.833,59,40,42,Ball Receipt*,123,41,Sunderland,From Throw In,41,Sunderland,3321.0,Patrick van Aanholt,Left Back,91.9,2.8,,,,False,,,,,,,False,,,,,,,False,False,left_to_right,False,91.9,2.8,,,False,False,False,False
d1d80894-aa08-4d93-a99f-9fa7dd328052,3754237,2057,2,00:14:40.833,59,40,43,Carry,123,41,Sunderland,From Throw In,41,Sunderland,3321.0,Patrick van Aanholt,Left Back,91.9,2.8,97.9,4.0,1.601591,False,,,,,,,False,,,,,,,False,False,left_to_right,False,91.9,2.8,97.9,4.0,False,False,False,False
d49c45c6-7a93-43d7-b99b-686a7e5623c7,3754237,2058,2,00:14:42.435,59,42,30,Pass,123,41,Sunderland,From Throw In,41,Sunderland,3321.0,Patrick van Aanholt,Left Back,97.9,4.0,91.2,9.5,0.936517,False,,,,,,,True,8.668333,2.4542398,Ground Pass,,3337.0,Jermain Defoe,False,False,left_to_right,False,97.9,4.0,91.2,9.5,False,False,False,False
87e634f7-e8ff-4d41-b063-3ae15fe58e6e,3754237,2059,2,00:14:43.371,59,43,42,Ball Receipt*,123,41,Sunderland,From Throw In,41,Sunderland,3337.0,Jermain Defoe,Center Forward,91.2,9.5,,,,False,,,,,,,False,,,,,,,False,False,left_to_right,False,91.2,9.5,,,False,False,False,False
838301f6-59ab-4597-a9d1-984dafefef81,3754237,2060,2,00:14:43.371,59,43,43,Carry,123,41,Sunderland,From Throw In,41,Sunderland,3337.0,Jermain Defoe,Center Forward,91.2,9.5,92.1,16.2,2.137253,True,,,,,,,False,,,,,,,False,False,left_to_right,False,91.2,9.5,92.1,16.2,False,False,False,False
94e31140-6ecc-4cc2-838f-15cdd3a73f8c,3754237,2061,2,00:14:44.958,59,44,17,Pressure,123,41,Sunderland,From Throw In,22,Leicester City,3662.0,Danny Drinkwater,Left Center Midfield,26.2,65.0,,,0.724249,False,,,,,,,False,,,,,,,False,False,left_to_right,False,26.2,65.0,,,False,False,False,False
e4a872be-57b5-4ead-9da0-238f8f87ad2c,3754237,2062,2,00:14:45.508,59,45,30,Pass,123,41,Sunderland,From Throw In,41,Sunderland,3337.0,Jermain Defoe,Center Forward,92.1,16.2,88.0,22.4,0.616515,True,,,,,,,True,7.4330344,2.1550677,Ground Pass,,16457.0,Jeremain Lens,False,False,left_to_right,False,92.1,16.2,88.0,22.4,False,False,False,False
5b6d2e7a-c0d5-475f-9cf5-2197e52ddd70,3754237,2063,2,00:14:46.125,59,46,42,Ball Receipt*,123,41,Sunderland,From Throw In,41,Sunderland,16457.0,Jeremain Lens,Left Midfield,88.0,22.4,,,,False,,,,,,,False,,,,,,,False,False,left_to_right,False,88.0,22.4,,,False,False,False,False
db475c9e-3abe-4dba-bf1c-f2b975310fb5,3754237,2064,2,00:14:46.125,59,46,43,Carry,123,41,Sunderland,From Throw In,41,Sunderland,16457.0,Jeremain Lens,Left Midfield,88.0,22.4,85.4,20.3,2.490984,True,,,,,,,False,,,,,,,False,False,left_to_right,False,88.0,22.4,85.4,20.3,False,False,False,False
cb777d41-dd47-4580-8444-27ce63d30c46,3754237,2065,2,00:14:46.572,59,46,17,Pressure,123,41,Sunderland,From Throw In,22,Leicester City,3665.0,Andrew Philip King,Right Center Midfield,32.1,57.7,,,1.005853,False,,,,,,,False,,,,,,,False,False,left_to_right,False,32.1,57.7,,,False,False,False,False
0cb00aa8-a4ca-44fa-b448-12f6b97015f5,3754237,2066,2,00:14:48.616,59,48,30,Pass,123,41,Sunderland,From Throw In,41,Sunderland,16457.0,Jeremain Lens,Left Midfield,85.4,20.3,94.5,11.6,0.942982,False,,,,,,,True,12.589679,-0.76293004,Ground Pass,,3321.0,Patrick van Aanholt,False,False,left_to_right,False,85.4,20.3,94.5,11.6,False,False,False,False
1548c162-8365-4bda-88df-35d71d3b814a,3754237,2067,2,00:14:49.559,59,49,42,Ball Receipt*,123,41,Sunderland,From Throw In,41,Sunderland,3321.0,Patrick van Aanholt,Left Back,94.5,11.6,,,,False,,,,,,,False,,,,,,,False,False,left_to_right,False,94.5,11.6,,,False,False,False,False
d4dc3c07-2be7-4131-8ac3-3ebd3d84869d,3754237,2068,2,00:14:49.559,59,49,43,Carry,123,41,Sunderland,From Throw In,41,Sunderland,3321.0,Patrick van Aanholt,Left Back,94.5,11.6,92.6,12.7,2.15644,False,,,,,,,False,,,,,,,False,False,left_to_right,False,94.5,11.6,92.6,12.7,False,False,False,False
f6a9a476-778c-47bb-ad2b-d55ffae3b01a,3754237,2069,2,00:14:51.715,59,51,30,Pass,123,41,Sunderland,From Throw In,41,Sunderland,3321.0,Patrick van Aanholt,Left Back,92.6,12.7,82.2,15.7,0.77103,False,,,,,,,True,10.824047,2.860755,Ground Pass,,18751.0,Jack Rodwell,False,False,left_to_right,False,92.6,12.7,82.2,15.7,False,False,False,False
755c36a8-f4d5-4173-a8d3-6fd299468912,3754237,2070,2,00:14:52.486,59,52,42,Ball Receipt*,123,41,Sunderland,From Throw In,41,Sunderland,18751.0,Jack Rodwell,Left Center Midfield,82.2,15.7,,,,False,,,,,,,False,,,,,,,False,False,left_to_right,False,82.2,15.7,,,False,False,False,False
09605220-6b48-494a-9fd1-52629dcdd940,3754237,2071,2,00:14:52.486,59,52,43,Carry,123,41,Sunderland,From Throw In,41,Sunderland,18751.0,Jack Rodwell,Left Center Midfield,82.2,15.7,82.7,16.6,2.069191,False,,,,,,,False,,,,,,,False,False,left_to_right,False,82.2,15.7,82.7,16.6,False,False,False,False
f12ae532-bc4d-494e-9052-cdd76da10f3d,3754237,2072,2,00:14:54.555,59,54,30,Pass,123,41,Sunderland,From Throw In,41,Sunderland,18751.0,Jack Rodwell,Left Center Midfield,82.7,16.6,93.9,40.0,0.732287,False,,,,,,,True,25.942244,1.1243883,Ground Pass,,42902.0,Adam Johnson,False,False,left_to_right,False,82.7,16.6,93.9,40.0,False,True,False,False
25b6ac93-c588-430d-a34a-a3e134e63b74,3754237,2073,2,00:14:55.288,59,55,42,Ball Receipt*,123,41,Sunderland,From Throw In,41,Sunderland,42902.0,Adam Johnson,Right Midfield,93.9,40.0,,,,False,,,,,,,False,,,,,,,False,False,left_to_right,False,93.9,40.0,,,False,False,False,False
3d8d38d0-3561-4c09-86af-0e9909300bcb,3754237,2074,2,00:14:55.288,59,55,43,Carry,123,41,Sunderland,From Throw In,41,Sunderland,42902.0,Adam Johnson,Right Midfield,93.9,40.0,93.9,40.0,0.657649,False,,,,,,,False,,,,,,,False,False,left_to_right,False,93.9,40.0,93.9,40.0,False,False,False,False
76875b29-1d43-4ca4-ae2c-0c93f5beba0a,3754237,2075,2,00:14:55.945,59,55,30,Pass,123,41,Sunderland,From Throw In,41,Sunderland,42902.0,Adam Johnson,Right Midfield,93.9,40.0,103.9,34.4,0.629028,False,,,,,,,True,11.461239,-0.51048833,Ground Pass,,3337.0,Jermain Defoe,False,True,left_to_right,False,93.9,40.0,103.9,34.4,False,True,False,False
59c3d6bc-77eb-4127-8b3b-721c29952425,3754237,2076,2,00:14:56.574,59,56,42,Ball Receipt*,123,41,Sunderland,From Throw In,41,Sunderland,3337.0,Jermain Defoe,Center Forward,103.9,34.4,,,,False,,,,,,,False,,,,,,,False,False,left_to_right,False,103.9,34.4,,,False,False,False,False
c9a5a458-ff9c-4acf-a090-20494bb2957d,3754237,2077,2,00:14:56.574,59,56,43,Carry,123,41,Sunderland,From Throw In,41,Sunderland,3337.0,Jermain Defoe,Center Forward,103.9,34.4,106.4,36.3,0.8288,True,,,,,,,False,,,,,,,False,False,left_to_right,False,103.9,34.4,106.4,36.3,False,False,False,False
3118dbe9-2347-4cc4-a6a2-c8245b691234,3754237,2078,2,00:14:56.813,59,56,17,Pressure,123,41,Sunderland,From Throw In,22,Leicester City,3307.0,Marc Albrighton,Right Midfield,15.3,46.2,,,0.471621,False,,,,,,,False,,,,,,,False,False,left_to_right,False,15.3,46.2,,,False,False,False,False
71c4492a-66e9-49bb-b3b2-1cd406b705a0,3754237,2079,2,00:14:57.403,59,57,16,Shot,123,41,Sunderland,From Throw In,41,Sunderland,3337.0,Jermain Defoe,Center Forward,106.4,36.3,120.0,37.6,0.763813,False,0.3625413,Goal,Right Foot,Normal,Open Play,,False,,,,,,,False,False,left_to_right,False,106.4,36.3,120.0,37.6,False,False,False,False
699f098b-e795-41df-ad02-826adbfd2ee4,3754237,2080,2,00:14:58.167,59,58,23,Goal Keeper,123,41,Sunderland,From Throw In,22,Leicester City,3815.0,Kasper Schmeichel,Goalkeeper,6.9,42.5,,,0.0,False,,,,,,,False,,,,,,,False,False,left_to_right,False,6.9,42.5,,,False,False,False,False
4d19dfb0-bb01-4424-abbf-eab7d38d6dae,3754237,2081,2,00:15:30.405,60,30,30,Pass,124,22,Leicester City,From Kick Off,22,Leicester City,3810.0,Shinji Okazaki,Right Center Forward,61.0,40.1,56.1,73.2,2.341539,False,,,,,,,True,33.460724,1.7177652,Ground Pass,Kick Off,3662.0,Danny Drinkwater,False,False,left_to_right,False,61.0,40.1,56.1,73.2,False,False,False,False
f9ef86e1-addd-4b10-b6c1-721f60b5cf90,3754237,2082,2,00:15:32.746,60,32,42,Ball Receipt*,124,22,Leicester City,From Kick Off,22,Leicester City,3662.0,Danny Drinkwater,Left Center Midfield,56.1,73.2,,,,False,,,,,,,False,,,,,,,False,False,left_to_right,False,56.1,73.2,,,False,False,False,False
07f5e470-427b-425a-90e0-9d166624e173,3754237,2083,2,00:15:32.848,60,32,30,Pass,124,22,Leicester City,From Kick Off,22,Leicester City,3662.0,Danny Drinkwater,Left Center Midfield,56.1,72.4,106.3,72.7,2.584699,False,,,,,,,True,50.200897,0.0059760245,High Pass,,10960.0,Jamie Vardy,False,False,left_to_right,False,56.1,72.4,106.3,72.7,False,True,True,False
35a1bf5f-b2f2-415b-9e8c-69a906bfe951,3754237,2084,2,00:15:34.867,60,34,17,Pressure,124,22,Leicester City,From Kick Off,41,Sunderland,4746.0,Younes Kaboul,Left Center Back,14.4,8.1,,,4.749797,False,,,,,,,False,,,,,,,False,False,left_to_right,False,14.4,8.1,,,False,False,False,False
4d34b67b-7ad8-4d36-9836-e28b97836641,3754237,2085,2,00:15:35.433,60,35,42,Ball Receipt*,124,22,Leicester City,From Kick Off,22,Leicester City,10960.0,Jamie Vardy,Left Center Forward,106.3,72.7,,,,True,,,,,,,False,,,,,,,False,False,left_to_right,False,106.3,72.7,,,False,False,False,False
ceb1c299-1af4-4792-803a-70a7f935bcd1,3754237,2086,2,00:15:35.433,60,35,43,Carry,124,22,Leicester City,From Kick Off,22,Leicester City,10960.0,Jamie Vardy,Left Center Forward,106.3,72.7,102.2,76.4,4.114422,True,,,,,,,False,,,,,,,False,False,left_to_right,False,106.3,72.7,102.2,76.4,False,False,False,False
a50872dc-978a-4bf9-9863-cdd2a9fa8baf,3754237,2087,2,00:15:39.547,60,39,30,Pass,124,22,Leicester City,From Kick Off,22,Leicester City,10960.0,Jamie Vardy,Left Center Forward,102.2,76.4,86.3,69.9,1.291098,True,,,,,,,True,17.17731,-2.7535188,Ground Pass,,3665.0,Andrew Philip King,False,False,left_to_right,False,102.2,76.4,86.3,69.9,False,False,False,False
00aff22b-5abe-4dd3-a032-974c5c8424f3,3754237,2088,2,00:15:40.838,60,40,42,Ball Receipt*,124,22,Leicester City,From Kick Off,22,Leicester City,3665.0,Andrew Philip King,Right Center Midfield,86.3,69.9,,,,False,,,,,,,False,,,,,,,False,False,left_to_right,False,86.3,69.9,,,False,False,False,False
1706c490-6d0a-495a-8d61-7ba323e9ff8a,3754237,2089,2,00:15:40.838,60,40,43,Carry,124,22,Leicester City,From Kick Off,22,Leicester City,3665.0,Andrew Philip King,Right Center Midfield,86.3,69.9,84.6,68.8,0.054326,False,,,,,,,False,,,,,,,False,False,left_to_right,False,86.3,69.9,84.6,68.8,False,False,False,False
72db2f81-396a-4adc-b5a3-a3edc03619ce,3754237,2090,2,00:15:40.893,60,40,30,Pass,124,22,Leicester City,From Kick Off,22,Leicester City,3665.0,Andrew Philip King,Right Center Midfield,84.6,68.8,86.6,78.2,0.829421,False,,,,,,,True,9.610411,1.3611565,Ground Pass,,3814.0,Riyad Mahrez,False,False,left_to_right,False,84.6,68.8,86.6,78.2,False,False,False,False
0e0d5ad4-6ffa-4ac3-84c1-f8b97380459e,3754237,2091,2,00:15:41.722,60,41,42,Ball Receipt*,124,22,Leicester City,From Kick Off,22,Leicester City,3814.0,Riyad Mahrez,Left Midfield,86.6,78.2,,,,False,,,,,,,False,,,,,,,False,False,left_to_right,False,86.6,78.2,,,False,False,False,False
3f1821c9-6798-404c-9159-936c66c50004,3754237,2092,2,00:15:41.722,60,41,43,Carry,124,22,Leicester City,From Kick Off,22,Leicester City,3814.0,Riyad Mahrez,Left Midfield,86.6,78.2,86.9,77.9,1.583808,False,,,,,,,False,,,,,,,False,False,left_to_right,False,86.6,78.2,86.9,77.9,False,False,False,False
776140e0-1d07-460a-b06b-b7326fa58b21,3754237,2093,2,00:15:43.306,60,43,30,Pass,124,22,Leicester City,From Kick Off,22,Leicester City,3814.0,Riyad Mahrez,Left Midfield,86.9,77.9,79.3,72.9,1.095015,False,,,,,,,True,9.097252,-2.5596876,Ground Pass,,3665.0,Andrew Philip King,False,False,left_to_right,False,86.9,77.9,79.3,72.9,False,False,False,False
0142264c-fd02-4f7b-80d1-21a0c2a7f6d5,3754237,2094,2,00:15:44.401,60,44,42,Ball Receipt*,124,22,Leicester City,From Kick Off,22,Leicester City,3665.0,Andrew Philip King,Right Center Midfield,79.3,72.9,,,,False,,,,,,,False,,,,,,,False,False,left_to_right,False,79.3,72.9,,,False,False,False,False
5c8cacc4-770d-475e-8907-2ded10e2c329,3754237,2095,2,00:15:44.401,60,44,43,Carry,124,22,Leicester City,From Kick Off,22,Leicester City,3665.0,Andrew Philip King,Right Center Midfield,79.3,72.9,79.3,72.9,0.046853002,False,,,,,,,False,,,,,,,False,False,left_to_right,False,79.3,72.9,79.3,72.9,False,False,False,False
4c09a400-fd04-4181-898b-b01d22786c88,3754237,2096,2,00:15:44.448,60,44,30,Pass,124,22,Leicester City,From Kick Off,22,Leicester City,3665.0,Andrew Philip King,Right Center Midfield,79.3,72.9,78.4,66.7,0.815239,False,,,,,,,True,6.264982,-1.7149507,Ground Pass,,3662.0,Danny Drinkwater,False,False,left_to_right,False,79.3,72.9,78.4,66.7,False,False,False,False
e90a7b79-938a-4c2d-b05f-f95e70992531,3754237,2097,2,00:15:45.263,60,45,42,Ball Receipt*,124,22,Leicester City,From Kick Off,22,Leicester City,3662.0,Danny Drinkwater,Left Center Midfield,78.4,66.7,,,,False,,,,,,,False,,,,,,,False,False,left_to_right,False,78.4,66.7,,,False,False,False,False
19105e02-4522-4798-b42b-9289470f98cf,3754237,2098,2,00:15:45.263,60,45,30,Pass,124,22,Leicester City,From Kick Off,22,Leicester City,3662.0,Danny Drinkwater,Left Center Midfield,78.4,66.7,76.6,74.1,2.114606,False,,,,,,,True,7.615773,1.8094057,Ground Pass,,3665.0,Andrew Philip King,False,False,left_to_right,False,78.4,66.7,76.6,74.1,False,False,False,False
b7a6a849-7c39-4b79-b8ae-afcb30ae8563,3754237,2099,2,00:15:47.378,60,47,42,Ball Receipt*,124,22,Leicester City,From Kick Off,22,Leicester City,3665.0,Andrew Philip King,Right Center Midfield,76.6,74.1,,,,False,,,,,,,False,,,,,,,False,False,left_to_right,False,76.6,74.1,,,False,False,False,False
9fce6fe1-fe78-43af-b180-e2c192d5af2d,3754237,2100,2,00:15:47.378,60,47,43,Carry,124,22,Leicester City,From Kick Off,22,Leicester City,3665.0,Andrew Philip King,Right Center Midfield,76.6,74.1,69.0,76.8,0.08,False,,,,,,,False,,,,,,,False,False,left_to_right,False,76.6,74.1,69.0,76.8,False,False,False,False
f7b67aef-a968-4673-aeeb-957d33c64318,3754237,2101,2,00:15:47.458,60,47,30,Pass,124,22,Leicester City,From Kick Off,22,Leicester City,3665.0,Andrew Philip King,Right Center Midfield,69.0,76.8,108.6,67.4,3.17491,False,,,,,,,True,40.700367,-0.23306027,High Pass,,10960.0,Jamie Vardy,False,False,left_to_right,False,69.0,76.8,108.6,67.4,False,True,True,False
00687fd4-766d-4617-b0b6-c6554309cb55,3754237,2102,2,00:15:50.633,60,50,42,Ball Receipt*,124,22,Leicester City,From Kick Off,22,Leicester City,10960.0,Jamie Vardy,Left Center Forward,108.6,67.4,,,,False,,,,,,,False,,,,,,,False,False,left_to_right,False,108.6,67.4,,,False,False,False,False
1aa8b8b0-956c-40cc-94f3-8e5000b69adb,3754237,2103,2,00:15:50.633,60,50,43,Carry,124,22,Leicester City,From Kick Off,22,Leicester City,10960.0,Jamie Vardy,Left Center Forward,108.6,67.4,110.3,60.7,1.424129,True,,,,,,,False,,,,,,,False,False,left_to_right,False,108.6,67.4,110.3,60.7,False,False,False,False
fdc7e254-3dd6-412d-a8ec-54668a82c4cc,3754237,2104,2,00:15:51.350,60,51,17,Pressure,124,22,Leicester City,From Kick Off,41,Sunderland,4746.0,Younes Kaboul,Left Center Back,11.2,20.1,,,0.688408,False,,,,,,,False,,,,,,,False,False,left_to_right,False,11.2,20.1,,,False,False,False,False
cfa1387c-ffd6-4c4a-b47b-a7d897bcac28,3754237,2105,2,00:15:52.057,60,52,30,Pass,124,22,Leicester City,From Kick Off,22,Leicester City,10960.0,Jamie Vardy,Left Center Forward,110.3,60.7,112.1,0.3,4.70059,False,,,,,,Out,False,60.426815,-1.5410038,Low Pass,,,,False,False,left_to_right,False,110.3,60.7,112.1,0.3,False,False,False,True
011f0467-4811-4640-8a3c-bbf5a263addc,3754237,2106,2,00:16:04.358,61,4,30,Pass,125,41,Sunderland,From Throw In,41,Sunderland,10770.0,Adam Matthews,Right Back,8.0,80.0,28.3,50.0,2.323707,False,,,,,,,True,36.222782,-0.97590256,High Pass,Throw-in,18751.0,Jack Rodwell,False,False,left_to_right,False,8.0,80.0,28.3,50.0,False,False,False,False
7b7ef57f-fd13-48fd-924c-af969aea7065,3754237,2107,2,00:16:06.682,61,6,42,Ball Receipt*,125,41,Sunderland,From Throw In,41,Sunderland,18751.0,Jack Rodwell,Left Center Midfield,28.3,50.0,,,,False,,,,,,,False,,,,,,,False,False,left_to_right,False,28.3,50.0,,,False,False,False,False
49efb559-2606-430b-bf96-97d82c701aed,3754237,2108,2,00:16:06.682,61,6,43,Carry,125,41,Sunderland,From Throw In,41,Sunderland,18751.0,Jack Rodwell,Left Center Midfield,28.3,50.0,39.1,37.4,4.074529,True,,,,,,,False,,,,,,,False,False,left_to_right,False,28.3,50.0,39.1,37.4,False,False,False,False
8d789c8e-8abb-4335-b5dd-4cc9ac53ea52,3754237,2109,2,00:16:07.809,61,7,17,Pressure,125,41,Sunderland,From Throw In,22,Leicester City,3662.0,Danny Drinkwater,Left Center Midfield,84.6,34.6,,,1.666501,False,,,,,,,False,,,,,,,False,False,left_to_right,False,84.6,34.6,,,False,False,False,False
28091e9c-c419-4971-bd8b-f43406a7a09f,3754237,2110,2,00:16:10.353,61,10,17,Pressure,125,41,Sunderland,From Throw In,22,Leicester City,3662.0,Danny Drinkwater,Left Center Midfield,78.2,43.4,,,0.58807,False,,,,,,,False,,,,,,,False,False,left_to_right,False,78.2,43.4,,,False,False,False,False
1f114e1b-e38f-4b01-8e27-20fe85273cf7,3754237,2111,2,00:16:10.757,61,10,30,Pass,125,41,Sunderland,From Throw In,41,Sunderland,18751.0,Jack Rodwell,Left Center Midfield,39.1,37.4,26.2,52.6,1.515385,True,,,,,,,True,19.936148,2.2745261,Ground Pass,,6300.0,Sebastián Coates Nión,False,False,left_to_right,False,39.1,37.4,26.2,52.6,False,False,False,False
1ae51ed7-9b14-4383-b28e-c67899124385,3754237,2112,2,00:16:12.272,61,12,42,Ball Receipt*,125,41,Sunderland,From Throw In,41,Sunderland,6300.0,Sebastián Coates Nión,Right Center Back,26.2,52.6,,,,False,,,,,,,False,,,,,,,False,False,left_to_right,False,26.2,52.6,,,False,False,False,False
214386b9-14ad-4088-9aba-7d8484523584,3754237,2113,2,00:16:12.272,61,12,43,Carry,125,41,Sunderland,From Throw In,41,Sunderland,6300.0,Sebastián Coates Nión,Right Center Back,26.2,52.6,26.7,52.6,1.279628,False,,,,,,,False,,,,,,,False,False,left_to_right,False,26.2,52.6,26.7,52.6,False,False,False,False
24766b70-41b6-4e1d-8334-c2c288699e54,3754237,2114,2,00:16:13.552,61,13,30,Pass,125,41,Sunderland,From Throw In,41,Sunderland,6300.0,Sebastián Coates Nión,Right Center Back,26.7,52.6,48.8,72.0,1.630674,False,,,,,,,True,29.406973,0.7204295,Ground Pass,,10770.0,Adam Matthews,False,False,left_to_right,False,26.7,52.6,48.8,72.0,False,False,False,False
4e8bdc07-a592-4dda-b9b1-4d0736708fc7,3754237,2115,2,00:16:15.182,61,15,42,Ball Receipt*,125,41,Sunderland,From Throw In,41,Sunderland,10770.0,Adam Matthews,Right Back,48.8,72.0,,,,False,,,,,,,False,,,,,,,False,False,left_to_right,False,48.8,72.0,,,False,False,False,False
06ebc97a-d390-4f88-af8f-dac1ecf0d709,3754237,2116,2,00:16:15.182,61,15,43,Carry,125,41,Sunderland,From Throw In,41,Sunderland,10770.0,Adam Matthews,Right Back,48.8,72.0,55.5,69.0,1.500845,False,,,,,,,False,,,,,,,False,False,left_to_right,False,48.8,72.0,55.5,69.0,False,False,False,False
2d39b66b-22c3-41e4-b09c-251b65729db6,3754237,2117,2,00:16:16.683,61,16,30,Pass,125,41,Sunderland,From Throw In,41,Sunderland,10770.0,Adam Matthews,Right Back,55.5,69.0,66.3,61.6,1.048944,False,,,,,,,True,13.091982,-0.6007138,Ground Pass,,16457.0,Jeremain Lens,False,False,left_to_right,False,55.5,69.0,66.3,61.6,False,False,False,False
e363201b-2e68-437e-951f-b190000713ee,3754237,2118,2,00:16:17.732,61,17,42,Ball Receipt*,125,41,Sunderland,From Throw In,41,Sunderland,16457.0,Jeremain Lens,Left Midfield,66.3,61.6,,,,False,,,,,,,False,,,,,,,False,False,left_to_right,False,66.3,61.6,,,False,False,False,False
4a4db9f7-c209-4b0a-9c4b-30c0bc76e85e,3754237,2119,2,00:16:17.732,61,17,43,Carry,125,41,Sunderland,From Throw In,41,Sunderland,16457.0,Jeremain Lens,Left Midfield,66.3,61.6,68.1,64.3,0.712482,True,,,,,,,False,,,,,,,False,False,left_to_right,False,66.3,61.6,68.1,64.3,False,False,False,False
064dcb9d-a1c3-4021-947f-9f69fc582647,3754237,2120,2,00:16:17.893,61,17,17,Pressure,125,41,Sunderland,From Throw In,22,Leicester City,3662.0,Danny Drinkwater,Left Center Midfield,52.6,17.3,,,0.590121,False,,,,,,,False,,,,,,,False,False,left_to_right,False,52.6,17.3,,,False,False,False,False
4ed20ade-85c8-40cb-bba2-05380e839fe8,3754237,2121,2,00:16:18.445,61,18,38,Miscontrol,125,41,Sunderland,From Throw In,41,Sunderland,16457.0,Jeremain Lens,Left Midfield,68.1,64.3,,,0.0,True,,,,,,,False,,,,,,,False,False,left_to_right,False,68.1,64.3,,,False,False,False,True
bed50531-60b7-4433-a2a8-8bf99fcda4c2,3754237,2122,2,00:16:19.017,61,19,2,Ball Recovery,126,22,Leicester City,Regular Play,22,Leicester City,3662.0,Danny Drinkwater,Left Center Midfield,58.2,18.5,,,0.0,False,,,,,,,False,,,,,,,False,False,left_to_right,False,58.2,18.5,,,False,False,False,False
592b8363-3a04-40c4-b35e-3d1beef3bc54,3754237,2123,2,00:16:19.017,61,19,43,Carry,126,22,Leicester City,Regular Play,22,Leicester City,3662.0,Danny Drinkwater,Left Center Midfield,58.2,18.5,64.6,21.7,2.473541,False,,,,,,,False,,,,,,,False,False,left_to_right,False,58.2,18.5,64.6,21.7,False,False,False,False
24780c5a-5046-4ad0-86ff-f1e2de9bc13d,3754237,2124,2,00:16:21.491,61,21,30,Pass,126,22,Leicester City,Regular Play,22,Leicester City,3662.0,Danny Drinkwater,Left Center Midfield,64.6,21.7,87.2,55.9,2.107147,False,,,,,,,True,40.992683,0.98685324,High Pass,,10960.0,Jamie Vardy,True,False,left_to_right,False,64.6,21.7,87.2,55.9,False,True,True,False
116edd72-0bca-40eb-9d12-0987a34cfe43,3754237,2125,2,00:16:23.598,61,23,42,Ball Receipt*,126,22,Leicester City,Regular Play,22,Leicester City,10960.0,Jamie Vardy,Left Center Forward,87.2,55.9,,,,False,,,,,,,False,,,,,,,False,False,left_to_right,False,87.2,55.9,,,False,False,False,False
f8a7782d-e910-4da4-9430-dafb471f0865,3754237,2126,2,00:16:23.598,61,23,43,Carry,126,22,Leicester City,Regular Play,22,Leicester City,10960.0,Jamie Vardy,Left Center Forward,87.2,55.9,98.0,47.9,3.097133,False,,,,,,,False,,,,,,,False,False,left_to_right,False,87.2,55.9,98.0,47.9,True,False,False,False
fe41d2d4-5c6a-4baf-8d49-fd54a8732197,3754237,2127,2,00:16:26.695,61,26,16,Shot,126,22,Leicester City,Regular Play,22,Leicester City,10960.0,Jamie Vardy,Left Center Forward,98.0,47.9,120.0,36.9,0.789062,False,0.054481354,Off T,Left Foot,Normal,Open Play,,False,,,,,,,False,False,left_to_right,False,98.0,47.9,120.0,36.9,False,False,False,False
61415da4-4c33-4c1b-8f22-4a2ff4d313f4,3754237,2128,2,00:16:27.484,61,27,23,Goal Keeper,126,22,Leicester City,Regular Play,41,Sunderland,6871.0,Costel Fane Pantilimon,Goalkeeper,3.3,38.2,,,0.0,False,,,,,,,False,,,,,,,False,False,left_to_right,False,3.3,38.2,,,False,False,False,False
27400ff9-ac12-4073-bfd7-53738635cb71,3754237,2129,2,00:16:52.689,61,52,30,Pass,127,41,Sunderland,From Goal Kick,41,Sunderland,6871.0,Costel Fane Pantilimon,Goalkeeper,6.0,44.0,71.4,62.3,3.2492,False,,,,,,Incomplete,False,67.91208,0.27283856,High Pass,Goal Kick,,,False,False,left_to_right,False,6.0,44.0,71.4,62.3,False,True,False,True
0b41463c-3a14-4396-b905-175a0b7f325e,3754237,2130,2,00:16:55.938,61,55,4,Duel,127,41,Sunderland,From Goal Kick,41,Sunderland,9554.0,Steven Fletcher,Center Defensive Midfield,71.4,62.3,,,0.0,True,,,,,,,False,,,,,,,False,False,left_to_right,False,71.4,62.3,,,False,False,False,False
da34ab2b-4d7d-4529-b3d8-46ac1640c6ec,3754237,2131,2,00:16:55.938,61,55,30,Pass,127,41,Sunderland,From Goal Kick,22,Leicester City,3662.0,Danny Drinkwater,Left Center Midfield,48.7,17.8,69.3,19.6,2.160621,True,,,,,,,True,20.678492,0.08715727,High Pass,Recovery,3810.0,Shinji Okazaki,False,False,left_to_right,False,48.7,17.8,69.3,19.6,False,True,False,False
708ef8a3-9285-4f6f-a5cc-709669a2663f,3754237,2132,2,00:16:58.099,61,58,42,Ball Receipt*,127,41,Sunderland,From Goal Kick,22,Leicester City,3810.0,Shinji Okazaki,Right Center Forward,69.3,19.6,,,,False,,,,,,,False,,,,,,,False,False,left_to_right,False,69.3,19.6,,,False,False,False,False
c7b55635-4e15-4224-8cc7-a340e985347a,3754237,2133,2,00:16:58.099,61,58,43,Carry,127,41,Sunderland,From Goal Kick,22,Leicester City,3810.0,Shinji Okazaki,Right Center Forward,69.3,19.6,70.4,18.5,0.644758,True,,,,,,,False,,,,,,,False,False,left_to_right,False,69.3,19.6,70.4,18.5,False,False,False,False
5f9d1529-dc70-415d-9a55-be61b7b9d2f1,3754237,2134,2,00:16:58.208,61,58,17,Pressure,127,41,Sunderland,From Goal Kick,41,Sunderland,6300.0,Sebastián Coates Nión,Right Center Back,49.7,60.5,,,0.47661,False,,,,,,,False,,,,,,,False,False,left_to_right,False,49.7,60.5,,,False,False,False,False
82a2bdcb-85aa-41de-b388-005fa2efe9cc,3754237,2135,2,00:16:58.743,61,58,3,Dispossessed,127,41,Sunderland,From Goal Kick,22,Leicester City,3810.0,Shinji Okazaki,Right Center Forward,70.4,18.5,,,0.0,True,,,,,,,False,,,,,,,False,False,left_to_right,False,70.4,18.5,,,False,False,False,True
3791e8a5-1473-44ee-84cf-23a3964b6b0b,3754237,2136,2,00:16:58.743,61,58,4,Duel,127,41,Sunderland,From Goal Kick,41,Sunderland,6300.0,Sebastián Coates Nión,Right Center Back,49.7,61.6,,,0.0,True,,,,,,,False,,,,,,,False,False,left_to_right,False,49.7,61.6,,,False,False,False,False
cb9e5b0c-cadc-4e8e-abc6-71d200bd6e0b,3754237,2137,2,00:16:59.957,61,59,30,Pass,127,41,Sunderland,From Goal Kick,22,Leicester City,3307.0,Marc Albrighton,Right Midfield,62.6,12.8,80.7,32.1,3.010465,False,,,,,,Incomplete,False,26.459402,0.8174727,High Pass,Recovery,10960.0,Jamie Vardy,False,False,left_to_right,False,62.6,12.8,80.7,32.1,False,True,True,True
88de77ad-f7cb-4ca1-aa35-7574e26de344,3754237,2138,2,00:17:02.968,62,2,42,Ball Receipt*,127,41,Sunderland,From Goal Kick,22,Leicester City,10960.0,Jamie Vardy,Left Center Forward,76.4,41.8,,,,False,,,,,,,False,,,,,,,False,False,left_to_right,False,76.4,41.8,,,False,False,False,False
562dab78-1c21-46f7-8005-cfcb882d95eb,3754237,2139,2,00:17:02.968,62,2,30,Pass,127,41,Sunderland,From Goal Kick,41,Sunderland,4746.0,Younes Kaboul,Left Center Back,39.4,48.0,63.7,35.8,2.014782,False,,,,,,,True,27.190624,-0.46529233,Low Pass,Recovery,42902.0,Adam Johnson,False,False,left_to_right,False,39.4,48.0,63.7,35.8,False,True,False,False
8c6fb7da-e0f4-40f6-bf02-7ebc03c0458e,3754237,2140,2,00:17:04.982,62,4,42,Ball Receipt*,127,41,Sunderland,From Goal Kick,41,Sunderland,42902.0,Adam Johnson,Right Midfield,63.7,35.8,,,,False,,,,,,,False,,,,,,,False,False,left_to_right,False,63.7,35.8,,,False,False,False,False
06c1da56-1d67-48b9-8a61-beec5c459999,3754237,2141,2,00:17:04.982,62,4,43,Carry,127,41,Sunderland,From Goal Kick,41,Sunderland,42902.0,Adam Johnson,Right Midfield,63.7,35.8,64.5,37.9,0.199998,False,,,,,,,False,,,,,,,False,False,left_to_right,False,63.7,35.8,64.5,37.9,False,False,False,False
e15278ed-8d7f-48fa-88df-eb4ac284357b,3754237,2142,2,00:17:05.182,62,5,30,Pass,127,41,Sunderland,From Goal Kick,41,Sunderland,42902.0,Adam Johnson,Right Midfield,64.5,37.9,106.2,19.8,3.784204,False,,,,,,,True,45.45877,-0.40951335,High Pass,,3337.0,Jermain Defoe,True,False,left_to_right,False,64.5,37.9,106.2,19.8,False,True,True,False
dc3687fd-62f2-40b3-a8e3-d88c3b7cf04a,3754237,2143,2,00:17:08.967,62,8,42,Ball Receipt*,127,41,Sunderland,From Goal Kick,41,Sunderland,3337.0,Jermain Defoe,Center Forward,106.2,19.8,,,,False,,,,,,,False,,,,,,,False,False,left_to_right,False,106.2,19.8,,,False,False,False,False
2fc7dbf1-d44d-45c3-be58-c1d1460ec9f3,3754237,2144,2,00:17:08.967,62,8,43,Carry,127,41,Sunderland,From Goal Kick,41,Sunderland,3337.0,Jermain Defoe,Center Forward,106.2,19.8,103.8,30.4,2.57852,False,,,,,,,False,,,,,,,False,False,left_to_right,False,106.2,19.8,103.8,30.4,False,False,False,False
1ae78b39-5979-4cdb-963b-38ffae7bfed8,3754237,2145,2,00:17:11.545,62,11,16,Shot,127,41,Sunderland,From Goal Kick,41,Sunderland,3337.0,Jermain Defoe,Center Forward,103.8,30.4,116.7,36.7,0.678185,False,0.10086729,Saved,Right Foot,Normal,Open Play,,False,,,,,,,False,False,left_to_right,False,103.8,30.4,116.7,36.7,False,False,False,False
f562e72b-2043-4738-8d4c-9c08556880bb,3754237,2146,2,00:17:12.223,62,12,23,Goal Keeper,128,22,Leicester City,Regular Play,22,Leicester City,3815.0,Kasper Schmeichel,Goalkeeper,3.1,41.9,,,0.0,False,,,,,,,False,,,,,,,False,False,left_to_right,False,3.1,41.9,,,False,False,False,False
42ace18a-39eb-4e32-afce-fb3f3e5f335f,3754237,2147,2,00:17:27.709,62,27,30,Pass,129,22,Leicester City,From Keeper,22,Leicester City,3815.0,Kasper Schmeichel,Goalkeeper,6.3,44.8,84.6,47.8,3.635857,False,,,,,,Incomplete,False,78.35745,0.038295444,High Pass,,,,False,False,left_to_right,False,6.3,44.8,84.6,47.8,False,True,True,True
cdf82ee9-8194-490e-817c-bcbf6e3c06ca,3754237,2148,2,00:17:31.344,62,31,30,Pass,129,22,Leicester City,From Keeper,41,Sunderland,4746.0,Younes Kaboul,Left Center Back,35.5,32.3,59.9,59.3,2.229922,False,,,,,,Incomplete,False,36.391758,0.83593875,High Pass,Recovery,,,False,False,left_to_right,False,35.5,32.3,59.9,59.3,False,True,False,True
e9a077fe-4bbe-41d1-a803-412d91b4190d,3754237,2149,2,00:17:33.574,62,33,2,Ball Recovery,129,22,Leicester City,From Keeper,22,Leicester City,3307.0,Marc Albrighton,Right Midfield,60.2,20.8,,,0.0,False,,,,,,,False,,,,,,,False,False,left_to_right,False,60.2,20.8,,,False,False,False,False
bc890391-f9d2-4dd1-8704-09194218f8e5,3754237,2150,2,00:17:35.359,62,35,30,Pass,129,22,Leicester City,From Keeper,22,Leicester City,3307.0,Marc Albrighton,Right Midfield,57.0,37.8,44.1,45.9,0.973387,False,,,,,,,True,15.232203,2.5809057,Ground Pass,,40123.0,Robert Huth,False,False,left_to_right,False,57.0,37.8,44.1,45.9,False,False,False,False
9639eb79-7b0c-428a-bbd6-668c1f14538c,3754237,2151,2,00:17:36.333,62,36,42,Ball Receipt*,129,22,Leicester City,From Keeper,22,Leicester City,40123.0,Robert Huth,Right Center Back,44.1,45.9,,,,False,,,,,,,False,,,,,,,False,False,left_to_right,False,44.1,45.9,,,False,False,False,False
c657f391-3e7b-4d3f-a145-fa4f9af7b86f,3754237,2152,2,00:17:36.333,62,36,43,Carry,129,22,Leicester City,From Keeper,22,Leicester City,40123.0,Robert Huth,Right Center Back,44.1,45.9,37.4,43.6,1.649907,False,,,,,,,False,,,,,,,False,False,left_to_right,False,44.1,45.9,37.4,43.6,False,False,False,False
3603ca41-4680-41b3-87e4-24ceea407b4b,3754237,2153,2,00:17:37.982,62,37,30,Pass,129,22,Leicester City,From Keeper,22,Leicester City,40123.0,Robert Huth,Right Center Back,37.4,43.6,10.9,43.0,2.17665,False,,,,,,,True,26.506792,-3.118955,Ground Pass,,3815.0,Kasper Schmeichel,False,False,left_to_right,False,37.4,43.6,10.9,43.0,False,False,False,False
94214522-5e50-4e67-a4c4-6c2dabaae153,3754237,2154,2,00:17:40.159,62,40,42,Ball Receipt*,129,22,Leicester City,From Keeper,22,Leicester City,3815.0,Kasper Schmeichel,Goalkeeper,10.9,43.0,,,,False,,,,,,,False,,,,,,,False,False,left_to_right,False,10.9,43.0,,,False,False,False,False
16c29114-5331-46f5-a888-515721f283f3,3754237,2155,2,00:17:40.159,62,40,30,Pass,129,22,Leicester City,From Keeper,22,Leicester City,3815.0,Kasper Schmeichel,Goalkeeper,12.1,36.5,101.5,41.8,5.860989,False,,,,,,Incomplete,False,89.55697,0.059214808,High Pass,,10960.0,Jamie Vardy,False,False,left_to_right,False,12.1,36.5,101.5,41.8,False,True,True,True
04faf518-5679-4fd7-b18b-4b307264b3af,3754237,2156,2,00:17:44.959,62,44,17,Pressure,129,22,Leicester City,From Keeper,22,Leicester City,10960.0,Jamie Vardy,Left Center Forward,95.7,43.4,,,1.081322,False,,,,,,,False,,,,,,,False,False,left_to_right,False,95.7,43.4,,,False,False,False,False
ca6496f1-c3bf-41ab-bf2b-14b8057e1cc7,3754237,2157,2,00:17:46.020,62,46,42,Ball Receipt*,129,22,Leicester City,From Keeper,22,Leicester City,10960.0,Jamie Vardy,Left Center Forward,98.3,41.6,,,,False,,,,,,,False,,,,,,,False,False,left_to_right,False,98.3,41.6,,,False,False,False,False
98944ad8-027a-4d5e-9eb6-def951d2ed6e,3754237,2158,2,00:17:46.020,62,46,23,Goal Keeper,129,22,Leicester City,From Keeper,41,Sunderland,6871.0,Costel Fane Pantilimon,Goalkeeper,18.6,38.3,,,0.0,True,,,,,,,False,,,,,,,False,False,left_to_right,False,18.6,38.3,,,False,False,False,False
7024c32b-25f7-44bd-a07f-258a5e990109,3754237,2159,2,00:17:47.720,62,47,30,Pass,130,41,Sunderland,Regular Play,41,Sunderland,18751.0,Jack Rodwell,Left Center Midfield,41.2,30.0,49.0,6.0,2.933533,False,,,,,,,True,25.23569,-1.2565644,High Pass,Recovery,42902.0,Adam Johnson,False,False,left_to_right,False,41.2,30.0,49.0,6.0,False,False,False,False
ca6c7442-79d2-4031-ba6d-8ebbda11ec23,3754237,2160,2,00:17:50.653,62,50,42,Ball Receipt*,130,41,Sunderland,Regular Play,41,Sunderland,42902.0,Adam Johnson,Right Midfield,49.0,6.0,,,,False,,,,,,,False,,,,,,,False,False,left_to_right,False,49.0,6.0,,,False,False,False,False
41b16206-6960-4a24-a7df-f1677ab26d6f,3754237,2161,2,00:17:50.653,62,50,43,Carry,130,41,Sunderland,Regular Play,41,Sunderland,42902.0,Adam Johnson,Right Midfield,49.0,6.0,46.4,5.4,1.663675,False,,,,,,,False,,,,,,,False,False,left_to_right,False,49.0,6.0,46.4,5.4,False,False,False,False
6925dc86-b424-4fae-a7df-baf809f60bc2,3754237,2162,2,00:17:52.317,62,52,30,Pass,130,41,Sunderland,Regular Play,41,Sunderland,42902.0,Adam Johnson,Right Midfield,46.4,5.4,42.8,5.1,0.161638,False,,,,,,Incomplete,False,3.6124783,-3.0584514,Ground Pass,,3321.0,Patrick van Aanholt,False,False,left_to_right,False,46.4,5.4,42.8,5.1,False,False,False,True
025a1295-2d74-4e76-b40c-020decefdd8e,3754237,2163,2,00:17:52.478,62,52,42,Ball Receipt*,130,41,Sunderland,Regular Play,41,Sunderland,3321.0,Patrick van Aanholt,Left Back,35.0,6.3,,,,False,,,,,,,False,,,,,,,False,False,left_to_right,False,35.0,6.3,,,False,False,False,False
58bfc6d6-216e-4a23-a26e-91d12cb3d82b,3754237,2164,2,00:17:52.478,62,52,10,Interception,130,41,Sunderland,Regular Play,22,Leicester City,3814.0,Riyad Mahrez,Left Midfield,77.3,75.0,,,0.0,False,,,,,,,False,,,,,,,False,False,left_to_right,False,77.3,75.0,,,False,False,False,False
b39538e0-d93e-4f26-94d5-a92ff38902eb,3754237,2165,2,00:18:05.342,63,5,30,Pass,131,41,Sunderland,From Throw In,41,Sunderland,3321.0,Patrick van Aanholt,Left Back,53.7,0.1,35.0,11.6,2.173699,False,,,,,,,True,21.953133,2.5902362,Low Pass,Throw-in,4746.0,Younes Kaboul,False,False,left_to_right,False,53.7,0.1,35.0,11.6,False,False,False,False
12e5ce23-c2f0-4211-a598-93ddb8420717,3754237,2166,2,00:18:07.516,63,7,42,Ball Receipt*,131,41,Sunderland,From Throw In,41,Sunderland,4746.0,Younes Kaboul,Left Center Back,35.0,11.6,,,,False,,,,,,,False,,,,,,,False,False,left_to_right,False,35.0,11.6,,,False,False,False,False
c1f7c736-f156-4ce0-910f-e3ad6ca41737,3754237,2167,2,00:18:07.516,63,7,43,Carry,131,41,Sunderland,From Throw In,41,Sunderland,4746.0,Younes Kaboul,Left Center Back,35.0,11.6,35.0,12.1,1.002554,False,,,,,,,False,,,,,,,False,False,left_to_right,False,35.0,11.6,35.0,12.1,False,False,False,False
91a8f8b3-62d8-46e9-b06e-06b663d58d32,3754237,2168,2,00:18:08.518,63,8,30,Pass,131,41,Sunderland,From Throw In,41,Sunderland,4746.0,Younes Kaboul,Left Center Back,35.0,12.1,49.9,13.9,1.052167,False,,,,,,,True,15.008331,0.120222785,Ground Pass,,18751.0,Jack Rodwell,False,False,left_to_right,False,35.0,12.1,49.9,13.9,False,False,False,False
3c38ba4b-8dd9-4e3e-aece-7b5afee23855,3754237,2169,2,00:18:09.571,63,9,42,Ball Receipt*,131,41,Sunderland,From Throw In,41,Sunderland,18751.0,Jack Rodwell,Left Center Midfield,49.9,13.9,,,,False,,,,,,,False,,,,,,,False,False,left_to_right,False,49.9,13.9,,,False,False,False,False
2ea395f2-9181-4641-9c78-0e9c91775d7b,3754237,2170,2,00:18:09.571,63,9,43,Carry,131,41,Sunderland,From Throw In,41,Sunderland,18751.0,Jack Rodwell,Left Center Midfield,49.9,13.9,49.9,13.9,1.325778,False,,,,,,,False,,,,,,,False,False,left_to_right,False,49.9,13.9,49.9,13.9,False,False,False,False
6b9d880c-b7af-4abe-b355-702b4eb4e160,3754237,2171,2,00:18:10.896,63,10,30,Pass,131,41,Sunderland,From Throw In,41,Sunderland,18751.0,Jack Rodwell,Left Center Midfield,49.9,13.9,39.4,17.1,0.954957,False,,,,,,,True,10.976793,2.845773,Ground Pass,,4746.0,Younes Kaboul,False,False,left_to_right,False,49.9,13.9,39.4,17.1,False,False,False,False
f25b1881-8142-4b3e-9219-ca2f40ff6d9d,3754237,2172,2,00:18:11.851,63,11,42,Ball Receipt*,131,41,Sunderland,From Throw In,41,Sunderland,4746.0,Younes Kaboul,Left Center Back,39.4,17.1,,,,False,,,,,,,False,,,,,,,False,False,left_to_right,False,39.4,17.1,,,False,False,False,False
ed3c6acf-0c7b-4257-be1d-f432ea563ae8,3754237,2173,2,00:18:11.851,63,11,43,Carry,131,41,Sunderland,From Throw In,41,Sunderland,4746.0,Younes Kaboul,Left Center Back,39.4,17.1,42.8,21.0,2.914303,False,,,,,,,False,,,,,,,False,False,left_to_right,False,39.4,17.1,42.8,21.0,False,False,False,False
5c7bd4aa-55c3-4e9e-a341-e3dea29e6a00,3754237,2174,2,00:18:14.766,63,14,30,Pass,131,41,Sunderland,From Throw In,41,Sunderland,4746.0,Younes Kaboul,Left Center Back,42.8,21.0,91.0,60.9,3.145635,False,,,,,,,True,62.57196,0.6914643,High Pass,,16457.0,Jeremain Lens,False,False,left_to_right,False,42.8,21.0,91.0,60.9,False,True,True,False
0cf8e075-6436-419f-a27b-9094b49e79f4,3754237,2175,2,00:18:17.911,63,17,42,Ball Receipt*,131,41,Sunderland,From Throw In,41,Sunderland,16457.0,Jeremain Lens,Left Midfield,91.0,60.9,,,,False,,,,,,,False,,,,,,,False,False,left_to_right,False,91.0,60.9,,,False,False,False,False
036f9ad4-8a47-4948-9e1f-b851060a5125,3754237,2176,2,00:18:17.911,63,17,43,Carry,131,41,Sunderland,From Throw In,41,Sunderland,16457.0,Jeremain Lens,Left Midfield,91.0,60.9,89.4,71.1,4.572955,True,,,,,,,False,,,,,,,False,False,left_to_right,False,91.0,60.9,89.4,71.1,False,False,False,False
2dd52024-c2cc-4c77-86c8-6cc86933780d,3754237,2177,2,00:18:18.249,63,18,17,Pressure,131,41,Sunderland,From Throw In,22,Leicester City,3520.0,Jeffrey Schlupp,Left Back,23.8,17.3,,,3.522775,False,,,,,,,False,,,,,,,False,False,left_to_right,False,23.8,17.3,,,False,False,False,False
71c12db1-2d0d-49ac-852e-b101eab4894f,3754237,2178,2,00:18:22.426,63,22,2,Ball Recovery,132,22,Leicester City,Regular Play,22,Leicester City,3307.0,Marc Albrighton,Right Midfield,32.4,11.4,,,0.0,False,,,,,,,False,,,,,,,False,False,left_to_right,False,32.4,11.4,,,False,False,False,False
e4ac1daf-b64e-441e-96e2-a1a74f63a21e,3754237,2179,2,00:18:22.426,63,22,43,Carry,132,22,Leicester City,Regular Play,22,Leicester City,3307.0,Marc Albrighton,Right Midfield,32.4,11.4,28.0,7.0,2.853073,False,,,,,,,False,,,,,,,False,False,left_to_right,False,32.4,11.4,28.0,7.0,False,False,False,False
88ac23e8-018a-4a7b-a43c-8e57941787e6,3754237,2180,2,00:18:22.484,63,22,38,Miscontrol,132,22,Leicester City,Regular Play,41,Sunderland,16457.0,Jeremain Lens,Left Midfield,89.4,71.1,,,0.0,False,,,,,,,False,,,,,,,False,False,left_to_right,False,89.4,71.1,,,False,False,False,True
698d02d1-2b0e-4013-b569-bf07ae05a887,3754237,2181,2,00:18:25.279,63,25,30,Pass,132,22,Leicester City,Regular Play,22,Leicester City,3307.0,Marc Albrighton,Right Midfield,28.0,7.0,64.6,8.4,2.581795,False,,,,,,Incomplete,False,36.626766,0.038232725,High Pass,,10960.0,Jamie Vardy,False,False,left_to_right,False,28.0,7.0,64.6,8.4,False,True,False,True
cb9b0443-f7f8-4d4d-bc46-2ab44bbaad90,3754237,2182,2,00:18:27.861,63,27,42,Ball Receipt*,132,22,Leicester City,Regular Play,22,Leicester City,10960.0,Jamie Vardy,Left Center Forward,64.6,8.4,,,,False,,,,,,,False,,,,,,,False,False,left_to_right,False,64.6,8.4,,,False,False,False,False
8e5b8afa-80cb-4357-8281-a896f0ef605e,3754237,2183,2,00:18:27.861,63,27,2,Ball Recovery,132,22,Leicester City,Regular Play,41,Sunderland,6300.0,Sebastián Coates Nión,Right Center Back,55.5,71.7,,,0.0,False,,,,,,,False,,,,,,,False,False,left_to_right,False,55.5,71.7,,,False,False,False,False
4211abb2-3a02-46a2-b0f3-f55b0efc67a5,3754237,2184,2,00:18:55.738,63,55,30,Pass,133,22,Leicester City,From Throw In,22,Leicester City,3520.0,Jeffrey Schlupp,Left Back,69.3,0.1,77.8,9.0,0.887444,False,,,,,,,True,12.306909,0.80838263,Low Pass,Throw-in,3810.0,Shinji Okazaki,False,False,left_to_right,False,69.3,0.1,77.8,9.0,False,False,False,False
a5815f79-39f9-44fb-8ee7-c7d8fb590572,3754237,2185,2,00:18:56.392,63,56,17,Pressure,133,22,Leicester City,From Throw In,41,Sunderland,16457.0,Jeremain Lens,Left Midfield,42.3,72.0,,,1.09575,False,,,,,,,False,,,,,,,False,False,left_to_right,False,42.3,72.0,,,False,False,False,False
2b2407cc-6916-4f99-a314-027f5cc15869,3754237,2186,2,00:18:56.626,63,56,42,Ball Receipt*,133,22,Leicester City,From Throw In,22,Leicester City,3810.0,Shinji Okazaki,Right Center Forward,77.8,9.0,,,,True,,,,,,,False,,,,,,,False,False,left_to_right,False,77.8,9.0,,,False,False,False,False
2e3d21e6-9490-4c00-a891-86022e185b17,3754237,2187,2,00:18:56.626,63,56,30,Pass,133,22,Leicester City,From Throw In,22,Leicester City,3810.0,Shinji Okazaki,Right Center Forward,75.7,10.2,70.4,7.0,0.922657,True,,,,,,,True,6.1911225,-2.598403,Low Pass,,3520.0,Jeffrey Schlupp,False,False,left_to_right,False,75.7,10.2,70.4,7.0,False,False,False,False
f45bef58-d3ef-47bb-b55a-0c5637e57738,3754237,2188,2,00:18:57.548,63,57,42,Ball Receipt*,133,22,Leicester City,From Throw In,22,Leicester City,3520.0,Jeffrey Schlupp,Left Back,70.4,7.0,,,,False,,,,,,,False,,,,,,,False,False,left_to_right,False,70.4,7.0,,,False,False,False,False
b8386b58-47a8-43b8-8c85-eb4add3895a9,3754237,2189,2,00:18:57.548,63,57,43,Carry,133,22,Leicester City,From Throw In,22,Leicester City,3520.0,Jeffrey Schlupp,Left Back,70.4,7.0,70.4,7.0,0.063586,False,,,,,,,False,,,,,,,False,False,left_to_right,False,70.4,7.0,70.4,7.0,False,False,False,False
1368c7c8-52d9-48d9-b8a0-66c7d380a3c2,3754237,2190,2,00:18:57.612,63,57,30,Pass,133,22,Leicester City,From Throw In,22,Leicester City,3520.0,Jeffrey Schlupp,Left Back,70.4,7.0,109.5,23.8,4.252749,False,,,,,,Incomplete,False,42.556435,0.40581742,High Pass,,,,False,False,left_to_right,False,70.4,7.0,109.5,23.8,False,True,True,True
53ca4348-a109-4a88-89a8-822a8a0906b3,3754237,2191,2,00:19:01.865,64,1,2,Ball Recovery,134,41,Sunderland,Regular Play,41,Sunderland,6871.0,Costel Fane Pantilimon,Goalkeeper,10.6,56.3,,,0.0,False,,,,,,,False,,,,,,,False,False,left_to_right,False,10.6,56.3,,,False,False,False,False
5e8c352c-6444-4570-9067-fae339e4cd06,3754237,2192,2,00:19:03.187,64,3,30,Pass,134,41,Sunderland,Regular Play,41,Sunderland,6871.0,Costel Fane Pantilimon,Goalkeeper,12.4,55.2,27.1,43.8,1.676575,False,,,,,,,True,18.602419,-0.65962875,Ground Pass,,4746.0,Younes Kaboul,False,False,left_to_right,False,12.4,55.2,27.1,43.8,False,False,False,False
093f5941-63da-4930-888d-35bef0768172,3754237,2193,2,00:19:04.863,64,4,42,Ball Receipt*,134,41,Sunderland,Regular Play,41,Sunderland,4746.0,Younes Kaboul,Left Center Back,27.1,43.8,,,,False,,,,,,,False,,,,,,,False,False,left_to_right,False,27.1,43.8,,,False,False,False,False
e6de4df4-44ee-4159-9f7f-9683f405ea55,3754237,2194,2,00:19:08.051,64,8,30,Pass,134,41,Sunderland,Regular Play,41,Sunderland,4746.0,Younes Kaboul,Left Center Back,31.7,34.2,48.1,27.7,0.981961,False,,,,,,,True,17.641146,-0.37734848,Ground Pass,,42902.0,Adam Johnson,False,False,left_to_right,False,31.7,34.2,48.1,27.7,False,False,False,False
45c23d8c-be5c-475e-bb2d-c0b7ee51ce14,3754237,2195,2,00:19:09.033,64,9,42,Ball Receipt*,134,41,Sunderland,Regular Play,41,Sunderland,42902.0,Adam Johnson,Right Midfield,48.1,27.7,,,,False,,,,,,,False,,,,,,,False,False,left_to_right,False,48.1,27.7,,,False,False,False,False
22edddc8-cb95-482f-884c-f785f3802bcb,3754237,2196,2,00:19:09.033,64,9,43,Carry,134,41,Sunderland,Regular Play,41,Sunderland,42902.0,Adam Johnson,Right Midfield,48.1,27.7,51.1,28.2,1.274957,False,,,,,,,False,,,,,,,False,False,left_to_right,False,48.1,27.7,51.1,28.2,False,False,False,False
35af8bed-4a40-4102-a3b6-937aef65e33f,3754237,2197,2,00:19:10.308,64,10,30,Pass,134,41,Sunderland,Regular Play,41,Sunderland,42902.0,Adam Johnson,Right Midfield,51.1,28.2,89.2,27.1,2.222006,False,,,,,,,True,38.115875,-0.028863372,High Pass,,9554.0,Steven Fletcher,False,False,left_to_right,False,51.1,28.2,89.2,27.1,False,True,True,False
6b65f469-00a7-49b8-bc70-c65f5fe69ae2,3754237,2198,2,00:19:12.530,64,12,42,Ball Receipt*,134,41,Sunderland,Regular Play,41,Sunderland,9554.0,Steven Fletcher,Center Defensive Midfield,89.2,27.1,,,,False,,,,,,,False,,,,,,,False,False,left_to_right,False,89.2,27.1,,,False,False,False,False
6fd39625-e3b7-40e2-bbb0-e0bc01edab5c,3754237,2199,2,00:19:12.530,64,12,43,Carry,134,41,Sunderland,Regular Play,41,Sunderland,9554.0,Steven Fletcher,Center Defensive Midfield,89.2,27.1,93.5,27.1,0.325891,True,,,,,,,False,,,,,,,False,False,left_to_right,False,89.2,27.1,93.5,27.1,False,False,False,False
89fd8198-e413-4ccf-9f9d-343fead23856,3754237,2200,2,00:19:12.554,64,12,17,Pressure,134,41,Sunderland,Regular Play,22,Leicester City,3813.0,Wes Morgan,Left Center Back,28.2,51.5,,,1.09197,False,,,,,,,False,,,,,,,False,False,left_to_right,False,28.2,51.5,,,False,False,False,False
c4f9bfc8-305c-4ca0-b41c-ce656c3d6521,3754237,2201,2,00:19:12.856,64,12,38,Miscontrol,134,41,Sunderland,Regular Play,41,Sunderland,9554.0,Steven Fletcher,Center Defensive Midfield,93.5,27.1,,,0.0,True,,,,,,,False,,,,,,,False,False,left_to_right,False,93.5,27.1,,,False,False,False,True
5152d3e2-dd44-410f-b5f3-4b7ec4e05d65,3754237,2202,2,00:19:15.929,64,15,2,Ball Recovery,134,41,Sunderland,Regular Play,22,Leicester City,3815.0,Kasper Schmeichel,Goalkeeper,8.1,41.8,,,0.0,False,,,,,,,False,,,,,,,False,False,left_to_right,False,8.1,41.8,,,False,False,False,False
6c690242-5c0a-49ee-8849-ae431dd63a62,3754237,2203,2,00:19:30.995,64,30,30,Pass,134,41,Sunderland,Regular Play,22,Leicester City,3815.0,Kasper Schmeichel,Goalkeeper,8.6,39.2,76.4,50.3,7.767006,False,,,,,,Incomplete,False,68.70262,0.16227719,High Pass,,,,False,False,left_to_right,False,8.6,39.2,76.4,50.3,False,True,False,True
b7d4cd0d-2c40-40dd-b36d-b2a9b598af14,3754237,2204,2,00:19:38.762,64,38,30,Pass,134,41,Sunderland,Regular Play,41,Sunderland,18751.0,Jack Rodwell,Left Center Midfield,43.7,29.8,59.6,17.4,0.547592,False,,,,,,,True,20.163582,-0.6623481,Ground Pass,Recovery,3337.0,Jermain Defoe,False,False,left_to_right,False,43.7,29.8,59.6,17.4,False,False,False,False
ebf0ecdc-51ec-45f8-8a5a-d8f22e8b5030,3754237,2205,2,00:19:39.310,64,39,42,Ball Receipt*,134,41,Sunderland,Regular Play,41,Sunderland,3337.0,Jermain Defoe,Center Forward,59.6,17.4,,,,False,,,,,,,False,,,,,,,False,False,left_to_right,False,59.6,17.4,,,False,False,False,False
211810ab-e6bc-43dc-b2b0-7ef631da58ce,3754237,2206,2,00:19:39.310,64,39,43,Carry,134,41,Sunderland,Regular Play,41,Sunderland,3337.0,Jermain Defoe,Center Forward,59.6,17.4,59.6,17.8,0.12,False,,,,,,,False,,,,,,,False,False,left_to_right,False,59.6,17.4,59.6,17.8,False,False,False,False
33d768c1-2c05-4d59-965c-4044aa2a3414,3754237,2207,2,00:19:39.430,64,39,30,Pass,134,41,Sunderland,Regular Play,41,Sunderland,3337.0,Jermain Defoe,Center Forward,59.6,17.8,50.8,21.0,0.962683,False,,,,,,Incomplete,False,9.36376,2.7928216,Low Pass,,,,False,False,left_to_right,False,59.6,17.8,50.8,21.0,False,False,False,True
9fcfc618-701d-4706-b760-99e64f578f34,3754237,2208,2,00:19:40.393,64,40,10,Interception,135,22,Leicester City,Regular Play,22,Leicester City,3814.0,Riyad Mahrez,Left Midfield,69.3,59.1,,,0.0,False,,,,,,,False,,,,,,,False,False,left_to_right,False,69.3,59.1,,,False,False,False,False
05e69dd3-9546-4096-bb8c-c420e73eab00,3754237,2209,2,00:19:40.393,64,40,43,Carry,135,22,Leicester City,Regular Play,22,Leicester City,3814.0,Riyad Mahrez,Left Midfield,69.3,59.1,66.0,61.6,1.267657,True,,,,,,,False,,,,,,,False,False,left_to_right,False,69.3,59.1,66.0,61.6,False,False,False,False
ed30f7d1-e7d6-4689-a875-c4b631da5a01,3754237,2210,2,00:19:40.396,64,40,17,Pressure,135,22,Leicester City,Regular Play,41,Sunderland,3321.0,Patrick van Aanholt,Left Back,50.4,21.0,,,0.887324,False,,,,,,,False,,,,,,,False,False,left_to_right,False,50.4,21.0,,,False,False,False,False
cc8b632c-b333-4850-8723-f89c92f15f15,3754237,2211,2,00:19:41.660,64,41,22,Foul Committed,135,22,Leicester City,Regular Play,41,Sunderland,3321.0,Patrick van Aanholt,Left Back,54.1,18.5,,,0.0,False,,,,,,,False,,,,,,,False,False,left_to_right,False,54.1,18.5,,,False,False,False,False
0379615e-a60c-41a7-8ea5-a50df2a155c9,3754237,2212,2,00:19:41.660,64,41,21,Foul Won,135,22,Leicester City,Regular Play,22,Leicester City,3814.0,Riyad Mahrez,Left Midfield,66.0,61.6,,,0.0,True,,,,,,,False,,,,,,,False,False,left_to_right,False,66.0,61.6,,,False,False,False,False
d6a17928-8455-4bda-8a8c-9ee6e15be53c,3754237,2213,2,00:20:10.609,65,10,30,Pass,136,22,Leicester City,From Free Kick,22,Leicester City,3662.0,Danny Drinkwater,Left Center Midfield,65.8,65.0,110.3,68.8,3.477845,False,,,,,,,True,44.661953,0.0851866,High Pass,Free Kick,10960.0,Jamie Vardy,False,False,left_to_right,False,65.8,65.0,110.3,68.8,False,True,True,False
466f1763-a574-4238-8188-9ef225f00bdb,3754237,2214,2,00:20:13.942,65,13,17,Pressure,136,22,Leicester City,From Free Kick,41,Sunderland,18751.0,Jack Rodwell,Left Center Midfield,6.6,12.1,,,1.856931,False,,,,,,,False,,,,,,,False,False,left_to_right,False,6.6,12.1,,,False,False,False,False
8dbd93e2-45bf-4ec4-89f6-2da31680d958,3754237,2215,2,00:20:14.086,65,14,42,Ball Receipt*,136,22,Leicester City,From Free Kick,22,Leicester City,10960.0,Jamie Vardy,Left Center Forward,110.3,68.8,,,,True,,,,,,,False,,,,,,,False,False,left_to_right,False,110.3,68.8,,,False,False,False,False
53838814-419f-4646-9ec1-bb980c2dce04,3754237,2216,2,00:20:14.086,65,14,43,Carry,136,22,Leicester City,From Free Kick,22,Leicester City,10960.0,Jamie Vardy,Left Center Forward,110.3,68.8,115.6,68.5,1.622861,True,,,,,,,False,,,,,,,False,False,left_to_right,False,110.3,68.8,115.6,68.5,False,False,False,False
b0092f9f-f9e2-46a8-a0f9-0258b5dd35d8,3754237,2217,2,00:20:15.709,65,15,30,Pass,136,22,Leicester City,From Free Kick,22,Leicester City,10960.0,Jamie Vardy,Left Center Forward,115.6,68.5,112.1,34.6,2.970618,True,,,,,,Incomplete,False,34.0802,-1.6736766,Low Pass,,,,False,False,left_to_right,False,115.6,68.5,112.1,34.6,False,True,False,True
f3d3e5eb-f3a8-4173-9af6-60e15555bcaa,3754237,2218,2,00:20:16.780,65,16,17,Pressure,136,22,Leicester City,From Free Kick,22,Leicester City,3810.0,Shinji Okazaki,Right Center Forward,110.0,45.9,,,0.496845,False,,,,,,,False,,,,,,,False,False,left_to_right,False,110.0,45.9,,,False,False,False,False
d124c930-5213-423c-a81e-e9421f1d199f,3754237,2219,2,00:20:17.898,65,17,17,Pressure,136,22,Leicester City,From Free Kick,22,Leicester City,3307.0,Marc Albrighton,Right Midfield,110.0,37.4,,,0.714157,False,,,,,,,False,,,,,,,False,False,left_to_right,False,110.0,37.4,,,False,False,False,False
b4b887b3-41bd-415b-b326-62f5541d4f30,3754237,2220,2,00:20:18.680,65,18,9,Clearance,136,22,Leicester City,From Free Kick,41,Sunderland,10770.0,Adam Matthews,Right Back,8.0,45.5,,,0.0,True,,,,,,,False,,,,,,,False,False,left_to_right,False,8.0,45.5,,,False,False,False,False
70166541-f139-4166-90b7-fae7b096e55c,3754237,2221,2,00:20:19.946,65,19,30,Pass,136,22,Leicester City,From Free Kick,41,Sunderland,4746.0,Younes Kaboul,Left Center Back,9.2,33.5,32.4,57.9,2.177728,False,,,,,,Incomplete,False,33.668976,0.8106029,Ground Pass,Recovery,16457.0,Jeremain Lens,False,False,left_to_right,False,9.2,33.5,32.4,57.9,False,False,False,True
51004e5a-b0c6-40d1-88fb-541a487bbca7,3754237,2222,2,00:20:22.123,65,22,42,Ball Receipt*,136,22,Leicester City,From Free Kick,41,Sunderland,16457.0,Jeremain Lens,Left Midfield,30.3,52.0,,,,False,,,,,,,False,,,,,,,False,False,left_to_right,False,30.3,52.0,,,False,False,False,False
3dab2e67-5cd0-4838-83d2-239a42fa5c06,3754237,2223,2,00:20:22.123,65,22,2,Ball Recovery,136,22,Leicester City,From Free Kick,22,Leicester City,3520.0,Jeffrey Schlupp,Left Back,87.7,22.2,,,0.0,False,,,,,,,False,,,,,,,False,False,left_to_right,False,87.7,22.2,,,False,False,False,False
6d29d25c-3f28-477b-a3a9-4a7a6ab814a2,3754237,2224,2,00:20:22.123,65,22,43,Carry,136,22,Leicester City,From Free Kick,22,Leicester City,3520.0,Jeffrey Schlupp,Left Back,87.7,22.2,97.8,22.2,1.268505,True,,,,,,,False,,,,,,,False,False,left_to_right,False,87.7,22.2,97.8,22.2,False,False,False,False
5e851b02-7d3b-4f93-8a58-3604a50f8948,3754237,2225,2,00:20:22.647,65,22,17,Pressure,136,22,Leicester City,From Free Kick,41,Sunderland,16457.0,Jeremain Lens,Left Midfield,28.5,58.8,,,0.758282,False,,,,,,,False,,,,,,,False,False,left_to_right,False,28.5,58.8,,,False,False,False,False
bd4bb39b-753a-4284-b06d-f351f44c10d8,3754237,2226,2,00:20:23.392,65,23,30,Pass,136,22,Leicester City,From Free Kick,22,Leicester City,3520.0,Jeffrey Schlupp,Left Back,97.8,22.2,107.1,37.4,0.641015,True,,,,,,Incomplete,False,17.819372,1.0217149,Ground Pass,,,,False,False,left_to_right,False,97.8,22.2,107.1,37.4,False,True,False,True
fd5b3e45-f04b-4c45-8c2f-3e15bb81c242,3754237,2227,2,00:20:24.033,65,24,2,Ball Recovery,136,22,Leicester City,From Free Kick,41,Sunderland,4746.0,Younes Kaboul,Left Center Back,13.0,42.7,,,0.0,False,,,,,,,False,,,,,,,False,False,left_to_right,False,13.0,42.7,,,False,False,False,False
24565bc0-fa89-4f97-920a-69f4bb8ad05a,3754237,2228,2,00:20:24.433,65,24,37,Error,136,22,Leicester City,From Free Kick,41,Sunderland,4746.0,Younes Kaboul,Left Center Back,12.4,42.9,,,0.0,False,,,,,,,False,,,,,,,False,False,left_to_right,False,12.4,42.9,,,False,False,False,True
dc36c79b-3b00-4e89-90c3-347ce8e6d319,3754237,2229,2,00:20:24.552,65,24,2,Ball Recovery,136,22,Leicester City,From Free Kick,22,Leicester City,3307.0,Marc Albrighton,Right Midfield,108.6,44.3,,,0.0,False,,,,,,,False,,,,,,,False,False,left_to_right,False,108.6,44.3,,,False,False,False,False
ace59274-cbe9-44f1-b293-670bd7542433,3754237,2230,2,00:20:24.552,65,24,43,Carry,136,22,Leicester City,From Free Kick,22,Leicester City,3307.0,Marc Albrighton,Right Midfield,108.6,44.3,103.2,33.8,1.069146,False,,,,,,,False,,,,,,,False,False,left_to_right,False,108.6,44.3,103.2,33.8,False,False,False,False
c65aaa21-ab26-4414-87b0-36a347a0862d,3754237,2231,2,00:20:25.622,65,25,16,Shot,136,22,Leicester City,From Free Kick,22,Leicester City,3307.0,Marc Albrighton,Right Midfield,103.2,33.8,120.0,37.8,0.713308,False,0.05817597,Goal,Right Foot,Normal,Open Play,,False,,,,,,,False,False,left_to_right,False,103.2,33.8,120.0,37.8,False,False,False,False
4e90fb90-762b-4751-aff9-b0feacb175e7,3754237,2232,2,00:20:26.335,65,26,23,Goal Keeper,136,22,Leicester City,From Free Kick,41,Sunderland,6871.0,Costel Fane Pantilimon,Goalkeeper,2.0,41.6,,,0.0,False,,,,,,,False,,,,,,,False,False,left_to_right,False,2.0,41.6,,,False,False,False,False
01d3b888-c1ad-4ac8-8b9a-53c7e4d94bf4,3754237,2233,2,00:21:25.905,66,25,30,Pass,137,41,Sunderland,From Kick Off,41,Sunderland,3337.0,Jermain Defoe,Center Forward,60.0,40.0,54.3,39.1,0.818902,False,,,,,,,True,5.770615,-2.9849908,Ground Pass,Kick Off,5617.0,Sebastian Larsson,False,False,left_to_right,False,60.0,40.0,54.3,39.1,False,False,False,False
16cc90c1-63d3-4132-b889-3c33cb665776,3754237,2234,2,00:21:26.724,66,26,42,Ball Receipt*,137,41,Sunderland,From Kick Off,41,Sunderland,5617.0,Sebastian Larsson,Right Center Midfield,54.3,39.1,,,,False,,,,,,,False,,,,,,,False,False,left_to_right,False,54.3,39.1,,,False,False,False,False
a5161cec-dc79-4ba7-bb7f-5db33f667c19,3754237,2235,2,00:21:27.156,66,27,30,Pass,137,41,Sunderland,From Kick Off,41,Sunderland,5617.0,Sebastian Larsson,Right Center Midfield,55.5,39.7,42.3,45.0,1.270949,False,,,,,,,True,14.224275,2.759781,Ground Pass,,6300.0,Sebastián Coates Nión,False,False,left_to_right,False,55.5,39.7,42.3,45.0,False,False,False,False
85375fec-dd98-401e-a1c2-2d13698002ae,3754237,2236,2,00:21:28.427,66,28,42,Ball Receipt*,137,41,Sunderland,From Kick Off,41,Sunderland,6300.0,Sebastián Coates Nión,Right Center Back,42.3,45.0,,,,False,,,,,,,False,,,,,,,False,False,left_to_right,False,42.3,45.0,,,False,False,False,False
74a3a446-a41b-4183-94ef-83cb6a888bb8,3754237,2237,2,00:21:28.427,66,28,43,Carry,137,41,Sunderland,From Kick Off,41,Sunderland,6300.0,Sebastián Coates Nión,Right Center Back,42.3,45.0,41.9,45.5,0.975523,False,,,,,,,False,,,,,,,False,False,left_to_right,False,42.3,45.0,41.9,45.5,False,False,False,False
7bc87dd9-26e8-4dff-99aa-756fec82028a,3754237,2238,2,00:21:29.403,66,29,30,Pass,137,41,Sunderland,From Kick Off,41,Sunderland,6300.0,Sebastián Coates Nión,Right Center Back,41.9,45.5,50.4,71.3,1.343708,False,,,,,,,True,27.164131,1.2525382,Ground Pass,,10770.0,Adam Matthews,False,False,left_to_right,False,41.9,45.5,50.4,71.3,False,False,False,False
1307b10b-7a1c-458e-8691-d6117f7288e5,3754237,2239,2,00:21:30.746,66,30,42,Ball Receipt*,137,41,Sunderland,From Kick Off,41,Sunderland,10770.0,Adam Matthews,Right Back,50.4,71.3,,,,False,,,,,,,False,,,,,,,False,False,left_to_right,False,50.4,71.3,,,False,False,False,False
6dace559-c2bf-496f-a8b7-6c36b2d96547,3754237,2240,2,00:21:30.746,66,30,43,Carry,137,41,Sunderland,From Kick Off,41,Sunderland,10770.0,Adam Matthews,Right Back,50.4,71.3,50.8,61.4,4.161734,False,,,,,,,False,,,,,,,False,False,left_to_right,False,50.4,71.3,50.8,61.4,False,False,False,False
23e459f7-57b0-406f-9ca4-fcc367266b2e,3754237,2241,2,00:21:34.908,66,34,30,Pass,137,41,Sunderland,From Kick Off,41,Sunderland,10770.0,Adam Matthews,Right Back,50.8,61.4,37.3,26.8,1.637687,False,,,,,,,True,37.140408,-1.9428029,Ground Pass,,4746.0,Younes Kaboul,False,False,left_to_right,False,50.8,61.4,37.3,26.8,False,False,False,False
5217f986-7112-4501-9589-5944f96e4ee6,3754237,2242,2,00:21:36.546,66,36,42,Ball Receipt*,137,41,Sunderland,From Kick Off,41,Sunderland,4746.0,Younes Kaboul,Left Center Back,37.3,26.8,,,,False,,,,,,,False,,,,,,,False,False,left_to_right,False,37.3,26.8,,,False,False,False,False
f4e1137f-36c8-49ad-8794-d9a70a61b922,3754237,2243,2,00:21:36.546,66,36,43,Carry,137,41,Sunderland,From Kick Off,41,Sunderland,4746.0,Younes Kaboul,Left Center Back,37.3,26.8,42.8,31.8,1.659602,False,,,,,,,False,,,,,,,False,False,left_to_right,False,37.3,26.8,42.8,31.8,False,False,False,False
0b38686b-e4a2-4673-a5ee-eb72d89b1495,3754237,2244,2,00:21:38.205,66,38,30,Pass,137,41,Sunderland,From Kick Off,41,Sunderland,4746.0,Younes Kaboul,Left Center Back,42.8,31.8,71.9,35.6,1.887035,False,,,,,,Incomplete,False,29.347061,0.12984945,High Pass,,,,False,False,left_to_right,False,42.8,31.8,71.9,35.6,False,True,False,True
6452633e-226b-4cb7-983b-60539bad9e61,3754237,2245,2,00:21:40.092,66,40,30,Pass,137,41,Sunderland,From Kick Off,22,Leicester City,3662.0,Danny Drinkwater,Left Center Midfield,48.2,44.5,47.1,52.7,1.883061,False,,,,,,Incomplete,False,8.273452,1.7041466,High Pass,Recovery,,,False,False,left_to_right,False,48.2,44.5,47.1,52.7,False,False,False,True
dd5ce6ea-0d52-4ace-b666-a0cd709c26a9,3754237,2246,2,00:21:41.975,66,41,30,Pass,137,41,Sunderland,From Kick Off,41,Sunderland,3337.0,Jermain Defoe,Center Forward,73.0,27.4,80.6,26.5,0.573536,False,,,,,,,True,7.653104,-0.117872104,Low Pass,Recovery,9554.0,Steven Fletcher,False,False,left_to_right,False,73.0,27.4,80.6,26.5,False,False,True,False
809a77ee-72fd-49a8-8d04-d4977c22cc4a,3754237,2247,2,00:21:42.549,66,42,42,Ball Receipt*,137,41,Sunderland,From Kick Off,41,Sunderland,9554.0,Steven Fletcher,Center Defensive Midfield,80.6,26.5,,,,False,,,,,,,False,,,,,,,False,False,left_to_right,False,80.6,26.5,,,False,False,False,False
03a89952-e09f-41cd-b5a2-02424675a23d,3754237,2248,2,00:21:42.549,66,42,43,Carry,137,41,Sunderland,From Kick Off,41,Sunderland,9554.0,Steven Fletcher,Center Defensive Midfield,80.6,26.5,76.3,20.3,1.915192,True,,,,,,,False,,,,,,,False,False,left_to_right,False,80.6,26.5,76.3,20.3,False,False,False,False
16ad3023-d996-488a-9f79-28b099b4e013,3754237,2249,2,00:21:43.597,66,43,17,Pressure,137,41,Sunderland,From Kick Off,22,Leicester City,3662.0,Danny Drinkwater,Left Center Midfield,40.9,55.1,,,0.819566,False,,,,,,,False,,,,,,,False,False,left_to_right,False,40.9,55.1,,,False,False,False,False
21fc116d-a922-4d21-b46e-80fb42e8ad8e,3754237,2250,2,00:21:44.464,66,44,30,Pass,137,41,Sunderland,From Kick Off,41,Sunderland,9554.0,Steven Fletcher,Center Defensive Midfield,76.3,20.3,85.7,4.0,1.182405,False,,,,,,,True,18.816216,-1.047695,Ground Pass,,3321.0,Patrick van Aanholt,False,False,left_to_right,False,76.3,20.3,85.7,4.0,False,False,True,False
55d49ee3-cfae-4931-bfce-df709b34ae1c,3754237,2251,2,00:21:45.647,66,45,42,Ball Receipt*,137,41,Sunderland,From Kick Off,41,Sunderland,3321.0,Patrick van Aanholt,Left Back,85.7,4.0,,,,False,,,,,,,False,,,,,,,False,False,left_to_right,False,85.7,4.0,,,False,False,False,False
edf271e2-6f10-42a5-8da5-5dc38ef59856,3754237,2252,2,00:21:45.647,66,45,43,Carry,137,41,Sunderland,From Kick Off,41,Sunderland,3321.0,Patrick van Aanholt,Left Back,85.7,4.0,90.3,4.9,1.856483,False,,,,,,,False,,,,,,,False,False,left_to_right,False,85.7,4.0,90.3,4.9,False,False,False,False
0c4ca424-4a43-4ce4-9c22-161a9cf6abf4,3754237,2253,2,00:21:47.503,66,47,30,Pass,137,41,Sunderland,From Kick Off,41,Sunderland,3321.0,Patrick van Aanholt,Left Back,90.3,4.9,83.0,12.7,1.013148,False,,,,,,,True,10.683165,2.323094,Ground Pass,,42902.0,Adam Johnson,False,False,left_to_right,False,90.3,4.9,83.0,12.7,False,False,False,False
6fbf4721-cb31-48ba-afc2-54820b6a8fe5,3754237,2254,2,00:21:48.516,66,48,42,Ball Receipt*,137,41,Sunderland,From Kick Off,41,Sunderland,42902.0,Adam Johnson,Right Midfield,83.0,12.7,,,,False,,,,,,,False,,,,,,,False,False,left_to_right,False,83.0,12.7,,,False,False,False,False
426ae925-2fe0-47c9-bc21-46744b85e10f,3754237,2255,2,00:21:48.516,66,48,43,Carry,137,41,Sunderland,From Kick Off,41,Sunderland,42902.0,Adam Johnson,Right Midfield,83.0,12.7,85.7,15.1,1.356465,False,,,,,,,False,,,,,,,False,False,left_to_right,False,83.0,12.7,85.7,15.1,False,False,False,False
7ce64686-e22b-4842-89f1-97da11ffa859,3754237,2256,2,00:21:49.873,66,49,30,Pass,137,41,Sunderland,From Kick Off,41,Sunderland,42902.0,Adam Johnson,Right Midfield,85.7,15.1,90.7,32.1,0.64851,False,,,,,,Incomplete,False,17.720045,1.2847449,Ground Pass,,3337.0,Jermain Defoe,False,False,left_to_right,False,85.7,15.1,90.7,32.1,False,True,False,True
7e4044f6-13ae-4fce-85d3-5daf15d0198c,3754237,2257,2,00:21:50.521,66,50,42,Ball Receipt*,137,41,Sunderland,From Kick Off,41,Sunderland,3337.0,Jermain Defoe,Center Forward,91.0,36.5,,,,False,,,,,,,False,,,,,,,False,False,left_to_right,False,91.0,36.5,,,False,False,False,False
aeb3124f-ecae-4aeb-a69c-864489d49530,3754237,2258,2,00:21:50.521,66,50,10,Interception,137,41,Sunderland,From Kick Off,22,Leicester City,3665.0,Andrew Philip King,Right Center Midfield,29.4,48.0,,,0.0,False,,,,,,,False,,,,,,,False,False,left_to_right,False,29.4,48.0,,,False,False,False,False
9c52c36f-23a2-4757-be81-43656ea1423c,3754237,2259,2,00:21:50.521,66,50,43,Carry,137,41,Sunderland,From Kick Off,22,Leicester City,3665.0,Andrew Philip King,Right Center Midfield,29.4,48.0,26.8,58.6,3.097158,False,,,,,,,False,,,,,,,False,False,left_to_right,False,29.4,48.0,26.8,58.6,False,False,False,False
4d1341b1-35b3-445d-9564-36e3f431dac7,3754237,2260,2,00:21:53.618,66,53,30,Pass,137,41,Sunderland,From Kick Off,22,Leicester City,3665.0,Andrew Philip King,Right Center Midfield,26.8,58.6,54.7,78.2,2.57139,False,,,,,,,True,34.09648,0.61240786,Ground Pass,,3814.0,Riyad Mahrez,False,False,left_to_right,False,26.8,58.6,54.7,78.2,False,False,False,False
92596a44-37c2-4081-84dd-3df785fe802a,3754237,2261,2,00:21:56.190,66,56,42,Ball Receipt*,137,41,Sunderland,From Kick Off,22,Leicester City,3814.0,Riyad Mahrez,Left Midfield,54.7,78.2,,,,False,,,,,,,False,,,,,,,False,False,left_to_right,False,54.7,78.2,,,False,False,False,False
3dc3d6b7-8195-44cf-9e0e-d75bbf401e29,3754237,2262,2,00:21:56.190,66,56,43,Carry,137,41,Sunderland,From Kick Off,22,Leicester City,3814.0,Riyad Mahrez,Left Midfield,54.7,78.2,80.1,65.0,3.9861,False,,,,,,,False,,,,,,,False,False,left_to_right,False,54.7,78.2,80.1,65.0,True,False,False,False
065d4fbb-80de-453a-bb23-708a788bd832,3754237,2263,2,00:22:00.176,67,0,30,Pass,137,41,Sunderland,From Kick Off,22,Leicester City,3814.0,Riyad Mahrez,Left Midfield,80.1,65.0,96.0,55.4,1.192889,False,,,,,,Unknown,False,18.573368,-0.5431896,Ground Pass,,,,False,False,left_to_right,False,80.1,65.0,96.0,55.4,False,True,False,True
36fff8a8-6812-430c-acbc-9a7ebe59484b,3754237,2264,2,00:22:01.384,67,1,22,Foul Committed,137,41,Sunderland,From Kick Off,22,Leicester City,10960.0,Jamie Vardy,Left Center Forward,94.8,55.4,,,0.0,False,,,,,,,False,,,,,,,False,False,left_to_right,False,94.8,55.4,,,False,False,False,False
9c306a6f-9469-4b7c-a8f0-bc950b2c2bc7,3754237,2265,2,00:22:01.384,67,1,21,Foul Won,137,41,Sunderland,From Kick Off,41,Sunderland,4746.0,Younes Kaboul,Left Center Back,25.3,24.7,,,0.0,True,,,,,,,False,,,,,,,False,False,left_to_right,False,25.3,24.7,,,False,False,False,False
bbaaa31b-092c-4c78-8562-6c070ae0ee2f,3754237,2266,2,00:22:16.827,67,16,30,Pass,138,41,Sunderland,From Free Kick,41,Sunderland,4746.0,Younes Kaboul,Left Center Back,27.1,24.5,33.8,12.7,1.016539,False,,,,,,,True,13.569451,-1.0543925,Ground Pass,Free Kick,42902.0,Adam Johnson,False,False,left_to_right,False,27.1,24.5,33.8,12.7,False,False,False,False
36828bee-2b2a-4e54-926e-dd58483313d5,3754237,2267,2,00:22:17.844,67,17,42,Ball Receipt*,138,41,Sunderland,From Free Kick,41,Sunderland,42902.0,Adam Johnson,Right Midfield,33.8,12.7,,,,False,,,,,,,False,,,,,,,False,False,left_to_right,False,33.8,12.7,,,False,False,False,False
8e4d46a0-92b8-4b91-a317-f3083ecd24b4,3754237,2268,2,00:22:17.844,67,17,43,Carry,138,41,Sunderland,From Free Kick,41,Sunderland,42902.0,Adam Johnson,Right Midfield,33.8,12.7,35.0,14.2,0.497679,False,,,,,,,False,,,,,,,False,False,left_to_right,False,33.8,12.7,35.0,14.2,False,False,False,False
6f21c4f0-132f-45a0-8f23-6f5bcc02dd79,3754237,2269,2,00:22:18.342,67,18,30,Pass,138,41,Sunderland,From Free Kick,41,Sunderland,42902.0,Adam Johnson,Right Midfield,35.0,14.2,44.4,19.8,1.165029,False,,,,,,,True,10.941664,0.53728473,Ground Pass,,18751.0,Jack Rodwell,False,False,left_to_right,False,35.0,14.2,44.4,19.8,False,False,False,False
318f2d05-9470-4629-952f-ba51f1cc6d0e,3754237,2270,2,00:22:19.507,67,19,42,Ball Receipt*,138,41,Sunderland,From Free Kick,41,Sunderland,18751.0,Jack Rodwell,Left Center Midfield,44.4,19.8,,,,False,,,,,,,False,,,,,,,False,False,left_to_right,False,44.4,19.8,,,False,False,False,False
e4b951fa-75b2-44d4-9a1b-37ab1ed36783,3754237,2271,2,00:22:19.507,67,19,43,Carry,138,41,Sunderland,From Free Kick,41,Sunderland,18751.0,Jack Rodwell,Left Center Midfield,44.4,19.8,64.5,27.1,5.6,False,,,,,,,False,,,,,,,False,False,left_to_right,False,44.4,19.8,64.5,27.1,True,False,False,False
d4235107-c709-4fad-8f96-35d7b791cfbf,3754237,2272,2,00:22:25.107,67,25,30,Pass,138,41,Sunderland,From Free Kick,41,Sunderland,18751.0,Jack Rodwell,Left Center Midfield,64.5,27.1,75.7,3.1,1.277857,False,,,,,,,True,26.484713,-1.1341692,Ground Pass,,3321.0,Patrick van Aanholt,False,False,left_to_right,False,64.5,27.1,75.7,3.1,False,False,False,False
b448713c-76d3-40c5-b978-aafb03208b05,3754237,2273,2,00:22:26.385,67,26,42,Ball Receipt*,138,41,Sunderland,From Free Kick,41,Sunderland,3321.0,Patrick van Aanholt,Left Back,75.7,3.1,,,,False,,,,,,,False,,,,,,,False,False,left_to_right,False,75.7,3.1,,,False,False,False,False
6d14bb75-8435-4ec2-9958-06bde9d9efe3,3754237,2274,2,00:22:26.385,67,26,43,Carry,138,41,Sunderland,From Free Kick,41,Sunderland,3321.0,Patrick van Aanholt,Left Back,75.7,3.1,75.1,2.8,0.759997,False,,,,,,,False,,,,,,,False,False,left_to_right,False,75.7,3.1,75.1,2.8,False,False,False,False
9772ece6-88d3-4499-a697-03e0914fd9c2,3754237,2275,2,00:22:27.145,67,27,30,Pass,138,41,Sunderland,From Free Kick,41,Sunderland,3321.0,Patrick van Aanholt,Left Back,75.1,2.8,84.5,14.2,1.115003,False,,,,,,Incomplete,False,14.775656,0.8812573,Ground Pass,,3337.0,Jermain Defoe,False,False,left_to_right,False,75.1,2.8,84.5,14.2,False,False,True,True
5499aafe-f6d3-443d-810b-ceaf8345abae,3754237,2276,2,00:22:28.260,67,28,42,Ball Receipt*,138,41,Sunderland,From Free Kick,41,Sunderland,3337.0,Jermain Defoe,Center Forward,86.6,7.7,,,,False,,,,,,,False,,,,,,,False,False,left_to_right,False,86.6,7.7,,,False,False,False,False
f3f0e86f-c958-4c9d-bfa3-678751a95bbe,3754237,2277,2,00:22:28.260,67,28,2,Ball Recovery,139,22,Leicester City,Regular Play,22,Leicester City,40123.0,Robert Huth,Right Center Back,35.6,65.9,,,0.0,False,,,,,,,False,,,,,,,False,False,left_to_right,False,35.6,65.9,,,False,False,False,False
7ca96e28-6773-4bb0-811d-3492b41e1aa6,3754237,2278,2,00:22:28.260,67,28,43,Carry,139,22,Leicester City,Regular Play,22,Leicester City,40123.0,Robert Huth,Right Center Back,35.6,65.9,37.6,63.5,1.208352,False,,,,,,,False,,,,,,,False,False,left_to_right,False,35.6,65.9,37.6,63.5,False,False,False,False
8edde05b-57b9-4334-a6f2-eb10172fa125,3754237,2279,2,00:22:29.468,67,29,30,Pass,139,22,Leicester City,Regular Play,22,Leicester City,40123.0,Robert Huth,Right Center Back,37.6,63.5,62.3,77.9,1.882216,False,,,,,,,True,28.591082,0.5278227,Ground Pass,,3814.0,Riyad Mahrez,False,False,left_to_right,False,37.6,63.5,62.3,77.9,False,False,False,False
60246635-36d7-4cc3-bf0f-f8bc45a88514,3754237,2280,2,00:22:31.350,67,31,42,Ball Receipt*,139,22,Leicester City,Regular Play,22,Leicester City,3814.0,Riyad Mahrez,Left Midfield,62.3,77.9,,,,False,,,,,,,False,,,,,,,False,False,left_to_right,False,62.3,77.9,,,False,False,False,False
54865995-8fce-448d-9db0-4fe262f08b03,3754237,2281,2,00:22:31.350,67,31,43,Carry,139,22,Leicester City,Regular Play,22,Leicester City,3814.0,Riyad Mahrez,Left Midfield,62.3,77.9,95.7,65.0,11.633376,False,,,,,,,False,,,,,,,False,False,left_to_right,False,62.3,77.9,95.7,65.0,True,False,False,False
1338ef91-888a-4034-937f-ed5ad0cc0fa4,3754237,2282,2,00:22:42.984,67,42,30,Pass,139,22,Leicester City,Regular Play,22,Leicester City,3814.0,Riyad Mahrez,Left Midfield,95.7,65.0,96.2,30.1,1.801511,False,,,,,,,True,34.90358,-1.5564706,Low Pass,,3520.0,Jeffrey Schlupp,False,False,left_to_right,False,95.7,65.0,96.2,30.1,False,True,False,False
2c2a78b2-0229-44d6-bd85-a9ae939f111b,3754237,2283,2,00:22:44.785,67,44,42,Ball Receipt*,139,22,Leicester City,Regular Play,22,Leicester City,3520.0,Jeffrey Schlupp,Left Back,96.2,30.1,,,,False,,,,,,,False,,,,,,,False,False,left_to_right,False,96.2,30.1,,,False,False,False,False
3ccc1537-17b8-487f-bcfc-05a9aa1822d3,3754237,2284,2,00:22:44.785,67,44,43,Carry,139,22,Leicester City,Regular Play,22,Leicester City,3520.0,Jeffrey Schlupp,Left Back,96.2,30.1,98.0,41.3,1.903895,True,,,,,,,False,,,,,,,False,False,left_to_right,False,96.2,30.1,98.0,41.3,False,False,False,False
ba1b34b3-962d-4b29-8b1e-dfb36248df3d,3754237,2285,2,00:22:45.919,67,45,17,Pressure,139,22,Leicester City,Regular Play,41,Sunderland,5617.0,Sebastian Larsson,Right Center Midfield,19.5,38.5,,,0.598262,False,,,,,,,False,,,,,,,False,False,left_to_right,False,19.5,38.5,,,False,False,False,False
172d068f-0bd1-40fe-a7ab-3ffd5fb5efb7,3754237,2286,2,00:22:46.689,67,46,3,Dispossessed,139,22,Leicester City,Regular Play,22,Leicester City,3520.0,Jeffrey Schlupp,Left Back,98.0,41.3,,,0.0,True,,,,,,,False,,,,,,,False,False,left_to_right,False,98.0,41.3,,,False,False,False,True
c70ca23c-b4fe-4522-ad7c-ba09b5965d47,3754237,2287,2,00:22:46.689,67,46,4,Duel,140,41,Sunderland,Regular Play,41,Sunderland,5617.0,Sebastian Larsson,Right Center Midfield,22.1,38.8,,,0.0,True,,,,,,,False,,,,,,,False,False,left_to_right,False,22.1,38.8,,,False,False,False,False
d4bc54cf-59db-4d5a-a7ee-687c6cb7ae93,3754237,2288,2,00:22:47.964,67,47,2,Ball Recovery,140,41,Sunderland,Regular Play,41,Sunderland,18751.0,Jack Rodwell,Left Center Midfield,20.3,27.4,,,0.0,False,,,,,,,False,,,,,,,False,False,left_to_right,False,20.3,27.4,,,False,False,False,False
1df4f59a-656d-4a0f-9b83-2d574a5068b4,3754237,2289,2,00:22:47.964,67,47,43,Carry,140,41,Sunderland,Regular Play,41,Sunderland,18751.0,Jack Rodwell,Left Center Midfield,20.3,27.4,21.2,27.4,0.727648,False,,,,,,,False,,,,,,,False,False,left_to_right,False,20.3,27.4,21.2,27.4,False,False,False,False
fb6cda2b-ea6f-48d6-bcb3-83c597b2ae1f,3754237,2290,2,00:22:48.692,67,48,30,Pass,140,41,Sunderland,Regular Play,41,Sunderland,18751.0,Jack Rodwell,Left Center Midfield,21.2,27.4,25.9,51.7,1.7716,False,,,,,,,True,24.750353,1.3797399,Ground Pass,,10770.0,Adam Matthews,False,False,left_to_right,False,21.2,27.4,25.9,51.7,False,False,False,False
815c82f4-babd-4d2f-94ed-5ef4e347590e,3754237,2291,2,00:22:50.463,67,50,42,Ball Receipt*,140,41,Sunderland,Regular Play,41,Sunderland,10770.0,Adam Matthews,Right Back,25.9,51.7,,,,False,,,,,,,False,,,,,,,False,False,left_to_right,False,25.9,51.7,,,False,False,False,False
5043f2c1-a7a8-4d5b-8d74-d0f4ecd693bf,3754237,2292,2,00:22:50.463,67,50,43,Carry,140,41,Sunderland,Regular Play,41,Sunderland,10770.0,Adam Matthews,Right Back,25.9,51.7,45.2,66.7,3.491998,False,,,,,,,False,,,,,,,False,False,left_to_right,False,25.9,51.7,45.2,66.7,False,False,False,False
3a1f1017-eda1-4146-842b-abdce458caf6,3754237,2293,2,00:22:53.955,67,53,30,Pass,140,41,Sunderland,Regular Play,41,Sunderland,10770.0,Adam Matthews,Right Back,45.2,66.7,56.4,34.4,1.908827,False,,,,,,,True,34.186695,-1.2370205,Ground Pass,,42902.0,Adam Johnson,False,False,left_to_right,False,45.2,66.7,56.4,34.4,False,False,False,False
e08f4cca-19de-4e23-85cf-ded84190f802,3754237,2294,2,00:22:55.864,67,55,42,Ball Receipt*,140,41,Sunderland,Regular Play,41,Sunderland,42902.0,Adam Johnson,Right Midfield,56.4,34.4,,,,False,,,,,,,False,,,,,,,False,False,left_to_right,False,56.4,34.4,,,False,False,False,False
f33e14db-ad9e-4af2-8aad-2e0a053db150,3754237,2295,2,00:22:55.864,67,55,43,Carry,140,41,Sunderland,Regular Play,41,Sunderland,42902.0,Adam Johnson,Right Midfield,56.4,34.4,62.2,33.0,2.294133,False,,,,,,,False,,,,,,,False,False,left_to_right,False,56.4,34.4,62.2,33.0,False,False,False,False
9d00c58d-81e5-4561-8876-95ed93326cbf,3754237,2296,2,00:22:58.158,67,58,30,Pass,140,41,Sunderland,Regular Play,41,Sunderland,42902.0,Adam Johnson,Right Midfield,62.2,33.0,79.7,3.7,1.443911,False,,,,,,,True,34.12829,-1.0323869,Ground Pass,,16457.0,Jeremain Lens,False,False,left_to_right,False,62.2,33.0,79.7,3.7,False,False,False,False
c87f7117-5e19-4ff2-abe3-7f6e0b0aeee2,3754237,2297,2,00:22:59.602,67,59,42,Ball Receipt*,140,41,Sunderland,Regular Play,41,Sunderland,16457.0,Jeremain Lens,Left Midfield,79.7,3.7,,,,False,,,,,,,False,,,,,,,False,False,left_to_right,False,79.7,3.7,,,False,False,False,False
e13001c3-ec87-42d2-aaf1-b0606e998253,3754237,2298,2,00:22:59.602,67,59,43,Carry,140,41,Sunderland,Regular Play,41,Sunderland,16457.0,Jeremain Lens,Left Midfield,79.7,3.7,94.7,9.8,5.363406,False,,,,,,,False,,,,,,,False,False,left_to_right,False,79.7,3.7,94.7,9.8,True,False,False,False
8e28060d-59d2-41aa-8fbd-c011a29e598d,3754237,2299,2,00:23:04.965,68,4,30,Pass,140,41,Sunderland,Regular Play,41,Sunderland,16457.0,Jeremain Lens,Left Midfield,94.7,9.8,107.4,32.7,0.914807,False,,,,,,Incomplete,False,26.185875,1.0644397,Low Pass,,,,False,False,left_to_right,False,94.7,9.8,107.4,32.7,False,True,False,True
de4c9181-4898-4ea0-a59a-834212b62306,3754237,2300,2,00:23:05.880,68,5,9,Clearance,140,41,Sunderland,Regular Play,22,Leicester City,40123.0,Robert Huth,Right Center Back,12.7,47.4,,,0.0,True,,,,,,,False,,,,,,,False,False,left_to_right,False,12.7,47.4,,,False,False,False,False
811e1817-2d1d-4134-a14e-ca4292898a83,3754237,2301,2,00:23:08.606,68,8,2,Ball Recovery,141,22,Leicester City,Regular Play,22,Leicester City,3814.0,Riyad Mahrez,Left Midfield,45.3,60.0,,,0.0,False,,,,,,,False,,,,,,,False,False,left_to_right,False,45.3,60.0,,,False,False,False,False
56cdbf20-d1df-45b2-933b-cd73a97beb0c,3754237,2302,2,00:23:08.606,68,8,43,Carry,141,22,Leicester City,Regular Play,22,Leicester City,3814.0,Riyad Mahrez,Left Midfield,45.3,60.0,48.7,31.6,5.247622,False,,,,,,,False,,,,,,,False,False,left_to_right,False,45.3,60.0,48.7,31.6,False,False,False,False
9631ee82-644d-4cf7-a86b-b02dc942ae45,3754237,2303,2,00:23:13.854,68,13,30,Pass,141,22,Leicester City,Regular Play,22,Leicester City,3814.0,Riyad Mahrez,Left Midfield,48.7,31.6,54.7,12.0,1.636461,False,,,,,,,True,20.497805,-1.2737321,Ground Pass,,3307.0,Marc Albrighton,False,False,left_to_right,False,48.7,31.6,54.7,12.0,False,False,False,False
99075058-5b00-4719-90a3-9e1758dd3375,3754237,2304,2,00:23:15.490,68,15,42,Ball Receipt*,141,22,Leicester City,Regular Play,22,Leicester City,3307.0,Marc Albrighton,Right Midfield,54.7,12.0,,,,False,,,,,,,False,,,,,,,False,False,left_to_right,False,54.7,12.0,,,False,False,False,False
bc5ed891-580e-44a7-80e2-56f04fc406e5,3754237,2305,2,00:23:15.490,68,15,43,Carry,141,22,Leicester City,Regular Play,22,Leicester City,3307.0,Marc Albrighton,Right Midfield,54.7,12.0,56.4,14.3,1.239238,False,,,,,,,False,,,,,,,False,False,left_to_right,False,54.7,12.0,56.4,14.3,False,False,False,False
28b317f2-5b35-44e9-b578-8e8652993b55,3754237,2306,2,00:23:16.729,68,16,30,Pass,141,22,Leicester City,Regular Play,22,Leicester City,3307.0,Marc Albrighton,Right Midfield,56.4,14.3,54.9,10.2,1.600555,False,,,,,,,True,4.365776,-1.9215243,Ground Pass,,3814.0,Riyad Mahrez,False,False,left_to_right,False,56.4,14.3,54.9,10.2,False,False,False,False
6e7aa97e-974f-4e56-9591-24a8c428c0d0,3754237,2307,2,00:23:18.330,68,18,42,Ball Receipt*,141,22,Leicester City,Regular Play,22,Leicester City,3814.0,Riyad Mahrez,Left Midfield,54.9,10.2,,,,False,,,,,,,False,,,,,,,False,False,left_to_right,False,54.9,10.2,,,False,False,False,False
787298e2-f45c-445b-bb5b-fa926187fe02,3754237,2308,2,00:23:18.330,68,18,43,Carry,141,22,Leicester City,Regular Play,22,Leicester City,3814.0,Riyad Mahrez,Left Midfield,54.9,10.2,54.7,10.5,1.045695,False,,,,,,,False,,,,,,,False,False,left_to_right,False,54.9,10.2,54.7,10.5,False,False,False,False
2bd4b83b-eb5f-4ed0-9e8c-44bb11cc5037,3754237,2309,2,00:23:19.376,68,19,30,Pass,141,22,Leicester City,Regular Play,22,Leicester City,3814.0,Riyad Mahrez,Left Midfield,54.7,10.5,54.9,18.7,1.196773,False,,,,,,,True,8.202438,1.5464109,Ground Pass,,3665.0,Andrew Philip King,False,False,left_to_right,False,54.7,10.5,54.9,18.7,False,False,False,False
75203b44-846b-4c2b-93fd-bb83c6f873b5,3754237,2310,2,00:23:20.572,68,20,42,Ball Receipt*,141,22,Leicester City,Regular Play,22,Leicester City,3665.0,Andrew Philip King,Right Center Midfield,54.9,18.7,,,,False,,,,,,,False,,,,,,,False,False,left_to_right,False,54.9,18.7,,,False,False,False,False
2b2070d7-eb22-474c-ba7d-85af16648213,3754237,2311,2,00:23:20.572,68,20,30,Pass,141,22,Leicester City,Regular Play,22,Leicester City,3665.0,Andrew Philip King,Right Center Midfield,54.9,18.7,55.2,13.7,1.090073,False,,,,,,,True,5.0089917,-1.5108682,Ground Pass,,3814.0,Riyad Mahrez,False,False,left_to_right,False,54.9,18.7,55.2,13.7,False,False,False,False
6121d1cb-e394-4a5c-8be5-166eafbef245,3754237,2312,2,00:23:21.663,68,21,42,Ball Receipt*,141,22,Leicester City,Regular Play,22,Leicester City,3814.0,Riyad Mahrez,Left Midfield,55.2,13.7,,,,False,,,,,,,False,,,,,,,False,False,left_to_right,False,55.2,13.7,,,False,False,False,False
602d8a8e-ed1d-4f62-be98-050dfd1144d7,3754237,2313,2,00:23:21.663,68,21,30,Pass,141,22,Leicester City,Regular Play,22,Leicester City,3814.0,Riyad Mahrez,Left Midfield,55.2,13.7,54.7,16.9,0.623913,False,,,,,,,True,3.238827,1.7257931,Ground Pass,,3665.0,Andrew Philip King,False,False,left_to_right,False,55.2,13.7,54.7,16.9,False,False,False,False
5d731af5-4b89-4d15-b22c-2e10525bee77,3754237,2314,2,00:23:22.286,68,22,42,Ball Receipt*,141,22,Leicester City,Regular Play,22,Leicester City,3665.0,Andrew Philip King,Right Center Midfield,54.7,16.9,,,,False,,,,,,,False,,,,,,,False,False,left_to_right,False,54.7,16.9,,,False,False,False,False
bd4db373-ec34-4989-9640-c79061876075,3754237,2315,2,00:23:22.286,68,22,43,Carry,141,22,Leicester City,Regular Play,22,Leicester City,3665.0,Andrew Philip King,Right Center Midfield,54.7,16.9,54.7,16.9,0.267097,False,,,,,,,False,,,,,,,False,False,left_to_right,False,54.7,16.9,54.7,16.9,False,False,False,False
088da182-84a9-403b-88cb-8d479d3d506e,3754237,2316,2,00:23:22.554,68,22,30,Pass,141,22,Leicester City,Regular Play,22,Leicester City,3665.0,Andrew Philip King,Right Center Midfield,54.7,16.9,55.2,12.5,0.74611,False,,,,,,,True,4.428318,-1.4576453,Ground Pass,,3814.0,Riyad Mahrez,False,False,left_to_right,False,54.7,16.9,55.2,12.5,False,False,False,False
c79534b5-bf90-4a47-bc71-6b035eff8cd4,3754237,2317,2,00:23:23.300,68,23,42,Ball Receipt*,141,22,Leicester City,Regular Play,22,Leicester City,3814.0,Riyad Mahrez,Left Midfield,55.2,12.5,,,,False,,,,,,,False,,,,,,,False,False,left_to_right,False,55.2,12.5,,,False,False,False,False
3cd7a09a-762d-432f-bd98-c640383c237d,3754237,2318,2,00:23:23.300,68,23,43,Carry,141,22,Leicester City,Regular Play,22,Leicester City,3814.0,Riyad Mahrez,Left Midfield,55.2,12.5,55.2,12.5,0.856599,False,,,,,,,False,,,,,,,False,False,left_to_right,False,55.2,12.5,55.2,12.5,False,False,False,False
ecebdaff-3882-496b-96f5-e148549f2b0f,3754237,2319,2,00:23:24.156,68,24,30,Pass,141,22,Leicester City,Regular Play,22,Leicester City,3814.0,Riyad Mahrez,Left Midfield,55.2,12.5,55.8,20.8,0.605826,False,,,,,,,True,8.321658,1.4986327,Ground Pass,,3665.0,Andrew Philip King,False,False,left_to_right,False,55.2,12.5,55.8,20.8,False,False,False,False
37e40395-2f46-42a8-9057-e509b037500e,3754237,2320,2,00:23:24.477,68,24,17,Pressure,141,22,Leicester City,Regular Play,41,Sunderland,16457.0,Jeremain Lens,Left Midfield,63.7,57.6,,,0.44662,False,,,,,,,False,,,,,,,False,False,left_to_right,False,63.7,57.6,,,False,False,False,False
c02f1167-f96d-4758-b666-443691587ffe,3754237,2321,2,00:23:24.762,68,24,42,Ball Receipt*,141,22,Leicester City,Regular Play,22,Leicester City,3665.0,Andrew Philip King,Right Center Midfield,55.8,20.8,,,,True,,,,,,,False,,,,,,,False,False,left_to_right,False,55.8,20.8,,,False,False,False,False
49a094f5-d57a-4283-8bc6-401bdc17db55,3754237,2322,2,00:23:24.762,68,24,43,Carry,141,22,Leicester City,Regular Play,22,Leicester City,3665.0,Andrew Philip King,Right Center Midfield,55.8,20.8,56.4,18.1,0.040000003,True,,,,,,,False,,,,,,,False,False,left_to_right,False,55.8,20.8,56.4,18.1,False,False,False,False
c18f15d8-dcd1-4c16-8afb-5d618e535c89,3754237,2323,2,00:23:24.802,68,24,30,Pass,141,22,Leicester City,Regular Play,22,Leicester City,3665.0,Andrew Philip King,Right Center Midfield,56.4,18.1,56.7,12.8,0.78981,True,,,,,,,True,5.3084836,-1.5142529,Ground Pass,,3814.0,Riyad Mahrez,False,False,left_to_right,False,56.4,18.1,56.7,12.8,False,False,False,False
b086b19e-39fb-40ed-8f3c-e8a00fbe59be,3754237,2324,2,00:23:25.327,68,25,17,Pressure,141,22,Leicester City,Regular Play,41,Sunderland,9554.0,Steven Fletcher,Center Defensive Midfield,65.2,67.3,,,0.191282,False,,,,,,,False,,,,,,,False,False,left_to_right,False,65.2,67.3,,,False,False,False,False
4b7a8511-d481-4c52-a9d5-c70f12057698,3754237,2325,2,00:23:25.592,68,25,42,Ball Receipt*,141,22,Leicester City,Regular Play,22,Leicester City,3814.0,Riyad Mahrez,Left Midfield,56.7,12.8,,,,False,,,,,,,False,,,,,,,False,False,left_to_right,False,56.7,12.8,,,False,False,False,False
af186619-f6c0-466b-8eee-2102cdd8a80a,3754237,2326,2,00:23:25.592,68,25,43,Carry,141,22,Leicester City,Regular Play,22,Leicester City,3814.0,Riyad Mahrez,Left Midfield,56.7,12.8,55.8,12.8,0.129924,False,,,,,,,False,,,,,,,False,False,left_to_right,False,56.7,12.8,55.8,12.8,False,False,False,False
13fbfa73-e0d4-4a14-a302-67a8961a95ee,3754237,2327,2,00:23:25.722,68,25,3,Dispossessed,141,22,Leicester City,Regular Play,22,Leicester City,3814.0,Riyad Mahrez,Left Midfield,55.8,12.8,,,0.0,True,,,,,,,False,,,,,,,False,False,left_to_right,False,55.8,12.8,,,False,False,False,True
6a93ed16-dcd5-4265-8688-0463d671921d,3754237,2328,2,00:23:25.722,68,25,4,Duel,141,22,Leicester City,Regular Play,41,Sunderland,9554.0,Steven Fletcher,Center Defensive Midfield,64.3,67.3,,,0.0,True,,,,,,,False,,,,,,,False,False,left_to_right,False,64.3,67.3,,,False,False,False,False
e4322fca-90ea-45d7-8a4c-1a4968c3d668,3754237,2329,2,00:23:27.873,68,27,30,Pass,141,22,Leicester City,Regular Play,22,Leicester City,3307.0,Marc Albrighton,Right Midfield,68.5,7.6,100.6,42.7,3.117785,False,,,,,,Incomplete,False,47.564903,0.8300114,High Pass,Recovery,10960.0,Jamie Vardy,False,False,left_to_right,False,68.5,7.6,100.6,42.7,False,True,True,True
daf4abde-e567-4c52-9001-c2446ccc5ff7,3754237,2330,2,00:23:30.991,68,30,42,Ball Receipt*,141,22,Leicester City,Regular Play,22,Leicester City,10960.0,Jamie Vardy,Left Center Forward,94.8,45.7,,,,False,,,,,,,False,,,,,,,False,False,left_to_right,False,94.8,45.7,,,False,False,False,False
993f602a-ce55-4f54-8fba-9ffcaae71f91,3754237,2331,2,00:23:30.991,68,30,2,Ball Recovery,142,41,Sunderland,Regular Play,41,Sunderland,6871.0,Costel Fane Pantilimon,Goalkeeper,19.5,37.4,,,0.0,False,,,,,,,False,,,,,,,False,False,left_to_right,False,19.5,37.4,,,False,False,False,False
6e6096e6-56d6-4bc1-8a3c-67c87cb4474d,3754237,2332,2,00:23:32.439,68,32,30,Pass,142,41,Sunderland,Regular Play,41,Sunderland,6871.0,Costel Fane Pantilimon,Goalkeeper,24.4,42.3,34.1,14.8,1.819254,False,,,,,,,True,29.16059,-1.231694,Ground Pass,,3321.0,Patrick van Aanholt,False,False,left_to_right,False,24.4,42.3,34.1,14.8,False,False,False,False
6aea9679-7fc9-4be3-9c0c-27793dc12bfa,3754237,2333,2,00:23:34.259,68,34,42,Ball Receipt*,142,41,Sunderland,Regular Play,41,Sunderland,3321.0,Patrick van Aanholt,Left Back,34.1,14.8,,,,False,,,,,,,False,,,,,,,False,False,left_to_right,False,34.1,14.8,,,False,False,False,False
813b6411-a883-456a-a123-1970e8844b6b,3754237,2334,2,00:23:38.195,68,38,30,Pass,142,41,Sunderland,Regular Play,41,Sunderland,3321.0,Patrick van Aanholt,Left Back,49.3,9.0,56.0,16.0,1.138631,False,,,,,,,True,9.689685,0.80729246,Ground Pass,,42902.0,Adam Johnson,False,False,left_to_right,False,49.3,9.0,56.0,16.0,False,False,False,False
468270af-fadd-4bde-abf1-8facb92d8312,3754237,2335,2,00:23:39.334,68,39,42,Ball Receipt*,142,41,Sunderland,Regular Play,41,Sunderland,42902.0,Adam Johnson,Right Midfield,56.0,16.0,,,,False,,,,,,,False,,,,,,,False,False,left_to_right,False,56.0,16.0,,,False,False,False,False
6e47614d-a82f-4353-b4ac-bca78f22bca9,3754237,2336,2,00:23:39.334,68,39,43,Carry,142,41,Sunderland,Regular Play,41,Sunderland,42902.0,Adam Johnson,Right Midfield,56.0,16.0,76.0,15.3,6.19614,False,,,,,,,False,,,,,,,False,False,left_to_right,False,56.0,16.0,76.0,15.3,True,False,False,False
97e14ebb-0517-4841-8bd3-9d3503d81d6d,3754237,2337,2,00:23:45.530,68,45,30,Pass,142,41,Sunderland,Regular Play,41,Sunderland,42902.0,Adam Johnson,Right Midfield,76.0,15.3,83.9,4.0,1.10382,False,,,,,,,True,13.787676,-0.9606645,Ground Pass,,3321.0,Patrick van Aanholt,False,False,left_to_right,False,76.0,15.3,83.9,4.0,False,False,True,False
bb504130-cf6f-4019-a02c-a340e5195156,3754237,2338,2,00:23:46.634,68,46,42,Ball Receipt*,142,41,Sunderland,Regular Play,41,Sunderland,3321.0,Patrick van Aanholt,Left Back,83.9,4.0,,,,False,,,,,,,False,,,,,,,False,False,left_to_right,False,83.9,4.0,,,False,False,False,False
5dfdb74d-4be6-4b7c-b7b8-32847a127386,3754237,2339,2,00:23:46.634,68,46,43,Carry,142,41,Sunderland,Regular Play,41,Sunderland,3321.0,Patrick van Aanholt,Left Back,83.9,4.0,85.0,4.2,1.367494,False,,,,,,,False,,,,,,,False,False,left_to_right,False,83.9,4.0,85.0,4.2,False,False,False,False
b6de3c51-b129-4f20-a058-03da132287d0,3754237,2340,2,00:23:48.001,68,48,30,Pass,142,41,Sunderland,Regular Play,41,Sunderland,3321.0,Patrick van Aanholt,Left Back,85.0,4.2,77.8,8.6,0.835767,False,,,,,,,True,8.438009,2.5930433,Ground Pass,,42902.0,Adam Johnson,False,False,left_to_right,False,85.0,4.2,77.8,8.6,False,False,False,False
fe9d7972-40d5-43c4-a4d4-eca61d6a0891,3754237,2341,2,00:23:48.837,68,48,42,Ball Receipt*,142,41,Sunderland,Regular Play,41,Sunderland,42902.0,Adam Johnson,Right Midfield,77.8,8.6,,,,False,,,,,,,False,,,,,,,False,False,left_to_right,False,77.8,8.6,,,False,False,False,False
a411db70-2473-4f33-9369-4890d9618783,3754237,2342,2,00:23:48.837,68,48,43,Carry,142,41,Sunderland,Regular Play,41,Sunderland,42902.0,Adam Johnson,Right Midfield,77.8,8.6,98.3,11.6,6.229437,False,,,,,,,False,,,,,,,False,False,left_to_right,False,77.8,8.6,98.3,11.6,True,False,False,False
3ecea11a-e97a-444e-a99b-8169794346cc,3754237,2343,2,00:23:55.066,68,55,30,Pass,142,41,Sunderland,Regular Play,41,Sunderland,42902.0,Adam Johnson,Right Midfield,98.3,11.6,105.3,48.7,1.957118,False,,,,,,,True,37.7546,1.3843094,High Pass,,16457.0,Jeremain Lens,True,False,left_to_right,False,98.3,11.6,105.3,48.7,False,True,False,False
470cdecd-2df0-4d26-aedc-8730269b666b,3754237,2344,2,00:23:57.023,68,57,42,Ball Receipt*,142,41,Sunderland,Regular Play,41,Sunderland,16457.0,Jeremain Lens,Left Midfield,105.3,48.7,,,,False,,,,,,,False,,,,,,,False,False,left_to_right,False,105.3,48.7,,,False,False,False,False
ad5048fa-b5c0-4eb5-96a8-78d4e3ac0efb,3754237,2345,2,00:23:57.023,68,57,43,Carry,142,41,Sunderland,Regular Play,41,Sunderland,16457.0,Jeremain Lens,Left Midfield,105.3,48.7,100.6,42.8,1.119693,False,,,,,,,False,,,,,,,False,False,left_to_right,False,105.3,48.7,100.6,42.8,False,False,False,False
850c9295-2bfc-450a-8388-a5ec0f17027d,3754237,2346,2,00:23:58.143,68,58,16,Shot,142,41,Sunderland,Regular Play,41,Sunderland,16457.0,Jeremain Lens,Left Midfield,100.6,42.8,120.0,35.7,1.022844,False,0.057676647,Off T,Left Foot,Half Volley,Open Play,,False,,,,,,,False,False,left_to_right,False,100.6,42.8,120.0,35.7,False,False,False,False
e8246158-2e6c-4612-a0cb-8c73ca916b44,3754237,2347,2,00:23:59.166,68,59,23,Goal Keeper,142,41,Sunderland,Regular Play,22,Leicester City,3815.0,Kasper Schmeichel,Goalkeeper,1.3,40.8,,,0.0,False,,,,,,,False,,,,,,,False,False,left_to_right,False,1.3,40.8,,,False,False,False,False
7582711a-5613-45fa-8b81-6a1494cb0f68,3754237,2348,2,00:24:34.068,69,34,30,Pass,143,22,Leicester City,From Goal Kick,22,Leicester City,3815.0,Kasper Schmeichel,Goalkeeper,7.0,44.1,69.3,57.9,3.964195,False,,,,,,Incomplete,False,63.81011,0.21798903,High Pass,Goal Kick,,,False,False,left_to_right,False,7.0,44.1,69.3,57.9,False,True,False,True
16bbc46a-027c-4f78-a2da-ebb77dc4728c,3754237,2349,2,00:24:38.033,69,38,30,Pass,143,22,Leicester City,From Goal Kick,41,Sunderland,4746.0,Younes Kaboul,Left Center Back,50.8,22.2,67.0,29.5,1.432006,True,,,,,,Incomplete,False,17.768793,0.42336714,High Pass,Recovery,,,False,False,left_to_right,False,50.8,22.2,67.0,29.5,False,False,False,True
22fe537c-d423-4416-9d3e-df815dd5f306,3754237,2350,2,00:24:38.033,69,38,4,Duel,143,22,Leicester City,From Goal Kick,22,Leicester City,3810.0,Shinji Okazaki,Right Center Forward,69.3,57.9,,,0.0,True,,,,,,,False,,,,,,,False,False,left_to_right,False,69.3,57.9,,,False,False,False,False
46a666e0-afe1-4108-b9a9-862d105821a8,3754237,2351,2,00:24:39.465,69,39,30,Pass,143,22,Leicester City,From Goal Kick,22,Leicester City,3813.0,Wes Morgan,Left Center Back,53.1,50.6,78.7,51.2,2.005396,False,,,,,,Incomplete,False,25.60703,0.02343321,High Pass,Recovery,,,False,False,left_to_right,False,53.1,50.6,78.7,51.2,False,True,False,True
7991ff3a-e6a8-4ab7-9843-fd3b7ef24257,3754237,2352,2,00:24:41.470,69,41,2,Ball Recovery,143,22,Leicester City,From Goal Kick,41,Sunderland,6300.0,Sebastián Coates Nión,Right Center Back,41.4,28.9,,,0.0,False,,,,,,,False,,,,,,,False,False,left_to_right,False,41.4,28.9,,,False,False,False,False
bf9422c3-9f23-42e5-80fc-9a1a8ce65264,3754237,2353,2,00:24:41.470,69,41,43,Carry,143,22,Leicester City,From Goal Kick,41,Sunderland,6300.0,Sebastián Coates Nión,Right Center Back,41.4,28.9,43.5,28.9,1.037327,True,,,,,,,False,,,,,,,False,False,left_to_right,False,41.4,28.9,43.5,28.9,False,False,False,False
b9b578e7-26ce-4f16-8d9d-e62aa510ba2c,3754237,2354,2,00:24:42.123,69,42,17,Pressure,143,22,Leicester City,From Goal Kick,22,Leicester City,3810.0,Shinji Okazaki,Right Center Forward,76.4,56.5,,,0.298633,False,,,,,,,False,,,,,,,False,False,left_to_right,False,76.4,56.5,,,False,False,False,False
23ea9894-8cb7-4f55-96dd-fb43d4294496,3754237,2355,2,00:24:42.507,69,42,30,Pass,143,22,Leicester City,From Goal Kick,41,Sunderland,6300.0,Sebastián Coates Nión,Right Center Back,43.5,28.9,109.2,32.7,5.002556,False,,,,,,Incomplete,False,65.8098,0.057774294,High Pass,,,,False,False,left_to_right,False,43.5,28.9,109.2,32.7,False,True,True,True
e31fbdf3-7621-48e6-b2f3-ccd232cef182,3754237,2356,2,00:24:47.510,69,47,2,Ball Recovery,143,22,Leicester City,From Goal Kick,22,Leicester City,3815.0,Kasper Schmeichel,Goalkeeper,10.9,47.4,,,0.0,False,,,,,,,False,,,,,,,False,False,left_to_right,False,10.9,47.4,,,False,False,False,False
f640b930-adf0-4cd7-af23-8cd3f6f2a13b,3754237,2357,2,00:24:47.510,69,47,43,Carry,143,22,Leicester City,From Goal Kick,22,Leicester City,3815.0,Kasper Schmeichel,Goalkeeper,10.9,47.4,11.6,45.4,3.083442,False,,,,,,,False,,,,,,,False,False,left_to_right,False,10.9,47.4,11.6,45.4,False,False,False,False
96ce110c-332e-48b7-8402-cb2c1fc32490,3754237,2358,2,00:24:50.593,69,50,30,Pass,143,22,Leicester City,From Goal Kick,22,Leicester City,3815.0,Kasper Schmeichel,Goalkeeper,11.6,45.4,36.2,8.1,2.637605,False,,,,,,,True,44.681652,-0.98775953,High Pass,,3520.0,Jeffrey Schlupp,False,False,left_to_right,False,11.6,45.4,36.2,8.1,False,False,False,False
96343443-d03f-4cce-83ed-ae099c009d0a,3754237,2359,2,00:24:53.231,69,53,42,Ball Receipt*,143,22,Leicester City,From Goal Kick,22,Leicester City,3520.0,Jeffrey Schlupp,Left Back,36.2,8.1,,,,False,,,,,,,False,,,,,,,False,False,left_to_right,False,36.2,8.1,,,False,False,False,False
e73d5be3-20fc-4340-b9dc-fcad3504eff1,3754237,2360,2,00:24:53.231,69,53,43,Carry,143,22,Leicester City,From Goal Kick,22,Leicester City,3520.0,Jeffrey Schlupp,Left Back,36.2,8.1,35.8,6.3,1.432772,True,,,,,,,False,,,,,,,False,False,left_to_right,False,36.2,8.1,35.8,6.3,False,False,False,False
37e962d0-2b57-4b34-b015-535f3ee59c6e,3754237,2361,2,00:24:53.967,69,53,17,Pressure,143,22,Leicester City,From Goal Kick,41,Sunderland,16457.0,Jeremain Lens,Left Midfield,82.7,69.3,,,0.741732,False,,,,,,,False,,,,,,,False,False,left_to_right,False,82.7,69.3,,,False,False,False,False
4736a0ec-ca72-4c46-8250-8b68fd9d88e1,3754237,2362,2,00:24:54.664,69,54,30,Pass,143,22,Leicester City,From Goal Kick,22,Leicester City,3520.0,Jeffrey Schlupp,Left Back,35.8,6.3,108.4,30.7,4.873928,True,,,,,,Incomplete,False,76.5906,0.32422784,High Pass,,,,False,False,left_to_right,False,35.8,6.3,108.4,30.7,False,True,True,True
a91de859-f955-4f6e-ab29-30b9baa06aeb,3754237,2363,2,00:24:59.538,69,59,2,Ball Recovery,144,41,Sunderland,Regular Play,41,Sunderland,6871.0,Costel Fane Pantilimon,Goalkeeper,11.7,49.4,,,0.0,False,,,,,,,False,,,,,,,False,False,left_to_right,False,11.7,49.4,,,False,False,False,False
48591926-eabf-4c6a-8cf1-3e5c8b5fe0ee,3754237,2364,2,00:24:59.538,69,59,43,Carry,144,41,Sunderland,Regular Play,41,Sunderland,6871.0,Costel Fane Pantilimon,Goalkeeper,11.7,49.4,15.6,49.1,2.190624,False,,,,,,,False,,,,,,,False,False,left_to_right,False,11.7,49.4,15.6,49.1,False,False,False,False
de623a90-ec25-4cc8-9da5-44aa11b64bc7,3754237,2365,2,00:25:01.728,70,1,30,Pass,144,41,Sunderland,Regular Play,41,Sunderland,6871.0,Costel Fane Pantilimon,Goalkeeper,15.6,49.1,24.4,23.3,1.355873,False,,,,,,,True,27.259493,-1.2420853,Ground Pass,,4746.0,Younes Kaboul,False,False,left_to_right,False,15.6,49.1,24.4,23.3,False,False,False,False
c64b7801-8df2-423e-b603-e490fa4b93e0,3754237,2366,2,00:25:03.084,70,3,42,Ball Receipt*,144,41,Sunderland,Regular Play,41,Sunderland,4746.0,Younes Kaboul,Left Center Back,24.4,23.3,,,,False,,,,,,,False,,,,,,,False,False,left_to_right,False,24.4,23.3,,,False,False,False,False
bd6eb676-2c09-4246-9370-7180b697620a,3754237,2367,2,00:25:03.084,70,3,43,Carry,144,41,Sunderland,Regular Play,41,Sunderland,4746.0,Younes Kaboul,Left Center Back,24.4,23.3,33.5,27.1,4.295807,False,,,,,,,False,,,,,,,False,False,left_to_right,False,24.4,23.3,33.5,27.1,False,False,False,False
e7cfe676-b9e1-4e8e-ae82-9c69f15b57c9,3754237,2368,2,00:25:07.380,70,7,30,Pass,144,41,Sunderland,Regular Play,41,Sunderland,4746.0,Younes Kaboul,Left Center Back,33.5,27.1,43.2,30.3,0.757437,False,,,,,,,True,10.214206,0.3186546,Ground Pass,,18751.0,Jack Rodwell,False,False,left_to_right,False,33.5,27.1,43.2,30.3,False,False,False,False
743f5222-3b38-49d6-88c6-cd97283c4418,3754237,2369,2,00:25:08.137,70,8,42,Ball Receipt*,144,41,Sunderland,Regular Play,41,Sunderland,18751.0,Jack Rodwell,Left Center Midfield,43.2,30.3,,,,False,,,,,,,False,,,,,,,False,False,left_to_right,False,43.2,30.3,,,False,False,False,False
715fe582-0ce2-49ee-a955-1c893311a25f,3754237,2370,2,00:25:08.137,70,8,43,Carry,144,41,Sunderland,Regular Play,41,Sunderland,18751.0,Jack Rodwell,Left Center Midfield,43.2,30.3,43.2,30.3,0.795283,False,,,,,,,False,,,,,,,False,False,left_to_right,False,43.2,30.3,43.2,30.3,False,False,False,False
784fe68c-e650-4f91-85ab-bcf03ccac0a4,3754237,2371,2,00:25:08.933,70,8,30,Pass,144,41,Sunderland,Regular Play,41,Sunderland,18751.0,Jack Rodwell,Left Center Midfield,43.2,30.3,43.5,59.6,1.218271,False,,,,,,,True,29.301537,1.5605577,Ground Pass,,5617.0,Sebastian Larsson,False,False,left_to_right,False,43.2,30.3,43.5,59.6,False,False,False,False
da8db880-3233-41a3-a8d4-d41ec65d940c,3754237,2372,2,00:25:10.151,70,10,42,Ball Receipt*,144,41,Sunderland,Regular Play,41,Sunderland,5617.0,Sebastian Larsson,Right Center Midfield,43.5,59.6,,,,False,,,,,,,False,,,,,,,False,False,left_to_right,False,43.5,59.6,,,False,False,False,False
3f3c1b36-32aa-40a4-b9d7-42f6a10ad83d,3754237,2373,2,00:25:10.151,70,10,43,Carry,144,41,Sunderland,Regular Play,41,Sunderland,5617.0,Sebastian Larsson,Right Center Midfield,43.5,59.6,47.9,61.6,1.395914,False,,,,,,,False,,,,,,,False,False,left_to_right,False,43.5,59.6,47.9,61.6,False,False,False,False
dc1c3a21-43d5-45c0-9e23-07d03f6d3358,3754237,2374,2,00:25:11.547,70,11,30,Pass,144,41,Sunderland,Regular Play,41,Sunderland,5617.0,Sebastian Larsson,Right Center Midfield,47.9,61.6,69.5,72.0,1.762597,False,,,,,,,True,23.973318,0.44872335,Ground Pass,,10770.0,Adam Matthews,False,False,left_to_right,False,47.9,61.6,69.5,72.0,False,False,False,False
0bed162d-8755-4c19-b658-e78bcaf8af58,3754237,2375,2,00:25:13.309,70,13,42,Ball Receipt*,144,41,Sunderland,Regular Play,41,Sunderland,10770.0,Adam Matthews,Right Back,69.5,72.0,,,,False,,,,,,,False,,,,,,,False,False,left_to_right,False,69.5,72.0,,,False,False,False,False
80939283-70eb-43c9-8527-70e25a770cf1,3754237,2376,2,00:25:13.309,70,13,43,Carry,144,41,Sunderland,Regular Play,41,Sunderland,10770.0,Adam Matthews,Right Back,69.5,72.0,71.0,73.4,1.055186,False,,,,,,,False,,,,,,,False,False,left_to_right,False,69.5,72.0,71.0,73.4,False,False,False,False
bc4f91e7-2bd3-4f68-ac20-1e13cb1ecb06,3754237,2377,2,00:25:14.365,70,14,30,Pass,144,41,Sunderland,Regular Play,41,Sunderland,10770.0,Adam Matthews,Right Back,71.0,73.4,108.5,54.4,2.818439,False,,,,,,,True,42.038673,-0.46896672,High Pass,,16457.0,Jeremain Lens,False,False,left_to_right,False,71.0,73.4,108.5,54.4,False,True,True,False
b62c5cf8-58bb-4171-802e-15c1318e202c,3754237,2378,2,00:25:16.903,70,16,17,Pressure,144,41,Sunderland,Regular Play,22,Leicester City,3662.0,Danny Drinkwater,Left Center Midfield,12.7,26.6,,,0.332334,False,,,,,,,False,,,,,,,False,False,left_to_right,False,12.7,26.6,,,False,False,False,False
43c10727-a25a-4c83-b22b-de97c3f57de4,3754237,2379,2,00:25:17.183,70,17,42,Ball Receipt*,144,41,Sunderland,Regular Play,41,Sunderland,16457.0,Jeremain Lens,Left Midfield,108.5,54.4,,,,True,,,,,,,False,,,,,,,False,False,left_to_right,False,108.5,54.4,,,False,False,False,False
26f612d4-9bdb-46c0-abe8-9b76de4cae00,3754237,2380,2,00:25:17.183,70,17,43,Carry,144,41,Sunderland,Regular Play,41,Sunderland,16457.0,Jeremain Lens,Left Midfield,108.5,54.4,109.4,54.7,0.002544001,True,,,,,,,False,,,,,,,False,False,left_to_right,False,108.5,54.4,109.4,54.7,False,False,False,False
962178c0-2d18-4d54-8299-4b24690a32eb,3754237,2381,2,00:25:17.186,70,17,30,Pass,144,41,Sunderland,Regular Play,41,Sunderland,16457.0,Jeremain Lens,Left Midfield,109.4,54.7,113.2,33.9,1.584958,True,,,,,,,True,21.144266,-1.3900968,High Pass,,9554.0,Steven Fletcher,False,True,left_to_right,False,109.4,54.7,113.2,33.9,False,True,False,False
7e8add1e-728b-43c4-97fe-479391a2505d,3754237,2382,2,00:25:18.771,70,18,42,Ball Receipt*,144,41,Sunderland,Regular Play,41,Sunderland,9554.0,Steven Fletcher,Center Defensive Midfield,113.2,33.9,,,,False,,,,,,,False,,,,,,,False,False,left_to_right,False,113.2,33.9,,,False,False,False,False
7c9311c8-fd35-4e12-a9f1-07889265a428,3754237,2383,2,00:25:18.811,70,18,4,Duel,144,41,Sunderland,Regular Play,22,Leicester City,40123.0,Robert Huth,Right Center Back,5.2,44.0,,,0.0,True,,,,,,,False,,,,,,,False,False,left_to_right,False,5.2,44.0,,,False,False,False,False
12af0d50-4b66-438e-9ddd-6a096cc882eb,3754237,2384,2,00:25:18.811,70,18,16,Shot,144,41,Sunderland,Regular Play,41,Sunderland,9554.0,Steven Fletcher,Center Defensive Midfield,114.9,36.1,120.0,39.4,0.694111,True,0.397341,Goal,Head,Normal,Open Play,,False,,,,,,,False,False,left_to_right,False,114.9,36.1,120.0,39.4,False,False,False,False
3f9e9d6f-156e-44b9-a06f-84a078f31a98,3754237,2385,2,00:25:19.505,70,19,23,Goal Keeper,144,41,Sunderland,Regular Play,22,Leicester City,3815.0,Kasper Schmeichel,Goalkeeper,4.6,32.6,,,0.0,False,,,,,,,False,,,,,,,False,False,left_to_right,False,4.6,32.6,,,False,False,False,False
9bcb02ef-ffb1-4b6e-adb7-90515c69e8cb,3754237,2386,2,00:25:48.444,70,48,30,Pass,145,22,Leicester City,From Kick Off,22,Leicester City,10960.0,Jamie Vardy,Left Center Forward,61.0,40.1,39.7,64.4,4.526974,False,,,,,,,True,32.313774,2.2904997,Low Pass,Kick Off,28782.0,Ritchie De Laet,False,False,left_to_right,False,61.0,40.1,39.7,64.4,False,False,False,False
d931f178-2153-46f8-9e50-c57a7b3175fd,3754237,2387,2,00:25:52.971,70,52,42,Ball Receipt*,145,22,Leicester City,From Kick Off,22,Leicester City,28782.0,Ritchie De Laet,Right Back,39.7,64.4,,,,False,,,,,,,False,,,,,,,False,False,left_to_right,False,39.7,64.4,,,False,False,False,False
59f2b3eb-4e73-408b-9bdc-50909b990f0a,3754237,2388,2,00:25:53.289,70,53,17,Pressure,145,22,Leicester City,From Kick Off,41,Sunderland,3337.0,Jermain Defoe,Center Forward,76.3,16.2,,,0.265907,False,,,,,,,False,,,,,,,False,False,left_to_right,False,76.3,16.2,,,False,False,False,False
86a501ed-501f-4fa0-8b89-916129d3b467,3754237,2389,2,00:25:53.416,70,53,30,Pass,145,22,Leicester City,From Kick Off,22,Leicester City,28782.0,Ritchie De Laet,Right Back,40.9,65.0,97.4,80.0,3.689148,True,,,,,,Out,False,58.45725,0.25950047,High Pass,,10960.0,Jamie Vardy,False,False,left_to_right,False,40.9,65.0,97.4,80.0,False,True,True,True
f5f80e24-8152-46a9-939a-0cda5aed26f8,3754237,2390,2,00:25:57.105,70,57,42,Ball Receipt*,145,22,Leicester City,From Kick Off,22,Leicester City,10960.0,Jamie Vardy,Left Center Forward,92.7,75.2,,,,False,,,,,,,False,,,,,,,False,False,left_to_right,False,92.7,75.2,,,False,False,False,False
957021c0-dd34-46e5-891e-d2a97937fcc5,3754237,2391,2,00:26:16.836,71,16,30,Pass,146,41,Sunderland,From Throw In,41,Sunderland,3321.0,Patrick van Aanholt,Left Back,31.5,0.1,40.3,5.8,0.82849,False,,,,,,,True,10.484751,0.5747759,Low Pass,Throw-in,42902.0,Adam Johnson,False,False,left_to_right,False,31.5,0.1,40.3,5.8,False,False,False,False
d395d401-e367-4cd3-b026-758f656c0a35,3754237,2392,2,00:26:17.664,71,17,42,Ball Receipt*,146,41,Sunderland,From Throw In,41,Sunderland,42902.0,Adam Johnson,Right Midfield,40.3,5.8,,,,False,,,,,,,False,,,,,,,False,False,left_to_right,False,40.3,5.8,,,False,False,False,False
689fdd7b-8cb1-4956-998a-f171995b8fb3,3754237,2393,2,00:26:17.664,71,17,43,Carry,146,41,Sunderland,From Throw In,41,Sunderland,42902.0,Adam Johnson,Right Midfield,40.3,5.8,40.3,5.8,0.079999,False,,,,,,,False,,,,,,,False,False,left_to_right,False,40.3,5.8,40.3,5.8,False,False,False,False
b4b2bbcf-dda5-4fbd-9f2d-3b39fd0cca65,3754237,2394,2,00:26:17.744,71,17,30,Pass,146,41,Sunderland,From Throw In,41,Sunderland,42902.0,Adam Johnson,Right Midfield,40.3,5.8,34.7,3.1,0.873055,False,,,,,,,True,6.2169123,-2.6923325,Low Pass,,3321.0,Patrick van Aanholt,False,False,left_to_right,False,40.3,5.8,34.7,3.1,False,False,False,False
76886c4c-bd5d-4ebc-86f7-5f8c8ad6984c,3754237,2395,2,00:26:18.617,71,18,42,Ball Receipt*,146,41,Sunderland,From Throw In,41,Sunderland,3321.0,Patrick van Aanholt,Left Back,34.7,3.1,,,,False,,,,,,,False,,,,,,,False,False,left_to_right,False,34.7,3.1,,,False,False,False,False
2d166c35-3369-41d7-a841-8d7455419db7,3754237,2396,2,00:26:18.617,71,18,43,Carry,146,41,Sunderland,From Throw In,41,Sunderland,3321.0,Patrick van Aanholt,Left Back,34.7,3.1,28.8,1.9,1.034465,False,,,,,,,False,,,,,,,False,False,left_to_right,False,34.7,3.1,28.8,1.9,False,False,False,False
79094d68-774e-41eb-b8cc-fbef0313e3d1,3754237,2397,2,00:26:19.652,71,19,30,Pass,146,41,Sunderland,From Throw In,41,Sunderland,3321.0,Patrick van Aanholt,Left Back,28.8,1.9,17.7,7.2,1.1595,False,,,,,,,True,12.300406,2.6961248,Ground Pass,,4746.0,Younes Kaboul,False,False,left_to_right,False,28.8,1.9,17.7,7.2,False,False,False,False
e1b1a3ce-65a2-42e3-9ea2-d73776fc78dd,3754237,2398,2,00:26:20.811,71,20,42,Ball Receipt*,146,41,Sunderland,From Throw In,41,Sunderland,4746.0,Younes Kaboul,Left Center Back,17.7,7.2,,,,False,,,,,,,False,,,,,,,False,False,left_to_right,False,17.7,7.2,,,False,False,False,False
38848353-d9de-4f2c-aa8f-e53949d60deb,3754237,2399,2,00:26:20.811,71,20,43,Carry,146,41,Sunderland,From Throw In,41,Sunderland,4746.0,Younes Kaboul,Left Center Back,17.7,7.2,20.6,3.7,0.961845,True,,,,,,,False,,,,,,,False,False,left_to_right,False,17.7,7.2,20.6,3.7,False,False,False,False
9f423f8c-895f-42b0-9942-4e9294793c7b,3754237,2400,2,00:26:21.393,71,21,17,Pressure,146,41,Sunderland,From Throw In,22,Leicester City,3810.0,Shinji Okazaki,Right Center Forward,99.8,70.8,,,0.450655,False,,,,,,,False,,,,,,,False,False,left_to_right,False,99.8,70.8,,,False,False,False,False
6fe826b5-a28e-4787-b9fa-aa24bfa78e41,3754237,2401,2,00:26:21.773,71,21,30,Pass,146,41,Sunderland,From Throw In,41,Sunderland,4746.0,Younes Kaboul,Left Center Back,20.6,3.7,63.4,4.2,2.528235,True,,,,,,,True,42.80292,0.011681711,High Pass,,3337.0,Jermain Defoe,False,False,left_to_right,False,20.6,3.7,63.4,4.2,False,True,False,False
b91013a1-a231-4b0a-9c53-d07d7f93db48,3754237,2402,2,00:26:24.301,71,24,42,Ball Receipt*,146,41,Sunderland,From Throw In,41,Sunderland,3337.0,Jermain Defoe,Center Forward,63.4,4.2,,,,False,,,,,,,False,,,,,,,False,False,left_to_right,False,63.4,4.2,,,False,False,False,False
5636dba6-df78-496f-8a2f-e953effbdcb2,3754237,2403,2,00:26:24.301,71,24,43,Carry,146,41,Sunderland,From Throw In,41,Sunderland,3337.0,Jermain Defoe,Center Forward,63.4,4.2,58.4,2.5,1.045654,True,,,,,,,False,,,,,,,False,False,left_to_right,False,63.4,4.2,58.4,2.5,False,False,False,False
4642ffa4-ebcf-4b4f-89fc-fa85a350f2a6,3754237,2404,2,00:26:25.087,71,25,17,Pressure,146,41,Sunderland,From Throw In,22,Leicester City,3810.0,Shinji Okazaki,Right Center Forward,66.0,76.1,,,0.46566,False,,,,,,,False,,,,,,,False,False,left_to_right,False,66.0,76.1,,,False,False,False,False
4c2675e3-df2e-439c-a24c-e033a478bf06,3754237,2405,2,00:26:25.347,71,25,30,Pass,146,41,Sunderland,From Throw In,41,Sunderland,3337.0,Jermain Defoe,Center Forward,58.4,2.5,60.5,12.7,0.927464,True,,,,,,Incomplete,False,10.413933,1.3677511,Low Pass,,,,False,False,left_to_right,False,58.4,2.5,60.5,12.7,False,False,False,True
b44966c3-1437-4d5f-adce-ea083eeade95,3754237,2406,2,00:26:26.274,71,26,30,Pass,146,41,Sunderland,From Throw In,22,Leicester City,3662.0,Danny Drinkwater,Left Center Midfield,59.6,67.4,71.1,76.1,2.142846,False,,,,,,Incomplete,False,14.420125,0.647662,High Pass,Recovery,,,False,False,left_to_right,False,59.6,67.4,71.1,76.1,False,False,False,True
01a0782b-fc96-49c8-96f2-b34de75e34e9,3754237,2407,2,00:26:28.417,71,28,30,Pass,146,41,Sunderland,From Throw In,41,Sunderland,3337.0,Jermain Defoe,Center Forward,49.0,4.0,36.1,30.7,2.623112,False,,,,,,,True,29.652992,2.0208702,Low Pass,Recovery,5617.0,Sebastian Larsson,False,False,left_to_right,False,49.0,4.0,36.1,30.7,False,False,False,False
ce574cd0-ba43-4ed1-b7f9-914031fa415b,3754237,2408,2,00:26:31.040,71,31,42,Ball Receipt*,146,41,Sunderland,From Throw In,41,Sunderland,5617.0,Sebastian Larsson,Right Center Midfield,36.1,30.7,,,,False,,,,,,,False,,,,,,,False,False,left_to_right,False,36.1,30.7,,,False,False,False,False
7b033c85-541d-4b26-8c51-c15eaff3ff83,3754237,2409,2,00:26:31.040,71,31,43,Carry,146,41,Sunderland,From Throw In,41,Sunderland,5617.0,Sebastian Larsson,Right Center Midfield,36.1,30.7,43.2,39.7,2.855209,False,,,,,,,False,,,,,,,False,False,left_to_right,False,36.1,30.7,43.2,39.7,False,False,False,False
2017aec2-9c62-4dee-8e8d-2f2578c259a0,3754237,2410,2,00:26:33.896,71,33,30,Pass,146,41,Sunderland,From Throw In,41,Sunderland,5617.0,Sebastian Larsson,Right Center Midfield,43.2,39.7,69.5,72.5,2.292737,False,,,,,,,True,42.042004,0.894941,Ground Pass,,10770.0,Adam Matthews,False,False,left_to_right,False,43.2,39.7,69.5,72.5,False,False,False,False
026ddd8f-9991-4531-8521-2e26e495ad56,3754237,2411,2,00:26:36.188,71,36,42,Ball Receipt*,146,41,Sunderland,From Throw In,41,Sunderland,10770.0,Adam Matthews,Right Back,69.5,72.5,,,,False,,,,,,,False,,,,,,,False,False,left_to_right,False,69.5,72.5,,,False,False,False,False
69815a61-2118-4f9d-9ea6-f110860f1e1e,3754237,2412,2,00:26:36.188,71,36,43,Carry,146,41,Sunderland,From Throw In,41,Sunderland,10770.0,Adam Matthews,Right Back,69.5,72.5,73.7,74.3,0.877581,False,,,,,,,False,,,,,,,False,False,left_to_right,False,69.5,72.5,73.7,74.3,False,False,False,False
21333e96-898f-4f4d-b350-83acd703c864,3754237,2413,2,00:26:37.066,71,37,30,Pass,146,41,Sunderland,From Throw In,41,Sunderland,10770.0,Adam Matthews,Right Back,73.7,74.3,82.5,57.0,1.293625,False,,,,,,,True,19.409534,-1.1002364,Ground Pass,,16457.0,Jeremain Lens,False,False,left_to_right,False,73.7,74.3,82.5,57.0,False,True,True,False
81949d00-46fd-46b8-a9eb-a490fa771186,3754237,2414,2,00:26:38.360,71,38,42,Ball Receipt*,146,41,Sunderland,From Throw In,41,Sunderland,16457.0,Jeremain Lens,Left Midfield,82.5,57.0,,,,False,,,,,,,False,,,,,,,False,False,left_to_right,False,82.5,57.0,,,False,False,False,False
b50a010e-c370-4158-a5f1-5b076653264b,3754237,2415,2,00:26:38.360,71,38,43,Carry,146,41,Sunderland,From Throw In,41,Sunderland,16457.0,Jeremain Lens,Left Midfield,82.5,57.0,82.2,57.0,0.070789,False,,,,,,,False,,,,,,,False,False,left_to_right,False,82.5,57.0,82.2,57.0,False,False,False,False
2deeaf08-265d-4ca9-83da-09b24fa6d0d3,3754237,2416,2,00:26:38.430,71,38,30,Pass,146,41,Sunderland,From Throw In,41,Sunderland,16457.0,Jeremain Lens,Left Midfield,82.2,57.0,68.4,63.4,1.381492,False,,,,,,,True,15.211838,2.7073483,Ground Pass,,5617.0,Sebastian Larsson,False,False,left_to_right,False,82.2,57.0,68.4,63.4,False,False,False,False
2b71e386-5512-4aaf-b2fc-f5b23cc4535f,3754237,2417,2,00:26:39.812,71,39,42,Ball Receipt*,146,41,Sunderland,From Throw In,41,Sunderland,5617.0,Sebastian Larsson,Right Center Midfield,68.4,63.4,,,,False,,,,,,,False,,,,,,,False,False,left_to_right,False,68.4,63.4,,,False,False,False,False
3fdabb0c-6ae2-4b0d-a19d-1a79db681a96,3754237,2418,2,00:26:39.812,71,39,43,Carry,146,41,Sunderland,From Throw In,41,Sunderland,5617.0,Sebastian Larsson,Right Center Midfield,68.4,63.4,64.9,65.8,1.243958,False,,,,,,,False,,,,,,,False,False,left_to_right,False,68.4,63.4,64.9,65.8,False,False,False,False
bcfa0467-527f-4928-bb3e-2fb9b9ea2510,3754237,2419,2,00:26:41.056,71,41,30,Pass,146,41,Sunderland,From Throw In,41,Sunderland,5617.0,Sebastian Larsson,Right Center Midfield,64.9,65.8,55.2,53.5,1.506117,False,,,,,,,True,15.66461,-2.2385583,Ground Pass,,6300.0,Sebastián Coates Nión,False,False,left_to_right,False,64.9,65.8,55.2,53.5,False,False,False,False
2459c745-2868-4f2a-86fc-99dd33cc0a59,3754237,2420,2,00:26:42.562,71,42,42,Ball Receipt*,146,41,Sunderland,From Throw In,41,Sunderland,6300.0,Sebastián Coates Nión,Right Center Back,55.2,53.5,,,,False,,,,,,,False,,,,,,,False,False,left_to_right,False,55.2,53.5,,,False,False,False,False
f2076390-6aeb-4057-aeab-f2f0e32df835,3754237,2421,2,00:26:42.562,71,42,43,Carry,146,41,Sunderland,From Throw In,41,Sunderland,6300.0,Sebastián Coates Nión,Right Center Back,55.2,53.5,55.2,53.5,0.173228,False,,,,,,,False,,,,,,,False,False,left_to_right,False,55.2,53.5,55.2,53.5,False,False,False,False
b0dc650e-8712-43ca-a3f5-19dd0d018d6d,3754237,2422,2,00:26:42.735,71,42,30,Pass,146,41,Sunderland,From Throw In,41,Sunderland,6300.0,Sebastián Coates Nión,Right Center Back,55.2,53.5,61.9,44.3,0.635573,False,,,,,,,True,11.3811245,-0.94135404,Ground Pass,,18751.0,Jack Rodwell,False,False,left_to_right,False,55.2,53.5,61.9,44.3,False,False,False,False
57ad7a70-94f6-4ac2-994d-cf41483d60d0,3754237,2423,2,00:26:43.371,71,43,42,Ball Receipt*,146,41,Sunderland,From Throw In,41,Sunderland,18751.0,Jack Rodwell,Left Center Midfield,61.9,44.3,,,,False,,,,,,,False,,,,,,,False,False,left_to_right,False,61.9,44.3,,,False,False,False,False
e262b313-860c-4603-80ba-401ba45ee551,3754237,2424,2,00:26:43.371,71,43,43,Carry,146,41,Sunderland,From Throw In,41,Sunderland,18751.0,Jack Rodwell,Left Center Midfield,61.9,44.3,68.1,37.4,4.654068,True,,,,,,,False,,,,,,,False,False,left_to_right,False,61.9,44.3,68.1,37.4,False,False,False,False
be455b3c-1c95-4300-8cea-a36e2a1659b3,3754237,2425,2,00:26:45.357,71,45,17,Pressure,146,41,Sunderland,From Throw In,22,Leicester City,3810.0,Shinji Okazaki,Right Center Forward,54.9,33.0,,,1.023785,False,,,,,,,False,,,,,,,False,False,left_to_right,False,54.9,33.0,,,False,False,False,False
0230885c-566e-48a2-bb71-8f3d6e1892b3,3754237,2426,2,00:26:48.025,71,48,30,Pass,146,41,Sunderland,From Throw In,41,Sunderland,18751.0,Jack Rodwell,Left Center Midfield,68.1,37.4,76.0,20.6,1.170238,False,,,,,,,True,18.56475,-1.1312405,Ground Pass,,42902.0,Adam Johnson,False,False,left_to_right,False,68.1,37.4,76.0,20.6,False,False,False,False
46ea0640-af63-47ef-add2-f841015a0dd5,3754237,2427,2,00:26:49.195,71,49,42,Ball Receipt*,146,41,Sunderland,From Throw In,41,Sunderland,42902.0,Adam Johnson,Right Midfield,76.0,20.6,,,,False,,,,,,,False,,,,,,,False,False,left_to_right,False,76.0,20.6,,,False,False,False,False
44657ee1-0e3e-4814-90a3-8303db95c68a,3754237,2428,2,00:26:49.195,71,49,43,Carry,146,41,Sunderland,From Throw In,41,Sunderland,42902.0,Adam Johnson,Right Midfield,76.0,20.6,75.7,19.2,1.559999,False,,,,,,,False,,,,,,,False,False,left_to_right,False,76.0,20.6,75.7,19.2,False,False,False,False
769cafdd-0fb9-4ec1-be99-f966a9d697ec,3754237,2429,2,00:26:50.755,71,50,30,Pass,146,41,Sunderland,From Throw In,41,Sunderland,42902.0,Adam Johnson,Right Midfield,75.7,19.2,99.5,37.9,1.122075,False,,,,,,Incomplete,False,30.26764,0.66596925,High Pass,,,,False,False,left_to_right,False,75.7,19.2,99.5,37.9,False,True,True,True
009eacfc-1888-4342-a58a-ff106a3f257c,3754237,2430,2,00:26:51.877,71,51,9,Clearance,146,41,Sunderland,From Throw In,22,Leicester City,40123.0,Robert Huth,Right Center Back,20.6,42.2,,,0.0,True,,,,,,,False,,,,,,,False,False,left_to_right,False,20.6,42.2,,,False,False,False,False
967f0073-e43c-4a08-be9a-e08cf0061660,3754237,2431,2,00:26:53.522,71,53,30,Pass,146,41,Sunderland,From Throw In,41,Sunderland,5617.0,Sebastian Larsson,Right Center Midfield,75.4,46.4,82.7,10.9,2.484906,False,,,,,,Incomplete,False,36.242794,-1.3679895,High Pass,Recovery,,,False,False,left_to_right,False,75.4,46.4,82.7,10.9,False,False,True,True
6927925f-e3f9-4ed5-8610-2d87ea5532b0,3754237,2432,2,00:26:56.007,71,56,30,Pass,147,22,Leicester City,Regular Play,22,Leicester City,3814.0,Riyad Mahrez,Left Midfield,37.4,69.2,35.6,54.2,1.5455,False,,,,,,,True,15.107614,-1.6902252,Low Pass,Recovery,3665.0,Andrew Philip King,False,False,left_to_right,False,37.4,69.2,35.6,54.2,False,False,False,False
f2954ab8-b083-4c7a-a986-503f7d16db9a,3754237,2433,2,00:26:57.553,71,57,42,Ball Receipt*,147,22,Leicester City,Regular Play,22,Leicester City,3665.0,Andrew Philip King,Right Center Midfield,35.6,54.2,,,,False,,,,,,,False,,,,,,,False,False,left_to_right,False,35.6,54.2,,,False,False,False,False
7a1c075b-9eff-4816-adfe-cadef90eaf4d,3754237,2434,2,00:26:57.553,71,57,43,Carry,147,22,Leicester City,Regular Play,22,Leicester City,3665.0,Andrew Philip King,Right Center Midfield,35.6,54.2,41.5,59.1,1.02995,False,,,,,,,False,,,,,,,False,False,left_to_right,False,35.6,54.2,41.5,59.1,False,False,False,False
b8da2707-1b69-4948-b800-26474fd19faa,3754237,2435,2,00:26:58.583,71,58,30,Pass,147,22,Leicester City,Regular Play,22,Leicester City,3665.0,Andrew Philip King,Right Center Midfield,41.5,59.1,84.6,76.1,4.086658,False,,,,,,,True,46.331524,0.3756968,High Pass,,3814.0,Riyad Mahrez,False,False,left_to_right,False,41.5,59.1,84.6,76.1,False,True,True,False
e81db072-abb1-4a77-a462-f862af1b1d5b,3754237,2436,2,00:27:02.669,72,2,42,Ball Receipt*,147,22,Leicester City,Regular Play,22,Leicester City,3814.0,Riyad Mahrez,Left Midfield,84.6,76.1,,,,False,,,,,,,False,,,,,,,False,False,left_to_right,False,84.6,76.1,,,False,False,False,False
c35802d6-8919-4549-bd0b-7c4c219283db,3754237,2437,2,00:27:02.669,72,2,43,Carry,147,22,Leicester City,Regular Play,22,Leicester City,3814.0,Riyad Mahrez,Left Midfield,84.6,76.1,104.7,52.1,6.346407,True,,,,,,,False,,,,,,,False,False,left_to_right,False,84.6,76.1,104.7,52.1,True,False,False,False
3bd45d77-a26b-4d6c-8f2a-2aa4aa9179e3,3754237,2438,2,00:27:07.417,72,7,17,Pressure,147,22,Leicester City,Regular Play,41,Sunderland,3321.0,Patrick van Aanholt,Left Back,13.0,27.4,,,1.642803,False,,,,,,,False,,,,,,,False,False,left_to_right,False,13.0,27.4,,,False,False,False,False
75b29abe-7a3b-4fe7-9c9b-62e90d208b05,3754237,2439,2,00:27:09.016,72,9,30,Pass,147,22,Leicester City,Regular Play,22,Leicester City,3814.0,Riyad Mahrez,Left Midfield,104.7,52.1,99.2,42.7,0.703365,True,,,,,,,True,10.890821,-2.1001925,Ground Pass,,3307.0,Marc Albrighton,True,False,left_to_right,False,104.7,52.1,99.2,42.7,False,False,False,False
40f85674-bbce-494a-b45a-c7b3e3e66733,3754237,2440,2,00:27:09.719,72,9,42,Ball Receipt*,147,22,Leicester City,Regular Play,22,Leicester City,3307.0,Marc Albrighton,Right Midfield,99.2,42.7,,,,False,,,,,,,False,,,,,,,False,False,left_to_right,False,99.2,42.7,,,False,False,False,False
247da992-61bb-4e6e-8547-78a5b92eca65,3754237,2441,2,00:27:09.719,72,9,16,Shot,147,22,Leicester City,Regular Play,22,Leicester City,3307.0,Marc Albrighton,Right Midfield,99.4,43.1,120.0,44.4,0.838737,False,0.050900172,Off T,Right Foot,Normal,Open Play,,False,,,,,,,False,False,left_to_right,False,99.4,43.1,120.0,44.4,False,False,False,False
16e89bb8-3192-4cfc-ba2a-59da2387e35d,3754237,2442,2,00:27:10.558,72,10,23,Goal Keeper,147,22,Leicester City,Regular Play,41,Sunderland,6871.0,Costel Fane Pantilimon,Goalkeeper,2.7,38.9,,,0.0,False,,,,,,,False,,,,,,,False,False,left_to_right,False,2.7,38.9,,,False,False,False,False
8a14bbff-9148-4143-ae54-fb3b164e74ba,3754237,2443,2,00:27:27.199,72,27,30,Pass,148,41,Sunderland,From Goal Kick,41,Sunderland,6871.0,Costel Fane Pantilimon,Goalkeeper,6.0,44.0,78.6,16.6,2.380977,False,,,,,,Incomplete,False,77.59846,-0.36088228,High Pass,Goal Kick,,,False,False,left_to_right,False,6.0,44.0,78.6,16.6,False,True,False,True
645fe47d-89f9-423c-b66c-a5d333296059,3754237,2444,2,00:27:29.580,72,29,30,Pass,149,22,Leicester City,Regular Play,22,Leicester City,28782.0,Ritchie De Laet,Right Back,41.5,63.5,18.6,51.0,1.930748,False,,,,,,,True,26.089462,-2.64194,High Pass,Recovery,3813.0,Wes Morgan,False,False,left_to_right,False,41.5,63.5,18.6,51.0,False,False,False,False
80550277-875d-4342-a8bf-e505aa689597,3754237,2445,2,00:27:31.024,72,31,17,Pressure,149,22,Leicester City,Regular Play,41,Sunderland,3337.0,Jermain Defoe,Center Forward,97.9,26.8,,,0.586547,False,,,,,,,False,,,,,,,False,False,left_to_right,False,97.9,26.8,,,False,False,False,False
be35cc11-4f57-41ab-98e8-fe864b36be3d,3754237,2446,2,00:27:31.511,72,31,42,Ball Receipt*,149,22,Leicester City,Regular Play,22,Leicester City,3813.0,Wes Morgan,Left Center Back,18.6,51.0,,,,True,,,,,,,False,,,,,,,False,False,left_to_right,False,18.6,51.0,,,False,False,False,False
46be6544-e4e7-44aa-acbe-190c68f1d86a,3754237,2447,2,00:27:31.511,72,31,30,Pass,149,22,Leicester City,Regular Play,22,Leicester City,3813.0,Wes Morgan,Left Center Back,18.0,51.0,14.2,59.5,1.675127,True,,,,,,,True,9.310746,1.9912016,High Pass,,40123.0,Robert Huth,False,False,left_to_right,False,18.0,51.0,14.2,59.5,False,False,False,False
1bead2d6-39ae-4aa8-97e0-57cbebac21c1,3754237,2448,2,00:27:33.186,72,33,42,Ball Receipt*,149,22,Leicester City,Regular Play,22,Leicester City,40123.0,Robert Huth,Right Center Back,14.2,59.5,,,,False,,,,,,,False,,,,,,,False,False,left_to_right,False,14.2,59.5,,,False,False,False,False
ad1332ed-717d-4bff-b0b7-f7055446fc30,3754237,2449,2,00:27:33.186,72,33,43,Carry,149,22,Leicester City,Regular Play,22,Leicester City,40123.0,Robert Huth,Right Center Back,14.2,59.5,14.2,72.7,1.818506,True,,,,,,,False,,,,,,,False,False,left_to_right,False,14.2,59.5,14.2,72.7,False,False,False,False
3c89a707-3e9c-4c65-bd77-c5779ad126b5,3754237,2450,2,00:27:33.537,72,33,17,Pressure,149,22,Leicester City,Regular Play,41,Sunderland,16457.0,Jeremain Lens,Left Midfield,105.9,16.0,,,1.058674,False,,,,,,,False,,,,,,,False,False,left_to_right,False,105.9,16.0,,,False,False,False,False
cfb2fc3e-774e-42ec-abde-93e2c9d308a4,3754237,2451,2,00:27:35.004,72,35,3,Dispossessed,149,22,Leicester City,Regular Play,22,Leicester City,40123.0,Robert Huth,Right Center Back,14.2,72.7,,,0.0,True,,,,,,,False,,,,,,,False,False,left_to_right,False,14.2,72.7,,,False,False,False,True
454c8c9c-1028-4b69-b4bd-04bc12347160,3754237,2452,2,00:27:35.004,72,35,4,Duel,149,22,Leicester City,Regular Play,41,Sunderland,16457.0,Jeremain Lens,Left Midfield,105.9,7.4,,,0.0,True,,,,,,,False,,,,,,,False,False,left_to_right,False,105.9,7.4,,,False,False,False,False
8ac17cc6-d7e5-448c-8d88-9727c101095b,3754237,2453,2,00:27:35.004,72,35,43,Carry,149,22,Leicester City,Regular Play,41,Sunderland,16457.0,Jeremain Lens,Left Midfield,105.9,7.4,112.0,4.0,3.868743,True,,,,,,,False,,,,,,,False,False,left_to_right,False,105.9,7.4,112.0,4.0,False,False,False,False
f0efff1e-8ddd-4786-9483-6d6de281c100,3754237,2454,2,00:27:35.658,72,35,17,Pressure,149,22,Leicester City,Regular Play,22,Leicester City,40123.0,Robert Huth,Right Center Back,14.6,75.0,,,3.250698,False,,,,,,,False,,,,,,,False,False,left_to_right,False,14.6,75.0,,,False,False,False,False
42c7e237-d503-4f25-b7d9-6db6ab6e66e1,3754237,2455,2,00:27:38.873,72,38,30,Pass,149,22,Leicester City,Regular Play,41,Sunderland,16457.0,Jeremain Lens,Left Midfield,112.0,4.0,96.8,16.9,0.752934,True,,,,,,Incomplete,False,19.936148,2.4378629,Ground Pass,,3337.0,Jermain Defoe,False,False,left_to_right,False,112.0,4.0,96.8,16.9,False,False,False,True
bd074f75-f348-4293-97b7-9fd32eca2c66,3754237,2456,2,00:27:39.626,72,39,42,Ball Receipt*,149,22,Leicester City,Regular Play,41,Sunderland,3337.0,Jermain Defoe,Center Forward,91.5,18.9,,,,False,,,,,,,False,,,,,,,False,False,left_to_right,False,91.5,18.9,,,False,False,False,False
40c83399-5d25-440d-b493-0aa22cdf10a8,3754237,2457,2,00:27:39.626,72,39,10,Interception,149,22,Leicester City,Regular Play,22,Leicester City,3665.0,Andrew Philip King,Right Center Midfield,23.3,63.2,,,0.0,False,,,,,,,False,,,,,,,False,False,left_to_right,False,23.3,63.2,,,False,False,False,False
b6a59b01-87af-4e07-ae48-cc624f6801a5,3754237,2458,2,00:27:39.626,72,39,43,Carry,149,22,Leicester City,Regular Play,22,Leicester City,3665.0,Andrew Philip King,Right Center Midfield,23.3,63.2,27.7,65.9,1.036976,True,,,,,,,False,,,,,,,False,False,left_to_right,False,23.3,63.2,27.7,65.9,False,False,False,False
8d7485f0-7875-42da-9342-048a39dd593a,3754237,2459,2,00:27:39.932,72,39,17,Pressure,149,22,Leicester City,Regular Play,41,Sunderland,3337.0,Jermain Defoe,Center Forward,90.1,16.9,,,0.704876,False,,,,,,,False,,,,,,,False,False,left_to_right,False,90.1,16.9,,,False,False,False,False
2d7af54c-5697-49b5-b80f-c273aeab1404,3754237,2460,2,00:27:40.663,72,40,30,Pass,149,22,Leicester City,Regular Play,22,Leicester City,3665.0,Andrew Philip King,Right Center Midfield,27.7,65.9,47.6,72.7,1.864506,False,,,,,,,True,21.029741,0.3292692,Ground Pass,,3814.0,Riyad Mahrez,False,False,left_to_right,False,27.7,65.9,47.6,72.7,False,False,False,False
327229be-173d-42bc-80e9-98c4cd46e289,3754237,2461,2,00:27:42.527,72,42,42,Ball Receipt*,149,22,Leicester City,Regular Play,22,Leicester City,3814.0,Riyad Mahrez,Left Midfield,47.6,72.7,,,,False,,,,,,,False,,,,,,,False,False,left_to_right,False,47.6,72.7,,,False,False,False,False
3fe911e7-65c3-470b-8fa1-3d1f32fd5072,3754237,2462,2,00:27:42.527,72,42,43,Carry,149,22,Leicester City,Regular Play,22,Leicester City,3814.0,Riyad Mahrez,Left Midfield,47.6,72.7,46.2,71.5,1.07014,False,,,,,,,False,,,,,,,False,False,left_to_right,False,47.6,72.7,46.2,71.5,False,False,False,False
361fbc4c-e101-4e93-a9ad-1d7ee4f59f6b,3754237,2463,2,00:27:43.597,72,43,30,Pass,149,22,Leicester City,Regular Play,22,Leicester City,3814.0,Riyad Mahrez,Left Midfield,46.2,71.5,95.5,62.7,3.925699,False,,,,,,Unknown,False,50.07924,-0.17663865,Low Pass,,,,False,False,left_to_right,False,46.2,71.5,95.5,62.7,False,True,True,True
c37fabb1-931c-4711-a90d-6c5698de8445,3754237,2464,2,00:27:47.523,72,47,22,Foul Committed,149,22,Leicester City,Regular Play,41,Sunderland,4746.0,Younes Kaboul,Left Center Back,25.0,16.2,,,0.0,False,,,,,,,False,,,,,,,False,False,left_to_right,False,25.0,16.2,,,False,False,False,False
72148b78-9e82-449a-a813-6fe5abcb1976,3754237,2465,2,00:27:47.523,72,47,21,Foul Won,149,22,Leicester City,Regular Play,22,Leicester City,10960.0,Jamie Vardy,Left Center Forward,95.1,63.9,,,0.0,True,,,,,,,False,,,,,,,False,False,left_to_right,False,95.1,63.9,,,False,False,False,False
df3b7dcc-553e-44f3-a3ca-c61aea6e88a1,3754237,2466,2,00:28:30.323,73,30,40,Injury Stoppage,149,22,Leicester City,Regular Play,22,Leicester City,10960.0,Jamie Vardy,Left Center Forward,,,,,0.0,False,,,,,,,False,,,,,,,False,False,left_to_right,False,,,,,False,False,False,False
9018824b-f5dd-400c-a93a-c3e15083261c,3754237,2467,2,00:29:33.773,74,33,19,Substitution,149,22,Leicester City,Regular Play,22,Leicester City,28782.0,Ritchie De Laet,Right Back,,,,,0.0,False,,,,,,,False,,,,,,,False,False,left_to_right,False,,,,,False,False,False,False
6be2bbd3-f489-471a-8bb9-afb795f37ec8,3754237,2468,2,00:30:23.787,75,23,30,Pass,150,22,Leicester City,From Free Kick,22,Leicester City,3814.0,Riyad Mahrez,Left Midfield,98.7,63.9,106.3,58.3,0.31695,False,,,,,,Incomplete,False,9.440339,-0.63502675,Low Pass,Free Kick,,,False,False,left_to_right,False,98.7,63.9,106.3,58.3,False,True,False,True
e7a5405c-fbd0-4f4a-9af3-11a62893c1be,3754237,2469,2,00:30:24.104,75,24,6,Block,150,22,Leicester City,From Free Kick,41,Sunderland,3337.0,Jermain Defoe,Center Forward,13.8,21.8,,,0.0,False,,,,,,,False,,,,,,,False,False,left_to_right,False,13.8,21.8,,,False,False,False,False
94413768-cdf4-49d9-b904-ffa21b2a530f,3754237,2470,2,00:30:25.998,75,25,30,Pass,150,22,Leicester City,From Free Kick,41,Sunderland,42902.0,Adam Johnson,Right Midfield,17.9,23.3,51.4,40.3,2.077949,False,,,,,,,True,37.56661,0.46959993,Low Pass,Recovery,16457.0,Jeremain Lens,False,False,left_to_right,False,17.9,23.3,51.4,40.3,False,True,False,False
4cddeddc-254e-4be9-992d-7b5520a57b07,3754237,2471,2,00:30:28.076,75,28,42,Ball Receipt*,150,22,Leicester City,From Free Kick,41,Sunderland,16457.0,Jeremain Lens,Left Midfield,51.4,40.3,,,,False,,,,,,,False,,,,,,,False,False,left_to_right,False,51.4,40.3,,,False,False,False,False
624128a2-9d45-48d1-8a5a-29e3384b56c4,3754237,2472,2,00:30:28.076,75,28,43,Carry,150,22,Leicester City,From Free Kick,41,Sunderland,16457.0,Jeremain Lens,Left Midfield,51.4,40.3,72.5,58.4,5.189097,False,,,,,,,False,,,,,,,False,False,left_to_right,False,51.4,40.3,72.5,58.4,True,False,False,False
123b86f8-d11d-4627-9d79-0b8491b073b6,3754237,2473,2,00:30:33.265,75,33,30,Pass,150,22,Leicester City,From Free Kick,41,Sunderland,16457.0,Jeremain Lens,Left Midfield,72.5,58.4,106.2,56.3,2.821786,False,,,,,,Incomplete,False,33.765366,-0.06223407,Ground Pass,,5617.0,Sebastian Larsson,False,False,left_to_right,False,72.5,58.4,106.2,56.3,False,True,True,True
ae32e201-c760-43b3-a5c3-e293928435cd,3754237,2474,2,00:30:36.087,75,36,42,Ball Receipt*,150,22,Leicester City,From Free Kick,41,Sunderland,5617.0,Sebastian Larsson,Right Center Midfield,98.8,54.4,,,,False,,,,,,,False,,,,,,,False,False,left_to_right,False,98.8,54.4,,,False,False,False,False
835a5502-4685-4a52-a8ad-0eb6646f9aae,3754237,2475,2,00:30:36.087,75,36,2,Ball Recovery,150,22,Leicester City,From Free Kick,22,Leicester City,4826.0,Yohan Benalouane,Right Back,13.9,23.8,,,0.0,False,,,,,,,False,,,,,,,False,False,left_to_right,False,13.9,23.8,,,False,False,False,False
a614e23f-8d50-44ad-8ac0-3b3c52ea1a89,3754237,2476,2,00:30:36.087,75,36,43,Carry,150,22,Leicester City,From Free Kick,22,Leicester City,4826.0,Yohan Benalouane,Right Back,13.9,23.8,8.1,8.8,2.597525,False,,,,,,,False,,,,,,,False,False,left_to_right,False,13.9,23.8,8.1,8.8,False,False,False,False
afd5ccfe-6c28-4068-9619-a82e82c082b9,3754237,2477,2,00:30:38.685,75,38,3,Dispossessed,150,22,Leicester City,From Free Kick,22,Leicester City,4826.0,Yohan Benalouane,Right Back,8.1,8.8,,,0.0,True,,,,,,,False,,,,,,,False,False,left_to_right,False,8.1,8.8,,,False,False,False,True
3522fc9c-ddd3-4b60-b1e4-56cb3ab11c5a,3754237,2478,2,00:30:38.685,75,38,4,Duel,150,22,Leicester City,From Free Kick,41,Sunderland,5617.0,Sebastian Larsson,Right Center Midfield,112.0,71.3,,,0.0,True,,,,,,,False,,,,,,,False,False,left_to_right,False,112.0,71.3,,,False,False,False,False
789a1ed5-1d10-41ec-9421-d95559415225,3754237,2479,2,00:30:45.328,75,45,30,Pass,151,41,Sunderland,From Throw In,41,Sunderland,5617.0,Sebastian Larsson,Right Center Midfield,115.2,80.0,90.3,66.7,2.124467,False,,,,,,,True,28.229418,-2.6510103,Low Pass,Throw-in,10770.0,Adam Matthews,False,False,left_to_right,False,115.2,80.0,90.3,66.7,False,False,False,False
5a9cd01f-dc83-4e7a-b7f1-12cafae45a15,3754237,2480,2,00:30:47.452,75,47,42,Ball Receipt*,151,41,Sunderland,From Throw In,41,Sunderland,10770.0,Adam Matthews,Right Back,90.3,66.7,,,,False,,,,,,,False,,,,,,,False,False,left_to_right,False,90.3,66.7,,,False,False,False,False
a6e2d56f-c93e-498f-b391-f31cca5e15b6,3754237,2481,2,00:30:47.452,75,47,43,Carry,151,41,Sunderland,From Throw In,41,Sunderland,10770.0,Adam Matthews,Right Back,90.3,66.7,92.1,68.1,2.582343,False,,,,,,,False,,,,,,,False,False,left_to_right,False,90.3,66.7,92.1,68.1,False,False,False,False
94468757-6c71-477a-85ef-07efcf252c05,3754237,2482,2,00:30:50.034,75,50,30,Pass,151,41,Sunderland,From Throw In,41,Sunderland,10770.0,Adam Matthews,Right Back,92.1,68.1,103.9,52.0,0.738246,False,,,,,,Incomplete,False,19.961212,-0.9383168,Low Pass,,,,False,False,left_to_right,False,92.1,68.1,103.9,52.0,False,True,False,True
31fa27c1-f21b-4f80-907a-635c9676e35c,3754237,2483,2,00:30:50.773,75,50,9,Clearance,151,41,Sunderland,From Throw In,22,Leicester City,3662.0,Danny Drinkwater,Left Center Midfield,16.2,28.1,,,0.0,True,,,,,,,False,,,,,,,False,False,left_to_right,False,16.2,28.1,,,False,False,False,False
9d572119-06e8-4a0c-9221-d00f8038057e,3754237,2484,2,00:30:52.224,75,52,2,Ball Recovery,151,41,Sunderland,From Throw In,41,Sunderland,18751.0,Jack Rodwell,Left Center Midfield,82.7,43.8,,,0.0,False,,,,,,,False,,,,,,,False,False,left_to_right,False,82.7,43.8,,,False,False,False,False
e649a9ce-2dba-415f-9483-4b09b6739e6a,3754237,2485,2,00:30:52.224,75,52,43,Carry,151,41,Sunderland,From Throw In,41,Sunderland,18751.0,Jack Rodwell,Left Center Midfield,82.7,43.8,85.0,41.1,1.793159,False,,,,,,,False,,,,,,,False,False,left_to_right,False,82.7,43.8,85.0,41.1,False,False,False,False
fc115fc9-f15c-4254-b277-63a123fdb3ce,3754237,2486,2,00:30:54.017,75,54,30,Pass,151,41,Sunderland,From Throw In,41,Sunderland,18751.0,Jack Rodwell,Left Center Midfield,85.0,41.1,86.6,25.9,0.766611,False,,,,,,,True,15.283978,-1.4659194,Ground Pass,,42902.0,Adam Johnson,False,False,left_to_right,False,85.0,41.1,86.6,25.9,False,False,False,False
a1fd17e7-a901-42f2-8209-9a2fa6471248,3754237,2487,2,00:30:54.784,75,54,42,Ball Receipt*,151,41,Sunderland,From Throw In,41,Sunderland,42902.0,Adam Johnson,Right Midfield,86.6,25.9,,,,False,,,,,,,False,,,,,,,False,False,left_to_right,False,86.6,25.9,,,False,False,False,False
8b8c561d-ce3d-43c7-903a-4c6b6058aaf7,3754237,2488,2,00:30:54.784,75,54,43,Carry,151,41,Sunderland,From Throw In,41,Sunderland,42902.0,Adam Johnson,Right Midfield,86.6,25.9,87.5,27.7,0.704567,False,,,,,,,False,,,,,,,False,False,left_to_right,False,86.6,25.9,87.5,27.7,False,False,False,False
3af176f8-2619-406d-b968-8defe37edbbb,3754237,2489,2,00:30:55.488,75,55,30,Pass,151,41,Sunderland,From Throw In,41,Sunderland,42902.0,Adam Johnson,Right Midfield,87.5,27.7,83.4,39.1,0.670892,False,,,,,,,True,12.114867,1.9160413,Ground Pass,,18751.0,Jack Rodwell,False,False,left_to_right,False,87.5,27.7,83.4,39.1,False,False,False,False
24f1daf5-4738-4052-b518-23da033faaaf,3754237,2490,2,00:30:56.159,75,56,42,Ball Receipt*,151,41,Sunderland,From Throw In,41,Sunderland,18751.0,Jack Rodwell,Left Center Midfield,83.4,39.1,,,,False,,,,,,,False,,,,,,,False,False,left_to_right,False,83.4,39.1,,,False,False,False,False
3d773ec7-25f0-4665-a92c-9e6a9eb02126,3754237,2491,2,00:30:56.159,75,56,43,Carry,151,41,Sunderland,From Throw In,41,Sunderland,18751.0,Jack Rodwell,Left Center Midfield,83.4,39.1,77.4,40.3,1.125236,True,,,,,,,False,,,,,,,False,False,left_to_right,False,83.4,39.1,77.4,40.3,False,False,False,False
47257c5b-217a-4aec-b211-dd058cacf1e4,3754237,2492,2,00:30:57.018,75,57,17,Pressure,151,41,Sunderland,From Throw In,22,Leicester City,3810.0,Shinji Okazaki,Right Center Forward,39.7,40.1,,,0.574629,False,,,,,,,False,,,,,,,False,False,left_to_right,False,39.7,40.1,,,False,False,False,False
52daeeba-1494-40b1-9b9b-443e1c0ddeff,3754237,2493,2,00:30:57.284,75,57,3,Dispossessed,151,41,Sunderland,From Throw In,41,Sunderland,18751.0,Jack Rodwell,Left Center Midfield,77.4,40.3,,,0.0,True,,,,,,,False,,,,,,,False,False,left_to_right,False,77.4,40.3,,,False,False,False,True
97715cd4-52e4-4b01-9d51-3463d2504f63,3754237,2494,2,00:30:57.284,75,57,4,Duel,151,41,Sunderland,From Throw In,22,Leicester City,3810.0,Shinji Okazaki,Right Center Forward,42.7,39.8,,,0.0,True,,,,,,,False,,,,,,,False,False,left_to_right,False,42.7,39.8,,,False,False,False,False
63f67225-38f3-4a77-bf9b-b498ff115f94,3754237,2495,2,00:30:59.134,75,59,30,Pass,151,41,Sunderland,From Throw In,41,Sunderland,6300.0,Sebastián Coates Nión,Right Center Back,64.9,41.8,93.9,0.1,2.839971,False,,,,,,Out,False,50.792618,-0.9631349,High Pass,Recovery,,,False,False,left_to_right,False,64.9,41.8,93.9,0.1,False,False,True,True
993f5be4-7e5f-4cd9-bf16-b85ad59af2d6,3754237,2496,2,00:31:34.280,76,34,19,Substitution,151,41,Sunderland,From Throw In,22,Leicester City,3814.0,Riyad Mahrez,Left Midfield,,,,,0.0,False,,,,,,,False,,,,,,,False,False,left_to_right,False,,,,,False,False,False,False
0de5e34f-d9e9-4ab2-9678-b6197f5af494,3754237,2497,2,00:31:49.963,76,49,30,Pass,152,22,Leicester City,From Throw In,22,Leicester City,4826.0,Yohan Benalouane,Right Back,36.7,80.0,68.1,66.5,2.164265,False,,,,,,,True,34.17909,-0.4060443,High Pass,Throw-in,10960.0,Jamie Vardy,False,False,left_to_right,False,36.7,80.0,68.1,66.5,False,True,False,False
2ef464c6-3148-43a0-b578-b42ff5c6f29d,3754237,2498,2,00:31:52.128,76,52,42,Ball Receipt*,152,22,Leicester City,From Throw In,22,Leicester City,10960.0,Jamie Vardy,Left Center Forward,68.1,66.5,,,,False,,,,,,,False,,,,,,,False,False,left_to_right,False,68.1,66.5,,,False,False,False,False
ac032104-1dd5-4413-8309-53c6fb359e91,3754237,2499,2,00:31:52.128,76,52,43,Carry,152,22,Leicester City,From Throw In,22,Leicester City,10960.0,Jamie Vardy,Left Center Forward,68.1,66.5,70.8,76.8,1.959044,True,,,,,,,False,,,,,,,False,False,left_to_right,False,68.1,66.5,70.8,76.8,False,False,False,False
1e0db631-2445-40f4-b24a-ba8d8e167104,3754237,2500,2,00:31:52.185,76,52,17,Pressure,152,22,Leicester City,From Throw In,41,Sunderland,18751.0,Jack Rodwell,Left Center Midfield,54.1,13.4,,,0.840859,False,,,,,,,False,,,,,,,False,False,left_to_right,False,54.1,13.4,,,False,False,False,False
bc22dcff-5814-4179-b82f-b7f962443bed,3754237,2501,2,00:31:53.372,76,53,17,Pressure,152,22,Leicester City,From Throw In,41,Sunderland,4746.0,Younes Kaboul,Left Center Back,49.7,6.3,,,0.634263,False,,,,,,,False,,,,,,,False,False,left_to_right,False,49.7,6.3,,,False,False,False,False
c691531c-9da3-4454-8622-964d33495c28,3754237,2502,2,00:31:54.087,76,54,3,Dispossessed,152,22,Leicester City,From Throw In,22,Leicester City,10960.0,Jamie Vardy,Left Center Forward,70.8,76.8,,,0.0,True,,,,,,,False,,,,,,,False,False,left_to_right,False,70.8,76.8,,,False,False,False,True
c9014afb-e069-4ff6-a484-bcd1da9494aa,3754237,2503,2,00:31:54.087,76,54,4,Duel,152,22,Leicester City,From Throw In,41,Sunderland,4746.0,Younes Kaboul,Left Center Back,49.3,3.3,,,0.0,True,,,,,,,False,,,,,,,False,False,left_to_right,False,49.3,3.3,,,False,False,False,False
d7b42fe9-ae8b-4dd1-b418-4a6992619152,3754237,2504,2,00:32:11.039,77,11,30,Pass,153,22,Leicester City,From Throw In,22,Leicester City,4826.0,Yohan Benalouane,Right Back,68.1,80.0,89.0,69.9,1.547371,False,,,,,,,True,23.212496,-0.45016095,High Pass,Throw-in,10960.0,Jamie Vardy,False,False,left_to_right,False,68.1,80.0,89.0,69.9,False,True,True,False
54db284d-079e-458c-a5d3-55363e514242,3754237,2505,2,00:32:12.587,77,12,42,Ball Receipt*,153,22,Leicester City,From Throw In,22,Leicester City,10960.0,Jamie Vardy,Left Center Forward,89.0,69.9,,,,False,,,,,,,False,,,,,,,False,False,left_to_right,False,89.0,69.9,,,False,False,False,False
6502d38d-1716-4c4d-aa91-28b271cdb0da,3754237,2506,2,00:32:12.587,77,12,30,Pass,153,22,Leicester City,From Throw In,22,Leicester City,10960.0,Jamie Vardy,Left Center Forward,89.0,69.9,98.0,75.9,1.174586,False,,,,,,,True,10.816654,0.5880026,Low Pass,,3812.0,Christian Fuchs,False,False,left_to_right,False,89.0,69.9,98.0,75.9,False,False,False,False
aaedf34a-38e0-46e7-a7c1-d397faf66f82,3754237,2507,2,00:32:13.761,77,13,42,Ball Receipt*,153,22,Leicester City,From Throw In,22,Leicester City,3812.0,Christian Fuchs,Left Midfield,98.0,75.9,,,,False,,,,,,,False,,,,,,,False,False,left_to_right,False,98.0,75.9,,,False,False,False,False
3b7cb488-b3d5-436a-8da6-2b33eb66d319,3754237,2508,2,00:32:13.761,77,13,30,Pass,153,22,Leicester City,From Throw In,22,Leicester City,3812.0,Christian Fuchs,Left Midfield,98.0,75.9,111.8,72.0,3.245128,False,,,,,,,True,14.340502,-0.2754261,Ground Pass,,3810.0,Shinji Okazaki,False,False,left_to_right,False,98.0,75.9,111.8,72.0,False,False,False,False
729d03cd-08da-4a95-ac5a-76c07739b342,3754237,2509,2,00:32:16.748,77,16,17,Pressure,153,22,Leicester City,From Throw In,41,Sunderland,18751.0,Jack Rodwell,Left Center Midfield,7.7,8.6,,,1.946998,False,,,,,,,False,,,,,,,False,False,left_to_right,False,7.7,8.6,,,False,False,False,False
db7f7441-7165-454c-844e-04884f189f36,3754237,2510,2,00:32:17.007,77,17,42,Ball Receipt*,153,22,Leicester City,From Throw In,22,Leicester City,3810.0,Shinji Okazaki,Right Center Forward,111.8,72.0,,,,True,,,,,,,False,,,,,,,False,False,left_to_right,False,111.8,72.0,,,False,False,False,False
d80c0edb-7baf-4bae-911d-8852ab5477a7,3754237,2511,2,00:32:17.007,77,17,43,Carry,153,22,Leicester City,From Throw In,22,Leicester City,3810.0,Shinji Okazaki,Right Center Forward,111.8,72.0,112.4,74.3,2.181422,True,,,,,,,False,,,,,,,False,False,left_to_right,False,111.8,72.0,112.4,74.3,False,False,False,False
cdf7d60a-16b0-417b-9f87-2c910b0d0a21,3754237,2512,2,00:32:19.188,77,19,3,Dispossessed,153,22,Leicester City,From Throw In,22,Leicester City,3810.0,Shinji Okazaki,Right Center Forward,112.4,74.3,,,0.0,True,,,,,,,False,,,,,,,False,False,left_to_right,False,112.4,74.3,,,False,False,False,True
ce4cc78f-8224-46bd-88fd-b60a502a8a07,3754237,2513,2,00:32:19.188,77,19,4,Duel,153,22,Leicester City,From Throw In,41,Sunderland,18751.0,Jack Rodwell,Left Center Midfield,7.7,5.8,,,0.0,True,,,,,,,False,,,,,,,False,False,left_to_right,False,7.7,5.8,,,False,False,False,False
07b62422-57e0-4a99-868c-5eac743e9af8,3754237,2514,2,00:32:32.260,77,32,30,Pass,154,22,Leicester City,From Throw In,22,Leicester City,3307.0,Marc Albrighton,Right Midfield,112.1,80.0,113.5,68.5,1.24297,False,,,,,,,True,11.584904,-1.4496533,Low Pass,Throw-in,3810.0,Shinji Okazaki,False,False,left_to_right,False,112.1,80.0,113.5,68.5,False,True,False,False
93f0566d-b957-4759-af44-7554b114b6dd,3754237,2515,2,00:32:33.254,77,33,17,Pressure,154,22,Leicester City,From Throw In,41,Sunderland,18751.0,Jack Rodwell,Left Center Midfield,6.8,12.1,,,2.593497,False,,,,,,,False,,,,,,,False,False,left_to_right,False,6.8,12.1,,,False,False,False,False
b6e3e2ab-e99b-4d91-8f8a-d3d750065e46,3754237,2516,2,00:32:33.503,77,33,42,Ball Receipt*,154,22,Leicester City,From Throw In,22,Leicester City,3810.0,Shinji Okazaki,Right Center Forward,113.5,68.5,,,,True,,,,,,,False,,,,,,,False,False,left_to_right,False,113.5,68.5,,,False,False,False,False
e2aa43d0-2936-4306-9421-aae9c88ec31d,3754237,2517,2,00:32:33.503,77,33,43,Carry,154,22,Leicester City,From Throw In,22,Leicester City,3810.0,Shinji Okazaki,Right Center Forward,113.5,68.5,115.1,69.4,2.347123,True,,,,,,,False,,,,,,,False,False,left_to_right,False,113.5,68.5,115.1,69.4,False,False,False,False
c723c1c4-4f1a-4739-8bd1-aa6143fd30e2,3754237,2518,2,00:32:35.850,77,35,30,Pass,154,22,Leicester City,From Throw In,22,Leicester City,3810.0,Shinji Okazaki,Right Center Forward,115.1,69.4,112.7,77.0,1.27714,False,,,,,,,True,7.9699435,1.8766752,Ground Pass,,3307.0,Marc Albrighton,False,False,left_to_right,False,115.1,69.4,112.7,77.0,False,False,False,False
9724194d-bb35-41a3-99ab-7453a7f152bb,3754237,2519,2,00:32:37.127,77,37,42,Ball Receipt*,154,22,Leicester City,From Throw In,22,Leicester City,3307.0,Marc Albrighton,Right Midfield,112.7,77.0,,,,False,,,,,,,False,,,,,,,False,False,left_to_right,False,112.7,77.0,,,False,False,False,False
fee8c83a-d071-4c57-adcb-7c00e2909156,3754237,2520,2,00:32:37.127,77,37,43,Carry,154,22,Leicester City,From Throw In,22,Leicester City,3307.0,Marc Albrighton,Right Midfield,112.7,77.0,111.8,75.9,2.493043,False,,,,,,,False,,,,,,,False,False,left_to_right,False,112.7,77.0,111.8,75.9,False,False,False,False
2d63425c-64f1-4969-b506-d9a15a5d9251,3754237,2521,2,00:32:39.620,77,39,30,Pass,154,22,Leicester City,From Throw In,22,Leicester City,3307.0,Marc Albrighton,Right Midfield,111.8,75.9,106.8,59.8,1.945684,False,,,,,,,True,16.858528,-1.8719119,Ground Pass,,3665.0,Andrew Philip King,True,False,left_to_right,False,111.8,75.9,106.8,59.8,False,True,False,False
853c0c5e-9a99-4975-aa3f-96a0ecd494ab,3754237,2522,2,00:32:40.660,77,40,17,Pressure,154,22,Leicester City,From Throw In,41,Sunderland,5617.0,Sebastian Larsson,Right Center Midfield,13.8,21.3,,,0.949769,False,,,,,,,False,,,,,,,False,False,left_to_right,False,13.8,21.3,,,False,False,False,False
4aa4e5c2-5bf3-4b81-84ff-f773503d7dc8,3754237,2523,2,00:32:41.566,77,41,42,Ball Receipt*,154,22,Leicester City,From Throw In,22,Leicester City,3665.0,Andrew Philip King,Right Center Midfield,106.8,59.8,,,,True,,,,,,,False,,,,,,,False,False,left_to_right,False,106.8,59.8,,,False,False,False,False
73831b07-1fc7-415c-bf50-c93e6882b849,3754237,2524,2,00:32:41.606,77,41,16,Shot,154,22,Leicester City,From Throw In,22,Leicester City,3665.0,Andrew Philip King,Right Center Midfield,103.6,57.5,120.0,31.6,1.486477,True,0.034102485,Off T,Right Foot,Normal,Open Play,,False,,,,,,,False,False,left_to_right,False,103.6,57.5,120.0,31.6,False,False,False,False
0bbb0cf7-5a1d-48a1-8836-3b1f05cf836f,3754237,2525,2,00:32:43.093,77,43,23,Goal Keeper,154,22,Leicester City,From Throw In,41,Sunderland,6871.0,Costel Fane Pantilimon,Goalkeeper,0.6,38.6,,,0.0,False,,,,,,,False,,,,,,,False,False,left_to_right,False,0.6,38.6,,,False,False,False,False
16671edf-74e6-45a8-b32b-40052a623144,3754237,2526,2,00:33:04.206,78,4,30,Pass,155,41,Sunderland,From Goal Kick,41,Sunderland,6871.0,Costel Fane Pantilimon,Goalkeeper,6.0,36.0,69.8,54.9,3.375501,False,,,,,,,True,66.54059,0.28800207,High Pass,Goal Kick,9554.0,Steven Fletcher,False,False,left_to_right,False,6.0,36.0,69.8,54.9,False,True,False,False
01cccb5e-a93b-49fd-8366-6110191c8a67,3754237,2527,2,00:33:07.582,78,7,42,Ball Receipt*,155,41,Sunderland,From Goal Kick,41,Sunderland,9554.0,Steven Fletcher,Center Defensive Midfield,69.8,54.9,,,,False,,,,,,,False,,,,,,,False,False,left_to_right,False,69.8,54.9,,,False,False,False,False
b5564292-7b51-4e05-bc18-4431f4ab6e2f,3754237,2528,2,00:33:07.622,78,7,30,Pass,155,41,Sunderland,From Goal Kick,41,Sunderland,9554.0,Steven Fletcher,Center Defensive Midfield,69.8,54.9,93.0,54.7,2.531031,True,,,,,,Incomplete,False,23.200863,-0.008620476,Low Pass,,,,False,False,left_to_right,False,69.8,54.9,93.0,54.7,False,True,True,True
08b93e86-2ea5-4ad5-a160-da635a1e8a68,3754237,2529,2,00:33:07.622,78,7,4,Duel,155,41,Sunderland,From Goal Kick,22,Leicester City,3813.0,Wes Morgan,Left Center Back,50.3,25.2,,,0.0,True,,,,,,,False,,,,,,,False,False,left_to_right,False,50.3,25.2,,,False,False,False,False
0a8b6dbe-bb93-416b-8720-17398969ce6c,3754237,2530,2,00:33:09.871,78,9,17,Pressure,155,41,Sunderland,From Goal Kick,41,Sunderland,16457.0,Jeremain Lens,Left Midfield,89.4,55.8,,,2.286758,False,,,,,,,False,,,,,,,False,False,left_to_right,False,89.4,55.8,,,False,False,False,False
c00b935f-87c1-4572-91e3-0b0ba5712e58,3754237,2531,2,00:33:10.153,78,10,30,Pass,156,22,Leicester City,Regular Play,22,Leicester City,3812.0,Christian Fuchs,Left Midfield,27.1,25.4,6.0,43.9,2.061625,True,,,,,,,True,28.061718,2.421757,Ground Pass,Recovery,3815.0,Kasper Schmeichel,False,False,left_to_right,False,27.1,25.4,6.0,43.9,False,False,False,False
9e3d93ff-75c9-45af-a33e-700fd3c6118a,3754237,2532,2,00:33:12.215,78,12,42,Ball Receipt*,156,22,Leicester City,Regular Play,22,Leicester City,3815.0,Kasper Schmeichel,Goalkeeper,6.0,43.9,,,,False,,,,,,,False,,,,,,,False,False,left_to_right,False,6.0,43.9,,,False,False,False,False
d1952975-ac2b-45d5-a75e-74ad0ac883f9,3754237,2533,2,00:33:12.215,78,12,43,Carry,156,22,Leicester City,Regular Play,22,Leicester City,3815.0,Kasper Schmeichel,Goalkeeper,6.0,43.9,7.2,43.9,0.04,False,,,,,,,False,,,,,,,False,False,left_to_right,False,6.0,43.9,7.2,43.9,False,False,False,False
7d92cfb3-b66e-4714-9a3a-3f1e077dc70d,3754237,2534,2,00:33:12.255,78,12,30,Pass,156,22,Leicester City,Regular Play,22,Leicester City,3815.0,Kasper Schmeichel,Goalkeeper,7.2,43.9,64.1,30.1,3.611034,False,,,,,,,True,58.549553,-0.23793653,High Pass,,10960.0,Jamie Vardy,False,False,left_to_right,False,7.2,43.9,64.1,30.1,False,True,False,False
6dae63cc-3231-4e41-bd21-322f0ad74911,3754237,2535,2,00:33:15.866,78,15,42,Ball Receipt*,156,22,Leicester City,Regular Play,22,Leicester City,10960.0,Jamie Vardy,Left Center Forward,64.1,30.1,,,,False,,,,,,,False,,,,,,,False,False,left_to_right,False,64.1,30.1,,,False,False,False,False
7766162c-77f1-4428-8f9a-986c79a460fc,3754237,2536,2,00:33:15.866,78,15,4,Duel,156,22,Leicester City,Regular Play,41,Sunderland,6300.0,Sebastián Coates Nión,Right Center Back,56.0,50.0,,,0.0,True,,,,,,,False,,,,,,,False,False,left_to_right,False,56.0,50.0,,,False,False,False,False
3ffb26fb-5e09-4b8e-8f23-e5be0ad97e9c,3754237,2537,2,00:33:15.866,78,15,30,Pass,156,22,Leicester City,Regular Play,22,Leicester City,10960.0,Jamie Vardy,Left Center Forward,64.1,30.1,78.9,48.0,1.911342,True,,,,,,Incomplete,False,23.226063,0.8799169,Low Pass,,3810.0,Shinji Okazaki,False,False,left_to_right,False,64.1,30.1,78.9,48.0,False,True,False,True
d20605c5-94c3-4a55-ae8f-deacddadf2d3,3754237,2538,2,00:33:17.777,78,17,42,Ball Receipt*,156,22,Leicester City,Regular Play,22,Leicester City,3810.0,Shinji Okazaki,Right Center Forward,74.6,44.3,,,,False,,,,,,,False,,,,,,,False,False,left_to_right,False,74.6,44.3,,,False,False,False,False
9ab4f513-b497-4603-aa85-0758661d9e76,3754237,2539,2,00:33:17.777,78,17,30,Pass,156,22,Leicester City,Regular Play,41,Sunderland,4746.0,Younes Kaboul,Left Center Back,41.2,32.1,63.7,20.1,2.881987,False,,,,,,Incomplete,False,25.5,-0.48995733,High Pass,Recovery,,,False,False,left_to_right,False,41.2,32.1,63.7,20.1,False,False,False,True
efb1eca4-18fb-41c5-97d8-c7bdc68ee725,3754237,2540,2,00:33:20.659,78,20,30,Pass,156,22,Leicester City,Regular Play,22,Leicester City,4826.0,Yohan Benalouane,Right Back,56.4,60.0,62.3,48.0,2.030487,False,,,,,,,True,13.371985,-1.1138376,Low Pass,Recovery,3665.0,Andrew Philip King,False,False,left_to_right,False,56.4,60.0,62.3,48.0,False,False,False,False
ce012058-34aa-4815-b241-af77a89698df,3754237,2541,2,00:33:22.689,78,22,42,Ball Receipt*,156,22,Leicester City,Regular Play,22,Leicester City,3665.0,Andrew Philip King,Right Center Midfield,62.3,48.0,,,,False,,,,,,,False,,,,,,,False,False,left_to_right,False,62.3,48.0,,,False,False,False,False
b8ac4cc0-ee82-461c-9b23-0c1ca7ec4f1a,3754237,2542,2,00:33:22.689,78,22,30,Pass,156,22,Leicester City,Regular Play,22,Leicester City,3665.0,Andrew Philip King,Right Center Midfield,62.3,48.0,63.2,35.1,1.318017,False,,,,,,,True,12.931357,-1.5011418,Ground Pass,,10960.0,Jamie Vardy,False,False,left_to_right,False,62.3,48.0,63.2,35.1,False,False,False,False
b4deab11-fdf8-4bc6-b4d6-1ca13f7d5527,3754237,2543,2,00:33:24.007,78,24,42,Ball Receipt*,156,22,Leicester City,Regular Play,22,Leicester City,10960.0,Jamie Vardy,Left Center Forward,63.2,35.1,,,,False,,,,,,,False,,,,,,,False,False,left_to_right,False,63.2,35.1,,,False,False,False,False
515fd884-2a5a-4ad7-adcd-b4f5b3d0d8f6,3754237,2544,2,00:33:24.007,78,24,43,Carry,156,22,Leicester City,Regular Play,22,Leicester City,10960.0,Jamie Vardy,Left Center Forward,63.2,35.1,71.1,27.8,2.08787,False,,,,,,,False,,,,,,,False,False,left_to_right,False,63.2,35.1,71.1,27.8,False,False,False,False
2386fd26-fb39-47ee-ae09-c2ab74e90b23,3754237,2545,2,00:33:26.095,78,26,30,Pass,156,22,Leicester City,Regular Play,22,Leicester City,10960.0,Jamie Vardy,Left Center Forward,71.1,27.8,85.4,7.2,1.287463,False,,,,,,,True,25.076881,-0.9639906,Ground Pass,,3520.0,Jeffrey Schlupp,False,False,left_to_right,False,71.1,27.8,85.4,7.2,False,False,True,False
0eccee6b-4aa9-4e41-aca7-a1b1b81d5089,3754237,2546,2,00:33:27.383,78,27,42,Ball Receipt*,156,22,Leicester City,Regular Play,22,Leicester City,3520.0,Jeffrey Schlupp,Left Back,85.4,7.2,,,,False,,,,,,,False,,,,,,,False,False,left_to_right,False,85.4,7.2,,,False,False,False,False
e205b234-4f63-49a7-bddf-38ebcac01f98,3754237,2547,2,00:33:27.383,78,27,43,Carry,156,22,Leicester City,Regular Play,22,Leicester City,3520.0,Jeffrey Schlupp,Left Back,85.4,7.2,87.7,14.3,2.297141,False,,,,,,,False,,,,,,,False,False,left_to_right,False,85.4,7.2,87.7,14.3,False,False,False,False
494f66ea-36da-4e67-9669-c22ba4cf0ef7,3754237,2548,2,00:33:29.680,78,29,30,Pass,156,22,Leicester City,Regular Play,22,Leicester City,3520.0,Jeffrey Schlupp,Left Back,87.7,14.3,110.3,9.3,2.420098,False,,,,,,,True,23.14649,-0.21773174,Ground Pass,,3812.0,Christian Fuchs,False,False,left_to_right,False,87.7,14.3,110.3,9.3,False,False,False,False
4edc74a6-546c-4bff-957e-48c724fca8f0,3754237,2549,2,00:33:31.793,78,31,17,Pressure,156,22,Leicester City,Regular Play,41,Sunderland,10770.0,Adam Matthews,Right Back,9.4,67.6,,,0.475416,False,,,,,,,False,,,,,,,False,False,left_to_right,False,9.4,67.6,,,False,False,False,False
677f1ca7-6093-4094-9f0b-782780990391,3754237,2550,2,00:33:32.100,78,32,42,Ball Receipt*,156,22,Leicester City,Regular Play,22,Leicester City,3812.0,Christian Fuchs,Left Midfield,110.3,9.3,,,,True,,,,,,,False,,,,,,,False,False,left_to_right,False,110.3,9.3,,,False,False,False,False
8f319661-4a81-4d1a-81e5-6125d9ae62f9,3754237,2551,2,00:33:32.100,78,32,43,Carry,156,22,Leicester City,Regular Play,22,Leicester City,3812.0,Christian Fuchs,Left Midfield,110.3,9.3,114.2,7.6,0.04,True,,,,,,,False,,,,,,,False,False,left_to_right,False,110.3,9.3,114.2,7.6,False,False,False,False
588c81cb-0f92-4b23-aacf-1f28f47b351f,3754237,2552,2,00:33:32.140,78,32,30,Pass,156,22,Leicester City,Regular Play,22,Leicester City,3812.0,Christian Fuchs,Left Midfield,114.2,7.6,101.9,69.7,4.579044,True,,,,,,Incomplete,False,63.306396,1.7663331,High Pass,,3665.0,Andrew Philip King,False,False,left_to_right,False,114.2,7.6,101.9,69.7,False,False,False,True
a19fdd64-6a3f-492e-9b63-aeea51d84603,3754237,2553,2,00:33:36.637,78,36,17,Pressure,156,22,Leicester City,Regular Play,22,Leicester City,3665.0,Andrew Philip King,Right Center Midfield,99.2,71.5,,,2.249274,False,,,,,,,False,,,,,,,False,False,left_to_right,False,99.2,71.5,,,False,False,False,False
d810b008-c0de-4280-8bc5-b66ca249f7ff,3754237,2554,2,00:33:36.719,78,36,42,Ball Receipt*,156,22,Leicester City,Regular Play,22,Leicester City,3665.0,Andrew Philip King,Right Center Midfield,101.0,69.7,,,,False,,,,,,,False,,,,,,,False,False,left_to_right,False,101.0,69.7,,,False,False,False,False
20a4168d-7c43-441d-883b-cbda38938bd7,3754237,2555,2,00:33:36.719,78,36,2,Ball Recovery,157,41,Sunderland,Regular Play,41,Sunderland,42902.0,Adam Johnson,Right Midfield,18.2,10.4,,,0.0,True,,,,,,,False,,,,,,,False,False,left_to_right,False,18.2,10.4,,,False,False,False,False
db8e7c1e-4813-4ddf-b86e-32215e03acd4,3754237,2556,2,00:33:36.719,78,36,43,Carry,157,41,Sunderland,Regular Play,41,Sunderland,42902.0,Adam Johnson,Right Midfield,18.2,10.4,14.4,5.1,2.10336,True,,,,,,,False,,,,,,,False,False,left_to_right,False,18.2,10.4,14.4,5.1,False,False,False,False
2e226e1c-0073-4e51-b9e3-28ca57c40bb5,3754237,2557,2,00:33:38.822,78,38,30,Pass,157,41,Sunderland,Regular Play,41,Sunderland,42902.0,Adam Johnson,Right Midfield,14.4,5.1,23.2,19.2,1.386959,True,,,,,,,True,16.62077,1.0128348,Ground Pass,,18751.0,Jack Rodwell,False,False,left_to_right,False,14.4,5.1,23.2,19.2,False,False,False,False
3dd0f7f4-a2db-45fa-b46e-284469dfcb2a,3754237,2558,2,00:33:40.209,78,40,42,Ball Receipt*,157,41,Sunderland,Regular Play,41,Sunderland,18751.0,Jack Rodwell,Left Center Midfield,23.2,19.2,,,,False,,,,,,,False,,,,,,,False,False,left_to_right,False,23.2,19.2,,,False,False,False,False
ab268d2a-78fa-4a51-9a7e-77dc8f6cb6ad,3754237,2559,2,00:33:40.209,78,40,43,Carry,157,41,Sunderland,Regular Play,41,Sunderland,18751.0,Jack Rodwell,Left Center Midfield,23.2,19.2,60.5,24.7,6.676046,False,,,,,,,False,,,,,,,False,False,left_to_right,False,23.2,19.2,60.5,24.7,True,False,False,False
dc62e35d-d072-43ba-9706-50537db1c542,3754237,2560,2,00:33:46.885,78,46,30,Pass,157,41,Sunderland,Regular Play,41,Sunderland,18751.0,Jack Rodwell,Left Center Midfield,60.5,24.7,76.5,4.9,1.609212,False,,,,,,,True,25.45663,-0.89114743,Ground Pass,,9554.0,Steven Fletcher,False,False,left_to_right,False,60.5,24.7,76.5,4.9,False,False,False,False
a51463fb-9ff2-4719-8974-78035f86be47,3754237,2561,2,00:33:48.495,78,48,42,Ball Receipt*,157,41,Sunderland,Regular Play,41,Sunderland,9554.0,Steven Fletcher,Center Defensive Midfield,76.5,4.9,,,,False,,,,,,,False,,,,,,,False,False,left_to_right,False,76.5,4.9,,,False,False,False,False
4b1fe278-11b4-4969-a0e0-258285e79d4a,3754237,2562,2,00:33:48.495,78,48,43,Carry,157,41,Sunderland,Regular Play,41,Sunderland,9554.0,Steven Fletcher,Center Defensive Midfield,76.5,4.9,97.4,7.7,3.780851,False,,,,,,,False,,,,,,,False,False,left_to_right,False,76.5,4.9,97.4,7.7,True,False,False,False
38d93d21-d1b3-49d6-9af8-17851be2e91a,3754237,2563,2,00:33:52.275,78,52,30,Pass,157,41,Sunderland,Regular Play,41,Sunderland,9554.0,Steven Fletcher,Center Defensive Midfield,97.4,7.7,114.7,45.9,2.45894,False,,,,,,Incomplete,False,41.93483,1.1455504,High Pass,,,,False,False,left_to_right,False,97.4,7.7,114.7,45.9,False,True,False,True
53871154-d948-4543-91df-e2503e0e1f0e,3754237,2564,2,00:33:54.734,78,54,2,Ball Recovery,158,22,Leicester City,From Counter,22,Leicester City,3815.0,Kasper Schmeichel,Goalkeeper,5.4,34.2,,,0.0,False,,,,,,,False,,,,,,,False,False,left_to_right,False,5.4,34.2,,,False,False,False,False
250af68e-f2cc-4fb7-b72c-cabaabef665c,3754237,2565,2,00:33:54.734,78,54,43,Carry,158,22,Leicester City,From Counter,22,Leicester City,3815.0,Kasper Schmeichel,Goalkeeper,5.4,34.2,11.8,32.8,2.498938,False,,,,,,,False,,,,,,,False,False,left_to_right,False,5.4,34.2,11.8,32.8,False,False,False,False
4f0c6433-a008-4d7e-81d3-d23065730319,3754237,2566,2,00:33:57.233,78,57,30,Pass,158,22,Leicester City,From Counter,22,Leicester City,3815.0,Kasper Schmeichel,Goalkeeper,11.8,32.8,29.4,16.9,1.743918,False,,,,,,,True,23.718557,-0.7346954,Ground Pass,,3812.0,Christian Fuchs,False,False,left_to_right,False,11.8,32.8,29.4,16.9,False,False,False,False
557cd7a8-a6e8-480e-9353-c8db11582796,3754237,2567,2,00:33:58.977,78,58,42,Ball Receipt*,158,22,Leicester City,From Counter,22,Leicester City,3812.0,Christian Fuchs,Left Midfield,29.4,16.9,,,,False,,,,,,,False,,,,,,,False,False,left_to_right,False,29.4,16.9,,,False,False,False,False
97501f7b-b7a0-4005-8aad-5dd20aeaf99b,3754237,2568,2,00:33:58.977,78,58,43,Carry,158,22,Leicester City,From Counter,22,Leicester City,3812.0,Christian Fuchs,Left Midfield,29.4,16.9,36.5,14.3,3.51104,False,,,,,,,False,,,,,,,False,False,left_to_right,False,29.4,16.9,36.5,14.3,False,False,False,False
13a1516e-e1dd-4933-a92a-7539a3f48d9e,3754237,2569,2,00:34:02.488,79,2,30,Pass,158,22,Leicester City,From Counter,22,Leicester City,3812.0,Christian Fuchs,Left Midfield,36.5,14.3,52.4,26.8,1.360253,False,,,,,,,True,20.225231,0.66624695,Ground Pass,,3810.0,Shinji Okazaki,False,False,left_to_right,False,36.5,14.3,52.4,26.8,False,False,False,False
67a9fd35-3c0c-485a-bf02-19a6482a0f54,3754237,2570,2,00:34:03.849,79,3,42,Ball Receipt*,158,22,Leicester City,From Counter,22,Leicester City,3810.0,Shinji Okazaki,Right Center Forward,52.4,26.8,,,,False,,,,,,,False,,,,,,,False,False,left_to_right,False,52.4,26.8,,,False,False,False,False
f66c5681-74ac-4f08-b137-12c91129a11b,3754237,2571,2,00:34:03.849,79,3,43,Carry,158,22,Leicester City,From Counter,22,Leicester City,3810.0,Shinji Okazaki,Right Center Forward,52.4,26.8,51.7,26.6,0.91922,True,,,,,,,False,,,,,,,False,False,left_to_right,False,52.4,26.8,51.7,26.6,False,False,False,False
7edaf8eb-ece8-46c6-bd19-2cffa89cd321,3754237,2572,2,00:34:04.128,79,4,17,Pressure,158,22,Leicester City,From Counter,41,Sunderland,6300.0,Sebastián Coates Nión,Right Center Back,64.9,55.2,,,0.324775,False,,,,,,,False,,,,,,,False,False,left_to_right,False,64.9,55.2,,,False,False,False,False
8b1e025b-fd39-4796-aed1-3d7f54c11708,3754237,2573,2,00:34:04.768,79,4,22,Foul Committed,158,22,Leicester City,From Counter,41,Sunderland,6300.0,Sebastián Coates Nión,Right Center Back,68.4,53.5,,,0.0,False,,,,,,,False,,,,,,,False,False,left_to_right,False,68.4,53.5,,,False,False,False,False
763d3daa-982b-46f1-a17a-a539aa0ae0d8,3754237,2574,2,00:34:04.768,79,4,21,Foul Won,158,22,Leicester City,From Counter,22,Leicester City,3810.0,Shinji Okazaki,Right Center Forward,51.7,26.6,,,0.0,True,,,,,,,False,,,,,,,False,False,left_to_right,False,51.7,26.6,,,False,False,False,False
aedefe9f-6119-4417-9036-54dcdb2775bb,3754237,2575,2,00:34:14.435,79,14,30,Pass,159,22,Leicester City,From Free Kick,22,Leicester City,3662.0,Danny Drinkwater,Left Center Midfield,53.1,25.2,54.0,8.1,1.879259,False,,,,,,,True,17.123669,-1.5182133,Ground Pass,Free Kick,3520.0,Jeffrey Schlupp,False,False,left_to_right,False,53.1,25.2,54.0,8.1,False,False,False,False
7a3f2f79-c4f4-4cfa-a6e7-d6e7050f581c,3754237,2576,2,00:34:16.314,79,16,42,Ball Receipt*,159,22,Leicester City,From Free Kick,22,Leicester City,3520.0,Jeffrey Schlupp,Left Back,54.0,8.1,,,,False,,,,,,,False,,,,,,,False,False,left_to_right,False,54.0,8.1,,,False,False,False,False
ad15722e-6d4c-4d3d-872f-c8e6fef5af4c,3754237,2577,2,00:34:20.024,79,20,30,Pass,159,22,Leicester City,From Free Kick,22,Leicester City,3520.0,Jeffrey Schlupp,Left Back,64.6,8.4,60.9,21.0,1.075777,False,,,,,,,True,13.132022,1.856418,Ground Pass,,3662.0,Danny Drinkwater,False,False,left_to_right,False,64.6,8.4,60.9,21.0,False,False,False,False
d940b44e-6cef-4a13-8fbb-7e0bd04dbab0,3754237,2578,2,00:34:21.100,79,21,42,Ball Receipt*,159,22,Leicester City,From Free Kick,22,Leicester City,3662.0,Danny Drinkwater,Left Center Midfield,60.9,21.0,,,,False,,,,,,,False,,,,,,,False,False,left_to_right,False,60.9,21.0,,,False,False,False,False
bb0b6af9-e6c6-4284-8e1e-c02dd97b2af9,3754237,2579,2,00:34:21.100,79,21,43,Carry,159,22,Leicester City,From Free Kick,22,Leicester City,3662.0,Danny Drinkwater,Left Center Midfield,60.9,21.0,58.4,21.0,0.821179,False,,,,,,,False,,,,,,,False,False,left_to_right,False,60.9,21.0,58.4,21.0,False,False,False,False
8a5cd616-2c7f-4733-9795-480724b1c88a,3754237,2580,2,00:34:21.921,79,21,30,Pass,159,22,Leicester City,From Free Kick,22,Leicester City,3662.0,Danny Drinkwater,Left Center Midfield,58.4,21.0,36.7,32.1,1.571167,False,,,,,,,True,24.374166,2.668771,Ground Pass,,3813.0,Wes Morgan,False,False,left_to_right,False,58.4,21.0,36.7,32.1,False,False,False,False
c7296666-1cee-4d5f-b8ee-22789407f136,3754237,2581,2,00:34:23.492,79,23,42,Ball Receipt*,159,22,Leicester City,From Free Kick,22,Leicester City,3813.0,Wes Morgan,Left Center Back,36.7,32.1,,,,False,,,,,,,False,,,,,,,False,False,left_to_right,False,36.7,32.1,,,False,False,False,False
85f3b37d-e649-4b17-970e-d3f85bc35e20,3754237,2582,2,00:34:23.492,79,23,43,Carry,159,22,Leicester City,From Free Kick,22,Leicester City,3813.0,Wes Morgan,Left Center Back,36.7,32.1,36.7,32.1,1.024739,True,,,,,,,False,,,,,,,False,False,left_to_right,False,36.7,32.1,36.7,32.1,False,False,False,False
b4dec8be-794e-403e-9b7a-0bc4ea7a9668,3754237,2583,2,00:34:23.669,79,23,17,Pressure,159,22,Leicester City,From Free Kick,41,Sunderland,9554.0,Steven Fletcher,Center Defensive Midfield,81.3,47.1,,,0.952458,False,,,,,,,False,,,,,,,False,False,left_to_right,False,81.3,47.1,,,False,False,False,False
407f1b8b-f478-4c54-9a6d-339f02fcc034,3754237,2584,2,00:34:24.517,79,24,30,Pass,159,22,Leicester City,From Free Kick,22,Leicester City,3813.0,Wes Morgan,Left Center Back,36.7,32.1,43.6,6.7,1.333234,True,,,,,,,True,26.320524,-1.3055439,Ground Pass,,3812.0,Christian Fuchs,False,False,left_to_right,False,36.7,32.1,43.6,6.7,False,False,False,False
77e25315-ced2-4882-91cc-a308be81e912,3754237,2585,2,00:34:25.850,79,25,42,Ball Receipt*,159,22,Leicester City,From Free Kick,22,Leicester City,3812.0,Christian Fuchs,Left Midfield,43.6,6.7,,,,False,,,,,,,False,,,,,,,False,False,left_to_right,False,43.6,6.7,,,False,False,False,False
d49277fb-9605-46ec-9dca-b7d449ac4673,3754237,2586,2,00:34:25.850,79,25,43,Carry,159,22,Leicester City,From Free Kick,22,Leicester City,3812.0,Christian Fuchs,Left Midfield,43.6,6.7,35.3,8.8,1.495094,True,,,,,,,False,,,,,,,False,False,left_to_right,False,43.6,6.7,35.3,8.8,False,False,False,False
a5d8f8f3-d2f7-49be-895a-fdb8ebc9636b,3754237,2587,2,00:34:26.370,79,26,17,Pressure,159,22,Leicester City,From Free Kick,41,Sunderland,16457.0,Jeremain Lens,Left Midfield,78.1,72.2,,,0.842955,False,,,,,,,False,,,,,,,False,False,left_to_right,False,78.1,72.2,,,False,False,False,False
92bf95c6-a034-4e12-85cd-63f0489bc06f,3754237,2588,2,00:34:27.346,79,27,30,Pass,159,22,Leicester City,From Free Kick,22,Leicester City,3812.0,Christian Fuchs,Left Midfield,35.3,8.8,8.4,29.3,2.784581,False,,,,,,,True,33.821,2.490404,Ground Pass,,3815.0,Kasper Schmeichel,False,False,left_to_right,False,35.3,8.8,8.4,29.3,False,False,False,False
f20dfa4b-9a88-4f2f-8903-a90470b7cc54,3754237,2589,2,00:34:29.135,79,29,17,Pressure,159,22,Leicester City,From Free Kick,41,Sunderland,9554.0,Steven Fletcher,Center Defensive Midfield,103.9,57.6,,,0.998139,False,,,,,,,False,,,,,,,False,False,left_to_right,False,103.9,57.6,,,False,False,False,False
e10c4e17-115b-46f4-92cb-57320e136c81,3754237,2590,2,00:34:30.130,79,30,42,Ball Receipt*,159,22,Leicester City,From Free Kick,22,Leicester City,3815.0,Kasper Schmeichel,Goalkeeper,8.4,29.3,,,,True,,,,,,,False,,,,,,,False,False,left_to_right,False,8.4,29.3,,,False,False,False,False
60fd64c4-e6bb-429b-9906-4b8091f28cd3,3754237,2591,2,00:34:30.130,79,30,30,Pass,159,22,Leicester City,From Free Kick,22,Leicester City,3815.0,Kasper Schmeichel,Goalkeeper,8.4,30.1,55.8,16.9,5.052716,True,,,,,,,True,49.20366,-0.2715996,High Pass,,3810.0,Shinji Okazaki,False,False,left_to_right,False,8.4,30.1,55.8,16.9,False,True,False,False
21397527-03f8-49bc-8cde-566f1b8e8a83,3754237,2592,2,00:34:35.142,79,35,17,Pressure,159,22,Leicester City,From Free Kick,41,Sunderland,5617.0,Sebastian Larsson,Right Center Midfield,64.3,63.2,,,1.112936,False,,,,,,,False,,,,,,,False,False,left_to_right,False,64.3,63.2,,,False,False,False,False
fa3287af-f121-4147-a738-2c8fcba31957,3754237,2593,2,00:34:35.183,79,35,42,Ball Receipt*,159,22,Leicester City,From Free Kick,22,Leicester City,3810.0,Shinji Okazaki,Right Center Forward,55.8,16.9,,,,True,,,,,,,False,,,,,,,False,False,left_to_right,False,55.8,16.9,,,False,False,False,False
9910bca9-908e-4762-bafc-ef27f6531f54,3754237,2594,2,00:34:35.183,79,35,43,Carry,159,22,Leicester City,From Free Kick,22,Leicester City,3810.0,Shinji Okazaki,Right Center Forward,55.8,16.9,65.5,20.8,2.077507,True,,,,,,,False,,,,,,,False,False,left_to_right,False,55.8,16.9,65.5,20.8,False,False,False,False
946f458c-2d72-4eb4-9844-68ddede6641e,3754237,2595,2,00:34:36.575,79,36,17,Pressure,159,22,Leicester City,From Free Kick,41,Sunderland,6300.0,Sebastián Coates Nión,Right Center Back,53.7,59.6,,,0.477814,False,,,,,,,False,,,,,,,False,False,left_to_right,False,53.7,59.6,,,False,False,False,False
394c6489-7b47-484e-8a3d-df17bfda6791,3754237,2596,2,00:34:37.260,79,37,3,Dispossessed,159,22,Leicester City,From Free Kick,22,Leicester City,3810.0,Shinji Okazaki,Right Center Forward,65.5,20.8,,,0.0,True,,,,,,,False,,,,,,,False,False,left_to_right,False,65.5,20.8,,,False,False,False,True
a5309adc-30d0-445e-a976-205699e4d27c,3754237,2597,2,00:34:37.260,79,37,4,Duel,159,22,Leicester City,From Free Kick,41,Sunderland,6300.0,Sebastián Coates Nión,Right Center Back,54.6,59.3,,,0.0,True,,,,,,,False,,,,,,,False,False,left_to_right,False,54.6,59.3,,,False,False,False,False
dc0239ff-6eea-4f6b-b844-dbc77980af6e,3754237,2598,2,00:34:37.603,79,37,17,Pressure,159,22,Leicester City,From Free Kick,41,Sunderland,5617.0,Sebastian Larsson,Right Center Midfield,55.7,59.6,,,0.582933,False,,,,,,,False,,,,,,,False,False,left_to_right,False,55.7,59.6,,,False,False,False,False
c93d692c-273a-493e-9279-674a8f420b9c,3754237,2599,2,00:34:37.647,79,37,17,Pressure,159,22,Leicester City,From Free Kick,41,Sunderland,5617.0,Sebastian Larsson,Right Center Midfield,56.4,61.4,,,0.577396,False,,,,,,,False,,,,,,,False,False,left_to_right,False,56.4,61.4,,,False,False,False,False
b099e0d9-5d19-40fa-acca-63c7fa5d3b0a,3754237,2600,2,00:34:38.163,79,38,2,Ball Recovery,159,22,Leicester City,From Free Kick,22,Leicester City,3810.0,Shinji Okazaki,Right Center Forward,63.7,19.2,,,0.0,True,,,,,,,False,,,,,,,False,False,left_to_right,False,63.7,19.2,,,False,False,False,False
383e4a59-d5ae-4271-9917-6965bc5b7df8,3754237,2601,2,00:34:38.163,79,38,43,Carry,159,22,Leicester City,From Free Kick,22,Leicester City,3810.0,Shinji Okazaki,Right Center Forward,63.7,19.2,66.0,19.6,0.156076,True,,,,,,,False,,,,,,,False,False,left_to_right,False,63.7,19.2,66.0,19.6,False,False,False,False
7583ca43-4728-41fc-9026-6eaa25dde892,3754237,2602,2,00:34:38.319,79,38,3,Dispossessed,159,22,Leicester City,From Free Kick,22,Leicester City,3810.0,Shinji Okazaki,Right Center Forward,66.0,19.6,,,0.0,True,,,,,,,False,,,,,,,False,False,left_to_right,False,66.0,19.6,,,False,False,False,True
b708fefe-6705-49f8-9ece-98211f6ac373,3754237,2603,2,00:34:38.319,79,38,4,Duel,160,41,Sunderland,Regular Play,41,Sunderland,5617.0,Sebastian Larsson,Right Center Midfield,54.1,60.5,,,0.0,True,,,,,,,False,,,,,,,False,False,left_to_right,False,54.1,60.5,,,False,False,False,False
d1ae99c1-4cc7-4aa6-b207-df327f5d52bd,3754237,2604,2,00:34:39.155,79,39,2,Ball Recovery,160,41,Sunderland,Regular Play,41,Sunderland,6300.0,Sebastián Coates Nión,Right Center Back,50.4,57.0,,,0.0,False,,,,,,,False,,,,,,,False,False,left_to_right,False,50.4,57.0,,,False,False,False,False
7aec8e58-295f-4885-aacf-fa7aed484165,3754237,2605,2,00:34:39.155,79,39,43,Carry,160,41,Sunderland,Regular Play,41,Sunderland,6300.0,Sebastián Coates Nión,Right Center Back,50.4,57.0,50.2,57.0,0.596168,False,,,,,,,False,,,,,,,False,False,left_to_right,False,50.4,57.0,50.2,57.0,False,False,False,False
74336898-c644-45b3-962d-81b9d6637bd6,3754237,2606,2,00:34:39.751,79,39,30,Pass,160,41,Sunderland,Regular Play,41,Sunderland,6300.0,Sebastián Coates Nión,Right Center Back,50.2,57.0,51.1,70.8,0.943549,False,,,,,,,True,13.829317,1.5056711,Ground Pass,,10770.0,Adam Matthews,False,False,left_to_right,False,50.2,57.0,51.1,70.8,False,False,False,False
04aa356c-9d37-4bc3-bf38-5279a01b61ce,3754237,2607,2,00:34:40.695,79,40,42,Ball Receipt*,160,41,Sunderland,Regular Play,41,Sunderland,10770.0,Adam Matthews,Right Back,51.1,70.8,,,,False,,,,,,,False,,,,,,,False,False,left_to_right,False,51.1,70.8,,,False,False,False,False
daf1bd59-430a-4e46-a857-016ccfee5ce8,3754237,2608,2,00:34:40.695,79,40,43,Carry,160,41,Sunderland,Regular Play,41,Sunderland,10770.0,Adam Matthews,Right Back,51.1,70.8,51.6,70.8,0.959432,False,,,,,,,False,,,,,,,False,False,left_to_right,False,51.1,70.8,51.6,70.8,False,False,False,False
8d46bafd-f45d-453f-80df-5e7fa85fa102,3754237,2609,2,00:34:41.654,79,41,30,Pass,160,41,Sunderland,Regular Play,41,Sunderland,10770.0,Adam Matthews,Right Back,51.6,70.8,56.0,65.8,0.167066,False,,,,,,Incomplete,False,6.6603303,-0.8491415,Ground Pass,,,,False,False,left_to_right,False,51.6,70.8,56.0,65.8,False,False,False,True
710c9df2-bd20-4157-ae44-2bada9ba82b2,3754237,2610,2,00:34:41.821,79,41,6,Block,160,41,Sunderland,Regular Play,22,Leicester City,3520.0,Jeffrey Schlupp,Left Back,64.1,14.3,,,0.0,False,,,,,,,False,,,,,,,False,False,left_to_right,False,64.1,14.3,,,False,False,False,False
924353c3-664b-41d2-8f2b-abab6ef831b1,3754237,2611,2,00:34:42.640,79,42,17,Pressure,160,41,Sunderland,Regular Play,22,Leicester City,3520.0,Jeffrey Schlupp,Left Back,63.5,12.5,,,1.123259,False,,,,,,,False,,,,,,,False,False,left_to_right,False,63.5,12.5,,,False,False,False,False
a8162f2b-265b-41b8-8a0a-0133be343c53,3754237,2612,2,00:34:43.028,79,43,2,Ball Recovery,160,41,Sunderland,Regular Play,41,Sunderland,10770.0,Adam Matthews,Right Back,60.5,70.2,,,0.0,True,,,,,,,False,,,,,,,False,False,left_to_right,False,60.5,70.2,,,False,False,False,False
db9e0a07-1506-457f-a5cb-b65c5ddfec9c,3754237,2613,2,00:34:43.028,79,43,43,Carry,160,41,Sunderland,Regular Play,41,Sunderland,10770.0,Adam Matthews,Right Back,60.5,70.2,63.1,72.0,0.735293,True,,,,,,,False,,,,,,,False,False,left_to_right,False,60.5,70.2,63.1,72.0,False,False,False,False
d344cc53-6b97-48e6-9b8f-42b913634914,3754237,2614,2,00:34:43.763,79,43,14,Dribble,160,41,Sunderland,Regular Play,41,Sunderland,10770.0,Adam Matthews,Right Back,63.1,72.0,,,0.0,True,,,,,,,False,,,,,,,False,False,left_to_right,False,63.1,72.0,,,False,False,False,False
26d6fbd0-2741-4147-a3f1-329e22256423,3754237,2615,2,00:34:43.763,79,43,4,Duel,160,41,Sunderland,Regular Play,22,Leicester City,3520.0,Jeffrey Schlupp,Left Back,57.0,8.1,,,0.0,True,,,,,,,False,,,,,,,False,False,left_to_right,False,57.0,8.1,,,False,False,False,False
8bb9ac4b-6eb6-4868-9b1b-38c20ff43c98,3754237,2616,2,00:34:56.194,79,56,30,Pass,161,41,Sunderland,From Throw In,41,Sunderland,10770.0,Adam Matthews,Right Back,60.8,80.0,64.5,36.2,2.94279,False,,,,,,,True,43.956,-1.4865215,High Pass,Throw-in,18751.0,Jack Rodwell,False,False,left_to_right,False,60.8,80.0,64.5,36.2,False,False,False,False
2207c216-2fc2-4cb2-bedf-02827de34a5a,3754237,2617,2,00:34:59.136,79,59,42,Ball Receipt*,161,41,Sunderland,From Throw In,41,Sunderland,18751.0,Jack Rodwell,Left Center Midfield,64.5,36.2,,,,False,,,,,,,False,,,,,,,False,False,left_to_right,False,64.5,36.2,,,False,False,False,False
25bdc324-de9f-4395-ba3c-244af66151ae,3754237,2618,2,00:34:59.136,79,59,43,Carry,161,41,Sunderland,From Throw In,41,Sunderland,18751.0,Jack Rodwell,Left Center Midfield,64.5,36.2,64.9,29.1,1.548793,False,,,,,,,False,,,,,,,False,False,left_to_right,False,64.5,36.2,64.9,29.1,False,False,False,False
0eafe32a-67c9-40c8-9c79-13a2359d8182,3754237,2619,2,00:35:00.685,80,0,30,Pass,161,41,Sunderland,From Throw In,41,Sunderland,18751.0,Jack Rodwell,Left Center Midfield,64.9,29.1,83.6,5.4,2.065548,False,,,,,,,True,30.189072,-0.9027806,Ground Pass,,3321.0,Patrick van Aanholt,False,False,left_to_right,False,64.9,29.1,83.6,5.4,False,False,True,False
670796ed-1f65-4535-a5cc-fbe95e5a1bff,3754237,2620,2,00:35:02.751,80,2,42,Ball Receipt*,161,41,Sunderland,From Throw In,41,Sunderland,3321.0,Patrick van Aanholt,Left Back,83.6,5.4,,,,False,,,,,,,False,,,,,,,False,False,left_to_right,False,83.6,5.4,,,False,False,False,False
cc2e16c2-179c-4f6a-860a-87fe51a4509e,3754237,2621,2,00:35:02.751,80,2,43,Carry,161,41,Sunderland,From Throw In,41,Sunderland,3321.0,Patrick van Aanholt,Left Back,83.6,5.4,93.9,4.5,2.184415,False,,,,,,,False,,,,,,,False,False,left_to_right,False,83.6,5.4,93.9,4.5,False,False,False,False
31ac2e25-5ac2-4a06-86c7-be6ea2a944ca,3754237,2622,2,00:35:04.935,80,4,30,Pass,161,41,Sunderland,From Throw In,41,Sunderland,3321.0,Patrick van Aanholt,Left Back,93.9,4.5,88.9,16.0,1.40912,False,,,,,,,True,12.539936,1.9809237,Ground Pass,,42902.0,Adam Johnson,False,False,left_to_right,False,93.9,4.5,88.9,16.0,False,False,False,False
03aefc32-695c-41b6-9f1c-fecd73a48ebb,3754237,2623,2,00:35:06.344,80,6,42,Ball Receipt*,161,41,Sunderland,From Throw In,41,Sunderland,42902.0,Adam Johnson,Right Midfield,88.9,16.0,,,,False,,,,,,,False,,,,,,,False,False,left_to_right,False,88.9,16.0,,,False,False,False,False
71d745eb-fb74-4840-940f-c519cb379b32,3754237,2624,2,00:35:06.344,80,6,43,Carry,161,41,Sunderland,From Throw In,41,Sunderland,42902.0,Adam Johnson,Right Midfield,88.9,16.0,83.9,49.6,8.303621,True,,,,,,,False,,,,,,,False,False,left_to_right,False,88.9,16.0,83.9,49.6,False,False,False,False
d46a0104-6532-476e-92cd-9860910361b5,3754237,2625,2,00:35:08.106,80,8,17,Pressure,161,41,Sunderland,From Throw In,22,Leicester City,3665.0,Andrew Philip King,Right Center Midfield,28.6,61.8,,,1.957682,False,,,,,,,False,,,,,,,False,False,left_to_right,False,28.6,61.8,,,False,False,False,False
1aa6b2a1-6739-4294-bb9c-5a6fae3264bd,3754237,2626,2,00:35:14.186,80,14,17,Pressure,161,41,Sunderland,From Throw In,22,Leicester City,3662.0,Danny Drinkwater,Left Center Midfield,35.6,28.1,,,0.597498,False,,,,,,,False,,,,,,,False,False,left_to_right,False,35.6,28.1,,,False,False,False,False
a32bb255-b505-4430-ae0b-5d6cbe76a0a5,3754237,2627,2,00:35:14.648,80,14,30,Pass,161,41,Sunderland,From Throw In,41,Sunderland,42902.0,Adam Johnson,Right Midfield,83.9,49.6,72.8,25.4,1.539163,True,,,,,,,True,26.624237,-2.000843,Ground Pass,,18751.0,Jack Rodwell,False,False,left_to_right,False,83.9,49.6,72.8,25.4,False,False,False,False
495fed21-a3ca-4348-ba35-43cd2e402332,3754237,2628,2,00:35:16.187,80,16,42,Ball Receipt*,161,41,Sunderland,From Throw In,41,Sunderland,18751.0,Jack Rodwell,Left Center Midfield,72.8,25.4,,,,False,,,,,,,False,,,,,,,False,False,left_to_right,False,72.8,25.4,,,False,False,False,False
c4975bf6-c00e-4488-b1f7-9ba8b425d1da,3754237,2629,2,00:35:16.187,80,16,43,Carry,161,41,Sunderland,From Throw In,41,Sunderland,18751.0,Jack Rodwell,Left Center Midfield,72.8,25.4,79.0,22.2,2.302502,False,,,,,,,False,,,,,,,False,False,left_to_right,False,72.8,25.4,79.0,22.2,False,False,False,False
a53bbb8f-e3bf-4af8-99f4-e75546ff9006,3754237,2630,2,00:35:18.490,80,18,30,Pass,161,41,Sunderland,From Throw In,41,Sunderland,18751.0,Jack Rodwell,Left Center Midfield,79.0,22.2,94.5,7.7,1.388974,False,,,,,,,True,21.224985,-0.75207716,Ground Pass,,3321.0,Patrick van Aanholt,False,False,left_to_right,False,79.0,22.2,94.5,7.7,False,False,True,False
5d9a1611-2a7d-403c-80d7-4ae9ddbabafa,3754237,2631,2,00:35:19.879,80,19,42,Ball Receipt*,161,41,Sunderland,From Throw In,41,Sunderland,3321.0,Patrick van Aanholt,Left Back,94.5,7.7,,,,False,,,,,,,False,,,,,,,False,False,left_to_right,False,94.5,7.7,,,False,False,False,False
1860321b-09a1-406c-8126-c1663956cf64,3754237,2632,2,00:35:19.879,80,19,43,Carry,161,41,Sunderland,From Throw In,41,Sunderland,3321.0,Patrick van Aanholt,Left Back,94.5,7.7,95.1,7.4,1.219907,False,,,,,,,False,,,,,,,False,False,left_to_right,False,94.5,7.7,95.1,7.4,False,False,False,False
b1283e07-1c40-4877-8310-4dc994460cd4,3754237,2633,2,00:35:21.099,80,21,30,Pass,161,41,Sunderland,From Throw In,41,Sunderland,3321.0,Patrick van Aanholt,Left Back,95.1,7.4,83.9,6.9,0.795952,False,,,,,,,True,11.211155,-3.0969794,Ground Pass,,18751.0,Jack Rodwell,False,False,left_to_right,False,95.1,7.4,83.9,6.9,False,False,False,False
0117430a-ca84-444f-9cad-ec8e40a25bf8,3754237,2634,2,00:35:21.894,80,21,42,Ball Receipt*,161,41,Sunderland,From Throw In,41,Sunderland,18751.0,Jack Rodwell,Left Center Midfield,83.9,6.9,,,,False,,,,,,,False,,,,,,,False,False,left_to_right,False,83.9,6.9,,,False,False,False,False
75392d19-54ef-4dc6-b00e-624000ee5cd5,3754237,2635,2,00:35:21.894,80,21,43,Carry,161,41,Sunderland,From Throw In,41,Sunderland,18751.0,Jack Rodwell,Left Center Midfield,83.9,6.9,83.9,6.9,3.323585,False,,,,,,,False,,,,,,,False,False,left_to_right,False,83.9,6.9,83.9,6.9,False,False,False,False
42297535-8128-4653-8615-7bfb8e4a03b8,3754237,2636,2,00:35:25.218,80,25,30,Pass,161,41,Sunderland,From Throw In,41,Sunderland,18751.0,Jack Rodwell,Left Center Midfield,83.9,6.9,77.8,35.1,1.422753,False,,,,,,,True,28.85221,1.7838262,Ground Pass,,5617.0,Sebastian Larsson,True,False,left_to_right,False,83.9,6.9,77.8,35.1,False,False,False,False
ab5ced32-414d-440c-a951-399002e580c4,3754237,2637,2,00:35:26.641,80,26,42,Ball Receipt*,161,41,Sunderland,From Throw In,41,Sunderland,5617.0,Sebastian Larsson,Right Center Midfield,77.8,35.1,,,,False,,,,,,,False,,,,,,,False,False,left_to_right,False,77.8,35.1,,,False,False,False,False
1ed3aaa8-4a5f-4e45-8d46-0babab5ca2d0,3754237,2638,2,00:35:26.641,80,26,43,Carry,161,41,Sunderland,From Throw In,41,Sunderland,5617.0,Sebastian Larsson,Right Center Midfield,77.8,35.1,86.5,39.2,1.585774,False,,,,,,,False,,,,,,,False,False,left_to_right,False,77.8,35.1,86.5,39.2,False,False,False,False
f924d5a1-7872-405f-924c-be922c2a5d08,3754237,2639,2,00:35:28.227,80,28,16,Shot,161,41,Sunderland,From Throw In,41,Sunderland,5617.0,Sebastian Larsson,Right Center Midfield,86.5,39.2,90.7,39.1,0.232912,False,0.02059825,Blocked,Right Foot,Normal,Open Play,,False,,,,,,,False,False,left_to_right,False,86.5,39.2,90.7,39.1,False,False,False,False
ef936110-c6d9-4b2c-b291-b05c73b549c4,3754237,2640,2,00:35:28.459,80,28,6,Block,161,41,Sunderland,From Throw In,22,Leicester City,3662.0,Danny Drinkwater,Left Center Midfield,29.4,41.0,,,0.0,False,,,,,,,False,,,,,,,False,False,left_to_right,False,29.4,41.0,,,False,False,False,False
6b4cbbce-4a39-4d96-b1dc-5c628b072284,3754237,2641,2,00:35:28.499,80,28,23,Goal Keeper,161,41,Sunderland,From Throw In,22,Leicester City,3815.0,Kasper Schmeichel,Goalkeeper,2.1,41.6,,,0.0,False,,,,,,,False,,,,,,,False,False,left_to_right,False,2.1,41.6,,,False,False,False,False
86032363-c7f3-45d4-8f4c-3fca38685ba5,3754237,2642,2,00:35:29.086,80,29,9,Clearance,161,41,Sunderland,From Throw In,22,Leicester City,40123.0,Robert Huth,Right Center Back,16.0,43.4,,,0.0,True,,,,,,,False,,,,,,,False,False,left_to_right,False,16.0,43.4,,,False,False,False,False
d90325f4-bde2-4d42-baf5-379d6c25c9b3,3754237,2643,2,00:35:31.683,80,31,9,Clearance,161,41,Sunderland,From Throw In,22,Leicester City,3520.0,Jeffrey Schlupp,Left Back,20.1,23.4,,,0.0,True,,,,,,,False,,,,,,,False,False,left_to_right,False,20.1,23.4,,,False,False,False,False
b6f45672-860d-4710-ac51-0acdabcdb6ee,3754237,2644,2,00:35:32.782,80,32,30,Pass,161,41,Sunderland,From Throw In,41,Sunderland,5617.0,Sebastian Larsson,Right Center Midfield,91.2,43.8,84.3,34.4,1.46346,False,,,,,,Incomplete,False,11.660618,-2.2040062,Low Pass,Recovery,,,False,False,left_to_right,False,91.2,43.8,84.3,34.4,False,False,False,True
9d81c029-8371-4341-b53b-992487356176,3754237,2645,2,00:35:34.245,80,34,2,Ball Recovery,161,41,Sunderland,From Throw In,22,Leicester City,3810.0,Shinji Okazaki,Right Center Forward,35.8,45.7,,,0.0,False,,,,,,,False,,,,,,,False,False,left_to_right,False,35.8,45.7,,,False,False,False,False
b1323359-b9ca-4c25-a37a-5ac5c7333bea,3754237,2646,2,00:35:34.245,80,34,43,Carry,161,41,Sunderland,From Throw In,22,Leicester City,3810.0,Shinji Okazaki,Right Center Forward,35.8,45.7,41.8,41.6,1.697083,True,,,,,,,False,,,,,,,False,False,left_to_right,False,35.8,45.7,41.8,41.6,False,False,False,False
b695b4a7-208b-4197-904c-5cb2e1b7373c,3754237,2647,2,00:35:35.205,80,35,17,Pressure,161,41,Sunderland,From Throw In,41,Sunderland,18751.0,Jack Rodwell,Left Center Midfield,79.5,35.3,,,0.608078,False,,,,,,,False,,,,,,,False,False,left_to_right,False,79.5,35.3,,,False,False,False,False
9920b0e3-e6c4-4858-9107-b32b2ffe462e,3754237,2648,2,00:35:35.942,80,35,14,Dribble,161,41,Sunderland,From Throw In,22,Leicester City,3810.0,Shinji Okazaki,Right Center Forward,41.8,41.6,,,0.0,True,,,,,,,False,,,,,,,False,False,left_to_right,False,41.8,41.6,,,False,False,False,False
dfdcad9b-6fef-43af-aa3c-a15e7c692262,3754237,2649,2,00:35:35.942,80,35,4,Duel,161,41,Sunderland,From Throw In,41,Sunderland,18751.0,Jack Rodwell,Left Center Midfield,78.3,38.5,,,0.0,True,,,,,,,False,,,,,,,False,False,left_to_right,False,78.3,38.5,,,False,False,False,False
4e0a6bde-e0e3-4d5d-bea2-5259eab2598f,3754237,2650,2,00:35:38.910,80,38,30,Pass,162,41,Sunderland,Regular Play,41,Sunderland,6300.0,Sebastián Coates Nión,Right Center Back,60.8,43.6,71.9,62.8,1.783418,False,,,,,,,True,22.177692,1.0466167,Ground Pass,Recovery,10770.0,Adam Matthews,False,False,left_to_right,False,60.8,43.6,71.9,62.8,False,False,False,False
31873535-171b-4bfc-a65e-a9df85e21221,3754237,2651,2,00:35:40.694,80,40,42,Ball Receipt*,162,41,Sunderland,Regular Play,41,Sunderland,10770.0,Adam Matthews,Right Back,71.9,62.8,,,,False,,,,,,,False,,,,,,,False,False,left_to_right,False,71.9,62.8,,,False,False,False,False
fb2eaeda-b8c3-478f-895d-080cfc1ed0af,3754237,2652,2,00:35:41.739,80,41,30,Pass,162,41,Sunderland,Regular Play,41,Sunderland,10770.0,Adam Matthews,Right Back,71.9,63.7,103.2,66.9,2.17528,False,,,,,,,True,31.463154,0.101882435,Ground Pass,,16457.0,Jeremain Lens,False,False,left_to_right,False,71.9,63.7,103.2,66.9,False,True,True,False
f4e8d7cf-3e1d-442a-9447-2178da46d3dc,3754237,2653,2,00:35:43.915,80,43,42,Ball Receipt*,162,41,Sunderland,Regular Play,41,Sunderland,16457.0,Jeremain Lens,Left Midfield,103.2,66.9,,,,False,,,,,,,False,,,,,,,False,False,left_to_right,False,103.2,66.9,,,False,False,False,False
99a09dfa-e274-4aa0-853b-a3d79388ba40,3754237,2654,2,00:35:43.915,80,43,43,Carry,162,41,Sunderland,Regular Play,41,Sunderland,16457.0,Jeremain Lens,Left Midfield,103.2,66.9,105.3,66.7,0.254024,False,,,,,,,False,,,,,,,False,False,left_to_right,False,103.2,66.9,105.3,66.7,False,False,False,False
b823b373-0c66-491a-bd51-cd013dd688da,3754237,2655,2,00:35:44.169,80,44,30,Pass,162,41,Sunderland,Regular Play,41,Sunderland,16457.0,Jeremain Lens,Left Midfield,105.3,66.7,109.9,50.3,0.846279,False,,,,,,Incomplete,False,17.03291,-1.2973354,Low Pass,,,,False,False,left_to_right,False,105.3,66.7,109.9,50.3,False,True,False,True
679dfca3-b487-4dc2-ad98-99123da82be7,3754237,2656,2,00:35:45.015,80,45,9,Clearance,162,41,Sunderland,Regular Play,22,Leicester City,3813.0,Wes Morgan,Left Center Back,10.2,29.8,,,0.0,True,,,,,,,False,,,,,,,False,False,left_to_right,False,10.2,29.8,,,False,False,False,False
df598a3b-4a91-4997-a800-63abadd6969f,3754237,2657,2,00:36:20.782,81,20,19,Substitution,162,41,Sunderland,Regular Play,22,Leicester City,10960.0,Jamie Vardy,Left Center Forward,,,,,0.0,False,,,,,,,False,,,,,,,False,False,left_to_right,False,,,,,False,False,False,False
b9513c8d-236f-40b4-a5a1-938567c3e2cc,3754237,2658,2,00:36:34.145,81,34,30,Pass,163,41,Sunderland,From Throw In,41,Sunderland,10770.0,Adam Matthews,Right Back,112.6,80.0,85.4,60.5,2.230156,False,,,,,,,True,33.467747,-2.5196064,Low Pass,Throw-in,18751.0,Jack Rodwell,False,False,left_to_right,False,112.6,80.0,85.4,60.5,False,False,False,False
6cd46f15-4c66-4411-8cfb-f84623058eb7,3754237,2659,2,00:36:36.375,81,36,42,Ball Receipt*,163,41,Sunderland,From Throw In,41,Sunderland,18751.0,Jack Rodwell,Left Center Midfield,85.4,60.5,,,,False,,,,,,,False,,,,,,,False,False,left_to_right,False,85.4,60.5,,,False,False,False,False
d0d07742-cf37-45ab-82ab-1ca07f3f8e1c,3754237,2660,2,00:36:36.375,81,36,43,Carry,163,41,Sunderland,From Throw In,41,Sunderland,18751.0,Jack Rodwell,Left Center Midfield,85.4,60.5,91.0,64.1,1.195217,True,,,,,,,False,,,,,,,False,False,left_to_right,False,85.4,60.5,91.0,64.1,False,False,False,False
3fde571f-040f-4d5b-bb65-0c54f9cdb7d5,3754237,2661,2,00:36:37.075,81,37,17,Pressure,163,41,Sunderland,From Throw In,22,Leicester City,3961.0,N''Golo Kanté,Left Center Forward,30.3,19.2,,,0.597824,False,,,,,,,False,,,,,,,False,False,left_to_right,False,30.3,19.2,,,False,False,False,False
20c80163-012f-400f-90e5-6b2c62394953,3754237,2662,2,00:36:37.571,81,37,30,Pass,163,41,Sunderland,From Throw In,41,Sunderland,18751.0,Jack Rodwell,Left Center Midfield,91.0,64.1,109.4,32.3,1.719067,True,,,,,,Incomplete,False,36.739624,-1.0462486,High Pass,,,,False,False,left_to_right,False,91.0,64.1,109.4,32.3,False,True,False,True
2ee39510-3f97-4908-bb2c-62e65e10d0f6,3754237,2663,2,00:36:39.290,81,39,4,Duel,163,41,Sunderland,From Throw In,41,Sunderland,3337.0,Jermain Defoe,Center Forward,109.4,32.3,,,0.0,True,,,,,,,False,,,,,,,False,False,left_to_right,False,109.4,32.3,,,False,False,False,False
16504f95-830d-4ddd-ab7f-73c3fedb7817,3754237,2664,2,00:36:39.290,81,39,9,Clearance,163,41,Sunderland,From Throw In,22,Leicester City,3812.0,Christian Fuchs,Left Midfield,10.7,47.8,,,0.0,True,,,,,,,False,,,,,,,False,False,left_to_right,False,10.7,47.8,,,False,False,False,False
60893a43-d817-4189-b252-a72beef816e9,3754237,2665,2,00:36:41.649,81,41,17,Pressure,163,41,Sunderland,From Throw In,22,Leicester City,3307.0,Marc Albrighton,Right Midfield,13.9,68.5,,,1.429527,False,,,,,,,False,,,,,,,False,False,left_to_right,False,13.9,68.5,,,False,False,False,False
c591eedd-66b8-4ba2-8a9e-ae9a85b4cc35,3754237,2666,2,00:36:43.103,81,43,2,Ball Recovery,163,41,Sunderland,From Throw In,41,Sunderland,3321.0,Patrick van Aanholt,Left Back,105.9,4.9,,,0.0,False,,,,,,,False,,,,,,,False,False,left_to_right,False,105.9,4.9,,,False,False,False,False
5e15e07d-4a4d-4109-8951-fc7607a986a8,3754237,2667,2,00:36:43.103,81,43,43,Carry,163,41,Sunderland,From Throw In,41,Sunderland,3321.0,Patrick van Aanholt,Left Back,105.9,4.9,76.5,22.7,6.938352,False,,,,,,,False,,,,,,,False,False,left_to_right,False,105.9,4.9,76.5,22.7,False,False,False,False
adee3bb1-e3f8-41d2-abd1-888ee57ec026,3754237,2668,2,00:36:50.041,81,50,30,Pass,163,41,Sunderland,From Throw In,41,Sunderland,3321.0,Patrick van Aanholt,Left Back,76.5,22.7,75.7,51.4,1.832721,False,,,,,,,True,28.711147,1.5986637,Ground Pass,,18751.0,Jack Rodwell,False,False,left_to_right,False,76.5,22.7,75.7,51.4,False,False,False,False
e3e78997-1f9b-4c48-a81f-47f716cbff62,3754237,2669,2,00:36:51.874,81,51,42,Ball Receipt*,163,41,Sunderland,From Throw In,41,Sunderland,18751.0,Jack Rodwell,Left Center Midfield,75.7,51.4,,,,False,,,,,,,False,,,,,,,False,False,left_to_right,False,75.7,51.4,,,False,False,False,False
3b83f63f-824c-44a2-b902-b169f7905651,3754237,2670,2,00:36:51.874,81,51,43,Carry,163,41,Sunderland,From Throw In,41,Sunderland,18751.0,Jack Rodwell,Left Center Midfield,75.7,51.4,77.4,52.0,1.081809,False,,,,,,,False,,,,,,,False,False,left_to_right,False,75.7,51.4,77.4,52.0,False,False,False,False
f828bdc4-6cf8-4ae1-acaf-6bf4c2969fb1,3754237,2671,2,00:36:52.956,81,52,30,Pass,163,41,Sunderland,From Throw In,41,Sunderland,18751.0,Jack Rodwell,Left Center Midfield,77.4,52.0,93.3,66.0,1.362691,False,,,,,,,True,21.185137,0.7219383,Ground Pass,,10770.0,Adam Matthews,False,False,left_to_right,False,77.4,52.0,93.3,66.0,False,False,True,False
3254eb5c-0d35-4b40-a531-6d077ade7870,3754237,2672,2,00:36:54.318,81,54,42,Ball Receipt*,163,41,Sunderland,From Throw In,41,Sunderland,10770.0,Adam Matthews,Right Back,93.3,66.0,,,,False,,,,,,,False,,,,,,,False,False,left_to_right,False,93.3,66.0,,,False,False,False,False
a4309e0f-850a-4318-9a78-8e26081fcbf9,3754237,2673,2,00:36:54.318,81,54,43,Carry,163,41,Sunderland,From Throw In,41,Sunderland,10770.0,Adam Matthews,Right Back,93.3,66.0,93.5,65.5,1.025381,False,,,,,,,False,,,,,,,False,False,left_to_right,False,93.3,66.0,93.5,65.5,False,False,False,False
e6c92a18-88b6-49a5-b881-736a6e98fd9b,3754237,2674,2,00:36:55.344,81,55,30,Pass,163,41,Sunderland,From Throw In,41,Sunderland,10770.0,Adam Matthews,Right Back,93.5,65.5,109.2,33.9,1.918458,False,,,,,,,True,35.285267,-1.1096835,High Pass,,16457.0,Jeremain Lens,False,False,left_to_right,False,93.5,65.5,109.2,33.9,False,True,False,False
5fdcc1b8-d4d9-4612-a689-838686002fe9,3754237,2675,2,00:36:57.262,81,57,42,Ball Receipt*,163,41,Sunderland,From Throw In,41,Sunderland,16457.0,Jeremain Lens,Left Midfield,109.2,33.9,,,,False,,,,,,,False,,,,,,,False,False,left_to_right,False,109.2,33.9,,,False,False,False,False
a7eada71-0e6f-431c-ac6f-dc01922bc5d7,3754237,2676,2,00:36:57.262,81,57,4,Duel,163,41,Sunderland,From Throw In,22,Leicester City,4826.0,Yohan Benalouane,Right Back,10.9,46.2,,,0.0,True,,,,,,,False,,,,,,,False,False,left_to_right,False,10.9,46.2,,,False,False,False,False
92c74bb8-ae8e-45ce-87b6-6d68e21b84bb,3754237,2677,2,00:36:57.262,81,57,30,Pass,163,41,Sunderland,From Throw In,41,Sunderland,16457.0,Jeremain Lens,Left Midfield,109.2,33.9,111.7,55.2,5.65036,True,,,,,,Incomplete,False,21.44621,1.45396,High Pass,,,,False,False,left_to_right,False,109.2,33.9,111.7,55.2,False,False,False,True
6f648620-07a1-4ab0-8f5c-826adec4ae28,3754237,2678,2,00:37:02.913,82,2,2,Ball Recovery,163,41,Sunderland,From Throw In,22,Leicester City,3812.0,Christian Fuchs,Left Midfield,8.4,24.9,,,0.0,False,,,,,,,False,,,,,,,False,False,left_to_right,False,8.4,24.9,,,False,False,False,False
fbac0e31-da7d-413c-b73e-006b50e10a72,3754237,2679,2,00:37:02.913,82,2,43,Carry,163,41,Sunderland,From Throw In,22,Leicester City,3812.0,Christian Fuchs,Left Midfield,8.4,24.9,7.2,13.2,1.100059,True,,,,,,,False,,,,,,,False,False,left_to_right,False,8.4,24.9,7.2,13.2,False,False,False,False
a7a2bc9b-ca47-4615-a6a6-bd15a236b98e,3754237,2680,2,00:37:03.418,82,3,17,Pressure,163,41,Sunderland,From Throw In,41,Sunderland,9554.0,Steven Fletcher,Center Defensive Midfield,110.8,66.7,,,0.57395,False,,,,,,,False,,,,,,,False,False,left_to_right,False,110.8,66.7,,,False,False,False,False
7e71aa4d-6e4d-4503-8ced-f3e5ea420d2f,3754237,2681,2,00:37:04.013,82,4,30,Pass,163,41,Sunderland,From Throw In,22,Leicester City,3812.0,Christian Fuchs,Left Midfield,7.2,13.2,9.5,11.6,0.108214,False,,,,,,Incomplete,False,2.8017852,-0.607802,Low Pass,,,,False,False,left_to_right,False,7.2,13.2,9.5,11.6,False,False,False,True
fb911b0a-3275-428a-ba29-a1269741f8df,3754237,2682,2,00:37:04.121,82,4,6,Block,163,41,Sunderland,From Throw In,41,Sunderland,9554.0,Steven Fletcher,Center Defensive Midfield,110.6,68.5,,,0.0,False,,,,,,,False,,,,,,,False,False,left_to_right,False,110.6,68.5,,,False,False,False,False
c8613a31-3503-4766-b6da-161fc936dab2,3754237,2683,2,00:37:27.625,82,27,30,Pass,164,22,Leicester City,From Throw In,22,Leicester City,3812.0,Christian Fuchs,Left Midfield,4.9,0.1,42.9,8.8,2.72771,False,,,,,,Incomplete,False,38.9832,0.22506842,High Pass,Throw-in,3810.0,Shinji Okazaki,False,False,left_to_right,False,4.9,0.1,42.9,8.8,False,True,False,True
3364182f-5d25-43a8-b04c-c0c3eb09ba1b,3754237,2684,2,00:37:30.353,82,30,42,Ball Receipt*,164,22,Leicester City,From Throw In,22,Leicester City,3810.0,Shinji Okazaki,Right Center Forward,42.9,8.8,,,,False,,,,,,,False,,,,,,,False,False,left_to_right,False,42.9,8.8,,,False,False,False,False
496d2924-4644-4b09-90a2-e3057db5016d,3754237,2685,2,00:37:30.353,82,30,4,Duel,164,22,Leicester City,From Throw In,22,Leicester City,3810.0,Shinji Okazaki,Right Center Forward,42.9,8.8,,,0.0,True,,,,,,,False,,,,,,,False,False,left_to_right,False,42.9,8.8,,,False,False,False,False
bfca0ed5-bda9-4d41-b81d-d01040970461,3754237,2686,2,00:37:30.353,82,30,30,Pass,164,22,Leicester City,From Throw In,41,Sunderland,6300.0,Sebastián Coates Nión,Right Center Back,77.2,71.3,85.9,59.3,1.499734,True,,,,,,,True,14.821943,-0.9434881,High Pass,Recovery,16457.0,Jeremain Lens,False,False,left_to_right,False,77.2,71.3,85.9,59.3,False,True,True,False
2f49f7c7-2f00-46da-b95b-f3874fd73efc,3754237,2687,2,00:37:31.852,82,31,42,Ball Receipt*,164,22,Leicester City,From Throw In,41,Sunderland,16457.0,Jeremain Lens,Left Midfield,85.9,59.3,,,,False,,,,,,,False,,,,,,,False,False,left_to_right,False,85.9,59.3,,,False,False,False,False
edd57673-4e22-4641-9f57-76c2095c85b6,3754237,2688,2,00:37:31.852,82,31,43,Carry,164,22,Leicester City,From Throw In,41,Sunderland,16457.0,Jeremain Lens,Left Midfield,85.9,59.3,85.7,60.0,0.32,False,,,,,,,False,,,,,,,False,False,left_to_right,False,85.9,59.3,85.7,60.0,False,False,False,False
d8377f94-dc93-4431-9e36-30b125ea21f0,3754237,2689,2,00:37:32.172,82,32,38,Miscontrol,164,22,Leicester City,From Throw In,41,Sunderland,16457.0,Jeremain Lens,Left Midfield,85.7,60.0,,,0.0,False,,,,,,,False,,,,,,,False,False,left_to_right,False,85.7,60.0,,,False,False,False,True
423c8c4b-7c30-4a3e-8711-002e1ffb80a7,3754237,2690,2,00:37:33.066,82,33,17,Pressure,164,22,Leicester City,From Throw In,41,Sunderland,16457.0,Jeremain Lens,Left Midfield,85.9,56.1,,,1.651997,False,,,,,,,False,,,,,,,False,False,left_to_right,False,85.9,56.1,,,False,False,False,False
9aa8a15a-58a8-4c2d-9d4d-c9ba34518480,3754237,2691,2,00:37:33.527,82,33,30,Pass,164,22,Leicester City,From Throw In,22,Leicester City,3665.0,Andrew Philip King,Right Center Midfield,31.2,26.3,31.8,38.3,0.59468,True,,,,,,,True,12.014991,1.5208379,Low Pass,Recovery,3307.0,Marc Albrighton,False,False,left_to_right,False,31.2,26.3,31.8,38.3,False,False,False,False
642506c9-c614-4e94-a679-0018f2ff98d4,3754237,2692,2,00:37:34.122,82,34,42,Ball Receipt*,164,22,Leicester City,From Throw In,22,Leicester City,3307.0,Marc Albrighton,Right Midfield,31.8,38.3,,,,True,,,,,,,False,,,,,,,False,False,left_to_right,False,31.8,38.3,,,False,False,False,False
07a23ebc-1f1c-45d1-8e07-e0a9a666fc4a,3754237,2693,2,00:37:34.122,82,34,43,Carry,164,22,Leicester City,From Throw In,22,Leicester City,3307.0,Marc Albrighton,Right Midfield,31.8,38.3,31.5,37.8,0.756699,True,,,,,,,False,,,,,,,False,False,left_to_right,False,31.8,38.3,31.5,37.8,False,False,False,False
51d9c1fb-ad28-4b1d-9875-0f98349317d7,3754237,2694,2,00:37:34.878,82,34,3,Dispossessed,164,22,Leicester City,From Throw In,22,Leicester City,3307.0,Marc Albrighton,Right Midfield,31.5,37.8,,,0.0,True,,,,,,,False,,,,,,,False,False,left_to_right,False,31.5,37.8,,,False,False,False,True
9b77f4d6-4223-4c48-b6f1-5743574e8db9,3754237,2695,2,00:37:34.878,82,34,4,Duel,165,41,Sunderland,Regular Play,41,Sunderland,16457.0,Jeremain Lens,Left Midfield,88.6,42.3,,,0.0,True,,,,,,,False,,,,,,,False,False,left_to_right,False,88.6,42.3,,,False,False,False,False
d19413eb-4780-4b08-a2c5-6055b6579b1b,3754237,2696,2,00:37:37.020,82,37,2,Ball Recovery,165,41,Sunderland,Regular Play,41,Sunderland,18751.0,Jack Rodwell,Left Center Midfield,82.5,23.6,,,0.0,False,,,,,,,False,,,,,,,False,False,left_to_right,False,82.5,23.6,,,False,False,False,False
1df4d505-4588-43e2-9f7b-e5274f8dacbc,3754237,2697,2,00:37:37.020,82,37,43,Carry,165,41,Sunderland,Regular Play,41,Sunderland,18751.0,Jack Rodwell,Left Center Midfield,82.5,23.6,91.0,19.8,2.444426,False,,,,,,,False,,,,,,,False,False,left_to_right,False,82.5,23.6,91.0,19.8,False,False,False,False
f72c5032-a5ff-4608-874b-37603868dea1,3754237,2698,2,00:37:39.465,82,39,30,Pass,165,41,Sunderland,Regular Play,41,Sunderland,18751.0,Jack Rodwell,Left Center Midfield,91.0,19.8,98.6,11.3,0.970414,False,,,,,,,True,11.402193,-0.84124064,Ground Pass,,16457.0,Jeremain Lens,False,False,left_to_right,False,91.0,19.8,98.6,11.3,False,False,False,False
4130aaf2-3461-4787-9741-129215a73025,3754237,2699,2,00:37:40.246,82,40,17,Pressure,165,41,Sunderland,Regular Play,22,Leicester City,4826.0,Yohan Benalouane,Right Back,20.1,67.1,,,0.74238,False,,,,,,,False,,,,,,,False,False,left_to_right,False,20.1,67.1,,,False,False,False,False
1364ddc6-575a-445d-9896-125d83950929,3754237,2700,2,00:37:40.435,82,40,42,Ball Receipt*,165,41,Sunderland,Regular Play,41,Sunderland,16457.0,Jeremain Lens,Left Midfield,98.6,11.3,,,,True,,,,,,,False,,,,,,,False,False,left_to_right,False,98.6,11.3,,,False,False,False,False
561480f9-3703-41fa-bc7e-ab8279544ffa,3754237,2701,2,00:37:40.435,82,40,43,Carry,165,41,Sunderland,Regular Play,41,Sunderland,16457.0,Jeremain Lens,Left Midfield,98.6,11.3,100.0,10.7,0.36378,True,,,,,,,False,,,,,,,False,False,left_to_right,False,98.6,11.3,100.0,10.7,False,False,False,False
70a4f0c0-d2d7-491e-aa50-e09c68acc080,3754237,2702,2,00:37:40.799,82,40,22,Foul Committed,165,41,Sunderland,Regular Play,22,Leicester City,4826.0,Yohan Benalouane,Right Back,20.1,69.4,,,0.0,False,,,,,,,False,,,,,,,False,False,left_to_right,False,20.1,69.4,,,False,False,False,False
667d754f-558c-41c4-b863-c9b635d563a5,3754237,2703,2,00:37:40.799,82,40,21,Foul Won,165,41,Sunderland,Regular Play,41,Sunderland,16457.0,Jeremain Lens,Left Midfield,100.0,10.7,,,0.0,True,,,,,,,False,,,,,,,False,False,left_to_right,False,100.0,10.7,,,False,False,False,False
eed9f44d-3470-4eba-8c8f-11848b727b38,3754237,2704,2,00:38:11.279,83,11,30,Pass,166,41,Sunderland,From Free Kick,41,Sunderland,5617.0,Sebastian Larsson,Right Center Midfield,98.6,8.3,111.5,38.3,1.222697,False,,,,,,Incomplete,False,32.655933,1.1646982,High Pass,Free Kick,,,False,False,left_to_right,False,98.6,8.3,111.5,38.3,False,True,False,True
4ee18f3c-4922-42ff-83fa-c497afd24ffb,3754237,2705,2,00:38:12.502,83,12,9,Clearance,166,41,Sunderland,From Free Kick,22,Leicester City,3665.0,Andrew Philip King,Right Center Midfield,8.6,41.8,,,0.0,True,,,,,,,False,,,,,,,False,False,left_to_right,False,8.6,41.8,,,False,False,False,False
371ff78e-eb9b-4978-a128-29a166bf6dc5,3754237,2706,2,00:38:15.167,83,15,2,Ball Recovery,166,41,Sunderland,From Free Kick,41,Sunderland,42902.0,Adam Johnson,Right Midfield,84.5,46.4,,,0.0,False,,,,,,,False,,,,,,,False,False,left_to_right,False,84.5,46.4,,,False,False,False,False
9c7c1dbe-1b8f-4eff-9336-98bffa542b0b,3754237,2707,2,00:38:15.167,83,15,43,Carry,166,41,Sunderland,From Free Kick,41,Sunderland,42902.0,Adam Johnson,Right Midfield,84.5,46.4,78.6,45.5,2.128822,True,,,,,,,False,,,,,,,False,False,left_to_right,False,84.5,46.4,78.6,45.5,False,False,False,False
a7359d6b-5001-4f97-806e-0c17a67496aa,3754237,2708,2,00:38:15.281,83,15,17,Pressure,166,41,Sunderland,From Free Kick,22,Leicester City,3810.0,Shinji Okazaki,Right Center Forward,32.6,33.3,,,1.888941,False,,,,,,,False,,,,,,,False,False,left_to_right,False,32.6,33.3,,,False,False,False,False
0ba51ba6-d7e9-45d9-836a-1c302e03d273,3754237,2709,2,00:38:17.296,83,17,39,Dribbled Past,166,41,Sunderland,From Free Kick,22,Leicester City,3810.0,Shinji Okazaki,Right Center Forward,41.5,34.6,,,0.0,False,,,,,,,False,,,,,,,False,False,left_to_right,False,41.5,34.6,,,False,False,False,False
285b3698-bd5c-4f02-a036-7b06580ac6dc,3754237,2710,2,00:38:17.296,83,17,14,Dribble,166,41,Sunderland,From Free Kick,41,Sunderland,42902.0,Adam Johnson,Right Midfield,78.6,45.5,,,0.0,True,,,,,,,False,,,,,,,False,False,left_to_right,False,78.6,45.5,,,False,False,False,False
3d77cbcf-a4b6-4e9e-8a29-62c256d7fbd9,3754237,2711,2,00:38:17.296,83,17,43,Carry,166,41,Sunderland,From Free Kick,41,Sunderland,42902.0,Adam Johnson,Right Midfield,78.6,45.5,83.9,42.9,1.761022,True,,,,,,,False,,,,,,,False,False,left_to_right,False,78.6,45.5,83.9,42.9,False,False,False,False
18cccec1-fb37-4ba8-9d8b-5ec861bf68ec,3754237,2712,2,00:38:19.057,83,19,30,Pass,166,41,Sunderland,From Free Kick,41,Sunderland,42902.0,Adam Johnson,Right Midfield,83.9,42.9,111.5,51.2,2.197358,False,,,,,,,True,28.821,0.29212147,High Pass,,9554.0,Steven Fletcher,False,False,left_to_right,False,83.9,42.9,111.5,51.2,False,True,False,False
10f411d7-9a97-43e2-90eb-f85141feff8c,3754237,2713,2,00:38:20.780,83,20,17,Pressure,166,41,Sunderland,From Free Kick,22,Leicester City,3815.0,Kasper Schmeichel,Goalkeeper,8.1,30.7,,,0.586613,False,,,,,,,False,,,,,,,False,False,left_to_right,False,8.1,30.7,,,False,False,False,False
472b1a8d-9c45-4e4b-99cd-82fa3ad7ebb7,3754237,2714,2,00:38:21.254,83,21,42,Ball Receipt*,166,41,Sunderland,From Free Kick,41,Sunderland,9554.0,Steven Fletcher,Center Defensive Midfield,111.5,51.2,,,,True,,,,,,,False,,,,,,,False,False,left_to_right,False,111.5,51.2,,,False,False,False,False
94a8ea2a-5bc4-4eb8-83d5-ebb0b694ec49,3754237,2715,2,00:38:21.254,83,21,43,Carry,166,41,Sunderland,From Free Kick,41,Sunderland,9554.0,Steven Fletcher,Center Defensive Midfield,111.5,51.2,110.6,52.6,0.065588,True,,,,,,,False,,,,,,,False,False,left_to_right,False,111.5,51.2,110.6,52.6,False,False,False,False
0cf561b0-268f-447c-9ba7-23ba3af9b9ee,3754237,2716,2,00:38:21.320,83,21,30,Pass,166,41,Sunderland,From Free Kick,41,Sunderland,9554.0,Steven Fletcher,Center Defensive Midfield,110.6,52.6,109.7,47.1,1.816356,True,,,,,,Incomplete,False,5.5731497,-1.7329952,High Pass,,,,False,False,left_to_right,False,110.6,52.6,109.7,47.1,False,False,False,True
514de349-d119-461d-928b-2655601d6ef3,3754237,2717,2,00:38:23.136,83,23,9,Clearance,166,41,Sunderland,From Free Kick,22,Leicester City,3813.0,Wes Morgan,Left Center Back,10.4,33.0,,,0.0,True,,,,,,,False,,,,,,,False,False,left_to_right,False,10.4,33.0,,,False,False,False,False
bc80f87c-be7d-4307-afe6-bf30f95e126a,3754237,2718,2,00:38:26.276,83,26,30,Pass,166,41,Sunderland,From Free Kick,41,Sunderland,9554.0,Steven Fletcher,Center Defensive Midfield,112.6,56.1,111.5,46.4,0.934034,False,,,,,,Incomplete,False,9.762172,-1.6837159,Low Pass,Recovery,,,False,False,left_to_right,False,112.6,56.1,111.5,46.4,False,True,False,True
07ceb9a5-77e9-47b4-965d-9fa00c99973a,3754237,2719,2,00:38:27.210,83,27,9,Clearance,166,41,Sunderland,From Free Kick,22,Leicester City,3813.0,Wes Morgan,Left Center Back,8.6,33.7,,,0.0,True,,,,,,,False,,,,,,,False,False,left_to_right,False,8.6,33.7,,,False,False,False,False
7f9f4316-8781-4fc8-b7d9-d84db77ec6f2,3754237,2720,2,00:38:29.060,83,29,30,Pass,166,41,Sunderland,From Free Kick,41,Sunderland,4746.0,Younes Kaboul,Left Center Back,98.8,60.0,95.9,35.1,4.689608,False,,,,,,,True,25.068306,-1.6867398,High Pass,Recovery,6300.0,Sebastián Coates Nión,False,False,left_to_right,False,98.8,60.0,95.9,35.1,False,False,False,False
4dfce505-61c5-4a76-b9bf-b321fcac93e6,3754237,2721,2,00:38:32.279,83,32,42,Ball Receipt*,166,41,Sunderland,From Free Kick,41,Sunderland,6300.0,Sebastián Coates Nión,Right Center Back,95.9,35.1,,,,False,,,,,,,False,,,,,,,False,False,left_to_right,False,95.9,35.1,,,False,False,False,False
fddc6ea4-c8ec-4e2a-91ef-cbf8b9286e92,3754237,2722,2,00:38:32.279,83,32,4,Duel,166,41,Sunderland,From Free Kick,22,Leicester City,3665.0,Andrew Philip King,Right Center Midfield,24.2,45.0,,,0.0,True,,,,,,,False,,,,,,,False,False,left_to_right,False,24.2,45.0,,,False,False,False,False
c5998fae-5556-4404-92c0-fa2d3e4d0ee8,3754237,2723,2,00:38:32.279,83,32,38,Miscontrol,166,41,Sunderland,From Free Kick,41,Sunderland,6300.0,Sebastián Coates Nión,Right Center Back,95.9,35.1,,,0.0,True,,,,,,,False,,,,,,,False,False,left_to_right,False,95.9,35.1,,,False,False,False,True
b2cfca71-e4b2-47d8-b60e-125d4d014760,3754237,2724,2,00:38:33.750,83,33,30,Pass,166,41,Sunderland,From Free Kick,22,Leicester City,3307.0,Marc Albrighton,Right Midfield,21.0,51.5,63.7,49.8,2.916042,False,,,,,,Incomplete,False,42.733826,-0.039791632,High Pass,Recovery,,,False,False,left_to_right,False,21.0,51.5,63.7,49.8,False,True,False,True
3f8181e0-fe93-4770-8d7b-8897b84df13b,3754237,2725,2,00:38:36.666,83,36,2,Ball Recovery,166,41,Sunderland,From Free Kick,41,Sunderland,3321.0,Patrick van Aanholt,Left Back,56.4,30.3,,,0.0,False,,,,,,,False,,,,,,,False,False,left_to_right,False,56.4,30.3,,,False,False,False,False
385b365a-6603-4add-a8a8-cc5f2383db6b,3754237,2726,2,00:38:36.666,83,36,43,Carry,166,41,Sunderland,From Free Kick,41,Sunderland,3321.0,Patrick van Aanholt,Left Back,56.4,30.3,49.9,31.2,2.859701,False,,,,,,,False,,,,,,,False,False,left_to_right,False,56.4,30.3,49.9,31.2,False,False,False,False
84277c52-d853-4fe8-8ed7-bf4b667735ee,3754237,2727,2,00:38:39.526,83,39,30,Pass,166,41,Sunderland,From Free Kick,41,Sunderland,3321.0,Patrick van Aanholt,Left Back,49.9,31.2,55.5,53.5,1.070098,False,,,,,,,True,22.99239,1.3247628,Ground Pass,,10770.0,Adam Matthews,False,False,left_to_right,False,49.9,31.2,55.5,53.5,False,False,False,False
0d25e586-e45d-4913-b7e7-8e6683134502,3754237,2728,2,00:38:40.596,83,40,42,Ball Receipt*,166,41,Sunderland,From Free Kick,41,Sunderland,10770.0,Adam Matthews,Right Back,55.5,53.5,,,,False,,,,,,,False,,,,,,,False,False,left_to_right,False,55.5,53.5,,,False,False,False,False
4c17424d-6569-457c-a1f2-01eaee1e5d29,3754237,2729,2,00:38:40.596,83,40,43,Carry,166,41,Sunderland,From Free Kick,41,Sunderland,10770.0,Adam Matthews,Right Back,55.5,53.5,95.1,73.1,8.622287,True,,,,,,,False,,,,,,,False,False,left_to_right,False,55.5,53.5,95.1,73.1,True,False,False,False
671b9527-5f6b-4ccd-a198-d9dff4d1f7c2,3754237,2730,2,00:38:45.172,83,45,17,Pressure,166,41,Sunderland,From Free Kick,22,Leicester City,3961.0,N''Golo Kanté,Left Center Forward,49.9,19.9,,,1.48498,False,,,,,,,False,,,,,,,False,False,left_to_right,False,49.9,19.9,,,False,False,False,False
42784d3d-6e36-4c0b-8641-38124836d101,3754237,2731,2,00:38:48.944,83,48,17,Pressure,166,41,Sunderland,From Free Kick,22,Leicester City,3520.0,Jeffrey Schlupp,Left Back,25.9,9.3,,,0.33954,False,,,,,,,False,,,,,,,False,False,left_to_right,False,25.9,9.3,,,False,False,False,False
a4c406f6-33cb-4167-a46c-5cece85d47fb,3754237,2732,2,00:38:49.218,83,49,39,Dribbled Past,166,41,Sunderland,From Free Kick,22,Leicester City,3520.0,Jeffrey Schlupp,Left Back,25.0,7.0,,,0.0,False,,,,,,,False,,,,,,,False,False,left_to_right,False,25.0,7.0,,,False,False,False,False
c009fbce-2bf1-4a66-9fea-f5a38bb22691,3754237,2733,2,00:38:49.218,83,49,14,Dribble,166,41,Sunderland,From Free Kick,41,Sunderland,10770.0,Adam Matthews,Right Back,95.1,73.1,,,0.0,True,,,,,,,False,,,,,,,False,False,left_to_right,False,95.1,73.1,,,False,False,False,False
2064e9e3-20bd-4b78-99a0-8021267a2e0e,3754237,2734,2,00:38:49.933,83,49,17,Pressure,166,41,Sunderland,From Free Kick,41,Sunderland,10770.0,Adam Matthews,Right Back,92.1,72.9,,,1.246929,False,,,,,,,False,,,,,,,False,False,left_to_right,False,92.1,72.9,,,False,False,False,False
ab96332c-e286-4098-9125-0786bc1a5804,3754237,2735,2,00:38:50.082,83,50,2,Ball Recovery,167,22,Leicester City,Regular Play,22,Leicester City,3961.0,N''Golo Kanté,Left Center Forward,28.6,7.0,,,0.0,True,,,,,,,False,,,,,,,False,False,left_to_right,False,28.6,7.0,,,False,False,False,False
5a3b3c76-2cdd-4106-a6ab-a26b0d740ec7,3754237,2736,2,00:38:50.082,83,50,43,Carry,167,22,Leicester City,Regular Play,22,Leicester City,3961.0,N''Golo Kanté,Left Center Forward,28.6,7.0,26.8,7.6,1.230843,True,,,,,,,False,,,,,,,False,False,left_to_right,False,28.6,7.0,26.8,7.6,False,False,False,False
7b9376d2-7302-4ce4-8ea7-ad124a4337be,3754237,2737,2,00:38:51.313,83,51,30,Pass,167,22,Leicester City,Regular Play,22,Leicester City,3961.0,N''Golo Kanté,Left Center Forward,26.8,7.6,21.0,12.0,0.980779,False,,,,,,,True,7.28011,2.492597,Ground Pass,,3520.0,Jeffrey Schlupp,False,False,left_to_right,False,26.8,7.6,21.0,12.0,False,False,False,False
9c95c5e0-a9c5-41c9-bd17-7ef3cb6dcb67,3754237,2738,2,00:38:52.294,83,52,42,Ball Receipt*,167,22,Leicester City,Regular Play,22,Leicester City,3520.0,Jeffrey Schlupp,Left Back,21.0,12.0,,,,False,,,,,,,False,,,,,,,False,False,left_to_right,False,21.0,12.0,,,False,False,False,False
3be45e5d-a0ab-4c3f-ab6c-5f93f9fc4cc6,3754237,2739,2,00:38:52.294,83,52,30,Pass,167,22,Leicester City,Regular Play,22,Leicester City,3520.0,Jeffrey Schlupp,Left Back,21.0,12.0,28.2,18.1,0.674185,False,,,,,,,True,9.436631,0.7028792,Ground Pass,,3662.0,Danny Drinkwater,False,False,left_to_right,False,21.0,12.0,28.2,18.1,False,False,False,False
c01c7f09-4059-4620-8b43-06d07cc38eb5,3754237,2740,2,00:38:52.968,83,52,42,Ball Receipt*,167,22,Leicester City,Regular Play,22,Leicester City,3662.0,Danny Drinkwater,Left Center Midfield,28.2,18.1,,,,False,,,,,,,False,,,,,,,False,False,left_to_right,False,28.2,18.1,,,False,False,False,False
9c5d4161-6fde-495d-b920-5264f1143baf,3754237,2741,2,00:38:52.968,83,52,43,Carry,167,22,Leicester City,Regular Play,22,Leicester City,3662.0,Danny Drinkwater,Left Center Midfield,28.2,18.1,28.2,18.1,0.452609,False,,,,,,,False,,,,,,,False,False,left_to_right,False,28.2,18.1,28.2,18.1,False,False,False,False
370df361-3e1f-407c-adbf-f03682c36f2f,3754237,2742,2,00:38:53.420,83,53,30,Pass,167,22,Leicester City,Regular Play,22,Leicester City,3662.0,Danny Drinkwater,Left Center Midfield,28.2,18.1,42.3,6.7,1.670093,False,,,,,,,True,18.132015,-0.6799089,Ground Pass,,3961.0,N''Golo Kanté,False,False,left_to_right,False,28.2,18.1,42.3,6.7,False,False,False,False
f2477224-2350-43b1-b59b-ac5ec919f306,3754237,2743,2,00:38:55.090,83,55,42,Ball Receipt*,167,22,Leicester City,Regular Play,22,Leicester City,3961.0,N''Golo Kanté,Left Center Forward,42.3,6.7,,,,False,,,,,,,False,,,,,,,False,False,left_to_right,False,42.3,6.7,,,False,False,False,False
637377c4-6155-4c73-927d-e182da72a2a7,3754237,2744,2,00:38:55.090,83,55,43,Carry,167,22,Leicester City,Regular Play,22,Leicester City,3961.0,N''Golo Kanté,Left Center Forward,42.3,6.7,57.3,14.3,3.03604,False,,,,,,,False,,,,,,,False,False,left_to_right,False,42.3,6.7,57.3,14.3,False,False,False,False
7d4b78be-f792-4cbf-82a8-96e799b119d9,3754237,2745,2,00:38:58.126,83,58,30,Pass,167,22,Leicester City,Regular Play,22,Leicester City,3961.0,N''Golo Kanté,Left Center Forward,57.3,14.3,48.7,31.6,1.651458,False,,,,,,,True,19.31968,2.032129,Ground Pass,,3662.0,Danny Drinkwater,False,False,left_to_right,False,57.3,14.3,48.7,31.6,False,False,False,False
9c133fb6-9f77-4319-a698-1bc40d2ce3f6,3754237,2746,2,00:38:59.778,83,59,42,Ball Receipt*,167,22,Leicester City,Regular Play,22,Leicester City,3662.0,Danny Drinkwater,Left Center Midfield,48.7,31.6,,,,False,,,,,,,False,,,,,,,False,False,left_to_right,False,48.7,31.6,,,False,False,False,False
a39fad8c-ff85-4d8c-9bf7-22e96b3b0953,3754237,2747,2,00:38:59.778,83,59,30,Pass,167,22,Leicester City,Regular Play,22,Leicester City,3662.0,Danny Drinkwater,Left Center Midfield,48.7,31.6,55.2,13.4,1.412309,False,,,,,,,True,19.32589,-1.2277724,Ground Pass,,3665.0,Andrew Philip King,False,False,left_to_right,False,48.7,31.6,55.2,13.4,False,False,False,False
6a5c91d5-2004-4883-b854-64dc782fcb3c,3754237,2748,2,00:39:01.190,84,1,42,Ball Receipt*,167,22,Leicester City,Regular Play,22,Leicester City,3665.0,Andrew Philip King,Right Center Midfield,55.2,13.4,,,,False,,,,,,,False,,,,,,,False,False,left_to_right,False,55.2,13.4,,,False,False,False,False
d9d282db-f36d-491b-959f-507e8558ea34,3754237,2749,2,00:39:01.190,84,1,43,Carry,167,22,Leicester City,Regular Play,22,Leicester City,3665.0,Andrew Philip King,Right Center Midfield,55.2,13.4,63.5,11.4,2.658395,False,,,,,,,False,,,,,,,False,False,left_to_right,False,55.2,13.4,63.5,11.4,False,False,False,False
6b84031d-484f-474e-b5a7-ee05548043fe,3754237,2750,2,00:39:03.849,84,3,30,Pass,167,22,Leicester City,Regular Play,22,Leicester City,3665.0,Andrew Philip King,Right Center Midfield,63.5,11.4,57.9,19.2,1.174133,False,,,,,,,True,9.602083,2.1934671,Ground Pass,,3662.0,Danny Drinkwater,False,False,left_to_right,False,63.5,11.4,57.9,19.2,False,False,False,False
6e0ce04a-adf4-45df-8710-b03f97617251,3754237,2751,2,00:39:05.023,84,5,42,Ball Receipt*,167,22,Leicester City,Regular Play,22,Leicester City,3662.0,Danny Drinkwater,Left Center Midfield,57.9,19.2,,,,False,,,,,,,False,,,,,,,False,False,left_to_right,False,57.9,19.2,,,False,False,False,False
a84c3b47-8126-4df3-801b-d35601d06445,3754237,2752,2,00:39:05.023,84,5,30,Pass,167,22,Leicester City,Regular Play,22,Leicester City,3662.0,Danny Drinkwater,Left Center Midfield,57.9,19.2,63.2,6.7,2.312584,False,,,,,,,True,13.577187,-1.169773,Ground Pass,,3520.0,Jeffrey Schlupp,False,False,left_to_right,False,57.9,19.2,63.2,6.7,False,False,False,False
49ec0638-28e9-42fa-b5de-4d335d914dd9,3754237,2753,2,00:39:07.335,84,7,42,Ball Receipt*,167,22,Leicester City,Regular Play,22,Leicester City,3520.0,Jeffrey Schlupp,Left Back,63.2,6.7,,,,False,,,,,,,False,,,,,,,False,False,left_to_right,False,63.2,6.7,,,False,False,False,False
8cd42287-b8b2-495b-9570-75091d2aef3c,3754237,2754,2,00:39:07.335,84,7,43,Carry,167,22,Leicester City,Regular Play,22,Leicester City,3520.0,Jeffrey Schlupp,Left Back,63.2,6.7,97.8,7.9,5.755208,True,,,,,,,False,,,,,,,False,False,left_to_right,False,63.2,6.7,97.8,7.9,True,False,False,False
cc7f641f-4c79-4d88-a879-a9b7d6cf8cd1,3754237,2755,2,00:39:11.550,84,11,17,Pressure,167,22,Leicester City,Regular Play,41,Sunderland,10770.0,Adam Matthews,Right Back,28.5,71.1,,,1.351214,False,,,,,,,False,,,,,,,False,False,left_to_right,False,28.5,71.1,,,False,False,False,False
e69e1c2f-3a03-4b56-91d6-cc050544b3d5,3754237,2756,2,00:39:13.091,84,13,14,Dribble,167,22,Leicester City,Regular Play,22,Leicester City,3520.0,Jeffrey Schlupp,Left Back,97.8,7.9,,,0.0,True,,,,,,,False,,,,,,,False,False,left_to_right,False,97.8,7.9,,,False,False,False,False
e811edbe-3cf2-4744-8a2b-ac59e9b41622,3754237,2757,2,00:39:13.091,84,13,4,Duel,167,22,Leicester City,Regular Play,41,Sunderland,10770.0,Adam Matthews,Right Back,22.3,72.2,,,0.0,True,,,,,,,False,,,,,,,False,False,left_to_right,False,22.3,72.2,,,False,False,False,False
60a21813-8dbc-452c-a011-d85eec2c68a6,3754237,2758,2,00:39:14.612,84,14,10,Interception,167,22,Leicester City,Regular Play,22,Leicester City,3520.0,Jeffrey Schlupp,Left Back,104.2,11.4,,,0.0,False,,,,,,,False,,,,,,,False,False,left_to_right,False,104.2,11.4,,,False,False,False,False
5b33c762-6905-41ec-9542-e454de869af8,3754237,2759,2,00:39:14.612,84,14,43,Carry,167,22,Leicester City,Regular Play,22,Leicester City,3520.0,Jeffrey Schlupp,Left Back,104.2,11.4,104.7,13.2,1.090539,True,,,,,,,False,,,,,,,False,False,left_to_right,False,104.2,11.4,104.7,13.2,False,False,False,False
56595b3f-e636-4237-94d6-fba2fe4c6b54,3754237,2760,2,00:39:14.971,84,14,17,Pressure,167,22,Leicester City,Regular Play,41,Sunderland,6300.0,Sebastián Coates Nión,Right Center Back,15.4,67.3,,,0.326548,False,,,,,,,False,,,,,,,False,False,left_to_right,False,15.4,67.3,,,False,False,False,False
febd8718-5825-4ff8-93ff-71940424772c,3754237,2761,2,00:39:15.703,84,15,22,Foul Committed,167,22,Leicester City,Regular Play,41,Sunderland,6300.0,Sebastián Coates Nión,Right Center Back,15.4,66.9,,,0.0,False,,,,,,,False,,,,,,,False,False,left_to_right,False,15.4,66.9,,,False,False,False,False
96144a90-ea44-4cda-8cd8-13449089d4bf,3754237,2762,2,00:39:15.703,84,15,21,Foul Won,167,22,Leicester City,Regular Play,22,Leicester City,3520.0,Jeffrey Schlupp,Left Back,104.7,13.2,,,0.0,True,,,,,,,False,,,,,,,False,False,left_to_right,False,104.7,13.2,,,False,False,False,False
e5f09813-c31b-4bae-99b4-cfdb6445ed55,3754237,2763,2,00:40:22.830,85,22,30,Pass,168,22,Leicester City,From Free Kick,22,Leicester City,3307.0,Marc Albrighton,Right Midfield,103.3,13.4,116.2,45.0,1.523393,False,,,,,,Incomplete,False,34.131657,1.1832172,High Pass,Free Kick,,,False,False,left_to_right,False,103.3,13.4,116.2,45.0,False,True,False,True
de68f409-0be0-40bb-86c0-ae10a76cdd1e,3754237,2764,2,00:40:24.354,85,24,23,Goal Keeper,169,41,Sunderland,From Keeper,41,Sunderland,6871.0,Costel Fane Pantilimon,Goalkeeper,3.9,35.1,,,0.0,False,,,,,,,False,,,,,,,False,False,left_to_right,False,3.9,35.1,,,False,False,False,False
f9f9c0d9-c60c-435e-990a-3d3190a95d93,3754237,2765,2,00:40:24.354,85,24,43,Carry,169,41,Sunderland,From Keeper,41,Sunderland,6871.0,Costel Fane Pantilimon,Goalkeeper,3.9,35.1,14.2,37.1,8.321254,False,,,,,,,False,,,,,,,False,False,left_to_right,False,3.9,35.1,14.2,37.1,False,False,False,False
456b4fa6-3dfd-429d-b1d1-30b702f936fc,3754237,2766,2,00:40:32.675,85,32,30,Pass,169,41,Sunderland,From Keeper,41,Sunderland,6871.0,Costel Fane Pantilimon,Goalkeeper,14.2,37.1,23.5,22.2,1.15367,False,,,,,,,True,17.564169,-1.0128005,Ground Pass,,4746.0,Younes Kaboul,False,False,left_to_right,False,14.2,37.1,23.5,22.2,False,False,False,False
7aaebffc-b2ed-4e94-9ae5-e4d3ff642c1e,3754237,2767,2,00:40:33.829,85,33,42,Ball Receipt*,169,41,Sunderland,From Keeper,41,Sunderland,4746.0,Younes Kaboul,Left Center Back,23.5,22.2,,,,False,,,,,,,False,,,,,,,False,False,left_to_right,False,23.5,22.2,,,False,False,False,False
f5183f4a-fd53-49ca-80c6-3a38b9cccdf1,3754237,2768,2,00:40:33.829,85,33,43,Carry,169,41,Sunderland,From Keeper,41,Sunderland,4746.0,Younes Kaboul,Left Center Back,23.5,22.2,33.5,34.7,3.372314,False,,,,,,,False,,,,,,,False,False,left_to_right,False,23.5,22.2,33.5,34.7,False,False,False,False
9cd5510c-181f-4a93-beda-c16fa0ebad75,3754237,2769,2,00:40:37.201,85,37,30,Pass,169,41,Sunderland,From Keeper,41,Sunderland,4746.0,Younes Kaboul,Left Center Back,33.5,34.7,44.4,17.1,1.231632,False,,,,,,,True,20.701933,-1.0162933,Ground Pass,,3321.0,Patrick van Aanholt,False,False,left_to_right,False,33.5,34.7,44.4,17.1,False,False,False,False
42985819-597b-4bf0-ad4a-60cf3a45d9d0,3754237,2770,2,00:40:38.432,85,38,42,Ball Receipt*,169,41,Sunderland,From Keeper,41,Sunderland,3321.0,Patrick van Aanholt,Left Back,44.4,17.1,,,,False,,,,,,,False,,,,,,,False,False,left_to_right,False,44.4,17.1,,,False,False,False,False
dbc10ee6-2b96-43d3-82af-61cecc865428,3754237,2771,2,00:40:38.432,85,38,43,Carry,169,41,Sunderland,From Keeper,41,Sunderland,3321.0,Patrick van Aanholt,Left Back,44.4,17.1,47.9,16.2,2.705053,False,,,,,,,False,,,,,,,False,False,left_to_right,False,44.4,17.1,47.9,16.2,False,False,False,False
464d9b3c-ba73-48bb-bc06-d7b765e21c4f,3754237,2772,2,00:40:41.138,85,41,30,Pass,169,41,Sunderland,From Keeper,41,Sunderland,3321.0,Patrick van Aanholt,Left Back,47.9,16.2,36.8,21.8,0.82058,False,,,,,,,True,12.432618,2.6743479,Ground Pass,,4746.0,Younes Kaboul,False,False,left_to_right,False,47.9,16.2,36.8,21.8,False,False,False,False
ef9992f3-4fa4-443d-96d8-fe1afec9f3a7,3754237,2773,2,00:40:41.958,85,41,42,Ball Receipt*,169,41,Sunderland,From Keeper,41,Sunderland,4746.0,Younes Kaboul,Left Center Back,36.8,21.8,,,,False,,,,,,,False,,,,,,,False,False,left_to_right,False,36.8,21.8,,,False,False,False,False
6de29b5c-5654-440b-878c-cb632662d22e,3754237,2774,2,00:40:41.958,85,41,43,Carry,169,41,Sunderland,From Keeper,41,Sunderland,4746.0,Younes Kaboul,Left Center Back,36.8,21.8,42.6,24.5,2.144715,False,,,,,,,False,,,,,,,False,False,left_to_right,False,36.8,21.8,42.6,24.5,False,False,False,False
72ec6836-7c32-4d3f-8335-e1014cf54893,3754237,2775,2,00:40:44.103,85,44,30,Pass,169,41,Sunderland,From Keeper,41,Sunderland,4746.0,Younes Kaboul,Left Center Back,42.6,24.5,47.6,53.8,0.913148,False,,,,,,,True,29.72356,1.401776,Ground Pass,,5617.0,Sebastian Larsson,False,False,left_to_right,False,42.6,24.5,47.6,53.8,False,False,False,False
99666c13-255e-4fb8-904f-730ef88a48cc,3754237,2776,2,00:40:45.016,85,45,42,Ball Receipt*,169,41,Sunderland,From Keeper,41,Sunderland,5617.0,Sebastian Larsson,Right Center Midfield,47.6,53.8,,,,False,,,,,,,False,,,,,,,False,False,left_to_right,False,47.6,53.8,,,False,False,False,False
ca529c9b-63bc-4574-b0c3-aabff36661bf,3754237,2777,2,00:40:45.016,85,45,43,Carry,169,41,Sunderland,From Keeper,41,Sunderland,5617.0,Sebastian Larsson,Right Center Midfield,47.6,53.8,47.6,53.8,0.159999,False,,,,,,,False,,,,,,,False,False,left_to_right,False,47.6,53.8,47.6,53.8,False,False,False,False
325b616b-94a1-47ab-9d4e-5886cc886738,3754237,2778,2,00:40:45.176,85,45,30,Pass,169,41,Sunderland,From Keeper,41,Sunderland,5617.0,Sebastian Larsson,Right Center Midfield,47.6,53.8,36.8,54.4,1.208242,False,,,,,,,True,10.816654,3.0860941,Ground Pass,,6300.0,Sebastián Coates Nión,False,False,left_to_right,False,47.6,53.8,36.8,54.4,False,False,False,False
88740135-3793-4c46-9fba-0a9f7b3433fc,3754237,2779,2,00:40:46.384,85,46,42,Ball Receipt*,169,41,Sunderland,From Keeper,41,Sunderland,6300.0,Sebastián Coates Nión,Right Center Back,36.8,54.4,,,,False,,,,,,,False,,,,,,,False,False,left_to_right,False,36.8,54.4,,,False,False,False,False
67c6e200-400f-409e-a789-3ee62ba77db5,3754237,2780,2,00:40:46.384,85,46,43,Carry,169,41,Sunderland,From Keeper,41,Sunderland,6300.0,Sebastián Coates Nión,Right Center Back,36.8,54.4,39.6,54.4,1.388026,False,,,,,,,False,,,,,,,False,False,left_to_right,False,36.8,54.4,39.6,54.4,False,False,False,False
01240803-21d0-4fa4-a605-b14fc064b999,3754237,2781,2,00:40:47.772,85,47,30,Pass,169,41,Sunderland,From Keeper,41,Sunderland,6300.0,Sebastián Coates Nión,Right Center Back,39.6,54.4,41.2,30.7,1.244145,False,,,,,,,True,23.753946,-1.503388,Ground Pass,,4746.0,Younes Kaboul,False,False,left_to_right,False,39.6,54.4,41.2,30.7,False,False,False,False
325320a5-5d54-435c-9f31-a552e9b78595,3754237,2782,2,00:40:49.016,85,49,42,Ball Receipt*,169,41,Sunderland,From Keeper,41,Sunderland,4746.0,Younes Kaboul,Left Center Back,41.2,30.7,,,,False,,,,,,,False,,,,,,,False,False,left_to_right,False,41.2,30.7,,,False,False,False,False
2efcedc7-748b-42ce-bbda-417b98af89f1,3754237,2783,2,00:40:49.016,85,49,43,Carry,169,41,Sunderland,From Keeper,41,Sunderland,4746.0,Younes Kaboul,Left Center Back,41.2,30.7,48.4,31.2,2.367761,False,,,,,,,False,,,,,,,False,False,left_to_right,False,41.2,30.7,48.4,31.2,False,False,False,False
394e4c04-f1f2-4011-a38f-72dc0e39eb3e,3754237,2784,2,00:40:51.384,85,51,30,Pass,169,41,Sunderland,From Keeper,41,Sunderland,4746.0,Younes Kaboul,Left Center Back,48.4,31.2,77.4,53.3,1.854822,False,,,,,,Incomplete,False,36.461075,0.6511806,High Pass,,,,False,False,left_to_right,False,48.4,31.2,77.4,53.3,False,True,False,True
a8d1ebdb-bdea-4d95-a243-4219d24f7f05,3754237,2785,2,00:40:53.239,85,53,30,Pass,170,22,Leicester City,Regular Play,22,Leicester City,3662.0,Danny Drinkwater,Left Center Midfield,42.7,26.8,58.4,41.6,1.230359,False,,,,,,,True,21.576145,0.75589854,High Pass,Recovery,3810.0,Shinji Okazaki,False,False,left_to_right,False,42.7,26.8,58.4,41.6,False,False,False,False
49fcd249-5b3f-42e4-8994-567d7bcdf364,3754237,2786,2,00:40:54.131,85,54,17,Pressure,170,22,Leicester City,Regular Play,41,Sunderland,18751.0,Jack Rodwell,Left Center Midfield,61.7,38.3,,,1.555465,False,,,,,,,False,,,,,,,False,False,left_to_right,False,61.7,38.3,,,False,False,False,False
cb8ad24a-914c-4667-86ed-57652d003882,3754237,2787,2,00:40:54.469,85,54,42,Ball Receipt*,170,22,Leicester City,Regular Play,22,Leicester City,3810.0,Shinji Okazaki,Right Center Forward,58.4,41.6,,,,True,,,,,,,False,,,,,,,False,False,left_to_right,False,58.4,41.6,,,False,False,False,False
0f2a562f-2779-4045-aa24-1680f7c34432,3754237,2788,2,00:40:54.469,85,54,43,Carry,170,22,Leicester City,Regular Play,22,Leicester City,3810.0,Shinji Okazaki,Right Center Forward,58.4,41.6,57.3,41.0,1.133896,True,,,,,,,False,,,,,,,False,False,left_to_right,False,58.4,41.6,57.3,41.0,False,False,False,False
9f6813f4-5ded-47c7-b71a-f40b621c14da,3754237,2789,2,00:40:55.603,85,55,22,Foul Committed,170,22,Leicester City,Regular Play,41,Sunderland,18751.0,Jack Rodwell,Left Center Midfield,62.8,39.1,,,0.0,False,,,,,,,False,,,,,,,False,False,left_to_right,False,62.8,39.1,,,False,False,False,False
67ef6ce9-df05-44a4-a51c-8cfbe7c44fb2,3754237,2790,2,00:40:55.603,85,55,21,Foul Won,170,22,Leicester City,Regular Play,22,Leicester City,3810.0,Shinji Okazaki,Right Center Forward,57.3,41.0,,,0.0,True,,,,,,,False,,,,,,,False,False,left_to_right,False,57.3,41.0,,,False,False,False,False
c61b4fbc-bd11-48b0-a78f-73615cf47c05,3754237,2791,2,00:41:14.358,86,14,30,Pass,171,22,Leicester City,From Free Kick,22,Leicester City,3665.0,Andrew Philip King,Right Center Midfield,57.0,42.5,97.4,13.7,3.292021,False,,,,,,Incomplete,False,49.614513,-0.6193123,High Pass,Free Kick,3307.0,Marc Albrighton,False,False,left_to_right,False,57.0,42.5,97.4,13.7,False,True,True,True
b628c2ea-b331-4733-87e4-20fdbd737c33,3754237,2792,2,00:41:17.650,86,17,42,Ball Receipt*,171,22,Leicester City,From Free Kick,22,Leicester City,3307.0,Marc Albrighton,Right Midfield,98.9,9.3,,,,False,,,,,,,False,,,,,,,False,False,left_to_right,False,98.9,9.3,,,False,False,False,False
d0b77fee-ba17-40e6-9871-60abaee58d13,3754237,2793,2,00:41:17.650,86,17,30,Pass,171,22,Leicester City,From Free Kick,41,Sunderland,10770.0,Adam Matthews,Right Back,22.7,66.4,32.6,64.9,1.228787,False,,,,,,Incomplete,False,10.012992,-0.15037143,High Pass,Recovery,16457.0,Jeremain Lens,False,False,left_to_right,False,22.7,66.4,32.6,64.9,False,False,False,True
fc5afad5-71b1-4a55-941a-07a368f84e37,3754237,2794,2,00:41:18.879,86,18,42,Ball Receipt*,171,22,Leicester City,From Free Kick,41,Sunderland,16457.0,Jeremain Lens,Left Midfield,34.7,66.0,,,,False,,,,,,,False,,,,,,,False,False,left_to_right,False,34.7,66.0,,,False,False,False,False
e58b85eb-523c-4472-a240-47a2eb2623df,3754237,2795,2,00:41:18.879,86,18,10,Interception,171,22,Leicester City,From Free Kick,22,Leicester City,3961.0,N''Golo Kanté,Left Center Forward,87.5,15.2,,,0.0,False,,,,,,,False,,,,,,,False,False,left_to_right,False,87.5,15.2,,,False,False,False,False
cca50f54-11a2-4ada-92b8-5f52b8265dfd,3754237,2796,2,00:41:18.879,86,18,43,Carry,171,22,Leicester City,From Free Kick,22,Leicester City,3961.0,N''Golo Kanté,Left Center Forward,87.5,15.2,94.8,29.8,4.01145,True,,,,,,,False,,,,,,,False,False,left_to_right,False,87.5,15.2,94.8,29.8,True,False,False,False
89bfe54c-c8fe-401f-921e-cc29b9126b16,3754237,2797,2,00:41:19.950,86,19,17,Pressure,171,22,Leicester City,From Free Kick,41,Sunderland,16457.0,Jeremain Lens,Left Midfield,32.0,63.7,,,0.734449,False,,,,,,,False,,,,,,,False,False,left_to_right,False,32.0,63.7,,,False,False,False,False
f92d0039-2a14-491e-ba70-d6d2da6462d4,3754237,2798,2,00:41:22.890,86,22,30,Pass,171,22,Leicester City,From Free Kick,22,Leicester City,3961.0,N''Golo Kanté,Left Center Forward,94.8,29.8,103.8,48.0,1.432276,False,,,,,,,True,20.303694,1.111554,Ground Pass,,3810.0,Shinji Okazaki,True,False,left_to_right,False,94.8,29.8,103.8,48.0,False,True,False,False
39914995-4cde-4599-8c1c-c26d07e7cb35,3754237,2799,2,00:41:24.322,86,24,42,Ball Receipt*,171,22,Leicester City,From Free Kick,22,Leicester City,3810.0,Shinji Okazaki,Right Center Forward,103.8,48.0,,,,False,,,,,,,False,,,,,,,False,False,left_to_right,False,103.8,48.0,,,False,False,False,False
b53ce815-8918-47f6-a6eb-be1936cdc0b0,3754237,2800,2,00:41:24.322,86,24,43,Carry,171,22,Leicester City,From Free Kick,22,Leicester City,3810.0,Shinji Okazaki,Right Center Forward,103.8,48.0,104.5,41.9,0.830543,False,,,,,,,False,,,,,,,False,False,left_to_right,False,103.8,48.0,104.5,41.9,False,False,False,False
e7ef1550-0184-4309-ad82-234e27a435da,3754237,2801,2,00:41:25.153,86,25,16,Shot,171,22,Leicester City,From Free Kick,22,Leicester City,3810.0,Shinji Okazaki,Right Center Forward,104.5,41.9,106.3,41.7,0.098218,False,0.10843848,Blocked,Left Foot,Normal,Open Play,,False,,,,,,,False,False,left_to_right,False,104.5,41.9,106.3,41.7,False,False,False,False
742da020-71f0-4b71-a5a6-fd4c8f7ce992,3754237,2802,2,00:41:25.251,86,25,6,Block,171,22,Leicester City,From Free Kick,41,Sunderland,4746.0,Younes Kaboul,Left Center Back,13.8,38.4,,,0.0,False,,,,,,,False,,,,,,,False,False,left_to_right,False,13.8,38.4,,,False,False,False,False
4e217e42-9f15-4e92-b3a6-dd7f4d4fedbd,3754237,2803,2,00:41:25.291,86,25,23,Goal Keeper,171,22,Leicester City,From Free Kick,41,Sunderland,6871.0,Costel Fane Pantilimon,Goalkeeper,3.6,40.3,,,0.0,False,,,,,,,False,,,,,,,False,False,left_to_right,False,3.6,40.3,,,False,False,False,False
3dc92abf-76ed-4cd2-9b61-22eed640a6e4,3754237,2804,2,00:41:54.163,86,54,30,Pass,172,22,Leicester City,From Corner,22,Leicester City,3307.0,Marc Albrighton,Right Midfield,120.0,0.1,120.0,57.7,4.121949,False,,,,,,Out,False,57.6,1.5707964,High Pass,Corner,4826.0,Yohan Benalouane,False,False,left_to_right,False,120.0,0.1,120.0,57.7,False,True,False,True
23a9dc40-a4f6-42b3-ba3d-061c07c5d83a,3754237,2805,2,00:41:58.285,86,58,42,Ball Receipt*,172,22,Leicester City,From Corner,22,Leicester City,4826.0,Yohan Benalouane,Right Back,116.5,55.6,,,,False,,,,,,,False,,,,,,,False,False,left_to_right,False,116.5,55.6,,,False,False,False,False
97bb4469-1f2d-4403-841a-2c456dae9f1e,3754237,2806,2,00:42:13.837,87,13,30,Pass,173,41,Sunderland,From Goal Kick,41,Sunderland,6871.0,Costel Fane Pantilimon,Goalkeeper,6.0,36.0,22.1,23.6,1.174591,False,,,,,,,True,20.321663,-0.65629566,Ground Pass,Goal Kick,4746.0,Younes Kaboul,False,False,left_to_right,False,6.0,36.0,22.1,23.6,False,False,False,False
04addd32-1058-4532-92b8-09008e3dfdf5,3754237,2807,2,00:42:15.012,87,15,42,Ball Receipt*,173,41,Sunderland,From Goal Kick,41,Sunderland,4746.0,Younes Kaboul,Left Center Back,22.1,23.6,,,,False,,,,,,,False,,,,,,,False,False,left_to_right,False,22.1,23.6,,,False,False,False,False
df47a05b-301b-46cc-8d27-28f9f576dd91,3754237,2808,2,00:42:17.728,87,17,30,Pass,173,41,Sunderland,From Goal Kick,41,Sunderland,4746.0,Younes Kaboul,Left Center Back,31.1,31.4,35.5,47.3,1.095411,False,,,,,,,True,16.497576,1.3008229,Ground Pass,,6300.0,Sebastián Coates Nión,False,False,left_to_right,False,31.1,31.4,35.5,47.3,False,False,False,False
86c529b6-e70c-4301-b5fd-383a76031484,3754237,2809,2,00:42:18.823,87,18,42,Ball Receipt*,173,41,Sunderland,From Goal Kick,41,Sunderland,6300.0,Sebastián Coates Nión,Right Center Back,35.5,47.3,,,,False,,,,,,,False,,,,,,,False,False,left_to_right,False,35.5,47.3,,,False,False,False,False
8e6933c9-7ed0-4768-b766-0206e5d568b7,3754237,2810,2,00:42:18.823,87,18,43,Carry,173,41,Sunderland,From Goal Kick,41,Sunderland,6300.0,Sebastián Coates Nión,Right Center Back,35.5,47.3,38.7,52.3,1.7351741,False,,,,,,,False,,,,,,,False,False,left_to_right,False,35.5,47.3,38.7,52.3,False,False,False,False
8461e482-5e5f-4a72-9ea9-1f7f557bb8bd,3754237,2811,2,00:42:20.558,87,20,30,Pass,173,41,Sunderland,From Goal Kick,41,Sunderland,6300.0,Sebastián Coates Nión,Right Center Back,38.7,52.3,61.3,72.2,1.404613,False,,,,,,,True,30.112621,0.721954,Ground Pass,,10770.0,Adam Matthews,False,False,left_to_right,False,38.7,52.3,61.3,72.2,False,False,False,False
9683814e-8e07-43e7-8a63-5e6e741426d1,3754237,2812,2,00:42:21.963,87,21,42,Ball Receipt*,173,41,Sunderland,From Goal Kick,41,Sunderland,10770.0,Adam Matthews,Right Back,61.3,72.2,,,,False,,,,,,,False,,,,,,,False,False,left_to_right,False,61.3,72.2,,,False,False,False,False
ffa78c92-f36c-4b61-8fca-f08ce0fdd8b4,3754237,2813,2,00:42:21.963,87,21,43,Carry,173,41,Sunderland,From Goal Kick,41,Sunderland,10770.0,Adam Matthews,Right Back,61.3,72.2,58.4,71.1,1.396881,False,,,,,,,False,,,,,,,False,False,left_to_right,False,61.3,72.2,58.4,71.1,False,False,False,False
9698e225-3f6a-40b1-8b26-2cfbe244df55,3754237,2814,2,00:42:23.360,87,23,30,Pass,173,41,Sunderland,From Goal Kick,41,Sunderland,10770.0,Adam Matthews,Right Back,58.4,71.1,40.5,65.8,1.566385,False,,,,,,,True,18.668154,-2.8537273,Ground Pass,,5617.0,Sebastian Larsson,False,False,left_to_right,False,58.4,71.1,40.5,65.8,False,False,False,False
c5bb3d26-a615-438a-a3a8-d47e066c58ce,3754237,2815,2,00:42:24.926,87,24,42,Ball Receipt*,173,41,Sunderland,From Goal Kick,41,Sunderland,5617.0,Sebastian Larsson,Right Center Midfield,40.5,65.8,,,,False,,,,,,,False,,,,,,,False,False,left_to_right,False,40.5,65.8,,,False,False,False,False
3120df17-9d61-4282-9c1e-10ac122a8e31,3754237,2816,2,00:42:24.926,87,24,43,Carry,173,41,Sunderland,From Goal Kick,41,Sunderland,5617.0,Sebastian Larsson,Right Center Midfield,40.5,65.8,40.8,65.8,2.973732,False,,,,,,,False,,,,,,,False,False,left_to_right,False,40.5,65.8,40.8,65.8,False,False,False,False
8fab1c5f-2f72-4344-982f-47342af5cd05,3754237,2817,2,00:42:27.900,87,27,30,Pass,173,41,Sunderland,From Goal Kick,41,Sunderland,5617.0,Sebastian Larsson,Right Center Midfield,40.8,65.8,37.5,54.0,1.610296,False,,,,,,,True,12.252755,-1.8434907,Ground Pass,,6300.0,Sebastián Coates Nión,False,False,left_to_right,False,40.8,65.8,37.5,54.0,False,False,False,False
a7d34a4c-dd85-4498-a9f7-2aa776305ff7,3754237,2818,2,00:42:29.510,87,29,42,Ball Receipt*,173,41,Sunderland,From Goal Kick,41,Sunderland,6300.0,Sebastián Coates Nión,Right Center Back,37.5,54.0,,,,False,,,,,,,False,,,,,,,False,False,left_to_right,False,37.5,54.0,,,False,False,False,False
09243318-355e-42bf-9ec6-1167ba38fea6,3754237,2819,2,00:42:29.510,87,29,43,Carry,173,41,Sunderland,From Goal Kick,41,Sunderland,6300.0,Sebastián Coates Nión,Right Center Back,37.5,54.0,39.4,54.4,0.16,False,,,,,,,False,,,,,,,False,False,left_to_right,False,37.5,54.0,39.4,54.4,False,False,False,False
1009716e-1881-43cb-8c88-eeff004e7ae0,3754237,2820,2,00:42:29.670,87,29,30,Pass,173,41,Sunderland,From Goal Kick,41,Sunderland,6300.0,Sebastián Coates Nión,Right Center Back,39.4,54.4,42.8,26.5,1.78883,False,,,,,,,True,28.106405,-1.4495305,Ground Pass,,4746.0,Younes Kaboul,False,False,left_to_right,False,39.4,54.4,42.8,26.5,False,False,False,False
d7720793-cef6-4a2f-a8b7-b51609699790,3754237,2821,2,00:42:31.459,87,31,42,Ball Receipt*,173,41,Sunderland,From Goal Kick,41,Sunderland,4746.0,Younes Kaboul,Left Center Back,42.8,26.5,,,,False,,,,,,,False,,,,,,,False,False,left_to_right,False,42.8,26.5,,,False,False,False,False
ed44e9d1-1ab5-4c0a-9e4f-f7a1a254299e,3754237,2822,2,00:42:31.459,87,31,43,Carry,173,41,Sunderland,From Goal Kick,41,Sunderland,4746.0,Younes Kaboul,Left Center Back,42.8,26.5,49.7,23.3,1.082148,False,,,,,,,False,,,,,,,False,False,left_to_right,False,42.8,26.5,49.7,23.3,False,False,False,False
4ea18e2b-364c-4979-868e-c0f4a11c23d6,3754237,2823,2,00:42:32.541,87,32,30,Pass,173,41,Sunderland,From Goal Kick,41,Sunderland,4746.0,Younes Kaboul,Left Center Back,49.7,23.3,55.5,11.6,0.989992,False,,,,,,,True,13.058714,-1.1105734,Ground Pass,,42902.0,Adam Johnson,False,False,left_to_right,False,49.7,23.3,55.5,11.6,False,False,False,False
6fd8cbbd-2286-4d8a-87b3-9377686f5c35,3754237,2824,2,00:42:33.531,87,33,42,Ball Receipt*,173,41,Sunderland,From Goal Kick,41,Sunderland,42902.0,Adam Johnson,Right Midfield,55.5,11.6,,,,False,,,,,,,False,,,,,,,False,False,left_to_right,False,55.5,11.6,,,False,False,False,False
b1505e36-7dff-429a-90c6-8fd9469b9088,3754237,2825,2,00:42:33.531,87,33,43,Carry,173,41,Sunderland,From Goal Kick,41,Sunderland,42902.0,Adam Johnson,Right Midfield,55.5,11.6,64.3,19.4,4.319999,False,,,,,,,False,,,,,,,False,False,left_to_right,False,55.5,11.6,64.3,19.4,False,False,False,False
f9ba920d-160c-4fd5-8340-4fd3e36a9ab1,3754237,2826,2,00:42:37.851,87,37,30,Pass,173,41,Sunderland,From Goal Kick,41,Sunderland,42902.0,Adam Johnson,Right Midfield,64.3,19.4,51.6,16.2,1.282617,False,,,,,,,True,13.096946,-2.894762,Ground Pass,,4746.0,Younes Kaboul,False,False,left_to_right,False,64.3,19.4,51.6,16.2,False,False,False,False
79345ad8-00a1-457f-9b9c-bd33b0c91186,3754237,2827,2,00:42:39.134,87,39,42,Ball Receipt*,173,41,Sunderland,From Goal Kick,41,Sunderland,4746.0,Younes Kaboul,Left Center Back,51.6,16.2,,,,False,,,,,,,False,,,,,,,False,False,left_to_right,False,51.6,16.2,,,False,False,False,False
f348d8b2-a433-4541-b12e-326455345251,3754237,2828,2,00:42:39.134,87,39,43,Carry,173,41,Sunderland,From Goal Kick,41,Sunderland,4746.0,Younes Kaboul,Left Center Back,51.6,16.2,54.3,19.4,1.660843,False,,,,,,,False,,,,,,,False,False,left_to_right,False,51.6,16.2,54.3,19.4,False,False,False,False
fa3d385a-5e8c-4865-a82a-f859effcc36f,3754237,2829,2,00:42:40.795,87,40,30,Pass,173,41,Sunderland,From Goal Kick,41,Sunderland,4746.0,Younes Kaboul,Left Center Back,54.3,19.4,56.9,19.4,0.147183,False,,,,,,Incomplete,False,2.6,0.0,Low Pass,,,,False,False,left_to_right,False,54.3,19.4,56.9,19.4,False,False,False,True
ae63f36e-3f8c-4a48-b287-5140e8b476ce,3754237,2830,2,00:42:40.942,87,40,6,Block,173,41,Sunderland,From Goal Kick,22,Leicester City,3810.0,Shinji Okazaki,Right Center Forward,63.2,60.7,,,0.0,False,,,,,,,False,,,,,,,False,False,left_to_right,False,63.2,60.7,,,False,False,False,False
3cea126c-1f1a-4dae-8fee-d58f80c94629,3754237,2831,2,00:42:43.745,87,43,30,Pass,173,41,Sunderland,From Goal Kick,41,Sunderland,4746.0,Younes Kaboul,Left Center Back,42.3,23.3,47.9,55.2,1.634863,False,,,,,,,True,32.387806,1.3970184,Ground Pass,Recovery,6300.0,Sebastián Coates Nión,False,False,left_to_right,False,42.3,23.3,47.9,55.2,False,False,False,False
c643693e-8e84-44f0-8207-9f6ba7f4c17d,3754237,2832,2,00:42:45.380,87,45,42,Ball Receipt*,173,41,Sunderland,From Goal Kick,41,Sunderland,6300.0,Sebastián Coates Nión,Right Center Back,47.9,55.2,,,,False,,,,,,,False,,,,,,,False,False,left_to_right,False,47.9,55.2,,,False,False,False,False
a14c1465-e602-4948-8dbc-8a7004db6ee5,3754237,2833,2,00:42:45.380,87,45,43,Carry,173,41,Sunderland,From Goal Kick,41,Sunderland,6300.0,Sebastián Coates Nión,Right Center Back,47.9,55.2,56.4,54.9,3.030518,False,,,,,,,False,,,,,,,False,False,left_to_right,False,47.9,55.2,56.4,54.9,False,False,False,False
9640ba32-e76a-4828-9bd6-858fd14b90c4,3754237,2834,2,00:42:48.411,87,48,30,Pass,173,41,Sunderland,From Goal Kick,41,Sunderland,6300.0,Sebastián Coates Nión,Right Center Back,56.4,54.9,109.2,55.8,2.857568,False,,,,,,,True,52.80767,0.017043805,High Pass,,3337.0,Jermain Defoe,False,False,left_to_right,False,56.4,54.9,109.2,55.8,False,True,True,False
396673c1-4b6a-4ab5-8f36-74b77e3d5e38,3754237,2835,2,00:42:51.268,87,51,42,Ball Receipt*,173,41,Sunderland,From Goal Kick,41,Sunderland,3337.0,Jermain Defoe,Center Forward,109.2,55.8,,,,False,,,,,,,False,,,,,,,False,False,left_to_right,False,109.2,55.8,,,False,False,False,False
566df58f-8ab3-43a1-ad04-96ced9541606,3754237,2836,2,00:42:51.268,87,51,43,Carry,173,41,Sunderland,From Goal Kick,41,Sunderland,3337.0,Jermain Defoe,Center Forward,109.2,55.8,111.7,69.6,3.004446,True,,,,,,,False,,,,,,,False,False,left_to_right,False,109.2,55.8,111.7,69.6,False,False,False,False
1110e530-1cba-4a53-a7fa-371c43c14368,3754237,2837,2,00:42:53.856,87,53,17,Pressure,173,41,Sunderland,From Goal Kick,22,Leicester City,3812.0,Christian Fuchs,Left Midfield,10.9,10.8,,,0.41643,False,,,,,,,False,,,,,,,False,False,left_to_right,False,10.9,10.8,,,False,False,False,False
4357213c-f466-42df-be88-26c38cb44146,3754237,2838,2,00:42:54.273,87,54,14,Dribble,173,41,Sunderland,From Goal Kick,41,Sunderland,3337.0,Jermain Defoe,Center Forward,111.7,69.6,,,0.0,True,,,,,,,False,,,,,,,False,False,left_to_right,False,111.7,69.6,,,False,False,False,False
a7f404b1-94ed-4c37-ad63-84dab48a1f61,3754237,2839,2,00:42:54.273,87,54,4,Duel,173,41,Sunderland,From Goal Kick,22,Leicester City,3812.0,Christian Fuchs,Left Midfield,8.4,10.5,,,0.0,True,,,,,,,False,,,,,,,False,False,left_to_right,False,8.4,10.5,,,False,False,False,False
8ad0ed09-2084-4d87-a110-1603043641a4,3754237,2840,2,00:43:16.775,88,16,30,Pass,174,22,Leicester City,From Throw In,22,Leicester City,3812.0,Christian Fuchs,Left Midfield,7.7,0.1,35.8,6.3,2.001197,False,,,,,,Incomplete,False,28.775858,0.21716122,High Pass,Throw-in,,,False,False,left_to_right,False,7.7,0.1,35.8,6.3,False,False,False,True
6618056e-1266-4d9a-a0d9-c56d68f5b06f,3754237,2841,2,00:43:18.776,88,18,30,Pass,174,22,Leicester City,From Throw In,41,Sunderland,5617.0,Sebastian Larsson,Right Center Midfield,84.3,73.8,78.1,62.0,2.245571,False,,,,,,,True,13.329666,-2.0545754,High Pass,Recovery,18751.0,Jack Rodwell,False,False,left_to_right,False,84.3,73.8,78.1,62.0,False,False,False,False
be348fcb-62f5-4f12-83ed-f37ed06724e6,3754237,2842,2,00:43:20.654,88,20,17,Pressure,174,22,Leicester City,From Throw In,22,Leicester City,3961.0,N''Golo Kanté,Left Center Forward,42.0,15.8,,,0.462141,False,,,,,,,False,,,,,,,False,False,left_to_right,False,42.0,15.8,,,False,False,False,False
ba5c2e3b-1245-4c04-a2a2-0c9c42c0f1de,3754237,2843,2,00:43:21.022,88,21,42,Ball Receipt*,174,22,Leicester City,From Throw In,41,Sunderland,18751.0,Jack Rodwell,Left Center Midfield,78.1,62.0,,,,True,,,,,,,False,,,,,,,False,False,left_to_right,False,78.1,62.0,,,False,False,False,False
841ba6fd-1e7c-4a97-90a1-f522f4f48853,3754237,2844,2,00:43:21.102,88,21,30,Pass,174,22,Leicester City,From Throw In,41,Sunderland,18751.0,Jack Rodwell,Left Center Midfield,76.9,62.5,98.3,69.9,2.811335,True,,,,,,Incomplete,False,22.643322,0.33292326,High Pass,,,,False,False,left_to_right,False,76.9,62.5,98.3,69.9,False,False,True,True
f35420b3-c7d1-42a5-b043-ba343d72a219,3754237,2845,2,00:43:23.913,88,23,30,Pass,174,22,Leicester City,From Throw In,22,Leicester City,3812.0,Christian Fuchs,Left Midfield,21.8,10.2,33.0,9.0,1.104843,False,,,,,,,True,11.264102,-0.10673567,High Pass,Recovery,3520.0,Jeffrey Schlupp,False,False,left_to_right,False,21.8,10.2,33.0,9.0,False,False,False,False
fff1b333-2184-4a84-af60-2ef1e5315e55,3754237,2846,2,00:43:25.018,88,25,42,Ball Receipt*,174,22,Leicester City,From Throw In,22,Leicester City,3520.0,Jeffrey Schlupp,Left Back,33.0,9.0,,,,False,,,,,,,False,,,,,,,False,False,left_to_right,False,33.0,9.0,,,False,False,False,False
f44f716c-5915-45f2-ac41-213b1eeab450,3754237,2847,2,00:43:25.018,88,25,30,Pass,174,22,Leicester City,From Throw In,22,Leicester City,3520.0,Jeffrey Schlupp,Left Back,33.0,9.0,42.7,18.5,1.813751,False,,,,,,Incomplete,False,13.577187,0.77498186,High Pass,,,,False,False,left_to_right,False,33.0,9.0,42.7,18.5,False,False,False,True
7efaa0ef-3ed5-4fb6-a0a0-a939030dbbe5,3754237,2848,2,00:43:26.832,88,26,30,Pass,174,22,Leicester City,From Throw In,41,Sunderland,18751.0,Jack Rodwell,Left Center Midfield,77.4,61.6,93.9,74.3,1.523393,False,,,,,,,True,20.821623,0.65598845,High Pass,Recovery,3337.0,Jermain Defoe,False,False,left_to_right,False,77.4,61.6,93.9,74.3,False,False,True,False
2c06d3d4-32be-43a6-a82f-3e8137ae7a72,3754237,2849,2,00:43:27.825,88,27,17,Pressure,174,22,Leicester City,From Throw In,22,Leicester City,3812.0,Christian Fuchs,Left Midfield,25.0,6.1,,,0.687452,False,,,,,,,False,,,,,,,False,False,left_to_right,False,25.0,6.1,,,False,False,False,False
78fb9155-444d-4f8a-a29e-488a531b0da7,3754237,2850,2,00:43:28.355,88,28,42,Ball Receipt*,174,22,Leicester City,From Throw In,41,Sunderland,3337.0,Jermain Defoe,Center Forward,93.9,74.3,,,,True,,,,,,,False,,,,,,,False,False,left_to_right,False,93.9,74.3,,,False,False,False,False
bbef2558-fefa-45e7-a919-a05b7263e53b,3754237,2851,2,00:43:28.355,88,28,43,Carry,174,22,Leicester City,From Throw In,41,Sunderland,3337.0,Jermain Defoe,Center Forward,93.9,74.3,93.9,73.4,0.08,True,,,,,,,False,,,,,,,False,False,left_to_right,False,93.9,74.3,93.9,73.4,False,False,False,False
9edf3841-9723-4024-8851-48328988aedf,3754237,2852,2,00:43:28.435,88,28,22,Foul Committed,174,22,Leicester City,From Throw In,22,Leicester City,3812.0,Christian Fuchs,Left Midfield,26.2,6.7,,,0.0,False,,,,,,,False,,,,,,,False,False,left_to_right,False,26.2,6.7,,,False,False,False,False
8d64c05d-dbfd-4197-9735-defcb2c9e211,3754237,2853,2,00:43:28.435,88,28,21,Foul Won,174,22,Leicester City,From Throw In,41,Sunderland,3337.0,Jermain Defoe,Center Forward,93.9,73.4,,,0.0,True,,,,,,,False,,,,,,,False,False,left_to_right,False,93.9,73.4,,,False,False,False,False
120d6c46-f75d-4f60-a21e-7945a86984b4,3754237,2854,2,00:44:04.846,89,4,30,Pass,175,41,Sunderland,From Free Kick,41,Sunderland,5617.0,Sebastian Larsson,Right Center Midfield,93.0,73.1,110.3,47.1,1.175549,False,,,,,,Incomplete,False,31.229633,-0.9836818,High Pass,Free Kick,,,False,False,left_to_right,False,93.0,73.1,110.3,47.1,False,True,False,True
0729fd60-6e12-45c6-a8b0-1bc954b1cdd5,3754237,2855,2,00:44:06.021,89,6,9,Clearance,175,41,Sunderland,From Free Kick,22,Leicester City,3662.0,Danny Drinkwater,Left Center Midfield,9.8,33.0,,,0.0,True,,,,,,,False,,,,,,,False,False,left_to_right,False,9.8,33.0,,,False,False,False,False
f44b70cd-76a2-4893-9fba-3626669387a7,3754237,2856,2,00:44:11.044,89,11,30,Pass,176,22,Leicester City,Regular Play,22,Leicester City,3307.0,Marc Albrighton,Right Midfield,14.8,77.6,50.8,54.7,2.072609,False,,,,,,,True,42.666264,-0.5665495,Low Pass,Recovery,3810.0,Shinji Okazaki,False,False,left_to_right,False,14.8,77.6,50.8,54.7,False,True,False,False
824b7a33-10ec-4d15-8c95-0b1101fe4a14,3754237,2857,2,00:44:13.003,89,13,17,Pressure,176,22,Leicester City,Regular Play,41,Sunderland,16457.0,Jeremain Lens,Left Midfield,64.3,19.8,,,1.397463,False,,,,,,,False,,,,,,,False,False,left_to_right,False,64.3,19.8,,,False,False,False,False
8c77ea46-f88d-4b9f-863d-0383d01a4715,3754237,2858,2,00:44:13.117,89,13,42,Ball Receipt*,176,22,Leicester City,Regular Play,22,Leicester City,3810.0,Shinji Okazaki,Right Center Forward,50.8,54.7,,,,True,,,,,,,False,,,,,,,False,False,left_to_right,False,50.8,54.7,,,False,False,False,False
35c7d90e-6b9e-4b8f-a649-9f680028d0d6,3754237,2859,2,00:44:13.117,89,13,43,Carry,176,22,Leicester City,Regular Play,22,Leicester City,3810.0,Shinji Okazaki,Right Center Forward,50.8,54.7,60.9,65.9,1.55884,True,,,,,,,False,,,,,,,False,False,left_to_right,False,50.8,54.7,60.9,65.9,False,False,False,False
f841a885-bf0f-4537-bb77-c72cc130962f,3754237,2860,2,00:44:14.675,89,14,39,Dribbled Past,176,22,Leicester City,Regular Play,41,Sunderland,16457.0,Jeremain Lens,Left Midfield,59.2,14.2,,,0.0,False,,,,,,,False,,,,,,,False,False,left_to_right,False,59.2,14.2,,,False,False,False,False
16504d6e-2e86-48f9-9d34-92907e1c920c,3754237,2861,2,00:44:14.675,89,14,14,Dribble,176,22,Leicester City,Regular Play,22,Leicester City,3810.0,Shinji Okazaki,Right Center Forward,60.9,65.9,,,0.0,True,,,,,,,False,,,,,,,False,False,left_to_right,False,60.9,65.9,,,False,False,False,False
854b1a98-9219-4ef9-9034-635ac61f1872,3754237,2862,2,00:44:14.675,89,14,43,Carry,176,22,Leicester City,Regular Play,22,Leicester City,3810.0,Shinji Okazaki,Right Center Forward,60.9,65.9,57.0,75.0,2.106682,True,,,,,,,False,,,,,,,False,False,left_to_right,False,60.9,65.9,57.0,75.0,False,False,False,False
60a1a60e-8efa-45a5-b572-d96f2aaa727c,3754237,2863,2,00:44:15.399,89,15,17,Pressure,176,22,Leicester City,Regular Play,41,Sunderland,3321.0,Patrick van Aanholt,Left Back,62.2,12.5,,,1.475282,False,,,,,,,False,,,,,,,False,False,left_to_right,False,62.2,12.5,,,False,False,False,False
9fc9e8af-0ef1-4de4-a45b-d34394319452,3754237,2864,2,00:44:16.782,89,16,39,Dribbled Past,176,22,Leicester City,Regular Play,41,Sunderland,18751.0,Jack Rodwell,Left Center Midfield,63.1,5.1,,,0.0,False,,,,,,,False,,,,,,,False,False,left_to_right,False,63.1,5.1,,,False,False,False,False
fc23b2ba-ecf9-4d5e-896f-1fa22459a4f7,3754237,2865,2,00:44:16.782,89,16,14,Dribble,176,22,Leicester City,Regular Play,22,Leicester City,3810.0,Shinji Okazaki,Right Center Forward,57.0,75.0,,,0.0,True,,,,,,,False,,,,,,,False,False,left_to_right,False,57.0,75.0,,,False,False,False,False
21908ac9-2a8f-4113-97a6-6b11f0fd1830,3754237,2866,2,00:44:16.782,89,16,43,Carry,176,22,Leicester City,Regular Play,22,Leicester City,3810.0,Shinji Okazaki,Right Center Forward,57.0,75.0,56.4,73.6,1.414035,True,,,,,,,False,,,,,,,False,False,left_to_right,False,57.0,75.0,56.4,73.6,False,False,False,False
7dbfeabf-b2f4-4ff4-b253-dd45112b67b6,3754237,2867,2,00:44:17.497,89,17,17,Pressure,176,22,Leicester City,Regular Play,41,Sunderland,18751.0,Jack Rodwell,Left Center Midfield,62.8,5.8,,,0.570331,False,,,,,,,False,,,,,,,False,False,left_to_right,False,62.8,5.8,,,False,False,False,False
bbb85af4-49ca-4327-9ec3-b7030adf0cd5,3754237,2868,2,00:44:18.196,89,18,3,Dispossessed,176,22,Leicester City,Regular Play,22,Leicester City,3810.0,Shinji Okazaki,Right Center Forward,56.4,73.6,,,0.0,True,,,,,,,False,,,,,,,False,False,left_to_right,False,56.4,73.6,,,False,False,False,True
0c43c429-aa4a-4d59-9386-575b5d860139,3754237,2869,2,00:44:18.196,89,18,4,Duel,176,22,Leicester City,Regular Play,41,Sunderland,3321.0,Patrick van Aanholt,Left Back,63.7,6.5,,,0.0,True,,,,,,,False,,,,,,,False,False,left_to_right,False,63.7,6.5,,,False,False,False,False
883861f5-f270-4109-af40-7fa2f7743ac2,3754237,2870,2,00:44:18.196,89,18,43,Carry,176,22,Leicester City,Regular Play,41,Sunderland,3321.0,Patrick van Aanholt,Left Back,63.7,6.5,59.2,1.6,1.696381,True,,,,,,,False,,,,,,,False,False,left_to_right,False,63.7,6.5,59.2,1.6,False,False,False,False
f1d66a5f-8b8e-41de-b2aa-fbddf10acfce,3754237,2871,2,00:44:19.320,89,19,17,Pressure,176,22,Leicester City,Regular Play,22,Leicester City,3307.0,Marc Albrighton,Right Midfield,60.2,78.5,,,0.572708,False,,,,,,,False,,,,,,,False,False,left_to_right,False,60.2,78.5,,,False,False,False,False
defaba5d-cf39-4796-9505-aaa99c1a28ea,3754237,2872,2,00:44:19.893,89,19,14,Dribble,176,22,Leicester City,Regular Play,41,Sunderland,3321.0,Patrick van Aanholt,Left Back,59.2,1.6,,,0.0,True,,,,,,,False,,,,,,,False,False,left_to_right,False,59.2,1.6,,,False,False,False,False
191cb8a0-53ec-4f87-a492-0828922ea577,3754237,2873,2,00:44:19.893,89,19,4,Duel,176,22,Leicester City,Regular Play,22,Leicester City,3307.0,Marc Albrighton,Right Midfield,60.9,78.5,,,0.0,True,,,,,,,False,,,,,,,False,False,left_to_right,False,60.9,78.5,,,False,False,False,False
dc58726f-bbf6-429e-b231-07d300d51148,3754237,2874,2,00:44:19.893,89,19,43,Carry,176,22,Leicester City,Regular Play,22,Leicester City,3307.0,Marc Albrighton,Right Midfield,60.9,78.5,82.2,62.3,3.463892,False,,,,,,,False,,,,,,,False,False,left_to_right,False,60.9,78.5,82.2,62.3,True,False,False,False
dc6080df-5f4f-4b86-ac9a-8566d0fb5ba1,3754237,2875,2,00:44:23.356,89,23,30,Pass,176,22,Leicester City,Regular Play,22,Leicester City,3307.0,Marc Albrighton,Right Midfield,82.2,62.3,108.9,28.4,2.6511,False,,,,,,Incomplete,False,43.152058,-0.90365565,Ground Pass,,3520.0,Jeffrey Schlupp,False,False,left_to_right,False,82.2,62.3,108.9,28.4,False,True,False,True
b5ddc5b9-cd4b-45be-b991-22c6e8b20e1f,3754237,2876,2,00:44:26.007,89,26,42,Ball Receipt*,176,22,Leicester City,Regular Play,22,Leicester City,3520.0,Jeffrey Schlupp,Left Back,97.1,24.5,,,,False,,,,,,,False,,,,,,,False,False,left_to_right,False,97.1,24.5,,,False,False,False,False
dafaebc1-5be1-4556-8650-2b1f58b0661a,3754237,2877,2,00:44:26.007,89,26,2,Ball Recovery,177,41,Sunderland,Regular Play,41,Sunderland,6871.0,Costel Fane Pantilimon,Goalkeeper,11.2,51.7,,,0.0,False,,,,,,,False,,,,,,,False,False,left_to_right,False,11.2,51.7,,,False,False,False,False
4f5c3856-6861-4186-8471-7ad005e82f75,3754237,2878,2,00:44:26.007,89,26,43,Carry,177,41,Sunderland,Regular Play,41,Sunderland,6871.0,Costel Fane Pantilimon,Goalkeeper,11.2,51.7,11.7,52.9,1.449995,False,,,,,,,False,,,,,,,False,False,left_to_right,False,11.2,51.7,11.7,52.9,False,False,False,False
f79d83e1-7944-4271-8369-736f668808cd,3754237,2879,2,00:44:27.457,89,27,30,Pass,177,41,Sunderland,Regular Play,41,Sunderland,6871.0,Costel Fane Pantilimon,Goalkeeper,11.7,52.9,28.8,60.5,1.968377,False,,,,,,,True,18.71283,0.41822433,Low Pass,,5617.0,Sebastian Larsson,False,False,left_to_right,False,11.7,52.9,28.8,60.5,False,False,False,False
40e51799-2212-4e96-8ea6-9411aa911c1c,3754237,2880,2,00:44:29.426,89,29,42,Ball Receipt*,177,41,Sunderland,Regular Play,41,Sunderland,5617.0,Sebastian Larsson,Right Center Midfield,28.8,60.5,,,,False,,,,,,,False,,,,,,,False,False,left_to_right,False,28.8,60.5,,,False,False,False,False
0132360b-b803-4ce7-967e-d15485a61f06,3754237,2881,2,00:44:29.426,89,29,43,Carry,177,41,Sunderland,Regular Play,41,Sunderland,5617.0,Sebastian Larsson,Right Center Midfield,28.8,60.5,64.3,60.5,10.681023,False,,,,,,,False,,,,,,,False,False,left_to_right,False,28.8,60.5,64.3,60.5,True,False,False,False
2426d4f6-5631-4e68-9a6a-1c94f4d88cd7,3754237,2882,2,00:44:40.107,89,40,30,Pass,177,41,Sunderland,Regular Play,41,Sunderland,5617.0,Sebastian Larsson,Right Center Midfield,64.3,60.5,49.3,28.2,1.517642,False,,,,,,,True,35.61306,-2.0055575,Ground Pass,,4746.0,Younes Kaboul,False,False,left_to_right,False,64.3,60.5,49.3,28.2,False,False,False,False
2776f976-96fc-428f-86dd-2f0b0974e985,3754237,2883,2,00:44:41.625,89,41,42,Ball Receipt*,177,41,Sunderland,Regular Play,41,Sunderland,4746.0,Younes Kaboul,Left Center Back,49.3,28.2,,,,False,,,,,,,False,,,,,,,False,False,left_to_right,False,49.3,28.2,,,False,False,False,False
f4a4420b-78e4-45c5-8b46-1fa3bfca4292,3754237,2884,2,00:44:41.625,89,41,43,Carry,177,41,Sunderland,Regular Play,41,Sunderland,4746.0,Younes Kaboul,Left Center Back,49.3,28.2,49.3,28.2,0.989935,False,,,,,,,False,,,,,,,False,False,left_to_right,False,49.3,28.2,49.3,28.2,False,False,False,False
7380b66d-b522-4637-9226-8571258c230c,3754237,2885,2,00:44:42.614,89,42,30,Pass,177,41,Sunderland,Regular Play,41,Sunderland,4746.0,Younes Kaboul,Left Center Back,49.3,28.2,64.3,18.0,1.036453,False,,,,,,,True,18.13946,-0.5971767,Ground Pass,,42902.0,Adam Johnson,False,False,left_to_right,False,49.3,28.2,64.3,18.0,False,False,False,False
3b9fd1a2-8dec-48b2-bac8-4fc4496526a1,3754237,2886,2,00:44:43.651,89,43,42,Ball Receipt*,177,41,Sunderland,Regular Play,41,Sunderland,42902.0,Adam Johnson,Right Midfield,64.3,18.0,,,,False,,,,,,,False,,,,,,,False,False,left_to_right,False,64.3,18.0,,,False,False,False,False
35796c60-53ea-4a05-b162-be68cacf47ec,3754237,2887,2,00:44:43.651,89,43,43,Carry,177,41,Sunderland,Regular Play,41,Sunderland,42902.0,Adam Johnson,Right Midfield,64.3,18.0,71.9,20.3,3.677362,False,,,,,,,False,,,,,,,False,False,left_to_right,False,64.3,18.0,71.9,20.3,False,False,False,False
3a137fe3-976c-4b41-ae28-2e173a3346e9,3754237,2888,2,00:44:47.328,89,47,30,Pass,177,41,Sunderland,Regular Play,41,Sunderland,42902.0,Adam Johnson,Right Midfield,71.9,20.3,104.1,10.4,3.251691,False,,,,,,,True,33.687534,-0.2982807,Low Pass,,9554.0,Steven Fletcher,False,False,left_to_right,False,71.9,20.3,104.1,10.4,False,True,True,False
ec4cd6af-f3be-4f63-934e-c2e59c31aa0a,3754237,2889,2,00:44:50.580,89,50,42,Ball Receipt*,177,41,Sunderland,Regular Play,41,Sunderland,9554.0,Steven Fletcher,Center Defensive Midfield,104.1,10.4,,,,False,,,,,,,False,,,,,,,False,False,left_to_right,False,104.1,10.4,,,False,False,False,False
c251cf80-1245-42f1-8a1f-3ca5ef5ba786,3754237,2890,2,00:44:50.580,89,50,43,Carry,177,41,Sunderland,Regular Play,41,Sunderland,9554.0,Steven Fletcher,Center Defensive Midfield,104.1,10.4,104.4,7.2,1.403468,False,,,,,,,False,,,,,,,False,False,left_to_right,False,104.1,10.4,104.4,7.2,False,False,False,False
bcaea20a-d12a-4428-9707-597ce8f2860e,3754237,2891,2,00:44:51.983,89,51,30,Pass,177,41,Sunderland,Regular Play,41,Sunderland,9554.0,Steven Fletcher,Center Defensive Midfield,104.4,7.2,83.6,14.8,1.901454,False,,,,,,,True,22.144978,2.7912784,Ground Pass,,3321.0,Patrick van Aanholt,False,False,left_to_right,False,104.4,7.2,83.6,14.8,False,False,False,False
279b2be1-b3c6-47c1-91ab-52980802589b,3754237,2892,2,00:44:53.885,89,53,42,Ball Receipt*,177,41,Sunderland,Regular Play,41,Sunderland,3321.0,Patrick van Aanholt,Left Back,83.6,14.8,,,,False,,,,,,,False,,,,,,,False,False,left_to_right,False,83.6,14.8,,,False,False,False,False
45f98f79-b33f-428b-bd8b-8c4ab6dd239f,3754237,2893,2,00:44:53.885,89,53,43,Carry,177,41,Sunderland,Regular Play,41,Sunderland,3321.0,Patrick van Aanholt,Left Back,83.6,14.8,83.9,14.8,1.136793,False,,,,,,,False,,,,,,,False,False,left_to_right,False,83.6,14.8,83.9,14.8,False,False,False,False
6c2be028-dfcd-4407-ac56-8f14e45e9bd5,3754237,2894,2,00:44:55.022,89,55,30,Pass,177,41,Sunderland,Regular Play,41,Sunderland,3321.0,Patrick van Aanholt,Left Back,83.9,14.8,84.8,24.2,0.771455,False,,,,,,,True,9.4429865,1.4753426,Ground Pass,,16457.0,Jeremain Lens,False,False,left_to_right,False,83.9,14.8,84.8,24.2,False,False,False,False
638ecfb8-db1e-4b76-84e8-638868d64e12,3754237,2895,2,00:44:55.793,89,55,42,Ball Receipt*,177,41,Sunderland,Regular Play,41,Sunderland,16457.0,Jeremain Lens,Left Midfield,84.8,24.2,,,,False,,,,,,,False,,,,,,,False,False,left_to_right,False,84.8,24.2,,,False,False,False,False
719ab51f-8b7e-4ede-8080-be8d6aecd67d,3754237,2896,2,00:44:55.793,89,55,43,Carry,177,41,Sunderland,Regular Play,41,Sunderland,16457.0,Jeremain Lens,Left Midfield,84.8,24.2,87.5,18.9,1.103214,True,,,,,,,False,,,,,,,False,False,left_to_right,False,84.8,24.2,87.5,18.9,False,False,False,False
f06f6521-9031-40e4-bb59-b4de909a08e4,3754237,2897,2,00:44:56.009,89,56,17,Pressure,177,41,Sunderland,Regular Play,22,Leicester City,3961.0,N''Golo Kanté,Left Center Forward,34.4,57.0,,,2.684297,False,,,,,,,False,,,,,,,False,False,left_to_right,False,34.4,57.0,,,False,False,False,False
eea2eaa7-3052-47e1-9a77-a7e1321099b5,3754237,2898,2,00:44:56.896,89,56,39,Dribbled Past,177,41,Sunderland,Regular Play,22,Leicester City,3961.0,N''Golo Kanté,Left Center Forward,32.6,61.2,,,0.0,False,,,,,,,False,,,,,,,False,False,left_to_right,False,32.6,61.2,,,False,False,False,False
754ba9a3-04ae-4e33-a6a7-11c74999b3ea,3754237,2899,2,00:44:56.896,89,56,14,Dribble,177,41,Sunderland,Regular Play,41,Sunderland,16457.0,Jeremain Lens,Left Midfield,87.5,18.9,,,0.0,True,,,,,,,False,,,,,,,False,False,left_to_right,False,87.5,18.9,,,False,False,False,False
e5a93672-58fa-4a84-bdb9-62ef6b9bf640,3754237,2900,2,00:44:56.896,89,56,43,Carry,177,41,Sunderland,Regular Play,41,Sunderland,16457.0,Jeremain Lens,Left Midfield,87.5,18.9,103.5,13.4,1.678001,True,,,,,,,False,,,,,,,False,False,left_to_right,False,87.5,18.9,103.5,13.4,False,False,False,False
7a0236ab-766e-4ff7-9a62-cee513f738cf,3754237,2901,2,00:44:58.574,89,58,30,Pass,177,41,Sunderland,Regular Play,41,Sunderland,16457.0,Jeremain Lens,Left Midfield,103.5,13.4,120.0,66.0,4.517542,True,,,,,,Out,False,55.127216,1.2668294,Low Pass,,,,False,False,left_to_right,False,103.5,13.4,120.0,66.0,False,False,False,True
637887d9-6766-4ea0-b060-316435bc658c,3754237,2902,2,00:45:34.597,90,34,24,Bad Behaviour,177,41,Sunderland,Regular Play,22,Leicester City,3520.0,Jeffrey Schlupp,Left Back,,,,,0.0,False,,,,,,,False,,,,,,,False,False,left_to_right,False,,,,,False,False,False,False
afb8b01f-0461-42ce-b2db-f5e41feffa6d,3754237,2903,2,00:45:39.782,90,39,30,Pass,178,22,Leicester City,From Goal Kick,22,Leicester City,3815.0,Kasper Schmeichel,Goalkeeper,7.0,36.1,76.9,55.6,3.215343,False,,,,,,Incomplete,False,72.569,0.2720533,High Pass,Goal Kick,,,False,False,left_to_right,False,7.0,36.1,76.9,55.6,False,True,False,True
8f665c87-1a70-44d0-9f87-7e58b4bfd059,3754237,2904,2,00:45:42.997,90,42,4,Duel,178,22,Leicester City,From Goal Kick,22,Leicester City,3810.0,Shinji Okazaki,Right Center Forward,76.9,55.6,,,0.0,True,,,,,,,False,,,,,,,False,False,left_to_right,False,76.9,55.6,,,False,False,False,False
10ff7ec6-21d1-4e7a-9506-3fe72dc1f397,3754237,2905,2,00:45:42.997,90,42,30,Pass,178,22,Leicester City,From Goal Kick,41,Sunderland,6300.0,Sebastián Coates Nión,Right Center Back,43.2,24.5,50.2,24.7,0.798461,True,,,,,,,True,7.0028567,0.028563658,Low Pass,Recovery,18751.0,Jack Rodwell,False,False,left_to_right,False,43.2,24.5,50.2,24.7,False,False,False,False
40579e9c-fb6a-44e5-ab50-fd8bee1f84a4,3754237,2906,2,00:45:43.795,90,43,42,Ball Receipt*,178,22,Leicester City,From Goal Kick,41,Sunderland,18751.0,Jack Rodwell,Left Center Midfield,50.2,24.7,,,,False,,,,,,,False,,,,,,,False,False,left_to_right,False,50.2,24.7,,,False,False,False,False
f8a0abeb-f07f-4ce8-aa63-e47a82e6751e,3754237,2907,2,00:45:43.886,90,43,4,Duel,178,22,Leicester City,From Goal Kick,22,Leicester City,3961.0,N''Golo Kanté,Left Center Forward,70.2,55.4,,,0.0,True,,,,,,,False,,,,,,,False,False,left_to_right,False,70.2,55.4,,,False,False,False,False
8338caa3-1e2e-4ce4-87e1-b24e3234d97c,3754237,2908,2,00:45:43.886,90,43,30,Pass,178,22,Leicester City,From Goal Kick,41,Sunderland,18751.0,Jack Rodwell,Left Center Midfield,49.9,24.7,58.7,20.6,1.399174,True,,,,,,Incomplete,False,9.708244,-0.43600488,High Pass,,,,False,False,left_to_right,False,49.9,24.7,58.7,20.6,False,False,False,True
b75303fa-8abe-4006-94cf-bd4a9bb32e89,3754237,2909,2,00:45:45.285,90,45,30,Pass,178,22,Leicester City,From Goal Kick,22,Leicester City,3307.0,Marc Albrighton,Right Midfield,61.4,59.5,70.8,61.6,1.283618,False,,,,,,,True,9.631719,0.21979508,Ground Pass,Recovery,3961.0,N''Golo Kanté,False,False,left_to_right,False,61.4,59.5,70.8,61.6,False,False,False,False
7d49e90f-64f9-4f63-b620-286e6192d18e,3754237,2910,2,00:45:46.568,90,46,42,Ball Receipt*,178,22,Leicester City,From Goal Kick,22,Leicester City,3961.0,N''Golo Kanté,Left Center Forward,70.8,61.6,,,,False,,,,,,,False,,,,,,,False,False,left_to_right,False,70.8,61.6,,,False,False,False,False
801ff88d-6def-4302-8ae1-7a13e77e9797,3754237,2911,2,00:45:46.568,90,46,43,Carry,178,22,Leicester City,From Goal Kick,22,Leicester City,3961.0,N''Golo Kanté,Left Center Forward,70.8,61.6,66.7,69.4,1.099161,False,,,,,,,False,,,,,,,False,False,left_to_right,False,70.8,61.6,66.7,69.4,False,False,False,False
f278e3c2-c28d-47cd-9064-20a70dd12d66,3754237,2912,2,00:45:47.668,90,47,30,Pass,178,22,Leicester City,From Goal Kick,22,Leicester City,3961.0,N''Golo Kanté,Left Center Forward,66.7,69.4,63.2,64.4,0.522853,False,,,,,,,True,6.1032777,-2.1815224,Ground Pass,,3307.0,Marc Albrighton,False,False,left_to_right,False,66.7,69.4,63.2,64.4,False,False,False,False
c0815abd-59ed-4401-aca5-9c28aca8e941,3754237,2913,2,00:45:48.190,90,48,42,Ball Receipt*,178,22,Leicester City,From Goal Kick,22,Leicester City,3307.0,Marc Albrighton,Right Midfield,63.2,64.4,,,,False,,,,,,,False,,,,,,,False,False,left_to_right,False,63.2,64.4,,,False,False,False,False
0903551a-a4da-4fbd-9146-1b2fa9f282ea,3754237,2914,2,00:45:48.190,90,48,30,Pass,178,22,Leicester City,From Goal Kick,22,Leicester City,3307.0,Marc Albrighton,Right Midfield,62.8,64.8,108.6,60.0,4.579991,False,,,,,,Incomplete,False,46.050842,-0.10442229,High Pass,,,,False,False,left_to_right,False,62.8,64.8,108.6,60.0,False,True,True,True
0c783522-2103-490d-97e2-6185afdcbabd,3754237,2915,2,00:45:52.770,90,52,2,Ball Recovery,178,22,Leicester City,From Goal Kick,41,Sunderland,6871.0,Costel Fane Pantilimon,Goalkeeper,11.5,20.1,,,0.0,False,,,,,,,False,,,,,,,False,False,left_to_right,False,11.5,20.1,,,False,False,False,False
7ee348b5-6bee-4569-b3e1-1638dfca39f7,3754237,2916,2,00:45:52.770,90,52,43,Carry,178,22,Leicester City,From Goal Kick,41,Sunderland,6871.0,Costel Fane Pantilimon,Goalkeeper,11.5,20.1,11.5,20.1,0.843724,False,,,,,,,False,,,,,,,False,False,left_to_right,False,11.5,20.1,11.5,20.1,False,False,False,False
f514d0d3-caa6-452f-aa1e-22edd0ca1bcc,3754237,2917,2,00:45:53.614,90,53,30,Pass,178,22,Leicester City,From Goal Kick,41,Sunderland,6871.0,Costel Fane Pantilimon,Goalkeeper,11.5,20.1,17.9,19.4,1.391148,False,,,,,,,True,6.4381676,-0.10894196,Ground Pass,,4746.0,Younes Kaboul,False,False,left_to_right,False,11.5,20.1,17.9,19.4,False,False,False,False
503ab1dc-fd75-4e22-a081-f29883be8fd7,3754237,2918,2,00:45:55.005,90,55,42,Ball Receipt*,178,22,Leicester City,From Goal Kick,41,Sunderland,4746.0,Younes Kaboul,Left Center Back,17.9,19.4,,,,False,,,,,,,False,,,,,,,False,False,left_to_right,False,17.9,19.4,,,False,False,False,False
34c7a316-8e0f-4494-b4f5-e86e23b40881,3754237,2919,2,00:45:55.005,90,55,43,Carry,178,22,Leicester City,From Goal Kick,41,Sunderland,4746.0,Younes Kaboul,Left Center Back,17.9,19.4,32.6,23.6,3.899805,False,,,,,,,False,,,,,,,False,False,left_to_right,False,17.9,19.4,32.6,23.6,False,False,False,False
fa9c86ae-fd17-495a-acf2-8ffb322361e6,3754237,2920,2,00:45:58.905,90,58,30,Pass,178,22,Leicester City,From Goal Kick,41,Sunderland,4746.0,Younes Kaboul,Left Center Back,32.6,23.6,96.3,46.4,4.350603,False,,,,,,Incomplete,False,67.65745,0.3437199,High Pass,,,,False,False,left_to_right,False,32.6,23.6,96.3,46.4,False,True,True,True
0fa8d77d-c916-4808-bb22-01dec62cfee0,3754237,2921,2,00:46:03.256,91,3,30,Pass,178,22,Leicester City,From Goal Kick,22,Leicester City,3812.0,Christian Fuchs,Left Midfield,23.8,33.7,9.5,38.1,1.537314,False,,,,,,,True,14.961617,2.8430936,Low Pass,Recovery,3815.0,Kasper Schmeichel,False,False,left_to_right,False,23.8,33.7,9.5,38.1,False,False,False,False
3fd39a13-a711-4922-ba45-e6a67ac85e3b,3754237,2922,2,00:46:04.793,91,4,42,Ball Receipt*,178,22,Leicester City,From Goal Kick,22,Leicester City,3815.0,Kasper Schmeichel,Goalkeeper,9.5,38.1,,,,False,,,,,,,False,,,,,,,False,False,left_to_right,False,9.5,38.1,,,False,False,False,False
5a3f8798-858c-459f-8a68-3f59ed128b06,3754237,2923,2,00:46:06.609,91,6,17,Pressure,178,22,Leicester City,From Goal Kick,41,Sunderland,16457.0,Jeremain Lens,Left Midfield,104.4,47.6,,,2.281442,False,,,,,,,False,,,,,,,False,False,left_to_right,False,104.4,47.6,,,False,False,False,False
bc12cb4f-47a0-46ce-adc1-a871e46a41d5,3754237,2924,2,00:46:17.620,91,17,30,Pass,178,22,Leicester City,From Goal Kick,22,Leicester City,3815.0,Kasper Schmeichel,Goalkeeper,7.7,31.6,41.8,36.0,4.8388,False,,,,,,Incomplete,False,34.382698,0.12832323,High Pass,,,,False,False,left_to_right,False,7.7,31.6,41.8,36.0,False,True,False,True
a764fd86-fd7a-4c10-9fcf-48bda8c86e38,3754237,2925,2,00:46:22.459,91,22,30,Pass,178,22,Leicester City,From Goal Kick,41,Sunderland,9554.0,Steven Fletcher,Center Defensive Midfield,78.3,44.1,82.2,44.3,2.687513,False,,,,,,Incomplete,False,3.905125,0.051237166,High Pass,Recovery,,,False,False,left_to_right,False,78.3,44.1,82.2,44.3,False,False,True,True
c9a36e9b-af79-429a-b81a-11682a7a18a5,3754237,2926,2,00:46:25.147,91,25,30,Pass,178,22,Leicester City,From Goal Kick,22,Leicester City,3813.0,Wes Morgan,Left Center Back,37.9,35.8,43.8,46.2,1.959038,False,,,,,,Incomplete,False,11.957006,1.0547622,High Pass,Recovery,,,False,False,left_to_right,False,37.9,35.8,43.8,46.2,False,False,False,True
f17b5f0e-fcd8-4117-9e6e-feed5fd88d91,3754237,2927,2,00:46:27.106,91,27,4,Duel,178,22,Leicester City,From Goal Kick,22,Leicester City,3665.0,Andrew Philip King,Right Center Midfield,43.8,46.2,,,0.0,True,,,,,,,False,,,,,,,False,False,left_to_right,False,43.8,46.2,,,False,False,False,False
97ea37e0-bc17-4fa2-8dee-47b7a521c904,3754237,2928,2,00:46:27.106,91,27,30,Pass,179,41,Sunderland,Regular Play,41,Sunderland,18751.0,Jack Rodwell,Left Center Midfield,76.3,33.9,62.8,39.1,2.174489,True,,,,,,,True,14.466859,2.7739224,High Pass,Recovery,5617.0,Sebastian Larsson,False,False,left_to_right,False,76.3,33.9,62.8,39.1,False,False,False,False
116fc8fb-acff-4d5b-bb6a-cff6006ebedf,3754237,2929,2,00:46:29.280,91,29,42,Ball Receipt*,179,41,Sunderland,Regular Play,41,Sunderland,5617.0,Sebastian Larsson,Right Center Midfield,62.8,39.1,,,,False,,,,,,,False,,,,,,,False,False,left_to_right,False,62.8,39.1,,,False,False,False,False
ab0b8e45-8280-47ca-92b3-31cd46c4cc37,3754237,2930,2,00:46:29.430,91,29,30,Pass,179,41,Sunderland,Regular Play,41,Sunderland,5617.0,Sebastian Larsson,Right Center Midfield,63.4,39.4,50.2,42.7,1.458224,False,,,,,,,True,13.606249,2.896614,Low Pass,,6300.0,Sebastián Coates Nión,False,False,left_to_right,False,63.4,39.4,50.2,42.7,False,False,False,False
325bb779-cda2-4ebb-9e1f-f3f1f324ffbf,3754237,2931,2,00:46:30.888,91,30,42,Ball Receipt*,179,41,Sunderland,Regular Play,41,Sunderland,6300.0,Sebastián Coates Nión,Right Center Back,50.2,42.7,,,,False,,,,,,,False,,,,,,,False,False,left_to_right,False,50.2,42.7,,,False,False,False,False
b876431e-f3df-4fa6-b7d8-93000fd3d933,3754237,2932,2,00:46:30.888,91,30,43,Carry,179,41,Sunderland,Regular Play,41,Sunderland,6300.0,Sebastián Coates Nión,Right Center Back,50.2,42.7,52.3,42.3,1.972659,False,,,,,,,False,,,,,,,False,False,left_to_right,False,50.2,42.7,52.3,42.3,False,False,False,False
3e354dfd-ebd2-4ebc-9833-d31f40fe6b1d,3754237,2933,2,00:46:32.861,91,32,30,Pass,179,41,Sunderland,Regular Play,41,Sunderland,6300.0,Sebastián Coates Nión,Right Center Back,52.3,42.3,88.0,9.3,2.848166,False,,,,,,Incomplete,False,48.615738,-0.74611706,High Pass,,42902.0,Adam Johnson,False,False,left_to_right,False,52.3,42.3,88.0,9.3,False,True,True,True
dc371395-d518-4325-9f4d-5bd5c65b8b53,3754237,2934,2,00:46:35.709,91,35,42,Ball Receipt*,179,41,Sunderland,Regular Play,41,Sunderland,42902.0,Adam Johnson,Right Midfield,86.6,8.6,,,,False,,,,,,,False,,,,,,,False,False,left_to_right,False,86.6,8.6,,,False,False,False,False
684478c6-4660-411d-93b0-0d71ceb0dedd,3754237,2935,2,00:46:35.709,91,35,30,Pass,179,41,Sunderland,Regular Play,22,Leicester City,4826.0,Yohan Benalouane,Right Back,32.1,70.8,43.6,80.0,2.031555,False,,,,,,Out,False,14.727186,0.67474097,High Pass,Recovery,3810.0,Shinji Okazaki,False,False,left_to_right,False,32.1,70.8,43.6,80.0,False,False,False,True
d6c57fef-9423-4ff3-aa96-72d34f92fa2f,3754237,2936,2,00:46:37.741,91,37,42,Ball Receipt*,179,41,Sunderland,Regular Play,22,Leicester City,3810.0,Shinji Okazaki,Right Center Forward,42.7,78.2,,,,False,,,,,,,False,,,,,,,False,False,left_to_right,False,42.7,78.2,,,False,False,False,False
027ad423-e582-4b92-b16e-97580c5968e7,3754237,2937,2,00:46:46.410,91,46,30,Pass,180,41,Sunderland,From Throw In,41,Sunderland,3321.0,Patrick van Aanholt,Left Back,76.3,0.1,79.7,4.2,0.848116,False,,,,,,,True,5.3263497,0.8784619,Low Pass,Throw-in,42902.0,Adam Johnson,False,False,left_to_right,False,76.3,0.1,79.7,4.2,False,False,False,False
8987895e-60df-4390-bc75-8582ebb37f07,3754237,2938,2,00:46:47.259,91,47,42,Ball Receipt*,180,41,Sunderland,From Throw In,41,Sunderland,42902.0,Adam Johnson,Right Midfield,79.7,4.2,,,,False,,,,,,,False,,,,,,,False,False,left_to_right,False,79.7,4.2,,,False,False,False,False
1b70b7ed-5418-418d-834a-46407100f645,3754237,2939,2,00:46:47.259,91,47,43,Carry,180,41,Sunderland,From Throw In,41,Sunderland,42902.0,Adam Johnson,Right Midfield,79.7,4.2,76.5,7.2,1.513816,True,,,,,,,False,,,,,,,False,False,left_to_right,False,79.7,4.2,76.5,7.2,False,False,False,False
31940502-bf4a-4288-bd95-22c453482593,3754237,2940,2,00:46:47.543,91,47,17,Pressure,180,41,Sunderland,From Throw In,22,Leicester City,3307.0,Marc Albrighton,Right Midfield,39.5,75.2,,,1.677038,False,,,,,,,False,,,,,,,False,False,left_to_right,False,39.5,75.2,,,False,False,False,False
e89eb002-a100-47a6-bf17-64227dda296b,3754237,2941,2,00:46:48.772,91,48,22,Foul Committed,180,41,Sunderland,From Throw In,22,Leicester City,3307.0,Marc Albrighton,Right Midfield,43.6,72.9,,,0.0,False,,,,,,,False,,,,,,,False,False,left_to_right,False,43.6,72.9,,,False,False,False,False
9f62f921-3bf8-4ca5-8d41-1923050c9b8f,3754237,2942,2,00:46:48.772,91,48,21,Foul Won,180,41,Sunderland,From Throw In,41,Sunderland,42902.0,Adam Johnson,Right Midfield,76.5,7.2,,,0.0,True,,,,,,,False,,,,,,,False,False,left_to_right,False,76.5,7.2,,,False,False,False,False
826bbfcd-3fbb-4bd1-9fe5-fb069c2dd3fc,3754237,2943,2,00:46:56.165,91,56,30,Pass,181,41,Sunderland,From Free Kick,41,Sunderland,5617.0,Sebastian Larsson,Right Center Midfield,76.3,7.2,93.9,4.2,1.13534,False,,,,,,,True,17.853851,-0.1688319,Ground Pass,Free Kick,16457.0,Jeremain Lens,False,False,left_to_right,False,76.3,7.2,93.9,4.2,False,False,True,False
3155079a-993f-43cc-a25c-e9a9890818d2,3754237,2944,2,00:46:57.300,91,57,42,Ball Receipt*,181,41,Sunderland,From Free Kick,41,Sunderland,16457.0,Jeremain Lens,Left Midfield,93.9,4.2,,,,False,,,,,,,False,,,,,,,False,False,left_to_right,False,93.9,4.2,,,False,False,False,False
02bec953-7273-4714-8d43-b85f62f52d10,3754237,2945,2,00:46:57.300,91,57,43,Carry,181,41,Sunderland,From Free Kick,41,Sunderland,16457.0,Jeremain Lens,Left Midfield,93.9,4.2,83.9,9.0,2.104085,True,,,,,,,False,,,,,,,False,False,left_to_right,False,93.9,4.2,83.9,9.0,False,False,False,False
2ceaea83-037a-45f7-bd82-13924b17ecd7,3754237,2946,2,00:46:57.311,91,57,17,Pressure,181,41,Sunderland,From Free Kick,22,Leicester City,3307.0,Marc Albrighton,Right Midfield,26.2,74.1,,,0.42531,False,,,,,,,False,,,,,,,False,False,left_to_right,False,26.2,74.1,,,False,False,False,False
9bd993f2-3cdd-4c21-b6d0-8355c87651af,3754237,2947,2,00:46:58.750,91,58,17,Pressure,181,41,Sunderland,From Free Kick,22,Leicester City,3961.0,N''Golo Kanté,Left Center Forward,35.3,69.2,,,0.628625,False,,,,,,,False,,,,,,,False,False,left_to_right,False,35.3,69.2,,,False,False,False,False
0caf16b8-5ee5-4c09-8a42-ce93fc023cd0,3754237,2948,2,00:46:59.404,91,59,14,Dribble,181,41,Sunderland,From Free Kick,41,Sunderland,16457.0,Jeremain Lens,Left Midfield,83.9,9.0,,,0.0,True,,,,,,,False,,,,,,,False,False,left_to_right,False,83.9,9.0,,,False,False,False,False
c4c513e8-e70c-4223-a1e9-4cc5318bf1e8,3754237,2949,2,00:46:59.404,91,59,4,Duel,181,41,Sunderland,From Free Kick,22,Leicester City,3961.0,N''Golo Kanté,Left Center Forward,36.2,71.1,,,0.0,True,,,,,,,False,,,,,,,False,False,left_to_right,False,36.2,71.1,,,False,False,False,False
27028639-9945-414e-8558-a4937bf218ee,3754237,2950,2,00:47:04.900,92,4,30,Pass,182,41,Sunderland,From Throw In,41,Sunderland,5617.0,Sebastian Larsson,Right Center Midfield,76.3,0.1,91.0,6.3,1.378431,False,,,,,,Incomplete,False,15.953997,0.39913052,High Pass,Throw-in,9554.0,Steven Fletcher,False,False,left_to_right,False,76.3,0.1,91.0,6.3,False,False,True,True
2c0c5347-0d9d-4ce1-9888-23b0ddbb1ef4,3754237,2951,2,00:47:06.278,92,6,42,Ball Receipt*,182,41,Sunderland,From Throw In,41,Sunderland,9554.0,Steven Fletcher,Center Defensive Midfield,91.2,6.3,,,,False,,,,,,,False,,,,,,,False,False,left_to_right,False,91.2,6.3,,,False,False,False,False
ff34dbb8-7146-4451-8147-06919c71f89c,3754237,2952,2,00:47:06.278,92,6,10,Interception,182,41,Sunderland,From Throw In,22,Leicester City,4826.0,Yohan Benalouane,Right Back,29.1,73.8,,,0.0,False,,,,,,,False,,,,,,,False,False,left_to_right,False,29.1,73.8,,,False,False,False,False
2eb578cb-4c49-4200-8b1b-733c65b12a78,3754237,2953,2,00:47:12.126,92,12,30,Pass,183,41,Sunderland,From Throw In,41,Sunderland,3321.0,Patrick van Aanholt,Left Back,86.8,0.1,84.3,21.0,1.38975,False,,,,,,,True,21.04899,1.689848,High Pass,Throw-in,3337.0,Jermain Defoe,False,False,left_to_right,False,86.8,0.1,84.3,21.0,False,False,False,False
03239e56-b667-43da-8fb6-afeb3e25a5cd,3754237,2954,2,00:47:13.158,92,13,17,Pressure,183,41,Sunderland,From Throw In,22,Leicester City,3961.0,N''Golo Kanté,Left Center Forward,35.8,59.8,,,0.322922,False,,,,,,,False,,,,,,,False,False,left_to_right,False,35.8,59.8,,,False,False,False,False
6fc0f18b-c8c0-41e6-8cc7-f9870d1d6bb1,3754237,2955,2,00:47:13.516,92,13,42,Ball Receipt*,183,41,Sunderland,From Throw In,41,Sunderland,3337.0,Jermain Defoe,Center Forward,84.3,21.0,,,,False,,,,,,,False,,,,,,,False,False,left_to_right,False,84.3,21.0,,,False,False,False,False
cb7a8f1f-027c-432f-8736-3f040119f58d,3754237,2956,2,00:47:13.516,92,13,43,Carry,183,41,Sunderland,From Throw In,41,Sunderland,3337.0,Jermain Defoe,Center Forward,84.3,21.0,84.5,21.3,0.041255,False,,,,,,,False,,,,,,,False,False,left_to_right,False,84.3,21.0,84.5,21.3,False,False,False,False
244914d6-c91e-4191-a9a2-50d8f17c444e,3754237,2957,2,00:47:13.557,92,13,30,Pass,183,41,Sunderland,From Throw In,41,Sunderland,3337.0,Jermain Defoe,Center Forward,84.5,21.3,61.7,23.8,3.305867,False,,,,,,,True,22.936651,3.0323799,Ground Pass,,6300.0,Sebastián Coates Nión,False,False,left_to_right,False,84.5,21.3,61.7,23.8,False,False,False,False
618872a5-e158-4526-8b6e-2e8ead567a6b,3754237,2958,2,00:47:16.863,92,16,42,Ball Receipt*,183,41,Sunderland,From Throw In,41,Sunderland,6300.0,Sebastián Coates Nión,Right Center Back,61.7,23.8,,,,False,,,,,,,False,,,,,,,False,False,left_to_right,False,61.7,23.8,,,False,False,False,False
27ceb278-5182-4c7b-8e99-6372fbb765a0,3754237,2959,2,00:47:16.863,92,16,43,Carry,183,41,Sunderland,From Throw In,41,Sunderland,6300.0,Sebastián Coates Nión,Right Center Back,61.7,23.8,61.9,23.8,0.076002,False,,,,,,,False,,,,,,,False,False,left_to_right,False,61.7,23.8,61.9,23.8,False,False,False,False
b52351f4-9fb6-4517-8089-dace7ea01de7,3754237,2960,2,00:47:16.939,92,16,30,Pass,183,41,Sunderland,From Throw In,41,Sunderland,6300.0,Sebastián Coates Nión,Right Center Back,61.9,23.8,71.0,5.1,1.470594,False,,,,,,,True,20.796635,-1.117901,Ground Pass,,18751.0,Jack Rodwell,False,False,left_to_right,False,61.9,23.8,71.0,5.1,False,False,False,False
f115e287-b20d-4902-bb73-259762594940,3754237,2961,2,00:47:18.409,92,18,42,Ball Receipt*,183,41,Sunderland,From Throw In,41,Sunderland,18751.0,Jack Rodwell,Left Center Midfield,71.0,5.1,,,,False,,,,,,,False,,,,,,,False,False,left_to_right,False,71.0,5.1,,,False,False,False,False
6faf78d6-f98a-4477-b453-91f8eda547ee,3754237,2962,2,00:47:18.409,92,18,43,Carry,183,41,Sunderland,From Throw In,41,Sunderland,18751.0,Jack Rodwell,Left Center Midfield,71.0,5.1,74.6,12.5,3.276636,False,,,,,,,False,,,,,,,False,False,left_to_right,False,71.0,5.1,74.6,12.5,False,False,False,False
4bb63692-5bc0-440b-b967-03da994372ff,3754237,2963,2,00:47:21.686,92,21,30,Pass,183,41,Sunderland,From Throw In,41,Sunderland,18751.0,Jack Rodwell,Left Center Midfield,74.6,12.5,104.1,33.0,2.28242,False,,,,,,Incomplete,False,35.92353,0.6073052,High Pass,,,,False,False,left_to_right,False,74.6,12.5,104.1,33.0,False,True,True,True
3cc79ed8-fc72-428e-9453-58ba8eb97009,3754237,2964,2,00:47:23.969,92,23,30,Pass,184,22,Leicester City,Regular Play,22,Leicester City,40123.0,Robert Huth,Right Center Back,16.0,47.1,2.2,39.8,1.438517,False,,,,,,,True,15.611855,-2.6550264,Low Pass,Recovery,3815.0,Kasper Schmeichel,False,False,left_to_right,False,16.0,47.1,2.2,39.8,False,False,False,False
be526dd1-6ef0-4fa9-b355-040f1442b447,3754237,2965,2,00:47:25.407,92,25,42,Ball Receipt*,184,22,Leicester City,Regular Play,22,Leicester City,3815.0,Kasper Schmeichel,Goalkeeper,2.2,39.8,,,,False,,,,,,,False,,,,,,,False,False,left_to_right,False,2.2,39.8,,,False,False,False,False
68f249ba-afe4-4105-88c3-f965df01c28b,3754237,2966,2,00:47:25.407,92,25,43,Carry,184,22,Leicester City,Regular Play,22,Leicester City,3815.0,Kasper Schmeichel,Goalkeeper,2.2,39.8,2.8,29.8,5.792596,False,,,,,,,False,,,,,,,False,False,left_to_right,False,2.2,39.8,2.8,29.8,False,False,False,False
2a83a172-9796-4369-94c5-d68ba6a0fd0e,3754237,2967,2,00:47:31.200,92,31,30,Pass,184,22,Leicester City,Regular Play,22,Leicester City,3815.0,Kasper Schmeichel,Goalkeeper,2.8,29.8,24.5,7.0,2.372229,False,,,,,,,True,31.475864,-0.81011224,Low Pass,,3812.0,Christian Fuchs,False,False,left_to_right,False,2.8,29.8,24.5,7.0,False,False,False,False
a6e617ee-1a8b-4497-b63a-b5a3301a6956,3754237,2968,2,00:47:33.572,92,33,42,Ball Receipt*,184,22,Leicester City,Regular Play,22,Leicester City,3812.0,Christian Fuchs,Left Midfield,24.5,7.0,,,,False,,,,,,,False,,,,,,,False,False,left_to_right,False,24.5,7.0,,,False,False,False,False
bb6856ec-bef3-4ea4-8fc4-ebc35fb38577,3754237,2969,2,00:47:33.572,92,33,43,Carry,184,22,Leicester City,Regular Play,22,Leicester City,3812.0,Christian Fuchs,Left Midfield,24.5,7.0,49.1,7.2,3.89221,False,,,,,,,False,,,,,,,False,False,left_to_right,False,24.5,7.0,49.1,7.2,False,False,False,False
aa626d7f-139f-49a1-a599-941fcbe96d64,3754237,2970,2,00:47:37.464,92,37,30,Pass,184,22,Leicester City,Regular Play,22,Leicester City,3812.0,Christian Fuchs,Left Midfield,49.1,7.2,60.2,14.8,1.09562,False,,,,,,,True,13.452509,0.6003731,Ground Pass,,3961.0,N''Golo Kanté,False,False,left_to_right,False,49.1,7.2,60.2,14.8,False,False,False,False
2aab71a8-1236-4701-89a7-354722ee74db,3754237,2971,2,00:47:38.560,92,38,42,Ball Receipt*,184,22,Leicester City,Regular Play,22,Leicester City,3961.0,N''Golo Kanté,Left Center Forward,60.2,14.8,,,,False,,,,,,,False,,,,,,,False,False,left_to_right,False,60.2,14.8,,,False,False,False,False
33e8d588-3fd1-40e9-a0d4-39cccf5c6a2a,3754237,2972,2,00:47:38.560,92,38,43,Carry,184,22,Leicester City,Regular Play,22,Leicester City,3961.0,N''Golo Kanté,Left Center Forward,60.2,14.8,65.5,7.6,2.006768,False,,,,,,,False,,,,,,,False,False,left_to_right,False,60.2,14.8,65.5,7.6,False,False,False,False
c5e6b9c4-e08f-451e-bf92-85af870cd91b,3754237,2973,2,00:47:40.566,92,40,30,Pass,184,22,Leicester City,Regular Play,22,Leicester City,3961.0,N''Golo Kanté,Left Center Forward,65.5,7.6,91.8,5.2,1.881689,False,,,,,,,True,26.409279,-0.0910027,Ground Pass,,3520.0,Jeffrey Schlupp,False,False,left_to_right,False,65.5,7.6,91.8,5.2,False,True,True,False
ea2fb145-6528-4276-aa21-f086c4e45b56,3754237,2974,2,00:47:42.448,92,42,42,Ball Receipt*,184,22,Leicester City,Regular Play,22,Leicester City,3520.0,Jeffrey Schlupp,Left Back,91.8,5.2,,,,False,,,,,,,False,,,,,,,False,False,left_to_right,False,91.8,5.2,,,False,False,False,False
45d7da96-e772-4ce8-b796-41ffa8209358,3754237,2975,2,00:47:42.448,92,42,43,Carry,184,22,Leicester City,Regular Play,22,Leicester City,3520.0,Jeffrey Schlupp,Left Back,91.8,5.2,109.1,12.5,2.378688,True,,,,,,,False,,,,,,,False,False,left_to_right,False,91.8,5.2,109.1,12.5,True,False,False,False
f233122a-156e-40c1-b002-13a46abaaffb,3754237,2976,2,00:47:43.530,92,43,17,Pressure,184,22,Leicester City,Regular Play,41,Sunderland,6300.0,Sebastián Coates Nión,Right Center Back,17.0,71.1,,,0.707392,False,,,,,,,False,,,,,,,False,False,left_to_right,False,17.0,71.1,,,False,False,False,False
722b241d-7602-4362-9446-6e557866ac8e,3754237,2977,2,00:47:44.827,92,44,39,Dribbled Past,184,22,Leicester City,Regular Play,41,Sunderland,6300.0,Sebastián Coates Nión,Right Center Back,11.0,67.6,,,0.0,False,,,,,,,False,,,,,,,False,False,left_to_right,False,11.0,67.6,,,False,False,False,False
14c8a620-cc06-41b8-afc2-39c29cd7887a,3754237,2978,2,00:47:44.827,92,44,14,Dribble,184,22,Leicester City,Regular Play,22,Leicester City,3520.0,Jeffrey Schlupp,Left Back,109.1,12.5,,,0.0,True,,,,,,,False,,,,,,,False,False,left_to_right,False,109.1,12.5,,,False,False,False,False
79b7e12a-d633-4236-ad0b-a3dba58acd8f,3754237,2979,2,00:47:44.827,92,44,43,Carry,184,22,Leicester City,Regular Play,22,Leicester City,3520.0,Jeffrey Schlupp,Left Back,109.1,12.5,117.1,23.4,2.112509,True,,,,,,,False,,,,,,,False,False,left_to_right,False,109.1,12.5,117.1,23.4,True,False,False,False
84b4c405-c117-46c8-af1f-b69d51fa0096,3754237,2980,2,00:47:46.026,92,46,17,Pressure,184,22,Leicester City,Regular Play,41,Sunderland,6300.0,Sebastián Coates Nión,Right Center Back,5.9,55.8,,,0.945993,False,,,,,,,False,,,,,,,False,False,left_to_right,False,5.9,55.8,,,False,False,False,False
f68681b5-ed19-4c31-b75c-0d1d84ce0a76,3754237,2981,2,00:47:46.939,92,46,30,Pass,184,22,Leicester City,Regular Play,22,Leicester City,3520.0,Jeffrey Schlupp,Left Back,117.1,23.4,116.0,26.3,0.072845,True,,,,,,Incomplete,False,3.1016126,1.9333405,Ground Pass,,,,False,False,left_to_right,False,117.1,23.4,116.0,26.3,False,False,False,True
152f6e85-d8c0-44bf-9d29-5e0c79f645bd,3754237,2982,2,00:47:47.012,92,47,6,Block,184,22,Leicester City,Regular Play,41,Sunderland,6300.0,Sebastián Coates Nión,Right Center Back,4.1,53.8,,,0.0,False,,,,,,,False,,,,,,,False,False,left_to_right,False,4.1,53.8,,,False,False,False,False
1fd53431-3496-41fb-b0a2-997d2ff67223,3754237,2983,2,00:48:22.501,93,22,30,Pass,185,22,Leicester City,From Corner,22,Leicester City,3307.0,Marc Albrighton,Right Midfield,120.0,0.1,117.4,11.4,0.850018,False,,,,,,,True,11.595258,1.7969488,Ground Pass,Corner,3665.0,Andrew Philip King,False,False,left_to_right,False,120.0,0.1,117.4,11.4,False,True,False,False
61bd385f-4b52-47d9-b44a-ef8e9929e068,3754237,2984,2,00:48:23.351,93,23,42,Ball Receipt*,185,22,Leicester City,From Corner,22,Leicester City,3665.0,Andrew Philip King,Right Center Midfield,117.4,11.4,,,,False,,,,,,,False,,,,,,,False,False,left_to_right,False,117.4,11.4,,,False,False,False,False
9ddc79dd-34f7-4dde-8523-783992b367fe,3754237,2985,2,00:48:23.351,93,23,43,Carry,185,22,Leicester City,From Corner,22,Leicester City,3665.0,Andrew Philip King,Right Center Midfield,117.4,11.4,116.7,6.1,3.710261,True,,,,,,,False,,,,,,,False,False,left_to_right,False,117.4,11.4,116.7,6.1,False,False,False,False
19760ddc-d396-400a-a159-aae12bf10d0f,3754237,2986,2,00:48:24.338,93,24,17,Pressure,185,22,Leicester City,From Corner,41,Sunderland,10770.0,Adam Matthews,Right Back,3.4,67.6,,,2.682983,False,,,,,,,False,,,,,,,False,False,left_to_right,False,3.4,67.6,,,False,False,False,False
d04a1e3b-60d8-41e8-83e6-ac41d1e51bcb,3754237,2987,2,00:48:27.061,93,27,3,Dispossessed,185,22,Leicester City,From Corner,22,Leicester City,3665.0,Andrew Philip King,Right Center Midfield,116.7,6.1,,,0.0,True,,,,,,,False,,,,,,,False,False,left_to_right,False,116.7,6.1,,,False,False,False,True
65bc996a-2338-43a8-ad9c-8e1b6c72ab85,3754237,2988,2,00:48:27.061,93,27,4,Duel,185,22,Leicester City,From Corner,41,Sunderland,10770.0,Adam Matthews,Right Back,3.4,74.0,,,0.0,True,,,,,,,False,,,,,,,False,False,left_to_right,False,3.4,74.0,,,False,False,False,False
1c8d07bc-ae4e-41ff-93ec-2a48adaf0610,3754237,2989,2,00:48:37.634,93,37,30,Pass,186,22,Leicester City,From Throw In,22,Leicester City,3307.0,Marc Albrighton,Right Midfield,112.4,0.1,108.6,12.3,1.141897,False,,,,,,,True,12.778107,1.8727475,High Pass,Throw-in,3810.0,Shinji Okazaki,False,False,left_to_right,False,112.4,0.1,108.6,12.3,False,True,False,False
0ee35af6-887e-4fc5-ae73-9b7c0430b01e,3754237,2990,2,00:48:38.776,93,38,42,Ball Receipt*,186,22,Leicester City,From Throw In,22,Leicester City,3810.0,Shinji Okazaki,Right Center Forward,108.6,12.3,,,,False,,,,,,,False,,,,,,,False,False,left_to_right,False,108.6,12.3,,,False,False,False,False
4b5a3eda-bb23-4939-956c-70027e918414,3754237,2991,2,00:48:38.776,93,38,43,Carry,186,22,Leicester City,From Throw In,22,Leicester City,3810.0,Shinji Okazaki,Right Center Forward,108.6,12.3,111.8,8.1,0.717034,True,,,,,,,False,,,,,,,False,False,left_to_right,False,108.6,12.3,111.8,8.1,False,False,False,False
c8c9decd-4c13-4cd9-b4f5-2d90b9f00255,3754237,2992,2,00:48:39.038,93,39,17,Pressure,186,22,Leicester City,From Throw In,41,Sunderland,5617.0,Sebastian Larsson,Right Center Midfield,9.4,72.0,,,0.445939,False,,,,,,,False,,,,,,,False,False,left_to_right,False,9.4,72.0,,,False,False,False,False
aba8bdf6-98de-415e-8429-3893efbd226e,3754237,2993,2,00:48:39.493,93,39,39,Dribbled Past,186,22,Leicester City,From Throw In,41,Sunderland,5617.0,Sebastian Larsson,Right Center Midfield,8.3,72.0,,,0.0,False,,,,,,,False,,,,,,,False,False,left_to_right,False,8.3,72.0,,,False,False,False,False
9848922e-c5a2-42c2-bd1e-8a93a3979258,3754237,2994,2,00:48:39.493,93,39,14,Dribble,186,22,Leicester City,From Throw In,22,Leicester City,3810.0,Shinji Okazaki,Right Center Forward,111.8,8.1,,,0.0,True,,,,,,,False,,,,,,,False,False,left_to_right,False,111.8,8.1,,,False,False,False,False
7568aa3e-56d4-4595-9c5c-7970d3b164c6,3754237,2995,2,00:48:53.293,93,53,30,Pass,187,41,Sunderland,From Goal Kick,41,Sunderland,6871.0,Costel Fane Pantilimon,Goalkeeper,6.0,44.0,27.6,64.6,1.48,False,,,,,,,True,29.848284,0.76170594,Ground Pass,Goal Kick,6300.0,Sebastián Coates Nión,False,False,left_to_right,False,6.0,44.0,27.6,64.6,False,False,False,False
e405c0de-417f-4e31-bf79-8429073b48bc,3754237,2996,2,00:48:54.773,93,54,42,Ball Receipt*,187,41,Sunderland,From Goal Kick,41,Sunderland,6300.0,Sebastián Coates Nión,Right Center Back,27.6,64.6,,,,False,,,,,,,False,,,,,,,False,False,left_to_right,False,27.6,64.6,,,False,False,False,False
cf7b2e47-3a66-4504-be07-d3b105c36352,3754237,2997,2,00:48:55.174,93,55,30,Pass,187,41,Sunderland,From Goal Kick,41,Sunderland,6300.0,Sebastián Coates Nión,Right Center Back,28.8,65.8,37.3,56.1,0.904167,False,,,,,,,True,12.897286,-0.85123694,Ground Pass,,5617.0,Sebastian Larsson,False,False,left_to_right,False,28.8,65.8,37.3,56.1,False,False,False,False
0ef5fd71-5f17-43fe-90a6-15ae9305aa7b,3754237,2998,2,00:48:56.078,93,56,42,Ball Receipt*,187,41,Sunderland,From Goal Kick,41,Sunderland,5617.0,Sebastian Larsson,Right Center Midfield,37.3,56.1,,,,False,,,,,,,False,,,,,,,False,False,left_to_right,False,37.3,56.1,,,False,False,False,False
8e1afe3a-7826-423d-bc2d-6ec4bad50fc3,3754237,2999,2,00:48:56.078,93,56,43,Carry,187,41,Sunderland,From Goal Kick,41,Sunderland,5617.0,Sebastian Larsson,Right Center Midfield,37.3,56.1,49.0,64.9,3.724035,False,,,,,,,False,,,,,,,False,False,left_to_right,False,37.3,56.1,49.0,64.9,False,False,False,False
f2d61d72-bae3-4a24-a322-86815d436acb,3754237,3000,2,00:48:59.802,93,59,30,Pass,187,41,Sunderland,From Goal Kick,41,Sunderland,5617.0,Sebastian Larsson,Right Center Midfield,49.0,64.9,67.2,72.0,0.855376,False,,,,,,,True,19.535864,0.37195146,Ground Pass,,10770.0,Adam Matthews,False,False,left_to_right,False,49.0,64.9,67.2,72.0,False,False,False,False
25cf5d6d-58a0-4380-88cd-612dc44561ed,3754237,3001,2,00:49:00.658,94,0,42,Ball Receipt*,187,41,Sunderland,From Goal Kick,41,Sunderland,10770.0,Adam Matthews,Right Back,67.2,72.0,,,,False,,,,,,,False,,,,,,,False,False,left_to_right,False,67.2,72.0,,,False,False,False,False
4a3afdb6-1210-4779-8e44-ac85ebd68977,3754237,3002,2,00:49:00.658,94,0,43,Carry,187,41,Sunderland,From Goal Kick,41,Sunderland,10770.0,Adam Matthews,Right Back,67.2,72.0,68.9,72.9,1.963619,False,,,,,,,False,,,,,,,False,False,left_to_right,False,67.2,72.0,68.9,72.9,False,False,False,False
f57a6d87-d5ab-48e2-99be-d95162cabe6c,3754237,3003,2,00:49:02.621,94,2,30,Pass,187,41,Sunderland,From Goal Kick,41,Sunderland,10770.0,Adam Matthews,Right Back,68.9,72.9,48.1,63.7,2.041236,False,,,,,,,True,22.74379,-2.725154,Ground Pass,,6300.0,Sebastián Coates Nión,False,False,left_to_right,False,68.9,72.9,48.1,63.7,False,False,False,False
909cb5be-4bcf-49be-bf31-4d4667726507,3754237,3004,2,00:49:04.662,94,4,42,Ball Receipt*,187,41,Sunderland,From Goal Kick,41,Sunderland,6300.0,Sebastián Coates Nión,Right Center Back,48.1,63.7,,,,False,,,,,,,False,,,,,,,False,False,left_to_right,False,48.1,63.7,,,False,False,False,False
915a58ec-805c-4c26-8e18-d0dc58492263,3754237,3005,2,00:49:04.662,94,4,43,Carry,187,41,Sunderland,From Goal Kick,41,Sunderland,6300.0,Sebastián Coates Nión,Right Center Back,48.1,63.7,49.3,64.6,0.102136,False,,,,,,,False,,,,,,,False,False,left_to_right,False,48.1,63.7,49.3,64.6,False,False,False,False
b41c37f0-55a6-42c0-9777-d4fe0e7df6f6,3754237,3006,2,00:49:04.764,94,4,30,Pass,187,41,Sunderland,From Goal Kick,41,Sunderland,6300.0,Sebastián Coates Nión,Right Center Back,49.3,64.6,55.7,35.3,1.266894,False,,,,,,,True,29.990831,-1.355744,Ground Pass,,42902.0,Adam Johnson,False,False,left_to_right,False,49.3,64.6,55.7,35.3,False,False,False,False
6071c03b-6748-4306-afb9-1dc16d42b997,3754237,3007,2,00:49:06.031,94,6,42,Ball Receipt*,187,41,Sunderland,From Goal Kick,41,Sunderland,42902.0,Adam Johnson,Right Midfield,55.7,35.3,,,,False,,,,,,,False,,,,,,,False,False,left_to_right,False,55.7,35.3,,,False,False,False,False
a8a3ce80-d60a-4683-a8bc-9c20597a510a,3754237,3008,2,00:49:06.031,94,6,43,Carry,187,41,Sunderland,From Goal Kick,41,Sunderland,42902.0,Adam Johnson,Right Midfield,55.7,35.3,56.4,38.3,1.632127,False,,,,,,,False,,,,,,,False,False,left_to_right,False,55.7,35.3,56.4,38.3,False,False,False,False
3f98caac-bec1-463a-b0af-951eebffd79f,3754237,3009,2,00:49:07.664,94,7,30,Pass,187,41,Sunderland,From Goal Kick,41,Sunderland,42902.0,Adam Johnson,Right Midfield,56.4,38.3,111.2,33.3,3.900888,False,,,,,,Incomplete,False,55.02763,-0.09098894,High Pass,,,,False,False,left_to_right,False,56.4,38.3,111.2,33.3,False,True,True,True
a96d7fb2-d67c-43a2-b98a-60f06a49f440,3754237,3010,2,00:49:11.564,94,11,2,Ball Recovery,187,41,Sunderland,From Goal Kick,22,Leicester City,3815.0,Kasper Schmeichel,Goalkeeper,8.9,46.8,,,0.0,False,,,,,,,False,,,,,,,False,False,left_to_right,False,8.9,46.8,,,False,False,False,False
bff64de7-5f36-4208-9b2c-a5d8de700fb0,3754237,3011,2,00:49:11.564,94,11,43,Carry,187,41,Sunderland,From Goal Kick,22,Leicester City,3815.0,Kasper Schmeichel,Goalkeeper,8.9,46.8,13.6,35.4,12.23872,True,,,,,,,False,,,,,,,False,False,left_to_right,False,8.9,46.8,13.6,35.4,False,False,False,False
a0ecfcba-1115-475d-b1ce-9793311f23ef,3754237,3012,2,00:49:14.503,94,14,17,Pressure,187,41,Sunderland,From Goal Kick,41,Sunderland,16457.0,Jeremain Lens,Left Midfield,106.7,26.5,,,1.6,False,,,,,,,False,,,,,,,False,False,left_to_right,False,106.7,26.5,,,False,False,False,False
4ff63515-31d0-4ad5-b502-d2a2bb446158,3754237,3013,2,00:49:23.803,94,23,30,Pass,187,41,Sunderland,From Goal Kick,22,Leicester City,3815.0,Kasper Schmeichel,Goalkeeper,13.6,35.4,45.0,73.2,2.839596,False,,,,,,,True,49.140614,0.87762135,Ground Pass,,4826.0,Yohan Benalouane,False,False,left_to_right,False,13.6,35.4,45.0,73.2,False,False,False,False
85a928b3-9bdd-40b0-ace4-ffad45b18385,3754237,3014,2,00:49:26.643,94,26,42,Ball Receipt*,187,41,Sunderland,From Goal Kick,22,Leicester City,4826.0,Yohan Benalouane,Right Back,45.0,73.2,,,,False,,,,,,,False,,,,,,,False,False,left_to_right,False,45.0,73.2,,,False,False,False,False
1763c615-6457-4cbb-aafd-9510721ee76a,3754237,3015,2,00:49:26.643,94,26,43,Carry,187,41,Sunderland,From Goal Kick,22,Leicester City,4826.0,Yohan Benalouane,Right Back,45.0,73.2,49.4,74.1,1.031685,True,,,,,,,False,,,,,,,False,False,left_to_right,False,45.0,73.2,49.4,74.1,False,False,False,False
ed1fef70-3b1c-475e-b054-fb304838e686,3754237,3016,2,00:49:26.858,94,26,17,Pressure,187,41,Sunderland,From Goal Kick,41,Sunderland,3337.0,Jermain Defoe,Center Forward,71.9,8.3,,,0.718277,False,,,,,,,False,,,,,,,False,False,left_to_right,False,71.9,8.3,,,False,False,False,False
a5fb8700-67e0-4b42-a21f-bb44181535a9,3754237,3017,2,00:49:27.674,94,27,30,Pass,187,41,Sunderland,From Goal Kick,22,Leicester City,4826.0,Yohan Benalouane,Right Back,49.4,74.1,92.2,70.8,3.748452,False,,,,,,Incomplete,False,42.927032,-0.07695056,Ground Pass,,3810.0,Shinji Okazaki,False,False,left_to_right,False,49.4,74.1,92.2,70.8,False,True,True,True
345de558-e9f8-4e02-a516-9968de69df85,3754237,3018,2,00:49:31.423,94,31,42,Ball Receipt*,187,41,Sunderland,From Goal Kick,22,Leicester City,3810.0,Shinji Okazaki,Right Center Forward,71.3,70.8,,,,False,,,,,,,False,,,,,,,False,False,left_to_right,False,71.3,70.8,,,False,False,False,False
cb40aaa1-2376-4db5-bb85-892b7d8322df,3754237,3019,2,00:49:31.423,94,31,2,Ball Recovery,187,41,Sunderland,From Goal Kick,41,Sunderland,4746.0,Younes Kaboul,Left Center Back,27.9,9.3,,,0.0,False,,,,,,,False,,,,,,,False,False,left_to_right,False,27.9,9.3,,,False,False,False,False
f3b30b28-eff2-4bc4-ab72-6024ded63544,3754237,3020,2,00:49:31.423,94,31,43,Carry,187,41,Sunderland,From Goal Kick,41,Sunderland,4746.0,Younes Kaboul,Left Center Back,27.9,9.3,32.0,18.5,4.325664,False,,,,,,,False,,,,,,,False,False,left_to_right,False,27.9,9.3,32.0,18.5,False,False,False,False
08cfffa7-da19-43ea-9f54-9790a7ecdce1,3754237,3021,2,00:49:35.749,94,35,30,Pass,187,41,Sunderland,From Goal Kick,41,Sunderland,4746.0,Younes Kaboul,Left Center Back,32.0,18.5,80.6,42.3,3.084582,False,,,,,,Incomplete,False,54.114693,0.45538333,High Pass,,,,False,False,left_to_right,False,32.0,18.5,80.6,42.3,False,True,True,True
174b6452-5d8f-4152-85f6-39045c9b5729,3754237,3022,2,00:49:38.833,94,38,4,Duel,187,41,Sunderland,From Goal Kick,41,Sunderland,9554.0,Steven Fletcher,Center Defensive Midfield,80.6,42.3,,,0.0,True,,,,,,,False,,,,,,,False,False,left_to_right,False,80.6,42.3,,,False,False,False,False
94d3d3d2-eaa8-4cda-83bd-d76940883833,3754237,3023,2,00:49:38.833,94,38,30,Pass,188,22,Leicester City,Regular Play,22,Leicester City,3813.0,Wes Morgan,Left Center Back,39.5,37.8,52.4,60.0,1.56448,True,,,,,,,True,25.675863,1.0444039,High Pass,Recovery,3307.0,Marc Albrighton,False,False,left_to_right,False,39.5,37.8,52.4,60.0,False,False,False,False
d513910e-7166-4c84-b4c2-83e3da484628,3754237,3024,2,00:49:40.398,94,40,42,Ball Receipt*,188,22,Leicester City,Regular Play,22,Leicester City,3307.0,Marc Albrighton,Right Midfield,52.4,60.0,,,,False,,,,,,,False,,,,,,,False,False,left_to_right,False,52.4,60.0,,,False,False,False,False
0a28710d-ea26-4d61-ad2e-c76e63ca9dc2,3754237,3025,2,00:49:40.398,94,40,43,Carry,188,22,Leicester City,Regular Play,22,Leicester City,3307.0,Marc Albrighton,Right Midfield,52.4,60.0,57.0,58.3,1.589643,False,,,,,,,False,,,,,,,False,False,left_to_right,False,52.4,60.0,57.0,58.3,False,False,False,False
565831cf-6d34-4935-960a-ce75ac9bfadc,3754237,3026,2,00:49:41.987,94,41,30,Pass,188,22,Leicester City,Regular Play,22,Leicester City,3307.0,Marc Albrighton,Right Midfield,57.0,58.3,88.1,6.1,5.49436,False,,,,,,,True,60.76224,-1.0334815,High Pass,,3520.0,Jeffrey Schlupp,False,False,left_to_right,False,57.0,58.3,88.1,6.1,False,True,True,False
7022384f-d13e-40b2-96b5-228b72d0c027,3754237,3027,2,00:49:46.389,94,46,17,Pressure,188,22,Leicester City,Regular Play,41,Sunderland,10770.0,Adam Matthews,Right Back,30.6,72.0,,,4.57862,False,,,,,,,False,,,,,,,False,False,left_to_right,False,30.6,72.0,,,False,False,False,False
277ea171-f589-4d0b-9a59-8a2207a3849d,3754237,3028,2,00:49:47.482,94,47,42,Ball Receipt*,188,22,Leicester City,Regular Play,22,Leicester City,3520.0,Jeffrey Schlupp,Left Back,88.1,6.1,,,,True,,,,,,,False,,,,,,,False,False,left_to_right,False,88.1,6.1,,,False,False,False,False
c159b0eb-3d6a-4b57-95af-bfe75ec83f0c,3754237,3029,2,00:49:47.482,94,47,43,Carry,188,22,Leicester City,Regular Play,22,Leicester City,3520.0,Jeffrey Schlupp,Left Back,88.1,6.1,111.5,5.8,3.409666,True,,,,,,,False,,,,,,,False,False,left_to_right,False,88.1,6.1,111.5,5.8,False,False,False,False
2c0785c5-7a0d-4627-bffe-e0d684e26c44,3754237,3030,2,00:49:50.891,94,50,38,Miscontrol,188,22,Leicester City,Regular Play,22,Leicester City,3520.0,Jeffrey Schlupp,Left Back,111.5,5.8,,,0.0,True,,,,,,,False,,,,,,,False,False,left_to_right,False,111.5,5.8,,,False,False,False,True
42f4be91-2dfe-4b63-84bf-cc21b0aba8a4,3754237,3031,2,00:49:53.977,94,53,2,Ball Recovery,188,22,Leicester City,Regular Play,41,Sunderland,6871.0,Costel Fane Pantilimon,Goalkeeper,2.7,53.3,,,0.0,False,,,,,,,False,,,,,,,False,False,left_to_right,False,2.7,53.3,,,False,False,False,False
cc9f1c1e-4e4f-485f-a2a2-875a10c8ffeb,3754237,3032,2,00:49:53.977,94,53,43,Carry,188,22,Leicester City,Regular Play,41,Sunderland,6871.0,Costel Fane Pantilimon,Goalkeeper,2.7,53.3,9.8,42.9,4.347376,False,,,,,,,False,,,,,,,False,False,left_to_right,False,2.7,53.3,9.8,42.9,False,False,False,False
db0680ee-610e-4a5e-87fe-b0dc0a07ccc1,3754237,3033,2,00:49:58.325,94,58,30,Pass,188,22,Leicester City,Regular Play,41,Sunderland,6871.0,Costel Fane Pantilimon,Goalkeeper,9.8,42.9,16.5,30.3,1.424393,False,,,,,,,True,14.270599,-1.0820756,Ground Pass,,4746.0,Younes Kaboul,False,False,left_to_right,False,9.8,42.9,16.5,30.3,False,False,False,False
cea65892-9e7c-4c36-bbb4-71c64764e80f,3754237,3034,2,00:49:59.749,94,59,42,Ball Receipt*,188,22,Leicester City,Regular Play,41,Sunderland,4746.0,Younes Kaboul,Left Center Back,16.5,30.3,,,,False,,,,,,,False,,,,,,,False,False,left_to_right,False,16.5,30.3,,,False,False,False,False
4dca2f51-3f1f-4589-9905-3d6968b3b168,3754237,3035,2,00:50:04.720,95,4,34,Half End,188,22,Leicester City,Regular Play,41,Sunderland,,,,,,,,0.0,False,,,,,,,False,,,,,,,False,False,left_to_right,False,,,,,False,False,False,False
0df485a2-3d86-45f9-a602-b651c0aae4e3,3754237,3036,2,00:50:04.720,95,4,34,Half End,188,22,Leicester City,Regular Play,22,Leicester City,,,,,,,,0.0,False,,,,,,,False,,,,,,,False,False,left_to_right,False,,,,,False,False,False,False
