event_uuid,match_id,event_index,period,timestamp,minute,second,event_type_id,event_type,possession,possession_team_id,possession_team_name,play_pattern,team_id,team_name,player_id,player_name,position,x,y,end_x,end_y,duration,under_pressure,shot_xg,shot_outcome,shot_body_part,shot_technique,shot_type,pass_outcome,pass_complete,pass_length,pass_angle,pass_height,pass_type,pass_recipient_id,pass_recipient_name,pass_shot_assist,pass_goal_assist,attack_direction_inferred,coordinates_flipped,norm_x,norm_y,norm_end_x,norm_end_y,carry_progressive,pass_progressive,pass_into_final_third,is_turnover
bd67b172-626e-4455-8be4-9b845ddc01b1,3754266,1,1,00:00:00.000,0,0,35,Starting XI,1,23,Watford,Regular Play,23,Watford,,,,,,,,0.0,False,,,,,,,False,,,,,,,False,False,left_to_right,False,,,,,False,False,False,False
60cf16e4-e779-4a7c-82ca-c4480e4d2fcc,3754266,2,1,00:00:00.000,0,0,35,Starting XI,1,23,Watford,Regular Play,31,Crystal Palace,,,,,,,,0.0,False,,,,,,,False,,,,,,,False,False,left_to_right,False,,,,,False,False,False,False
11409f5a-2112-40ae-9b13-b9c399228c99,3754266,3,1,00:00:00.000,0,0,18,Half Start,1,23,Watford,Regular Play,31,Crystal Palace,,,,,,,,0.0,False,,,,,,,False,,,,,,,False,False,left_to_right,False,,,,,False,False,False,False
dc8f1d86-90d9-4ec4-a8b7-95063982966c,3754266,4,1,00:00:00.000,0,0,18,Half Start,1,23,Watford,Regular Play,23,Watford,,,,,,,,0.0,False,,,,,,,False,,,,,,,False,False,left_to_right,False,,,,,False,False,False,False
61d6cd5d-ef9f-49ec-a4f2-7d1ae344d36e,3754266,5,1,00:00:00.373,0,0,30,Pass,2,31,Crystal Palace,From Kick Off,31,Crystal Palace,3469.0,Bakary Sako,Center Attacking Midfield,60.0,40.0,62.0,41.2,1.054279,False,,,,,,,True,2.3323808,0.5404195,Ground Pass,Kick Off,19688.0,Jason Puncheon,False,False,left_to_right,False,60.0,40.0,62.0,41.2,False,False,False,False
68c40003-a2ec-44a5-9fb4-634b23d57800,3754266,6,1,00:00:01.427,0,1,42,Ball Receipt*,2,31,Crystal Palace,From Kick Off,31,Crystal Palace,19688.0,Jason Puncheon,Right Wing,62.0,41.2,,,,False,,,,,,,False,,,,,,,False,False,left_to_right,False,62.0,41.2,,,False,False,False,False
3b499730-0e69-434b-a3d5-dbb3e4bbe962,3754266,7,1,00:00:01.427,0,1,43,Carry,2,31,Crystal Palace,From Kick Off,31,Crystal Palace,19688.0,Jason Puncheon,Right Wing,62.0,41.2,61.3,40.3,0.08,False,,,,,,,False,,,,,,,False,False,left_to_right,False,62.0,41.2,61.3,40.3,False,False,False,False
d779bc8a-d797-4581-be31-3bb9b9c10fa5,3754266,8,1,00:00:01.507,0,1,30,Pass,2,31,Crystal Palace,From Kick Off,31,Crystal Palace,19688.0,Jason Puncheon,Right Wing,61.3,40.3,68.6,14.2,1.098077,False,,,,,,,True,27.10166,-1.2980719,Ground Pass,,3589.0,Yannick Bolasie Yala,True,False,left_to_right,False,61.3,40.3,68.6,14.2,False,False,False,False
953a5ed8-caf4-494d-93fe-788c9b02abb8,3754266,9,1,00:00:02.605,0,2,42,Ball Receipt*,2,31,Crystal Palace,From Kick Off,31,Crystal Palace,3589.0,Yannick Bolasie Yala,Left Wing,68.6,14.2,,,,False,,,,,,,False,,,,,,,False,False,left_to_right,False,68.6,14.2,,,False,False,False,False
0e58ef99-981b-416c-bac6-f98264292c0f,3754266,10,1,00:00:02.605,0,2,43,Carry,2,31,Crystal Palace,From Kick Off,31,Crystal Palace,3589.0,Yannick Bolasie Yala,Left Wing,68.6,14.2,70.7,13.6,0.968382,True,,,,,,,False,,,,,,,False,False,left_to_right,False,68.6,14.2,70.7,13.6,False,False,False,False
f28c1f8a-9a09-45f4-bc69-98cb9c98a86f,3754266,11,1,00:00:02.621,0,2,17,Pressure,2,31,Crystal Palace,From Kick Off,23,Watford,43081.0,Almen Abdi,Right Midfield,48.3,68.2,,,0.704937,False,,,,,,,False,,,,,,,False,False,left_to_right,False,48.3,68.2,,,False,False,False,False
78cf84f0-9006-48b9-90ad-03c3049fe771,3754266,12,1,00:00:03.573,0,3,39,Dribbled Past,2,31,Crystal Palace,From Kick Off,23,Watford,43081.0,Almen Abdi,Right Midfield,49.4,66.5,,,0.0,False,,,,,,,False,,,,,,,False,False,left_to_right,False,49.4,66.5,,,False,False,False,False
9547cbf2-b463-48ff-81d7-fd45e105d2ef,3754266,13,1,00:00:03.573,0,3,14,Dribble,2,31,Crystal Palace,From Kick Off,31,Crystal Palace,3589.0,Yannick Bolasie Yala,Left Wing,70.7,13.6,,,0.0,True,,,,,,,False,,,,,,,False,False,left_to_right,False,70.7,13.6,,,False,False,False,False
8ef7f732-430d-4d1a-9fe4-131b7349bbe7,3754266,14,1,00:00:03.573,0,3,43,Carry,2,31,Crystal Palace,From Kick Off,31,Crystal Palace,3589.0,Yannick Bolasie Yala,Left Wing,70.7,13.6,85.3,17.0,1.774566,True,,,,,,,False,,,,,,,False,False,left_to_right,False,70.7,13.6,85.3,17.0,True,False,False,False
ea2d0228-2ae2-4467-8cc6-8f14afe9b378,3754266,15,1,00:00:04.115,0,4,17,Pressure,2,31,Crystal Palace,From Kick Off,23,Watford,3721.0,Etienne Capoue,Right Center Midfield,42.4,64.4,,,1.235421,False,,,,,,,False,,,,,,,False,False,left_to_right,False,42.4,64.4,,,False,False,False,False
e1c2a62c-cd90-4872-acd6-54abbd1e9f15,3754266,16,1,00:00:05.348,0,5,39,Dribbled Past,2,31,Crystal Palace,From Kick Off,23,Watford,3721.0,Etienne Capoue,Right Center Midfield,34.8,63.1,,,0.0,False,,,,,,,False,,,,,,,False,False,left_to_right,False,34.8,63.1,,,False,False,False,False
9df14288-3dd4-48ea-91c0-5ad90c81ab01,3754266,17,1,00:00:05.348,0,5,14,Dribble,2,31,Crystal Palace,From Kick Off,31,Crystal Palace,3589.0,Yannick Bolasie Yala,Left Wing,85.3,17.0,,,0.0,True,,,,,,,False,,,,,,,False,False,left_to_right,False,85.3,17.0,,,False,False,False,False
83281c16-d70f-466b-a4aa-6bfe2ccd79a7,3754266,18,1,00:00:05.348,0,5,43,Carry,2,31,Crystal Palace,From Kick Off,31,Crystal Palace,3589.0,Yannick Bolasie Yala,Left Wing,85.3,17.0,104.6,27.7,2.172592,True,,,,,,,False,,,,,,,False,False,left_to_right,False,85.3,17.0,104.6,27.7,True,False,False,False
07038e25-457a-4fe9-8df7-3644aec080b2,3754266,19,1,00:00:07.520,0,7,16,Shot,2,31,Crystal Palace,From Kick Off,31,Crystal Palace,3589.0,Yannick Bolasie Yala,Left Wing,104.6,27.7,112.2,80.0,2.209443,False,0.05528254,Wayward,Right Foot,Normal,Open Play,,False,,,,,,,False,False,left_to_right,False,104.6,27.7,112.2,80.0,False,False,False,False
a1bd2363-e55f-463f-929d-7904dcac04c0,3754266,20,1,00:00:09.730,0,9,23,Goal Keeper,2,31,Crystal Palace,From Kick Off,23,Watford,3522.0,Heurelho da Silva Gomes,Goalkeeper,1.3,43.2,,,0.0,False,,,,,,,False,,,,,,,False,False,left_to_right,False,1.3,43.2,,,False,False,False,False
65922b67-6213-455a-8ce0-d9aaa0ca94ed,3754266,21,1,00:00:26.556,0,26,30,Pass,3,23,Watford,From Throw In,23,Watford,40118.0,Ikechi Anya,Left Back,26.0,0.1,57.5,8.6,1.680456,False,,,,,,Incomplete,False,32.626675,0.26356387,High Pass,Throw-in,,,False,False,left_to_right,False,26.0,0.1,57.5,8.6,False,True,False,True
bbdaab66-9eb6-44e9-891d-8a0287b336ed,3754266,22,1,00:00:28.236,0,28,30,Pass,3,23,Watford,From Throw In,31,Crystal Palace,3407.0,Scott Dann,Right Center Back,62.6,71.5,86.3,59.2,1.821799,False,,,,,,,True,26.701685,-0.47872186,High Pass,Recovery,3092.0,Dwight Gayle,False,False,left_to_right,False,62.6,71.5,86.3,59.2,False,True,True,False
1edd7089-92ca-46f9-860c-dc0c72b14f6c,3754266,23,1,00:00:30.058,0,30,42,Ball Receipt*,3,23,Watford,From Throw In,31,Crystal Palace,3092.0,Dwight Gayle,Center Forward,86.3,59.2,,,,False,,,,,,,False,,,,,,,False,False,left_to_right,False,86.3,59.2,,,False,False,False,False
25fc346a-8f78-4606-918a-147821420d51,3754266,24,1,00:00:30.098,0,30,30,Pass,3,23,Watford,From Throw In,31,Crystal Palace,3092.0,Dwight Gayle,Center Forward,86.0,58.4,111.0,50.9,3.591158,False,,,,,,Incomplete,False,26.100767,-0.2914568,Low Pass,,,,False,False,left_to_right,False,86.0,58.4,111.0,50.9,False,True,False,True
7a636cfb-6a39-4166-bc7f-054c6b9ec8a6,3754266,25,1,00:00:33.689,0,33,2,Ball Recovery,3,23,Watford,From Throw In,23,Watford,3522.0,Heurelho da Silva Gomes,Goalkeeper,9.1,29.2,,,0.0,False,,,,,,,False,,,,,,,False,False,left_to_right,False,9.1,29.2,,,False,False,False,False
371f7a76-b3ec-4df5-8bc6-316df5acc8db,3754266,26,1,00:00:33.689,0,33,43,Carry,3,23,Watford,From Throw In,23,Watford,3522.0,Heurelho da Silva Gomes,Goalkeeper,9.1,29.2,8.7,30.1,17.186968,False,,,,,,,False,,,,,,,False,False,left_to_right,False,9.1,29.2,8.7,30.1,False,False,False,False
d4e6e77c-5e71-44d6-a967-43f86f229489,3754266,27,1,00:00:50.876,0,50,30,Pass,3,23,Watford,From Throw In,23,Watford,3522.0,Heurelho da Silva Gomes,Goalkeeper,8.7,30.1,79.0,26.2,1.2549,False,,,,,,Unknown,False,70.4081,-0.05541972,High Pass,,5458.0,Odion Jude Ighalo,False,False,left_to_right,False,8.7,30.1,79.0,26.2,False,True,False,True
59ef31c3-79f5-4962-be62-d702925bceab,3754266,28,1,00:00:52.131,0,52,42,Ball Receipt*,3,23,Watford,From Throw In,23,Watford,5458.0,Odion Jude Ighalo,Left Center Forward,78.6,25.5,,,,False,,,,,,,False,,,,,,,False,False,left_to_right,False,78.6,25.5,,,False,False,False,False
a101f9d9-a755-455f-8a20-7ea8f8a20ca2,3754266,29,1,00:00:52.790,0,52,22,Foul Committed,3,23,Watford,From Throw In,31,Crystal Palace,43695.0,Brede Hangeland,Left Center Back,41.8,52.8,,,0.0,False,,,,,,,False,,,,,,,False,False,left_to_right,False,41.8,52.8,,,False,False,False,False
ee46910b-d299-47fb-85c0-f8af7a48860a,3754266,30,1,00:00:52.790,0,52,21,Foul Won,3,23,Watford,From Throw In,23,Watford,5458.0,Odion Jude Ighalo,Left Center Forward,78.3,27.3,,,0.0,True,,,,,,,False,,,,,,,False,False,left_to_right,False,78.3,27.3,,,False,False,False,False
863f1407-7160-4ff1-9301-ce70c607455a,3754266,31,1,00:01:23.811,1,23,30,Pass,4,23,Watford,From Free Kick,23,Watford,43081.0,Almen Abdi,Right Midfield,78.1,25.4,110.3,44.0,1.334322,False,,,,,,Incomplete,False,37.18602,0.5238159,High Pass,Free Kick,,,False,False,left_to_right,False,78.1,25.4,110.3,44.0,False,True,True,True
0039d4d0-02bd-4cb1-86c2-83bb2141f7ae,3754266,32,1,00:01:25.145,1,25,9,Clearance,4,23,Watford,From Free Kick,31,Crystal Palace,3407.0,Scott Dann,Right Center Back,9.8,36.1,,,0.0,True,,,,,,,False,,,,,,,False,False,left_to_right,False,9.8,36.1,,,False,False,False,False
ffde4347-c49e-4aa0-bd1e-a51d0d841148,3754266,33,1,00:01:27.371,1,27,17,Pressure,4,23,Watford,From Free Kick,31,Crystal Palace,3589.0,Yannick Bolasie Yala,Left Wing,5.8,26.8,,,0.392552,False,,,,,,,False,,,,,,,False,False,left_to_right,False,5.8,26.8,,,False,False,False,False
b070fc6d-6591-4933-b46b-8d2201cf1d06,3754266,34,1,00:01:27.791,1,27,30,Pass,4,23,Watford,From Free Kick,23,Watford,3309.0,Sebastian Prödl,Right Center Back,117.0,57.9,103.8,55.7,1.83623,False,,,,,,,True,13.382077,-2.976444,Low Pass,Recovery,3263.0,Craig Cathcart,False,False,left_to_right,False,117.0,57.9,103.8,55.7,False,False,False,False
23896255-3dbd-4950-b79f-1ee26470993e,3754266,35,1,00:01:29.627,1,29,42,Ball Receipt*,4,23,Watford,From Free Kick,23,Watford,3263.0,Craig Cathcart,Left Center Back,103.8,55.7,,,,False,,,,,,,False,,,,,,,False,False,left_to_right,False,103.8,55.7,,,False,False,False,False
a70729d4-28c7-4948-ba38-820a82990a49,3754266,36,1,00:01:29.627,1,29,43,Carry,4,23,Watford,From Free Kick,23,Watford,3263.0,Craig Cathcart,Left Center Back,103.8,55.7,104.5,55.4,0.703918,False,,,,,,,False,,,,,,,False,False,left_to_right,False,103.8,55.7,104.5,55.4,False,False,False,False
6a322be5-78f3-4ebf-a75a-33f86eb77cde,3754266,37,1,00:01:30.331,1,30,30,Pass,4,23,Watford,From Free Kick,23,Watford,3263.0,Craig Cathcart,Left Center Back,104.5,55.4,109.4,36.3,1.610907,False,,,,,,Incomplete,False,19.71852,-1.3196677,High Pass,,3454.0,Troy Deeney,False,False,left_to_right,False,104.5,55.4,109.4,36.3,False,True,False,True
71d8f0e6-506d-461b-a093-9a7bd2b8358b,3754266,38,1,00:01:31.942,1,31,42,Ball Receipt*,4,23,Watford,From Free Kick,23,Watford,3454.0,Troy Deeney,Right Center Forward,110.5,37.7,,,,False,,,,,,,False,,,,,,,False,False,left_to_right,False,110.5,37.7,,,False,False,False,False
09dc78f2-7230-430f-926a-d25625caec19,3754266,39,1,00:01:31.942,1,31,4,Duel,4,23,Watford,From Free Kick,23,Watford,3454.0,Troy Deeney,Right Center Forward,109.4,36.3,,,0.0,True,,,,,,,False,,,,,,,False,False,left_to_right,False,109.4,36.3,,,False,False,False,False
86e78e3f-6802-4a5c-9de5-519f99723950,3754266,40,1,00:01:31.942,1,31,9,Clearance,4,23,Watford,From Free Kick,31,Crystal Palace,3448.0,Martin Kelly,Right Back,10.7,43.8,,,0.0,True,,,,,,,False,,,,,,,False,False,left_to_right,False,10.7,43.8,,,False,False,False,False
429a3659-8097-4e92-b8f4-24eb0b6d1637,3754266,41,1,00:01:33.440,1,33,2,Ball Recovery,4,23,Watford,From Free Kick,23,Watford,43081.0,Almen Abdi,Right Midfield,91.3,28.3,,,0.0,False,,,,,,,False,,,,,,,False,False,left_to_right,False,91.3,28.3,,,False,False,False,False
4df40d81-b91b-48f6-acb2-2be1e0f53d84,3754266,42,1,00:01:33.440,1,33,43,Carry,4,23,Watford,From Free Kick,23,Watford,43081.0,Almen Abdi,Right Midfield,91.3,28.3,92.9,27.6,0.96194,True,,,,,,,False,,,,,,,False,False,left_to_right,False,91.3,28.3,92.9,27.6,False,False,False,False
f67ffbc0-60ad-4ed8-99b5-91fe65d5f1d2,3754266,43,1,00:01:33.917,1,33,17,Pressure,4,23,Watford,From Free Kick,31,Crystal Palace,3277.0,Yohan Cabaye,Right Defensive Midfield,23.3,47.2,,,0.606369,False,,,,,,,False,,,,,,,False,False,left_to_right,False,23.3,47.2,,,False,False,False,False
79cc1aa4-34bb-4c3b-b5a3-a0e206e1c710,3754266,44,1,00:01:34.401,1,34,30,Pass,4,23,Watford,From Free Kick,23,Watford,43081.0,Almen Abdi,Right Midfield,92.9,27.6,92.0,32.0,0.201488,True,,,,,,Incomplete,False,4.491102,1.7725587,Ground Pass,,3263.0,Craig Cathcart,False,False,left_to_right,False,92.9,27.6,92.0,32.0,False,False,False,True
8281616a-5580-437f-8bfe-6a595a2a3dd5,3754266,45,1,00:01:34.603,1,34,42,Ball Receipt*,4,23,Watford,From Free Kick,23,Watford,3263.0,Craig Cathcart,Left Center Back,90.8,43.8,,,,False,,,,,,,False,,,,,,,False,False,left_to_right,False,90.8,43.8,,,False,False,False,False
13f4dedb-ae13-4d0f-9bff-f2869731bbe8,3754266,46,1,00:01:34.603,1,34,6,Block,4,23,Watford,From Free Kick,31,Crystal Palace,3277.0,Yohan Cabaye,Right Defensive Midfield,28.1,48.1,,,0.0,False,,,,,,,False,,,,,,,False,False,left_to_right,False,28.1,48.1,,,False,False,False,False
8da3575b-c310-426c-bfb2-50b214ebb03f,3754266,47,1,00:01:37.229,1,37,30,Pass,4,23,Watford,From Free Kick,23,Watford,40118.0,Ikechi Anya,Left Back,68.2,13.6,85.2,13.2,1.103743,False,,,,,,,True,17.004705,-0.02352507,Ground Pass,Recovery,43081.0,Almen Abdi,False,False,left_to_right,False,68.2,13.6,85.2,13.2,False,False,True,False
e145b814-53f4-49de-b0c1-c5014ebca623,3754266,48,1,00:01:38.331,1,38,17,Pressure,4,23,Watford,From Free Kick,31,Crystal Palace,19688.0,Jason Puncheon,Right Wing,30.2,66.2,,,0.494528,False,,,,,,,False,,,,,,,False,False,left_to_right,False,30.2,66.2,,,False,False,False,False
619686c1-7b8d-469e-8da6-67b7c7f51a53,3754266,49,1,00:01:38.333,1,38,42,Ball Receipt*,4,23,Watford,From Free Kick,23,Watford,43081.0,Almen Abdi,Right Midfield,85.2,13.2,,,,True,,,,,,,False,,,,,,,False,False,left_to_right,False,85.2,13.2,,,False,False,False,False
f9d5676d-0efc-4cd6-847a-12cdb96d5f2e,3754266,50,1,00:01:38.333,1,38,43,Carry,4,23,Watford,From Free Kick,23,Watford,43081.0,Almen Abdi,Right Midfield,85.2,13.2,84.9,13.0,0.379508,True,,,,,,,False,,,,,,,False,False,left_to_right,False,85.2,13.2,84.9,13.0,False,False,False,False
241f841f-64ae-45f7-b6fb-fa80fded4a8d,3754266,51,1,00:01:38.712,1,38,30,Pass,4,23,Watford,From Free Kick,23,Watford,43081.0,Almen Abdi,Right Midfield,84.9,13.0,84.3,6.6,0.775306,True,,,,,,,True,6.4280634,-1.6642731,Low Pass,,40118.0,Ikechi Anya,False,False,left_to_right,False,84.9,13.0,84.3,6.6,False,False,False,False
0cd5e82e-791d-4849-b014-cab604192875,3754266,52,1,00:01:39.488,1,39,42,Ball Receipt*,4,23,Watford,From Free Kick,23,Watford,40118.0,Ikechi Anya,Left Back,84.3,6.6,,,,False,,,,,,,False,,,,,,,False,False,left_to_right,False,84.3,6.6,,,False,False,False,False
01722885-3aa5-4f77-8261-537645d85e47,3754266,53,1,00:01:39.488,1,39,43,Carry,4,23,Watford,From Free Kick,23,Watford,40118.0,Ikechi Anya,Left Back,84.3,6.6,116.3,6.6,4.227842,False,,,,,,,False,,,,,,,False,False,left_to_right,False,84.3,6.6,116.3,6.6,True,False,False,False
0ff3be0d-891e-4565-a54f-3f156523843f,3754266,54,1,00:01:43.716,1,43,30,Pass,4,23,Watford,From Free Kick,23,Watford,40118.0,Ikechi Anya,Left Back,116.3,6.6,111.5,36.3,1.13062,False,,,,,,Incomplete,False,30.085379,1.731027,High Pass,,,,False,False,left_to_right,False,116.3,6.6,111.5,36.3,False,True,False,True
6a40b0c6-f3d6-4e90-8626-2a326c3e7bdc,3754266,55,1,00:01:44.846,1,44,2,Ball Recovery,4,23,Watford,From Free Kick,31,Crystal Palace,3407.0,Scott Dann,Right Center Back,8.6,43.8,,,0.0,False,,,,,,,False,,,,,,,False,False,left_to_right,False,8.6,43.8,,,False,False,False,False
df0c81cb-834c-4d36-8259-3c9e1713bf81,3754266,56,1,00:01:45.836,1,45,30,Pass,4,23,Watford,From Free Kick,31,Crystal Palace,3407.0,Scott Dann,Right Center Back,9.8,43.5,15.0,57.7,1.371105,False,,,,,,Incomplete,False,15.1221695,1.2197654,High Pass,,,,False,False,left_to_right,False,9.8,43.5,15.0,57.7,False,False,False,True
82250814-07dc-4439-ab0f-f44345c19be2,3754266,57,1,00:01:47.207,1,47,2,Ball Recovery,4,23,Watford,From Free Kick,23,Watford,43081.0,Almen Abdi,Right Midfield,105.1,22.4,,,0.0,False,,,,,,,False,,,,,,,False,False,left_to_right,False,105.1,22.4,,,False,False,False,False
67d24d08-4058-478d-baa5-9253757174ea,3754266,58,1,00:01:47.207,1,47,43,Carry,4,23,Watford,From Free Kick,23,Watford,43081.0,Almen Abdi,Right Midfield,105.1,22.4,110.5,15.8,1.096472,False,,,,,,,False,,,,,,,False,False,left_to_right,False,105.1,22.4,110.5,15.8,False,False,False,False
8a1dc925-4514-4f08-842b-3dad6d2ba86c,3754266,59,1,00:01:48.303,1,48,30,Pass,4,23,Watford,From Free Kick,23,Watford,43081.0,Almen Abdi,Right Midfield,110.5,15.8,111.0,8.0,0.94845,False,,,,,,,True,7.816009,-1.5067813,Ground Pass,,40118.0,Ikechi Anya,False,False,left_to_right,False,110.5,15.8,111.0,8.0,False,False,False,False
15acd3d9-c4ee-4447-9f7c-c46b7c36cff8,3754266,60,1,00:01:49.252,1,49,42,Ball Receipt*,4,23,Watford,From Free Kick,23,Watford,40118.0,Ikechi Anya,Left Back,111.0,8.0,,,,False,,,,,,,False,,,,,,,False,False,left_to_right,False,111.0,8.0,,,False,False,False,False
18ed6737-e69d-4c8d-81e6-bab5ed8c09f5,3754266,61,1,00:01:49.252,1,49,43,Carry,4,23,Watford,From Free Kick,23,Watford,40118.0,Ikechi Anya,Left Back,111.0,8.0,109.9,8.4,0.056773,False,,,,,,,False,,,,,,,False,False,left_to_right,False,111.0,8.0,109.9,8.4,False,False,False,False
0364138e-d7e3-49d9-a978-a49a877363d1,3754266,62,1,00:01:49.309,1,49,30,Pass,4,23,Watford,From Free Kick,23,Watford,40118.0,Ikechi Anya,Left Back,109.9,8.4,99.5,22.7,0.914569,False,,,,,,,True,17.681911,2.1995926,Ground Pass,,3454.0,Troy Deeney,False,False,left_to_right,False,109.9,8.4,99.5,22.7,False,False,False,False
b92ffa21-50e1-4f62-ab18-c4faf34e70c6,3754266,63,1,00:01:50.223,1,50,42,Ball Receipt*,4,23,Watford,From Free Kick,23,Watford,3454.0,Troy Deeney,Right Center Forward,99.5,22.7,,,,False,,,,,,,False,,,,,,,False,False,left_to_right,False,99.5,22.7,,,False,False,False,False
3a064fbc-063d-42a6-9f08-ee885b909671,3754266,64,1,00:01:50.223,1,50,43,Carry,4,23,Watford,From Free Kick,23,Watford,3454.0,Troy Deeney,Right Center Forward,99.5,22.7,98.6,23.4,0.08,False,,,,,,,False,,,,,,,False,False,left_to_right,False,99.5,22.7,98.6,23.4,False,False,False,False
e4b9fcc1-617f-4625-846a-f90994cb7689,3754266,65,1,00:01:50.303,1,50,30,Pass,4,23,Watford,From Free Kick,23,Watford,3454.0,Troy Deeney,Right Center Forward,98.6,23.4,98.5,31.1,0.712934,False,,,,,,,True,7.7006493,1.5837826,Ground Pass,,6870.0,José Manuel Jurado Marín,False,False,left_to_right,False,98.6,23.4,98.5,31.1,False,False,False,False
a5f5bcb6-1b0b-436b-94aa-eb5c070f5d1f,3754266,66,1,00:01:51.016,1,51,42,Ball Receipt*,4,23,Watford,From Free Kick,23,Watford,6870.0,José Manuel Jurado Marín,Left Midfield,98.5,31.1,,,,False,,,,,,,False,,,,,,,False,False,left_to_right,False,98.5,31.1,,,False,False,False,False
0676a172-d948-4f30-b409-168bbed3d894,3754266,67,1,00:01:51.016,1,51,30,Pass,4,23,Watford,From Free Kick,23,Watford,6870.0,José Manuel Jurado Marín,Left Midfield,99.0,31.1,115.6,36.6,2.201045,False,,,,,,Incomplete,False,17.487425,0.31994224,Ground Pass,,3454.0,Troy Deeney,False,False,left_to_right,False,99.0,31.1,115.6,36.6,False,True,False,True
03330951-6f9c-4abc-8311-9c0970e52d90,3754266,68,1,00:01:53.217,1,53,42,Ball Receipt*,4,23,Watford,From Free Kick,23,Watford,3454.0,Troy Deeney,Right Center Forward,112.4,35.3,,,,False,,,,,,,False,,,,,,,False,False,left_to_right,False,112.4,35.3,,,False,False,False,False
3396cac4-e6b1-4568-8876-31fac454b143,3754266,69,1,00:01:53.217,1,53,9,Clearance,4,23,Watford,From Free Kick,31,Crystal Palace,43695.0,Brede Hangeland,Left Center Back,4.5,43.5,,,0.0,True,,,,,,,False,,,,,,,False,False,left_to_right,False,4.5,43.5,,,False,False,False,False
5d148f1d-4429-4c81-bd08-9e9d05ec5d8d,3754266,70,1,00:01:54.850,1,54,30,Pass,4,23,Watford,From Free Kick,31,Crystal Palace,19688.0,Jason Puncheon,Right Wing,21.9,65.8,31.3,57.2,1.238837,False,,,,,,,True,12.740487,-0.74098295,High Pass,Recovery,3469.0,Bakary Sako,False,False,left_to_right,False,21.9,65.8,31.3,57.2,False,False,False,False
84062fcf-c8b0-48ce-b78a-52ed466a76d1,3754266,71,1,00:01:56.089,1,56,42,Ball Receipt*,4,23,Watford,From Free Kick,31,Crystal Palace,3469.0,Bakary Sako,Center Attacking Midfield,31.3,57.2,,,,False,,,,,,,False,,,,,,,False,False,left_to_right,False,31.3,57.2,,,False,False,False,False
0b4044ff-7e1b-4c09-9869-f11a125d3d6e,3754266,72,1,00:01:56.089,1,56,43,Carry,4,23,Watford,From Free Kick,31,Crystal Palace,3469.0,Bakary Sako,Center Attacking Midfield,31.3,57.2,43.4,58.6,2.911172,True,,,,,,,False,,,,,,,False,False,left_to_right,False,31.3,57.2,43.4,58.6,False,False,False,False
e7ab50ec-6458-4e1b-9909-09401adfad23,3754266,73,1,00:01:56.179,1,56,17,Pressure,4,23,Watford,From Free Kick,23,Watford,3721.0,Etienne Capoue,Right Center Midfield,89.5,25.5,,,0.445494,False,,,,,,,False,,,,,,,False,False,left_to_right,False,89.5,25.5,,,False,False,False,False
17d851e0-0cf6-4b74-a544-7af7b87d719f,3754266,74,1,00:01:57.026,1,57,17,Pressure,4,23,Watford,From Free Kick,23,Watford,6870.0,José Manuel Jurado Marín,Left Midfield,85.7,25.7,,,0.721153,False,,,,,,,False,,,,,,,False,False,left_to_right,False,85.7,25.7,,,False,False,False,False
907fcfa5-590b-4cb9-9ff6-0a36a000728f,3754266,75,1,00:01:58.162,1,58,17,Pressure,4,23,Watford,From Free Kick,23,Watford,3626.0,Ben Watson,Left Center Midfield,78.3,23.3,,,0.516728,False,,,,,,,False,,,,,,,False,False,left_to_right,False,78.3,23.3,,,False,False,False,False
340a9af9-5a8e-4ce6-9a23-20caa8915a7a,3754266,76,1,00:01:59.000,1,59,14,Dribble,4,23,Watford,From Free Kick,31,Crystal Palace,3469.0,Bakary Sako,Center Attacking Midfield,43.4,58.6,,,0.0,True,,,,,,,False,,,,,,,False,False,left_to_right,False,43.4,58.6,,,False,False,False,False
315a320e-6242-4a79-a2eb-069a388dfd75,3754266,77,1,00:01:59.000,1,59,4,Duel,4,23,Watford,From Free Kick,23,Watford,3626.0,Ben Watson,Left Center Midfield,76.7,21.5,,,0.0,True,,,,,,,False,,,,,,,False,False,left_to_right,False,76.7,21.5,,,False,False,False,False
d958da7f-f3a0-4d97-8dac-fcbfd531d6d8,3754266,78,1,00:02:00.267,2,0,2,Ball Recovery,4,23,Watford,From Free Kick,23,Watford,40118.0,Ikechi Anya,Left Back,77.3,4.2,,,0.0,False,,,,,,,False,,,,,,,False,False,left_to_right,False,77.3,4.2,,,False,False,False,False
2f10ce65-b5fb-4851-8426-769293ee6c97,3754266,79,1,00:02:00.267,2,0,43,Carry,4,23,Watford,From Free Kick,23,Watford,40118.0,Ikechi Anya,Left Back,77.3,4.2,70.9,3.8,0.76151,True,,,,,,,False,,,,,,,False,False,left_to_right,False,77.3,4.2,70.9,3.8,False,False,False,False
eb37b038-9e05-40de-92dc-114b26854279,3754266,80,1,00:02:00.454,2,0,17,Pressure,4,23,Watford,From Free Kick,31,Crystal Palace,3469.0,Bakary Sako,Center Attacking Midfield,49.2,74.5,,,0.614663,False,,,,,,,False,,,,,,,False,False,left_to_right,False,49.2,74.5,,,False,False,False,False
8b2896e1-11ff-4d96-8da4-cdb36c565e15,3754266,81,1,00:02:01.029,2,1,39,Dribbled Past,4,23,Watford,From Free Kick,31,Crystal Palace,3469.0,Bakary Sako,Center Attacking Midfield,49.2,76.3,,,0.0,False,,,,,,,False,,,,,,,False,False,left_to_right,False,49.2,76.3,,,False,False,False,False
46eba6e2-d1bc-4683-aa3d-43536250f573,3754266,82,1,00:02:01.029,2,1,14,Dribble,4,23,Watford,From Free Kick,23,Watford,40118.0,Ikechi Anya,Left Back,70.9,3.8,,,0.0,True,,,,,,,False,,,,,,,False,False,left_to_right,False,70.9,3.8,,,False,False,False,False
2b464edb-7241-4629-a5b0-2077854b3f5c,3754266,83,1,00:02:01.029,2,1,43,Carry,4,23,Watford,From Free Kick,23,Watford,40118.0,Ikechi Anya,Left Back,70.9,3.8,64.4,3.8,1.000783,True,,,,,,,False,,,,,,,False,False,left_to_right,False,70.9,3.8,64.4,3.8,False,False,False,False
d156acc6-6a93-441e-a33b-4943950c2375,3754266,84,1,00:02:02.029,2,2,30,Pass,4,23,Watford,From Free Kick,23,Watford,40118.0,Ikechi Anya,Left Back,64.4,3.8,46.6,6.4,1.853795,False,,,,,,,True,17.988886,2.996551,Ground Pass,,3263.0,Craig Cathcart,False,False,left_to_right,False,64.4,3.8,46.6,6.4,False,False,False,False
4f81b9ed-b4a7-49f1-b4c5-9ddf0f9c6d21,3754266,85,1,00:02:03.883,2,3,42,Ball Receipt*,4,23,Watford,From Free Kick,23,Watford,3263.0,Craig Cathcart,Left Center Back,46.6,6.4,,,,False,,,,,,,False,,,,,,,False,False,left_to_right,False,46.6,6.4,,,False,False,False,False
222918e6-fce0-4794-85da-befe0fd806a0,3754266,86,1,00:02:03.883,2,3,43,Carry,4,23,Watford,From Free Kick,23,Watford,3263.0,Craig Cathcart,Left Center Back,46.6,6.4,42.1,10.4,1.4757,False,,,,,,,False,,,,,,,False,False,left_to_right,False,46.6,6.4,42.1,10.4,False,False,False,False
e52d1b1e-7f9f-4175-a4b0-654b25c48217,3754266,87,1,00:02:05.359,2,5,30,Pass,4,23,Watford,From Free Kick,23,Watford,3263.0,Craig Cathcart,Left Center Back,42.1,10.4,37.5,45.6,2.423058,False,,,,,,,True,35.499294,1.7007418,Ground Pass,,3309.0,Sebastian Prödl,False,False,left_to_right,False,42.1,10.4,37.5,45.6,False,False,False,False
56985819-ba8a-4598-99b1-e7df7abe2aba,3754266,88,1,00:02:07.782,2,7,42,Ball Receipt*,4,23,Watford,From Free Kick,23,Watford,3309.0,Sebastian Prödl,Right Center Back,37.5,45.6,,,,False,,,,,,,False,,,,,,,False,False,left_to_right,False,37.5,45.6,,,False,False,False,False
fc292146-2e4b-42e1-94e5-5f78c308eb5f,3754266,89,1,00:02:07.782,2,7,43,Carry,4,23,Watford,From Free Kick,23,Watford,3309.0,Sebastian Prödl,Right Center Back,37.5,45.6,36.5,46.6,1.06848,False,,,,,,,False,,,,,,,False,False,left_to_right,False,37.5,45.6,36.5,46.6,False,False,False,False
1d67e661-f3c3-43a4-8026-ebca13092ad7,3754266,90,1,00:02:08.850,2,8,30,Pass,4,23,Watford,From Free Kick,23,Watford,3309.0,Sebastian Prödl,Right Center Back,36.5,46.6,34.1,27.3,1.497723,False,,,,,,,True,19.44865,-1.6945136,Ground Pass,,3263.0,Craig Cathcart,False,False,left_to_right,False,36.5,46.6,34.1,27.3,False,False,False,False
50197567-80e2-4ba9-b4b5-bb1bb98d1470,3754266,91,1,00:02:10.348,2,10,42,Ball Receipt*,4,23,Watford,From Free Kick,23,Watford,3263.0,Craig Cathcart,Left Center Back,34.1,27.3,,,,False,,,,,,,False,,,,,,,False,False,left_to_right,False,34.1,27.3,,,False,False,False,False
5bdf2ffa-6d48-4bad-ad2f-29ca187fc618,3754266,92,1,00:02:10.348,2,10,43,Carry,4,23,Watford,From Free Kick,23,Watford,3263.0,Craig Cathcart,Left Center Back,34.1,27.3,34.4,27.6,1.4234,False,,,,,,,False,,,,,,,False,False,left_to_right,False,34.1,27.3,34.4,27.6,False,False,False,False
0f8cf081-8e1e-4919-85c3-47a062dec9a7,3754266,93,1,00:02:11.772,2,11,30,Pass,4,23,Watford,From Free Kick,23,Watford,3263.0,Craig Cathcart,Left Center Back,34.4,27.6,13.8,46.4,2.845506,False,,,,,,,True,27.889067,2.401848,Ground Pass,,3522.0,Heurelho da Silva Gomes,False,False,left_to_right,False,34.4,27.6,13.8,46.4,False,False,False,False
07a70240-9954-4a37-8bc1-d6f9d86fa290,3754266,94,1,00:02:14.617,2,14,42,Ball Receipt*,4,23,Watford,From Free Kick,23,Watford,3522.0,Heurelho da Silva Gomes,Goalkeeper,13.8,46.4,,,,False,,,,,,,False,,,,,,,False,False,left_to_right,False,13.8,46.4,,,False,False,False,False
620446e6-d879-47e4-bbb5-244da3672cab,3754266,95,1,00:02:14.617,2,14,43,Carry,4,23,Watford,From Free Kick,23,Watford,3522.0,Heurelho da Silva Gomes,Goalkeeper,13.8,46.4,13.9,47.0,3.039467,True,,,,,,,False,,,,,,,False,False,left_to_right,False,13.8,46.4,13.9,47.0,False,False,False,False
00bbb952-deac-4b42-b080-36215e01b5ba,3754266,96,1,00:02:17.156,2,17,17,Pressure,4,23,Watford,From Free Kick,31,Crystal Palace,3092.0,Dwight Gayle,Center Forward,99.6,29.1,,,0.589001,False,,,,,,,False,,,,,,,False,False,left_to_right,False,99.6,29.1,,,False,False,False,False
19ef3997-6555-466f-98f0-26893024cfb9,3754266,97,1,00:02:17.657,2,17,30,Pass,4,23,Watford,From Free Kick,23,Watford,3522.0,Heurelho da Silva Gomes,Goalkeeper,13.9,47.0,64.7,22.4,3.039964,True,,,,,,,True,56.44289,-0.45097,High Pass,,3454.0,Troy Deeney,False,False,left_to_right,False,13.9,47.0,64.7,22.4,False,True,False,False
d7710961-4091-4eae-b24e-25a071e5d01f,3754266,98,1,00:02:20.697,2,20,42,Ball Receipt*,4,23,Watford,From Free Kick,23,Watford,3454.0,Troy Deeney,Right Center Forward,64.7,22.4,,,,False,,,,,,,False,,,,,,,False,False,left_to_right,False,64.7,22.4,,,False,False,False,False
da9b6606-ff40-42c4-96d9-b78d06e303df,3754266,99,1,00:02:20.737,2,20,4,Duel,4,23,Watford,From Free Kick,31,Crystal Palace,19688.0,Jason Puncheon,Right Wing,55.4,57.7,,,0.0,True,,,,,,,False,,,,,,,False,False,left_to_right,False,55.4,57.7,,,False,False,False,False
216b1f8b-da6d-40ac-bd13-4b058a316fd4,3754266,100,1,00:02:20.737,2,20,30,Pass,4,23,Watford,From Free Kick,23,Watford,3454.0,Troy Deeney,Right Center Forward,64.7,22.4,74.5,19.2,1.548328,True,,,,,,Incomplete,False,10.309219,-0.31561565,Low Pass,,6870.0,José Manuel Jurado Marín,False,False,left_to_right,False,64.7,22.4,74.5,19.2,False,False,False,True
bf9869af-59b1-49d0-b12f-8308eb74650d,3754266,101,1,00:02:22.025,2,22,17,Pressure,4,23,Watford,From Free Kick,23,Watford,6870.0,José Manuel Jurado Marín,Left Midfield,70.7,20.1,,,0.398272,False,,,,,,,False,,,,,,,False,False,left_to_right,False,70.7,20.1,,,False,False,False,False
eca16659-41e8-4dcc-b729-8c9bc8d5d755,3754266,102,1,00:02:22.285,2,22,42,Ball Receipt*,4,23,Watford,From Free Kick,23,Watford,6870.0,José Manuel Jurado Marín,Left Midfield,71.8,17.8,,,,False,,,,,,,False,,,,,,,False,False,left_to_right,False,71.8,17.8,,,False,False,False,False
4e74901c-1dbb-4dbe-bebe-4eeeddf94523,3754266,103,1,00:02:22.285,2,22,30,Pass,4,23,Watford,From Free Kick,31,Crystal Palace,3448.0,Martin Kelly,Right Back,45.6,60.9,47.0,33.7,2.181924,True,,,,,,Incomplete,False,27.236006,-1.5193712,High Pass,Recovery,,,False,False,left_to_right,False,45.6,60.9,47.0,33.7,False,False,False,True
10dd2d52-583c-443f-8b7c-19ba7af52fee,3754266,104,1,00:02:24.467,2,24,2,Ball Recovery,4,23,Watford,From Free Kick,23,Watford,43081.0,Almen Abdi,Right Midfield,73.1,46.4,,,0.0,False,,,,,,,False,,,,,,,False,False,left_to_right,False,73.1,46.4,,,False,False,False,False
f5be5469-cc41-43c9-9d87-ffba19239e9c,3754266,105,1,00:02:24.467,2,24,43,Carry,4,23,Watford,From Free Kick,23,Watford,43081.0,Almen Abdi,Right Midfield,73.1,46.4,78.7,36.2,1.673887,False,,,,,,,False,,,,,,,False,False,left_to_right,False,73.1,46.4,78.7,36.2,False,False,False,False
c3834b14-8d88-4e8e-a2ef-6fd1677f87b8,3754266,106,1,00:02:26.141,2,26,30,Pass,4,23,Watford,From Free Kick,23,Watford,43081.0,Almen Abdi,Right Midfield,78.7,36.2,71.3,27.3,0.775885,False,,,,,,,True,11.574541,-2.2644284,Ground Pass,,3454.0,Troy Deeney,False,False,left_to_right,False,78.7,36.2,71.3,27.3,False,False,False,False
35e8954e-3801-4250-ad16-0158ec741751,3754266,107,1,00:02:26.917,2,26,42,Ball Receipt*,4,23,Watford,From Free Kick,23,Watford,3454.0,Troy Deeney,Right Center Forward,71.3,27.3,,,,False,,,,,,,False,,,,,,,False,False,left_to_right,False,71.3,27.3,,,False,False,False,False
a0d4216d-9654-4670-9c37-0226a1ff860f,3754266,108,1,00:02:26.917,2,26,43,Carry,4,23,Watford,From Free Kick,23,Watford,3454.0,Troy Deeney,Right Center Forward,71.3,27.3,74.7,34.8,1.444913,False,,,,,,,False,,,,,,,False,False,left_to_right,False,71.3,27.3,74.7,34.8,False,False,False,False
eaac6e5c-5736-49cd-91fb-74ba34a2a41b,3754266,109,1,00:02:28.361,2,28,30,Pass,4,23,Watford,From Free Kick,23,Watford,3454.0,Troy Deeney,Right Center Forward,74.7,34.8,78.7,77.3,1.784051,False,,,,,,,True,42.68782,1.476955,Low Pass,,3991.0,Allan Romeo Nyom,False,False,left_to_right,False,74.7,34.8,78.7,77.3,False,False,False,False
d86da446-f8f7-441d-b02b-4d19d617016a,3754266,110,1,00:02:30.146,2,30,42,Ball Receipt*,4,23,Watford,From Free Kick,23,Watford,3991.0,Allan Romeo Nyom,Right Back,78.7,77.3,,,,False,,,,,,,False,,,,,,,False,False,left_to_right,False,78.7,77.3,,,False,False,False,False
46469c7d-c62e-4b1a-8b2c-75293ca95d5f,3754266,111,1,00:02:30.146,2,30,43,Carry,4,23,Watford,From Free Kick,23,Watford,3991.0,Allan Romeo Nyom,Right Back,78.7,77.3,77.9,77.0,0.916557,False,,,,,,,False,,,,,,,False,False,left_to_right,False,78.7,77.3,77.9,77.0,False,False,False,False
b49c911f-176d-4b44-a540-995cb7249964,3754266,112,1,00:02:31.062,2,31,30,Pass,4,23,Watford,From Free Kick,23,Watford,3991.0,Allan Romeo Nyom,Right Back,77.9,77.0,70.7,48.7,3.223637,False,,,,,,,True,29.201542,-1.8199278,Ground Pass,,3626.0,Ben Watson,False,False,left_to_right,False,77.9,77.0,70.7,48.7,False,False,False,False
1071c61f-041f-44fb-9368-f52de87d7023,3754266,113,1,00:02:34.286,2,34,42,Ball Receipt*,4,23,Watford,From Free Kick,23,Watford,3626.0,Ben Watson,Left Center Midfield,70.7,48.7,,,,False,,,,,,,False,,,,,,,False,False,left_to_right,False,70.7,48.7,,,False,False,False,False
5f09f89a-d425-4664-8d85-b60eca596068,3754266,114,1,00:02:34.286,2,34,43,Carry,4,23,Watford,From Free Kick,23,Watford,3626.0,Ben Watson,Left Center Midfield,70.7,48.7,66.6,44.2,0.889448,False,,,,,,,False,,,,,,,False,False,left_to_right,False,70.7,48.7,66.6,44.2,False,False,False,False
4500590c-514c-495a-98f7-173b0950354a,3754266,115,1,00:02:35.175,2,35,30,Pass,4,23,Watford,From Free Kick,23,Watford,3626.0,Ben Watson,Left Center Midfield,66.6,44.2,55.7,29.2,1.969104,False,,,,,,,True,18.542114,-2.199196,Ground Pass,,3263.0,Craig Cathcart,False,False,left_to_right,False,66.6,44.2,55.7,29.2,False,False,False,False
6c372b82-512e-45a2-8944-0e0ce8cd274b,3754266,116,1,00:02:37.144,2,37,42,Ball Receipt*,4,23,Watford,From Free Kick,23,Watford,3263.0,Craig Cathcart,Left Center Back,55.7,29.2,,,,False,,,,,,,False,,,,,,,False,False,left_to_right,False,55.7,29.2,,,False,False,False,False
7792e7cf-2be2-4b09-8af3-ea80cf6de98f,3754266,117,1,00:02:37.144,2,37,43,Carry,4,23,Watford,From Free Kick,23,Watford,3263.0,Craig Cathcart,Left Center Back,55.7,29.2,55.0,28.2,0.681751,False,,,,,,,False,,,,,,,False,False,left_to_right,False,55.7,29.2,55.0,28.2,False,False,False,False
321dea64-ae5b-4382-b392-cfc704af6df4,3754266,118,1,00:02:37.826,2,37,30,Pass,4,23,Watford,From Free Kick,23,Watford,3263.0,Craig Cathcart,Left Center Back,55.0,28.2,65.4,31.3,0.812249,False,,,,,,,True,10.852189,0.28969157,Ground Pass,,3626.0,Ben Watson,False,False,left_to_right,False,55.0,28.2,65.4,31.3,False,False,False,False
4e6c520b-6856-4099-b71e-75d5e231408c,3754266,119,1,00:02:38.638,2,38,42,Ball Receipt*,4,23,Watford,From Free Kick,23,Watford,3626.0,Ben Watson,Left Center Midfield,65.4,31.3,,,,False,,,,,,,False,,,,,,,False,False,left_to_right,False,65.4,31.3,,,False,False,False,False
41a19bf7-9c7d-4c48-86dc-ff6e4031bb94,3754266,120,1,00:02:38.638,2,38,43,Carry,4,23,Watford,From Free Kick,23,Watford,3626.0,Ben Watson,Left Center Midfield,65.4,31.3,70.7,29.9,1.9702,True,,,,,,,False,,,,,,,False,False,left_to_right,False,65.4,31.3,70.7,29.9,False,False,False,False
eac40298-66d8-40a3-9d2a-3412d6b956c9,3754266,121,1,00:02:39.920,2,39,17,Pressure,4,23,Watford,From Free Kick,31,Crystal Palace,3469.0,Bakary Sako,Center Attacking Midfield,50.1,48.0,,,0.733918,False,,,,,,,False,,,,,,,False,False,left_to_right,False,50.1,48.0,,,False,False,False,False
79882117-37e8-40c4-bc03-6c7d966ec0f8,3754266,122,1,00:02:40.608,2,40,30,Pass,4,23,Watford,From Free Kick,23,Watford,3626.0,Ben Watson,Left Center Midfield,70.7,29.9,53.8,27.1,1.135912,True,,,,,,,True,17.130383,-2.9774036,Ground Pass,,3263.0,Craig Cathcart,False,False,left_to_right,False,70.7,29.9,53.8,27.1,False,False,False,False
eff4ef89-97e2-4fa3-9e57-425331e45d3a,3754266,123,1,00:02:41.744,2,41,42,Ball Receipt*,4,23,Watford,From Free Kick,23,Watford,3263.0,Craig Cathcart,Left Center Back,53.8,27.1,,,,False,,,,,,,False,,,,,,,False,False,left_to_right,False,53.8,27.1,,,False,False,False,False
21142712-28ed-4147-af98-15fda286f00b,3754266,124,1,00:02:41.744,2,41,43,Carry,4,23,Watford,From Free Kick,23,Watford,3263.0,Craig Cathcart,Left Center Back,53.8,27.1,54.3,26.9,0.887174,False,,,,,,,False,,,,,,,False,False,left_to_right,False,53.8,27.1,54.3,26.9,False,False,False,False
18c6a576-d93c-4bb3-9876-456a0ccb21ff,3754266,125,1,00:02:42.632,2,42,30,Pass,4,23,Watford,From Free Kick,23,Watford,3263.0,Craig Cathcart,Left Center Back,54.3,26.9,69.0,53.7,1.925282,False,,,,,,,True,30.566813,1.0690998,Ground Pass,,43081.0,Almen Abdi,False,False,left_to_right,False,54.3,26.9,69.0,53.7,False,False,False,False
0e326260-6dbc-4a75-88f9-432b0dc43d77,3754266,126,1,00:02:44.557,2,44,42,Ball Receipt*,4,23,Watford,From Free Kick,23,Watford,43081.0,Almen Abdi,Right Midfield,69.0,53.7,,,,False,,,,,,,False,,,,,,,False,False,left_to_right,False,69.0,53.7,,,False,False,False,False
c323bb86-6238-4f12-b0d9-98c4f9f4f4a7,3754266,127,1,00:02:44.557,2,44,43,Carry,4,23,Watford,From Free Kick,23,Watford,43081.0,Almen Abdi,Right Midfield,69.0,53.7,77.9,71.5,2.731189,False,,,,,,,False,,,,,,,False,False,left_to_right,False,69.0,53.7,77.9,71.5,False,False,False,False
1339a5e7-e44e-4357-90f0-36d286c04f31,3754266,128,1,00:02:47.288,2,47,30,Pass,4,23,Watford,From Free Kick,23,Watford,43081.0,Almen Abdi,Right Midfield,77.9,71.5,92.3,79.2,1.877676,False,,,,,,,True,16.329422,0.49103802,Ground Pass,,3991.0,Allan Romeo Nyom,False,False,left_to_right,False,77.9,71.5,92.3,79.2,False,False,True,False
86ad19e8-22fc-485e-8308-ef5e5eee72ec,3754266,129,1,00:02:49.166,2,49,42,Ball Receipt*,4,23,Watford,From Free Kick,23,Watford,3991.0,Allan Romeo Nyom,Right Back,92.3,79.2,,,,False,,,,,,,False,,,,,,,False,False,left_to_right,False,92.3,79.2,,,False,False,False,False
b83d4b21-b478-482c-80dc-a13757c9acc2,3754266,130,1,00:02:49.166,2,49,43,Carry,4,23,Watford,From Free Kick,23,Watford,3991.0,Allan Romeo Nyom,Right Back,92.3,79.2,92.0,80.0,0.039999,False,,,,,,,False,,,,,,,False,False,left_to_right,False,92.3,79.2,92.0,80.0,False,False,False,False
915d7334-85b6-4f8d-b29c-ff62cae21a1c,3754266,131,1,00:02:49.206,2,49,30,Pass,4,23,Watford,From Free Kick,23,Watford,3991.0,Allan Romeo Nyom,Right Back,92.0,80.0,83.2,77.6,0.957064,False,,,,,,,True,9.121404,-2.8753407,Ground Pass,,43081.0,Almen Abdi,False,False,left_to_right,False,92.0,80.0,83.2,77.6,False,False,False,False
f3c90ba3-ff79-49c0-9f2e-6a442c647c0c,3754266,132,1,00:02:50.163,2,50,42,Ball Receipt*,4,23,Watford,From Free Kick,23,Watford,43081.0,Almen Abdi,Right Midfield,83.2,77.6,,,,False,,,,,,,False,,,,,,,False,False,left_to_right,False,83.2,77.6,,,False,False,False,False
ebd8e005-8f49-4d33-99f4-60819272b164,3754266,133,1,00:02:50.163,2,50,43,Carry,4,23,Watford,From Free Kick,23,Watford,43081.0,Almen Abdi,Right Midfield,83.2,77.6,88.8,74.3,1.900502,False,,,,,,,False,,,,,,,False,False,left_to_right,False,83.2,77.6,88.8,74.3,False,False,False,False
7cf1bd88-b74a-4af3-81a3-31411779b869,3754266,134,1,00:02:52.063,2,52,30,Pass,4,23,Watford,From Free Kick,23,Watford,43081.0,Almen Abdi,Right Midfield,88.8,74.3,92.0,67.9,1.105737,False,,,,,,,True,7.1554174,-1.1071488,Ground Pass,,3721.0,Etienne Capoue,True,False,left_to_right,False,88.8,74.3,92.0,67.9,False,False,False,False
70bd7e0c-352b-44fe-83d6-1d7eadfb9ec3,3754266,135,1,00:02:53.169,2,53,42,Ball Receipt*,4,23,Watford,From Free Kick,23,Watford,3721.0,Etienne Capoue,Right Center Midfield,92.0,67.9,,,,False,,,,,,,False,,,,,,,False,False,left_to_right,False,92.0,67.9,,,False,False,False,False
6239478c-1f8c-47fb-b34f-7fbc14a054f4,3754266,136,1,00:02:53.169,2,53,43,Carry,4,23,Watford,From Free Kick,23,Watford,3721.0,Etienne Capoue,Right Center Midfield,92.0,67.9,97.7,63.0,1.504305,False,,,,,,,False,,,,,,,False,False,left_to_right,False,92.0,67.9,97.7,63.0,False,False,False,False
886aa88c-481b-40c7-ab38-c6f9e3db6a6f,3754266,137,1,00:02:54.673,2,54,16,Shot,4,23,Watford,From Free Kick,23,Watford,3721.0,Etienne Capoue,Right Center Midfield,97.7,63.0,120.0,30.3,1.453013,False,0.0069296383,Off T,Right Foot,Half Volley,Open Play,,False,,,,,,,False,False,left_to_right,False,97.7,63.0,120.0,30.3,False,False,False,False
8bbdfe94-7d2f-4d50-af12-6f140c6adafd,3754266,138,1,00:02:56.126,2,56,23,Goal Keeper,4,23,Watford,From Free Kick,31,Crystal Palace,3488.0,Wayne Hennessey,Goalkeeper,1.0,37.1,,,0.0,False,,,,,,,False,,,,,,,False,False,left_to_right,False,1.0,37.1,,,False,False,False,False
8372a08f-c27e-4acc-8fb9-97909a8b372b,3754266,139,1,00:03:23.607,3,23,30,Pass,5,31,Crystal Palace,From Goal Kick,31,Crystal Palace,3488.0,Wayne Hennessey,Goalkeeper,6.0,36.0,82.8,51.4,4.793253,False,,,,,,,True,78.3288,0.19789632,High Pass,Goal Kick,3092.0,Dwight Gayle,False,False,left_to_right,False,6.0,36.0,82.8,51.4,False,True,True,False
68eaf74d-c1d6-450c-acc0-9b6983306e71,3754266,140,1,00:03:28.400,3,28,42,Ball Receipt*,5,31,Crystal Palace,From Goal Kick,31,Crystal Palace,3092.0,Dwight Gayle,Center Forward,82.8,51.4,,,,False,,,,,,,False,,,,,,,False,False,left_to_right,False,82.8,51.4,,,False,False,False,False
3ddc42e3-0774-45d9-ada2-94a94a361f41,3754266,141,1,00:03:28.400,3,28,43,Carry,5,31,Crystal Palace,From Goal Kick,31,Crystal Palace,3092.0,Dwight Gayle,Center Forward,82.8,51.4,83.0,50.8,0.040000003,False,,,,,,,False,,,,,,,False,False,left_to_right,False,82.8,51.4,83.0,50.8,False,False,False,False
0df39143-c77c-4d81-be98-4a853740cfcd,3754266,142,1,00:03:28.440,3,28,30,Pass,5,31,Crystal Palace,From Goal Kick,31,Crystal Palace,3092.0,Dwight Gayle,Center Forward,83.0,50.8,84.6,63.4,1.770614,False,,,,,,,True,12.701181,1.4444882,High Pass,,19688.0,Jason Puncheon,False,False,left_to_right,False,83.0,50.8,84.6,63.4,False,False,False,False
6803f02d-b863-42f8-b5cb-bae910bb0007,3754266,143,1,00:03:30.211,3,30,42,Ball Receipt*,5,31,Crystal Palace,From Goal Kick,31,Crystal Palace,19688.0,Jason Puncheon,Right Wing,84.6,63.4,,,,False,,,,,,,False,,,,,,,False,False,left_to_right,False,84.6,63.4,,,False,False,False,False
18de21d0-d883-482f-92a2-6b569c63bff5,3754266,144,1,00:03:30.211,3,30,43,Carry,5,31,Crystal Palace,From Goal Kick,31,Crystal Palace,19688.0,Jason Puncheon,Right Wing,84.6,63.4,88.1,68.1,1.168905,False,,,,,,,False,,,,,,,False,False,left_to_right,False,84.6,63.4,88.1,68.1,False,False,False,False
9608e084-3d41-42a3-9a97-001f6e72478b,3754266,145,1,00:03:31.380,3,31,30,Pass,5,31,Crystal Palace,From Goal Kick,31,Crystal Palace,19688.0,Jason Puncheon,Right Wing,88.1,68.1,98.7,74.8,0.977939,False,,,,,,,True,12.539936,0.5636711,Ground Pass,,3469.0,Bakary Sako,False,False,left_to_right,False,88.1,68.1,98.7,74.8,False,False,False,False
f636f818-07a0-4c65-b6ba-7bf0bff63d11,3754266,146,1,00:03:32.358,3,32,42,Ball Receipt*,5,31,Crystal Palace,From Goal Kick,31,Crystal Palace,3469.0,Bakary Sako,Center Attacking Midfield,98.7,74.8,,,,False,,,,,,,False,,,,,,,False,False,left_to_right,False,98.7,74.8,,,False,False,False,False
22e1b130-f3e6-4895-980c-10c11555ade1,3754266,147,1,00:03:32.358,3,32,43,Carry,5,31,Crystal Palace,From Goal Kick,31,Crystal Palace,3469.0,Bakary Sako,Center Attacking Midfield,98.7,74.8,104.5,73.4,3.00325,False,,,,,,,False,,,,,,,False,False,left_to_right,False,98.7,74.8,104.5,73.4,False,False,False,False
b541b4be-418a-4232-95be-59b982e8ef76,3754266,148,1,00:03:35.361,3,35,30,Pass,5,31,Crystal Palace,From Goal Kick,31,Crystal Palace,3469.0,Bakary Sako,Center Attacking Midfield,104.5,73.4,91.3,73.9,1.137729,False,,,,,,,True,13.209466,3.1037319,Ground Pass,,3448.0,Martin Kelly,False,False,left_to_right,False,104.5,73.4,91.3,73.9,False,False,False,False
bd6ce2d2-5c93-44dc-a218-eb0e392ea575,3754266,149,1,00:03:36.499,3,36,42,Ball Receipt*,5,31,Crystal Palace,From Goal Kick,31,Crystal Palace,3448.0,Martin Kelly,Right Back,91.3,73.9,,,,False,,,,,,,False,,,,,,,False,False,left_to_right,False,91.3,73.9,,,False,False,False,False
309f6a0e-ed86-4d0b-8b77-a40b3edd3787,3754266,150,1,00:03:36.499,3,36,43,Carry,5,31,Crystal Palace,From Goal Kick,31,Crystal Palace,3448.0,Martin Kelly,Right Back,91.3,73.9,91.5,74.3,0.079999,False,,,,,,,False,,,,,,,False,False,left_to_right,False,91.3,73.9,91.5,74.3,False,False,False,False
196d3af0-12c4-49c8-b085-bd6d77df6e94,3754266,151,1,00:03:36.579,3,36,30,Pass,5,31,Crystal Palace,From Goal Kick,31,Crystal Palace,3448.0,Martin Kelly,Right Back,91.5,74.3,105.5,30.3,2.382002,False,,,,,,Incomplete,False,46.173584,-1.2627436,High Pass,,,,False,False,left_to_right,False,91.5,74.3,105.5,30.3,False,True,False,True
8a30d675-a6f9-4a8a-872f-6e815d018ed6,3754266,152,1,00:03:38.961,3,38,30,Pass,6,23,Watford,Regular Play,23,Watford,3991.0,Allan Romeo Nyom,Right Back,14.6,49.8,33.7,35.8,2.09141,False,,,,,,,True,23.681427,-0.6325218,Low Pass,Recovery,3454.0,Troy Deeney,False,False,left_to_right,False,14.6,49.8,33.7,35.8,False,False,False,False
ef13c226-326a-43f3-bd4f-144a2792f05d,3754266,153,1,00:03:40.741,3,40,17,Pressure,6,23,Watford,Regular Play,31,Crystal Palace,4817.0,Joe Ledley,Left Defensive Midfield,85.9,45.9,,,0.544392,False,,,,,,,False,,,,,,,False,False,left_to_right,False,85.9,45.9,,,False,False,False,False
8078c74f-523c-4465-9529-c7becc08fcbd,3754266,154,1,00:03:41.052,3,41,42,Ball Receipt*,6,23,Watford,Regular Play,23,Watford,3454.0,Troy Deeney,Right Center Forward,33.7,35.8,,,,True,,,,,,,False,,,,,,,False,False,left_to_right,False,33.7,35.8,,,False,False,False,False
836fa76c-aee9-4949-8a35-6702e41c0cda,3754266,155,1,00:03:41.052,3,41,43,Carry,6,23,Watford,Regular Play,23,Watford,3454.0,Troy Deeney,Right Center Forward,33.7,35.8,33.3,32.1,0.240449,True,,,,,,,False,,,,,,,False,False,left_to_right,False,33.7,35.8,33.3,32.1,False,False,False,False
135ba9db-db3d-42fa-90f0-259037a4b66d,3754266,156,1,00:03:41.293,3,41,30,Pass,6,23,Watford,Regular Play,23,Watford,3454.0,Troy Deeney,Right Center Forward,33.3,32.1,35.1,62.7,2.21303,False,,,,,,,True,30.652895,1.5120405,High Pass,,3991.0,Allan Romeo Nyom,False,False,left_to_right,False,33.3,32.1,35.1,62.7,False,False,False,False
1fce2a55-ad3e-4f98-94a1-e25d665b97c4,3754266,157,1,00:03:43.422,3,43,17,Pressure,6,23,Watford,Regular Play,31,Crystal Palace,3589.0,Yannick Bolasie Yala,Left Wing,85.7,13.8,,,1.929139,False,,,,,,,False,,,,,,,False,False,left_to_right,False,85.7,13.8,,,False,False,False,False
f2e9e9ab-d0ae-4944-b9f2-232b0469d606,3754266,158,1,00:03:43.506,3,43,42,Ball Receipt*,6,23,Watford,Regular Play,23,Watford,3991.0,Allan Romeo Nyom,Right Back,35.1,62.7,,,,True,,,,,,,False,,,,,,,False,False,left_to_right,False,35.1,62.7,,,False,False,False,False
b86be834-d51c-49e4-bb6a-4a01ffd48ff3,3754266,159,1,00:03:43.506,3,43,43,Carry,6,23,Watford,Regular Play,23,Watford,3991.0,Allan Romeo Nyom,Right Back,35.1,62.7,36.5,65.3,1.872189,True,,,,,,,False,,,,,,,False,False,left_to_right,False,35.1,62.7,36.5,65.3,False,False,False,False
654d4c7b-310d-417b-8537-0f71bb5c7df7,3754266,160,1,00:03:45.378,3,45,22,Foul Committed,6,23,Watford,Regular Play,31,Crystal Palace,3589.0,Yannick Bolasie Yala,Left Wing,83.6,14.8,,,0.0,False,,,,,,,False,,,,,,,False,False,left_to_right,False,83.6,14.8,,,False,False,False,False
cb5a538a-ac7f-483f-bfa6-0ce9ffb39db5,3754266,161,1,00:03:45.378,3,45,21,Foul Won,6,23,Watford,Regular Play,23,Watford,3991.0,Allan Romeo Nyom,Right Back,36.5,65.3,,,0.0,True,,,,,,,False,,,,,,,False,False,left_to_right,False,36.5,65.3,,,False,False,False,False
3f93c7cd-30de-4a5f-8a39-7957be9c703d,3754266,162,1,00:03:45.378,3,45,43,Carry,6,23,Watford,Regular Play,23,Watford,3991.0,Allan Romeo Nyom,Right Back,36.5,65.3,42.7,64.9,1.280737,True,,,,,,,False,,,,,,,False,False,left_to_right,False,36.5,65.3,42.7,64.9,False,False,False,False
3a891a3b-98de-4e76-ae1f-1a8ce32ada92,3754266,163,1,00:03:46.659,3,46,30,Pass,6,23,Watford,Regular Play,23,Watford,3991.0,Allan Romeo Nyom,Right Back,42.7,64.9,40.4,59.9,0.729267,False,,,,,,,True,5.503635,-2.001935,Ground Pass,,3454.0,Troy Deeney,False,False,left_to_right,False,42.7,64.9,40.4,59.9,False,False,False,False
ff4995e8-00ad-4cd8-b53c-071b769cec93,3754266,164,1,00:03:47.388,3,47,42,Ball Receipt*,6,23,Watford,Regular Play,23,Watford,3454.0,Troy Deeney,Right Center Forward,40.4,59.9,,,,False,,,,,,,False,,,,,,,False,False,left_to_right,False,40.4,59.9,,,False,False,False,False
d8389e44-722a-45c4-840a-ca185555bf11,3754266,165,1,00:03:47.388,3,47,43,Carry,6,23,Watford,Regular Play,23,Watford,3454.0,Troy Deeney,Right Center Forward,40.4,59.9,42.4,60.0,0.690841,False,,,,,,,False,,,,,,,False,False,left_to_right,False,40.4,59.9,42.4,60.0,False,False,False,False
b5ef6733-d991-478f-a03b-a5bf39b04dcd,3754266,166,1,00:03:48.079,3,48,30,Pass,6,23,Watford,Regular Play,23,Watford,3454.0,Troy Deeney,Right Center Forward,42.4,60.0,89.2,29.9,4.471497,False,,,,,,Incomplete,False,55.64396,-0.57155347,High Pass,,5458.0,Odion Jude Ighalo,False,False,left_to_right,False,42.4,60.0,89.2,29.9,False,True,True,True
f301105f-5ca2-4827-afec-6e948d38dc92,3754266,167,1,00:03:52.550,3,52,42,Ball Receipt*,6,23,Watford,Regular Play,23,Watford,5458.0,Odion Jude Ighalo,Left Center Forward,87.1,34.4,,,,False,,,,,,,False,,,,,,,False,False,left_to_right,False,87.1,34.4,,,False,False,False,False
a601c366-aab7-4553-8375-dd28e42c2ec0,3754266,168,1,00:03:52.550,3,52,9,Clearance,6,23,Watford,Regular Play,31,Crystal Palace,3407.0,Scott Dann,Right Center Back,30.9,50.2,,,0.0,True,,,,,,,False,,,,,,,False,False,left_to_right,False,30.9,50.2,,,False,False,False,False
2b8e1253-f06c-4431-8ccd-9e35d3ed4970,3754266,169,1,00:03:57.097,3,57,4,Duel,6,23,Watford,Regular Play,23,Watford,40118.0,Ikechi Anya,Left Back,41.5,6.0,,,0.0,True,,,,,,,False,,,,,,,False,False,left_to_right,False,41.5,6.0,,,False,False,False,False
f450c210-009a-4626-9493-35a7171a4c59,3754266,170,1,00:03:57.097,3,57,30,Pass,6,23,Watford,Regular Play,31,Crystal Palace,3469.0,Bakary Sako,Center Attacking Midfield,78.6,74.1,78.8,79.1,0.617585,True,,,,,,Out,False,5.0039983,1.5308176,High Pass,Recovery,,,False,False,left_to_right,False,78.6,74.1,78.8,79.1,False,False,False,True
20921e57-1fa6-445c-887a-fc290070b867,3754266,171,1,00:04:08.788,4,8,30,Pass,7,23,Watford,From Throw In,23,Watford,40118.0,Ikechi Anya,Left Back,41.0,0.1,41.8,12.9,1.198328,False,,,,,,,True,12.824976,1.5083776,Low Pass,Throw-in,3309.0,Sebastian Prödl,False,False,left_to_right,False,41.0,0.1,41.8,12.9,False,False,False,False
1f618381-96ef-4f89-bc4a-cf5202597291,3754266,172,1,00:04:09.986,4,9,42,Ball Receipt*,7,23,Watford,From Throw In,23,Watford,3309.0,Sebastian Prödl,Right Center Back,41.8,12.9,,,,False,,,,,,,False,,,,,,,False,False,left_to_right,False,41.8,12.9,,,False,False,False,False
5be6f600-b2fc-4aa5-950f-b0272e4a2754,3754266,173,1,00:04:09.986,4,9,43,Carry,7,23,Watford,From Throw In,23,Watford,3309.0,Sebastian Prödl,Right Center Back,41.8,12.9,42.4,12.9,0.056353,False,,,,,,,False,,,,,,,False,False,left_to_right,False,41.8,12.9,42.4,12.9,False,False,False,False
7b9500a8-f12c-452d-aa44-6b34b4b2acf8,3754266,174,1,00:04:10.043,4,10,30,Pass,7,23,Watford,From Throw In,23,Watford,3309.0,Sebastian Prödl,Right Center Back,42.4,12.9,43.1,2.5,0.95585,False,,,,,,,True,10.423532,-1.50359,Low Pass,,40118.0,Ikechi Anya,False,False,left_to_right,False,42.4,12.9,43.1,2.5,False,False,False,False
64e81ee3-5ec0-463e-8f63-5d0b79a44ad2,3754266,175,1,00:04:10.999,4,10,42,Ball Receipt*,7,23,Watford,From Throw In,23,Watford,40118.0,Ikechi Anya,Left Back,43.1,2.5,,,,False,,,,,,,False,,,,,,,False,False,left_to_right,False,43.1,2.5,,,False,False,False,False
9fb392e2-9612-473b-97e9-bb6c5f4b329f,3754266,176,1,00:04:10.999,4,10,43,Carry,7,23,Watford,From Throw In,23,Watford,40118.0,Ikechi Anya,Left Back,43.1,2.5,43.8,2.8,0.816318,False,,,,,,,False,,,,,,,False,False,left_to_right,False,43.1,2.5,43.8,2.8,False,False,False,False
1660d7c7-952b-4f87-9e10-fa034b03cf67,3754266,177,1,00:04:11.815,4,11,30,Pass,7,23,Watford,From Throw In,23,Watford,40118.0,Ikechi Anya,Left Back,43.8,2.8,80.5,29.6,3.291499,False,,,,,,Incomplete,False,45.443703,0.6307377,High Pass,,3454.0,Troy Deeney,False,False,left_to_right,False,43.8,2.8,80.5,29.6,False,True,True,True
fe8df3f1-3f95-4147-84b4-7e8207c75dba,3754266,178,1,00:04:15.106,4,15,42,Ball Receipt*,7,23,Watford,From Throw In,23,Watford,3454.0,Troy Deeney,Right Center Forward,76.3,29.9,,,,False,,,,,,,False,,,,,,,False,False,left_to_right,False,76.3,29.9,,,False,False,False,False
c1f58c72-90b9-42d3-bd09-0379452028e8,3754266,179,1,00:04:15.106,4,15,30,Pass,7,23,Watford,From Throw In,31,Crystal Palace,43695.0,Brede Hangeland,Left Center Back,39.6,50.5,51.6,60.9,1.572997,False,,,,,,Incomplete,False,15.879546,0.7140907,High Pass,Recovery,,,False,False,left_to_right,False,39.6,50.5,51.6,60.9,False,False,False,True
14b67988-b063-4799-9654-c3e1bce202ea,3754266,180,1,00:04:16.679,4,16,30,Pass,7,23,Watford,From Throw In,23,Watford,6870.0,José Manuel Jurado Marín,Left Midfield,68.5,19.2,75.6,31.3,1.196622,False,,,,,,,True,14.029255,1.0401565,High Pass,Recovery,3454.0,Troy Deeney,False,False,left_to_right,False,68.5,19.2,75.6,31.3,False,False,False,False
bf2237ca-b1a2-494a-8c72-c048c8a70172,3754266,181,1,00:04:17.876,4,17,42,Ball Receipt*,7,23,Watford,From Throw In,23,Watford,3454.0,Troy Deeney,Right Center Forward,75.6,31.3,,,,False,,,,,,,False,,,,,,,False,False,left_to_right,False,75.6,31.3,,,False,False,False,False
a10ecf57-dd60-4e26-bb45-2161172942cb,3754266,182,1,00:04:17.876,4,17,30,Pass,7,23,Watford,From Throw In,23,Watford,3454.0,Troy Deeney,Right Center Forward,75.1,31.0,94.3,35.3,2.624142,False,,,,,,Incomplete,False,19.67562,0.22032274,High Pass,,5458.0,Odion Jude Ighalo,False,False,left_to_right,False,75.1,31.0,94.3,35.3,False,True,True,True
82fab30f-01f6-4b2f-92e1-189f4657cad7,3754266,183,1,00:04:20.500,4,20,42,Ball Receipt*,7,23,Watford,From Throw In,23,Watford,5458.0,Odion Jude Ighalo,Left Center Forward,91.8,36.6,,,,False,,,,,,,False,,,,,,,False,False,left_to_right,False,91.8,36.6,,,False,False,False,False
02a6eb0c-5273-4944-ab4c-b68ebad47e6f,3754266,184,1,00:04:20.500,4,20,9,Clearance,7,23,Watford,From Throw In,31,Crystal Palace,4884.0,Pape N''Diaye Souaré,Left Back,25.8,44.8,,,0.0,True,,,,,,,False,,,,,,,False,False,left_to_right,False,25.8,44.8,,,False,False,False,False
d92fc661-c283-43e2-8e90-2dac8411641e,3754266,185,1,00:04:48.738,4,48,30,Pass,8,23,Watford,From Corner,23,Watford,43081.0,Almen Abdi,Right Midfield,120.0,0.1,116.2,39.0,0.968028,False,,,,,,,True,39.085163,1.6681738,High Pass,Corner,3309.0,Sebastian Prödl,True,False,left_to_right,False,120.0,0.1,116.2,39.0,False,True,False,False
7012d21d-cfdc-4348-bb90-b438c3c32376,3754266,186,1,00:04:49.688,4,49,42,Ball Receipt*,8,23,Watford,From Corner,23,Watford,3309.0,Sebastian Prödl,Right Center Back,116.2,39.0,,,,False,,,,,,,False,,,,,,,False,False,left_to_right,False,116.2,39.0,,,False,False,False,False
94f03fb0-7904-4b9a-9932-802091b77807,3754266,187,1,00:04:49.688,4,49,4,Duel,8,23,Watford,From Corner,31,Crystal Palace,43695.0,Brede Hangeland,Left Center Back,3.8,42.3,,,0.0,True,,,,,,,False,,,,,,,False,False,left_to_right,False,3.8,42.3,,,False,False,False,False
7059e2b9-ce26-463b-b40c-fcb528349496,3754266,188,1,00:04:49.688,4,49,16,Shot,8,23,Watford,From Corner,23,Watford,3309.0,Sebastian Prödl,Right Center Back,116.3,37.8,120.0,33.1,0.930899,True,0.2720638,Off T,Head,Normal,Open Play,,False,,,,,,,False,False,left_to_right,False,116.3,37.8,120.0,33.1,False,False,False,False
3dc6e652-b9f6-4927-b149-bba896be6852,3754266,189,1,00:04:50.619,4,50,23,Goal Keeper,8,23,Watford,From Corner,31,Crystal Palace,3488.0,Wayne Hennessey,Goalkeeper,0.4,40.6,,,0.0,False,,,,,,,False,,,,,,,False,False,left_to_right,False,0.4,40.6,,,False,False,False,False
00df2ee7-060b-4ff0-b2e8-309d8bc6bd8b,3754266,190,1,00:05:16.608,5,16,30,Pass,9,31,Crystal Palace,From Goal Kick,31,Crystal Palace,3488.0,Wayne Hennessey,Goalkeeper,6.0,44.0,69.7,68.3,4.082851,False,,,,,,,True,68.17756,0.36443585,High Pass,Goal Kick,3469.0,Bakary Sako,False,False,left_to_right,False,6.0,44.0,69.7,68.3,False,True,False,False
356fdbf4-ff0e-4163-8e6f-f8bdeb1180d0,3754266,191,1,00:05:20.691,5,20,42,Ball Receipt*,9,31,Crystal Palace,From Goal Kick,31,Crystal Palace,3469.0,Bakary Sako,Center Attacking Midfield,69.7,68.3,,,,False,,,,,,,False,,,,,,,False,False,left_to_right,False,69.7,68.3,,,False,False,False,False
6c8250c0-645b-41d6-a8da-b561642297aa,3754266,192,1,00:05:20.731,5,20,4,Duel,9,31,Crystal Palace,From Goal Kick,23,Watford,3626.0,Ben Watson,Left Center Midfield,50.8,12.2,,,0.0,True,,,,,,,False,,,,,,,False,False,left_to_right,False,50.8,12.2,,,False,False,False,False
0edb6639-8c89-4ab8-a0fa-b65fbd3b3bab,3754266,193,1,00:05:20.731,5,20,30,Pass,9,31,Crystal Palace,From Goal Kick,31,Crystal Palace,3469.0,Bakary Sako,Center Attacking Midfield,69.3,67.9,80.0,66.7,1.148179,True,,,,,,,True,10.767079,-0.11168286,High Pass,,3092.0,Dwight Gayle,False,False,left_to_right,False,69.3,67.9,80.0,66.7,False,False,True,False
838465da-5524-4d24-97e5-ca14bdc3b1e3,3754266,194,1,00:05:21.879,5,21,42,Ball Receipt*,9,31,Crystal Palace,From Goal Kick,31,Crystal Palace,3092.0,Dwight Gayle,Center Forward,80.0,66.7,,,,False,,,,,,,False,,,,,,,False,False,left_to_right,False,80.0,66.7,,,False,False,False,False
1f18aca9-dce4-4b81-b9de-8aee91111c62,3754266,195,1,00:05:21.879,5,21,43,Carry,9,31,Crystal Palace,From Goal Kick,31,Crystal Palace,3092.0,Dwight Gayle,Center Forward,80.0,66.7,80.2,66.1,0.149192,False,,,,,,,False,,,,,,,False,False,left_to_right,False,80.0,66.7,80.2,66.1,False,False,False,False
082b33df-d97e-443b-9538-bc2d7a95029d,3754266,196,1,00:05:22.028,5,22,30,Pass,9,31,Crystal Palace,From Goal Kick,31,Crystal Palace,3092.0,Dwight Gayle,Center Forward,80.2,66.1,77.0,70.9,0.857902,False,,,,,,,True,5.7688823,2.158799,Low Pass,,19688.0,Jason Puncheon,False,False,left_to_right,False,80.2,66.1,77.0,70.9,False,False,False,False
8d015565-e9b8-4848-8757-a8548a0f4225,3754266,197,1,00:05:22.886,5,22,42,Ball Receipt*,9,31,Crystal Palace,From Goal Kick,31,Crystal Palace,19688.0,Jason Puncheon,Right Wing,77.0,70.9,,,,False,,,,,,,False,,,,,,,False,False,left_to_right,False,77.0,70.9,,,False,False,False,False
5144fbaf-6443-4d80-825b-2134f83d948f,3754266,198,1,00:05:22.886,5,22,43,Carry,9,31,Crystal Palace,From Goal Kick,31,Crystal Palace,19688.0,Jason Puncheon,Right Wing,77.0,70.9,84.4,75.8,1.580414,True,,,,,,,False,,,,,,,False,False,left_to_right,False,77.0,70.9,84.4,75.8,False,False,False,False
d2980fef-f3f3-4cae-98a8-2c902ef47977,3754266,199,1,00:05:23.416,5,23,17,Pressure,9,31,Crystal Palace,From Goal Kick,23,Watford,6870.0,José Manuel Jurado Marín,Left Midfield,41.5,10.0,,,0.97055,False,,,,,,,False,,,,,,,False,False,left_to_right,False,41.5,10.0,,,False,False,False,False
52db4a6b-cfd4-49f7-9bef-dd5fadaa31fe,3754266,200,1,00:05:24.466,5,24,39,Dribbled Past,9,31,Crystal Palace,From Goal Kick,23,Watford,6870.0,José Manuel Jurado Marín,Left Midfield,35.7,4.3,,,0.0,False,,,,,,,False,,,,,,,False,False,left_to_right,False,35.7,4.3,,,False,False,False,False
8157e510-0d79-4c32-8d6f-8f216e13956c,3754266,201,1,00:05:24.466,5,24,14,Dribble,9,31,Crystal Palace,From Goal Kick,31,Crystal Palace,19688.0,Jason Puncheon,Right Wing,84.4,75.8,,,0.0,True,,,,,,,False,,,,,,,False,False,left_to_right,False,84.4,75.8,,,False,False,False,False
c89ee17c-5c20-4d72-88ea-d195dab21d5d,3754266,202,1,00:05:24.466,5,24,43,Carry,9,31,Crystal Palace,From Goal Kick,31,Crystal Palace,19688.0,Jason Puncheon,Right Wing,84.4,75.8,83.5,76.9,0.678638,True,,,,,,,False,,,,,,,False,False,left_to_right,False,84.4,75.8,83.5,76.9,False,False,False,False
984478b1-3e51-4fd3-b2f0-01a98c2e5d5e,3754266,203,1,00:05:25.145,5,25,30,Pass,9,31,Crystal Palace,From Goal Kick,31,Crystal Palace,19688.0,Jason Puncheon,Right Wing,83.5,76.9,76.3,77.2,0.614562,False,,,,,,,True,7.2062473,3.09995,Ground Pass,,3469.0,Bakary Sako,False,False,left_to_right,False,83.5,76.9,76.3,77.2,False,False,False,False
f78fef1f-4ad1-4360-90b6-d22727f7f2b7,3754266,204,1,00:05:25.760,5,25,42,Ball Receipt*,9,31,Crystal Palace,From Goal Kick,31,Crystal Palace,3469.0,Bakary Sako,Center Attacking Midfield,76.3,77.2,,,,False,,,,,,,False,,,,,,,False,False,left_to_right,False,76.3,77.2,,,False,False,False,False
72eaac67-0328-4328-b192-ccfbf1df78e8,3754266,205,1,00:05:25.760,5,25,43,Carry,9,31,Crystal Palace,From Goal Kick,31,Crystal Palace,3469.0,Bakary Sako,Center Attacking Midfield,76.3,77.2,73.5,76.3,1.721959,False,,,,,,,False,,,,,,,False,False,left_to_right,False,76.3,77.2,73.5,76.3,False,False,False,False
7b915fe7-f418-4b5a-bcfc-38df225c3326,3754266,206,1,00:05:27.482,5,27,30,Pass,9,31,Crystal Palace,From Goal Kick,31,Crystal Palace,3469.0,Bakary Sako,Center Attacking Midfield,73.5,76.3,70.6,3.4,4.645823,False,,,,,,,True,72.95766,-1.6105559,High Pass,,4884.0,Pape N''Diaye Souaré,False,False,left_to_right,False,73.5,76.3,70.6,3.4,False,False,False,False
926f961a-4b28-41a2-b742-d53f6106e225,3754266,207,1,00:05:32.127,5,32,42,Ball Receipt*,9,31,Crystal Palace,From Goal Kick,31,Crystal Palace,4884.0,Pape N''Diaye Souaré,Left Back,70.6,3.4,,,,False,,,,,,,False,,,,,,,False,False,left_to_right,False,70.6,3.4,,,False,False,False,False
6de4c716-278d-4762-b8ed-d7955afe81f6,3754266,208,1,00:05:32.127,5,32,43,Carry,9,31,Crystal Palace,From Goal Kick,31,Crystal Palace,4884.0,Pape N''Diaye Souaré,Left Back,70.6,3.4,75.3,3.1,1.26321,False,,,,,,,False,,,,,,,False,False,left_to_right,False,70.6,3.4,75.3,3.1,False,False,False,False
6bc669be-cce9-477b-a9bd-28d441b2e792,3754266,209,1,00:05:33.391,5,33,30,Pass,9,31,Crystal Palace,From Goal Kick,31,Crystal Palace,4884.0,Pape N''Diaye Souaré,Left Back,75.3,3.1,91.6,3.7,1.536346,False,,,,,,,True,16.311039,0.036793206,Ground Pass,,3589.0,Yannick Bolasie Yala,False,False,left_to_right,False,75.3,3.1,91.6,3.7,False,False,True,False
0e79f4e2-b638-433e-9b05-8856f73e73f7,3754266,210,1,00:05:34.442,5,34,17,Pressure,9,31,Crystal Palace,From Goal Kick,23,Watford,3991.0,Allan Romeo Nyom,Right Back,27.4,75.3,,,0.51445,False,,,,,,,False,,,,,,,False,False,left_to_right,False,27.4,75.3,,,False,False,False,False
bd0c70af-c327-4e4f-965e-f25416b72a13,3754266,211,1,00:05:34.927,5,34,42,Ball Receipt*,9,31,Crystal Palace,From Goal Kick,31,Crystal Palace,3589.0,Yannick Bolasie Yala,Left Wing,91.6,3.7,,,,True,,,,,,,False,,,,,,,False,False,left_to_right,False,91.6,3.7,,,False,False,False,False
bf7eadc7-c36c-4163-8421-d93751d4b7c4,3754266,212,1,00:05:34.927,5,34,43,Carry,9,31,Crystal Palace,From Goal Kick,31,Crystal Palace,3589.0,Yannick Bolasie Yala,Left Wing,91.6,3.7,92.5,2.1,0.039302,True,,,,,,,False,,,,,,,False,False,left_to_right,False,91.6,3.7,92.5,2.1,False,False,False,False
41a1b770-1aee-48dd-823d-04f76bbd6e0e,3754266,213,1,00:05:34.966,5,34,30,Pass,9,31,Crystal Palace,From Goal Kick,31,Crystal Palace,3589.0,Yannick Bolasie Yala,Left Wing,92.5,2.1,86.3,4.8,0.204616,False,,,,,,Incomplete,False,6.762396,2.7308757,Ground Pass,,4884.0,Pape N''Diaye Souaré,False,False,left_to_right,False,92.5,2.1,86.3,4.8,False,False,False,True
681fb442-2897-432e-9aa5-c8d00a8f4a28,3754266,214,1,00:05:35.171,5,35,42,Ball Receipt*,9,31,Crystal Palace,From Goal Kick,31,Crystal Palace,4884.0,Pape N''Diaye Souaré,Left Back,84.6,8.1,,,,False,,,,,,,False,,,,,,,False,False,left_to_right,False,84.6,8.1,,,False,False,False,False
75849df3-5f99-47af-a9f9-8102683fcfa7,3754266,215,1,00:05:35.171,5,35,6,Block,9,31,Crystal Palace,From Goal Kick,23,Watford,3991.0,Allan Romeo Nyom,Right Back,33.8,75.3,,,0.0,False,,,,,,,False,,,,,,,False,False,left_to_right,False,33.8,75.3,,,False,False,False,False
073af27d-b4c8-44f5-a92d-b3ec84a4aacc,3754266,216,1,00:05:36.795,5,36,17,Pressure,9,31,Crystal Palace,From Goal Kick,23,Watford,3991.0,Allan Romeo Nyom,Right Back,35.9,78.0,,,3.864385,False,,,,,,,False,,,,,,,False,False,left_to_right,False,35.9,78.0,,,False,False,False,False
f76ac860-c23d-4d27-a8e8-921f628add44,3754266,217,1,00:05:38.034,5,38,2,Ball Recovery,9,31,Crystal Palace,From Goal Kick,31,Crystal Palace,3589.0,Yannick Bolasie Yala,Left Wing,78.0,2.0,,,0.0,True,,,,,,,False,,,,,,,False,False,left_to_right,False,78.0,2.0,,,False,False,False,False
69bb1715-bcf8-4c9c-b407-0177434489be,3754266,218,1,00:05:38.034,5,38,43,Carry,9,31,Crystal Palace,From Goal Kick,31,Crystal Palace,3589.0,Yannick Bolasie Yala,Left Wing,78.0,2.0,85.9,6.9,2.638482,True,,,,,,,False,,,,,,,False,False,left_to_right,False,78.0,2.0,85.9,6.9,False,False,False,False
ad69a1ce-671c-4359-8ed9-86e05bffe4be,3754266,219,1,00:05:40.260,5,40,17,Pressure,9,31,Crystal Palace,From Goal Kick,23,Watford,43081.0,Almen Abdi,Right Midfield,34.1,74.6,,,0.599796,False,,,,,,,False,,,,,,,False,False,left_to_right,False,34.1,74.6,,,False,False,False,False
4cf6dba9-dca9-4545-87d0-d8a539428288,3754266,220,1,00:05:40.673,5,40,30,Pass,9,31,Crystal Palace,From Goal Kick,31,Crystal Palace,3589.0,Yannick Bolasie Yala,Left Wing,85.9,6.9,91.5,1.4,0.828088,True,,,,,,,True,7.8492036,-0.7763894,Ground Pass,,3092.0,Dwight Gayle,False,False,left_to_right,False,85.9,6.9,91.5,1.4,False,False,False,False
1f72c1c9-d350-41f7-8f61-e17141003d73,3754266,221,1,00:05:41.501,5,41,42,Ball Receipt*,9,31,Crystal Palace,From Goal Kick,31,Crystal Palace,3092.0,Dwight Gayle,Center Forward,91.5,1.4,,,,False,,,,,,,False,,,,,,,False,False,left_to_right,False,91.5,1.4,,,False,False,False,False
fb7c7355-9f21-48bc-9b7b-109c52df11ec,3754266,222,1,00:05:41.501,5,41,43,Carry,9,31,Crystal Palace,From Goal Kick,31,Crystal Palace,3092.0,Dwight Gayle,Center Forward,91.5,1.4,86.4,2.1,1.545707,False,,,,,,,False,,,,,,,False,False,left_to_right,False,91.5,1.4,86.4,2.1,False,False,False,False
03f48523-6101-4de0-b548-809649f69236,3754266,223,1,00:05:43.046,5,43,30,Pass,9,31,Crystal Palace,From Goal Kick,31,Crystal Palace,3092.0,Dwight Gayle,Center Forward,86.4,2.1,111.0,34.7,1.604928,False,,,,,,Incomplete,False,40.840176,0.92435694,High Pass,,,,False,False,left_to_right,False,86.4,2.1,111.0,34.7,False,True,False,True
e7f5bb64-dea1-4ddc-9087-07ab9a68107c,3754266,224,1,00:05:44.651,5,44,9,Clearance,9,31,Crystal Palace,From Goal Kick,23,Watford,3263.0,Craig Cathcart,Left Center Back,9.1,45.4,,,0.0,True,,,,,,,False,,,,,,,False,False,left_to_right,False,9.1,45.4,,,False,False,False,False
6e49fb23-e0c2-49f6-a0f4-1129c72c9f2f,3754266,225,1,00:05:46.720,5,46,2,Ball Recovery,9,31,Crystal Palace,From Goal Kick,23,Watford,3721.0,Etienne Capoue,Right Center Midfield,29.6,58.3,,,0.0,False,,,,,,,False,,,,,,,False,False,left_to_right,False,29.6,58.3,,,False,False,False,False
8cc7f863-b267-4d9a-b599-8417d1013743,3754266,226,1,00:05:46.720,5,46,43,Carry,9,31,Crystal Palace,From Goal Kick,23,Watford,3721.0,Etienne Capoue,Right Center Midfield,29.6,58.3,41.1,57.5,1.668218,True,,,,,,,False,,,,,,,False,False,left_to_right,False,29.6,58.3,41.1,57.5,False,False,False,False
ea481f5d-52bb-4ba0-bb83-efd1287e8045,3754266,227,1,00:05:47.475,5,47,17,Pressure,9,31,Crystal Palace,From Goal Kick,31,Crystal Palace,3092.0,Dwight Gayle,Center Forward,79.0,20.6,,,0.873241,False,,,,,,,False,,,,,,,False,False,left_to_right,False,79.0,20.6,,,False,False,False,False
4c8efdfd-6ba7-4385-9002-941ab5e809d5,3754266,228,1,00:05:48.388,5,48,3,Dispossessed,9,31,Crystal Palace,From Goal Kick,23,Watford,3721.0,Etienne Capoue,Right Center Midfield,41.1,57.5,,,0.0,True,,,,,,,False,,,,,,,False,False,left_to_right,False,41.1,57.5,,,False,False,False,True
aaf42474-308c-4277-8e2a-594f55b8d199,3754266,229,1,00:05:48.388,5,48,4,Duel,9,31,Crystal Palace,From Goal Kick,31,Crystal Palace,3092.0,Dwight Gayle,Center Forward,79.0,22.6,,,0.0,True,,,,,,,False,,,,,,,False,False,left_to_right,False,79.0,22.6,,,False,False,False,False
129e197a-32a1-4552-a073-f2a6a880c506,3754266,230,1,00:05:49.273,5,49,17,Pressure,9,31,Crystal Palace,From Goal Kick,23,Watford,3454.0,Troy Deeney,Right Center Forward,41.3,39.4,,,1.169429,False,,,,,,,False,,,,,,,False,False,left_to_right,False,41.3,39.4,,,False,False,False,False
980b599b-50cd-435f-a3db-2c1e8a0526e4,3754266,231,1,00:05:50.338,5,50,2,Ball Recovery,9,31,Crystal Palace,From Goal Kick,31,Crystal Palace,3277.0,Yohan Cabaye,Right Defensive Midfield,67.9,38.9,,,0.0,True,,,,,,,False,,,,,,,False,False,left_to_right,False,67.9,38.9,,,False,False,False,False
e46f54d5-52b7-4031-87d7-2335777cf55a,3754266,232,1,00:05:50.338,5,50,43,Carry,9,31,Crystal Palace,From Goal Kick,31,Crystal Palace,3277.0,Yohan Cabaye,Right Defensive Midfield,67.9,38.9,66.8,40.0,0.425557,True,,,,,,,False,,,,,,,False,False,left_to_right,False,67.9,38.9,66.8,40.0,False,False,False,False
58db018e-b4b1-4f7b-988a-ce151835272b,3754266,233,1,00:05:50.763,5,50,14,Dribble,9,31,Crystal Palace,From Goal Kick,31,Crystal Palace,3277.0,Yohan Cabaye,Right Defensive Midfield,66.8,40.0,,,0.0,True,,,,,,,False,,,,,,,False,False,left_to_right,False,66.8,40.0,,,False,False,False,False
ae2cf700-5771-4b4e-ba09-9ab671122687,3754266,234,1,00:05:50.763,5,50,4,Duel,9,31,Crystal Palace,From Goal Kick,23,Watford,3454.0,Troy Deeney,Right Center Forward,53.3,40.1,,,0.0,True,,,,,,,False,,,,,,,False,False,left_to_right,False,53.3,40.1,,,False,False,False,False
beee20fc-e2bf-4b8b-9f95-d378585a7398,3754266,235,1,00:05:50.763,5,50,43,Carry,9,31,Crystal Palace,From Goal Kick,23,Watford,3454.0,Troy Deeney,Right Center Forward,53.3,40.1,73.5,41.0,3.496701,True,,,,,,,False,,,,,,,False,False,left_to_right,False,53.3,40.1,73.5,41.0,True,False,False,False
9d366c32-c986-46ba-b41d-8c9b379037cb,3754266,236,1,00:05:51.592,5,51,17,Pressure,9,31,Crystal Palace,From Goal Kick,31,Crystal Palace,3448.0,Martin Kelly,Right Back,62.6,43.5,,,0.687165,False,,,,,,,False,,,,,,,False,False,left_to_right,False,62.6,43.5,,,False,False,False,False
a92d9f23-930b-4ffc-ae55-6e1071202b11,3754266,237,1,00:05:53.289,5,53,17,Pressure,9,31,Crystal Palace,From Goal Kick,31,Crystal Palace,3448.0,Martin Kelly,Right Back,51.6,38.3,,,0.938495,False,,,,,,,False,,,,,,,False,False,left_to_right,False,51.6,38.3,,,False,False,False,False
2c1f77dc-ef9d-47a9-810f-508532c464e7,3754266,238,1,00:05:54.260,5,54,3,Dispossessed,9,31,Crystal Palace,From Goal Kick,23,Watford,3454.0,Troy Deeney,Right Center Forward,73.5,41.0,,,1.972681,True,,,,,,,False,,,,,,,False,False,left_to_right,False,73.5,41.0,,,False,False,False,True
58db1917-e215-4c6a-b944-ac8a7cc7aa0d,3754266,239,1,00:05:54.260,5,54,4,Duel,9,31,Crystal Palace,From Goal Kick,31,Crystal Palace,3448.0,Martin Kelly,Right Back,46.6,39.1,,,0.0,True,,,,,,,False,,,,,,,False,False,left_to_right,False,46.6,39.1,,,False,False,False,False
b0004114-4738-4c8a-9d61-63e14622f6b9,3754266,240,1,00:05:56.241,5,56,30,Pass,9,31,Crystal Palace,From Goal Kick,31,Crystal Palace,3407.0,Scott Dann,Right Center Back,29.9,50.9,50.2,61.6,1.261386,False,,,,,,,True,22.94733,0.48508683,High Pass,Recovery,19688.0,Jason Puncheon,False,False,left_to_right,False,29.9,50.9,50.2,61.6,False,False,False,False
813bd490-4879-4d43-b99d-9476bd365a09,3754266,241,1,00:05:57.502,5,57,42,Ball Receipt*,9,31,Crystal Palace,From Goal Kick,31,Crystal Palace,19688.0,Jason Puncheon,Right Wing,50.2,61.6,,,,False,,,,,,,False,,,,,,,False,False,left_to_right,False,50.2,61.6,,,False,False,False,False
8ae8d681-9b74-4350-aadd-012dfecb453c,3754266,242,1,00:05:57.502,5,57,43,Carry,9,31,Crystal Palace,From Goal Kick,31,Crystal Palace,19688.0,Jason Puncheon,Right Wing,50.2,61.6,50.1,53.9,4.627209,True,,,,,,,False,,,,,,,False,False,left_to_right,False,50.2,61.6,50.1,53.9,False,False,False,False
f6d73ed6-39bc-4217-9010-f3e68365ff8b,3754266,243,1,00:05:59.837,5,59,17,Pressure,9,31,Crystal Palace,From Goal Kick,23,Watford,3454.0,Troy Deeney,Right Center Forward,70.9,28.2,,,2.455091,False,,,,,,,False,,,,,,,False,False,left_to_right,False,70.9,28.2,,,False,False,False,False
6d7fcc00-9545-41ee-83c2-c75c14fc2f33,3754266,244,1,00:06:02.130,6,2,39,Dribbled Past,9,31,Crystal Palace,From Goal Kick,23,Watford,3454.0,Troy Deeney,Right Center Forward,70.0,26.2,,,0.0,False,,,,,,,False,,,,,,,False,False,left_to_right,False,70.0,26.2,,,False,False,False,False
18ef6da2-38f4-40a0-9460-63bbe4bb2831,3754266,245,1,00:06:02.130,6,2,14,Dribble,9,31,Crystal Palace,From Goal Kick,31,Crystal Palace,19688.0,Jason Puncheon,Right Wing,50.1,53.9,,,0.0,True,,,,,,,False,,,,,,,False,False,left_to_right,False,50.1,53.9,,,False,False,False,False
d7ea0d7e-7984-4a38-99ea-ae1d5642d4fa,3754266,246,1,00:06:02.130,6,2,43,Carry,9,31,Crystal Palace,From Goal Kick,31,Crystal Palace,19688.0,Jason Puncheon,Right Wing,50.1,53.9,55.4,41.7,2.237241,True,,,,,,,False,,,,,,,False,False,left_to_right,False,50.1,53.9,55.4,41.7,False,False,False,False
db79ebc7-6e66-45e1-8c78-6a755474ba2e,3754266,247,1,00:06:04.367,6,4,30,Pass,9,31,Crystal Palace,From Goal Kick,31,Crystal Palace,19688.0,Jason Puncheon,Right Wing,55.4,41.7,103.0,0.1,3.624815,False,,,,,,Out,False,63.216454,-0.7182348,High Pass,,3589.0,Yannick Bolasie Yala,False,False,left_to_right,False,55.4,41.7,103.0,0.1,False,True,True,True
b059f9ea-7cc2-4cea-b939-b5af4b7e162f,3754266,248,1,00:06:07.992,6,7,42,Ball Receipt*,9,31,Crystal Palace,From Goal Kick,31,Crystal Palace,3589.0,Yannick Bolasie Yala,Left Wing,98.1,1.1,,,,False,,,,,,,False,,,,,,,False,False,left_to_right,False,98.1,1.1,,,False,False,False,False
d7e91d8a-98ec-4268-8b1d-858dc03de103,3754266,249,1,00:06:30.719,6,30,30,Pass,10,23,Watford,From Throw In,23,Watford,3991.0,Allan Romeo Nyom,Right Back,29.5,80.0,14.2,76.4,1.463361,False,,,,,,,True,15.717824,-2.910502,Low Pass,Throw-in,3309.0,Sebastian Prödl,False,False,left_to_right,False,29.5,80.0,14.2,76.4,False,False,False,False
2c694b32-f8a5-4c24-9b53-1b4bae96f15a,3754266,250,1,00:06:32.182,6,32,42,Ball Receipt*,10,23,Watford,From Throw In,23,Watford,3309.0,Sebastian Prödl,Right Center Back,14.2,76.4,,,,False,,,,,,,False,,,,,,,False,False,left_to_right,False,14.2,76.4,,,False,False,False,False
0d51d9fa-ed27-4ef3-8d6d-87e17c111b9d,3754266,251,1,00:06:32.182,6,32,43,Carry,10,23,Watford,From Throw In,23,Watford,3309.0,Sebastian Prödl,Right Center Back,14.2,76.4,19.8,73.2,2.349083,False,,,,,,,False,,,,,,,False,False,left_to_right,False,14.2,76.4,19.8,73.2,False,False,False,False
3ca98309-441e-446e-97e3-ad0f91e5cb0c,3754266,252,1,00:06:34.531,6,34,30,Pass,10,23,Watford,From Throw In,23,Watford,3309.0,Sebastian Prödl,Right Center Back,19.8,73.2,76.5,28.5,4.429122,False,,,,,,Incomplete,False,72.200966,-0.66760284,High Pass,,6870.0,José Manuel Jurado Marín,False,False,left_to_right,False,19.8,73.2,76.5,28.5,False,True,False,True
09abd4e0-b19d-47ed-87bc-4d74739c019f,3754266,253,1,00:06:38.960,6,38,42,Ball Receipt*,10,23,Watford,From Throw In,23,Watford,6870.0,José Manuel Jurado Marín,Left Midfield,64.8,44.6,,,,False,,,,,,,False,,,,,,,False,False,left_to_right,False,64.8,44.6,,,False,False,False,False
901f58f0-0633-4715-b966-13cc821ff729,3754266,254,1,00:06:38.960,6,38,30,Pass,11,31,Crystal Palace,Regular Play,31,Crystal Palace,3448.0,Martin Kelly,Right Back,43.6,51.6,13.2,47.7,1.917193,False,,,,,,,True,30.649143,-3.0140002,Ground Pass,Recovery,3488.0,Wayne Hennessey,False,False,left_to_right,False,43.6,51.6,13.2,47.7,False,False,False,False
aa6a568c-0936-461f-b62c-c914e2d2aa9a,3754266,255,1,00:06:40.877,6,40,42,Ball Receipt*,11,31,Crystal Palace,Regular Play,31,Crystal Palace,3488.0,Wayne Hennessey,Goalkeeper,13.2,47.7,,,,False,,,,,,,False,,,,,,,False,False,left_to_right,False,13.2,47.7,,,False,False,False,False
3c15145b-3ae0-46f2-b056-a7b421fb434f,3754266,256,1,00:06:40.877,6,40,43,Carry,11,31,Crystal Palace,Regular Play,31,Crystal Palace,3488.0,Wayne Hennessey,Goalkeeper,13.2,47.7,21.6,50.0,6.360625,False,,,,,,,False,,,,,,,False,False,left_to_right,False,13.2,47.7,21.6,50.0,False,False,False,False
1645c806-796d-4044-843c-de810266f042,3754266,257,1,00:06:47.238,6,47,30,Pass,11,31,Crystal Palace,Regular Play,31,Crystal Palace,3488.0,Wayne Hennessey,Goalkeeper,21.6,50.0,85.3,76.6,3.488895,False,,,,,,,True,69.03079,0.39557114,High Pass,,3469.0,Bakary Sako,False,False,left_to_right,False,21.6,50.0,85.3,76.6,False,True,True,False
9f652f9c-f3e2-4638-adcd-99928a50c02f,3754266,258,1,00:06:50.727,6,50,42,Ball Receipt*,11,31,Crystal Palace,Regular Play,31,Crystal Palace,3469.0,Bakary Sako,Center Attacking Midfield,85.3,76.6,,,,False,,,,,,,False,,,,,,,False,False,left_to_right,False,85.3,76.6,,,False,False,False,False
b5c9673f-a409-422a-b269-47aa9f3b696d,3754266,259,1,00:06:50.767,6,50,4,Duel,11,31,Crystal Palace,Regular Play,23,Watford,40118.0,Ikechi Anya,Left Back,34.2,4.3,,,0.0,True,,,,,,,False,,,,,,,False,False,left_to_right,False,34.2,4.3,,,False,False,False,False
f9db7117-204e-4bff-b82b-d07e4ed8378e,3754266,260,1,00:06:50.767,6,50,30,Pass,11,31,Crystal Palace,Regular Play,31,Crystal Palace,3469.0,Bakary Sako,Center Attacking Midfield,85.9,75.8,77.2,66.5,1.147947,True,,,,,,,True,12.734991,-2.3228736,Low Pass,,19688.0,Jason Puncheon,False,False,left_to_right,False,85.9,75.8,77.2,66.5,False,False,False,False
6f43c5a4-9b8a-40a1-92d2-2a868402bc88,3754266,261,1,00:06:51.906,6,51,17,Pressure,11,31,Crystal Palace,Regular Play,23,Watford,6870.0,José Manuel Jurado Marín,Left Midfield,41.5,11.1,,,0.964744,False,,,,,,,False,,,,,,,False,False,left_to_right,False,41.5,11.1,,,False,False,False,False
2cded48a-39fd-4e34-ad69-266cb2d4d2fa,3754266,262,1,00:06:51.915,6,51,42,Ball Receipt*,11,31,Crystal Palace,Regular Play,31,Crystal Palace,19688.0,Jason Puncheon,Right Wing,77.2,66.5,,,,True,,,,,,,False,,,,,,,False,False,left_to_right,False,77.2,66.5,,,False,False,False,False
018dc2ed-bb10-4692-86bd-d8fd34697d3b,3754266,263,1,00:06:51.915,6,51,43,Carry,11,31,Crystal Palace,Regular Play,31,Crystal Palace,19688.0,Jason Puncheon,Right Wing,77.2,66.5,79.1,68.1,1.728907,True,,,,,,,False,,,,,,,False,False,left_to_right,False,77.2,66.5,79.1,68.1,False,False,False,False
d0a0b636-2cf5-4a81-a124-5eff75afb815,3754266,264,1,00:06:53.106,6,53,17,Pressure,11,31,Crystal Palace,Regular Play,23,Watford,3626.0,Ben Watson,Left Center Midfield,37.1,14.4,,,0.568869,False,,,,,,,False,,,,,,,False,False,left_to_right,False,37.1,14.4,,,False,False,False,False
3ef4af7a-bf14-433f-9612-3b03f990a40c,3754266,265,1,00:06:53.644,6,53,30,Pass,11,31,Crystal Palace,Regular Play,31,Crystal Palace,19688.0,Jason Puncheon,Right Wing,79.1,68.1,86.4,74.3,0.601003,True,,,,,,,True,9.577578,0.7040963,Ground Pass,,3469.0,Bakary Sako,False,False,left_to_right,False,79.1,68.1,86.4,74.3,False,False,True,False
b4028de7-2fba-4683-ad4c-27b464d51a72,3754266,266,1,00:06:54.245,6,54,42,Ball Receipt*,11,31,Crystal Palace,Regular Play,31,Crystal Palace,3469.0,Bakary Sako,Center Attacking Midfield,86.4,74.3,,,,False,,,,,,,False,,,,,,,False,False,left_to_right,False,86.4,74.3,,,False,False,False,False
d41ec12e-97f7-4e8e-91d6-096196e0b736,3754266,267,1,00:06:54.245,6,54,43,Carry,11,31,Crystal Palace,Regular Play,31,Crystal Palace,3469.0,Bakary Sako,Center Attacking Midfield,86.4,74.3,86.3,73.9,0.052701,False,,,,,,,False,,,,,,,False,False,left_to_right,False,86.4,74.3,86.3,73.9,False,False,False,False
dba830d7-a67d-455e-9402-35ba32be6706,3754266,268,1,00:06:54.297,6,54,30,Pass,11,31,Crystal Palace,Regular Play,31,Crystal Palace,3469.0,Bakary Sako,Center Attacking Midfield,86.3,73.9,86.0,60.9,0.983489,False,,,,,,,True,13.003461,-1.5938692,Ground Pass,,19688.0,Jason Puncheon,False,False,left_to_right,False,86.3,73.9,86.0,60.9,False,False,False,False
e42674ec-a77f-4519-b8e8-a33086f169d5,3754266,269,1,00:06:55.281,6,55,42,Ball Receipt*,11,31,Crystal Palace,Regular Play,31,Crystal Palace,19688.0,Jason Puncheon,Right Wing,86.0,60.9,,,,False,,,,,,,False,,,,,,,False,False,left_to_right,False,86.0,60.9,,,False,False,False,False
23931dfd-13f8-462e-a4d6-df1e23ac1aa6,3754266,270,1,00:06:55.281,6,55,43,Carry,11,31,Crystal Palace,Regular Play,31,Crystal Palace,19688.0,Jason Puncheon,Right Wing,86.0,60.9,91.1,61.9,1.238222,True,,,,,,,False,,,,,,,False,False,left_to_right,False,86.0,60.9,91.1,61.9,False,False,False,False
3873fd6e-544f-4bca-bfe6-e95312ea78b6,3754266,271,1,00:06:55.809,6,55,17,Pressure,11,31,Crystal Palace,Regular Play,23,Watford,3626.0,Ben Watson,Left Center Midfield,30.2,16.0,,,0.630583,False,,,,,,,False,,,,,,,False,False,left_to_right,False,30.2,16.0,,,False,False,False,False
cf28e14c-9256-4a97-a337-3fc026c3b4f1,3754266,272,1,00:06:56.519,6,56,3,Dispossessed,11,31,Crystal Palace,Regular Play,31,Crystal Palace,19688.0,Jason Puncheon,Right Wing,91.1,61.9,,,0.0,True,,,,,,,False,,,,,,,False,False,left_to_right,False,91.1,61.9,,,False,False,False,True
247648c5-3c6d-4b8e-ae32-3bd5c3b3bf44,3754266,273,1,00:06:56.519,6,56,4,Duel,11,31,Crystal Palace,Regular Play,23,Watford,3626.0,Ben Watson,Left Center Midfield,29.0,18.2,,,0.0,True,,,,,,,False,,,,,,,False,False,left_to_right,False,29.0,18.2,,,False,False,False,False
63b431dd-a461-40df-85d1-6fea86d41877,3754266,274,1,00:06:56.953,6,56,2,Ball Recovery,11,31,Crystal Palace,Regular Play,23,Watford,40118.0,Ikechi Anya,Left Back,19.8,16.3,,,0.0,False,,,,,,,False,,,,,,,False,False,left_to_right,False,19.8,16.3,,,False,False,False,False
b1149736-c293-48b3-8c89-266d138fe091,3754266,275,1,00:06:56.953,6,56,43,Carry,11,31,Crystal Palace,Regular Play,23,Watford,40118.0,Ikechi Anya,Left Back,19.8,16.3,33.0,3.4,3.617453,True,,,,,,,False,,,,,,,False,False,left_to_right,False,19.8,16.3,33.0,3.4,False,False,False,False
35084d39-a841-4658-9fae-1ce6ca98f777,3754266,276,1,00:06:58.101,6,58,17,Pressure,11,31,Crystal Palace,Regular Play,31,Crystal Palace,3469.0,Bakary Sako,Center Attacking Midfield,101.3,71.1,,,2.517019,False,,,,,,,False,,,,,,,False,False,left_to_right,False,101.3,71.1,,,False,False,False,False
52044fe1-f4f1-4351-8e22-ba31a7f04f32,3754266,277,1,00:07:00.570,7,0,30,Pass,11,31,Crystal Palace,Regular Play,23,Watford,40118.0,Ikechi Anya,Left Back,33.0,3.4,44.8,9.4,0.869588,True,,,,,,Incomplete,False,13.237824,0.47040427,Ground Pass,,,,False,False,left_to_right,False,33.0,3.4,44.8,9.4,False,False,False,True
2e908ed6-137b-42b7-8a79-2bc7042b4c3a,3754266,278,1,00:07:01.440,7,1,2,Ball Recovery,11,31,Crystal Palace,Regular Play,31,Crystal Palace,3277.0,Yohan Cabaye,Right Defensive Midfield,75.3,70.7,,,0.0,False,,,,,,,False,,,,,,,False,False,left_to_right,False,75.3,70.7,,,False,False,False,False
9d81ec03-5586-43af-a466-33e243d2cdc7,3754266,279,1,00:07:01.440,7,1,43,Carry,11,31,Crystal Palace,Regular Play,31,Crystal Palace,3277.0,Yohan Cabaye,Right Defensive Midfield,75.3,70.7,73.8,69.9,1.100978,True,,,,,,,False,,,,,,,False,False,left_to_right,False,75.3,70.7,73.8,69.9,False,False,False,False
2c44b5d4-0f14-476d-8ff9-f27bb1f7ce13,3754266,280,1,00:07:01.989,7,1,17,Pressure,11,31,Crystal Palace,Regular Play,23,Watford,40118.0,Ikechi Anya,Left Back,41.5,9.4,,,0.569421,False,,,,,,,False,,,,,,,False,False,left_to_right,False,41.5,9.4,,,False,False,False,False
323fa95b-4095-4b89-82b6-abe80297bf83,3754266,281,1,00:07:02.541,7,2,30,Pass,11,31,Crystal Palace,Regular Play,31,Crystal Palace,3277.0,Yohan Cabaye,Right Defensive Midfield,73.8,69.9,80.2,72.7,0.649616,True,,,,,,Incomplete,False,6.9856997,0.41241044,Ground Pass,,,,False,False,left_to_right,False,73.8,69.9,80.2,72.7,False,False,True,True
17230a22-309a-4139-8425-c5335b6428bb,3754266,282,1,00:07:03.190,7,3,2,Ball Recovery,11,31,Crystal Palace,Regular Play,23,Watford,6870.0,José Manuel Jurado Marín,Left Midfield,39.9,7.4,,,0.0,False,,,,,,,False,,,,,,,False,False,left_to_right,False,39.9,7.4,,,False,False,False,False
1c53206a-0699-4c00-a8d2-325222034dfb,3754266,283,1,00:07:03.190,7,3,43,Carry,11,31,Crystal Palace,Regular Play,23,Watford,6870.0,José Manuel Jurado Marín,Left Midfield,39.9,7.4,42.7,6.7,1.160837,True,,,,,,,False,,,,,,,False,False,left_to_right,False,39.9,7.4,42.7,6.7,False,False,False,False
cd3ce7f4-a5a3-4e88-a705-91a755ec2242,3754266,284,1,00:07:03.758,7,3,17,Pressure,11,31,Crystal Palace,Regular Play,31,Crystal Palace,3277.0,Yohan Cabaye,Right Defensive Midfield,77.0,68.9,,,0.684501,False,,,,,,,False,,,,,,,False,False,left_to_right,False,77.0,68.9,,,False,False,False,False
94f8a0ea-5199-461e-a8ae-56e4cbc33c4f,3754266,285,1,00:07:04.351,7,4,38,Miscontrol,11,31,Crystal Palace,Regular Play,23,Watford,6870.0,José Manuel Jurado Marín,Left Midfield,42.7,6.7,,,0.0,True,,,,,,,False,,,,,,,False,False,left_to_right,False,42.7,6.7,,,False,False,False,True
35ff8f0d-fbf2-41e8-be6f-c2bb7f869fe6,3754266,286,1,00:07:21.908,7,21,30,Pass,12,31,Crystal Palace,From Throw In,31,Crystal Palace,3448.0,Martin Kelly,Right Back,67.2,80.0,71.0,72.1,0.706537,False,,,,,,,True,8.766413,-1.1224537,Low Pass,Throw-in,3277.0,Yohan Cabaye,False,False,left_to_right,False,67.2,80.0,71.0,72.1,False,False,False,False
f98200bf-15b2-474c-82ea-fdf512bcc82c,3754266,287,1,00:07:22.614,7,22,42,Ball Receipt*,12,31,Crystal Palace,From Throw In,31,Crystal Palace,3277.0,Yohan Cabaye,Right Defensive Midfield,71.0,72.1,,,,False,,,,,,,False,,,,,,,False,False,left_to_right,False,71.0,72.1,,,False,False,False,False
56df2b47-2a52-4ebe-8778-6c0fe319b930,3754266,288,1,00:07:22.614,7,22,43,Carry,12,31,Crystal Palace,From Throw In,31,Crystal Palace,3277.0,Yohan Cabaye,Right Defensive Midfield,71.0,72.1,71.0,71.5,0.08,False,,,,,,,False,,,,,,,False,False,left_to_right,False,71.0,72.1,71.0,71.5,False,False,False,False
bb903604-241c-4383-a5ba-ea6b3fc5023f,3754266,289,1,00:07:22.694,7,22,30,Pass,12,31,Crystal Palace,From Throw In,31,Crystal Palace,3277.0,Yohan Cabaye,Right Defensive Midfield,71.0,71.5,64.0,76.3,1.024196,False,,,,,,,True,8.487638,2.540519,Low Pass,,3448.0,Martin Kelly,False,False,left_to_right,False,71.0,71.5,64.0,76.3,False,False,False,False
82a2776c-0b27-4b33-91ce-5178feb2f311,3754266,290,1,00:07:23.718,7,23,42,Ball Receipt*,12,31,Crystal Palace,From Throw In,31,Crystal Palace,3448.0,Martin Kelly,Right Back,64.0,76.3,,,,False,,,,,,,False,,,,,,,False,False,left_to_right,False,64.0,76.3,,,False,False,False,False
1b487af4-1083-4b7b-baf1-9b90fda54270,3754266,291,1,00:07:23.718,7,23,43,Carry,12,31,Crystal Palace,From Throw In,31,Crystal Palace,3448.0,Martin Kelly,Right Back,64.0,76.3,63.0,76.9,0.805959,True,,,,,,,False,,,,,,,False,False,left_to_right,False,64.0,76.3,63.0,76.9,False,False,False,False
bdcb7cff-552c-49b7-8353-4bdd4a70ab70,3754266,292,1,00:07:24.145,7,24,17,Pressure,12,31,Crystal Palace,From Throw In,23,Watford,3454.0,Troy Deeney,Right Center Forward,55.4,6.4,,,0.51999,False,,,,,,,False,,,,,,,False,False,left_to_right,False,55.4,6.4,,,False,False,False,False
c0a20fd3-e2fa-4903-8a0b-8a8edb64f6a8,3754266,293,1,00:07:24.524,7,24,30,Pass,12,31,Crystal Palace,From Throw In,31,Crystal Palace,3448.0,Martin Kelly,Right Back,63.0,76.9,34.9,76.2,2.109936,True,,,,,,,True,28.108717,-3.1166868,Ground Pass,,3407.0,Scott Dann,False,False,left_to_right,False,63.0,76.9,34.9,76.2,False,False,False,False
a8a133e1-ebe3-4dec-8f9f-23f08dbe8dd9,3754266,294,1,00:07:26.634,7,26,42,Ball Receipt*,12,31,Crystal Palace,From Throw In,31,Crystal Palace,3407.0,Scott Dann,Right Center Back,34.9,76.2,,,,False,,,,,,,False,,,,,,,False,False,left_to_right,False,34.9,76.2,,,False,False,False,False
bbb74399-62e3-46fc-9cf6-4a761b6b442f,3754266,295,1,00:07:26.634,7,26,43,Carry,12,31,Crystal Palace,From Throw In,31,Crystal Palace,3407.0,Scott Dann,Right Center Back,34.9,76.2,40.0,75.2,2.038199,False,,,,,,,False,,,,,,,False,False,left_to_right,False,34.9,76.2,40.0,75.2,False,False,False,False
246b1260-5b50-492a-831f-beec19ba310a,3754266,296,1,00:07:28.672,7,28,30,Pass,12,31,Crystal Palace,From Throw In,31,Crystal Palace,3407.0,Scott Dann,Right Center Back,40.0,75.2,119.2,57.2,4.195402,False,,,,,,Out,False,81.2197,-0.2234766,High Pass,,,,False,False,left_to_right,False,40.0,75.2,119.2,57.2,False,True,True,True
c6e0f446-ac19-4134-8199-f55c711938a8,3754266,297,1,00:07:58.374,7,58,30,Pass,13,23,Watford,From Goal Kick,23,Watford,3522.0,Heurelho da Silva Gomes,Goalkeeper,7.0,36.1,76.7,23.1,4.046688,False,,,,,,Incomplete,False,70.90198,-0.18439491,High Pass,Goal Kick,3454.0,Troy Deeney,False,False,left_to_right,False,7.0,36.1,76.7,23.1,False,True,False,True
66c3b94f-c659-4d25-ae71-6a93815996f7,3754266,298,1,00:08:02.421,8,2,42,Ball Receipt*,13,23,Watford,From Goal Kick,23,Watford,3454.0,Troy Deeney,Right Center Forward,76.9,21.9,,,,False,,,,,,,False,,,,,,,False,False,left_to_right,False,76.9,21.9,,,False,False,False,False
39763d3a-7326-4182-9799-a5ead323cf74,3754266,299,1,00:08:02.421,8,2,30,Pass,13,23,Watford,From Goal Kick,31,Crystal Palace,3407.0,Scott Dann,Right Center Back,43.4,57.0,72.8,53.0,1.932037,True,,,,,,Incomplete,False,29.67086,-0.13522413,High Pass,Recovery,,,False,False,left_to_right,False,43.4,57.0,72.8,53.0,False,True,False,True
19cf50f5-afcf-460f-a9d5-4826de4d8103,3754266,300,1,00:08:02.421,8,2,4,Duel,13,23,Watford,From Goal Kick,23,Watford,3454.0,Troy Deeney,Right Center Forward,76.7,23.1,,,0.0,True,,,,,,,False,,,,,,,False,False,left_to_right,False,76.7,23.1,,,False,False,False,False
c5a51fb7-536f-44fd-a015-a2754c1bf374,3754266,301,1,00:08:04.353,8,4,30,Pass,13,23,Watford,From Goal Kick,23,Watford,3309.0,Sebastian Prödl,Right Center Back,47.3,27.1,56.6,12.2,1.538466,False,,,,,,Incomplete,False,17.564169,-1.0128005,High Pass,Recovery,,,False,False,left_to_right,False,47.3,27.1,56.6,12.2,False,False,False,True
26b1b9a6-30f6-43a9-87db-bfc9e3de860b,3754266,302,1,00:08:05.891,8,5,30,Pass,13,23,Watford,From Goal Kick,31,Crystal Palace,19688.0,Jason Puncheon,Right Wing,63.5,67.9,76.3,64.7,2.082146,False,,,,,,Incomplete,False,13.193938,-0.24497867,High Pass,Recovery,,,False,False,left_to_right,False,63.5,67.9,76.3,64.7,False,False,False,True
1b4e3e9e-c514-4182-9f5e-5926534e8bc6,3754266,303,1,00:08:07.973,8,7,30,Pass,13,23,Watford,From Goal Kick,23,Watford,43081.0,Almen Abdi,Right Midfield,43.8,15.4,80.7,27.9,2.808794,False,,,,,,Incomplete,False,38.959724,0.32662064,High Pass,Recovery,5458.0,Odion Jude Ighalo,False,False,left_to_right,False,43.8,15.4,80.7,27.9,False,True,True,True
bbe97589-0ae2-4de5-8d41-3097baef6257,3754266,304,1,00:08:10.782,8,10,42,Ball Receipt*,13,23,Watford,From Goal Kick,23,Watford,5458.0,Odion Jude Ighalo,Left Center Forward,79.0,29.6,,,,False,,,,,,,False,,,,,,,False,False,left_to_right,False,79.0,29.6,,,False,False,False,False
72e7288e-7c0f-4537-a31d-df133f1f9f54,3754266,305,1,00:08:10.782,8,10,30,Pass,14,31,Crystal Palace,Regular Play,31,Crystal Palace,43695.0,Brede Hangeland,Left Center Back,39.4,52.2,56.7,60.9,1.756054,False,,,,,,,True,19.3644,0.46595708,High Pass,Recovery,19688.0,Jason Puncheon,False,False,left_to_right,False,39.4,52.2,56.7,60.9,False,False,False,False
1fa43a0f-9c9c-4cbf-bf9c-eba8e130ae6c,3754266,306,1,00:08:12.538,8,12,42,Ball Receipt*,14,31,Crystal Palace,Regular Play,31,Crystal Palace,19688.0,Jason Puncheon,Right Wing,56.7,60.9,,,,False,,,,,,,False,,,,,,,False,False,left_to_right,False,56.7,60.9,,,False,False,False,False
e2607296-dac6-4ac8-93b4-6502da5c6acf,3754266,307,1,00:08:12.538,8,12,43,Carry,14,31,Crystal Palace,Regular Play,31,Crystal Palace,19688.0,Jason Puncheon,Right Wing,56.7,60.9,55.8,56.7,1.010032,True,,,,,,,False,,,,,,,False,False,left_to_right,False,56.7,60.9,55.8,56.7,False,False,False,False
fb2ae238-1fce-4bd8-aa93-d098c1947d0a,3754266,308,1,00:08:13.032,8,13,17,Pressure,14,31,Crystal Palace,Regular Play,23,Watford,3626.0,Ben Watson,Left Center Midfield,62.2,17.7,,,0.498217,False,,,,,,,False,,,,,,,False,False,left_to_right,False,62.2,17.7,,,False,False,False,False
4e7359af-5c67-46f8-9f8d-a67180c778eb,3754266,309,1,00:08:13.548,8,13,30,Pass,14,31,Crystal Palace,Regular Play,31,Crystal Palace,19688.0,Jason Puncheon,Right Wing,55.8,56.7,104.4,15.7,5.812797,False,,,,,,Incomplete,False,63.584274,-0.70077926,High Pass,,,,False,False,left_to_right,False,55.8,56.7,104.4,15.7,False,True,True,True
e4a5eeef-eb13-4aab-91b0-470aa4301ee9,3754266,310,1,00:08:17.382,8,17,17,Pressure,14,31,Crystal Palace,Regular Play,31,Crystal Palace,3092.0,Dwight Gayle,Center Forward,92.0,19.0,,,2.017413,False,,,,,,,False,,,,,,,False,False,left_to_right,False,92.0,19.0,,,False,False,False,False
4501fda4-f275-4e62-b8aa-786e82f67915,3754266,311,1,00:08:19.361,8,19,23,Goal Keeper,14,31,Crystal Palace,Regular Play,23,Watford,3522.0,Heurelho da Silva Gomes,Goalkeeper,15.7,64.4,,,0.0,True,,,,,,,False,,,,,,,False,False,left_to_right,False,15.7,64.4,,,False,False,False,False
e7d61768-6be9-465d-8edb-953a63bcb64d,3754266,312,1,00:08:23.662,8,23,30,Pass,14,31,Crystal Palace,Regular Play,31,Crystal Palace,3407.0,Scott Dann,Right Center Back,50.8,49.8,55.8,49.0,0.675469,False,,,,,,,True,5.063596,-0.15865526,Low Pass,Recovery,4817.0,Joe Ledley,False,False,left_to_right,False,50.8,49.8,55.8,49.0,False,False,False,False
16809306-bfc7-4fce-90d9-2891d898613e,3754266,313,1,00:08:24.337,8,24,42,Ball Receipt*,14,31,Crystal Palace,Regular Play,31,Crystal Palace,4817.0,Joe Ledley,Left Defensive Midfield,55.8,49.0,,,,False,,,,,,,False,,,,,,,False,False,left_to_right,False,55.8,49.0,,,False,False,False,False
00141364-ff1e-4f81-87c1-ade2e1c440fb,3754266,314,1,00:08:24.337,8,24,43,Carry,14,31,Crystal Palace,Regular Play,31,Crystal Palace,4817.0,Joe Ledley,Left Defensive Midfield,55.8,49.0,51.1,51.4,0.592874,False,,,,,,,False,,,,,,,False,False,left_to_right,False,55.8,49.0,51.1,51.4,False,False,False,False
d1cc2209-78d2-4858-b660-62d588df7387,3754266,315,1,00:08:24.930,8,24,30,Pass,14,31,Crystal Palace,Regular Play,31,Crystal Palace,4817.0,Joe Ledley,Left Defensive Midfield,51.1,51.4,44.6,59.2,1.465955,False,,,,,,,True,10.153324,2.2655346,Ground Pass,,3448.0,Martin Kelly,False,False,left_to_right,False,51.1,51.4,44.6,59.2,False,False,False,False
77ba6406-4302-4cf4-95a7-c03a429b4377,3754266,316,1,00:08:26.396,8,26,42,Ball Receipt*,14,31,Crystal Palace,Regular Play,31,Crystal Palace,3448.0,Martin Kelly,Right Back,44.6,59.2,,,,False,,,,,,,False,,,,,,,False,False,left_to_right,False,44.6,59.2,,,False,False,False,False
3e7117b9-d7be-4742-adac-c0e8e8a5adf0,3754266,317,1,00:08:26.396,8,26,43,Carry,14,31,Crystal Palace,Regular Play,31,Crystal Palace,3448.0,Martin Kelly,Right Back,44.6,59.2,47.6,62.4,1.023375,True,,,,,,,False,,,,,,,False,False,left_to_right,False,44.6,59.2,47.6,62.4,False,False,False,False
f9772323-9c84-4fe8-a32a-42b9ab0bdb56,3754266,318,1,00:08:26.799,8,26,17,Pressure,14,31,Crystal Palace,Regular Play,23,Watford,3454.0,Troy Deeney,Right Center Forward,71.7,21.3,,,0.675785,False,,,,,,,False,,,,,,,False,False,left_to_right,False,71.7,21.3,,,False,False,False,False
cf3b583b-1913-4c4c-a20c-748db1f980a2,3754266,319,1,00:08:27.419,8,27,30,Pass,14,31,Crystal Palace,Regular Play,31,Crystal Palace,3448.0,Martin Kelly,Right Back,47.6,62.4,64.7,69.5,1.140284,True,,,,,,,True,18.5154,0.39354476,Ground Pass,,3277.0,Yohan Cabaye,False,False,left_to_right,False,47.6,62.4,64.7,69.5,False,False,False,False
05e09f47-c2d0-4727-8e48-8924bc32651d,3754266,320,1,00:08:28.560,8,28,42,Ball Receipt*,14,31,Crystal Palace,Regular Play,31,Crystal Palace,3277.0,Yohan Cabaye,Right Defensive Midfield,64.7,69.5,,,,False,,,,,,,False,,,,,,,False,False,left_to_right,False,64.7,69.5,,,False,False,False,False
b59c1dff-adb9-459c-894a-4ed6f877139b,3754266,321,1,00:08:28.560,8,28,43,Carry,14,31,Crystal Palace,Regular Play,31,Crystal Palace,3277.0,Yohan Cabaye,Right Defensive Midfield,64.7,69.5,77.2,74.3,2.498011,False,,,,,,,False,,,,,,,False,False,left_to_right,False,64.7,69.5,77.2,74.3,False,False,False,False
d9df6357-21d8-4be9-9cc3-de06a12719c3,3754266,322,1,00:08:31.058,8,31,30,Pass,14,31,Crystal Palace,Regular Play,31,Crystal Palace,3277.0,Yohan Cabaye,Right Defensive Midfield,77.2,74.3,89.9,64.8,0.803231,False,,,,,,,True,15.860013,-0.64224005,Ground Pass,,3469.0,Bakary Sako,False,False,left_to_right,False,77.2,74.3,89.9,64.8,False,True,True,False
b0cd0513-6a85-4355-b95e-bf28c4fbf235,3754266,323,1,00:08:31.861,8,31,42,Ball Receipt*,14,31,Crystal Palace,Regular Play,31,Crystal Palace,3469.0,Bakary Sako,Center Attacking Midfield,89.9,64.8,,,,False,,,,,,,False,,,,,,,False,False,left_to_right,False,89.9,64.8,,,False,False,False,False
4cf33e95-eafc-456a-a964-eee9851e06fe,3754266,324,1,00:08:31.861,8,31,43,Carry,14,31,Crystal Palace,Regular Play,31,Crystal Palace,3469.0,Bakary Sako,Center Attacking Midfield,89.9,64.8,86.7,76.2,1.918213,False,,,,,,,False,,,,,,,False,False,left_to_right,False,89.9,64.8,86.7,76.2,False,False,False,False
377aa3a2-72e4-40cb-851e-1abc111fb5b8,3754266,325,1,00:08:33.779,8,33,30,Pass,14,31,Crystal Palace,Regular Play,31,Crystal Palace,3469.0,Bakary Sako,Center Attacking Midfield,86.7,76.2,76.2,77.6,0.870419,False,,,,,,,True,10.592922,3.009041,Ground Pass,,3448.0,Martin Kelly,False,False,left_to_right,False,86.7,76.2,76.2,77.6,False,False,False,False
3bf4a123-76d5-490b-866f-467bd59a049b,3754266,326,1,00:08:34.650,8,34,42,Ball Receipt*,14,31,Crystal Palace,Regular Play,31,Crystal Palace,3448.0,Martin Kelly,Right Back,76.2,77.6,,,,False,,,,,,,False,,,,,,,False,False,left_to_right,False,76.2,77.6,,,False,False,False,False
9b1e94c5-f9b5-4cd8-8d7d-a09a5974ecd2,3754266,327,1,00:08:34.650,8,34,43,Carry,14,31,Crystal Palace,Regular Play,31,Crystal Palace,3448.0,Martin Kelly,Right Back,76.2,77.6,77.4,74.8,0.895073,False,,,,,,,False,,,,,,,False,False,left_to_right,False,76.2,77.6,77.4,74.8,False,False,False,False
dbbff86d-be87-4296-a417-4d29d624e3a5,3754266,328,1,00:08:35.545,8,35,30,Pass,14,31,Crystal Palace,Regular Play,31,Crystal Palace,3448.0,Martin Kelly,Right Back,77.4,74.8,93.4,69.7,0.93007,False,,,,,,,True,16.793154,-0.30856866,Ground Pass,,19688.0,Jason Puncheon,False,False,left_to_right,False,77.4,74.8,93.4,69.7,False,True,True,False
c2fde1cb-9cb5-4e20-8209-3cd3063ab9de,3754266,329,1,00:08:36.475,8,36,42,Ball Receipt*,14,31,Crystal Palace,Regular Play,31,Crystal Palace,19688.0,Jason Puncheon,Right Wing,93.4,69.7,,,,False,,,,,,,False,,,,,,,False,False,left_to_right,False,93.4,69.7,,,False,False,False,False
bfd4fe60-7919-4310-bd60-1f988c4e9d33,3754266,330,1,00:08:36.475,8,36,43,Carry,14,31,Crystal Palace,Regular Play,31,Crystal Palace,19688.0,Jason Puncheon,Right Wing,93.4,69.7,88.8,71.1,1.450107,True,,,,,,,False,,,,,,,False,False,left_to_right,False,93.4,69.7,88.8,71.1,False,False,False,False
3433081a-960e-4018-a97a-8c205e0d1f8a,3754266,331,1,00:08:37.553,8,37,17,Pressure,14,31,Crystal Palace,Regular Play,23,Watford,6870.0,José Manuel Jurado Marín,Left Midfield,34.4,9.7,,,0.465193,False,,,,,,,False,,,,,,,False,False,left_to_right,False,34.4,9.7,,,False,False,False,False
18c0e7ee-76c4-46de-b061-8646a645aef7,3754266,332,1,00:08:37.925,8,37,30,Pass,14,31,Crystal Palace,Regular Play,31,Crystal Palace,19688.0,Jason Puncheon,Right Wing,88.8,71.1,83.2,63.7,1.110033,True,,,,,,,True,9.2800865,-2.2186077,Ground Pass,,3277.0,Yohan Cabaye,False,False,left_to_right,False,88.8,71.1,83.2,63.7,False,False,False,False
a0dcf34a-ad21-473d-8c91-00604d36be9e,3754266,333,1,00:08:39.035,8,39,42,Ball Receipt*,14,31,Crystal Palace,Regular Play,31,Crystal Palace,3277.0,Yohan Cabaye,Right Defensive Midfield,83.2,63.7,,,,False,,,,,,,False,,,,,,,False,False,left_to_right,False,83.2,63.7,,,False,False,False,False
06bfc5d0-3acc-43a5-a560-02ecd9e83dc9,3754266,334,1,00:08:39.035,8,39,43,Carry,14,31,Crystal Palace,Regular Play,31,Crystal Palace,3277.0,Yohan Cabaye,Right Defensive Midfield,83.2,63.7,86.0,59.2,0.039998,False,,,,,,,False,,,,,,,False,False,left_to_right,False,83.2,63.7,86.0,59.2,False,False,False,False
7ae13ff0-e2f5-4b84-aeec-82c6c58ee546,3754266,335,1,00:08:39.075,8,39,30,Pass,14,31,Crystal Palace,Regular Play,31,Crystal Palace,3277.0,Yohan Cabaye,Right Defensive Midfield,86.0,59.2,120.0,63.7,3.226568,False,,,,,,Out,False,34.2965,0.13158815,High Pass,,3448.0,Martin Kelly,False,False,left_to_right,False,86.0,59.2,120.0,63.7,False,True,False,True
b640d8e4-19f3-4510-ad48-9eff73e04db3,3754266,336,1,00:08:42.301,8,42,42,Ball Receipt*,14,31,Crystal Palace,Regular Play,31,Crystal Palace,3448.0,Martin Kelly,Right Back,116.6,58.4,,,,False,,,,,,,False,,,,,,,False,False,left_to_right,False,116.6,58.4,,,False,False,False,False
adac0360-cf13-4274-a6ff-ed36b4a6ce5c,3754266,337,1,00:09:04.369,9,4,30,Pass,15,23,Watford,From Goal Kick,23,Watford,3522.0,Heurelho da Silva Gomes,Goalkeeper,7.0,36.1,70.7,3.5,3.448355,False,,,,,,,True,71.55732,-0.47302234,High Pass,Goal Kick,3454.0,Troy Deeney,False,False,left_to_right,False,7.0,36.1,70.7,3.5,False,True,False,False
be402441-ef1a-4950-99fb-7650c7382414,3754266,338,1,00:09:07.817,9,7,42,Ball Receipt*,15,23,Watford,From Goal Kick,23,Watford,3454.0,Troy Deeney,Right Center Forward,70.7,3.5,,,,False,,,,,,,False,,,,,,,False,False,left_to_right,False,70.7,3.5,,,False,False,False,False
b68f2a94-688d-4ffc-ac2f-fcab139670d8,3754266,339,1,00:09:07.857,9,7,4,Duel,15,23,Watford,From Goal Kick,31,Crystal Palace,3448.0,Martin Kelly,Right Back,49.7,74.9,,,0.0,True,,,,,,,False,,,,,,,False,False,left_to_right,False,49.7,74.9,,,False,False,False,False
951112f7-9c6d-403b-8ba8-18e9e8fd4b8f,3754266,340,1,00:09:07.857,9,7,30,Pass,15,23,Watford,From Goal Kick,23,Watford,3454.0,Troy Deeney,Right Center Forward,70.4,5.2,77.6,22.3,1.775434,True,,,,,,Incomplete,False,18.553976,1.1722739,High Pass,,5458.0,Odion Jude Ighalo,False,False,left_to_right,False,70.4,5.2,77.6,22.3,False,False,False,True
8a221014-8456-450b-9621-88a541931f74,3754266,341,1,00:09:09.633,9,9,42,Ball Receipt*,15,23,Watford,From Goal Kick,23,Watford,5458.0,Odion Jude Ighalo,Left Center Forward,77.7,24.7,,,,False,,,,,,,False,,,,,,,False,False,left_to_right,False,77.7,24.7,,,False,False,False,False
af688271-c6fb-4620-adc7-d28797ac3a43,3754266,342,1,00:09:09.633,9,9,10,Interception,15,23,Watford,From Goal Kick,31,Crystal Palace,43695.0,Brede Hangeland,Left Center Back,42.5,57.8,,,0.0,False,,,,,,,False,,,,,,,False,False,left_to_right,False,42.5,57.8,,,False,False,False,False
e39547ad-761d-4326-89bb-06770bb377f9,3754266,343,1,00:09:10.648,9,10,2,Ball Recovery,16,31,Crystal Palace,Regular Play,31,Crystal Palace,4817.0,Joe Ledley,Left Defensive Midfield,48.3,58.1,,,0.0,False,,,,,,,False,,,,,,,False,False,left_to_right,False,48.3,58.1,,,False,False,False,False
f8ac5e6b-9e82-4283-a110-e4a89041fdc9,3754266,344,1,00:09:10.648,9,10,43,Carry,16,31,Crystal Palace,Regular Play,31,Crystal Palace,4817.0,Joe Ledley,Left Defensive Midfield,48.3,58.1,49.4,55.4,1.222253,False,,,,,,,False,,,,,,,False,False,left_to_right,False,48.3,58.1,49.4,55.4,False,False,False,False
7424126e-5c9a-4fb4-a877-88f516fa18ec,3754266,345,1,00:09:11.870,9,11,30,Pass,16,31,Crystal Palace,Regular Play,31,Crystal Palace,4817.0,Joe Ledley,Left Defensive Midfield,49.4,55.4,41.8,40.0,0.844634,False,,,,,,,True,17.173235,-2.0292356,Ground Pass,,4884.0,Pape N''Diaye Souaré,False,False,left_to_right,False,49.4,55.4,41.8,40.0,False,False,False,False
53d5a7af-2eda-4446-ac29-3f3e7c465898,3754266,346,1,00:09:12.715,9,12,42,Ball Receipt*,16,31,Crystal Palace,Regular Play,31,Crystal Palace,4884.0,Pape N''Diaye Souaré,Left Back,41.8,40.0,,,,False,,,,,,,False,,,,,,,False,False,left_to_right,False,41.8,40.0,,,False,False,False,False
4453cd7d-e85c-4d4d-b0d7-1bb3d2499c7a,3754266,347,1,00:09:12.715,9,12,43,Carry,16,31,Crystal Palace,Regular Play,31,Crystal Palace,4884.0,Pape N''Diaye Souaré,Left Back,41.8,40.0,50.1,26.8,1.513013,False,,,,,,,False,,,,,,,False,False,left_to_right,False,41.8,40.0,50.1,26.8,False,False,False,False
edfa116b-298c-4b4d-96ca-ded338e99ebf,3754266,348,1,00:09:14.228,9,14,30,Pass,16,31,Crystal Palace,Regular Play,31,Crystal Palace,4884.0,Pape N''Diaye Souaré,Left Back,50.1,26.8,54.4,12.8,1.250688,False,,,,,,,True,14.645477,-1.2727994,Ground Pass,,3589.0,Yannick Bolasie Yala,False,False,left_to_right,False,50.1,26.8,54.4,12.8,False,False,False,False
6080922c-7b5d-4005-93f3-a09c1e9627cc,3754266,349,1,00:09:15.479,9,15,42,Ball Receipt*,16,31,Crystal Palace,Regular Play,31,Crystal Palace,3589.0,Yannick Bolasie Yala,Left Wing,54.4,12.8,,,,False,,,,,,,False,,,,,,,False,False,left_to_right,False,54.4,12.8,,,False,False,False,False
047182fc-ba74-4b67-94d0-0b302411fe7f,3754266,350,1,00:09:15.479,9,15,43,Carry,16,31,Crystal Palace,Regular Play,31,Crystal Palace,3589.0,Yannick Bolasie Yala,Left Wing,54.4,12.8,105.2,3.7,6.604199,True,,,,,,,False,,,,,,,False,False,left_to_right,False,54.4,12.8,105.2,3.7,True,False,False,False
d041d81a-8ddc-4b7f-8216-59471b50460a,3754266,351,1,00:09:17.707,9,17,17,Pressure,16,31,Crystal Palace,Regular Play,23,Watford,43081.0,Almen Abdi,Right Midfield,36.6,74.6,,,4.118616,False,,,,,,,False,,,,,,,False,False,left_to_right,False,36.6,74.6,,,False,False,False,False
c6a0356f-af61-4f0a-9ca7-e3965edf8cee,3754266,352,1,00:09:22.083,9,22,30,Pass,16,31,Crystal Palace,Regular Play,31,Crystal Palace,3589.0,Yannick Bolasie Yala,Left Wing,105.2,3.7,105.5,7.7,0.052908,False,,,,,,Incomplete,False,4.0112343,1.4959365,High Pass,,,,False,False,left_to_right,False,105.2,3.7,105.5,7.7,False,False,False,True
3aa393cc-09ac-40cc-a717-c1478cb512f5,3754266,353,1,00:09:22.136,9,22,6,Block,16,31,Crystal Palace,Regular Play,23,Watford,43081.0,Almen Abdi,Right Midfield,14.6,72.4,,,0.0,False,,,,,,,False,,,,,,,False,False,left_to_right,False,14.6,72.4,,,False,False,False,False
356be7a8-3229-440a-9f71-ac5bb9f67175,3754266,354,1,00:09:38.307,9,38,30,Pass,17,31,Crystal Palace,From Throw In,31,Crystal Palace,4884.0,Pape N''Diaye Souaré,Left Back,106.2,0.1,105.4,5.1,0.674756,False,,,,,,,True,5.063596,1.7294515,Low Pass,Throw-in,3589.0,Yannick Bolasie Yala,False,False,left_to_right,False,106.2,0.1,105.4,5.1,False,False,False,False
6ec42f05-0981-4db8-bb60-8195caf36033,3754266,355,1,00:09:38.982,9,38,42,Ball Receipt*,17,31,Crystal Palace,From Throw In,31,Crystal Palace,3589.0,Yannick Bolasie Yala,Left Wing,105.4,5.1,,,,False,,,,,,,False,,,,,,,False,False,left_to_right,False,105.4,5.1,,,False,False,False,False
1a783af9-c369-471f-8c3d-03233ac81847,3754266,356,1,00:09:38.982,9,38,43,Carry,17,31,Crystal Palace,From Throw In,31,Crystal Palace,3589.0,Yannick Bolasie Yala,Left Wing,105.4,5.1,104.1,5.3,0.04,False,,,,,,,False,,,,,,,False,False,left_to_right,False,105.4,5.1,104.1,5.3,False,False,False,False
74dda86d-1ede-42d6-95dd-afbdec33df74,3754266,357,1,00:09:39.022,9,39,30,Pass,17,31,Crystal Palace,From Throw In,31,Crystal Palace,3589.0,Yannick Bolasie Yala,Left Wing,104.1,5.3,105.2,0.5,0.800567,False,,,,,,,True,4.924429,-1.3455195,Low Pass,,4884.0,Pape N''Diaye Souaré,False,False,left_to_right,False,104.1,5.3,105.2,0.5,False,False,False,False
189faa21-65dd-4518-9a88-9859b2f338e6,3754266,358,1,00:09:39.823,9,39,42,Ball Receipt*,17,31,Crystal Palace,From Throw In,31,Crystal Palace,4884.0,Pape N''Diaye Souaré,Left Back,105.2,0.5,,,,False,,,,,,,False,,,,,,,False,False,left_to_right,False,105.2,0.5,,,False,False,False,False
5435c78c-a6fc-4747-b310-b0f08914887b,3754266,359,1,00:09:39.823,9,39,43,Carry,17,31,Crystal Palace,From Throw In,31,Crystal Palace,4884.0,Pape N''Diaye Souaré,Left Back,105.2,0.5,106.6,0.5,0.464007,True,,,,,,,False,,,,,,,False,False,left_to_right,False,105.2,0.5,106.6,0.5,False,False,False,False
86f951f6-c21d-4eb8-ac8f-7d8a977849c1,3754266,360,1,00:09:39.910,9,39,17,Pressure,17,31,Crystal Palace,From Throw In,23,Watford,43081.0,Almen Abdi,Right Midfield,14.9,76.7,,,3.076728,False,,,,,,,False,,,,,,,False,False,left_to_right,False,14.9,76.7,,,False,False,False,False
49bc2cde-1ecc-4d8c-a305-16a23f33a69e,3754266,361,1,00:09:40.287,9,40,30,Pass,17,31,Crystal Palace,From Throw In,31,Crystal Palace,4884.0,Pape N''Diaye Souaré,Left Back,106.6,0.5,98.7,3.7,1.002437,True,,,,,,,True,8.523497,2.756729,High Pass,,3589.0,Yannick Bolasie Yala,False,False,left_to_right,False,106.6,0.5,98.7,3.7,False,False,False,False
536819a9-38bb-4827-a7e4-3dd804fc6434,3754266,362,1,00:09:41.289,9,41,42,Ball Receipt*,17,31,Crystal Palace,From Throw In,31,Crystal Palace,3589.0,Yannick Bolasie Yala,Left Wing,98.7,3.7,,,,True,,,,,,,False,,,,,,,False,False,left_to_right,False,98.7,3.7,,,False,False,False,False
1fe7d96c-9b77-44f8-8e65-e9fb22736c88,3754266,363,1,00:09:41.289,9,41,43,Carry,17,31,Crystal Palace,From Throw In,31,Crystal Palace,3589.0,Yannick Bolasie Yala,Left Wing,98.7,3.7,91.9,5.3,1.688307,True,,,,,,,False,,,,,,,False,False,left_to_right,False,98.7,3.7,91.9,5.3,False,False,False,False
cf92a951-6e9d-402d-9286-7e02de4583f0,3754266,364,1,00:09:42.977,9,42,30,Pass,17,31,Crystal Palace,From Throw In,31,Crystal Palace,3589.0,Yannick Bolasie Yala,Left Wing,91.9,5.3,118.8,38.2,1.751072,True,,,,,,Incomplete,False,42.497295,0.885398,High Pass,,,,False,False,left_to_right,False,91.9,5.3,118.8,38.2,False,True,False,True
6b1438d5-4172-47d3-ab0d-609d7d2f8a6c,3754266,365,1,00:09:44.729,9,44,23,Goal Keeper,18,23,Watford,From Keeper,23,Watford,3522.0,Heurelho da Silva Gomes,Goalkeeper,1.3,41.9,,,0.0,False,,,,,,,False,,,,,,,False,False,left_to_right,False,1.3,41.9,,,False,False,False,False
5e90e842-f985-4fc0-b508-f0d17641defe,3754266,366,1,00:09:44.729,9,44,43,Carry,18,23,Watford,From Keeper,23,Watford,3522.0,Heurelho da Silva Gomes,Goalkeeper,1.3,41.9,5.2,41.0,1.017823,False,,,,,,,False,,,,,,,False,False,left_to_right,False,1.3,41.9,5.2,41.0,False,False,False,False
aa011e6d-fcde-4c0c-a9d5-f9e10bfdc54b,3754266,367,1,00:09:45.746,9,45,30,Pass,18,23,Watford,From Keeper,23,Watford,3522.0,Heurelho da Silva Gomes,Goalkeeper,5.2,41.0,51.5,7.0,4.119589,False,,,,,,,True,57.44293,-0.63340396,High Pass,,6870.0,José Manuel Jurado Marín,False,False,left_to_right,False,5.2,41.0,51.5,7.0,False,True,False,False
e86c828e-b071-4c1e-b49d-3d56e37ae106,3754266,368,1,00:09:49.866,9,49,42,Ball Receipt*,18,23,Watford,From Keeper,23,Watford,6870.0,José Manuel Jurado Marín,Left Midfield,51.5,7.0,,,,False,,,,,,,False,,,,,,,False,False,left_to_right,False,51.5,7.0,,,False,False,False,False
fedf05e5-c025-4b8c-965e-32f5c4999b74,3754266,369,1,00:09:49.866,9,49,43,Carry,18,23,Watford,From Keeper,23,Watford,6870.0,José Manuel Jurado Marín,Left Midfield,51.5,7.0,64.0,4.3,2.787699,True,,,,,,,False,,,,,,,False,False,left_to_right,False,51.5,7.0,64.0,4.3,False,False,False,False
658f9a67-49aa-40fa-ac93-3a5a7afe5d77,3754266,370,1,00:09:52.229,9,52,17,Pressure,18,23,Watford,From Keeper,31,Crystal Palace,19688.0,Jason Puncheon,Right Wing,54.3,74.1,,,0.497338,False,,,,,,,False,,,,,,,False,False,left_to_right,False,54.3,74.1,,,False,False,False,False
02a98c46-99d4-41f3-9852-848784f36ff4,3754266,371,1,00:09:52.654,9,52,39,Dribbled Past,18,23,Watford,From Keeper,31,Crystal Palace,19688.0,Jason Puncheon,Right Wing,56.1,75.8,,,0.0,False,,,,,,,False,,,,,,,False,False,left_to_right,False,56.1,75.8,,,False,False,False,False
55ac291b-27ec-4cc7-8ad4-96a8587d8b59,3754266,372,1,00:09:52.654,9,52,14,Dribble,18,23,Watford,From Keeper,23,Watford,6870.0,José Manuel Jurado Marín,Left Midfield,64.0,4.3,,,0.0,True,,,,,,,False,,,,,,,False,False,left_to_right,False,64.0,4.3,,,False,False,False,False
83f7f570-5645-47d1-81b3-5bd4dfa5a176,3754266,373,1,00:09:52.654,9,52,43,Carry,18,23,Watford,From Keeper,23,Watford,6870.0,José Manuel Jurado Marín,Left Midfield,64.0,4.3,54.6,16.3,3.403395,True,,,,,,,False,,,,,,,False,False,left_to_right,False,64.0,4.3,54.6,16.3,False,False,False,False
d049fc05-ffb4-4479-995d-515e47f23e39,3754266,374,1,00:09:56.057,9,56,30,Pass,18,23,Watford,From Keeper,23,Watford,6870.0,José Manuel Jurado Marín,Left Midfield,54.6,16.3,38.3,28.5,2.179064,False,,,,,,,True,20.36001,2.4990737,Ground Pass,,3263.0,Craig Cathcart,False,False,left_to_right,False,54.6,16.3,38.3,28.5,False,False,False,False
a54e14bb-237e-45bf-9950-34be91642475,3754266,375,1,00:09:58.236,9,58,42,Ball Receipt*,18,23,Watford,From Keeper,23,Watford,3263.0,Craig Cathcart,Left Center Back,38.3,28.5,,,,False,,,,,,,False,,,,,,,False,False,left_to_right,False,38.3,28.5,,,False,False,False,False
5ebe0621-a48e-465a-8e0b-f86c957daa53,3754266,376,1,00:09:58.236,9,58,43,Carry,18,23,Watford,From Keeper,23,Watford,3263.0,Craig Cathcart,Left Center Back,38.3,28.5,38.7,29.7,0.973421,False,,,,,,,False,,,,,,,False,False,left_to_right,False,38.3,28.5,38.7,29.7,False,False,False,False
bfccbc57-0d10-407a-80dd-e8b7895b2888,3754266,377,1,00:09:59.210,9,59,30,Pass,18,23,Watford,From Keeper,23,Watford,3263.0,Craig Cathcart,Left Center Back,38.7,29.7,39.0,47.7,1.230601,False,,,,,,,True,18.0025,1.5541312,Ground Pass,,3309.0,Sebastian Prödl,False,False,left_to_right,False,38.7,29.7,39.0,47.7,False,False,False,False
82905c1c-a45b-4b7a-9c1d-4f3132665755,3754266,378,1,00:10:00.440,10,0,42,Ball Receipt*,18,23,Watford,From Keeper,23,Watford,3309.0,Sebastian Prödl,Right Center Back,39.0,47.7,,,,False,,,,,,,False,,,,,,,False,False,left_to_right,False,39.0,47.7,,,False,False,False,False
12bd8412-ffdd-480a-99e6-2ed1ef198cdc,3754266,379,1,00:10:00.440,10,0,43,Carry,18,23,Watford,From Keeper,23,Watford,3309.0,Sebastian Prödl,Right Center Back,39.0,47.7,39.5,48.1,1.21198,False,,,,,,,False,,,,,,,False,False,left_to_right,False,39.0,47.7,39.5,48.1,False,False,False,False
003b54db-0bdd-428e-b267-bc17d24dcde0,3754266,380,1,00:10:01.652,10,1,30,Pass,18,23,Watford,From Keeper,23,Watford,3309.0,Sebastian Prödl,Right Center Back,39.5,48.1,47.6,17.4,2.310379,False,,,,,,,True,31.750591,-1.3128314,Ground Pass,,3626.0,Ben Watson,False,False,left_to_right,False,39.5,48.1,47.6,17.4,False,False,False,False
140e2512-94dc-4a5c-9541-0a2e028d6ea0,3754266,381,1,00:10:03.962,10,3,42,Ball Receipt*,18,23,Watford,From Keeper,23,Watford,3626.0,Ben Watson,Left Center Midfield,47.6,17.4,,,,False,,,,,,,False,,,,,,,False,False,left_to_right,False,47.6,17.4,,,False,False,False,False
34ba4425-3b08-439e-bc8a-31cb8e46dc15,3754266,382,1,00:10:03.962,10,3,43,Carry,18,23,Watford,From Keeper,23,Watford,3626.0,Ben Watson,Left Center Midfield,47.6,17.4,57.1,20.9,4.476191,False,,,,,,,False,,,,,,,False,False,left_to_right,False,47.6,17.4,57.1,20.9,False,False,False,False
f2ef5ed8-424c-4b02-9024-3970c031884f,3754266,383,1,00:10:08.439,10,8,30,Pass,18,23,Watford,From Keeper,23,Watford,3626.0,Ben Watson,Left Center Midfield,57.1,20.9,86.1,78.4,3.05138,False,,,,,,,True,64.39915,1.1036766,High Pass,,43081.0,Almen Abdi,False,False,left_to_right,False,57.1,20.9,86.1,78.4,False,False,True,False
0fe75458-6e90-498e-930c-62d56010b11f,3754266,384,1,00:10:11.490,10,11,42,Ball Receipt*,18,23,Watford,From Keeper,23,Watford,43081.0,Almen Abdi,Right Midfield,86.1,78.4,,,,False,,,,,,,False,,,,,,,False,False,left_to_right,False,86.1,78.4,,,False,False,False,False
801eff7b-471a-4a39-9350-1206f839b567,3754266,385,1,00:10:11.490,10,11,43,Carry,18,23,Watford,From Keeper,23,Watford,43081.0,Almen Abdi,Right Midfield,86.1,78.4,85.3,78.8,0.840566,True,,,,,,,False,,,,,,,False,False,left_to_right,False,86.1,78.4,85.3,78.8,False,False,False,False
8b3acbf7-15e4-4fa8-8aa4-78fba5dd4ce8,3754266,386,1,00:10:11.691,10,11,17,Pressure,18,23,Watford,From Keeper,31,Crystal Palace,4884.0,Pape N''Diaye Souaré,Left Back,36.8,3.9,,,0.762581,False,,,,,,,False,,,,,,,False,False,left_to_right,False,36.8,3.9,,,False,False,False,False
853c3d6c-8691-4f8e-8b07-71aa249674d8,3754266,387,1,00:10:12.331,10,12,30,Pass,18,23,Watford,From Keeper,23,Watford,43081.0,Almen Abdi,Right Midfield,85.3,78.8,78.3,74.6,0.958342,True,,,,,,,True,8.163333,-2.6011732,Low Pass,,3991.0,Allan Romeo Nyom,False,False,left_to_right,False,85.3,78.8,78.3,74.6,False,False,False,False
b3a9e4f6-8e49-4860-a635-ec5969721f31,3754266,388,1,00:10:13.289,10,13,42,Ball Receipt*,18,23,Watford,From Keeper,23,Watford,3991.0,Allan Romeo Nyom,Right Back,78.3,74.6,,,,False,,,,,,,False,,,,,,,False,False,left_to_right,False,78.3,74.6,,,False,False,False,False
ded21914-b83b-4f27-9678-5d7c2e3d8a55,3754266,389,1,00:10:13.289,10,13,43,Carry,18,23,Watford,From Keeper,23,Watford,3991.0,Allan Romeo Nyom,Right Back,78.3,74.6,78.6,76.4,1.539859,False,,,,,,,False,,,,,,,False,False,left_to_right,False,78.3,74.6,78.6,76.4,False,False,False,False
9d5d80c4-1146-4680-9448-938226924f99,3754266,390,1,00:10:14.829,10,14,30,Pass,18,23,Watford,From Keeper,23,Watford,3991.0,Allan Romeo Nyom,Right Back,78.6,76.4,71.3,72.0,1.250345,False,,,,,,,True,8.523497,-2.5991611,Ground Pass,,3721.0,Etienne Capoue,False,False,left_to_right,False,78.6,76.4,71.3,72.0,False,False,False,False
a574382e-f12b-413a-8deb-079878bd0b53,3754266,391,1,00:10:16.079,10,16,42,Ball Receipt*,18,23,Watford,From Keeper,23,Watford,3721.0,Etienne Capoue,Right Center Midfield,71.3,72.0,,,,False,,,,,,,False,,,,,,,False,False,left_to_right,False,71.3,72.0,,,False,False,False,False
3fa5f8c8-dda1-4ff8-a45f-d3e7839c0a40,3754266,392,1,00:10:16.079,10,16,43,Carry,18,23,Watford,From Keeper,23,Watford,3721.0,Etienne Capoue,Right Center Midfield,71.3,72.0,76.5,71.5,2.230228,False,,,,,,,False,,,,,,,False,False,left_to_right,False,71.3,72.0,76.5,71.5,False,False,False,False
8f823631-66ff-426a-9527-1b364d1aabe2,3754266,393,1,00:10:18.309,10,18,30,Pass,18,23,Watford,From Keeper,23,Watford,3721.0,Etienne Capoue,Right Center Midfield,76.5,71.5,89.8,68.2,0.949534,False,,,,,,,True,13.703284,-0.24320875,Ground Pass,,43081.0,Almen Abdi,False,False,left_to_right,False,76.5,71.5,89.8,68.2,False,False,True,False
8a6fe4e9-e0f3-4135-8b17-46362ef7bd2a,3754266,394,1,00:10:19.259,10,19,42,Ball Receipt*,18,23,Watford,From Keeper,23,Watford,43081.0,Almen Abdi,Right Midfield,89.8,68.2,,,,False,,,,,,,False,,,,,,,False,False,left_to_right,False,89.8,68.2,,,False,False,False,False
eb4c2894-c81d-459b-913f-e92aafc62dc0,3754266,395,1,00:10:19.259,10,19,43,Carry,18,23,Watford,From Keeper,23,Watford,43081.0,Almen Abdi,Right Midfield,89.8,68.2,90.2,69.0,0.040000003,False,,,,,,,False,,,,,,,False,False,left_to_right,False,89.8,68.2,90.2,69.0,False,False,False,False
136790f6-e2ca-4339-9816-20759104de55,3754266,396,1,00:10:19.299,10,19,30,Pass,18,23,Watford,From Keeper,23,Watford,43081.0,Almen Abdi,Right Midfield,90.2,69.0,83.9,63.1,1.261929,False,,,,,,,True,8.631338,-2.3889697,Ground Pass,,3721.0,Etienne Capoue,False,False,left_to_right,False,90.2,69.0,83.9,63.1,False,False,False,False
bbbed644-14b8-4fc1-9b3c-79f81e1a9a03,3754266,397,1,00:10:20.076,10,20,17,Pressure,18,23,Watford,From Keeper,31,Crystal Palace,4817.0,Joe Ledley,Left Defensive Midfield,34.5,17.1,,,0.713578,False,,,,,,,False,,,,,,,False,False,left_to_right,False,34.5,17.1,,,False,False,False,False
a12b4788-5856-4dfd-b04e-690029f1acd3,3754266,398,1,00:10:20.561,10,20,42,Ball Receipt*,18,23,Watford,From Keeper,23,Watford,3721.0,Etienne Capoue,Right Center Midfield,83.9,63.1,,,,True,,,,,,,False,,,,,,,False,False,left_to_right,False,83.9,63.1,,,False,False,False,False
b67aa4a7-1eea-4af4-a059-bb8d9474f6c9,3754266,399,1,00:10:20.561,10,20,43,Carry,18,23,Watford,From Keeper,23,Watford,3721.0,Etienne Capoue,Right Center Midfield,83.9,63.1,85.2,65.3,0.428526,True,,,,,,,False,,,,,,,False,False,left_to_right,False,83.9,63.1,85.2,65.3,False,False,False,False
d3a14c4c-1796-4285-b0a3-47ae2fc8533b,3754266,400,1,00:10:20.989,10,20,22,Foul Committed,18,23,Watford,From Keeper,31,Crystal Palace,4817.0,Joe Ledley,Left Defensive Midfield,34.9,14.8,,,0.0,False,,,,,,,False,,,,,,,False,False,left_to_right,False,34.9,14.8,,,False,False,False,False
c8da4a13-40e0-455f-9012-ebcbfbeee8d3,3754266,401,1,00:10:20.989,10,20,21,Foul Won,18,23,Watford,From Keeper,23,Watford,3721.0,Etienne Capoue,Right Center Midfield,85.2,65.3,,,0.0,True,,,,,,,False,,,,,,,False,False,left_to_right,False,85.2,65.3,,,False,False,False,False
4dc064bc-1f56-45af-a7d9-5db60a19130c,3754266,402,1,00:11:00.699,11,0,30,Pass,19,23,Watford,From Free Kick,23,Watford,3626.0,Ben Watson,Left Center Midfield,81.9,60.0,105.5,40.1,1.145093,False,,,,,,Incomplete,False,30.870213,-0.70054495,High Pass,Free Kick,,,False,False,left_to_right,False,81.9,60.0,105.5,40.1,False,True,False,True
208ca764-c355-4e69-a404-01e3fc1a734a,3754266,403,1,00:11:01.844,11,1,9,Clearance,19,23,Watford,From Free Kick,31,Crystal Palace,4884.0,Pape N''Diaye Souaré,Left Back,14.6,40.0,,,0.0,True,,,,,,,False,,,,,,,False,False,left_to_right,False,14.6,40.0,,,False,False,False,False
49a6bf6f-40e8-477a-bfa1-f85f6c54b0ce,3754266,404,1,00:11:04.490,11,4,2,Ball Recovery,19,23,Watford,From Free Kick,23,Watford,40118.0,Ikechi Anya,Left Back,77.3,32.7,,,0.0,False,,,,,,,False,,,,,,,False,False,left_to_right,False,77.3,32.7,,,False,False,False,False
ac2bd604-57ff-46a8-a173-9c48a632690c,3754266,405,1,00:11:04.490,11,4,43,Carry,19,23,Watford,From Free Kick,23,Watford,40118.0,Ikechi Anya,Left Back,77.3,32.7,96.4,27.1,4.070353,False,,,,,,,False,,,,,,,False,False,left_to_right,False,77.3,32.7,96.4,27.1,True,False,False,False
684f1219-8bb1-4454-856c-fa738740a240,3754266,406,1,00:11:08.560,11,8,30,Pass,19,23,Watford,From Free Kick,23,Watford,40118.0,Ikechi Anya,Left Back,96.4,27.1,100.9,22.9,1.104451,False,,,,,,,True,6.155485,-0.75092906,Ground Pass,,3454.0,Troy Deeney,True,False,left_to_right,False,96.4,27.1,100.9,22.9,False,False,False,False
4e0ceb95-1681-403d-a431-5bd418a76207,3754266,407,1,00:11:09.665,11,9,42,Ball Receipt*,19,23,Watford,From Free Kick,23,Watford,3454.0,Troy Deeney,Right Center Forward,100.9,22.9,,,,False,,,,,,,False,,,,,,,False,False,left_to_right,False,100.9,22.9,,,False,False,False,False
ddfbdd0e-8fbc-4767-b587-ad9922a57743,3754266,408,1,00:11:09.665,11,9,43,Carry,19,23,Watford,From Free Kick,23,Watford,3454.0,Troy Deeney,Right Center Forward,100.9,22.9,100.6,20.9,0.743125,False,,,,,,,False,,,,,,,False,False,left_to_right,False,100.9,22.9,100.6,20.9,False,False,False,False
c248eb4d-cbc3-4086-9a01-bb338a2e3179,3754266,409,1,00:11:10.408,11,10,16,Shot,19,23,Watford,From Free Kick,23,Watford,3454.0,Troy Deeney,Right Center Forward,100.6,20.9,119.3,40.1,1.014447,False,0.011204203,Saved,Right Foot,Normal,Open Play,,False,,,,,,,False,False,left_to_right,False,100.6,20.9,119.3,40.1,False,False,False,False
4bd21170-8f5b-47a2-8a73-a5a64cdb872a,3754266,410,1,00:11:11.422,11,11,23,Goal Keeper,20,31,Crystal Palace,Regular Play,31,Crystal Palace,3488.0,Wayne Hennessey,Goalkeeper,1.1,40.1,,,0.0,False,,,,,,,False,,,,,,,False,False,left_to_right,False,1.1,40.1,,,False,False,False,False
436fa8b5-e9a9-4b3d-af89-c57a95aea4af,3754266,411,1,00:11:21.846,11,21,30,Pass,21,31,Crystal Palace,From Keeper,31,Crystal Palace,3488.0,Wayne Hennessey,Goalkeeper,22.3,58.4,35.5,67.1,2.023968,False,,,,,,,True,15.809175,0.5827395,Low Pass,,3448.0,Martin Kelly,False,False,left_to_right,False,22.3,58.4,35.5,67.1,False,False,False,False
ec324258-c54f-42b2-8b6c-24c1a57f4821,3754266,412,1,00:11:23.870,11,23,42,Ball Receipt*,21,31,Crystal Palace,From Keeper,31,Crystal Palace,3448.0,Martin Kelly,Right Back,35.5,67.1,,,,False,,,,,,,False,,,,,,,False,False,left_to_right,False,35.5,67.1,,,False,False,False,False
a7f7e589-2867-4a77-99aa-a94226921b1d,3754266,413,1,00:11:24.530,11,24,30,Pass,22,31,Crystal Palace,Regular Play,31,Crystal Palace,3448.0,Martin Kelly,Right Back,50.6,76.6,43.1,69.5,0.95088,False,,,,,,,True,10.327633,-2.383585,Ground Pass,,3277.0,Yohan Cabaye,False,False,left_to_right,False,50.6,76.6,43.1,69.5,False,False,False,False
313ac41e-13d5-498d-bbd6-086ccc9e40ed,3754266,414,1,00:11:25.481,11,25,42,Ball Receipt*,22,31,Crystal Palace,Regular Play,31,Crystal Palace,3277.0,Yohan Cabaye,Right Defensive Midfield,43.1,69.5,,,,False,,,,,,,False,,,,,,,False,False,left_to_right,False,43.1,69.5,,,False,False,False,False
b8462f7d-90a8-43b6-bf91-21ed9d71779a,3754266,415,1,00:11:26.724,11,26,30,Pass,23,31,Crystal Palace,Regular Play,31,Crystal Palace,3277.0,Yohan Cabaye,Right Defensive Midfield,45.6,71.1,50.2,77.2,0.64667,False,,,,,,,True,7.640026,0.92467743,Ground Pass,,3448.0,Martin Kelly,False,False,left_to_right,False,45.6,71.1,50.2,77.2,False,False,False,False
ef26e9f8-22fc-4cda-a930-0635c0ada9d4,3754266,416,1,00:11:27.371,11,27,42,Ball Receipt*,23,31,Crystal Palace,Regular Play,31,Crystal Palace,3448.0,Martin Kelly,Right Back,50.2,77.2,,,,False,,,,,,,False,,,,,,,False,False,left_to_right,False,50.2,77.2,,,False,False,False,False
70e8692f-6a75-4e79-8792-75d4e2cdb59c,3754266,417,1,00:11:27.371,11,27,43,Carry,23,31,Crystal Palace,Regular Play,31,Crystal Palace,3448.0,Martin Kelly,Right Back,50.2,77.2,51.5,75.8,0.079999,False,,,,,,,False,,,,,,,False,False,left_to_right,False,50.2,77.2,51.5,75.8,False,False,False,False
618daaf2-fd8d-44a2-bdb4-517f03dc9bb7,3754266,418,1,00:11:27.451,11,27,30,Pass,24,31,Crystal Palace,Regular Play,31,Crystal Palace,3448.0,Martin Kelly,Right Back,51.5,75.8,26.5,66.7,2.018843,False,,,,,,,True,26.604698,-2.7925005,Ground Pass,,3407.0,Scott Dann,False,False,left_to_right,False,51.5,75.8,26.5,66.7,False,False,False,False
4b3090ec-5668-42f6-b582-2c570c53bf59,3754266,419,1,00:11:29.470,11,29,42,Ball Receipt*,24,31,Crystal Palace,Regular Play,31,Crystal Palace,3407.0,Scott Dann,Right Center Back,26.5,66.7,,,,False,,,,,,,False,,,,,,,False,False,left_to_right,False,26.5,66.7,,,False,False,False,False
d16e01bb-e2c0-44f9-a21b-238355b462ca,3754266,420,1,00:11:29.470,11,29,43,Carry,24,31,Crystal Palace,Regular Play,31,Crystal Palace,3407.0,Scott Dann,Right Center Back,26.5,66.7,25.5,66.7,1.374707,False,,,,,,,False,,,,,,,False,False,left_to_right,False,26.5,66.7,25.5,66.7,False,False,False,False
624cc1b3-ca4d-4558-b3a7-6dd4ef460b0b,3754266,421,1,00:11:30.844,11,30,30,Pass,25,31,Crystal Palace,Regular Play,31,Crystal Palace,3407.0,Scott Dann,Right Center Back,25.5,66.7,34.8,53.0,0.949403,False,,,,,,,True,16.558382,-0.9744187,Ground Pass,,4817.0,Joe Ledley,False,False,left_to_right,False,25.5,66.7,34.8,53.0,False,False,False,False
a253d408-7371-42fd-8b46-3702926ff238,3754266,422,1,00:11:31.794,11,31,42,Ball Receipt*,25,31,Crystal Palace,Regular Play,31,Crystal Palace,4817.0,Joe Ledley,Left Defensive Midfield,34.8,53.0,,,,False,,,,,,,False,,,,,,,False,False,left_to_right,False,34.8,53.0,,,False,False,False,False
db631d25-c0e1-42e0-b518-2a328194bb5b,3754266,423,1,00:11:31.794,11,31,43,Carry,25,31,Crystal Palace,Regular Play,31,Crystal Palace,4817.0,Joe Ledley,Left Defensive Midfield,34.8,53.0,34.5,52.5,1.555092,False,,,,,,,False,,,,,,,False,False,left_to_right,False,34.8,53.0,34.5,52.5,False,False,False,False
ac067d01-8e87-4d26-9246-c60e90f8cc90,3754266,424,1,00:11:33.349,11,33,30,Pass,26,31,Crystal Palace,Regular Play,31,Crystal Palace,4817.0,Joe Ledley,Left Defensive Midfield,34.5,52.5,32.5,29.5,2.892,False,,,,,,,True,23.086792,-1.6575347,Ground Pass,,43695.0,Brede Hangeland,False,False,left_to_right,False,34.5,52.5,32.5,29.5,False,False,False,False
c6a640e6-a5e6-4066-b871-1c0f43223c12,3754266,425,1,00:11:36.241,11,36,42,Ball Receipt*,26,31,Crystal Palace,Regular Play,31,Crystal Palace,43695.0,Brede Hangeland,Left Center Back,32.5,29.5,,,,False,,,,,,,False,,,,,,,False,False,left_to_right,False,32.5,29.5,,,False,False,False,False
6a0b8a50-ac06-4f2a-9ab9-628db1018e0d,3754266,426,1,00:11:36.241,11,36,43,Carry,26,31,Crystal Palace,Regular Play,31,Crystal Palace,43695.0,Brede Hangeland,Left Center Back,32.5,29.5,34.8,24.4,0.039999,False,,,,,,,False,,,,,,,False,False,left_to_right,False,32.5,29.5,34.8,24.4,False,False,False,False
b175a963-9d14-4de9-96f1-4c49cdadc37d,3754266,427,1,00:11:36.281,11,36,30,Pass,27,31,Crystal Palace,Regular Play,31,Crystal Palace,43695.0,Brede Hangeland,Left Center Back,34.8,24.4,48.7,2.8,1.651509,False,,,,,,,True,25.685987,-0.998991,Ground Pass,,4884.0,Pape N''Diaye Souaré,False,False,left_to_right,False,34.8,24.4,48.7,2.8,False,False,False,False
d667653e-82ae-44f1-9fcc-9b0721233ea1,3754266,428,1,00:11:37.932,11,37,42,Ball Receipt*,27,31,Crystal Palace,Regular Play,31,Crystal Palace,4884.0,Pape N''Diaye Souaré,Left Back,48.7,2.8,,,,False,,,,,,,False,,,,,,,False,False,left_to_right,False,48.7,2.8,,,False,False,False,False
4867bb65-f7eb-4a57-8280-2d2d70fa470c,3754266,429,1,00:11:37.932,11,37,43,Carry,27,31,Crystal Palace,Regular Play,31,Crystal Palace,4884.0,Pape N''Diaye Souaré,Left Back,48.7,2.8,49.2,2.8,1.594829,False,,,,,,,False,,,,,,,False,False,left_to_right,False,48.7,2.8,49.2,2.8,False,False,False,False
690775de-58bf-41c3-a961-8ba6d17c1f66,3754266,430,1,00:11:39.527,11,39,30,Pass,28,31,Crystal Palace,Regular Play,31,Crystal Palace,4884.0,Pape N''Diaye Souaré,Left Back,49.2,2.8,91.5,6.3,3.070459,False,,,,,,,True,42.444553,0.082554266,High Pass,,3469.0,Bakary Sako,False,False,left_to_right,False,49.2,2.8,91.5,6.3,False,True,True,False
f677e762-cffa-4b40-a00e-debeb213b6ac,3754266,431,1,00:11:41.168,11,41,42,Ball Receipt*,28,31,Crystal Palace,Regular Play,31,Crystal Palace,3469.0,Bakary Sako,Center Attacking Midfield,91.5,6.3,,,,False,,,,,,,False,,,,,,,False,False,left_to_right,False,91.5,6.3,,,False,False,False,False
9a1063e3-ae99-44ab-a38a-91d831836b11,3754266,432,1,00:11:41.168,11,41,43,Carry,28,31,Crystal Palace,Regular Play,31,Crystal Palace,3469.0,Bakary Sako,Center Attacking Midfield,91.5,6.3,100.4,5.7,2.211946,False,,,,,,,False,,,,,,,False,False,left_to_right,False,91.5,6.3,100.4,5.7,False,False,False,False
60f0e20c-0031-4c0c-bab4-3c806b9f8746,3754266,433,1,00:11:41.168,11,41,9,Clearance,28,31,Crystal Palace,Regular Play,23,Watford,3991.0,Allan Romeo Nyom,Right Back,33.5,77.2,,,0.0,True,,,,,,,False,,,,,,,False,False,left_to_right,False,33.5,77.2,,,False,False,False,False
1742b649-7004-4fcd-a325-a3108a1daf2f,3754266,434,1,00:11:42.678,11,42,17,Pressure,28,31,Crystal Palace,Regular Play,23,Watford,3991.0,Allan Romeo Nyom,Right Back,27.5,75.1,,,0.737218,False,,,,,,,False,,,,,,,False,False,left_to_right,False,27.5,75.1,,,False,False,False,False
55d77a6d-1015-430d-9985-005d8d7ce9bc,3754266,435,1,00:11:43.380,11,43,22,Foul Committed,28,31,Crystal Palace,Regular Play,23,Watford,3991.0,Allan Romeo Nyom,Right Back,19.7,74.4,,,0.0,False,,,,,,,False,,,,,,,False,False,left_to_right,False,19.7,74.4,,,False,False,False,False
6f789872-1ba1-402a-bff8-232367765234,3754266,436,1,00:11:43.380,11,43,21,Foul Won,28,31,Crystal Palace,Regular Play,31,Crystal Palace,3469.0,Bakary Sako,Center Attacking Midfield,100.4,5.7,,,0.0,True,,,,,,,False,,,,,,,False,False,left_to_right,False,100.4,5.7,,,False,False,False,False
b5112704-cf02-4df2-9a64-1cf13abb89a2,3754266,437,1,00:12:31.600,12,31,30,Pass,29,31,Crystal Palace,From Free Kick,31,Crystal Palace,3277.0,Yohan Cabaye,Right Defensive Midfield,103.5,7.9,115.4,39.6,1.037476,False,,,,,,,True,33.860004,1.2116799,High Pass,Free Kick,43695.0,Brede Hangeland,True,False,left_to_right,False,103.5,7.9,115.4,39.6,False,True,False,False
34b8c352-1714-4d96-8f99-c86645612845,3754266,438,1,00:12:32.637,12,32,42,Ball Receipt*,29,31,Crystal Palace,From Free Kick,31,Crystal Palace,43695.0,Brede Hangeland,Left Center Back,115.4,39.6,,,,False,,,,,,,False,,,,,,,False,False,left_to_right,False,115.4,39.6,,,False,False,False,False
7a3e71cb-31bd-4a1c-9f23-78a29d6324d0,3754266,439,1,00:12:32.656,12,32,4,Duel,29,31,Crystal Palace,From Free Kick,23,Watford,3626.0,Ben Watson,Left Center Midfield,4.5,40.4,,,0.0,True,,,,,,,False,,,,,,,False,False,left_to_right,False,4.5,40.4,,,False,False,False,False
35d968d0-3e69-4b4d-b9ee-076fb046fd2b,3754266,440,1,00:12:32.656,12,32,16,Shot,29,31,Crystal Palace,From Free Kick,31,Crystal Palace,43695.0,Brede Hangeland,Left Center Back,115.6,39.7,118.8,40.9,0.139581,True,0.31376508,Saved,Head,Normal,Open Play,,False,,,,,,,False,False,left_to_right,False,115.6,39.7,118.8,40.9,False,False,False,False
40ddc86d-fc7f-40a8-b97f-bff6cdb2c141,3754266,441,1,00:12:32.796,12,32,23,Goal Keeper,29,31,Crystal Palace,From Free Kick,23,Watford,3522.0,Heurelho da Silva Gomes,Goalkeeper,1.3,40.2,,,0.0,False,,,,,,,False,,,,,,,False,False,left_to_right,False,1.3,40.2,,,False,False,False,False
01e37fdd-b372-46ac-93f4-9a870a7acbe0,3754266,442,1,00:12:34.665,12,34,2,Ball Recovery,29,31,Crystal Palace,From Free Kick,31,Crystal Palace,3469.0,Bakary Sako,Center Attacking Midfield,117.7,57.4,,,0.0,False,,,,,,,False,,,,,,,False,False,left_to_right,False,117.7,57.4,,,False,False,False,False
65c47618-32ba-4142-833f-1c3b390553f5,3754266,443,1,00:12:34.665,12,34,43,Carry,29,31,Crystal Palace,From Free Kick,31,Crystal Palace,3469.0,Bakary Sako,Center Attacking Midfield,117.7,57.4,112.0,65.1,4.58562,True,,,,,,,False,,,,,,,False,False,left_to_right,False,117.7,57.4,112.0,65.1,False,False,False,False
7cf0e7ec-2db8-410c-91e7-f886f6608f54,3754266,444,1,00:12:39.251,12,39,39,Dribbled Past,29,31,Crystal Palace,From Free Kick,23,Watford,3454.0,Troy Deeney,Right Center Forward,8.1,15.0,,,0.0,False,,,,,,,False,,,,,,,False,False,left_to_right,False,8.1,15.0,,,False,False,False,False
1a598eeb-8c2d-4f3a-ade5-5f81e911af3a,3754266,445,1,00:12:39.251,12,39,14,Dribble,29,31,Crystal Palace,From Free Kick,31,Crystal Palace,3469.0,Bakary Sako,Center Attacking Midfield,112.0,65.1,,,0.0,True,,,,,,,False,,,,,,,False,False,left_to_right,False,112.0,65.1,,,False,False,False,False
a572ef8a-0739-4747-800a-42f9c5c9818a,3754266,446,1,00:12:39.251,12,39,43,Carry,29,31,Crystal Palace,From Free Kick,31,Crystal Palace,3469.0,Bakary Sako,Center Attacking Midfield,112.0,65.1,112.0,66.2,0.454638,True,,,,,,,False,,,,,,,False,False,left_to_right,False,112.0,65.1,112.0,66.2,False,False,False,False
44566258-f1ed-40de-ac8b-0825080bb350,3754266,447,1,00:12:39.705,12,39,30,Pass,29,31,Crystal Palace,From Free Kick,31,Crystal Palace,3469.0,Bakary Sako,Center Attacking Midfield,112.0,66.2,110.8,52.6,0.397519,False,,,,,,Incomplete,False,13.652839,-1.6588037,High Pass,,,,False,False,left_to_right,False,112.0,66.2,110.8,52.6,False,True,False,True
de9ea29d-af97-41f6-8c04-0e0e568537f8,3754266,448,1,00:12:40.103,12,40,9,Clearance,29,31,Crystal Palace,From Free Kick,23,Watford,40118.0,Ikechi Anya,Left Back,9.3,27.5,,,0.0,True,,,,,,,False,,,,,,,False,False,left_to_right,False,9.3,27.5,,,False,False,False,False
1d16a2b8-fbf9-4107-8717-e15d3360dcbf,3754266,449,1,00:13:02.969,13,2,30,Pass,30,31,Crystal Palace,From Corner,31,Crystal Palace,3469.0,Bakary Sako,Center Attacking Midfield,120.0,80.0,116.0,42.1,1.187198,False,,,,,,Incomplete,False,38.110497,-1.6759479,High Pass,Corner,,,False,False,left_to_right,False,120.0,80.0,116.0,42.1,False,True,False,True
21c3f3fd-026b-425b-a719-6fd1417a2803,3754266,450,1,00:13:04.156,13,4,9,Clearance,30,31,Crystal Palace,From Corner,23,Watford,6870.0,José Manuel Jurado Marín,Left Midfield,4.1,38.0,,,0.0,True,,,,,,,False,,,,,,,False,False,left_to_right,False,4.1,38.0,,,False,False,False,False
75d5b91f-9bd5-4533-b583-981f3e16c3aa,3754266,451,1,00:13:05.141,13,5,9,Clearance,30,31,Crystal Palace,From Corner,23,Watford,40118.0,Ikechi Anya,Left Back,12.9,31.7,,,0.0,True,,,,,,,False,,,,,,,False,False,left_to_right,False,12.9,31.7,,,False,False,False,False
221e6d91-6c73-496a-b2df-72e9e0b7b850,3754266,452,1,00:13:06.430,13,6,17,Pressure,30,31,Crystal Palace,From Corner,31,Crystal Palace,3448.0,Martin Kelly,Right Back,90.6,65.1,,,1.657714,False,,,,,,,False,,,,,,,False,False,left_to_right,False,90.6,65.1,,,False,False,False,False
70009ed1-2068-432d-b4e8-6e1194005c47,3754266,453,1,00:13:07.006,13,7,2,Ball Recovery,31,23,Watford,Regular Play,23,Watford,6870.0,José Manuel Jurado Marín,Left Midfield,30.0,13.2,,,0.0,True,,,,,,,False,,,,,,,False,False,left_to_right,False,30.0,13.2,,,False,False,False,False
50fab6f2-f5ff-49a8-9885-65b367863c82,3754266,454,1,00:13:07.006,13,7,43,Carry,31,23,Watford,Regular Play,23,Watford,6870.0,José Manuel Jurado Marín,Left Midfield,30.0,13.2,33.4,6.7,1.355487,True,,,,,,,False,,,,,,,False,False,left_to_right,False,30.0,13.2,33.4,6.7,False,False,False,False
b0caee8f-e047-4b4e-8514-f82a2c9bee3d,3754266,455,1,00:13:08.362,13,8,3,Dispossessed,31,23,Watford,Regular Play,23,Watford,6870.0,José Manuel Jurado Marín,Left Midfield,33.4,6.7,,,0.0,True,,,,,,,False,,,,,,,False,False,left_to_right,False,33.4,6.7,,,False,False,False,True
99388dce-f7e7-43a8-9725-1e7ab8bb2d30,3754266,456,1,00:13:08.362,13,8,4,Duel,31,23,Watford,Regular Play,31,Crystal Palace,3448.0,Martin Kelly,Right Back,86.7,73.4,,,0.0,True,,,,,,,False,,,,,,,False,False,left_to_right,False,86.7,73.4,,,False,False,False,False
7b8282da-b0a2-4f7e-bf4a-3a05951f57c6,3754266,457,1,00:13:28.680,13,28,40,Injury Stoppage,31,23,Watford,Regular Play,23,Watford,3626.0,Ben Watson,Left Center Midfield,,,,,0.0,False,,,,,,,False,,,,,,,False,False,left_to_right,False,,,,,False,False,False,False
8b72722c-05ba-4a2c-9350-d1ca856c36cd,3754266,458,1,00:14:31.024,14,31,30,Pass,32,23,Watford,From Throw In,23,Watford,40118.0,Ikechi Anya,Left Back,27.6,0.1,56.6,6.6,1.724322,False,,,,,,,True,29.719522,0.22049376,High Pass,Throw-in,5458.0,Odion Jude Ighalo,False,False,left_to_right,False,27.6,0.1,56.6,6.6,False,True,False,False
6d7340a6-7e4a-417a-967f-603a11a863bf,3754266,459,1,00:14:32.748,14,32,42,Ball Receipt*,32,23,Watford,From Throw In,23,Watford,5458.0,Odion Jude Ighalo,Left Center Forward,56.6,6.6,,,,False,,,,,,,False,,,,,,,False,False,left_to_right,False,56.6,6.6,,,False,False,False,False
321b67e5-b3c3-4844-9fd3-d758f76082a4,3754266,460,1,00:14:32.788,14,32,30,Pass,32,23,Watford,From Throw In,23,Watford,5458.0,Odion Jude Ighalo,Left Center Forward,57.8,7.2,63.4,9.0,0.774865,True,,,,,,Incomplete,False,5.8821764,0.3109983,Low Pass,,,,False,False,left_to_right,False,57.8,7.2,63.4,9.0,False,False,False,True
fcebd927-6046-4fc4-9256-f301d5703884,3754266,461,1,00:14:32.788,14,32,4,Duel,32,23,Watford,From Throw In,31,Crystal Palace,3448.0,Martin Kelly,Right Back,62.3,72.9,,,0.0,True,,,,,,,False,,,,,,,False,False,left_to_right,False,62.3,72.9,,,False,False,False,False
f6547143-5e74-4113-90b0-175e15ae1a1f,3754266,462,1,00:14:33.563,14,33,2,Ball Recovery,33,31,Crystal Palace,Regular Play,31,Crystal Palace,3407.0,Scott Dann,Right Center Back,56.7,71.1,,,0.0,False,,,,,,,False,,,,,,,False,False,left_to_right,False,56.7,71.1,,,False,False,False,False
93de2914-c32c-4340-960d-7af5454e0d61,3754266,463,1,00:14:33.563,14,33,43,Carry,33,31,Crystal Palace,Regular Play,31,Crystal Palace,3407.0,Scott Dann,Right Center Back,56.7,71.1,56.1,71.5,0.487518,False,,,,,,,False,,,,,,,False,False,left_to_right,False,56.7,71.1,56.1,71.5,False,False,False,False
5f8d69db-e185-4148-85f1-b3b1f3f487f2,3754266,464,1,00:14:34.051,14,34,30,Pass,33,31,Crystal Palace,Regular Play,31,Crystal Palace,3407.0,Scott Dann,Right Center Back,56.1,71.5,65.8,70.9,0.964984,False,,,,,,,True,9.718539,-0.061776962,Ground Pass,,3277.0,Yohan Cabaye,False,False,left_to_right,False,56.1,71.5,65.8,70.9,False,False,False,False
d781e9ab-e3a3-4253-860f-2a082d93ac30,3754266,465,1,00:14:35.016,14,35,42,Ball Receipt*,33,31,Crystal Palace,Regular Play,31,Crystal Palace,3277.0,Yohan Cabaye,Right Defensive Midfield,65.8,70.9,,,,False,,,,,,,False,,,,,,,False,False,left_to_right,False,65.8,70.9,,,False,False,False,False
c003dc84-7f14-4007-9727-daf83e708045,3754266,466,1,00:14:35.016,14,35,43,Carry,33,31,Crystal Palace,Regular Play,31,Crystal Palace,3277.0,Yohan Cabaye,Right Defensive Midfield,65.8,70.9,62.7,72.0,0.712366,False,,,,,,,False,,,,,,,False,False,left_to_right,False,65.8,70.9,62.7,72.0,False,False,False,False
d0c02c48-ac23-4d5b-93fe-8672170ca18f,3754266,467,1,00:14:35.728,14,35,30,Pass,33,31,Crystal Palace,Regular Play,31,Crystal Palace,3277.0,Yohan Cabaye,Right Defensive Midfield,62.7,72.0,70.7,77.6,0.491028,False,,,,,,,True,9.7652445,0.61072594,Ground Pass,,19688.0,Jason Puncheon,False,False,left_to_right,False,62.7,72.0,70.7,77.6,False,False,False,False
37e47a60-65d8-432e-a564-460716b3f0d8,3754266,468,1,00:14:36.219,14,36,42,Ball Receipt*,33,31,Crystal Palace,Regular Play,31,Crystal Palace,19688.0,Jason Puncheon,Right Wing,70.7,77.6,,,,False,,,,,,,False,,,,,,,False,False,left_to_right,False,70.7,77.6,,,False,False,False,False
d3a143e5-67eb-49c0-a004-c1b0f37f443f,3754266,469,1,00:14:36.219,14,36,43,Carry,33,31,Crystal Palace,Regular Play,31,Crystal Palace,19688.0,Jason Puncheon,Right Wing,70.7,77.6,78.0,70.9,3.35257,False,,,,,,,False,,,,,,,False,False,left_to_right,False,70.7,77.6,78.0,70.9,False,False,False,False
e6b3830e-9b20-4229-a034-3070ffa53ded,3754266,470,1,00:14:39.572,14,39,30,Pass,33,31,Crystal Palace,Regular Play,31,Crystal Palace,19688.0,Jason Puncheon,Right Wing,78.0,70.9,92.9,76.3,0.730008,False,,,,,,,True,15.848344,0.34769285,Ground Pass,,3092.0,Dwight Gayle,False,False,left_to_right,False,78.0,70.9,92.9,76.3,False,False,True,False
ad080a2d-047d-4940-8dff-281c4ac2a4f4,3754266,471,1,00:14:40.302,14,40,42,Ball Receipt*,33,31,Crystal Palace,Regular Play,31,Crystal Palace,3092.0,Dwight Gayle,Center Forward,92.9,76.3,,,,False,,,,,,,False,,,,,,,False,False,left_to_right,False,92.9,76.3,,,False,False,False,False
56b03d7c-c599-48fb-a723-487261ec12ab,3754266,472,1,00:14:40.302,14,40,43,Carry,33,31,Crystal Palace,Regular Play,31,Crystal Palace,3092.0,Dwight Gayle,Center Forward,92.9,76.3,94.1,70.9,2.690578,False,,,,,,,False,,,,,,,False,False,left_to_right,False,92.9,76.3,94.1,70.9,False,False,False,False
6e029d43-5d8f-4b25-9c2d-7556ccb446e1,3754266,473,1,00:14:42.992,14,42,30,Pass,33,31,Crystal Palace,Regular Play,31,Crystal Palace,3092.0,Dwight Gayle,Center Forward,94.1,70.9,86.0,62.3,1.244296,False,,,,,,,True,11.813974,-2.3262634,Ground Pass,,3277.0,Yohan Cabaye,False,False,left_to_right,False,94.1,70.9,86.0,62.3,False,False,False,False
3a625e0a-db5f-4f85-a719-9f27cdf5133f,3754266,474,1,00:14:44.236,14,44,42,Ball Receipt*,33,31,Crystal Palace,Regular Play,31,Crystal Palace,3277.0,Yohan Cabaye,Right Defensive Midfield,86.0,62.3,,,,False,,,,,,,False,,,,,,,False,False,left_to_right,False,86.0,62.3,,,False,False,False,False
6c2b51f8-c39a-4834-b0f3-fb9a8e5253a1,3754266,475,1,00:14:44.236,14,44,43,Carry,33,31,Crystal Palace,Regular Play,31,Crystal Palace,3277.0,Yohan Cabaye,Right Defensive Midfield,86.0,62.3,86.7,60.5,0.04,False,,,,,,,False,,,,,,,False,False,left_to_right,False,86.0,62.3,86.7,60.5,False,False,False,False
b302b26d-6d1c-4a02-9500-60c538a1532d,3754266,476,1,00:14:44.276,14,44,30,Pass,33,31,Crystal Palace,Regular Play,31,Crystal Palace,3277.0,Yohan Cabaye,Right Defensive Midfield,86.7,60.5,101.6,37.3,1.117572,False,,,,,,Incomplete,False,27.572632,-0.9998947,High Pass,,,,False,False,left_to_right,False,86.7,60.5,101.6,37.3,False,True,False,True
eef98598-6add-4fd8-9a14-5019392345bc,3754266,477,1,00:14:45.394,14,45,9,Clearance,33,31,Crystal Palace,Regular Play,23,Watford,3991.0,Allan Romeo Nyom,Right Back,18.5,42.8,,,0.0,True,,,,,,,False,,,,,,,False,False,left_to_right,False,18.5,42.8,,,False,False,False,False
c4f813ba-4016-4bab-9564-7aea81ace76c,3754266,478,1,00:14:48.547,14,48,30,Pass,33,31,Crystal Palace,Regular Play,31,Crystal Palace,3407.0,Scott Dann,Right Center Back,60.5,52.2,77.0,52.5,1.302294,False,,,,,,,True,16.502728,0.018179815,High Pass,Recovery,3277.0,Yohan Cabaye,False,False,left_to_right,False,60.5,52.2,77.0,52.5,False,True,False,False
358b0e75-8787-41ed-92bb-881582c3eed1,3754266,479,1,00:14:49.679,14,49,17,Pressure,33,31,Crystal Palace,Regular Play,23,Watford,43081.0,Almen Abdi,Right Midfield,42.5,28.7,,,0.214623,False,,,,,,,False,,,,,,,False,False,left_to_right,False,42.5,28.7,,,False,False,False,False
32dc0546-9866-4ec3-8eb4-0ce578bfb205,3754266,480,1,00:14:49.849,14,49,42,Ball Receipt*,33,31,Crystal Palace,Regular Play,31,Crystal Palace,3277.0,Yohan Cabaye,Right Defensive Midfield,77.0,52.5,,,,True,,,,,,,False,,,,,,,False,False,left_to_right,False,77.0,52.5,,,False,False,False,False
88f6085a-2ef9-4361-939e-9269bf35eaa4,3754266,481,1,00:14:49.849,14,49,43,Carry,33,31,Crystal Palace,Regular Play,31,Crystal Palace,3277.0,Yohan Cabaye,Right Defensive Midfield,77.0,52.5,77.4,53.9,0.039999,True,,,,,,,False,,,,,,,False,False,left_to_right,False,77.0,52.5,77.4,53.9,False,False,False,False
fa06b566-afd8-4279-a05f-b60efbd01b0c,3754266,482,1,00:14:49.889,14,49,30,Pass,33,31,Crystal Palace,Regular Play,31,Crystal Palace,3277.0,Yohan Cabaye,Right Defensive Midfield,77.4,53.9,64.9,43.1,0.338212,True,,,,,,,True,16.519382,-2.4290268,Low Pass,,4817.0,Joe Ledley,False,False,left_to_right,False,77.4,53.9,64.9,43.1,False,False,False,False
941c4952-3092-4006-b717-ee857487e4d5,3754266,483,1,00:14:50.228,14,50,42,Ball Receipt*,33,31,Crystal Palace,Regular Play,31,Crystal Palace,4817.0,Joe Ledley,Left Defensive Midfield,64.9,43.1,,,,False,,,,,,,False,,,,,,,False,False,left_to_right,False,64.9,43.1,,,False,False,False,False
dd2c74d4-72b5-48de-9129-0d8dde8936e0,3754266,484,1,00:14:50.228,14,50,43,Carry,33,31,Crystal Palace,Regular Play,31,Crystal Palace,4817.0,Joe Ledley,Left Defensive Midfield,64.9,43.1,65.1,44.8,0.923343,True,,,,,,,False,,,,,,,False,False,left_to_right,False,64.9,43.1,65.1,44.8,False,False,False,False
47720932-74b1-4c8c-bdde-29a60efa0997,3754266,485,1,00:14:50.991,14,50,17,Pressure,33,31,Crystal Palace,Regular Play,23,Watford,43081.0,Almen Abdi,Right Midfield,50.1,33.9,,,0.462141,False,,,,,,,False,,,,,,,False,False,left_to_right,False,50.1,33.9,,,False,False,False,False
3c140f85-3f4f-47cc-820b-96d586943f94,3754266,486,1,00:14:51.151,14,51,30,Pass,33,31,Crystal Palace,Regular Play,31,Crystal Palace,4817.0,Joe Ledley,Left Defensive Midfield,65.1,44.8,63.0,60.6,1.961132,True,,,,,,,True,15.938946,1.7029333,Low Pass,,3448.0,Martin Kelly,False,False,left_to_right,False,65.1,44.8,63.0,60.6,False,False,False,False
6f270650-5bde-40b0-bf11-bf46ba471df6,3754266,487,1,00:14:53.112,14,53,42,Ball Receipt*,33,31,Crystal Palace,Regular Play,31,Crystal Palace,3448.0,Martin Kelly,Right Back,63.0,60.6,,,,False,,,,,,,False,,,,,,,False,False,left_to_right,False,63.0,60.6,,,False,False,False,False
1bcdddd1-e7ba-4c6c-9c57-fec0a925e15c,3754266,488,1,00:14:53.112,14,53,43,Carry,33,31,Crystal Palace,Regular Play,31,Crystal Palace,3448.0,Martin Kelly,Right Back,63.0,60.6,73.9,73.9,2.364412,False,,,,,,,False,,,,,,,False,False,left_to_right,False,63.0,60.6,73.9,73.9,False,False,False,False
eba69b86-ddf3-4d66-b6d5-0c97b84d504e,3754266,489,1,00:14:55.476,14,55,30,Pass,33,31,Crystal Palace,Regular Play,31,Crystal Palace,3448.0,Martin Kelly,Right Back,73.9,73.9,85.3,76.2,1.165397,False,,,,,,,True,11.6297035,0.1990819,Ground Pass,,3092.0,Dwight Gayle,False,False,left_to_right,False,73.9,73.9,85.3,76.2,False,False,True,False
5d1d8192-d52c-462b-9859-5ef8c4b92c9b,3754266,490,1,00:14:56.642,14,56,42,Ball Receipt*,33,31,Crystal Palace,Regular Play,31,Crystal Palace,3092.0,Dwight Gayle,Center Forward,85.3,76.2,,,,False,,,,,,,False,,,,,,,False,False,left_to_right,False,85.3,76.2,,,False,False,False,False
fb187ea3-ad71-4335-8061-e15791a0b333,3754266,491,1,00:14:56.642,14,56,43,Carry,33,31,Crystal Palace,Regular Play,31,Crystal Palace,3092.0,Dwight Gayle,Center Forward,85.3,76.2,92.9,77.2,2.532327,False,,,,,,,False,,,,,,,False,False,left_to_right,False,85.3,76.2,92.9,77.2,False,False,False,False
8247589a-b6bd-41ce-af69-af326712a7aa,3754266,492,1,00:14:59.174,14,59,30,Pass,33,31,Crystal Palace,Regular Play,31,Crystal Palace,3092.0,Dwight Gayle,Center Forward,92.9,77.2,90.6,67.6,0.749905,False,,,,,,,True,9.871676,-1.8059473,Ground Pass,,19688.0,Jason Puncheon,False,False,left_to_right,False,92.9,77.2,90.6,67.6,False,False,False,False
9e3ef47c-84ff-45a5-ab12-826472af49c5,3754266,493,1,00:14:59.924,14,59,42,Ball Receipt*,33,31,Crystal Palace,Regular Play,31,Crystal Palace,19688.0,Jason Puncheon,Right Wing,90.6,67.6,,,,False,,,,,,,False,,,,,,,False,False,left_to_right,False,90.6,67.6,,,False,False,False,False
bef589ec-f3f5-4f94-a8c4-e4979e25ce71,3754266,494,1,00:14:59.924,14,59,43,Carry,33,31,Crystal Palace,Regular Play,31,Crystal Palace,19688.0,Jason Puncheon,Right Wing,90.6,67.6,89.5,66.7,0.039999,False,,,,,,,False,,,,,,,False,False,left_to_right,False,90.6,67.6,89.5,66.7,False,False,False,False
365b1843-cf4c-4ce3-983e-69a2ff53f7b5,3754266,495,1,00:14:59.964,14,59,30,Pass,33,31,Crystal Palace,Regular Play,31,Crystal Palace,19688.0,Jason Puncheon,Right Wing,89.5,66.7,100.6,76.2,1.187143,False,,,,,,,True,14.6102705,0.7078839,Ground Pass,,3092.0,Dwight Gayle,False,False,left_to_right,False,89.5,66.7,100.6,76.2,False,False,False,False
52f9e4b2-efb7-4f94-95b4-1ec579bb5eb2,3754266,496,1,00:15:01.151,15,1,42,Ball Receipt*,33,31,Crystal Palace,Regular Play,31,Crystal Palace,3092.0,Dwight Gayle,Center Forward,100.6,76.2,,,,False,,,,,,,False,,,,,,,False,False,left_to_right,False,100.6,76.2,,,False,False,False,False
00a2c9ba-ebfd-4952-824d-e02f6781ea39,3754266,497,1,00:15:01.151,15,1,43,Carry,33,31,Crystal Palace,Regular Play,31,Crystal Palace,3092.0,Dwight Gayle,Center Forward,100.6,76.2,107.3,75.8,1.003147,False,,,,,,,False,,,,,,,False,False,left_to_right,False,100.6,76.2,107.3,75.8,False,False,False,False
472cd5cf-08d8-45b8-8d28-2a9e8096bd9a,3754266,498,1,00:15:02.154,15,2,30,Pass,33,31,Crystal Palace,Regular Play,31,Crystal Palace,3092.0,Dwight Gayle,Center Forward,107.3,75.8,107.2,64.1,2.279261,False,,,,,,Incomplete,False,11.700427,-1.5793431,High Pass,,,,False,False,left_to_right,False,107.3,75.8,107.2,64.1,False,True,False,True
a936a404-094b-4bd2-a899-dc5f73f7066d,3754266,499,1,00:15:04.434,15,4,9,Clearance,33,31,Crystal Palace,Regular Play,23,Watford,3991.0,Allan Romeo Nyom,Right Back,12.9,16.0,,,0.0,True,,,,,,,False,,,,,,,False,False,left_to_right,False,12.9,16.0,,,False,False,False,False
70d9a64b-392b-4715-a4ce-8e2442b2758b,3754266,500,1,00:15:06.568,15,6,2,Ball Recovery,34,23,Watford,Regular Play,23,Watford,43081.0,Almen Abdi,Right Midfield,28.1,47.7,,,0.0,False,,,,,,,False,,,,,,,False,False,left_to_right,False,28.1,47.7,,,False,False,False,False
4fae0fdd-8cb0-43c3-b7e1-2e37370a749b,3754266,501,1,00:15:06.568,15,6,43,Carry,34,23,Watford,Regular Play,23,Watford,43081.0,Almen Abdi,Right Midfield,28.1,47.7,49.1,50.9,5.150248,False,,,,,,,False,,,,,,,False,False,left_to_right,False,28.1,47.7,49.1,50.9,False,False,False,False
376172a1-1815-46cc-8706-fdd8e65b4862,3754266,502,1,00:15:11.719,15,11,30,Pass,34,23,Watford,Regular Play,23,Watford,43081.0,Almen Abdi,Right Midfield,49.1,50.9,46.3,47.0,1.006053,False,,,,,,,True,4.8010416,-2.1934671,Ground Pass,,3721.0,Etienne Capoue,False,False,left_to_right,False,49.1,50.9,46.3,47.0,False,False,False,False
3b8776e5-d85d-4d91-bb80-4beab7411ede,3754266,503,1,00:15:12.725,15,12,42,Ball Receipt*,34,23,Watford,Regular Play,23,Watford,3721.0,Etienne Capoue,Right Center Midfield,46.3,47.0,,,,False,,,,,,,False,,,,,,,False,False,left_to_right,False,46.3,47.0,,,False,False,False,False
b1d9a4b9-ba2a-4d32-92b0-619216bfca7e,3754266,504,1,00:15:12.725,15,12,43,Carry,34,23,Watford,Regular Play,23,Watford,3721.0,Etienne Capoue,Right Center Midfield,46.3,47.0,47.7,58.6,1.297829,False,,,,,,,False,,,,,,,False,False,left_to_right,False,46.3,47.0,47.7,58.6,False,False,False,False
cc89b93d-76b2-42d0-a4ff-3e43a7adc173,3754266,505,1,00:15:14.022,15,14,30,Pass,34,23,Watford,Regular Play,23,Watford,3721.0,Etienne Capoue,Right Center Midfield,47.7,58.6,42.5,64.9,0.875023,False,,,,,,,True,8.168843,2.2608325,Ground Pass,,3991.0,Allan Romeo Nyom,False,False,left_to_right,False,47.7,58.6,42.5,64.9,False,False,False,False
e0c7fe95-a45e-44dc-89b3-2e824b797a9c,3754266,506,1,00:15:14.897,15,14,42,Ball Receipt*,34,23,Watford,Regular Play,23,Watford,3991.0,Allan Romeo Nyom,Right Back,42.5,64.9,,,,False,,,,,,,False,,,,,,,False,False,left_to_right,False,42.5,64.9,,,False,False,False,False
8b490a9f-3bb4-4caa-b129-12ed44aaf1bd,3754266,507,1,00:15:14.897,15,14,30,Pass,34,23,Watford,Regular Play,23,Watford,3991.0,Allan Romeo Nyom,Right Back,43.1,65.8,49.1,66.8,1.159186,False,,,,,,,True,6.0827627,0.16514868,Ground Pass,,3721.0,Etienne Capoue,False,False,left_to_right,False,43.1,65.8,49.1,66.8,False,False,False,False
05b59dcd-f4ae-4891-aced-0c8c38a67f20,3754266,508,1,00:15:16.057,15,16,42,Ball Receipt*,34,23,Watford,Regular Play,23,Watford,3721.0,Etienne Capoue,Right Center Midfield,49.1,66.8,,,,False,,,,,,,False,,,,,,,False,False,left_to_right,False,49.1,66.8,,,False,False,False,False
e8d450bb-fbf1-4ed8-814b-0c78922e84f3,3754266,509,1,00:15:16.057,15,16,43,Carry,34,23,Watford,Regular Play,23,Watford,3721.0,Etienne Capoue,Right Center Midfield,49.1,66.8,55.4,68.3,2.209838,False,,,,,,,False,,,,,,,False,False,left_to_right,False,49.1,66.8,55.4,68.3,False,False,False,False
64018e4b-e1e9-4380-877f-51c91438dfff,3754266,510,1,00:15:18.266,15,18,30,Pass,34,23,Watford,Regular Play,23,Watford,3721.0,Etienne Capoue,Right Center Midfield,55.4,68.3,50.0,79.2,1.27765,False,,,,,,,True,12.164292,2.0307674,Ground Pass,,3454.0,Troy Deeney,False,False,left_to_right,False,55.4,68.3,50.0,79.2,False,False,False,False
ced7f4f8-e163-4105-ba0c-b207f0c5b1ee,3754266,511,1,00:15:19.544,15,19,42,Ball Receipt*,34,23,Watford,Regular Play,23,Watford,3454.0,Troy Deeney,Right Center Forward,50.0,79.2,,,,False,,,,,,,False,,,,,,,False,False,left_to_right,False,50.0,79.2,,,False,False,False,False
f95eb718-cec4-40c3-b94d-1684fcbbb8ef,3754266,512,1,00:15:19.544,15,19,43,Carry,34,23,Watford,Regular Play,23,Watford,3454.0,Troy Deeney,Right Center Forward,50.0,79.2,49.1,79.6,0.111077,False,,,,,,,False,,,,,,,False,False,left_to_right,False,50.0,79.2,49.1,79.6,False,False,False,False
0f1b6fbb-e8cf-4451-8648-3fbb208932e3,3754266,513,1,00:15:19.655,15,19,30,Pass,34,23,Watford,Regular Play,23,Watford,3454.0,Troy Deeney,Right Center Forward,49.1,79.6,41.8,72.8,1.335429,False,,,,,,,True,9.976472,-2.3916407,Ground Pass,,3991.0,Allan Romeo Nyom,False,False,left_to_right,False,49.1,79.6,41.8,72.8,False,False,False,False
04b8f6d1-1da3-4018-b1f5-1eb5de918795,3754266,514,1,00:15:20.991,15,20,42,Ball Receipt*,34,23,Watford,Regular Play,23,Watford,3991.0,Allan Romeo Nyom,Right Back,41.8,72.8,,,,False,,,,,,,False,,,,,,,False,False,left_to_right,False,41.8,72.8,,,False,False,False,False
21816e87-d1bd-42a4-9528-f21d2062d9db,3754266,515,1,00:15:20.991,15,20,43,Carry,34,23,Watford,Regular Play,23,Watford,3991.0,Allan Romeo Nyom,Right Back,41.8,72.8,41.1,73.6,0.49315602,False,,,,,,,False,,,,,,,False,False,left_to_right,False,41.8,72.8,41.1,73.6,False,False,False,False
82c90cdd-5af8-4451-b39a-2250732c6904,3754266,516,1,00:15:21.484,15,21,30,Pass,34,23,Watford,Regular Play,23,Watford,3991.0,Allan Romeo Nyom,Right Back,41.1,73.6,35.9,57.1,1.543648,False,,,,,,,True,17.3,-1.8760949,Ground Pass,,3309.0,Sebastian Prödl,False,False,left_to_right,False,41.1,73.6,35.9,57.1,False,False,False,False
d882dad9-4329-408f-9178-bed4b36491f1,3754266,517,1,00:15:23.027,15,23,42,Ball Receipt*,34,23,Watford,Regular Play,23,Watford,3309.0,Sebastian Prödl,Right Center Back,35.9,57.1,,,,False,,,,,,,False,,,,,,,False,False,left_to_right,False,35.9,57.1,,,False,False,False,False
0cc33ea1-f993-4a70-83d8-5e971ed7fc40,3754266,518,1,00:15:23.027,15,23,43,Carry,34,23,Watford,Regular Play,23,Watford,3309.0,Sebastian Prödl,Right Center Back,35.9,57.1,36.6,57.1,1.090751,False,,,,,,,False,,,,,,,False,False,left_to_right,False,35.9,57.1,36.6,57.1,False,False,False,False
9111a9cd-eac2-46e1-8b5b-bc6b3b7d2f39,3754266,519,1,00:15:24.118,15,24,30,Pass,34,23,Watford,Regular Play,23,Watford,3309.0,Sebastian Prödl,Right Center Back,36.6,57.1,34.8,39.0,1.252098,False,,,,,,,True,18.189283,-1.669918,Ground Pass,,3263.0,Craig Cathcart,False,False,left_to_right,False,36.6,57.1,34.8,39.0,False,False,False,False
8d7cf7ad-cf0d-4267-8c5b-60b8bcb2fba9,3754266,520,1,00:15:25.370,15,25,42,Ball Receipt*,34,23,Watford,Regular Play,23,Watford,3263.0,Craig Cathcart,Left Center Back,34.8,39.0,,,,False,,,,,,,False,,,,,,,False,False,left_to_right,False,34.8,39.0,,,False,False,False,False
fe17ebb2-ee48-40e2-9cb7-ffe6fe5b39d3,3754266,521,1,00:15:25.370,15,25,43,Carry,34,23,Watford,Regular Play,23,Watford,3263.0,Craig Cathcart,Left Center Back,34.8,39.0,35.9,31.0,1.593797,False,,,,,,,False,,,,,,,False,False,left_to_right,False,34.8,39.0,35.9,31.0,False,False,False,False
d4d595a3-ca93-4850-b152-fded5f55b886,3754266,522,1,00:15:26.964,15,26,30,Pass,34,23,Watford,Regular Play,23,Watford,3263.0,Craig Cathcart,Left Center Back,35.9,31.0,36.9,50.9,1.377476,False,,,,,,,True,19.92511,1.5205873,Ground Pass,,3309.0,Sebastian Prödl,False,False,left_to_right,False,35.9,31.0,36.9,50.9,False,False,False,False
40544484-9132-45af-8f0c-a366f734b03a,3754266,523,1,00:15:28.342,15,28,42,Ball Receipt*,34,23,Watford,Regular Play,23,Watford,3309.0,Sebastian Prödl,Right Center Back,36.9,50.9,,,,False,,,,,,,False,,,,,,,False,False,left_to_right,False,36.9,50.9,,,False,False,False,False
09c8e193-15e8-42a5-90d8-5a1502c99451,3754266,524,1,00:15:28.342,15,28,43,Carry,34,23,Watford,Regular Play,23,Watford,3309.0,Sebastian Prödl,Right Center Back,36.9,50.9,36.9,48.7,0.682347,False,,,,,,,False,,,,,,,False,False,left_to_right,False,36.9,50.9,36.9,48.7,False,False,False,False
d1466ab4-d40d-4952-a60d-a4185f64a8e7,3754266,525,1,00:15:29.024,15,29,30,Pass,34,23,Watford,Regular Play,23,Watford,3309.0,Sebastian Prödl,Right Center Back,36.9,48.7,41.5,63.4,1.313853,False,,,,,,,True,15.402922,1.2675241,Ground Pass,,3721.0,Etienne Capoue,False,False,left_to_right,False,36.9,48.7,41.5,63.4,False,False,False,False
a47fe97f-0b82-4de0-9e72-0830a7991055,3754266,526,1,00:15:30.338,15,30,42,Ball Receipt*,34,23,Watford,Regular Play,23,Watford,3721.0,Etienne Capoue,Right Center Midfield,41.5,63.4,,,,False,,,,,,,False,,,,,,,False,False,left_to_right,False,41.5,63.4,,,False,False,False,False
a2779aff-ec8a-4e16-a2de-d6942008a726,3754266,527,1,00:15:30.338,15,30,43,Carry,34,23,Watford,Regular Play,23,Watford,3721.0,Etienne Capoue,Right Center Midfield,41.5,63.4,49.0,65.8,2.647176,False,,,,,,,False,,,,,,,False,False,left_to_right,False,41.5,63.4,49.0,65.8,False,False,False,False
0c9466a5-e7b7-450a-8e2f-d038925d852d,3754266,528,1,00:15:32.985,15,32,30,Pass,34,23,Watford,Regular Play,23,Watford,3721.0,Etienne Capoue,Right Center Midfield,49.0,65.8,58.0,79.2,1.037143,False,,,,,,,True,16.14187,0.9793573,Ground Pass,,3991.0,Allan Romeo Nyom,False,False,left_to_right,False,49.0,65.8,58.0,79.2,False,False,False,False
f57f3737-d532-4cb2-a584-63dd2bd414d6,3754266,529,1,00:15:34.022,15,34,42,Ball Receipt*,34,23,Watford,Regular Play,23,Watford,3991.0,Allan Romeo Nyom,Right Back,58.0,79.2,,,,False,,,,,,,False,,,,,,,False,False,left_to_right,False,58.0,79.2,,,False,False,False,False
2e704c3b-0976-4e02-b296-5e10ecfe960e,3754266,530,1,00:15:34.022,15,34,43,Carry,34,23,Watford,Regular Play,23,Watford,3991.0,Allan Romeo Nyom,Right Back,58.0,79.2,56.8,78.7,1.06571,True,,,,,,,False,,,,,,,False,False,left_to_right,False,58.0,79.2,56.8,78.7,False,False,False,False
7edd0169-d433-4b37-90e3-2c5072f4a78b,3754266,531,1,00:15:34.299,15,34,17,Pressure,34,23,Watford,Regular Play,31,Crystal Palace,3589.0,Yannick Bolasie Yala,Left Wing,59.5,2.0,,,0.908153,False,,,,,,,False,,,,,,,False,False,left_to_right,False,59.5,2.0,,,False,False,False,False
bd3b36ba-3c4b-408c-9ef1-57c98472ca60,3754266,532,1,00:15:35.088,15,35,39,Dribbled Past,34,23,Watford,Regular Play,31,Crystal Palace,3589.0,Yannick Bolasie Yala,Left Wing,63.3,1.4,,,0.0,False,,,,,,,False,,,,,,,False,False,left_to_right,False,63.3,1.4,,,False,False,False,False
01a2456e-4eed-4fa4-8e67-95d390d06300,3754266,533,1,00:15:35.088,15,35,14,Dribble,34,23,Watford,Regular Play,23,Watford,3991.0,Allan Romeo Nyom,Right Back,56.8,78.7,,,0.0,True,,,,,,,False,,,,,,,False,False,left_to_right,False,56.8,78.7,,,False,False,False,False
71b88f42-0716-4387-8d86-8b62f962bfac,3754266,534,1,00:15:35.088,15,35,43,Carry,34,23,Watford,Regular Play,23,Watford,3991.0,Allan Romeo Nyom,Right Back,56.8,78.7,75.6,78.4,4.399484,True,,,,,,,False,,,,,,,False,False,left_to_right,False,56.8,78.7,75.6,78.4,False,False,False,False
d454f31d-fa92-4350-a448-1ad0d761a4d9,3754266,535,1,00:15:37.204,15,37,17,Pressure,34,23,Watford,Regular Play,31,Crystal Palace,3589.0,Yannick Bolasie Yala,Left Wing,56.8,1.4,,,1.204488,False,,,,,,,False,,,,,,,False,False,left_to_right,False,56.8,1.4,,,False,False,False,False
602ad1b0-78f5-4ea6-b821-5e674ffe587b,3754266,536,1,00:15:39.487,15,39,30,Pass,34,23,Watford,Regular Play,23,Watford,3991.0,Allan Romeo Nyom,Right Back,75.6,78.4,69.3,78.0,0.7768,False,,,,,,,True,6.3126855,-3.0781858,Ground Pass,,3454.0,Troy Deeney,False,False,left_to_right,False,75.6,78.4,69.3,78.0,False,False,False,False
93fdc4ed-b7bb-4b73-afb3-436cb5e19ca3,3754266,537,1,00:15:40.264,15,40,42,Ball Receipt*,34,23,Watford,Regular Play,23,Watford,3454.0,Troy Deeney,Right Center Forward,69.3,78.0,,,,False,,,,,,,False,,,,,,,False,False,left_to_right,False,69.3,78.0,,,False,False,False,False
d6d67d08-9b7e-48aa-ac98-4dd4f2283758,3754266,538,1,00:15:40.264,15,40,43,Carry,34,23,Watford,Regular Play,23,Watford,3454.0,Troy Deeney,Right Center Forward,69.3,78.0,69.3,74.8,2.775155,False,,,,,,,False,,,,,,,False,False,left_to_right,False,69.3,78.0,69.3,74.8,False,False,False,False
8805c257-b6e3-44d0-880d-121e4b5ecc5a,3754266,539,1,00:15:43.039,15,43,30,Pass,34,23,Watford,Regular Play,23,Watford,3454.0,Troy Deeney,Right Center Forward,69.3,74.8,63.3,37.7,2.499996,False,,,,,,,True,37.582043,-1.7311331,High Pass,,3626.0,Ben Watson,False,False,left_to_right,False,69.3,74.8,63.3,37.7,False,False,False,False
52452929-6ca4-46d7-83f2-9541e90c06fb,3754266,540,1,00:15:45.539,15,45,42,Ball Receipt*,34,23,Watford,Regular Play,23,Watford,3626.0,Ben Watson,Left Center Midfield,63.3,37.7,,,,False,,,,,,,False,,,,,,,False,False,left_to_right,False,63.3,37.7,,,False,False,False,False
6c728d6a-2aa9-4121-8dbf-842d1567910a,3754266,541,1,00:15:45.539,15,45,43,Carry,34,23,Watford,Regular Play,23,Watford,3626.0,Ben Watson,Left Center Midfield,63.3,37.7,68.9,29.6,2.157356,False,,,,,,,False,,,,,,,False,False,left_to_right,False,63.3,37.7,68.9,29.6,False,False,False,False
be38f9a9-78dd-46f4-ad62-f08450785dda,3754266,542,1,00:15:47.697,15,47,30,Pass,34,23,Watford,Regular Play,23,Watford,3626.0,Ben Watson,Left Center Midfield,68.9,29.6,78.1,3.5,1.837086,False,,,,,,,True,27.673994,-1.2319046,Ground Pass,,40118.0,Ikechi Anya,False,False,left_to_right,False,68.9,29.6,78.1,3.5,False,False,False,False
be0b0613-7f33-41cf-a050-6db973bc71be,3754266,543,1,00:15:49.534,15,49,42,Ball Receipt*,34,23,Watford,Regular Play,23,Watford,40118.0,Ikechi Anya,Left Back,78.1,3.5,,,,False,,,,,,,False,,,,,,,False,False,left_to_right,False,78.1,3.5,,,False,False,False,False
f32298be-f514-4c65-a8e6-aacb8a10fa3c,3754266,544,1,00:15:49.534,15,49,43,Carry,34,23,Watford,Regular Play,23,Watford,40118.0,Ikechi Anya,Left Back,78.1,3.5,78.3,6.4,1.268194,False,,,,,,,False,,,,,,,False,False,left_to_right,False,78.1,3.5,78.3,6.4,False,False,False,False
af4b0c91-109e-413d-b032-544b66a0e0b5,3754266,545,1,00:15:50.802,15,50,30,Pass,34,23,Watford,Regular Play,23,Watford,40118.0,Ikechi Anya,Left Back,78.3,6.4,70.4,17.7,1.41008,False,,,,,,,True,13.787676,2.1809282,Ground Pass,,3626.0,Ben Watson,False,False,left_to_right,False,78.3,6.4,70.4,17.7,False,False,False,False
09ce726f-8c30-435f-96e1-0c74ef155041,3754266,546,1,00:15:52.212,15,52,42,Ball Receipt*,34,23,Watford,Regular Play,23,Watford,3626.0,Ben Watson,Left Center Midfield,70.4,17.7,,,,False,,,,,,,False,,,,,,,False,False,left_to_right,False,70.4,17.7,,,False,False,False,False
7b98f639-684d-4fc7-a2a4-8e8080caa06b,3754266,547,1,00:15:52.212,15,52,43,Carry,34,23,Watford,Regular Play,23,Watford,3626.0,Ben Watson,Left Center Midfield,70.4,17.7,70.4,20.3,3.051279,False,,,,,,,False,,,,,,,False,False,left_to_right,False,70.4,17.7,70.4,20.3,False,False,False,False
571861d5-75fa-4ed7-af7d-f3b943875742,3754266,548,1,00:15:55.263,15,55,30,Pass,34,23,Watford,Regular Play,23,Watford,3626.0,Ben Watson,Left Center Midfield,70.4,20.3,61.6,29.3,0.787953,False,,,,,,,True,12.587296,2.344959,Ground Pass,,3721.0,Etienne Capoue,False,False,left_to_right,False,70.4,20.3,61.6,29.3,False,False,False,False
717ad095-24b6-402a-adcb-90f360245dc4,3754266,549,1,00:15:56.051,15,56,42,Ball Receipt*,34,23,Watford,Regular Play,23,Watford,3721.0,Etienne Capoue,Right Center Midfield,61.6,29.3,,,,False,,,,,,,False,,,,,,,False,False,left_to_right,False,61.6,29.3,,,False,False,False,False
25669ba2-ce05-40fc-82e1-7e68bebabd6b,3754266,550,1,00:15:56.051,15,56,43,Carry,34,23,Watford,Regular Play,23,Watford,3721.0,Etienne Capoue,Right Center Midfield,61.6,29.3,62.0,26.1,1.90915,False,,,,,,,False,,,,,,,False,False,left_to_right,False,61.6,29.3,62.0,26.1,False,False,False,False
e5d141e5-116f-4625-89b1-3f481596e8f0,3754266,551,1,00:15:57.960,15,57,30,Pass,34,23,Watford,Regular Play,23,Watford,3721.0,Etienne Capoue,Right Center Midfield,62.0,26.1,65.2,9.0,1.09249,False,,,,,,,True,17.39684,-1.3858014,Ground Pass,,6870.0,José Manuel Jurado Marín,False,False,left_to_right,False,62.0,26.1,65.2,9.0,False,False,False,False
6bc5a330-8c4f-48bb-afeb-477e930e4100,3754266,552,1,00:15:59.053,15,59,42,Ball Receipt*,34,23,Watford,Regular Play,23,Watford,6870.0,José Manuel Jurado Marín,Left Midfield,65.2,9.0,,,,False,,,,,,,False,,,,,,,False,False,left_to_right,False,65.2,9.0,,,False,False,False,False
cac5ac7c-41b4-4ca1-9585-dd89c7081346,3754266,553,1,00:15:59.053,15,59,43,Carry,34,23,Watford,Regular Play,23,Watford,6870.0,José Manuel Jurado Marín,Left Midfield,65.2,9.0,64.7,9.8,1.179938,False,,,,,,,False,,,,,,,False,False,left_to_right,False,65.2,9.0,64.7,9.8,False,False,False,False
284524bf-a17d-41f2-bd9b-3ed021e7ccbe,3754266,554,1,00:16:00.233,16,0,30,Pass,34,23,Watford,Regular Play,23,Watford,6870.0,José Manuel Jurado Marín,Left Midfield,64.7,9.8,62.8,32.7,1.458853,False,,,,,,,True,22.978685,1.6535761,Ground Pass,,3626.0,Ben Watson,False,False,left_to_right,False,64.7,9.8,62.8,32.7,False,False,False,False
6996072a-b421-4a05-b363-9e64cf87ccf9,3754266,555,1,00:16:01.692,16,1,42,Ball Receipt*,34,23,Watford,Regular Play,23,Watford,3626.0,Ben Watson,Left Center Midfield,62.8,32.7,,,,False,,,,,,,False,,,,,,,False,False,left_to_right,False,62.8,32.7,,,False,False,False,False
2e756643-8cf9-4a8f-9388-79c8d75b0e79,3754266,556,1,00:16:01.692,16,1,43,Carry,34,23,Watford,Regular Play,23,Watford,3626.0,Ben Watson,Left Center Midfield,62.8,32.7,63.3,34.4,1.382019,True,,,,,,,False,,,,,,,False,False,left_to_right,False,62.8,32.7,63.3,34.4,False,False,False,False
568ec24f-75b3-4379-80c2-123ab493bdf5,3754266,557,1,00:16:01.934,16,1,17,Pressure,34,23,Watford,Regular Play,31,Crystal Palace,3092.0,Dwight Gayle,Center Forward,57.3,44.8,,,1.248453,False,,,,,,,False,,,,,,,False,False,left_to_right,False,57.3,44.8,,,False,False,False,False
a6347d5f-6abc-42f3-a99e-1ffb42a85383,3754266,558,1,00:16:03.074,16,3,30,Pass,34,23,Watford,Regular Play,23,Watford,3626.0,Ben Watson,Left Center Midfield,63.3,34.4,63.0,23.7,0.948001,True,,,,,,,True,10.704205,-1.5988264,Ground Pass,,3721.0,Etienne Capoue,False,False,left_to_right,False,63.3,34.4,63.0,23.7,False,False,False,False
c22550a7-c9d9-420a-8f1a-118b47231a65,3754266,559,1,00:16:04.022,16,4,42,Ball Receipt*,34,23,Watford,Regular Play,23,Watford,3721.0,Etienne Capoue,Right Center Midfield,63.0,23.7,,,,False,,,,,,,False,,,,,,,False,False,left_to_right,False,63.0,23.7,,,False,False,False,False
84e66dc3-9b84-485f-92a0-459f86453424,3754266,560,1,00:16:04.022,16,4,30,Pass,34,23,Watford,Regular Play,23,Watford,3721.0,Etienne Capoue,Right Center Midfield,62.4,25.5,83.9,80.0,3.459985,False,,,,,,Out,False,58.58754,1.1950443,High Pass,,3991.0,Allan Romeo Nyom,False,False,left_to_right,False,62.4,25.5,83.9,80.0,False,False,True,True
284ee448-444e-4642-ac04-7834d1e017d9,3754266,561,1,00:16:07.482,16,7,42,Ball Receipt*,34,23,Watford,Regular Play,23,Watford,3991.0,Allan Romeo Nyom,Right Back,83.9,78.0,,,,False,,,,,,,False,,,,,,,False,False,left_to_right,False,83.9,78.0,,,False,False,False,False
80dbb924-d7b8-42d2-aaca-cd807869a2f0,3754266,562,1,00:16:13.024,16,13,30,Pass,35,31,Crystal Palace,From Throw In,31,Crystal Palace,3589.0,Yannick Bolasie Yala,Left Wing,35.9,0.1,20.6,11.0,1.111181,False,,,,,,,True,18.785633,2.5225809,Low Pass,Throw-in,4884.0,Pape N''Diaye Souaré,False,False,left_to_right,False,35.9,0.1,20.6,11.0,False,False,False,False
7afbab9c-65a0-4da5-9ec4-e94658b6669f,3754266,563,1,00:16:14.135,16,14,42,Ball Receipt*,35,31,Crystal Palace,From Throw In,31,Crystal Palace,4884.0,Pape N''Diaye Souaré,Left Back,20.6,11.0,,,,False,,,,,,,False,,,,,,,False,False,left_to_right,False,20.6,11.0,,,False,False,False,False
da4bee14-4efe-4b96-a1a1-b4af8a20f66c,3754266,564,1,00:16:14.135,16,14,43,Carry,35,31,Crystal Palace,From Throw In,31,Crystal Palace,4884.0,Pape N''Diaye Souaré,Left Back,20.6,11.0,21.5,10.5,0.877279,False,,,,,,,False,,,,,,,False,False,left_to_right,False,20.6,11.0,21.5,10.5,False,False,False,False
9cd5ba25-82ee-49a1-b15d-f2d9e9ff996f,3754266,565,1,00:16:15.012,16,15,30,Pass,35,31,Crystal Palace,From Throw In,31,Crystal Palace,4884.0,Pape N''Diaye Souaré,Left Back,21.5,10.5,20.2,22.9,1.123392,False,,,,,,,True,12.467959,1.6752534,Ground Pass,,43695.0,Brede Hangeland,False,False,left_to_right,False,21.5,10.5,20.2,22.9,False,False,False,False
047e6108-0ba7-4e7e-9f8b-2b2f70b0bc7a,3754266,566,1,00:16:16.135,16,16,42,Ball Receipt*,35,31,Crystal Palace,From Throw In,31,Crystal Palace,43695.0,Brede Hangeland,Left Center Back,20.2,22.9,,,,False,,,,,,,False,,,,,,,False,False,left_to_right,False,20.2,22.9,,,False,False,False,False
99ace8c4-d04e-4c11-a810-1f84e35f3d55,3754266,567,1,00:16:16.135,16,16,43,Carry,35,31,Crystal Palace,From Throw In,31,Crystal Palace,43695.0,Brede Hangeland,Left Center Back,20.2,22.9,19.8,21.8,0.862956,False,,,,,,,False,,,,,,,False,False,left_to_right,False,20.2,22.9,19.8,21.8,False,False,False,False
56177f8e-b358-46ba-bab7-beeeb3d4b710,3754266,568,1,00:16:16.998,16,16,30,Pass,35,31,Crystal Palace,From Throw In,31,Crystal Palace,43695.0,Brede Hangeland,Left Center Back,19.8,21.8,34.9,2.1,1.008069,False,,,,,,,True,24.821362,-0.91682017,Ground Pass,,3589.0,Yannick Bolasie Yala,False,False,left_to_right,False,19.8,21.8,34.9,2.1,False,False,False,False
8c06f589-a49d-4066-b819-1ca4e86ed8fe,3754266,569,1,00:16:18.006,16,18,42,Ball Receipt*,35,31,Crystal Palace,From Throw In,31,Crystal Palace,3589.0,Yannick Bolasie Yala,Left Wing,34.9,2.1,,,,False,,,,,,,False,,,,,,,False,False,left_to_right,False,34.9,2.1,,,False,False,False,False
8fa7191d-4031-44bc-8781-3bae122994eb,3754266,570,1,00:16:18.006,16,18,43,Carry,35,31,Crystal Palace,From Throw In,31,Crystal Palace,3589.0,Yannick Bolasie Yala,Left Wing,34.9,2.1,29.7,5.1,1.557796,False,,,,,,,False,,,,,,,False,False,left_to_right,False,34.9,2.1,29.7,5.1,False,False,False,False
b62d5d8f-2c54-4e76-a81b-1d89ae916304,3754266,571,1,00:16:19.564,16,19,30,Pass,35,31,Crystal Palace,From Throw In,31,Crystal Palace,3589.0,Yannick Bolasie Yala,Left Wing,29.7,5.1,35.2,2.7,0.958039,False,,,,,,,True,6.0008335,-0.41145626,Ground Pass,,4884.0,Pape N''Diaye Souaré,False,False,left_to_right,False,29.7,5.1,35.2,2.7,False,False,False,False
d326f14f-7f55-44eb-9f78-2634ddc48db5,3754266,572,1,00:16:20.036,16,20,17,Pressure,35,31,Crystal Palace,From Throw In,23,Watford,43081.0,Almen Abdi,Right Midfield,84.2,76.0,,,4.298515,False,,,,,,,False,,,,,,,False,False,left_to_right,False,84.2,76.0,,,False,False,False,False
ed34a996-fed2-4953-9fde-126e40a0804d,3754266,573,1,00:16:20.522,16,20,42,Ball Receipt*,35,31,Crystal Palace,From Throw In,31,Crystal Palace,4884.0,Pape N''Diaye Souaré,Left Back,35.2,2.7,,,,True,,,,,,,False,,,,,,,False,False,left_to_right,False,35.2,2.7,,,False,False,False,False
06b97164-81dc-438c-ad34-5d6e7d589523,3754266,574,1,00:16:20.522,16,20,43,Carry,35,31,Crystal Palace,From Throw In,31,Crystal Palace,4884.0,Pape N''Diaye Souaré,Left Back,35.2,2.7,57.9,2.3,3.914451,True,,,,,,,False,,,,,,,False,False,left_to_right,False,35.2,2.7,57.9,2.3,False,False,False,False
7d779e73-14e9-4a3d-9e74-d3309cd44fd3,3754266,575,1,00:16:24.437,16,24,22,Foul Committed,35,31,Crystal Palace,From Throw In,23,Watford,43081.0,Almen Abdi,Right Midfield,62.2,77.8,,,0.0,False,,,,,,,False,,,,,,,False,False,left_to_right,False,62.2,77.8,,,False,False,False,False
ec73a3d0-c3ee-4299-8ef7-6c2391ca85ac,3754266,576,1,00:16:24.437,16,24,21,Foul Won,35,31,Crystal Palace,From Throw In,31,Crystal Palace,4884.0,Pape N''Diaye Souaré,Left Back,57.9,2.3,,,0.0,True,,,,,,,False,,,,,,,False,False,left_to_right,False,57.9,2.3,,,False,False,False,False
ee89cfb1-5dd2-499c-834c-b3372fa491a7,3754266,577,1,00:16:33.675,16,33,30,Pass,36,31,Crystal Palace,From Free Kick,31,Crystal Palace,43695.0,Brede Hangeland,Left Center Back,55.7,5.8,97.8,21.8,3.237568,False,,,,,,,True,45.037872,0.36318853,High Pass,Free Kick,3092.0,Dwight Gayle,False,False,left_to_right,False,55.7,5.8,97.8,21.8,False,True,True,False
fcc642b2-e9de-4301-b992-d80df3512efe,3754266,578,1,00:16:36.912,16,36,42,Ball Receipt*,36,31,Crystal Palace,From Free Kick,31,Crystal Palace,3092.0,Dwight Gayle,Center Forward,97.8,21.8,,,,False,,,,,,,False,,,,,,,False,False,left_to_right,False,97.8,21.8,,,False,False,False,False
eb70151e-ba74-4099-ba51-33e3e818f60a,3754266,579,1,00:16:39.331,16,39,22,Foul Committed,36,31,Crystal Palace,From Free Kick,23,Watford,3626.0,Ben Watson,Left Center Midfield,22.6,58.5,,,0.0,False,,,,,,,False,,,,,,,False,False,left_to_right,False,22.6,58.5,,,False,False,False,False
6ca6e84f-c888-48b7-98c2-d6ee9e0ce282,3754266,580,1,00:16:39.331,16,39,21,Foul Won,36,31,Crystal Palace,From Free Kick,31,Crystal Palace,3092.0,Dwight Gayle,Center Forward,97.5,21.6,,,0.0,True,,,,,,,False,,,,,,,False,False,left_to_right,False,97.5,21.6,,,False,False,False,False
ccd5f47e-b624-4299-920c-fd9ab665bf50,3754266,581,1,00:17:38.647,17,38,16,Shot,37,31,Crystal Palace,From Free Kick,31,Crystal Palace,3277.0,Yohan Cabaye,Right Defensive Midfield,96.3,23.7,106.8,29.5,0.393787,False,0.03670879,Blocked,Right Foot,Normal,Free Kick,,False,,,,,,,False,False,left_to_right,False,96.3,23.7,106.8,29.5,False,False,False,False
a401cf71-7848-48fa-9b74-76877829f086,3754266,582,1,00:17:39.041,17,39,6,Block,37,31,Crystal Palace,From Free Kick,23,Watford,3454.0,Troy Deeney,Right Center Forward,13.3,50.6,,,0.0,False,,,,,,,False,,,,,,,False,False,left_to_right,False,13.3,50.6,,,False,False,False,False
a28c737a-8f5d-48cd-aab3-e48041d5979d,3754266,583,1,00:17:39.094,17,39,23,Goal Keeper,37,31,Crystal Palace,From Free Kick,23,Watford,3522.0,Heurelho da Silva Gomes,Goalkeeper,1.4,41.4,,,0.0,False,,,,,,,False,,,,,,,False,False,left_to_right,False,1.4,41.4,,,False,False,False,False
cdee36c9-4a43-4751-ab80-0fb4458e9967,3754266,584,1,00:17:39.842,17,39,2,Ball Recovery,37,31,Crystal Palace,From Free Kick,31,Crystal Palace,19688.0,Jason Puncheon,Right Wing,92.5,25.0,,,0.0,False,,,,,,,False,,,,,,,False,False,left_to_right,False,92.5,25.0,,,False,False,False,False
03b11afc-76ce-4381-9db9-a78a43e918fd,3754266,585,1,00:17:39.842,17,39,43,Carry,37,31,Crystal Palace,From Free Kick,31,Crystal Palace,19688.0,Jason Puncheon,Right Wing,92.5,25.0,93.0,29.7,0.815663,False,,,,,,,False,,,,,,,False,False,left_to_right,False,92.5,25.0,93.0,29.7,False,False,False,False
b5a0c1f4-8e02-4a70-bd2c-05a5db3bac49,3754266,586,1,00:17:40.658,17,40,16,Shot,37,31,Crystal Palace,From Free Kick,31,Crystal Palace,19688.0,Jason Puncheon,Right Wing,93.0,29.7,120.0,33.5,1.448907,False,0.0148997065,Off T,Right Foot,Half Volley,Open Play,,False,,,,,,,False,False,left_to_right,False,93.0,29.7,120.0,33.5,False,False,False,False
84d6ca8f-dda3-47ef-a193-299b4e029844,3754266,587,1,00:17:42.106,17,42,23,Goal Keeper,37,31,Crystal Palace,From Free Kick,23,Watford,3522.0,Heurelho da Silva Gomes,Goalkeeper,1.6,42.7,,,0.0,False,,,,,,,False,,,,,,,False,False,left_to_right,False,1.6,42.7,,,False,False,False,False
d62d9b45-fe53-4fa3-8590-9b09f0f7f0b3,3754266,588,1,00:18:10.842,18,10,30,Pass,38,23,Watford,From Goal Kick,23,Watford,3522.0,Heurelho da Silva Gomes,Goalkeeper,7.0,36.1,86.6,49.8,4.072997,False,,,,,,Incomplete,False,80.770355,0.1704407,High Pass,Goal Kick,3454.0,Troy Deeney,False,False,left_to_right,False,7.0,36.1,86.6,49.8,False,True,True,True
5d00c037-c994-430e-9122-5de5aae217e6,3754266,589,1,00:18:14.915,18,14,42,Ball Receipt*,38,23,Watford,From Goal Kick,23,Watford,3454.0,Troy Deeney,Right Center Forward,83.8,48.7,,,,False,,,,,,,False,,,,,,,False,False,left_to_right,False,83.8,48.7,,,False,False,False,False
299b2166-1049-413c-a62d-3d5f26d17cfe,3754266,590,1,00:18:14.915,18,14,30,Pass,38,23,Watford,From Goal Kick,31,Crystal Palace,43695.0,Brede Hangeland,Left Center Back,33.5,30.3,36.2,29.6,0.079999,True,,,,,,Incomplete,False,2.7892652,-0.2536741,Low Pass,Recovery,,,False,False,left_to_right,False,33.5,30.3,36.2,29.6,False,False,False,True
d61b025c-6651-4d90-bcef-05bf37aae048,3754266,591,1,00:18:14.915,18,14,4,Duel,38,23,Watford,From Goal Kick,23,Watford,3454.0,Troy Deeney,Right Center Forward,86.6,49.8,,,0.0,True,,,,,,,False,,,,,,,False,False,left_to_right,False,86.6,49.8,,,False,False,False,False
cc150dce-8054-491b-b0c9-10957f9f248b,3754266,592,1,00:18:14.995,18,14,6,Block,38,23,Watford,From Goal Kick,23,Watford,3454.0,Troy Deeney,Right Center Forward,83.9,50.5,,,0.0,False,,,,,,,False,,,,,,,False,False,left_to_right,False,83.9,50.5,,,False,False,False,False
fd2b2889-e27f-4b4b-b63c-a860b76b2112,3754266,593,1,00:18:16.133,18,16,30,Pass,39,31,Crystal Palace,From Counter,31,Crystal Palace,4817.0,Joe Ledley,Left Defensive Midfield,40.4,26.1,71.4,23.9,1.829642,False,,,,,,,True,31.077967,-0.07084896,High Pass,Recovery,3092.0,Dwight Gayle,False,False,left_to_right,False,40.4,26.1,71.4,23.9,False,True,False,False
516b5eda-b83a-4462-9794-783bc9385fec,3754266,594,1,00:18:17.962,18,17,42,Ball Receipt*,39,31,Crystal Palace,From Counter,31,Crystal Palace,3092.0,Dwight Gayle,Center Forward,71.4,23.9,,,,False,,,,,,,False,,,,,,,False,False,left_to_right,False,71.4,23.9,,,False,False,False,False
63f4992a-59b0-43be-a6ba-9bf7c8e86a06,3754266,595,1,00:18:17.962,18,17,43,Carry,39,31,Crystal Palace,From Counter,31,Crystal Palace,3092.0,Dwight Gayle,Center Forward,71.4,23.9,70.6,23.0,1.516064,True,,,,,,,False,,,,,,,False,False,left_to_right,False,71.4,23.9,70.6,23.0,False,False,False,False
2f57e9aa-3990-4e5c-b9d2-a620458971fc,3754266,596,1,00:18:18.440,18,18,17,Pressure,39,31,Crystal Palace,From Counter,23,Watford,3309.0,Sebastian Prödl,Right Center Back,49.5,58.3,,,1.369241,False,,,,,,,False,,,,,,,False,False,left_to_right,False,49.5,58.3,,,False,False,False,False
79994e3c-9207-4893-afb4-65a17b6f3cda,3754266,597,1,00:18:19.478,18,19,22,Foul Committed,39,31,Crystal Palace,From Counter,23,Watford,3309.0,Sebastian Prödl,Right Center Back,49.5,57.1,,,0.0,False,,,,,,,False,,,,,,,False,False,left_to_right,False,49.5,57.1,,,False,False,False,False
81dac4e2-4137-47bc-94b7-9e95d821e407,3754266,598,1,00:18:19.478,18,19,21,Foul Won,39,31,Crystal Palace,From Counter,31,Crystal Palace,3092.0,Dwight Gayle,Center Forward,70.6,23.0,,,0.0,True,,,,,,,False,,,,,,,False,False,left_to_right,False,70.6,23.0,,,False,False,False,False
07c2e868-f518-4a1d-a255-0a78be876cec,3754266,599,1,00:19:00.606,19,0,30,Pass,40,31,Crystal Palace,From Free Kick,31,Crystal Palace,3277.0,Yohan Cabaye,Right Defensive Midfield,69.6,18.7,106.2,23.6,2.32408,False,,,,,,Incomplete,False,36.926548,0.1330884,High Pass,Free Kick,,,False,False,left_to_right,False,69.6,18.7,106.2,23.6,False,True,True,True
fd3475fb-85d6-4e11-8656-7c73ae3a189d,3754266,600,1,00:19:02.930,19,2,4,Duel,40,31,Crystal Palace,From Free Kick,31,Crystal Palace,3092.0,Dwight Gayle,Center Forward,106.2,23.6,,,0.0,True,,,,,,,False,,,,,,,False,False,left_to_right,False,106.2,23.6,,,False,False,False,False
dec2ca67-055b-412a-a5e4-d4bda74d1949,3754266,601,1,00:19:02.930,19,2,9,Clearance,40,31,Crystal Palace,From Free Kick,23,Watford,3991.0,Allan Romeo Nyom,Right Back,13.9,56.5,,,0.0,True,,,,,,,False,,,,,,,False,False,left_to_right,False,13.9,56.5,,,False,False,False,False
996aef81-8318-4097-a2cb-4bd99665f92c,3754266,602,1,00:19:06.417,19,6,30,Pass,40,31,Crystal Palace,From Free Kick,31,Crystal Palace,3277.0,Yohan Cabaye,Right Defensive Midfield,85.4,2.7,84.6,13.2,0.930822,False,,,,,,,True,10.530432,1.6468399,Ground Pass,Recovery,4817.0,Joe Ledley,False,False,left_to_right,False,85.4,2.7,84.6,13.2,False,False,False,False
4753232e-3f89-4f6f-8ed7-d568d065dc57,3754266,603,1,00:19:07.348,19,7,42,Ball Receipt*,40,31,Crystal Palace,From Free Kick,31,Crystal Palace,4817.0,Joe Ledley,Left Defensive Midfield,84.6,13.2,,,,False,,,,,,,False,,,,,,,False,False,left_to_right,False,84.6,13.2,,,False,False,False,False
37409699-c9e7-4a98-a13e-87d810d9f02c,3754266,604,1,00:19:07.348,19,7,43,Carry,40,31,Crystal Palace,From Free Kick,31,Crystal Palace,4817.0,Joe Ledley,Left Defensive Midfield,84.6,13.2,83.5,10.0,0.974538,False,,,,,,,False,,,,,,,False,False,left_to_right,False,84.6,13.2,83.5,10.0,False,False,False,False
0bc06f72-d11c-4a98-95bb-dd2f9a2233fb,3754266,605,1,00:19:08.322,19,8,30,Pass,40,31,Crystal Palace,From Free Kick,31,Crystal Palace,4817.0,Joe Ledley,Left Defensive Midfield,83.5,10.0,96.7,1.1,1.427176,False,,,,,,,True,15.920113,-0.59322906,Ground Pass,,4884.0,Pape N''Diaye Souaré,False,False,left_to_right,False,83.5,10.0,96.7,1.1,False,False,False,False
753241b8-b83b-4eb9-9060-9529bd6e28d7,3754266,606,1,00:19:08.701,19,8,42,Ball Receipt*,40,31,Crystal Palace,From Free Kick,31,Crystal Palace,4884.0,Pape N''Diaye Souaré,Left Back,96.7,1.1,,,,False,,,,,,,False,,,,,,,False,False,left_to_right,False,96.7,1.1,,,False,False,False,False
79e5876f-f62f-4dc4-a442-0eaf0433166b,3754266,607,1,00:19:08.701,19,8,43,Carry,40,31,Crystal Palace,From Free Kick,31,Crystal Palace,4884.0,Pape N''Diaye Souaré,Left Back,96.7,1.1,93.4,0.7,2.723787,True,,,,,,,False,,,,,,,False,False,left_to_right,False,96.7,1.1,93.4,0.7,False,False,False,False
4f97db49-f7f6-49da-b7bd-a9945288b14f,3754266,608,1,00:19:08.701,19,8,6,Block,40,31,Crystal Palace,From Free Kick,23,Watford,43081.0,Almen Abdi,Right Midfield,27.9,76.4,,,0.0,False,,,,,,,False,,,,,,,False,False,left_to_right,False,27.9,76.4,,,False,False,False,False
102eae18-e660-4bac-aa5e-7cb4eb41ea92,3754266,609,1,00:19:10.029,19,10,17,Pressure,40,31,Crystal Palace,From Free Kick,23,Watford,43081.0,Almen Abdi,Right Midfield,27.5,78.5,,,1.073649,False,,,,,,,False,,,,,,,False,False,left_to_right,False,27.5,78.5,,,False,False,False,False
0b60e145-764d-4492-8cb4-0d710d98121f,3754266,610,1,00:19:11.424,19,11,39,Dribbled Past,40,31,Crystal Palace,From Free Kick,23,Watford,43081.0,Almen Abdi,Right Midfield,26.7,79.4,,,0.0,False,,,,,,,False,,,,,,,False,False,left_to_right,False,26.7,79.4,,,False,False,False,False
19551c08-2f91-49b6-9dad-e0911b60b86e,3754266,611,1,00:19:11.424,19,11,14,Dribble,40,31,Crystal Palace,From Free Kick,31,Crystal Palace,4884.0,Pape N''Diaye Souaré,Left Back,93.4,0.7,,,0.0,True,,,,,,,False,,,,,,,False,False,left_to_right,False,93.4,0.7,,,False,False,False,False
dc4a1e58-0fd4-46f9-a20b-b3b1839c9688,3754266,612,1,00:19:11.424,19,11,43,Carry,40,31,Crystal Palace,From Free Kick,31,Crystal Palace,4884.0,Pape N''Diaye Souaré,Left Back,93.4,0.7,111.5,2.7,1.751392,True,,,,,,,False,,,,,,,False,False,left_to_right,False,93.4,0.7,111.5,2.7,False,False,False,False
396a72e5-51b0-466e-ba74-75e90203db0b,3754266,613,1,00:19:13.176,19,13,30,Pass,40,31,Crystal Palace,From Free Kick,31,Crystal Palace,4884.0,Pape N''Diaye Souaré,Left Back,111.5,2.7,112.2,34.1,0.171494,False,,,,,,Incomplete,False,31.4078,1.548507,High Pass,,,,False,False,left_to_right,False,111.5,2.7,112.2,34.1,False,True,False,True
bb61e46e-5953-4c56-9ef8-640a74c26195,3754266,614,1,00:19:13.347,19,13,6,Block,40,31,Crystal Palace,From Free Kick,23,Watford,3991.0,Allan Romeo Nyom,Right Back,7.9,46.0,,,0.0,False,,,,,,,False,,,,,,,False,False,left_to_right,False,7.9,46.0,,,False,False,False,False
eb280253-2210-4e25-9298-675d94c352cb,3754266,615,1,00:19:17.243,19,17,30,Pass,41,31,Crystal Palace,From Throw In,31,Crystal Palace,3589.0,Yannick Bolasie Yala,Left Wing,105.8,0.1,91.1,3.4,1.434385,False,,,,,,,True,15.065855,2.920764,Low Pass,Throw-in,4884.0,Pape N''Diaye Souaré,False,False,left_to_right,False,105.8,0.1,91.1,3.4,False,False,False,False
17c2eedf-2776-4dbc-897d-eb949a8977a3,3754266,616,1,00:19:18.652,19,18,17,Pressure,41,31,Crystal Palace,From Throw In,23,Watford,43081.0,Almen Abdi,Right Midfield,22.3,73.8,,,0.893133,False,,,,,,,False,,,,,,,False,False,left_to_right,False,22.3,73.8,,,False,False,False,False
98bc615e-c3a4-40d9-b256-50ef45027918,3754266,617,1,00:19:18.678,19,18,42,Ball Receipt*,41,31,Crystal Palace,From Throw In,31,Crystal Palace,4884.0,Pape N''Diaye Souaré,Left Back,91.1,3.4,,,,True,,,,,,,False,,,,,,,False,False,left_to_right,False,91.1,3.4,,,False,False,False,False
3cf2b293-132a-498f-a26d-b5bbcf70498a,3754266,618,1,00:19:18.678,19,18,43,Carry,41,31,Crystal Palace,From Throw In,31,Crystal Palace,4884.0,Pape N''Diaye Souaré,Left Back,91.1,3.4,94.8,4.1,1.268199,True,,,,,,,False,,,,,,,False,False,left_to_right,False,91.1,3.4,94.8,4.1,False,False,False,False
9e5d1217-93dd-44ed-bac5-97c8bd1e08b4,3754266,619,1,00:19:19.946,19,19,39,Dribbled Past,41,31,Crystal Palace,From Throw In,23,Watford,43081.0,Almen Abdi,Right Midfield,25.3,76.0,,,0.0,False,,,,,,,False,,,,,,,False,False,left_to_right,False,25.3,76.0,,,False,False,False,False
50bc45bd-b7c0-41a5-9371-4f52ce8cf320,3754266,620,1,00:19:19.946,19,19,14,Dribble,41,31,Crystal Palace,From Throw In,31,Crystal Palace,4884.0,Pape N''Diaye Souaré,Left Back,94.8,4.1,,,0.0,True,,,,,,,False,,,,,,,False,False,left_to_right,False,94.8,4.1,,,False,False,False,False
ebb6bbbb-d332-4321-ac4c-b345dd425fc6,3754266,621,1,00:19:19.946,19,19,43,Carry,41,31,Crystal Palace,From Throw In,31,Crystal Palace,4884.0,Pape N''Diaye Souaré,Left Back,94.8,4.1,96.4,4.5,0.698356,True,,,,,,,False,,,,,,,False,False,left_to_right,False,94.8,4.1,96.4,4.5,False,False,False,False
6cd48638-7fd0-47b3-908e-651de5b1bba3,3754266,622,1,00:19:20.343,19,20,17,Pressure,41,31,Crystal Palace,From Throw In,23,Watford,3721.0,Etienne Capoue,Right Center Midfield,22.8,72.8,,,0.472104,False,,,,,,,False,,,,,,,False,False,left_to_right,False,22.8,72.8,,,False,False,False,False
4002343b-46d0-45f5-8f5d-f7cfa1adcc57,3754266,623,1,00:19:20.644,19,20,30,Pass,41,31,Crystal Palace,From Throw In,31,Crystal Palace,4884.0,Pape N''Diaye Souaré,Left Back,96.4,4.5,96.1,0.1,1.079876,True,,,,,,Out,False,4.4102154,-1.6388727,Ground Pass,,3589.0,Yannick Bolasie Yala,False,False,left_to_right,False,96.4,4.5,96.1,0.1,False,False,False,True
88178c45-9a13-46ac-9c19-fb6ae4310e4f,3754266,624,1,00:19:21.724,19,21,42,Ball Receipt*,41,31,Crystal Palace,From Throw In,31,Crystal Palace,3589.0,Yannick Bolasie Yala,Left Wing,99.9,1.4,,,,False,,,,,,,False,,,,,,,False,False,left_to_right,False,99.9,1.4,,,False,False,False,False
93cac4ab-ae18-4524-8e88-f65fba769cbf,3754266,625,1,00:19:38.263,19,38,30,Pass,42,23,Watford,From Throw In,23,Watford,3991.0,Allan Romeo Nyom,Right Back,28.6,80.0,27.4,74.2,0.868639,False,,,,,,,True,5.9228373,-1.7748142,Low Pass,Throw-in,3721.0,Etienne Capoue,False,False,left_to_right,False,28.6,80.0,27.4,74.2,False,False,False,False
6da97270-abe3-4192-9346-f28956db5b3d,3754266,626,1,00:19:38.801,19,38,17,Pressure,42,23,Watford,From Throw In,31,Crystal Palace,3469.0,Bakary Sako,Center Attacking Midfield,91.6,7.7,,,0.446939,False,,,,,,,False,,,,,,,False,False,left_to_right,False,91.6,7.7,,,False,False,False,False
5897a4ab-205d-4eb6-a145-760194effbb0,3754266,627,1,00:19:39.131,19,39,42,Ball Receipt*,42,23,Watford,From Throw In,23,Watford,3721.0,Etienne Capoue,Right Center Midfield,27.4,74.2,,,,True,,,,,,,False,,,,,,,False,False,left_to_right,False,27.4,74.2,,,False,False,False,False
80fa3c32-63c9-44b2-8669-540f7cd26a6c,3754266,628,1,00:19:39.131,19,39,30,Pass,42,23,Watford,From Throw In,23,Watford,3721.0,Etienne Capoue,Right Center Midfield,28.5,76.4,43.5,61.7,2.641821,True,,,,,,Incomplete,False,21.002142,-0.7752975,High Pass,,3626.0,Ben Watson,False,False,left_to_right,False,28.5,76.4,43.5,61.7,False,False,False,True
8e680e03-5267-486a-b780-7eaed5dc4838,3754266,629,1,00:19:41.773,19,41,42,Ball Receipt*,42,23,Watford,From Throw In,23,Watford,3626.0,Ben Watson,Left Center Midfield,42.4,60.5,,,,False,,,,,,,False,,,,,,,False,False,left_to_right,False,42.4,60.5,,,False,False,False,False
cc3b0cfb-b844-4df8-a01b-61a8762a8050,3754266,630,1,00:19:41.773,19,41,30,Pass,42,23,Watford,From Throw In,31,Crystal Palace,19688.0,Jason Puncheon,Right Wing,76.6,18.4,75.6,24.0,0.865925,False,,,,,,,True,5.6885853,1.7475052,High Pass,Interception,3277.0,Yohan Cabaye,False,False,left_to_right,False,76.6,18.4,75.6,24.0,False,False,False,False
d147910f-fda7-4a5f-96d7-48f94ae3ecf0,3754266,631,1,00:19:42.639,19,42,42,Ball Receipt*,42,23,Watford,From Throw In,31,Crystal Palace,3277.0,Yohan Cabaye,Right Defensive Midfield,75.6,24.0,,,,False,,,,,,,False,,,,,,,False,False,left_to_right,False,75.6,24.0,,,False,False,False,False
63f2e705-9205-48ce-8778-670e8a7a003a,3754266,632,1,00:19:42.639,19,42,30,Pass,42,23,Watford,From Throw In,31,Crystal Palace,3277.0,Yohan Cabaye,Right Defensive Midfield,77.0,23.4,87.4,25.0,1.204316,False,,,,,,Incomplete,False,10.522357,0.15264933,Low Pass,,19688.0,Jason Puncheon,False,False,left_to_right,False,77.0,23.4,87.4,25.0,False,False,True,True
bd99a5a3-4c10-40b7-ad47-a4887efff2f0,3754266,633,1,00:19:43.177,19,43,17,Pressure,42,23,Watford,From Throw In,31,Crystal Palace,19688.0,Jason Puncheon,Right Wing,85.7,25.4,,,0.752781,False,,,,,,,False,,,,,,,False,False,left_to_right,False,85.7,25.4,,,False,False,False,False
76e73dce-b955-4afa-bc57-8154e08bd149,3754266,634,1,00:19:43.843,19,43,42,Ball Receipt*,42,23,Watford,From Throw In,31,Crystal Palace,19688.0,Jason Puncheon,Right Wing,86.0,22.2,,,,False,,,,,,,False,,,,,,,False,False,left_to_right,False,86.0,22.2,,,False,False,False,False
8094ccb7-6456-49a5-8529-59f9b0578a6c,3754266,635,1,00:19:43.843,19,43,30,Pass,42,23,Watford,From Throw In,23,Watford,3263.0,Craig Cathcart,Left Center Back,32.7,55.1,43.9,39.0,1.199099,True,,,,,,,True,19.612495,-0.96299434,Ground Pass,Recovery,6870.0,José Manuel Jurado Marín,False,False,left_to_right,False,32.7,55.1,43.9,39.0,False,False,False,False
23ceca9b-2321-45f6-83b7-497bddfcde42,3754266,636,1,00:19:45.042,19,45,42,Ball Receipt*,42,23,Watford,From Throw In,23,Watford,6870.0,José Manuel Jurado Marín,Left Midfield,43.9,39.0,,,,False,,,,,,,False,,,,,,,False,False,left_to_right,False,43.9,39.0,,,False,False,False,False
8ee905a6-043f-4d93-9033-760f3b190743,3754266,637,1,00:19:45.042,19,45,43,Carry,42,23,Watford,From Throw In,23,Watford,6870.0,José Manuel Jurado Marín,Left Midfield,43.9,39.0,71.4,25.7,4.390528,False,,,,,,,False,,,,,,,False,False,left_to_right,False,43.9,39.0,71.4,25.7,True,False,False,False
e6a8df58-6179-4568-af0a-3b34d04376bd,3754266,638,1,00:19:49.433,19,49,30,Pass,42,23,Watford,From Throw In,23,Watford,6870.0,José Manuel Jurado Marín,Left Midfield,71.4,25.7,90.9,5.6,2.441553,False,,,,,,,True,28.004642,-0.8005485,Ground Pass,,40118.0,Ikechi Anya,False,False,left_to_right,False,71.4,25.7,90.9,5.6,False,False,True,False
f3b9e1f3-20e5-45a9-8c04-a34eaecef6c4,3754266,639,1,00:19:51.874,19,51,42,Ball Receipt*,42,23,Watford,From Throw In,23,Watford,40118.0,Ikechi Anya,Left Back,90.9,5.6,,,,False,,,,,,,False,,,,,,,False,False,left_to_right,False,90.9,5.6,,,False,False,False,False
6b9af46e-5d49-4113-a093-4bb7a359293a,3754266,640,1,00:19:51.874,19,51,43,Carry,42,23,Watford,From Throw In,23,Watford,40118.0,Ikechi Anya,Left Back,90.9,5.6,118.1,22.4,4.271382,True,,,,,,,False,,,,,,,False,False,left_to_right,False,90.9,5.6,118.1,22.4,True,False,False,False
2a942bfe-5018-4566-a1e7-b381df6783f9,3754266,641,1,00:19:55.473,19,55,17,Pressure,42,23,Watford,From Throw In,31,Crystal Palace,3448.0,Martin Kelly,Right Back,10.0,64.3,,,0.795057,False,,,,,,,False,,,,,,,False,False,left_to_right,False,10.0,64.3,,,False,False,False,False
04e7625f-9368-4349-b734-92fd8591e81d,3754266,642,1,00:19:56.146,19,56,30,Pass,42,23,Watford,From Throw In,23,Watford,40118.0,Ikechi Anya,Left Back,118.1,22.4,117.0,28.3,0.456815,True,,,,,,Incomplete,False,6.0016665,1.7551208,Low Pass,,5458.0,Odion Jude Ighalo,False,False,left_to_right,False,118.1,22.4,117.0,28.3,False,True,False,True
46101d1d-b573-47b3-87a1-4918e1591861,3754266,643,1,00:19:56.603,19,56,42,Ball Receipt*,42,23,Watford,From Throw In,23,Watford,5458.0,Odion Jude Ighalo,Left Center Forward,111.9,37.6,,,,False,,,,,,,False,,,,,,,False,False,left_to_right,False,111.9,37.6,,,False,False,False,False
67851e6a-4f71-4ef3-af44-cf121fdc568a,3754266,644,1,00:19:56.603,19,56,9,Clearance,42,23,Watford,From Throw In,31,Crystal Palace,4817.0,Joe Ledley,Left Defensive Midfield,3.1,51.8,,,0.0,True,,,,,,,False,,,,,,,False,False,left_to_right,False,3.1,51.8,,,False,False,False,False
b792197f-8a89-4346-9562-dad8877b2a59,3754266,645,1,00:20:27.916,20,27,30,Pass,43,23,Watford,From Corner,23,Watford,43081.0,Almen Abdi,Right Midfield,120.0,0.1,117.1,35.3,1.026574,False,,,,,,Incomplete,False,35.31926,1.652997,High Pass,Corner,,,False,False,left_to_right,False,120.0,0.1,117.1,35.3,False,True,False,True
46fdedc2-d5a9-4667-8aea-a66592f51def,3754266,646,1,00:20:28.942,20,28,9,Clearance,43,23,Watford,From Corner,31,Crystal Palace,3589.0,Yannick Bolasie Yala,Left Wing,3.0,44.8,,,0.0,True,,,,,,,False,,,,,,,False,False,left_to_right,False,3.0,44.8,,,False,False,False,False
72177c1d-cb1d-44f2-a213-8ae898ab1987,3754266,647,1,00:20:31.238,20,31,2,Ball Recovery,44,31,Crystal Palace,Regular Play,31,Crystal Palace,3469.0,Bakary Sako,Center Attacking Midfield,28.8,47.4,,,0.0,False,,,,,,,False,,,,,,,False,False,left_to_right,False,28.8,47.4,,,False,False,False,False
e493a87e-0ef0-40dd-835a-c6f6a398db5d,3754266,648,1,00:20:31.238,20,31,43,Carry,44,31,Crystal Palace,Regular Play,31,Crystal Palace,3469.0,Bakary Sako,Center Attacking Midfield,28.8,47.4,41.1,39.6,2.611888,True,,,,,,,False,,,,,,,False,False,left_to_right,False,28.8,47.4,41.1,39.6,False,False,False,False
6e273424-7834-4363-b5ce-5cf33555c7ad,3754266,649,1,00:20:31.942,20,31,17,Pressure,44,31,Crystal Palace,Regular Play,23,Watford,3626.0,Ben Watson,Left Center Midfield,87.1,31.1,,,0.743908,False,,,,,,,False,,,,,,,False,False,left_to_right,False,87.1,31.1,,,False,False,False,False
9f4bab0d-4ab9-492f-b9c7-6de5182ecfa8,3754266,650,1,00:20:33.850,20,33,30,Pass,44,31,Crystal Palace,Regular Play,31,Crystal Palace,3469.0,Bakary Sako,Center Attacking Midfield,41.1,39.6,54.4,11.5,2.790666,False,,,,,,,True,31.088583,-1.1287282,Low Pass,,19688.0,Jason Puncheon,False,False,left_to_right,False,41.1,39.6,54.4,11.5,False,False,False,False
85c45f25-8ed1-492a-b1ac-44d86cbf459b,3754266,651,1,00:20:36.640,20,36,42,Ball Receipt*,44,31,Crystal Palace,Regular Play,31,Crystal Palace,19688.0,Jason Puncheon,Right Wing,54.4,11.5,,,,False,,,,,,,False,,,,,,,False,False,left_to_right,False,54.4,11.5,,,False,False,False,False
2cc5c4d7-4662-43d0-9b1c-e177ead987a2,3754266,652,1,00:20:36.640,20,36,43,Carry,44,31,Crystal Palace,Regular Play,31,Crystal Palace,19688.0,Jason Puncheon,Right Wing,54.4,11.5,82.8,5.1,4.384613,False,,,,,,,False,,,,,,,False,False,left_to_right,False,54.4,11.5,82.8,5.1,True,False,False,False
53bc261f-da22-4724-b03c-913785a5564a,3754266,653,1,00:20:41.025,20,41,30,Pass,44,31,Crystal Palace,Regular Play,31,Crystal Palace,19688.0,Jason Puncheon,Right Wing,82.8,5.1,109.4,37.3,1.594203,False,,,,,,Incomplete,False,41.766014,0.8803499,High Pass,,,,False,False,left_to_right,False,82.8,5.1,109.4,37.3,False,True,False,True
75da9b52-fb70-4784-af54-fd00c816d014,3754266,654,1,00:20:42.619,20,42,9,Clearance,44,31,Crystal Palace,Regular Play,23,Watford,40118.0,Ikechi Anya,Left Back,10.7,42.8,,,0.0,True,,,,,,,False,,,,,,,False,False,left_to_right,False,10.7,42.8,,,False,False,False,False
e1480b22-3e8b-45ad-b740-cd1ab9b1c8cf,3754266,655,1,00:20:43.548,20,43,17,Pressure,44,31,Crystal Palace,Regular Play,31,Crystal Palace,3277.0,Yohan Cabaye,Right Defensive Midfield,104.1,39.1,,,0.548738,False,,,,,,,False,,,,,,,False,False,left_to_right,False,104.1,39.1,,,False,False,False,False
09984db4-11c7-4eea-b155-baef7f9407ea,3754266,656,1,00:20:43.983,20,43,9,Clearance,44,31,Crystal Palace,Regular Play,23,Watford,3263.0,Craig Cathcart,Left Center Back,13.8,44.0,,,0.0,True,,,,,,,False,,,,,,,False,False,left_to_right,False,13.8,44.0,,,False,False,False,False
64bde145-39a3-48fc-89ad-a1fe2b4fd435,3754266,657,1,00:20:46.066,20,46,9,Clearance,44,31,Crystal Palace,Regular Play,23,Watford,3991.0,Allan Romeo Nyom,Right Back,15.6,56.7,,,0.0,True,,,,,,,False,,,,,,,False,False,left_to_right,False,15.6,56.7,,,False,False,False,False
6534b66e-12f0-4865-8e5b-0af5755dde6b,3754266,658,1,00:20:47.299,20,47,2,Ball Recovery,44,31,Crystal Palace,Regular Play,31,Crystal Palace,19688.0,Jason Puncheon,Right Wing,85.3,10.5,,,0.0,False,,,,,,,False,,,,,,,False,False,left_to_right,False,85.3,10.5,,,False,False,False,False
ed13cd1e-7b1c-40a3-87ae-0fd58040e47a,3754266,659,1,00:20:47.299,20,47,43,Carry,44,31,Crystal Palace,Regular Play,31,Crystal Palace,19688.0,Jason Puncheon,Right Wing,85.3,10.5,84.0,12.9,0.852106,False,,,,,,,False,,,,,,,False,False,left_to_right,False,85.3,10.5,84.0,12.9,False,False,False,False
36f67689-bb1a-4f9a-92fe-b9cca9a57668,3754266,660,1,00:20:48.151,20,48,30,Pass,44,31,Crystal Palace,Regular Play,31,Crystal Palace,19688.0,Jason Puncheon,Right Wing,84.0,12.9,100.3,8.7,1.40607,False,,,,,,,True,16.832409,-0.25218314,Ground Pass,,3469.0,Bakary Sako,False,False,left_to_right,False,84.0,12.9,100.3,8.7,False,False,False,False
4cc55fb7-33ce-4122-92d1-c014454f2b83,3754266,661,1,00:20:49.558,20,49,42,Ball Receipt*,44,31,Crystal Palace,Regular Play,31,Crystal Palace,3469.0,Bakary Sako,Center Attacking Midfield,100.3,8.7,,,,False,,,,,,,False,,,,,,,False,False,left_to_right,False,100.3,8.7,,,False,False,False,False
a8a11837-e577-4652-8b47-ecf78364d349,3754266,662,1,00:20:49.558,20,49,43,Carry,44,31,Crystal Palace,Regular Play,31,Crystal Palace,3469.0,Bakary Sako,Center Attacking Midfield,100.3,8.7,96.7,4.5,1.282733,False,,,,,,,False,,,,,,,False,False,left_to_right,False,100.3,8.7,96.7,4.5,False,False,False,False
273da7c3-17aa-436e-a41d-eeb61ad1f74d,3754266,663,1,00:20:50.840,20,50,30,Pass,44,31,Crystal Palace,Regular Play,31,Crystal Palace,3469.0,Bakary Sako,Center Attacking Midfield,96.7,4.5,82.5,8.6,0.852078,False,,,,,,,True,14.780054,2.8605049,Ground Pass,,19688.0,Jason Puncheon,False,False,left_to_right,False,96.7,4.5,82.5,8.6,False,False,False,False
1c84f21e-0d0a-4d23-bc6d-b7c8d9de7c39,3754266,664,1,00:20:51.692,20,51,42,Ball Receipt*,44,31,Crystal Palace,Regular Play,31,Crystal Palace,19688.0,Jason Puncheon,Right Wing,82.5,8.6,,,,False,,,,,,,False,,,,,,,False,False,left_to_right,False,82.5,8.6,,,False,False,False,False
00cefbf2-5ead-48d2-ae81-d8fda77f34bc,3754266,665,1,00:20:51.692,20,51,43,Carry,44,31,Crystal Palace,Regular Play,31,Crystal Palace,19688.0,Jason Puncheon,Right Wing,82.5,8.6,82.8,7.7,1.605889,False,,,,,,,False,,,,,,,False,False,left_to_right,False,82.5,8.6,82.8,7.7,False,False,False,False
861a5eec-638b-4002-9e7a-bb8ec3263e3b,3754266,666,1,00:20:53.298,20,53,30,Pass,44,31,Crystal Palace,Regular Play,31,Crystal Palace,19688.0,Jason Puncheon,Right Wing,82.8,7.7,94.1,2.1,0.937782,False,,,,,,,True,12.611503,-0.46010152,Ground Pass,,3469.0,Bakary Sako,False,False,left_to_right,False,82.8,7.7,94.1,2.1,False,False,False,False
a9a31e42-9385-400c-9908-696f6c388c38,3754266,667,1,00:20:54.236,20,54,42,Ball Receipt*,44,31,Crystal Palace,Regular Play,31,Crystal Palace,3469.0,Bakary Sako,Center Attacking Midfield,94.1,2.1,,,,False,,,,,,,False,,,,,,,False,False,left_to_right,False,94.1,2.1,,,False,False,False,False
89f975df-047d-4858-8443-37ad9f4e9c29,3754266,668,1,00:20:54.236,20,54,43,Carry,44,31,Crystal Palace,Regular Play,31,Crystal Palace,3469.0,Bakary Sako,Center Attacking Midfield,94.1,2.1,94.8,1.3,0.084848,False,,,,,,,False,,,,,,,False,False,left_to_right,False,94.1,2.1,94.8,1.3,False,False,False,False
45e83b9d-020e-4b35-ad41-d4eb8c5eae36,3754266,669,1,00:20:54.321,20,54,30,Pass,44,31,Crystal Palace,Regular Play,31,Crystal Palace,3469.0,Bakary Sako,Center Attacking Midfield,94.8,1.3,84.4,6.7,1.359554,False,,,,,,,True,11.718362,2.662679,Ground Pass,,19688.0,Jason Puncheon,False,False,left_to_right,False,94.8,1.3,84.4,6.7,False,False,False,False
c198f7d4-f383-4a97-b20f-d8264b6c4744,3754266,670,1,00:20:55.680,20,55,42,Ball Receipt*,44,31,Crystal Palace,Regular Play,31,Crystal Palace,19688.0,Jason Puncheon,Right Wing,84.4,6.7,,,,False,,,,,,,False,,,,,,,False,False,left_to_right,False,84.4,6.7,,,False,False,False,False
135c94b3-bc61-4af8-b547-94e2b52d0ec8,3754266,671,1,00:20:55.680,20,55,43,Carry,44,31,Crystal Palace,Regular Play,31,Crystal Palace,19688.0,Jason Puncheon,Right Wing,84.4,6.7,90.1,6.5,1.454414,False,,,,,,,False,,,,,,,False,False,left_to_right,False,84.4,6.7,90.1,6.5,False,False,False,False
024ee941-ea3f-4c98-a5be-89c816709403,3754266,672,1,00:20:57.135,20,57,30,Pass,44,31,Crystal Palace,Regular Play,31,Crystal Palace,19688.0,Jason Puncheon,Right Wing,90.1,6.5,97.9,2.0,0.456541,False,,,,,,,True,9.004998,-0.5232783,Ground Pass,,3469.0,Bakary Sako,False,False,left_to_right,False,90.1,6.5,97.9,2.0,False,False,False,False
ee42d6fa-db6d-4220-ad8c-b46d4a83ad86,3754266,673,1,00:20:57.591,20,57,42,Ball Receipt*,44,31,Crystal Palace,Regular Play,31,Crystal Palace,3469.0,Bakary Sako,Center Attacking Midfield,97.9,2.0,,,,False,,,,,,,False,,,,,,,False,False,left_to_right,False,97.9,2.0,,,False,False,False,False
c6a15019-5c76-4662-8e90-460fa45abe92,3754266,674,1,00:20:57.591,20,57,43,Carry,44,31,Crystal Palace,Regular Play,31,Crystal Palace,3469.0,Bakary Sako,Center Attacking Midfield,97.9,2.0,98.1,4.8,1.785535,False,,,,,,,False,,,,,,,False,False,left_to_right,False,97.9,2.0,98.1,4.8,False,False,False,False
b1da6b25-8970-4563-9750-a7109116c3f3,3754266,675,1,00:20:59.377,20,59,30,Pass,44,31,Crystal Palace,Regular Play,31,Crystal Palace,3469.0,Bakary Sako,Center Attacking Midfield,98.1,4.8,117.7,40.3,1.603946,False,,,,,,Incomplete,False,40.551327,1.0663326,High Pass,,,,False,False,left_to_right,False,98.1,4.8,117.7,40.3,False,True,False,True
76b2be9e-0f52-401d-b32c-8996843093af,3754266,676,1,00:21:00.981,21,0,23,Goal Keeper,44,31,Crystal Palace,Regular Play,23,Watford,3522.0,Heurelho da Silva Gomes,Goalkeeper,2.4,39.8,,,0.0,False,,,,,,,False,,,,,,,False,False,left_to_right,False,2.4,39.8,,,False,False,False,False
fda8176a-aea8-4afe-82d2-1c524dcf93ae,3754266,677,1,00:21:02.158,21,2,9,Clearance,44,31,Crystal Palace,Regular Play,23,Watford,3721.0,Etienne Capoue,Right Center Midfield,19.9,51.5,,,0.0,True,,,,,,,False,,,,,,,False,False,left_to_right,False,19.9,51.5,,,False,False,False,False
1bde1fe0-966e-4983-aed5-64ea5f955044,3754266,678,1,00:21:02.559,21,2,6,Block,44,31,Crystal Palace,Regular Play,23,Watford,6870.0,José Manuel Jurado Marín,Left Midfield,23.0,57.9,,,0.0,False,,,,,,,False,,,,,,,False,False,left_to_right,False,23.0,57.9,,,False,False,False,False
539731a0-83ef-4bbc-a684-4cdeef11dcef,3754266,679,1,00:21:03.906,21,3,2,Ball Recovery,45,23,Watford,Regular Play,23,Watford,6870.0,José Manuel Jurado Marín,Left Midfield,26.8,59.5,,,0.0,False,,,,,,,False,,,,,,,False,False,left_to_right,False,26.8,59.5,,,False,False,False,False
37814373-fe13-4a0f-b3b1-cefb501c0d7c,3754266,680,1,00:21:03.906,21,3,43,Carry,45,23,Watford,Regular Play,23,Watford,6870.0,José Manuel Jurado Marín,Left Midfield,26.8,59.5,28.8,58.1,0.863617,False,,,,,,,False,,,,,,,False,False,left_to_right,False,26.8,59.5,28.8,58.1,False,False,False,False
40f03ed9-61ba-4a81-8d01-20ffcf9e5fa4,3754266,681,1,00:21:04.770,21,4,30,Pass,45,23,Watford,Regular Play,23,Watford,6870.0,José Manuel Jurado Marín,Left Midfield,28.8,58.1,55.0,66.8,2.02622,False,,,,,,,True,27.606703,0.32060507,Ground Pass,,5458.0,Odion Jude Ighalo,False,False,left_to_right,False,28.8,58.1,55.0,66.8,False,False,False,False
c49e5606-e58e-47c0-b5e6-5cbc2c331c04,3754266,682,1,00:21:06.389,21,6,17,Pressure,45,23,Watford,Regular Play,31,Crystal Palace,43695.0,Brede Hangeland,Left Center Back,62.1,11.1,,,1.814052,False,,,,,,,False,,,,,,,False,False,left_to_right,False,62.1,11.1,,,False,False,False,False
fca4a143-9802-476f-8138-1d81417416d1,3754266,683,1,00:21:06.796,21,6,42,Ball Receipt*,45,23,Watford,Regular Play,23,Watford,5458.0,Odion Jude Ighalo,Left Center Forward,55.0,66.8,,,,True,,,,,,,False,,,,,,,False,False,left_to_right,False,55.0,66.8,,,False,False,False,False
aaf9d51a-cfb4-4a36-ae5d-e50105fc8e92,3754266,684,1,00:21:06.796,21,6,43,Carry,45,23,Watford,Regular Play,23,Watford,5458.0,Odion Jude Ighalo,Left Center Forward,55.0,66.8,55.0,77.3,1.213635,True,,,,,,,False,,,,,,,False,False,left_to_right,False,55.0,66.8,55.0,77.3,False,False,False,False
0eb9c495-b22f-407d-adbf-42df20d2e52e,3754266,685,1,00:21:08.009,21,8,22,Foul Committed,45,23,Watford,Regular Play,31,Crystal Palace,43695.0,Brede Hangeland,Left Center Back,65.1,2.8,,,0.0,False,,,,,,,False,,,,,,,False,False,left_to_right,False,65.1,2.8,,,False,False,False,False
976e099c-80c9-41d2-9501-5c9f2cadce10,3754266,686,1,00:21:08.009,21,8,21,Foul Won,45,23,Watford,Regular Play,23,Watford,5458.0,Odion Jude Ighalo,Left Center Forward,55.0,77.3,,,0.0,True,,,,,,,False,,,,,,,False,False,left_to_right,False,55.0,77.3,,,False,False,False,False
647f8cba-8fdc-41f9-8db1-1cc5066ddc4c,3754266,687,1,00:21:31.088,21,31,30,Pass,46,23,Watford,From Free Kick,23,Watford,43081.0,Almen Abdi,Right Midfield,56.4,75.6,52.8,40.0,0.383679,False,,,,,,,True,35.78156,-1.6715773,Ground Pass,Free Kick,3626.0,Ben Watson,False,False,left_to_right,False,56.4,75.6,52.8,40.0,False,False,False,False
ea080b67-f01b-4e81-ba98-8fd470576927,3754266,688,1,00:21:31.471,21,31,42,Ball Receipt*,46,23,Watford,From Free Kick,23,Watford,3626.0,Ben Watson,Left Center Midfield,52.8,40.0,,,,False,,,,,,,False,,,,,,,False,False,left_to_right,False,52.8,40.0,,,False,False,False,False
37b7f931-a48f-4ce4-beaf-246380cbb5f5,3754266,689,1,00:21:31.810,21,31,30,Pass,46,23,Watford,From Free Kick,23,Watford,3626.0,Ben Watson,Left Center Midfield,53.6,39.8,57.0,4.8,1.434991,False,,,,,,,True,35.164757,-1.4739573,Ground Pass,,40118.0,Ikechi Anya,False,False,left_to_right,False,53.6,39.8,57.0,4.8,False,False,False,False
380da4fe-7b25-4302-9de6-07defb511e59,3754266,690,1,00:21:33.245,21,33,42,Ball Receipt*,46,23,Watford,From Free Kick,23,Watford,40118.0,Ikechi Anya,Left Back,57.0,4.8,,,,False,,,,,,,False,,,,,,,False,False,left_to_right,False,57.0,4.8,,,False,False,False,False
786dc6e1-c756-43be-988c-ecd935917e7d,3754266,691,1,00:21:39.009,21,39,30,Pass,46,23,Watford,From Free Kick,23,Watford,40118.0,Ikechi Anya,Left Back,79.7,2.4,70.0,5.6,0.797113,False,,,,,,,True,10.214206,2.822938,Ground Pass,,6870.0,José Manuel Jurado Marín,False,False,left_to_right,False,79.7,2.4,70.0,5.6,False,False,False,False
6b926235-3868-4220-8721-aac079cb1d2f,3754266,692,1,00:21:39.806,21,39,42,Ball Receipt*,46,23,Watford,From Free Kick,23,Watford,6870.0,José Manuel Jurado Marín,Left Midfield,70.0,5.6,,,,False,,,,,,,False,,,,,,,False,False,left_to_right,False,70.0,5.6,,,False,False,False,False
7ed65767-6c69-4951-b17d-bc7ff63fb9be,3754266,693,1,00:21:39.806,21,39,43,Carry,46,23,Watford,From Free Kick,23,Watford,6870.0,José Manuel Jurado Marín,Left Midfield,70.0,5.6,70.4,13.0,3.361947,False,,,,,,,False,,,,,,,False,False,left_to_right,False,70.0,5.6,70.4,13.0,False,False,False,False
4016dd02-f3c8-46d6-b61d-f98396ac1586,3754266,694,1,00:21:43.168,21,43,30,Pass,46,23,Watford,From Free Kick,23,Watford,6870.0,José Manuel Jurado Marín,Left Midfield,70.4,13.0,111.0,70.5,3.588294,False,,,,,,,True,70.38899,0.9559968,High Pass,,43081.0,Almen Abdi,False,False,left_to_right,False,70.4,13.0,111.0,70.5,False,True,True,False
6850ab06-62dc-4c2d-bbb5-0004484d2faf,3754266,695,1,00:21:46.757,21,46,42,Ball Receipt*,46,23,Watford,From Free Kick,23,Watford,43081.0,Almen Abdi,Right Midfield,111.0,70.5,,,,False,,,,,,,False,,,,,,,False,False,left_to_right,False,111.0,70.5,,,False,False,False,False
e873d1a3-2322-4744-b034-d9a4b40fce25,3754266,696,1,00:21:46.757,21,46,43,Carry,46,23,Watford,From Free Kick,23,Watford,43081.0,Almen Abdi,Right Midfield,111.0,70.5,110.5,70.5,1.366389,False,,,,,,,False,,,,,,,False,False,left_to_right,False,111.0,70.5,110.5,70.5,False,False,False,False
f581d1b2-8b31-4872-9efc-d3f55fb97e3b,3754266,697,1,00:21:48.123,21,48,30,Pass,46,23,Watford,From Free Kick,23,Watford,43081.0,Almen Abdi,Right Midfield,110.5,70.5,111.1,48.8,0.982077,False,,,,,,,True,21.708294,-1.5431536,High Pass,,5458.0,Odion Jude Ighalo,True,False,left_to_right,False,110.5,70.5,111.1,48.8,False,True,False,False
e4771f0a-b24d-45b0-a623-767c9c562a77,3754266,698,1,00:21:49.095,21,49,42,Ball Receipt*,46,23,Watford,From Free Kick,23,Watford,5458.0,Odion Jude Ighalo,Left Center Forward,111.1,48.8,,,,False,,,,,,,False,,,,,,,False,False,left_to_right,False,111.1,48.8,,,False,False,False,False
de10cbe6-ee3d-482a-bab0-3048c2e975ed,3754266,699,1,00:21:49.095,21,49,4,Duel,46,23,Watford,From Free Kick,31,Crystal Palace,43695.0,Brede Hangeland,Left Center Back,7.4,35.8,,,0.0,True,,,,,,,False,,,,,,,False,False,left_to_right,False,7.4,35.8,,,False,False,False,False
c6b58beb-93a4-46c7-8a7b-dbc84d86bf05,3754266,700,1,00:21:49.095,21,49,16,Shot,46,23,Watford,From Free Kick,23,Watford,5458.0,Odion Jude Ighalo,Left Center Forward,112.7,44.3,113.0,36.6,0.412551,True,0.12069201,Wayward,Head,Normal,Open Play,,False,,,,,,,False,False,left_to_right,False,112.7,44.3,113.0,36.6,False,False,False,False
e1727d28-d022-40f6-bfef-80daea7477b5,3754266,701,1,00:21:49.508,21,49,23,Goal Keeper,46,23,Watford,From Free Kick,31,Crystal Palace,3488.0,Wayne Hennessey,Goalkeeper,0.8,36.9,,,0.0,False,,,,,,,False,,,,,,,False,False,left_to_right,False,0.8,36.9,,,False,False,False,False
c2fc3bac-e05e-4c59-bebc-ef468461825f,3754266,702,1,00:21:49.654,21,49,9,Clearance,46,23,Watford,From Free Kick,31,Crystal Palace,3407.0,Scott Dann,Right Center Back,8.8,43.5,,,0.0,True,,,,,,,False,,,,,,,False,False,left_to_right,False,8.8,43.5,,,False,False,False,False
de17149e-2872-43c8-868c-fdad68e856d3,3754266,703,1,00:21:51.665,21,51,2,Ball Recovery,46,23,Watford,From Free Kick,23,Watford,3721.0,Etienne Capoue,Right Center Midfield,99.2,49.2,,,0.0,False,,,,,,,False,,,,,,,False,False,left_to_right,False,99.2,49.2,,,False,False,False,False
d09cc199-5dd0-4d66-817d-63f1841e74f9,3754266,704,1,00:21:52.107,21,52,17,Pressure,46,23,Watford,From Free Kick,23,Watford,3721.0,Etienne Capoue,Right Center Midfield,100.0,42.6,,,1.616395,False,,,,,,,False,,,,,,,False,False,left_to_right,False,100.0,42.6,,,False,False,False,False
cae7cbf4-e8bc-437a-8c12-e0df369529b0,3754266,705,1,00:21:53.631,21,53,30,Pass,47,31,Crystal Palace,Regular Play,31,Crystal Palace,3277.0,Yohan Cabaye,Right Defensive Midfield,19.8,48.8,25.3,53.0,0.856909,True,,,,,,,True,6.92026,0.65217143,Ground Pass,Recovery,19688.0,Jason Puncheon,False,False,left_to_right,False,19.8,48.8,25.3,53.0,False,False,False,False
291385f6-af1f-4b3e-b274-d06806f71cfb,3754266,706,1,00:21:54.377,21,54,17,Pressure,47,31,Crystal Palace,Regular Play,23,Watford,3721.0,Etienne Capoue,Right Center Midfield,96.7,31.7,,,1.102217,False,,,,,,,False,,,,,,,False,False,left_to_right,False,96.7,31.7,,,False,False,False,False
fea762f0-ba8a-4a3d-9902-8615d0410bbc,3754266,707,1,00:21:54.488,21,54,42,Ball Receipt*,47,31,Crystal Palace,Regular Play,31,Crystal Palace,19688.0,Jason Puncheon,Right Wing,25.3,53.0,,,,True,,,,,,,False,,,,,,,False,False,left_to_right,False,25.3,53.0,,,False,False,False,False
f6f302bb-0ecb-4767-b11d-2c8c29448710,3754266,708,1,00:21:54.488,21,54,43,Carry,47,31,Crystal Palace,Regular Play,31,Crystal Palace,19688.0,Jason Puncheon,Right Wing,25.3,53.0,27.9,53.9,0.987767,True,,,,,,,False,,,,,,,False,False,left_to_right,False,25.3,53.0,27.9,53.9,False,False,False,False
983caea8-033e-4ad4-9397-63d55279e14b,3754266,709,1,00:21:55.475,21,55,30,Pass,47,31,Crystal Palace,Regular Play,31,Crystal Palace,19688.0,Jason Puncheon,Right Wing,27.9,53.9,98.1,56.2,4.86671,True,,,,,,Incomplete,False,70.23767,0.032751817,High Pass,,,,False,False,left_to_right,False,27.9,53.9,98.1,56.2,False,True,True,True
533f7cdf-8560-45b6-afc5-14b1d78d5977,3754266,710,1,00:21:59.564,21,59,17,Pressure,47,31,Crystal Palace,Regular Play,31,Crystal Palace,3469.0,Bakary Sako,Center Attacking Midfield,91.3,54.4,,,0.939886,False,,,,,,,False,,,,,,,False,False,left_to_right,False,91.3,54.4,,,False,False,False,False
309856b2-27e3-4cca-90d2-40848859dd39,3754266,711,1,00:22:00.342,22,0,9,Clearance,47,31,Crystal Palace,Regular Play,23,Watford,3263.0,Craig Cathcart,Left Center Back,22.0,23.9,,,0.0,True,,,,,,,False,,,,,,,False,False,left_to_right,False,22.0,23.9,,,False,False,False,False
93d87e44-f5c1-41bc-b5be-133fabb156ec,3754266,712,1,00:22:03.977,22,3,2,Ball Recovery,47,31,Crystal Palace,Regular Play,31,Crystal Palace,3092.0,Dwight Gayle,Center Forward,85.4,15.2,,,0.0,False,,,,,,,False,,,,,,,False,False,left_to_right,False,85.4,15.2,,,False,False,False,False
287e15b4-348b-4df6-bd63-613de375fba8,3754266,713,1,00:22:03.977,22,3,43,Carry,47,31,Crystal Palace,Regular Play,31,Crystal Palace,3092.0,Dwight Gayle,Center Forward,85.4,15.2,85.3,14.3,1.462366,True,,,,,,,False,,,,,,,False,False,left_to_right,False,85.4,15.2,85.3,14.3,False,False,False,False
c5274696-c89f-427e-a491-b8c8601d0e40,3754266,714,1,00:22:04.156,22,4,17,Pressure,47,31,Crystal Palace,Regular Play,23,Watford,3991.0,Allan Romeo Nyom,Right Back,35.7,63.0,,,1.241753,False,,,,,,,False,,,,,,,False,False,left_to_right,False,35.7,63.0,,,False,False,False,False
2060af87-74d5-46e4-9cb3-3c9dcd2d117c,3754266,715,1,00:22:05.440,22,5,3,Dispossessed,47,31,Crystal Palace,Regular Play,31,Crystal Palace,3092.0,Dwight Gayle,Center Forward,85.3,14.3,,,0.0,True,,,,,,,False,,,,,,,False,False,left_to_right,False,85.3,14.3,,,False,False,False,True
0aa03076-d457-418d-9599-7111da48fd56,3754266,716,1,00:22:05.440,22,5,4,Duel,47,31,Crystal Palace,Regular Play,23,Watford,3991.0,Allan Romeo Nyom,Right Back,34.8,65.8,,,0.0,True,,,,,,,False,,,,,,,False,False,left_to_right,False,34.8,65.8,,,False,False,False,False
deb827f7-4602-4a40-be21-1087ea65ed32,3754266,717,1,00:22:06.870,22,6,30,Pass,47,31,Crystal Palace,Regular Play,31,Crystal Palace,3092.0,Dwight Gayle,Center Forward,80.8,15.7,86.3,23.6,1.76716,False,,,,,,Incomplete,False,9.626006,0.96262354,Ground Pass,Recovery,3469.0,Bakary Sako,False,False,left_to_right,False,80.8,15.7,86.3,23.6,False,False,False,True
92b16c6e-757c-4f62-bbae-6ded14e75039,3754266,718,1,00:22:07.259,22,7,17,Pressure,47,31,Crystal Palace,Regular Play,23,Watford,43081.0,Almen Abdi,Right Midfield,35.5,59.1,,,0.996839,False,,,,,,,False,,,,,,,False,False,left_to_right,False,35.5,59.1,,,False,False,False,False
100839c8-9e0f-496e-955e-092d0b1cc1c5,3754266,719,1,00:22:07.739,22,7,17,Pressure,47,31,Crystal Palace,Regular Play,31,Crystal Palace,3469.0,Bakary Sako,Center Attacking Midfield,85.0,22.9,,,1.482883,True,,,,,,,False,,,,,,,False,False,left_to_right,False,85.0,22.9,,,False,False,False,False
ed02a338-a4fa-4336-b185-0c1d25300b0e,3754266,720,1,00:22:08.637,22,8,42,Ball Receipt*,47,31,Crystal Palace,Regular Play,31,Crystal Palace,3469.0,Bakary Sako,Center Attacking Midfield,83.6,23.4,,,,False,,,,,,,False,,,,,,,False,False,left_to_right,False,83.6,23.4,,,False,False,False,False
d9a7e9e7-fdf9-4177-a63c-4059e2464cd2,3754266,721,1,00:22:08.637,22,8,10,Interception,48,23,Watford,Regular Play,23,Watford,43081.0,Almen Abdi,Right Midfield,33.8,56.5,,,0.0,True,,,,,,,False,,,,,,,False,False,left_to_right,False,33.8,56.5,,,False,False,False,False
3629cccd-aed7-4e8c-a990-f4ff20388cd1,3754266,722,1,00:22:08.637,22,8,43,Carry,48,23,Watford,Regular Play,23,Watford,43081.0,Almen Abdi,Right Midfield,33.8,56.5,33.3,58.5,0.219569,True,,,,,,,False,,,,,,,False,False,left_to_right,False,33.8,56.5,33.3,58.5,False,False,False,False
78e06cae-e6ef-417a-a12e-e7b7c642441f,3754266,723,1,00:22:08.857,22,8,22,Foul Committed,48,23,Watford,Regular Play,31,Crystal Palace,3469.0,Bakary Sako,Center Attacking Midfield,86.8,21.6,,,0.0,False,,,,,,,False,,,,,,,False,False,left_to_right,False,86.8,21.6,,,False,False,False,False
ffb95382-6699-4f35-b315-7c3b78299b8f,3754266,724,1,00:22:08.857,22,8,21,Foul Won,48,23,Watford,Regular Play,23,Watford,43081.0,Almen Abdi,Right Midfield,33.3,58.5,,,0.0,True,,,,,,,False,,,,,,,False,False,left_to_right,False,33.3,58.5,,,False,False,False,False
636c190a-90d1-470a-acf8-9a1198829649,3754266,725,1,00:22:13.778,22,13,30,Pass,49,23,Watford,From Free Kick,23,Watford,3626.0,Ben Watson,Left Center Midfield,40.4,54.7,44.8,70.1,1.415474,False,,,,,,,True,16.016241,1.2924967,Ground Pass,Free Kick,3454.0,Troy Deeney,False,False,left_to_right,False,40.4,54.7,44.8,70.1,False,False,False,False
8db3a798-248f-4ab9-b1c0-367b3a218ae0,3754266,726,1,00:22:15.193,22,15,42,Ball Receipt*,49,23,Watford,From Free Kick,23,Watford,3454.0,Troy Deeney,Right Center Forward,44.8,70.1,,,,False,,,,,,,False,,,,,,,False,False,left_to_right,False,44.8,70.1,,,False,False,False,False
60d743ce-89d9-4697-b6f8-f36462d60c72,3754266,727,1,00:22:15.193,22,15,43,Carry,49,23,Watford,From Free Kick,23,Watford,3454.0,Troy Deeney,Right Center Forward,44.8,70.1,53.3,75.7,3.494916,False,,,,,,,False,,,,,,,False,False,left_to_right,False,44.8,70.1,53.3,75.7,False,False,False,False
7c6e82ad-5185-404e-abfe-5c5b88b92444,3754266,728,1,00:22:18.688,22,18,30,Pass,49,23,Watford,From Free Kick,23,Watford,3454.0,Troy Deeney,Right Center Forward,53.3,75.7,48.3,67.6,1.087766,False,,,,,,,True,9.518929,-2.1238277,Ground Pass,,3721.0,Etienne Capoue,False,False,left_to_right,False,53.3,75.7,48.3,67.6,False,False,False,False
abe93691-d126-4fdd-a33b-b0abc63600b8,3754266,729,1,00:22:19.776,22,19,42,Ball Receipt*,49,23,Watford,From Free Kick,23,Watford,3721.0,Etienne Capoue,Right Center Midfield,48.3,67.6,,,,False,,,,,,,False,,,,,,,False,False,left_to_right,False,48.3,67.6,,,False,False,False,False
955b56dd-449c-4790-b262-bf963e7c06d4,3754266,730,1,00:22:19.776,22,19,43,Carry,49,23,Watford,From Free Kick,23,Watford,3721.0,Etienne Capoue,Right Center Midfield,48.3,67.6,57.5,65.5,4.576962,False,,,,,,,False,,,,,,,False,False,left_to_right,False,48.3,67.6,57.5,65.5,False,False,False,False
60487783-0db5-4328-a8af-c5a5499afc60,3754266,731,1,00:22:24.353,22,24,30,Pass,49,23,Watford,From Free Kick,23,Watford,3721.0,Etienne Capoue,Right Center Midfield,57.5,65.5,44.9,68.6,1.620929,False,,,,,,,True,12.975746,2.9003522,Ground Pass,,3991.0,Allan Romeo Nyom,False,False,left_to_right,False,57.5,65.5,44.9,68.6,False,False,False,False
b04f976a-dd2b-47b7-b59b-de58cbc44358,3754266,732,1,00:22:25.974,22,25,42,Ball Receipt*,49,23,Watford,From Free Kick,23,Watford,3991.0,Allan Romeo Nyom,Right Back,44.9,68.6,,,,False,,,,,,,False,,,,,,,False,False,left_to_right,False,44.9,68.6,,,False,False,False,False
84d91f6d-f4c3-428a-b1c8-29769d334901,3754266,733,1,00:22:25.974,22,25,43,Carry,49,23,Watford,From Free Kick,23,Watford,3991.0,Allan Romeo Nyom,Right Back,44.9,68.6,43.9,68.7,0.420195,False,,,,,,,False,,,,,,,False,False,left_to_right,False,44.9,68.6,43.9,68.7,False,False,False,False
d99e4a30-de53-4ba6-ac08-8f1ce45227d0,3754266,734,1,00:22:26.394,22,26,30,Pass,49,23,Watford,From Free Kick,23,Watford,3991.0,Allan Romeo Nyom,Right Back,43.9,68.7,40.4,51.0,1.50549,False,,,,,,,True,18.042727,-1.766018,Ground Pass,,3309.0,Sebastian Prödl,False,False,left_to_right,False,43.9,68.7,40.4,51.0,False,False,False,False
d0b7c309-6d62-4218-8934-e3bdc0cb73b4,3754266,735,1,00:22:27.899,22,27,42,Ball Receipt*,49,23,Watford,From Free Kick,23,Watford,3309.0,Sebastian Prödl,Right Center Back,40.4,51.0,,,,False,,,,,,,False,,,,,,,False,False,left_to_right,False,40.4,51.0,,,False,False,False,False
a591aff4-d5fc-4634-85c8-4980a6103f61,3754266,736,1,00:22:27.899,22,27,43,Carry,49,23,Watford,From Free Kick,23,Watford,3309.0,Sebastian Prödl,Right Center Back,40.4,51.0,52.3,41.4,3.371575,False,,,,,,,False,,,,,,,False,False,left_to_right,False,40.4,51.0,52.3,41.4,False,False,False,False
a0d68b44-6417-4215-b2bf-7abc2f47b278,3754266,737,1,00:22:31.271,22,31,30,Pass,49,23,Watford,From Free Kick,23,Watford,3309.0,Sebastian Prödl,Right Center Back,52.3,41.4,48.3,7.2,3.117572,False,,,,,,,True,34.433125,-1.6872264,Ground Pass,,3626.0,Ben Watson,False,False,left_to_right,False,52.3,41.4,48.3,7.2,False,False,False,False
d5b37602-465a-40be-8823-c6fbb953c925,3754266,738,1,00:22:34.389,22,34,42,Ball Receipt*,49,23,Watford,From Free Kick,23,Watford,3626.0,Ben Watson,Left Center Midfield,48.3,7.2,,,,False,,,,,,,False,,,,,,,False,False,left_to_right,False,48.3,7.2,,,False,False,False,False
6090f2fc-c5dc-4fbd-b984-87ee4fd9f954,3754266,739,1,00:22:34.389,22,34,43,Carry,49,23,Watford,From Free Kick,23,Watford,3626.0,Ben Watson,Left Center Midfield,48.3,7.2,49.8,8.4,2.523721,False,,,,,,,False,,,,,,,False,False,left_to_right,False,48.3,7.2,49.8,8.4,False,False,False,False
19570f59-38a6-4a4f-aac6-0d2bd7ad06b9,3754266,740,1,00:22:36.912,22,36,30,Pass,49,23,Watford,From Free Kick,23,Watford,3626.0,Ben Watson,Left Center Midfield,49.8,8.4,48.0,38.6,2.107276,False,,,,,,,True,30.253595,1.6303285,Ground Pass,,3721.0,Etienne Capoue,False,False,left_to_right,False,49.8,8.4,48.0,38.6,False,False,False,False
2c96bf8e-9c82-4990-b322-1a9c51a95b8c,3754266,741,1,00:22:39.020,22,39,42,Ball Receipt*,49,23,Watford,From Free Kick,23,Watford,3721.0,Etienne Capoue,Right Center Midfield,48.0,38.6,,,,False,,,,,,,False,,,,,,,False,False,left_to_right,False,48.0,38.6,,,False,False,False,False
b3d592b1-c2d3-4e5a-af9b-f7f6fd184339,3754266,742,1,00:22:39.020,22,39,43,Carry,49,23,Watford,From Free Kick,23,Watford,3721.0,Etienne Capoue,Right Center Midfield,48.0,38.6,52.6,44.9,1.901783,False,,,,,,,False,,,,,,,False,False,left_to_right,False,48.0,38.6,52.6,44.9,False,False,False,False
c253dcab-7ad2-4eba-bb4d-18b0e30baf84,3754266,743,1,00:22:40.921,22,40,30,Pass,49,23,Watford,From Free Kick,23,Watford,3721.0,Etienne Capoue,Right Center Midfield,52.6,44.9,62.2,64.4,1.640294,False,,,,,,,True,21.734995,1.1133214,Ground Pass,,43081.0,Almen Abdi,False,False,left_to_right,False,52.6,44.9,62.2,64.4,False,False,False,False
86f8e8cb-aa6f-4c75-8fa5-b3995dfdd06b,3754266,744,1,00:22:42.562,22,42,42,Ball Receipt*,49,23,Watford,From Free Kick,23,Watford,43081.0,Almen Abdi,Right Midfield,62.2,64.4,,,,False,,,,,,,False,,,,,,,False,False,left_to_right,False,62.2,64.4,,,False,False,False,False
af0b6477-b4b9-45ec-9e23-4b2a728f6890,3754266,745,1,00:22:42.562,22,42,43,Carry,49,23,Watford,From Free Kick,23,Watford,43081.0,Almen Abdi,Right Midfield,62.2,64.4,71.0,63.1,1.840888,True,,,,,,,False,,,,,,,False,False,left_to_right,False,62.2,64.4,71.0,63.1,False,False,False,False
a1e39571-80e2-454e-bec5-016f22bec387,3754266,746,1,00:22:43.845,22,43,17,Pressure,49,23,Watford,From Free Kick,31,Crystal Palace,3589.0,Yannick Bolasie Yala,Left Wing,49.8,15.0,,,0.621802,False,,,,,,,False,,,,,,,False,False,left_to_right,False,49.8,15.0,,,False,False,False,False
21147934-eaa4-4c39-b5d0-31af76d1599e,3754266,747,1,00:22:44.403,22,44,30,Pass,49,23,Watford,From Free Kick,23,Watford,43081.0,Almen Abdi,Right Midfield,71.0,63.1,89.9,77.0,2.489313,True,,,,,,,True,23.461031,0.63412374,Ground Pass,,3991.0,Allan Romeo Nyom,False,False,left_to_right,False,71.0,63.1,89.9,77.0,False,False,True,False
1fd9d6ba-8b99-41e0-96da-8f088d9ec6f0,3754266,748,1,00:22:46.892,22,46,42,Ball Receipt*,49,23,Watford,From Free Kick,23,Watford,3991.0,Allan Romeo Nyom,Right Back,89.9,77.0,,,,False,,,,,,,False,,,,,,,False,False,left_to_right,False,89.9,77.0,,,False,False,False,False
ecb6f0d8-c467-467c-83a1-f05649440a2d,3754266,749,1,00:22:46.892,22,46,43,Carry,49,23,Watford,From Free Kick,23,Watford,3991.0,Allan Romeo Nyom,Right Back,89.9,77.0,91.8,67.3,2.760859,True,,,,,,,False,,,,,,,False,False,left_to_right,False,89.9,77.0,91.8,67.3,False,False,False,False
f45c50ad-e7ab-47e7-829b-51d87a09d2d6,3754266,750,1,00:22:49.166,22,49,17,Pressure,49,23,Watford,From Free Kick,31,Crystal Palace,4884.0,Pape N''Diaye Souaré,Left Back,23.3,10.8,,,0.591533,False,,,,,,,False,,,,,,,False,False,left_to_right,False,23.3,10.8,,,False,False,False,False
60924017-f65d-4f1a-be83-937e32f9c875,3754266,751,1,00:22:49.653,22,49,30,Pass,49,23,Watford,From Free Kick,23,Watford,3991.0,Allan Romeo Nyom,Right Back,91.8,67.3,98.2,57.2,0.51083,True,,,,,,Incomplete,False,11.957006,-1.0059915,High Pass,,5458.0,Odion Jude Ighalo,False,False,left_to_right,False,91.8,67.3,98.2,57.2,False,True,False,True
20335bea-64d9-4a55-b522-0f83adab05d6,3754266,752,1,00:22:50.164,22,50,42,Ball Receipt*,49,23,Watford,From Free Kick,23,Watford,5458.0,Odion Jude Ighalo,Left Center Forward,106.5,43.2,,,,False,,,,,,,False,,,,,,,False,False,left_to_right,False,106.5,43.2,,,False,False,False,False
e302293f-fcbf-4ada-9182-8f72c6569f46,3754266,753,1,00:22:50.164,22,50,9,Clearance,49,23,Watford,From Free Kick,31,Crystal Palace,3277.0,Yohan Cabaye,Right Defensive Midfield,21.9,22.9,,,0.0,True,,,,,,,False,,,,,,,False,False,left_to_right,False,21.9,22.9,,,False,False,False,False
40ae792b-c574-45c8-8a66-5d4ee76ec40f,3754266,754,1,00:22:52.251,22,52,2,Ball Recovery,49,23,Watford,From Free Kick,23,Watford,3721.0,Etienne Capoue,Right Center Midfield,72.1,55.3,,,0.0,False,,,,,,,False,,,,,,,False,False,left_to_right,False,72.1,55.3,,,False,False,False,False
9ead905c-85e8-4cd6-adc7-608b726e462b,3754266,755,1,00:22:52.251,22,52,43,Carry,49,23,Watford,From Free Kick,23,Watford,3721.0,Etienne Capoue,Right Center Midfield,72.1,55.3,78.6,53.9,1.117784,False,,,,,,,False,,,,,,,False,False,left_to_right,False,72.1,55.3,78.6,53.9,False,False,False,False
5f8db2f9-4892-4e14-9a2a-6fe47be1b53b,3754266,756,1,00:22:53.368,22,53,30,Pass,49,23,Watford,From Free Kick,23,Watford,3721.0,Etienne Capoue,Right Center Midfield,78.6,53.9,84.2,71.0,1.44906,False,,,,,,,True,17.99361,1.2543181,Ground Pass,,3991.0,Allan Romeo Nyom,False,False,left_to_right,False,78.6,53.9,84.2,71.0,False,False,True,False
f64e4fa0-c81d-406c-9428-8620f863e965,3754266,757,1,00:22:54.818,22,54,42,Ball Receipt*,49,23,Watford,From Free Kick,23,Watford,3991.0,Allan Romeo Nyom,Right Back,84.2,71.0,,,,False,,,,,,,False,,,,,,,False,False,left_to_right,False,84.2,71.0,,,False,False,False,False
00a52516-4e29-4c01-a6f0-a0a2828907b1,3754266,758,1,00:22:54.818,22,54,43,Carry,49,23,Watford,From Free Kick,23,Watford,3991.0,Allan Romeo Nyom,Right Back,84.2,71.0,82.9,72.5,0.790973,False,,,,,,,False,,,,,,,False,False,left_to_right,False,84.2,71.0,82.9,72.5,False,False,False,False
cc0550eb-b0b1-431e-b87c-726b94f13312,3754266,759,1,00:22:55.609,22,55,30,Pass,49,23,Watford,From Free Kick,23,Watford,3991.0,Allan Romeo Nyom,Right Back,82.9,72.5,98.2,79.0,0.988358,False,,,,,,,True,16.623478,0.40173224,Ground Pass,,3454.0,Troy Deeney,False,False,left_to_right,False,82.9,72.5,98.2,79.0,False,False,False,False
41a296b9-5f6b-4481-9f68-c5c5cda64f2c,3754266,760,1,00:22:56.597,22,56,42,Ball Receipt*,49,23,Watford,From Free Kick,23,Watford,3454.0,Troy Deeney,Right Center Forward,98.2,79.0,,,,False,,,,,,,False,,,,,,,False,False,left_to_right,False,98.2,79.0,,,False,False,False,False
1c6b122b-0a52-482b-a66e-a3471af640ff,3754266,761,1,00:22:56.597,22,56,43,Carry,49,23,Watford,From Free Kick,23,Watford,3454.0,Troy Deeney,Right Center Forward,98.2,79.0,93.4,76.0,2.609514,False,,,,,,,False,,,,,,,False,False,left_to_right,False,98.2,79.0,93.4,76.0,False,False,False,False
d0f9cf7b-3178-44a8-8930-354809618b9d,3754266,762,1,00:22:59.206,22,59,30,Pass,49,23,Watford,From Free Kick,23,Watford,3454.0,Troy Deeney,Right Center Forward,93.4,76.0,84.6,73.9,1.141405,False,,,,,,,True,9.047099,-2.9073374,Ground Pass,,3991.0,Allan Romeo Nyom,False,False,left_to_right,False,93.4,76.0,84.6,73.9,False,False,False,False
19d6d948-d5c4-498a-87f4-c218ea75e9fd,3754266,763,1,00:23:00.348,23,0,42,Ball Receipt*,49,23,Watford,From Free Kick,23,Watford,3991.0,Allan Romeo Nyom,Right Back,84.6,73.9,,,,False,,,,,,,False,,,,,,,False,False,left_to_right,False,84.6,73.9,,,False,False,False,False
14f99152-3621-47e0-9b7e-a0ab6b003903,3754266,764,1,00:23:00.348,23,0,43,Carry,49,23,Watford,From Free Kick,23,Watford,3991.0,Allan Romeo Nyom,Right Back,84.6,73.9,85.6,74.8,0.49253,False,,,,,,,False,,,,,,,False,False,left_to_right,False,84.6,73.9,85.6,74.8,False,False,False,False
f9cf451b-b9c9-4b47-bdd2-2c2fb2ed4b5f,3754266,765,1,00:23:00.840,23,0,30,Pass,49,23,Watford,From Free Kick,23,Watford,3991.0,Allan Romeo Nyom,Right Back,85.6,74.8,82.8,65.3,0.769893,False,,,,,,,True,9.904039,-1.8574176,Ground Pass,,3721.0,Etienne Capoue,False,False,left_to_right,False,85.6,74.8,82.8,65.3,False,False,False,False
7bd529ca-c1c5-484e-ba11-5abc658e50c5,3754266,766,1,00:23:01.610,23,1,42,Ball Receipt*,49,23,Watford,From Free Kick,23,Watford,3721.0,Etienne Capoue,Right Center Midfield,82.8,65.3,,,,False,,,,,,,False,,,,,,,False,False,left_to_right,False,82.8,65.3,,,False,False,False,False
ec7a994a-39f5-405e-aee1-15dd671ea5d4,3754266,767,1,00:23:01.610,23,1,43,Carry,49,23,Watford,From Free Kick,23,Watford,3721.0,Etienne Capoue,Right Center Midfield,82.8,65.3,82.5,65.3,0.027507002,False,,,,,,,False,,,,,,,False,False,left_to_right,False,82.8,65.3,82.5,65.3,False,False,False,False
df09b2b9-2bce-40b8-880f-d8f921f8f76c,3754266,768,1,00:23:01.638,23,1,30,Pass,49,23,Watford,From Free Kick,23,Watford,3721.0,Etienne Capoue,Right Center Midfield,82.5,65.3,85.7,67.2,0.105811,False,,,,,,Incomplete,False,3.7215588,0.53581125,Low Pass,,3991.0,Allan Romeo Nyom,False,False,left_to_right,False,82.5,65.3,85.7,67.2,False,False,False,True
fd029beb-6ce7-4420-9d55-1e99a6ce1f1b,3754266,769,1,00:23:01.744,23,1,42,Ball Receipt*,49,23,Watford,From Free Kick,23,Watford,3991.0,Allan Romeo Nyom,Right Back,93.0,66.9,,,,False,,,,,,,False,,,,,,,False,False,left_to_right,False,93.0,66.9,,,False,False,False,False
376e575d-d992-42e1-9349-bdb1209d1bf2,3754266,770,1,00:23:01.744,23,1,6,Block,49,23,Watford,From Free Kick,31,Crystal Palace,3092.0,Dwight Gayle,Center Forward,34.4,12.9,,,0.0,False,,,,,,,False,,,,,,,False,False,left_to_right,False,34.4,12.9,,,False,False,False,False
9073b2fd-25d7-4f04-969c-5d95cc7572f5,3754266,771,1,00:23:04.212,23,4,30,Pass,49,23,Watford,From Free Kick,23,Watford,3721.0,Etienne Capoue,Right Center Midfield,79.3,72.2,58.6,64.1,1.621804,False,,,,,,,True,22.228361,-2.768605,Low Pass,Recovery,3309.0,Sebastian Prödl,False,False,left_to_right,False,79.3,72.2,58.6,64.1,False,False,False,False
3542eb99-67ca-477c-bc96-5bff8ab67cc9,3754266,772,1,00:23:05.834,23,5,42,Ball Receipt*,49,23,Watford,From Free Kick,23,Watford,3309.0,Sebastian Prödl,Right Center Back,58.6,64.1,,,,False,,,,,,,False,,,,,,,False,False,left_to_right,False,58.6,64.1,,,False,False,False,False
f50d0799-5cc6-439a-956a-f7176a541918,3754266,773,1,00:23:05.834,23,5,43,Carry,49,23,Watford,From Free Kick,23,Watford,3309.0,Sebastian Prödl,Right Center Back,58.6,64.1,55.7,63.1,1.215284,False,,,,,,,False,,,,,,,False,False,left_to_right,False,58.6,64.1,55.7,63.1,False,False,False,False
5e1a6159-ff7a-4902-9ddf-5d1beed1ebfb,3754266,774,1,00:23:07.049,23,7,30,Pass,49,23,Watford,From Free Kick,23,Watford,3309.0,Sebastian Prödl,Right Center Back,55.7,63.1,54.6,32.7,1.719566,False,,,,,,,True,30.419895,-1.6069647,Ground Pass,,3263.0,Craig Cathcart,False,False,left_to_right,False,55.7,63.1,54.6,32.7,False,False,False,False
439d53a7-47b9-46fd-ac61-c824195c90d3,3754266,775,1,00:23:08.769,23,8,42,Ball Receipt*,49,23,Watford,From Free Kick,23,Watford,3263.0,Craig Cathcart,Left Center Back,54.6,32.7,,,,False,,,,,,,False,,,,,,,False,False,left_to_right,False,54.6,32.7,,,False,False,False,False
8d69131c-7e66-4f59-935f-6059f1895e92,3754266,776,1,00:23:08.769,23,8,43,Carry,49,23,Watford,From Free Kick,23,Watford,3263.0,Craig Cathcart,Left Center Back,54.6,32.7,54.3,32.4,1.056853,False,,,,,,,False,,,,,,,False,False,left_to_right,False,54.6,32.7,54.3,32.4,False,False,False,False
a1e6b0ed-ddbb-41a3-8ac9-f1061319a9e3,3754266,777,1,00:23:09.825,23,9,30,Pass,49,23,Watford,From Free Kick,23,Watford,3263.0,Craig Cathcart,Left Center Back,54.3,32.4,55.0,41.5,0.931796,False,,,,,,,True,9.1268835,1.4940244,Ground Pass,,3626.0,Ben Watson,False,False,left_to_right,False,54.3,32.4,55.0,41.5,False,False,False,False
c6198b00-bec0-4a47-b38b-55e6f270b236,3754266,778,1,00:23:10.757,23,10,42,Ball Receipt*,49,23,Watford,From Free Kick,23,Watford,3626.0,Ben Watson,Left Center Midfield,55.0,41.5,,,,False,,,,,,,False,,,,,,,False,False,left_to_right,False,55.0,41.5,,,False,False,False,False
9e6aff60-5a1d-45b7-90b6-3fa18ab84847,3754266,779,1,00:23:10.757,23,10,43,Carry,49,23,Watford,From Free Kick,23,Watford,3626.0,Ben Watson,Left Center Midfield,55.0,41.5,54.6,42.6,0.725587,False,,,,,,,False,,,,,,,False,False,left_to_right,False,55.0,41.5,54.6,42.6,False,False,False,False
8e04872a-4b59-468b-92f9-1a4b9e956a84,3754266,780,1,00:23:11.483,23,11,30,Pass,49,23,Watford,From Free Kick,23,Watford,3626.0,Ben Watson,Left Center Midfield,54.6,42.6,50.9,57.7,1.77199,False,,,,,,,True,15.546704,1.8110949,Ground Pass,,3309.0,Sebastian Prödl,False,False,left_to_right,False,54.6,42.6,50.9,57.7,False,False,False,False
f1b39a0c-2fc2-4b79-a111-be2957b451cd,3754266,781,1,00:23:12.734,23,12,17,Pressure,49,23,Watford,From Free Kick,31,Crystal Palace,3277.0,Yohan Cabaye,Right Defensive Midfield,68.6,28.2,,,1.970629,False,,,,,,,False,,,,,,,False,False,left_to_right,False,68.6,28.2,,,False,False,False,False
710c35f6-0f39-4f7c-9ff4-985b5dbae70c,3754266,782,1,00:23:13.255,23,13,42,Ball Receipt*,49,23,Watford,From Free Kick,23,Watford,3309.0,Sebastian Prödl,Right Center Back,50.9,57.7,,,,True,,,,,,,False,,,,,,,False,False,left_to_right,False,50.9,57.7,,,False,False,False,False
5c6eed32-94c1-4c82-93d0-09f9725e9bce,3754266,783,1,00:23:13.255,23,13,43,Carry,49,23,Watford,From Free Kick,23,Watford,3309.0,Sebastian Prödl,Right Center Back,50.9,57.7,49.4,62.5,1.41397,True,,,,,,,False,,,,,,,False,False,left_to_right,False,50.9,57.7,49.4,62.5,False,False,False,False
339d67c7-bfb4-4671-b4aa-a21bad895c77,3754266,784,1,00:23:14.669,23,14,30,Pass,49,23,Watford,From Free Kick,23,Watford,3309.0,Sebastian Prödl,Right Center Back,49.4,62.5,57.0,78.0,1.328753,True,,,,,,,True,17.262966,1.1149206,Ground Pass,,3721.0,Etienne Capoue,False,False,left_to_right,False,49.4,62.5,57.0,78.0,False,False,False,False
6f3b274c-368d-4bc4-bd46-673692726b1c,3754266,785,1,00:23:15.998,23,15,42,Ball Receipt*,49,23,Watford,From Free Kick,23,Watford,3721.0,Etienne Capoue,Right Center Midfield,57.0,78.0,,,,False,,,,,,,False,,,,,,,False,False,left_to_right,False,57.0,78.0,,,False,False,False,False
37e83421-45b8-4d76-b5c6-b6240d99fb84,3754266,786,1,00:23:15.998,23,15,43,Carry,49,23,Watford,From Free Kick,23,Watford,3721.0,Etienne Capoue,Right Center Midfield,57.0,78.0,58.0,78.4,0.543087,False,,,,,,,False,,,,,,,False,False,left_to_right,False,57.0,78.0,58.0,78.4,False,False,False,False
2201cf8f-8cf3-4ffa-9781-2a05e29ed321,3754266,787,1,00:23:16.541,23,16,30,Pass,49,23,Watford,From Free Kick,23,Watford,3721.0,Etienne Capoue,Right Center Midfield,58.0,78.4,55.4,67.6,1.08727,False,,,,,,,True,11.108555,-1.8070416,Ground Pass,,3309.0,Sebastian Prödl,False,False,left_to_right,False,58.0,78.4,55.4,67.6,False,False,False,False
f776aeb3-b91e-4b29-833e-288bf8c395c8,3754266,788,1,00:23:17.628,23,17,42,Ball Receipt*,49,23,Watford,From Free Kick,23,Watford,3309.0,Sebastian Prödl,Right Center Back,55.4,67.6,,,,False,,,,,,,False,,,,,,,False,False,left_to_right,False,55.4,67.6,,,False,False,False,False
ecee309e-e8ab-4e0b-8206-6dcddca1d35d,3754266,789,1,00:23:17.628,23,17,43,Carry,49,23,Watford,From Free Kick,23,Watford,3309.0,Sebastian Prödl,Right Center Back,55.4,67.6,55.7,68.3,2.531393,False,,,,,,,False,,,,,,,False,False,left_to_right,False,55.4,67.6,55.7,68.3,False,False,False,False
61c32b73-3496-4159-89a2-52df9afa4773,3754266,790,1,00:23:20.159,23,20,30,Pass,49,23,Watford,From Free Kick,23,Watford,3309.0,Sebastian Prödl,Right Center Back,55.7,68.3,55.2,59.3,1.175028,False,,,,,,,True,9.013878,-1.6262949,Ground Pass,,3721.0,Etienne Capoue,False,False,left_to_right,False,55.7,68.3,55.2,59.3,False,False,False,False
88c267f4-b6f5-4ba8-a4f4-e70f92f34e62,3754266,791,1,00:23:21.334,23,21,42,Ball Receipt*,49,23,Watford,From Free Kick,23,Watford,3721.0,Etienne Capoue,Right Center Midfield,55.2,59.3,,,,False,,,,,,,False,,,,,,,False,False,left_to_right,False,55.2,59.3,,,False,False,False,False
0eb021bf-f6f8-40ad-8020-341ff5015e82,3754266,792,1,00:23:21.334,23,21,43,Carry,49,23,Watford,From Free Kick,23,Watford,3721.0,Etienne Capoue,Right Center Midfield,55.2,59.3,57.1,58.3,1.278095,False,,,,,,,False,,,,,,,False,False,left_to_right,False,55.2,59.3,57.1,58.3,False,False,False,False
8f4717c6-0d26-4637-a8c2-3b357db7dab8,3754266,793,1,00:23:22.612,23,22,30,Pass,49,23,Watford,From Free Kick,23,Watford,3721.0,Etienne Capoue,Right Center Midfield,57.1,58.3,90.6,1.0,3.067386,False,,,,,,Out,False,66.374245,-1.0417459,High Pass,,40118.0,Ikechi Anya,False,False,left_to_right,False,57.1,58.3,90.6,1.0,False,True,True,True
e057ed8d-2973-4743-b613-ec698a93c15f,3754266,794,1,00:23:25.680,23,25,42,Ball Receipt*,49,23,Watford,From Free Kick,23,Watford,40118.0,Ikechi Anya,Left Back,85.2,4.8,,,,False,,,,,,,False,,,,,,,False,False,left_to_right,False,85.2,4.8,,,False,False,False,False
a0b085fb-607b-4a2f-b596-85ba7b440261,3754266,795,1,00:23:43.769,23,43,30,Pass,50,31,Crystal Palace,From Throw In,31,Crystal Palace,3448.0,Martin Kelly,Right Back,37.2,80.0,50.8,75.2,0.97234,False,,,,,,,True,14.422205,-0.33929262,Low Pass,Throw-in,19688.0,Jason Puncheon,False,False,left_to_right,False,37.2,80.0,50.8,75.2,False,False,False,False
b9dc59c1-4912-4617-93b8-c20204398801,3754266,796,1,00:23:44.742,23,44,42,Ball Receipt*,50,31,Crystal Palace,From Throw In,31,Crystal Palace,19688.0,Jason Puncheon,Right Wing,50.8,75.2,,,,False,,,,,,,False,,,,,,,False,False,left_to_right,False,50.8,75.2,,,False,False,False,False
44f8a9f1-8748-4185-ac32-0d5ef8cfa55b,3754266,797,1,00:23:44.742,23,44,43,Carry,50,31,Crystal Palace,From Throw In,31,Crystal Palace,19688.0,Jason Puncheon,Right Wing,50.8,75.2,38.0,75.5,2.148667,False,,,,,,,False,,,,,,,False,False,left_to_right,False,50.8,75.2,38.0,75.5,False,False,False,False
f9c43a16-318a-4442-8fff-55113c87738c,3754266,798,1,00:23:46.890,23,46,30,Pass,50,31,Crystal Palace,From Throw In,31,Crystal Palace,19688.0,Jason Puncheon,Right Wing,38.0,75.5,15.9,72.0,1.268845,False,,,,,,,True,22.375433,-2.9845262,Ground Pass,,3407.0,Scott Dann,False,False,left_to_right,False,38.0,75.5,15.9,72.0,False,False,False,False
c7618a83-3e5e-4a89-89fa-2052954911b6,3754266,799,1,00:23:48.159,23,48,42,Ball Receipt*,50,31,Crystal Palace,From Throw In,31,Crystal Palace,3407.0,Scott Dann,Right Center Back,15.9,72.0,,,,False,,,,,,,False,,,,,,,False,False,left_to_right,False,15.9,72.0,,,False,False,False,False
b1edcf31-161a-4f64-8cc5-b07f65fc0c5d,3754266,800,1,00:23:48.159,23,48,43,Carry,50,31,Crystal Palace,From Throw In,31,Crystal Palace,3407.0,Scott Dann,Right Center Back,15.9,72.0,15.9,71.5,1.101672,False,,,,,,,False,,,,,,,False,False,left_to_right,False,15.9,72.0,15.9,71.5,False,False,False,False
8a216d3e-e209-49a3-8a15-722d48649ab5,3754266,801,1,00:23:49.261,23,49,30,Pass,50,31,Crystal Palace,From Throw In,31,Crystal Palace,3407.0,Scott Dann,Right Center Back,15.9,71.5,1.7,53.0,1.759171,False,,,,,,,True,23.32145,-2.2254462,Ground Pass,,3488.0,Wayne Hennessey,False,False,left_to_right,False,15.9,71.5,1.7,53.0,False,False,False,False
139760b9-3c32-44ae-b660-5477acff3432,3754266,802,1,00:23:51.020,23,51,42,Ball Receipt*,50,31,Crystal Palace,From Throw In,31,Crystal Palace,3488.0,Wayne Hennessey,Goalkeeper,1.7,53.0,,,,False,,,,,,,False,,,,,,,False,False,left_to_right,False,1.7,53.0,,,False,False,False,False
a84d4681-2b85-4897-a649-85d539980cca,3754266,803,1,00:23:51.020,23,51,43,Carry,50,31,Crystal Palace,From Throw In,31,Crystal Palace,3488.0,Wayne Hennessey,Goalkeeper,1.7,53.0,1.7,51.6,1.875735,False,,,,,,,False,,,,,,,False,False,left_to_right,False,1.7,53.0,1.7,51.6,False,False,False,False
cbe39e6b-0a36-4d69-8f81-bd486ffbe18d,3754266,804,1,00:23:52.896,23,52,30,Pass,50,31,Crystal Palace,From Throw In,31,Crystal Palace,3488.0,Wayne Hennessey,Goalkeeper,1.7,51.6,56.8,42.5,3.357514,False,,,,,,Incomplete,False,55.846397,-0.1636768,High Pass,,,,False,False,left_to_right,False,1.7,51.6,56.8,42.5,False,True,False,True
3474b364-79a5-41ce-83f2-e567d34b89ae,3754266,805,1,00:23:56.253,23,56,4,Duel,50,31,Crystal Palace,From Throw In,31,Crystal Palace,3092.0,Dwight Gayle,Center Forward,56.8,42.5,,,0.0,True,,,,,,,False,,,,,,,False,False,left_to_right,False,56.8,42.5,,,False,False,False,False
9189769b-bf2d-4fa4-bf8d-52bcdff01224,3754266,806,1,00:23:56.253,23,56,30,Pass,50,31,Crystal Palace,From Throw In,23,Watford,3721.0,Etienne Capoue,Right Center Midfield,63.3,37.6,60.2,54.7,2.66388,True,,,,,,Incomplete,False,17.378723,1.7501352,High Pass,Recovery,43081.0,Almen Abdi,False,False,left_to_right,False,63.3,37.6,60.2,54.7,False,False,False,True
ee507fef-94ef-4f39-a09d-7417e5d2d2e2,3754266,807,1,00:23:58.917,23,58,42,Ball Receipt*,50,31,Crystal Palace,From Throw In,23,Watford,43081.0,Almen Abdi,Right Midfield,63.3,54.3,,,,False,,,,,,,False,,,,,,,False,False,left_to_right,False,63.3,54.3,,,False,False,False,False
b1e3acf0-7095-4c91-96fc-58f08665ab4e,3754266,808,1,00:23:58.917,23,58,2,Ball Recovery,50,31,Crystal Palace,From Throw In,31,Crystal Palace,3589.0,Yannick Bolasie Yala,Left Wing,59.9,25.4,,,0.0,False,,,,,,,False,,,,,,,False,False,left_to_right,False,59.9,25.4,,,False,False,False,False
c79ca13e-c1d3-4449-af08-4660fb17d37c,3754266,809,1,00:23:58.917,23,58,43,Carry,50,31,Crystal Palace,From Throw In,31,Crystal Palace,3589.0,Yannick Bolasie Yala,Left Wing,59.9,25.4,64.1,22.0,1.692146,False,,,,,,,False,,,,,,,False,False,left_to_right,False,59.9,25.4,64.1,22.0,False,False,False,False
0da7ba45-755c-43de-831f-3bb29738c00e,3754266,810,1,00:24:00.609,24,0,30,Pass,50,31,Crystal Palace,From Throw In,31,Crystal Palace,3589.0,Yannick Bolasie Yala,Left Wing,64.1,22.0,54.4,11.5,1.304948,False,,,,,,,True,14.294754,-2.3166113,Ground Pass,,4884.0,Pape N''Diaye Souaré,False,False,left_to_right,False,64.1,22.0,54.4,11.5,False,False,False,False
95874d37-6d43-410c-85ac-f3f95f0c179a,3754266,811,1,00:24:01.914,24,1,42,Ball Receipt*,50,31,Crystal Palace,From Throw In,31,Crystal Palace,4884.0,Pape N''Diaye Souaré,Left Back,54.4,11.5,,,,False,,,,,,,False,,,,,,,False,False,left_to_right,False,54.4,11.5,,,False,False,False,False
ee93204b-5896-4fac-a8b9-fe1f1d2a97a3,3754266,812,1,00:24:01.914,24,1,43,Carry,50,31,Crystal Palace,From Throw In,31,Crystal Palace,4884.0,Pape N''Diaye Souaré,Left Back,54.4,11.5,56.1,11.5,0.976564,False,,,,,,,False,,,,,,,False,False,left_to_right,False,54.4,11.5,56.1,11.5,False,False,False,False
35a59b6b-0e84-4303-b76f-e153e28591b8,3754266,813,1,00:24:02.891,24,2,30,Pass,50,31,Crystal Palace,From Throw In,31,Crystal Palace,4884.0,Pape N''Diaye Souaré,Left Back,56.1,11.5,101.0,9.1,2.901438,False,,,,,,,True,44.964096,-0.053401295,High Pass,,3589.0,Yannick Bolasie Yala,False,False,left_to_right,False,56.1,11.5,101.0,9.1,False,True,True,False
571cb5f9-0763-44b3-b77a-558d4ffc27ff,3754266,814,1,00:24:05.372,24,5,17,Pressure,50,31,Crystal Palace,From Throw In,23,Watford,3991.0,Allan Romeo Nyom,Right Back,20.4,69.3,,,0.996877,False,,,,,,,False,,,,,,,False,False,left_to_right,False,20.4,69.3,,,False,False,False,False
8d510d59-010d-48a3-b34b-ab5e43340e25,3754266,815,1,00:24:05.792,24,5,42,Ball Receipt*,50,31,Crystal Palace,From Throw In,31,Crystal Palace,3589.0,Yannick Bolasie Yala,Left Wing,101.0,9.1,,,,True,,,,,,,False,,,,,,,False,False,left_to_right,False,101.0,9.1,,,False,False,False,False
1e1be3f8-f1ee-4559-a36d-cfa0a68c6f5b,3754266,816,1,00:24:05.792,24,5,43,Carry,50,31,Crystal Palace,From Throw In,31,Crystal Palace,3589.0,Yannick Bolasie Yala,Left Wing,101.0,9.1,100.6,8.3,0.188687,True,,,,,,,False,,,,,,,False,False,left_to_right,False,101.0,9.1,100.6,8.3,False,False,False,False
6adae516-f4cb-4145-86bc-333da614424d,3754266,817,1,00:24:05.981,24,5,38,Miscontrol,50,31,Crystal Palace,From Throw In,31,Crystal Palace,3589.0,Yannick Bolasie Yala,Left Wing,100.6,8.3,,,0.0,True,,,,,,,False,,,,,,,False,False,left_to_right,False,100.6,8.3,,,False,False,False,True
660bd0ff-8336-458d-9638-38d68df51a13,3754266,818,1,00:24:06.539,24,6,2,Ball Recovery,51,23,Watford,Regular Play,23,Watford,3991.0,Allan Romeo Nyom,Right Back,16.2,70.0,,,0.0,False,,,,,,,False,,,,,,,False,False,left_to_right,False,16.2,70.0,,,False,False,False,False
b76ea4a6-ffee-45c4-9f76-8e7c28c612d6,3754266,819,1,00:24:06.539,24,6,43,Carry,51,23,Watford,Regular Play,23,Watford,3991.0,Allan Romeo Nyom,Right Back,16.2,70.0,12.5,72.0,2.81397,True,,,,,,,False,,,,,,,False,False,left_to_right,False,16.2,70.0,12.5,72.0,False,False,False,False
c00d213e-5fcb-4701-af58-5f1c1bb08bf5,3754266,820,1,00:24:07.061,24,7,17,Pressure,51,23,Watford,Regular Play,31,Crystal Palace,3589.0,Yannick Bolasie Yala,Left Wing,104.9,11.8,,,2.375406,False,,,,,,,False,,,,,,,False,False,left_to_right,False,104.9,11.8,,,False,False,False,False
b3aecaab-a307-4481-b2f4-70a6782bbce6,3754266,821,1,00:24:09.353,24,9,30,Pass,51,23,Watford,Regular Play,23,Watford,3991.0,Allan Romeo Nyom,Right Back,12.5,72.0,43.9,64.9,1.491888,True,,,,,,,True,32.1927,-0.22237512,High Pass,,3454.0,Troy Deeney,False,False,left_to_right,False,12.5,72.0,43.9,64.9,False,True,False,False
9761f073-8f19-4ec5-9759-0a5b5c29c868,3754266,822,1,00:24:10.845,24,10,42,Ball Receipt*,51,23,Watford,Regular Play,23,Watford,3454.0,Troy Deeney,Right Center Forward,43.9,64.9,,,,False,,,,,,,False,,,,,,,False,False,left_to_right,False,43.9,64.9,,,False,False,False,False
6073b9eb-58d1-4c25-acc4-fcf14a50f464,3754266,823,1,00:24:10.845,24,10,43,Carry,51,23,Watford,Regular Play,23,Watford,3454.0,Troy Deeney,Right Center Forward,43.9,64.9,44.1,64.9,0.04,False,,,,,,,False,,,,,,,False,False,left_to_right,False,43.9,64.9,44.1,64.9,False,False,False,False
1cc598a8-3ee2-4dae-aade-c1ad10bf2984,3754266,824,1,00:24:10.885,24,10,30,Pass,51,23,Watford,Regular Play,23,Watford,3454.0,Troy Deeney,Right Center Forward,44.1,64.9,29.9,62.0,2.009514,False,,,,,,,True,14.493102,-2.9401376,Low Pass,,3721.0,Etienne Capoue,False,False,left_to_right,False,44.1,64.9,29.9,62.0,False,False,False,False
bd4aad47-6676-4c33-b52a-727de2948740,3754266,825,1,00:24:12.895,24,12,42,Ball Receipt*,51,23,Watford,Regular Play,23,Watford,3721.0,Etienne Capoue,Right Center Midfield,29.9,62.0,,,,False,,,,,,,False,,,,,,,False,False,left_to_right,False,29.9,62.0,,,False,False,False,False
7a55b909-dfb6-47ab-9351-c090bd48e016,3754266,826,1,00:24:12.895,24,12,43,Carry,51,23,Watford,Regular Play,23,Watford,3721.0,Etienne Capoue,Right Center Midfield,29.9,62.0,36.6,63.0,1.181067,False,,,,,,,False,,,,,,,False,False,left_to_right,False,29.9,62.0,36.6,63.0,False,False,False,False
fa0b9176-0389-4213-b6d9-c35b46f06967,3754266,827,1,00:24:14.076,24,14,30,Pass,51,23,Watford,Regular Play,23,Watford,3721.0,Etienne Capoue,Right Center Midfield,36.6,63.0,35.9,67.6,0.386534,False,,,,,,,True,4.652956,1.7218117,Ground Pass,,43081.0,Almen Abdi,False,False,left_to_right,False,36.6,63.0,35.9,67.6,False,False,False,False
6f18b2b7-0cb7-479f-ac5e-b466b3cb7436,3754266,828,1,00:24:14.462,24,14,42,Ball Receipt*,51,23,Watford,Regular Play,23,Watford,43081.0,Almen Abdi,Right Midfield,35.9,67.6,,,,False,,,,,,,False,,,,,,,False,False,left_to_right,False,35.9,67.6,,,False,False,False,False
13429575-3a85-4417-bd9c-049f5c8f69b5,3754266,829,1,00:24:14.462,24,14,43,Carry,51,23,Watford,Regular Play,23,Watford,43081.0,Almen Abdi,Right Midfield,35.9,67.6,38.7,65.5,1.413065,True,,,,,,,False,,,,,,,False,False,left_to_right,False,35.9,67.6,38.7,65.5,False,False,False,False
dcc8a62d-19d0-405a-9055-c1fc575f6ada,3754266,830,1,00:24:15.450,24,15,17,Pressure,51,23,Watford,Regular Play,31,Crystal Palace,3277.0,Yohan Cabaye,Right Defensive Midfield,82.2,11.8,,,0.627036,False,,,,,,,False,,,,,,,False,False,left_to_right,False,82.2,11.8,,,False,False,False,False
4049ef4f-ed4d-42f4-bafa-63efd2ff09d0,3754266,831,1,00:24:15.875,24,15,30,Pass,51,23,Watford,Regular Play,23,Watford,43081.0,Almen Abdi,Right Midfield,38.7,65.5,24.6,57.5,0.919376,True,,,,,,,True,16.211416,-2.6255069,Ground Pass,,3309.0,Sebastian Prödl,False,False,left_to_right,False,38.7,65.5,24.6,57.5,False,False,False,False
0e09fc4c-b340-41ba-9786-0740a883f992,3754266,832,1,00:24:16.795,24,16,42,Ball Receipt*,51,23,Watford,Regular Play,23,Watford,3309.0,Sebastian Prödl,Right Center Back,24.6,57.5,,,,False,,,,,,,False,,,,,,,False,False,left_to_right,False,24.6,57.5,,,False,False,False,False
32a4dcdb-10e0-4fc7-b293-085187293e88,3754266,833,1,00:24:16.795,24,16,43,Carry,51,23,Watford,Regular Play,23,Watford,3309.0,Sebastian Prödl,Right Center Back,24.6,57.5,24.6,56.5,0.923932,True,,,,,,,False,,,,,,,False,False,left_to_right,False,24.6,57.5,24.6,56.5,False,False,False,False
95d51853-b04a-4366-a625-283e18dbcede,3754266,834,1,00:24:17.141,24,17,17,Pressure,51,23,Watford,Regular Play,31,Crystal Palace,3277.0,Yohan Cabaye,Right Defensive Midfield,92.5,21.5,,,0.65821,False,,,,,,,False,,,,,,,False,False,left_to_right,False,92.5,21.5,,,False,False,False,False
404af423-c79d-40ab-8712-38db64ea125c,3754266,835,1,00:24:17.719,24,17,30,Pass,51,23,Watford,Regular Play,23,Watford,3309.0,Sebastian Prödl,Right Center Back,24.6,56.5,46.3,26.8,1.327852,True,,,,,,Incomplete,False,36.782875,-0.93980134,High Pass,,40118.0,Ikechi Anya,False,False,left_to_right,False,24.6,56.5,46.3,26.8,False,False,False,True
ec4ea28f-0743-4767-8784-d3eaa41d994e,3754266,836,1,00:24:19.046,24,19,42,Ball Receipt*,51,23,Watford,Regular Play,23,Watford,40118.0,Ikechi Anya,Left Back,51.5,15.0,,,,False,,,,,,,False,,,,,,,False,False,left_to_right,False,51.5,15.0,,,False,False,False,False
5fa7c907-2b0b-4725-8afb-d50d2df7f242,3754266,837,1,00:24:19.046,24,19,10,Interception,51,23,Watford,Regular Play,31,Crystal Palace,19688.0,Jason Puncheon,Right Wing,73.8,53.3,,,0.0,False,,,,,,,False,,,,,,,False,False,left_to_right,False,73.8,53.3,,,False,False,False,False
39b264ef-fcee-43b5-b1b5-cdbfb8a7b2a9,3754266,838,1,00:24:25.613,24,25,30,Pass,52,23,Watford,From Throw In,23,Watford,40118.0,Ikechi Anya,Left Back,41.7,0.1,19.9,20.3,2.440767,False,,,,,,,True,29.720026,2.3942714,High Pass,Throw-in,3263.0,Craig Cathcart,False,False,left_to_right,False,41.7,0.1,19.9,20.3,False,False,False,False
7e3bdfe0-e4f7-426b-af31-511bfdc8317b,3754266,839,1,00:24:28.053,24,28,42,Ball Receipt*,52,23,Watford,From Throw In,23,Watford,3263.0,Craig Cathcart,Left Center Back,19.9,20.3,,,,False,,,,,,,False,,,,,,,False,False,left_to_right,False,19.9,20.3,,,False,False,False,False
b6a22d8d-d2d7-44ad-bcbf-e0da596bc1b0,3754266,840,1,00:24:28.053,24,28,43,Carry,52,23,Watford,From Throw In,23,Watford,3263.0,Craig Cathcart,Left Center Back,19.9,20.3,22.0,22.7,1.910892,True,,,,,,,False,,,,,,,False,False,left_to_right,False,19.9,20.3,22.0,22.7,False,False,False,False
1c7cdbe3-45ef-40d0-966e-c583c6b11802,3754266,841,1,00:24:29.252,24,29,17,Pressure,52,23,Watford,From Throw In,31,Crystal Palace,3469.0,Bakary Sako,Center Attacking Midfield,93.7,61.3,,,0.836683,False,,,,,,,False,,,,,,,False,False,left_to_right,False,93.7,61.3,,,False,False,False,False
cff6398b-9b69-4517-802a-f2b099d087b4,3754266,842,1,00:24:29.964,24,29,30,Pass,52,23,Watford,From Throw In,23,Watford,3263.0,Craig Cathcart,Left Center Back,22.0,22.7,25.0,23.1,0.164653,True,,,,,,Incomplete,False,3.026549,0.13255154,High Pass,,,,False,False,left_to_right,False,22.0,22.7,25.0,23.1,False,False,False,True
9eedb066-4fd9-4f95-8a00-f04c5cae0953,3754266,843,1,00:24:30.129,24,30,6,Block,52,23,Watford,From Throw In,31,Crystal Palace,3469.0,Bakary Sako,Center Attacking Midfield,95.1,57.0,,,0.0,False,,,,,,,False,,,,,,,False,False,left_to_right,False,95.1,57.0,,,False,False,False,False
149f0b7e-a6ca-40cb-972c-c4191fabfe0b,3754266,844,1,00:24:32.109,24,32,2,Ball Recovery,52,23,Watford,From Throw In,23,Watford,6870.0,José Manuel Jurado Marín,Left Midfield,58.0,22.7,,,0.0,False,,,,,,,False,,,,,,,False,False,left_to_right,False,58.0,22.7,,,False,False,False,False
e1c33d65-c536-4163-9c28-e5ddd485fc97,3754266,845,1,00:24:32.109,24,32,43,Carry,52,23,Watford,From Throw In,23,Watford,6870.0,José Manuel Jurado Marín,Left Midfield,58.0,22.7,74.9,47.2,5.395427,True,,,,,,,False,,,,,,,False,False,left_to_right,False,58.0,22.7,74.9,47.2,True,False,False,False
c37e122c-eddb-4b47-ba8d-38acf7664903,3754266,846,1,00:24:33.646,24,33,17,Pressure,52,23,Watford,From Throw In,31,Crystal Palace,4817.0,Joe Ledley,Left Defensive Midfield,56.7,51.8,,,1.141056,False,,,,,,,False,,,,,,,False,False,left_to_right,False,56.7,51.8,,,False,False,False,False
a1251c98-77c1-44d3-a1d0-2175e6bcce72,3754266,847,1,00:24:37.505,24,37,30,Pass,52,23,Watford,From Throw In,23,Watford,6870.0,José Manuel Jurado Marín,Left Midfield,74.9,47.2,90.2,78.0,1.523805,False,,,,,,,True,34.390842,1.1097494,Ground Pass,,3454.0,Troy Deeney,False,False,left_to_right,False,74.9,47.2,90.2,78.0,False,False,True,False
3fab1931-11ff-4cce-ac48-031767daa789,3754266,848,1,00:24:39.029,24,39,42,Ball Receipt*,52,23,Watford,From Throw In,23,Watford,3454.0,Troy Deeney,Right Center Forward,90.2,78.0,,,,False,,,,,,,False,,,,,,,False,False,left_to_right,False,90.2,78.0,,,False,False,False,False
a93d6e1c-8161-4785-b464-6ebd4bce5a24,3754266,849,1,00:24:39.029,24,39,43,Carry,52,23,Watford,From Throw In,23,Watford,3454.0,Troy Deeney,Right Center Forward,90.2,78.0,90.2,78.0,2.171506,False,,,,,,,False,,,,,,,False,False,left_to_right,False,90.2,78.0,90.2,78.0,False,False,False,False
54585599-f2a9-4258-8164-f05359c2122a,3754266,850,1,00:24:41.200,24,41,30,Pass,52,23,Watford,From Throw In,23,Watford,3454.0,Troy Deeney,Right Center Forward,90.2,78.0,78.1,75.3,1.535977,False,,,,,,,True,12.39758,-2.9220488,Ground Pass,,3991.0,Allan Romeo Nyom,False,False,left_to_right,False,90.2,78.0,78.1,75.3,False,False,False,False
ff9a27a8-41e3-4b0d-a714-111e5850b924,3754266,851,1,00:24:42.736,24,42,42,Ball Receipt*,52,23,Watford,From Throw In,23,Watford,3991.0,Allan Romeo Nyom,Right Back,78.1,75.3,,,,False,,,,,,,False,,,,,,,False,False,left_to_right,False,78.1,75.3,,,False,False,False,False
f40d69d5-1ff9-4309-97c8-fb2f8e27a304,3754266,852,1,00:24:42.736,24,42,43,Carry,52,23,Watford,From Throw In,23,Watford,3991.0,Allan Romeo Nyom,Right Back,78.1,75.3,78.3,76.0,0.463892,False,,,,,,,False,,,,,,,False,False,left_to_right,False,78.1,75.3,78.3,76.0,False,False,False,False
ed2bcf2c-2e3e-4daf-988e-5de8bec60f51,3754266,853,1,00:24:43.200,24,43,30,Pass,52,23,Watford,From Throw In,23,Watford,3991.0,Allan Romeo Nyom,Right Back,78.3,76.0,78.1,64.8,1.036455,False,,,,,,,True,11.201786,-1.5886515,Ground Pass,,6870.0,José Manuel Jurado Marín,False,False,left_to_right,False,78.3,76.0,78.1,64.8,False,False,False,False
db8be763-59a8-475e-ba2c-01964f43d4b4,3754266,854,1,00:24:44.236,24,44,42,Ball Receipt*,52,23,Watford,From Throw In,23,Watford,6870.0,José Manuel Jurado Marín,Left Midfield,78.1,64.8,,,,False,,,,,,,False,,,,,,,False,False,left_to_right,False,78.1,64.8,,,False,False,False,False
597fe73c-8da6-4b64-97cf-64d009efc706,3754266,855,1,00:24:44.236,24,44,43,Carry,52,23,Watford,From Throw In,23,Watford,6870.0,José Manuel Jurado Marín,Left Midfield,78.1,64.8,77.3,65.3,2.322855,False,,,,,,,False,,,,,,,False,False,left_to_right,False,78.1,64.8,77.3,65.3,False,False,False,False
e485e645-829f-4780-990a-18e51d39dfd3,3754266,856,1,00:24:46.559,24,46,30,Pass,52,23,Watford,From Throw In,23,Watford,6870.0,José Manuel Jurado Marín,Left Midfield,77.3,65.3,88.8,61.4,0.828625,False,,,,,,,True,12.143311,-0.32695884,Ground Pass,,43081.0,Almen Abdi,False,False,left_to_right,False,77.3,65.3,88.8,61.4,False,False,True,False
0ddc111f-9672-4a9d-99f4-7ef2f8ae24d2,3754266,857,1,00:24:47.388,24,47,42,Ball Receipt*,52,23,Watford,From Throw In,23,Watford,43081.0,Almen Abdi,Right Midfield,88.8,61.4,,,,False,,,,,,,False,,,,,,,False,False,left_to_right,False,88.8,61.4,,,False,False,False,False
d22850ab-614e-4162-b329-4edc2e9ac6ce,3754266,858,1,00:24:47.388,24,47,43,Carry,52,23,Watford,From Throw In,23,Watford,43081.0,Almen Abdi,Right Midfield,88.8,61.4,90.6,60.0,0.907561,False,,,,,,,False,,,,,,,False,False,left_to_right,False,88.8,61.4,90.6,60.0,False,False,False,False
38829533-ce24-46d5-9f70-0af16322a086,3754266,859,1,00:24:48.295,24,48,30,Pass,52,23,Watford,From Throw In,23,Watford,43081.0,Almen Abdi,Right Midfield,90.6,60.0,98.5,48.7,0.693918,False,,,,,,,True,13.787676,-0.9606645,Ground Pass,,5458.0,Odion Jude Ighalo,False,False,left_to_right,False,90.6,60.0,98.5,48.7,False,True,False,False
4fa1d663-ae0b-4b42-b4c8-b26c0ee3ff1c,3754266,860,1,00:24:48.989,24,48,42,Ball Receipt*,52,23,Watford,From Throw In,23,Watford,5458.0,Odion Jude Ighalo,Left Center Forward,98.5,48.7,,,,False,,,,,,,False,,,,,,,False,False,left_to_right,False,98.5,48.7,,,False,False,False,False
d27f1004-dcab-407d-821f-397dd82a1e59,3754266,861,1,00:24:48.989,24,48,43,Carry,52,23,Watford,From Throw In,23,Watford,5458.0,Odion Jude Ighalo,Left Center Forward,98.5,48.7,98.2,48.4,0.971606,False,,,,,,,False,,,,,,,False,False,left_to_right,False,98.5,48.7,98.2,48.4,False,False,False,False
f83b3aee-5b69-457e-b0b6-9bef02f9c021,3754266,862,1,00:24:49.961,24,49,30,Pass,52,23,Watford,From Throw In,23,Watford,5458.0,Odion Jude Ighalo,Left Center Forward,98.2,48.4,103.3,60.3,1.129231,False,,,,,,,True,12.946815,1.1659045,Ground Pass,,3454.0,Troy Deeney,False,False,left_to_right,False,98.2,48.4,103.3,60.3,False,False,False,False
9b473d5d-a106-42f2-9571-fc8d078370c3,3754266,863,1,00:24:51.090,24,51,42,Ball Receipt*,52,23,Watford,From Throw In,23,Watford,3454.0,Troy Deeney,Right Center Forward,103.3,60.3,,,,False,,,,,,,False,,,,,,,False,False,left_to_right,False,103.3,60.3,,,False,False,False,False
11e76900-1575-46d4-9fb4-d37486e8ec28,3754266,864,1,00:24:51.090,24,51,43,Carry,52,23,Watford,From Throw In,23,Watford,3454.0,Troy Deeney,Right Center Forward,103.3,60.3,103.1,60.5,0.04,False,,,,,,,False,,,,,,,False,False,left_to_right,False,103.3,60.3,103.1,60.5,False,False,False,False
cf9412ce-293c-483e-b51f-342d3a8cb202,3754266,865,1,00:24:51.130,24,51,30,Pass,52,23,Watford,From Throw In,23,Watford,3454.0,Troy Deeney,Right Center Forward,103.1,60.5,109.3,47.7,0.819241,False,,,,,,Incomplete,False,14.222517,-1.1197267,High Pass,,5458.0,Odion Jude Ighalo,False,False,left_to_right,False,103.1,60.5,109.3,47.7,False,True,False,True
dc40b89c-a8bb-4123-8902-73b49cd323a5,3754266,866,1,00:24:51.949,24,51,42,Ball Receipt*,52,23,Watford,From Throw In,23,Watford,5458.0,Odion Jude Ighalo,Left Center Forward,110.3,43.8,,,,False,,,,,,,False,,,,,,,False,False,left_to_right,False,110.3,43.8,,,False,False,False,False
bec45dbe-012a-4583-b5ba-7d93cf46eeb1,3754266,867,1,00:24:51.949,24,51,9,Clearance,52,23,Watford,From Throw In,31,Crystal Palace,43695.0,Brede Hangeland,Left Center Back,10.8,32.4,,,0.0,True,,,,,,,False,,,,,,,False,False,left_to_right,False,10.8,32.4,,,False,False,False,False
94317197-0ad7-419b-acfb-4aa98b96f79c,3754266,868,1,00:24:54.147,24,54,30,Pass,52,23,Watford,From Throw In,23,Watford,3454.0,Troy Deeney,Right Center Forward,92.2,59.3,94.6,50.6,0.919653,False,,,,,,,True,9.024965,-1.3016288,Low Pass,Recovery,43081.0,Almen Abdi,False,False,left_to_right,False,92.2,59.3,94.6,50.6,False,False,False,False
8a0ca78e-1b60-47ab-a595-68de97d503c6,3754266,869,1,00:24:55.066,24,55,42,Ball Receipt*,52,23,Watford,From Throw In,23,Watford,43081.0,Almen Abdi,Right Midfield,94.6,50.6,,,,False,,,,,,,False,,,,,,,False,False,left_to_right,False,94.6,50.6,,,False,False,False,False
a8fa155e-07a0-4aed-9952-8aae9203c2d6,3754266,870,1,00:24:55.066,24,55,43,Carry,52,23,Watford,From Throw In,23,Watford,43081.0,Almen Abdi,Right Midfield,94.6,50.6,94.3,50.2,0.218105,False,,,,,,,False,,,,,,,False,False,left_to_right,False,94.6,50.6,94.3,50.2,False,False,False,False
897cc49f-557b-45a4-8b49-8354481b41e0,3754266,871,1,00:24:55.285,24,55,30,Pass,52,23,Watford,From Throw In,23,Watford,43081.0,Almen Abdi,Right Midfield,94.3,50.2,95.2,60.5,1.187766,False,,,,,,,True,10.339246,1.483639,Ground Pass,,3991.0,Allan Romeo Nyom,True,False,left_to_right,False,94.3,50.2,95.2,60.5,False,False,False,False
ea1a6c52-ba72-4a87-aecc-60e8274469a6,3754266,872,1,00:24:56.472,24,56,42,Ball Receipt*,52,23,Watford,From Throw In,23,Watford,3991.0,Allan Romeo Nyom,Right Back,95.2,60.5,,,,False,,,,,,,False,,,,,,,False,False,left_to_right,False,95.2,60.5,,,False,False,False,False
53a04bb1-9cbc-4680-977b-3412148e70fb,3754266,873,1,00:24:56.472,24,56,43,Carry,52,23,Watford,From Throw In,23,Watford,3991.0,Allan Romeo Nyom,Right Back,95.2,60.5,100.6,48.8,3.98398,True,,,,,,,False,,,,,,,False,False,left_to_right,False,95.2,60.5,100.6,48.8,True,False,False,False
e8261038-5bdc-49f8-9146-54f978f55332,3754266,874,1,00:24:59.741,24,59,17,Pressure,52,23,Watford,From Throw In,31,Crystal Palace,3469.0,Bakary Sako,Center Attacking Midfield,22.7,26.2,,,0.749452,False,,,,,,,False,,,,,,,False,False,left_to_right,False,22.7,26.2,,,False,False,False,False
ac4ee6a5-596c-4bc1-90e8-c6964036e6e8,3754266,875,1,00:25:00.456,25,0,16,Shot,52,23,Watford,From Throw In,23,Watford,3991.0,Allan Romeo Nyom,Right Back,100.6,48.8,103.0,47.6,0.114075,True,0.04674528,Blocked,Left Foot,Normal,Open Play,,False,,,,,,,False,False,left_to_right,False,100.6,48.8,103.0,47.6,False,False,False,False
6c7c6cd5-6647-4ab7-9840-dfbde4c48c69,3754266,876,1,00:25:00.570,25,0,6,Block,52,23,Watford,From Throw In,31,Crystal Palace,4817.0,Joe Ledley,Left Defensive Midfield,17.1,32.5,,,0.0,False,,,,,,,False,,,,,,,False,False,left_to_right,False,17.1,32.5,,,False,False,False,False
292f7b24-c556-42b0-a9d2-6afb90e588e4,3754266,877,1,00:25:00.650,25,0,23,Goal Keeper,52,23,Watford,From Throw In,31,Crystal Palace,3488.0,Wayne Hennessey,Goalkeeper,1.3,37.3,,,0.0,False,,,,,,,False,,,,,,,False,False,left_to_right,False,1.3,37.3,,,False,False,False,False
fc08be96-1d0c-4e48-8fef-a7265b2d734e,3754266,878,1,00:25:05.775,25,5,30,Pass,52,23,Watford,From Throw In,23,Watford,3626.0,Ben Watson,Left Center Midfield,77.3,16.3,62.0,14.9,1.441742,False,,,,,,,True,15.363918,-3.0503435,Ground Pass,Recovery,3263.0,Craig Cathcart,False,False,left_to_right,False,77.3,16.3,62.0,14.9,False,False,False,False
80d696d3-b6c1-421d-88f2-73debc7e994a,3754266,879,1,00:25:07.217,25,7,42,Ball Receipt*,52,23,Watford,From Throw In,23,Watford,3263.0,Craig Cathcart,Left Center Back,62.0,14.9,,,,False,,,,,,,False,,,,,,,False,False,left_to_right,False,62.0,14.9,,,False,False,False,False
4126a290-f2df-44f0-9be1-42b8d1c22cc0,3754266,880,1,00:25:07.217,25,7,43,Carry,52,23,Watford,From Throw In,23,Watford,3263.0,Craig Cathcart,Left Center Back,62.0,14.9,79.0,25.4,3.099416,False,,,,,,,False,,,,,,,False,False,left_to_right,False,62.0,14.9,79.0,25.4,True,False,False,False
92fe265f-8d3f-4d1f-a3ac-286cf476de65,3754266,881,1,00:25:10.316,25,10,30,Pass,52,23,Watford,From Throw In,23,Watford,3263.0,Craig Cathcart,Left Center Back,79.0,25.4,98.6,5.8,1.414029,False,,,,,,,True,27.718586,-0.7853982,Ground Pass,,40118.0,Ikechi Anya,False,False,left_to_right,False,79.0,25.4,98.6,5.8,False,False,True,False
add7fb0d-6af7-42de-8199-8835b6000ba4,3754266,882,1,00:25:11.730,25,11,42,Ball Receipt*,52,23,Watford,From Throw In,23,Watford,40118.0,Ikechi Anya,Left Back,98.6,5.8,,,,False,,,,,,,False,,,,,,,False,False,left_to_right,False,98.6,5.8,,,False,False,False,False
353baf39-942b-4542-aaed-7284e2d11ee4,3754266,883,1,00:25:11.730,25,11,43,Carry,52,23,Watford,From Throw In,23,Watford,40118.0,Ikechi Anya,Left Back,98.6,5.8,105.2,5.8,1.316026,False,,,,,,,False,,,,,,,False,False,left_to_right,False,98.6,5.8,105.2,5.8,False,False,False,False
3f6fec42-0892-40e6-9924-cadafdaed87b,3754266,884,1,00:25:13.046,25,13,30,Pass,52,23,Watford,From Throw In,23,Watford,40118.0,Ikechi Anya,Left Back,105.2,5.8,109.4,32.9,1.015031,False,,,,,,Incomplete,False,27.42353,1.4170381,High Pass,,,,False,False,left_to_right,False,105.2,5.8,109.4,32.9,False,True,False,True
ea0983cd-472a-4fdd-9667-b364834c50a1,3754266,885,1,00:25:14.061,25,14,9,Clearance,52,23,Watford,From Throw In,31,Crystal Palace,3407.0,Scott Dann,Right Center Back,10.7,47.2,,,0.0,True,,,,,,,False,,,,,,,False,False,left_to_right,False,10.7,47.2,,,False,False,False,False
d64147b5-b482-465c-abf6-39a31e3a8834,3754266,886,1,00:25:16.446,25,16,4,Duel,52,23,Watford,From Throw In,31,Crystal Palace,3277.0,Yohan Cabaye,Right Defensive Midfield,13.0,56.0,,,0.0,True,,,,,,,False,,,,,,,False,False,left_to_right,False,13.0,56.0,,,False,False,False,False
87a7710a-2fac-4088-ac44-e5d5bdb24326,3754266,887,1,00:25:16.446,25,16,30,Pass,52,23,Watford,From Throw In,23,Watford,6870.0,José Manuel Jurado Marín,Left Midfield,107.1,24.1,111.0,46.6,1.769944,True,,,,,,Incomplete,False,22.835499,1.3991683,High Pass,Recovery,,,False,False,left_to_right,False,107.1,24.1,111.0,46.6,False,True,False,True
67f91bb6-bb73-4493-8587-1db8808326bf,3754266,888,1,00:25:18.216,25,18,30,Pass,53,31,Crystal Palace,Regular Play,31,Crystal Palace,4884.0,Pape N''Diaye Souaré,Left Back,9.1,33.5,2.0,38.7,0.885242,False,,,,,,,True,8.800569,2.5094547,Low Pass,Recovery,3488.0,Wayne Hennessey,False,False,left_to_right,False,9.1,33.5,2.0,38.7,False,False,False,False
b70052c9-4b11-4d3e-9c6a-8431372237c7,3754266,889,1,00:25:19.101,25,19,42,Ball Receipt*,53,31,Crystal Palace,Regular Play,31,Crystal Palace,3488.0,Wayne Hennessey,Goalkeeper,2.0,38.7,,,,False,,,,,,,False,,,,,,,False,False,left_to_right,False,2.0,38.7,,,False,False,False,False
8e9535a1-062b-4e53-8258-41b329ce5fbf,3754266,890,1,00:25:19.101,25,19,43,Carry,53,31,Crystal Palace,Regular Play,31,Crystal Palace,3488.0,Wayne Hennessey,Goalkeeper,2.0,38.7,3.8,40.3,16.70494,False,,,,,,,False,,,,,,,False,False,left_to_right,False,2.0,38.7,3.8,40.3,False,False,False,False
c19e788e-b507-4db1-95dc-e094dce02c7d,3754266,891,1,00:25:35.806,25,35,30,Pass,53,31,Crystal Palace,Regular Play,31,Crystal Palace,3488.0,Wayne Hennessey,Goalkeeper,3.8,40.3,76.6,3.5,6.92588,False,,,,,,,True,81.57255,-0.46803355,High Pass,,3469.0,Bakary Sako,False,False,left_to_right,False,3.8,40.3,76.6,3.5,False,True,False,False
6560f654-e6fb-47a4-a34d-469c3b8fd0c5,3754266,892,1,00:25:42.732,25,42,42,Ball Receipt*,53,31,Crystal Palace,Regular Play,31,Crystal Palace,3469.0,Bakary Sako,Center Attacking Midfield,76.6,3.5,,,,False,,,,,,,False,,,,,,,False,False,left_to_right,False,76.6,3.5,,,False,False,False,False
42e4d56e-fe9b-43c4-b0e0-40b9737bd13c,3754266,893,1,00:25:42.772,25,42,30,Pass,53,31,Crystal Palace,Regular Play,31,Crystal Palace,3469.0,Bakary Sako,Center Attacking Midfield,75.8,3.7,90.6,19.2,1.817517,False,,,,,,Incomplete,False,21.431053,0.80849636,High Pass,,,,False,False,left_to_right,False,75.8,3.7,90.6,19.2,False,True,True,True
85a865b0-541f-44d3-bb24-e5e1bc54f090,3754266,894,1,00:25:44.590,25,44,30,Pass,54,23,Watford,Regular Play,23,Watford,3309.0,Sebastian Prödl,Right Center Back,29.5,60.9,45.2,69.6,1.054236,False,,,,,,,True,17.949373,0.50601625,Low Pass,Recovery,3626.0,Ben Watson,False,False,left_to_right,False,29.5,60.9,45.2,69.6,False,False,False,False
138a77a2-2a95-46f8-9e89-c95124518a7d,3754266,895,1,00:25:45.644,25,45,42,Ball Receipt*,54,23,Watford,Regular Play,23,Watford,3626.0,Ben Watson,Left Center Midfield,45.2,69.6,,,,False,,,,,,,False,,,,,,,False,False,left_to_right,False,45.2,69.6,,,False,False,False,False
0672368d-b194-4977-a450-7e75737b4066,3754266,896,1,00:25:45.644,25,45,43,Carry,54,23,Watford,Regular Play,23,Watford,3626.0,Ben Watson,Left Center Midfield,45.2,69.6,43.1,69.0,0.720477,False,,,,,,,False,,,,,,,False,False,left_to_right,False,45.2,69.6,43.1,69.0,False,False,False,False
587b39f1-1c5a-41e7-b01c-971541329ca2,3754266,897,1,00:25:46.364,25,46,30,Pass,54,23,Watford,Regular Play,23,Watford,3626.0,Ben Watson,Left Center Midfield,43.1,69.0,42.4,62.0,1.907544,False,,,,,,,True,7.034913,-1.670465,Ground Pass,,3721.0,Etienne Capoue,False,False,left_to_right,False,43.1,69.0,42.4,62.0,False,False,False,False
cc2b0001-756c-4c7f-a98f-be6f86516d2f,3754266,898,1,00:25:48.272,25,48,42,Ball Receipt*,54,23,Watford,Regular Play,23,Watford,3721.0,Etienne Capoue,Right Center Midfield,42.4,62.0,,,,False,,,,,,,False,,,,,,,False,False,left_to_right,False,42.4,62.0,,,False,False,False,False
fdf12d5e-c881-4936-90a6-3696e8ddb63d,3754266,899,1,00:25:48.272,25,48,43,Carry,54,23,Watford,Regular Play,23,Watford,3721.0,Etienne Capoue,Right Center Midfield,42.4,62.0,41.5,62.0,0.218919,False,,,,,,,False,,,,,,,False,False,left_to_right,False,42.4,62.0,41.5,62.0,False,False,False,False
7f055b48-0dbb-4c1e-8258-f64cca6660b5,3754266,900,1,00:25:48.491,25,48,30,Pass,54,23,Watford,Regular Play,23,Watford,3721.0,Etienne Capoue,Right Center Midfield,41.5,62.0,42.9,40.4,1.742882,False,,,,,,,True,21.645323,-1.506072,Ground Pass,,3626.0,Ben Watson,False,False,left_to_right,False,41.5,62.0,42.9,40.4,False,False,False,False
5e57b634-97f9-4f52-be67-6c5fed163b88,3754266,901,1,00:25:50.234,25,50,42,Ball Receipt*,54,23,Watford,Regular Play,23,Watford,3626.0,Ben Watson,Left Center Midfield,42.9,40.4,,,,False,,,,,,,False,,,,,,,False,False,left_to_right,False,42.9,40.4,,,False,False,False,False
6d82a0f5-3b63-46dd-aaba-9a65c8ec0bca,3754266,902,1,00:25:50.234,25,50,43,Carry,54,23,Watford,Regular Play,23,Watford,3626.0,Ben Watson,Left Center Midfield,42.9,40.4,41.0,31.5,0.536598,False,,,,,,,False,,,,,,,False,False,left_to_right,False,42.9,40.4,41.0,31.5,False,False,False,False
3f44a218-2e0f-45f2-8584-bed98b0a3e06,3754266,903,1,00:25:50.770,25,50,30,Pass,54,23,Watford,Regular Play,23,Watford,3626.0,Ben Watson,Left Center Midfield,41.0,31.5,50.4,8.0,1.841532,False,,,,,,,True,25.310274,-1.19029,Ground Pass,,40118.0,Ikechi Anya,False,False,left_to_right,False,41.0,31.5,50.4,8.0,False,False,False,False
6b5cac65-bdad-438b-ba22-d8c58d7a645d,3754266,904,1,00:25:52.612,25,52,42,Ball Receipt*,54,23,Watford,Regular Play,23,Watford,40118.0,Ikechi Anya,Left Back,50.4,8.0,,,,False,,,,,,,False,,,,,,,False,False,left_to_right,False,50.4,8.0,,,False,False,False,False
88267bb4-0df9-4f56-a1a3-a23242a275b2,3754266,905,1,00:25:52.612,25,52,43,Carry,54,23,Watford,Regular Play,23,Watford,40118.0,Ikechi Anya,Left Back,50.4,8.0,55.7,6.0,1.105902,False,,,,,,,False,,,,,,,False,False,left_to_right,False,50.4,8.0,55.7,6.0,False,False,False,False
302d66c1-b43a-467b-924c-6bad2a917859,3754266,906,1,00:25:53.718,25,53,30,Pass,54,23,Watford,Regular Play,23,Watford,40118.0,Ikechi Anya,Left Back,55.7,6.0,62.6,4.8,1.11333,False,,,,,,,True,7.0035706,-0.17219082,Ground Pass,,6870.0,José Manuel Jurado Marín,False,False,left_to_right,False,55.7,6.0,62.6,4.8,False,False,False,False
a12df02c-b726-4a3a-9456-1f11fe06bbd9,3754266,907,1,00:25:54.683,25,54,17,Pressure,54,23,Watford,Regular Play,31,Crystal Palace,3407.0,Scott Dann,Right Center Back,55.4,73.7,,,0.486186,False,,,,,,,False,,,,,,,False,False,left_to_right,False,55.4,73.7,,,False,False,False,False
282d26c4-a70b-4f26-9a25-26a8fbcde856,3754266,908,1,00:25:54.831,25,54,42,Ball Receipt*,54,23,Watford,Regular Play,23,Watford,6870.0,José Manuel Jurado Marín,Left Midfield,62.6,4.8,,,,True,,,,,,,False,,,,,,,False,False,left_to_right,False,62.6,4.8,,,False,False,False,False
8a633612-cbf5-4eb0-9dea-b22d783bcf90,3754266,909,1,00:25:54.831,25,54,43,Carry,54,23,Watford,Regular Play,23,Watford,6870.0,José Manuel Jurado Marín,Left Midfield,62.6,4.8,63.4,3.5,0.254622,True,,,,,,,False,,,,,,,False,False,left_to_right,False,62.6,4.8,63.4,3.5,False,False,False,False
c4137adf-4baa-4b33-b552-8d3111442197,3754266,910,1,00:25:55.086,25,55,30,Pass,54,23,Watford,Regular Play,23,Watford,6870.0,José Manuel Jurado Marín,Left Midfield,63.4,3.5,49.4,5.6,1.167553,True,,,,,,,True,14.156624,2.9927027,Ground Pass,,40118.0,Ikechi Anya,False,False,left_to_right,False,63.4,3.5,49.4,5.6,False,False,False,False
d27e0223-f986-48cb-845b-09f5977db76d,3754266,911,1,00:25:56.253,25,56,42,Ball Receipt*,54,23,Watford,Regular Play,23,Watford,40118.0,Ikechi Anya,Left Back,49.4,5.6,,,,False,,,,,,,False,,,,,,,False,False,left_to_right,False,49.4,5.6,,,False,False,False,False
10eb51a3-6ef4-49d8-b495-7fef8ec42e24,3754266,912,1,00:25:56.253,25,56,43,Carry,54,23,Watford,Regular Play,23,Watford,40118.0,Ikechi Anya,Left Back,49.4,5.6,49.4,5.8,1.7022,False,,,,,,,False,,,,,,,False,False,left_to_right,False,49.4,5.6,49.4,5.8,False,False,False,False
c2c8dc58-d7d3-468c-ad50-62c07ee29c37,3754266,913,1,00:25:57.955,25,57,30,Pass,54,23,Watford,Regular Play,23,Watford,40118.0,Ikechi Anya,Left Back,49.4,5.8,44.9,16.7,1.165911,False,,,,,,,True,11.792371,1.9623259,Ground Pass,,3626.0,Ben Watson,False,False,left_to_right,False,49.4,5.8,44.9,16.7,False,False,False,False
79013a95-e3b1-4db0-8463-c9dd39563e4b,3754266,914,1,00:25:59.121,25,59,42,Ball Receipt*,54,23,Watford,Regular Play,23,Watford,3626.0,Ben Watson,Left Center Midfield,44.9,16.7,,,,False,,,,,,,False,,,,,,,False,False,left_to_right,False,44.9,16.7,,,False,False,False,False
643d82fe-27c0-4113-af16-380433745ac3,3754266,915,1,00:25:59.121,25,59,43,Carry,54,23,Watford,Regular Play,23,Watford,3626.0,Ben Watson,Left Center Midfield,44.9,16.7,44.1,16.8,0.796673,False,,,,,,,False,,,,,,,False,False,left_to_right,False,44.9,16.7,44.1,16.8,False,False,False,False
e6a2cf45-5418-4ca3-9155-4e2030b18448,3754266,916,1,00:25:59.918,25,59,30,Pass,54,23,Watford,Regular Play,23,Watford,3626.0,Ben Watson,Left Center Midfield,44.1,16.8,41.5,32.7,2.373723,False,,,,,,,True,16.111176,1.7328838,Ground Pass,,3263.0,Craig Cathcart,False,False,left_to_right,False,44.1,16.8,41.5,32.7,False,False,False,False
ba526c32-b174-4da0-9c2a-8726acfbe3b8,3754266,917,1,00:26:02.292,26,2,42,Ball Receipt*,54,23,Watford,Regular Play,23,Watford,3263.0,Craig Cathcart,Left Center Back,41.5,32.7,,,,False,,,,,,,False,,,,,,,False,False,left_to_right,False,41.5,32.7,,,False,False,False,False
5a5c40c1-fe04-41fd-8576-2b6c07a6d79f,3754266,918,1,00:26:02.292,26,2,43,Carry,54,23,Watford,Regular Play,23,Watford,3263.0,Craig Cathcart,Left Center Back,41.5,32.7,42.7,34.4,0.520547,False,,,,,,,False,,,,,,,False,False,left_to_right,False,41.5,32.7,42.7,34.4,False,False,False,False
63dba412-cdbb-4bfd-8f79-6b492959f0ac,3754266,919,1,00:26:02.812,26,2,30,Pass,54,23,Watford,Regular Play,23,Watford,3263.0,Craig Cathcart,Left Center Back,42.7,34.4,42.7,56.1,1.834239,False,,,,,,,True,21.7,1.5707964,Ground Pass,,3309.0,Sebastian Prödl,False,False,left_to_right,False,42.7,34.4,42.7,56.1,False,False,False,False
c6dded68-64ab-430b-aff2-91a68a43c262,3754266,920,1,00:26:04.646,26,4,42,Ball Receipt*,54,23,Watford,Regular Play,23,Watford,3309.0,Sebastian Prödl,Right Center Back,42.7,56.1,,,,False,,,,,,,False,,,,,,,False,False,left_to_right,False,42.7,56.1,,,False,False,False,False
45ff32d4-d810-4f7f-863a-d8eff55a1368,3754266,921,1,00:26:04.646,26,4,43,Carry,54,23,Watford,Regular Play,23,Watford,3309.0,Sebastian Prödl,Right Center Back,42.7,56.1,61.9,72.4,3.088605,False,,,,,,,False,,,,,,,False,False,left_to_right,False,42.7,56.1,61.9,72.4,False,False,False,False
5447dad6-2a4a-48f6-8a58-08584e8022a4,3754266,922,1,00:26:07.735,26,7,30,Pass,54,23,Watford,Regular Play,23,Watford,3309.0,Sebastian Prödl,Right Center Back,61.9,72.4,70.7,79.0,0.783643,False,,,,,,,True,11.0,0.6435011,Ground Pass,,3991.0,Allan Romeo Nyom,False,False,left_to_right,False,61.9,72.4,70.7,79.0,False,False,False,False
597846a7-642a-48dc-a3e8-140b10b5bf51,3754266,923,1,00:26:08.519,26,8,42,Ball Receipt*,54,23,Watford,Regular Play,23,Watford,3991.0,Allan Romeo Nyom,Right Back,70.7,79.0,,,,False,,,,,,,False,,,,,,,False,False,left_to_right,False,70.7,79.0,,,False,False,False,False
ab1277e5-9b14-4f11-9550-020ccea3bf68,3754266,924,1,00:26:08.519,26,8,43,Carry,54,23,Watford,Regular Play,23,Watford,3991.0,Allan Romeo Nyom,Right Back,70.7,79.0,64.4,78.1,2.163096,False,,,,,,,False,,,,,,,False,False,left_to_right,False,70.7,79.0,64.4,78.1,False,False,False,False
ce2859d2-eace-4256-a855-8cfcd32723c1,3754266,925,1,00:26:10.682,26,10,30,Pass,54,23,Watford,Regular Play,23,Watford,3991.0,Allan Romeo Nyom,Right Back,64.4,78.1,82.9,71.1,1.467793,False,,,,,,,True,19.78004,-0.36172923,Ground Pass,,5458.0,Odion Jude Ighalo,False,False,left_to_right,False,64.4,78.1,82.9,71.1,False,True,True,False
0e86be98-a243-4cb0-a4af-a4ed473ca93e,3754266,926,1,00:26:12.122,26,12,17,Pressure,54,23,Watford,Regular Play,31,Crystal Palace,43695.0,Brede Hangeland,Left Center Back,28.3,9.3,,,2.08463,False,,,,,,,False,,,,,,,False,False,left_to_right,False,28.3,9.3,,,False,False,False,False
943f762b-2f3b-4f87-8b22-4304a27fde8d,3754266,927,1,00:26:12.150,26,12,42,Ball Receipt*,54,23,Watford,Regular Play,23,Watford,5458.0,Odion Jude Ighalo,Left Center Forward,82.9,71.1,,,,True,,,,,,,False,,,,,,,False,False,left_to_right,False,82.9,71.1,,,False,False,False,False
454274b3-66b1-4203-9233-2a1685aec319,3754266,928,1,00:26:12.150,26,12,43,Carry,54,23,Watford,Regular Play,23,Watford,5458.0,Odion Jude Ighalo,Left Center Forward,82.9,71.1,117.0,75.7,7.794179,True,,,,,,,False,,,,,,,False,False,left_to_right,False,82.9,71.1,117.0,75.7,True,False,False,False
27a503f2-ddc4-47d8-ab61-67f2d0f0e1fd,3754266,929,1,00:26:12.903,26,12,17,Pressure,54,23,Watford,Regular Play,31,Crystal Palace,4817.0,Joe Ledley,Left Defensive Midfield,29.5,5.9,,,7.000615,False,,,,,,,False,,,,,,,False,False,left_to_right,False,29.5,5.9,,,False,False,False,False
049171c4-5545-4886-a454-c754db30a668,3754266,930,1,00:26:19.944,26,19,3,Dispossessed,54,23,Watford,Regular Play,23,Watford,5458.0,Odion Jude Ighalo,Left Center Forward,117.0,75.7,,,0.0,True,,,,,,,False,,,,,,,False,False,left_to_right,False,117.0,75.7,,,False,False,False,True
3a77f8fb-0e9d-4a31-9a6c-9dc6d9e5b448,3754266,931,1,00:26:19.944,26,19,4,Duel,54,23,Watford,Regular Play,31,Crystal Palace,4817.0,Joe Ledley,Left Defensive Midfield,3.1,4.4,,,0.0,True,,,,,,,False,,,,,,,False,False,left_to_right,False,3.1,4.4,,,False,False,False,False
d3377b0f-daa3-4926-872f-3af8180f5581,3754266,932,1,00:26:49.666,26,49,30,Pass,55,23,Watford,From Corner,23,Watford,43081.0,Almen Abdi,Right Midfield,120.0,80.0,111.3,48.8,1.362347,False,,,,,,Incomplete,False,32.390278,-1.8427347,High Pass,Corner,,,False,False,left_to_right,False,120.0,80.0,111.3,48.8,False,True,False,True
4dc37d42-4483-46e5-8a18-3c5e0ef75cb6,3754266,933,1,00:26:51.029,26,51,9,Clearance,55,23,Watford,From Corner,31,Crystal Palace,3589.0,Yannick Bolasie Yala,Left Wing,8.8,31.3,,,0.0,True,,,,,,,False,,,,,,,False,False,left_to_right,False,8.8,31.3,,,False,False,False,False
d1a62d36-98d5-46a7-9734-f041969127be,3754266,934,1,00:26:54.991,26,54,17,Pressure,55,23,Watford,From Corner,23,Watford,3991.0,Allan Romeo Nyom,Right Back,77.6,76.7,,,0.646512,False,,,,,,,False,,,,,,,False,False,left_to_right,False,77.6,76.7,,,False,False,False,False
6bf71d61-8a4e-457b-95eb-cc64681fa209,3754266,935,1,00:26:58.747,26,58,30,Pass,56,23,Watford,From Throw In,23,Watford,3991.0,Allan Romeo Nyom,Right Back,77.7,80.0,89.9,77.8,1.168913,False,,,,,,,True,12.396773,-0.1784105,Low Pass,Throw-in,43081.0,Almen Abdi,False,False,left_to_right,False,77.7,80.0,89.9,77.8,False,False,True,False
2a93478d-262a-40ef-8cec-9573d0d85ca5,3754266,936,1,00:26:59.916,26,59,42,Ball Receipt*,56,23,Watford,From Throw In,23,Watford,43081.0,Almen Abdi,Right Midfield,89.9,77.8,,,,False,,,,,,,False,,,,,,,False,False,left_to_right,False,89.9,77.8,,,False,False,False,False
46bc99da-fa1f-4eef-a769-8b1826cccd70,3754266,937,1,00:26:59.916,26,59,43,Carry,56,23,Watford,From Throw In,23,Watford,43081.0,Almen Abdi,Right Midfield,89.9,77.8,94.0,74.8,2.587586,False,,,,,,,False,,,,,,,False,False,left_to_right,False,89.9,77.8,94.0,74.8,False,False,False,False
ab6b0563-f33f-4c9c-b91a-975ebaa85904,3754266,938,1,00:27:02.504,27,2,30,Pass,56,23,Watford,From Throw In,23,Watford,43081.0,Almen Abdi,Right Midfield,94.0,74.8,86.6,68.7,1.160736,False,,,,,,,True,9.590099,-2.4521947,Ground Pass,,6870.0,José Manuel Jurado Marín,False,False,left_to_right,False,94.0,74.8,86.6,68.7,False,False,False,False
4768ad5f-6576-4e72-a8e1-1621dd2d9208,3754266,939,1,00:27:03.664,27,3,42,Ball Receipt*,56,23,Watford,From Throw In,23,Watford,6870.0,José Manuel Jurado Marín,Left Midfield,86.6,68.7,,,,False,,,,,,,False,,,,,,,False,False,left_to_right,False,86.6,68.7,,,False,False,False,False
491a894b-69a1-4ad0-b40a-19c06a13a26a,3754266,940,1,00:27:03.664,27,3,43,Carry,56,23,Watford,From Throw In,23,Watford,6870.0,José Manuel Jurado Marín,Left Midfield,86.6,68.7,89.8,69.3,1.675394,True,,,,,,,False,,,,,,,False,False,left_to_right,False,86.6,68.7,89.8,69.3,False,False,False,False
91d2526c-9fde-425c-b66b-a5650a24c888,3754266,941,1,00:27:04.393,27,4,17,Pressure,56,23,Watford,From Throw In,31,Crystal Palace,3469.0,Bakary Sako,Center Attacking Midfield,30.7,13.8,,,0.845305,False,,,,,,,False,,,,,,,False,False,left_to_right,False,30.7,13.8,,,False,False,False,False
0d166de3-552d-4ae8-bfcc-7077465a1f3e,3754266,942,1,00:27:05.340,27,5,30,Pass,56,23,Watford,From Throw In,23,Watford,6870.0,José Manuel Jurado Marín,Left Midfield,89.8,69.3,95.7,78.1,1.232577,False,,,,,,,True,10.5948105,0.9801759,Ground Pass,,3991.0,Allan Romeo Nyom,False,False,left_to_right,False,89.8,69.3,95.7,78.1,False,False,False,False
845b09e1-6a39-4d84-aa4e-521ed2477b63,3754266,943,1,00:27:06.572,27,6,42,Ball Receipt*,56,23,Watford,From Throw In,23,Watford,3991.0,Allan Romeo Nyom,Right Back,95.7,78.1,,,,False,,,,,,,False,,,,,,,False,False,left_to_right,False,95.7,78.1,,,False,False,False,False
9e4a46f6-8403-4eaa-a9b4-2fccc5415048,3754266,944,1,00:27:06.572,27,6,43,Carry,56,23,Watford,From Throw In,23,Watford,3991.0,Allan Romeo Nyom,Right Back,95.7,78.1,96.4,78.8,1.01056,False,,,,,,,False,,,,,,,False,False,left_to_right,False,95.7,78.1,96.4,78.8,False,False,False,False
bb2be931-24f6-497a-852f-f934189292c5,3754266,945,1,00:27:07.583,27,7,30,Pass,56,23,Watford,From Throw In,23,Watford,3991.0,Allan Romeo Nyom,Right Back,96.4,78.8,110.1,46.6,1.379922,False,,,,,,Incomplete,False,34.993286,-1.1685312,High Pass,,,,False,False,left_to_right,False,96.4,78.8,110.1,46.6,False,True,False,True
0fd1d9c1-aafb-49dd-947c-e00bcc8f8b49,3754266,946,1,00:27:08.963,27,8,9,Clearance,56,23,Watford,From Throw In,31,Crystal Palace,4817.0,Joe Ledley,Left Defensive Midfield,10.0,33.5,,,0.0,True,,,,,,,False,,,,,,,False,False,left_to_right,False,10.0,33.5,,,False,False,False,False
dbe6971e-f36b-488d-a5ac-f75119e20791,3754266,947,1,00:27:11.586,27,11,4,Duel,56,23,Watford,From Throw In,23,Watford,43081.0,Almen Abdi,Right Midfield,91.3,55.3,,,0.0,True,,,,,,,False,,,,,,,False,False,left_to_right,False,91.3,55.3,,,False,False,False,False
ad082c76-3495-4f3b-af3e-0a36cb785c3c,3754266,948,1,00:27:11.586,27,11,30,Pass,56,23,Watford,From Throw In,31,Crystal Palace,3277.0,Yohan Cabaye,Right Defensive Midfield,28.8,24.8,28.9,38.6,1.609779,True,,,,,,,True,13.800363,1.5635501,Low Pass,Recovery,19688.0,Jason Puncheon,False,False,left_to_right,False,28.8,24.8,28.9,38.6,False,False,False,False
079528df-79f1-4897-a8c5-a5e12436bb82,3754266,949,1,00:27:13.196,27,13,42,Ball Receipt*,56,23,Watford,From Throw In,31,Crystal Palace,19688.0,Jason Puncheon,Right Wing,28.9,38.6,,,,False,,,,,,,False,,,,,,,False,False,left_to_right,False,28.9,38.6,,,False,False,False,False
881d4824-ab4d-49de-b8c3-917a3c9e18b1,3754266,950,1,00:27:13.196,27,13,43,Carry,56,23,Watford,From Throw In,31,Crystal Palace,19688.0,Jason Puncheon,Right Wing,28.9,38.6,27.9,37.7,0.783164,False,,,,,,,False,,,,,,,False,False,left_to_right,False,28.9,38.6,27.9,37.7,False,False,False,False
4933a825-0b3c-4d63-b943-7328ad0d83e6,3754266,951,1,00:27:13.979,27,13,30,Pass,56,23,Watford,From Throw In,31,Crystal Palace,19688.0,Jason Puncheon,Right Wing,27.9,37.7,50.5,2.3,4.505914,False,,,,,,Incomplete,False,41.999046,-1.0026062,Low Pass,,,,False,False,left_to_right,False,27.9,37.7,50.5,2.3,False,False,False,True
7fed2ccd-00d1-4778-b704-5609401eadc1,3754266,952,1,00:27:16.940,27,16,17,Pressure,56,23,Watford,From Throw In,31,Crystal Palace,3469.0,Bakary Sako,Center Attacking Midfield,49.2,4.1,,,2.504083,False,,,,,,,False,,,,,,,False,False,left_to_right,False,49.2,4.1,,,False,False,False,False
8324f7ef-f7cc-4745-8e28-e940881934bb,3754266,953,1,00:27:18.485,27,18,2,Ball Recovery,56,23,Watford,From Throw In,23,Watford,3991.0,Allan Romeo Nyom,Right Back,69.6,77.8,,,0.0,True,,,,,,,False,,,,,,,False,False,left_to_right,False,69.6,77.8,,,False,False,False,False
0f032b87-1f38-453b-9708-34bfc05f4785,3754266,954,1,00:27:18.485,27,18,43,Carry,56,23,Watford,From Throw In,23,Watford,3991.0,Allan Romeo Nyom,Right Back,69.6,77.8,61.9,76.7,1.155269,True,,,,,,,False,,,,,,,False,False,left_to_right,False,69.6,77.8,61.9,76.7,False,False,False,False
d979cccf-316b-44ca-b48f-01241acb376d,3754266,955,1,00:27:19.640,27,19,30,Pass,56,23,Watford,From Throw In,23,Watford,3991.0,Allan Romeo Nyom,Right Back,61.9,76.7,65.2,70.8,0.55412,False,,,,,,,True,6.7601776,-1.0608243,Ground Pass,,3721.0,Etienne Capoue,False,False,left_to_right,False,61.9,76.7,65.2,70.8,False,False,False,False
e4735243-69cc-434a-8918-1527c5f4714b,3754266,956,1,00:27:20.195,27,20,42,Ball Receipt*,56,23,Watford,From Throw In,23,Watford,3721.0,Etienne Capoue,Right Center Midfield,65.2,70.8,,,,False,,,,,,,False,,,,,,,False,False,left_to_right,False,65.2,70.8,,,False,False,False,False
e592cae5-924f-4e90-84bd-eeef53bc6099,3754266,957,1,00:27:20.195,27,20,43,Carry,56,23,Watford,From Throw In,23,Watford,3721.0,Etienne Capoue,Right Center Midfield,65.2,70.8,64.8,70.8,0.08,False,,,,,,,False,,,,,,,False,False,left_to_right,False,65.2,70.8,64.8,70.8,False,False,False,False
697236b6-6572-47fd-8548-1f46032d02a6,3754266,958,1,00:27:20.275,27,20,30,Pass,56,23,Watford,From Throw In,23,Watford,3721.0,Etienne Capoue,Right Center Midfield,64.8,70.8,71.3,67.9,2.031027,False,,,,,,,True,7.1175838,-0.41965085,Ground Pass,,43081.0,Almen Abdi,False,False,left_to_right,False,64.8,70.8,71.3,67.9,False,False,False,False
12d78260-35d5-4ccb-bab8-2439f3458d5f,3754266,959,1,00:27:22.306,27,22,42,Ball Receipt*,56,23,Watford,From Throw In,23,Watford,43081.0,Almen Abdi,Right Midfield,71.3,67.9,,,,False,,,,,,,False,,,,,,,False,False,left_to_right,False,71.3,67.9,,,False,False,False,False
1b7517f6-1dfb-4ced-868d-519895b568c0,3754266,960,1,00:27:22.306,27,22,43,Carry,56,23,Watford,From Throw In,23,Watford,43081.0,Almen Abdi,Right Midfield,71.3,67.9,70.4,66.3,0.058248002,False,,,,,,,False,,,,,,,False,False,left_to_right,False,71.3,67.9,70.4,66.3,False,False,False,False
fd6e1e1a-047b-463a-9f9c-0e35d235a54e,3754266,961,1,00:27:22.364,27,22,30,Pass,56,23,Watford,From Throw In,23,Watford,43081.0,Almen Abdi,Right Midfield,70.4,66.3,78.6,70.1,1.059896,False,,,,,,,True,9.037699,0.43395337,Ground Pass,,3721.0,Etienne Capoue,False,False,left_to_right,False,70.4,66.3,78.6,70.1,False,False,False,False
f7759b71-cf6e-4734-b683-45f58ec12b96,3754266,962,1,00:27:23.424,27,23,42,Ball Receipt*,56,23,Watford,From Throw In,23,Watford,3721.0,Etienne Capoue,Right Center Midfield,78.6,70.1,,,,False,,,,,,,False,,,,,,,False,False,left_to_right,False,78.6,70.1,,,False,False,False,False
1fa7f170-7f47-4414-b2dc-48ac17ded97f,3754266,963,1,00:27:23.424,27,23,43,Carry,56,23,Watford,From Throw In,23,Watford,3721.0,Etienne Capoue,Right Center Midfield,78.6,70.1,79.1,70.4,0.98404,True,,,,,,,False,,,,,,,False,False,left_to_right,False,78.6,70.1,79.1,70.4,False,False,False,False
4fcd3271-79e0-411b-a295-8b39ed8d9edc,3754266,964,1,00:27:23.492,27,23,17,Pressure,56,23,Watford,From Throw In,31,Crystal Palace,3277.0,Yohan Cabaye,Right Defensive Midfield,44.0,9.3,,,0.395519,False,,,,,,,False,,,,,,,False,False,left_to_right,False,44.0,9.3,,,False,False,False,False
3f0dd296-cf12-4013-99a8-77be5fc77de7,3754266,965,1,00:27:24.408,27,24,22,Foul Committed,56,23,Watford,From Throw In,31,Crystal Palace,3277.0,Yohan Cabaye,Right Defensive Midfield,41.0,9.7,,,0.0,False,,,,,,,False,,,,,,,False,False,left_to_right,False,41.0,9.7,,,False,False,False,False
626a9af4-4e12-4289-9d05-8e9ab47b65ac,3754266,966,1,00:27:24.408,27,24,21,Foul Won,56,23,Watford,From Throw In,23,Watford,3721.0,Etienne Capoue,Right Center Midfield,79.1,70.4,,,0.0,True,,,,,,,False,,,,,,,False,False,left_to_right,False,79.1,70.4,,,False,False,False,False
b5dc2913-8ca8-401a-8ee3-bc95c1017746,3754266,967,1,00:27:58.404,27,58,30,Pass,57,23,Watford,From Free Kick,23,Watford,43081.0,Almen Abdi,Right Midfield,76.9,69.6,109.1,44.2,1.564059,False,,,,,,,True,41.01219,-0.6678865,High Pass,Free Kick,5458.0,Odion Jude Ighalo,True,False,left_to_right,False,76.9,69.6,109.1,44.2,False,True,True,False
becbce48-97ff-4f48-8292-5d3cd326116a,3754266,968,1,00:27:59.968,27,59,42,Ball Receipt*,57,23,Watford,From Free Kick,23,Watford,5458.0,Odion Jude Ighalo,Left Center Forward,109.1,44.2,,,,False,,,,,,,False,,,,,,,False,False,left_to_right,False,109.1,44.2,,,False,False,False,False
31714647-86ea-4f82-ba2c-6623c5790f19,3754266,969,1,00:27:59.968,27,59,4,Duel,57,23,Watford,From Free Kick,31,Crystal Palace,4884.0,Pape N''Diaye Souaré,Left Back,12.6,37.0,,,0.0,True,,,,,,,False,,,,,,,False,False,left_to_right,False,12.6,37.0,,,False,False,False,False
e5f27b78-9014-48b5-bd64-e9f09733281a,3754266,970,1,00:27:59.968,27,59,16,Shot,57,23,Watford,From Free Kick,23,Watford,5458.0,Odion Jude Ighalo,Left Center Forward,107.5,43.1,110.6,37.9,0.618775,True,0.047835212,Wayward,Head,Normal,Open Play,,False,,,,,,,False,False,left_to_right,False,107.5,43.1,110.6,37.9,False,False,False,False
d0aacc32-1c7b-4b26-9a52-6f3a335f3d54,3754266,971,1,00:28:00.587,28,0,23,Goal Keeper,57,23,Watford,From Free Kick,31,Crystal Palace,3488.0,Wayne Hennessey,Goalkeeper,1.8,39.2,,,0.0,False,,,,,,,False,,,,,,,False,False,left_to_right,False,1.8,39.2,,,False,False,False,False
5e51f9b0-de04-409f-8b79-c6669a29d94c,3754266,972,1,00:28:01.227,28,1,9,Clearance,57,23,Watford,From Free Kick,31,Crystal Palace,3407.0,Scott Dann,Right Center Back,9.6,41.4,,,0.0,True,,,,,,,False,,,,,,,False,False,left_to_right,False,9.6,41.4,,,False,False,False,False
d945e43f-d390-4b2a-8779-889bdfcb92b5,3754266,973,1,00:28:04.353,28,4,4,Duel,57,23,Watford,From Free Kick,23,Watford,6870.0,José Manuel Jurado Marín,Left Midfield,94.0,23.9,,,0.0,True,,,,,,,False,,,,,,,False,False,left_to_right,False,94.0,23.9,,,False,False,False,False
39f44e40-1ce4-4597-bf80-98190178dc8a,3754266,974,1,00:28:04.353,28,4,30,Pass,57,23,Watford,From Free Kick,31,Crystal Palace,19688.0,Jason Puncheon,Right Wing,26.1,56.2,36.9,50.9,1.506807,True,,,,,,Incomplete,False,12.030378,-0.4562128,Low Pass,Recovery,,,False,False,left_to_right,False,26.1,56.2,36.9,50.9,False,False,False,True
e405a300-246e-45db-b0b8-56cf43f6cc7b,3754266,975,1,00:28:05.860,28,5,30,Pass,57,23,Watford,From Free Kick,23,Watford,3626.0,Ben Watson,Left Center Midfield,83.2,29.2,76.3,21.9,0.636746,False,,,,,,,True,10.044899,-2.328033,Low Pass,Recovery,40118.0,Ikechi Anya,False,False,left_to_right,False,83.2,29.2,76.3,21.9,False,False,False,False
753b847f-5da7-4321-87e5-90734079ef15,3754266,976,1,00:28:06.496,28,6,42,Ball Receipt*,57,23,Watford,From Free Kick,23,Watford,40118.0,Ikechi Anya,Left Back,76.3,21.9,,,,False,,,,,,,False,,,,,,,False,False,left_to_right,False,76.3,21.9,,,False,False,False,False
8b3fd3e4-0d48-4e33-af29-72e977693fda,3754266,977,1,00:28:06.496,28,6,43,Carry,57,23,Watford,From Free Kick,23,Watford,40118.0,Ikechi Anya,Left Back,76.3,21.9,73.1,21.0,0.652034,False,,,,,,,False,,,,,,,False,False,left_to_right,False,76.3,21.9,73.1,21.0,False,False,False,False
c00608b5-db7b-4681-8d61-db35026f82ba,3754266,978,1,00:28:07.148,28,7,30,Pass,57,23,Watford,From Free Kick,23,Watford,40118.0,Ikechi Anya,Left Back,73.1,21.0,54.6,44.6,3.155103,False,,,,,,,True,29.98683,2.2356417,Ground Pass,,3991.0,Allan Romeo Nyom,False,False,left_to_right,False,73.1,21.0,54.6,44.6,False,False,False,False
8eb88243-2858-4ef2-80d1-1ac1497fc4ee,3754266,979,1,00:28:10.304,28,10,42,Ball Receipt*,57,23,Watford,From Free Kick,23,Watford,3991.0,Allan Romeo Nyom,Right Back,54.6,44.6,,,,False,,,,,,,False,,,,,,,False,False,left_to_right,False,54.6,44.6,,,False,False,False,False
9ef2ddf5-7029-40c0-8867-8a602c26b717,3754266,980,1,00:28:10.304,28,10,43,Carry,57,23,Watford,From Free Kick,23,Watford,3991.0,Allan Romeo Nyom,Right Back,54.6,44.6,53.8,50.9,0.815846,False,,,,,,,False,,,,,,,False,False,left_to_right,False,54.6,44.6,53.8,50.9,False,False,False,False
9cccca1c-aa48-4487-9c3b-93c6a2d4fae4,3754266,981,1,00:28:11.119,28,11,30,Pass,57,23,Watford,From Free Kick,23,Watford,3991.0,Allan Romeo Nyom,Right Back,53.8,50.9,85.2,80.0,2.836925,False,,,,,,Out,False,42.810863,0.7473999,High Pass,,43081.0,Almen Abdi,False,False,left_to_right,False,53.8,50.9,85.2,80.0,False,False,True,True
87cdd79b-432f-4a22-884c-f550bf8401cc,3754266,982,1,00:28:13.956,28,13,42,Ball Receipt*,57,23,Watford,From Free Kick,23,Watford,43081.0,Almen Abdi,Right Midfield,77.7,77.4,,,,False,,,,,,,False,,,,,,,False,False,left_to_right,False,77.7,77.4,,,False,False,False,False
83bf5798-37f8-4e7e-b4a5-c89f153985c0,3754266,983,1,00:28:21.141,28,21,30,Pass,58,31,Crystal Palace,From Throw In,31,Crystal Palace,4884.0,Pape N''Diaye Souaré,Left Back,35.9,0.1,8.6,13.8,3.584748,False,,,,,,,True,30.544722,2.676481,Low Pass,Throw-in,43695.0,Brede Hangeland,False,False,left_to_right,False,35.9,0.1,8.6,13.8,False,False,False,False
d13b363f-356f-48ad-aba1-0caf53cc2efd,3754266,984,1,00:28:24.726,28,24,42,Ball Receipt*,58,31,Crystal Palace,From Throw In,31,Crystal Palace,43695.0,Brede Hangeland,Left Center Back,8.6,13.8,,,,False,,,,,,,False,,,,,,,False,False,left_to_right,False,8.6,13.8,,,False,False,False,False
99fd5284-59f3-4241-b1de-67346e81ff87,3754266,985,1,00:28:25.270,28,25,30,Pass,58,31,Crystal Palace,From Throw In,31,Crystal Palace,43695.0,Brede Hangeland,Left Center Back,9.1,12.8,1.7,30.6,1.687993,False,,,,,,,True,19.27693,1.9647894,Ground Pass,,3488.0,Wayne Hennessey,False,False,left_to_right,False,9.1,12.8,1.7,30.6,False,False,False,False
fee465af-1687-410b-8a32-fcd6de9238b8,3754266,986,1,00:28:26.958,28,26,42,Ball Receipt*,58,31,Crystal Palace,From Throw In,31,Crystal Palace,3488.0,Wayne Hennessey,Goalkeeper,1.7,30.6,,,,False,,,,,,,False,,,,,,,False,False,left_to_right,False,1.7,30.6,,,False,False,False,False
2ef9be07-649a-4416-a3bd-db9f73dbfdf6,3754266,987,1,00:28:26.958,28,26,43,Carry,58,31,Crystal Palace,From Throw In,31,Crystal Palace,3488.0,Wayne Hennessey,Goalkeeper,1.7,30.6,1.4,30.5,0.04,False,,,,,,,False,,,,,,,False,False,left_to_right,False,1.7,30.6,1.4,30.5,False,False,False,False
104d1cf4-79f2-4563-b11e-d29168c80ad0,3754266,988,1,00:28:26.998,28,26,30,Pass,58,31,Crystal Palace,From Throw In,31,Crystal Palace,3488.0,Wayne Hennessey,Goalkeeper,1.4,30.5,41.8,16.2,3.922917,False,,,,,,,True,42.856155,-0.34019864,High Pass,,3589.0,Yannick Bolasie Yala,False,False,left_to_right,False,1.4,30.5,41.8,16.2,False,True,False,False
56b7e6e5-be3e-4210-96e1-86013f3d537b,3754266,989,1,00:28:30.619,28,30,17,Pressure,58,31,Crystal Palace,From Throw In,23,Watford,43081.0,Almen Abdi,Right Midfield,77.0,65.8,,,0.388818,False,,,,,,,False,,,,,,,False,False,left_to_right,False,77.0,65.8,,,False,False,False,False
924e1dcd-42ff-4626-8986-e45106f2e8e4,3754266,990,1,00:28:30.921,28,30,42,Ball Receipt*,58,31,Crystal Palace,From Throw In,31,Crystal Palace,3589.0,Yannick Bolasie Yala,Left Wing,41.8,16.2,,,,True,,,,,,,False,,,,,,,False,False,left_to_right,False,41.8,16.2,,,False,False,False,False
a20a28bf-4a3d-4cb2-a18d-52a698a6e4ad,3754266,991,1,00:28:30.921,28,30,30,Pass,58,31,Crystal Palace,From Throw In,31,Crystal Palace,3589.0,Yannick Bolasie Yala,Left Wing,43.4,16.2,34.1,10.4,1.182265,True,,,,,,,True,10.960383,-2.5839605,Ground Pass,,4884.0,Pape N''Diaye Souaré,False,False,left_to_right,False,43.4,16.2,34.1,10.4,False,False,False,False
9e86f6cd-28bf-41fc-8a63-cc53bee143bc,3754266,992,1,00:28:32.103,28,32,42,Ball Receipt*,58,31,Crystal Palace,From Throw In,31,Crystal Palace,4884.0,Pape N''Diaye Souaré,Left Back,34.1,10.4,,,,False,,,,,,,False,,,,,,,False,False,left_to_right,False,34.1,10.4,,,False,False,False,False
1be17fa7-4be0-4c8d-b293-2f87656988bc,3754266,993,1,00:28:32.103,28,32,43,Carry,58,31,Crystal Palace,From Throw In,31,Crystal Palace,4884.0,Pape N''Diaye Souaré,Left Back,34.1,10.4,35.2,7.9,2.063675,False,,,,,,,False,,,,,,,False,False,left_to_right,False,34.1,10.4,35.2,7.9,False,False,False,False
42111e2b-fcb1-4f95-9235-3af3e7f27f19,3754266,994,1,00:28:34.167,28,34,30,Pass,58,31,Crystal Palace,From Throw In,31,Crystal Palace,4884.0,Pape N''Diaye Souaré,Left Back,35.2,7.9,55.3,6.7,1.505795,False,,,,,,,True,20.13579,-0.059630714,Ground Pass,,3469.0,Bakary Sako,False,False,left_to_right,False,35.2,7.9,55.3,6.7,False,False,False,False
d102237f-9c81-4429-8f1e-af8bfd2144a4,3754266,995,1,00:28:35.608,28,35,17,Pressure,58,31,Crystal Palace,From Throw In,23,Watford,3991.0,Allan Romeo Nyom,Right Back,62.6,74.8,,,0.743538,False,,,,,,,False,,,,,,,False,False,left_to_right,False,62.6,74.8,,,False,False,False,False
b7879183-2ed6-4a20-a77f-f6984fb2b235,3754266,996,1,00:28:35.672,28,35,42,Ball Receipt*,58,31,Crystal Palace,From Throw In,31,Crystal Palace,3469.0,Bakary Sako,Center Attacking Midfield,55.3,6.7,,,,True,,,,,,,False,,,,,,,False,False,left_to_right,False,55.3,6.7,,,False,False,False,False
726c428c-bf06-49b1-bcd4-098c5d04889c,3754266,997,1,00:28:35.672,28,35,43,Carry,58,31,Crystal Palace,From Throw In,31,Crystal Palace,3469.0,Bakary Sako,Center Attacking Midfield,55.3,6.7,54.0,6.5,1.027684,True,,,,,,,False,,,,,,,False,False,left_to_right,False,55.3,6.7,54.0,6.5,False,False,False,False
9d586b9b-86ad-4396-956f-e765b7074331,3754266,998,1,00:28:36.700,28,36,30,Pass,58,31,Crystal Palace,From Throw In,31,Crystal Palace,3469.0,Bakary Sako,Center Attacking Midfield,54.0,6.5,41.0,10.0,0.96801,False,,,,,,,True,13.462912,2.878598,Ground Pass,,4817.0,Joe Ledley,False,False,left_to_right,False,54.0,6.5,41.0,10.0,False,False,False,False
4fbfa9f8-f2ab-4c52-b535-f87ef07cc1fb,3754266,999,1,00:28:37.668,28,37,42,Ball Receipt*,58,31,Crystal Palace,From Throw In,31,Crystal Palace,4817.0,Joe Ledley,Left Defensive Midfield,41.0,10.0,,,,False,,,,,,,False,,,,,,,False,False,left_to_right,False,41.0,10.0,,,False,False,False,False
42e1d13e-e50c-4ea0-9467-37b446a8a1cf,3754266,1000,1,00:28:37.668,28,37,43,Carry,58,31,Crystal Palace,From Throw In,31,Crystal Palace,4817.0,Joe Ledley,Left Defensive Midfield,41.0,10.0,41.1,10.5,0.880341,False,,,,,,,False,,,,,,,False,False,left_to_right,False,41.0,10.0,41.1,10.5,False,False,False,False
8dcdb0aa-ee73-4cba-9bf6-7f5ee946b849,3754266,1001,1,00:28:38.549,28,38,30,Pass,58,31,Crystal Palace,From Throw In,31,Crystal Palace,4817.0,Joe Ledley,Left Defensive Midfield,41.1,10.5,50.2,28.6,0.858413,False,,,,,,,True,20.258825,1.1049412,Ground Pass,,3277.0,Yohan Cabaye,False,False,left_to_right,False,41.1,10.5,50.2,28.6,False,False,False,False
fca20b68-a14d-4b60-aef7-ec8566566576,3754266,1002,1,00:28:39.407,28,39,42,Ball Receipt*,58,31,Crystal Palace,From Throw In,31,Crystal Palace,3277.0,Yohan Cabaye,Right Defensive Midfield,50.2,28.6,,,,False,,,,,,,False,,,,,,,False,False,left_to_right,False,50.2,28.6,,,False,False,False,False
36990e81-da49-4a88-9fcd-fa154b4b49ac,3754266,1003,1,00:28:39.407,28,39,43,Carry,58,31,Crystal Palace,From Throw In,31,Crystal Palace,3277.0,Yohan Cabaye,Right Defensive Midfield,50.2,28.6,50.1,28.5,0.839293,False,,,,,,,False,,,,,,,False,False,left_to_right,False,50.2,28.6,50.1,28.5,False,False,False,False
db53ad59-fec2-411c-bab3-9518ed16ea10,3754266,1004,1,00:28:40.246,28,40,30,Pass,58,31,Crystal Palace,From Throw In,31,Crystal Palace,3277.0,Yohan Cabaye,Right Defensive Midfield,50.1,28.5,50.5,17.8,0.786477,False,,,,,,,True,10.707474,-1.5334306,Ground Pass,,3469.0,Bakary Sako,False,False,left_to_right,False,50.1,28.5,50.5,17.8,False,False,False,False
5142bacc-e9d7-49bd-a92b-33d2a808fb84,3754266,1005,1,00:28:41.033,28,41,42,Ball Receipt*,58,31,Crystal Palace,From Throw In,31,Crystal Palace,3469.0,Bakary Sako,Center Attacking Midfield,50.5,17.8,,,,False,,,,,,,False,,,,,,,False,False,left_to_right,False,50.5,17.8,,,False,False,False,False
8ee9a6ea-d90b-428f-a3b8-8062da243d31,3754266,1006,1,00:28:41.033,28,41,43,Carry,58,31,Crystal Palace,From Throw In,31,Crystal Palace,3469.0,Bakary Sako,Center Attacking Midfield,50.5,17.8,50.6,18.1,0.039999,False,,,,,,,False,,,,,,,False,False,left_to_right,False,50.5,17.8,50.6,18.1,False,False,False,False
a6a8d8a3-a30a-48f1-9058-5a8f1409222f,3754266,1007,1,00:28:41.073,28,41,30,Pass,58,31,Crystal Palace,From Throw In,31,Crystal Palace,3469.0,Bakary Sako,Center Attacking Midfield,50.6,18.1,42.8,17.8,0.725746,False,,,,,,,True,7.805767,-3.1031501,Ground Pass,,4817.0,Joe Ledley,False,False,left_to_right,False,50.6,18.1,42.8,17.8,False,False,False,False
9529d092-f67a-420b-8501-4ffb4485e6e8,3754266,1008,1,00:28:41.798,28,41,42,Ball Receipt*,58,31,Crystal Palace,From Throw In,31,Crystal Palace,4817.0,Joe Ledley,Left Defensive Midfield,42.8,17.8,,,,False,,,,,,,False,,,,,,,False,False,left_to_right,False,42.8,17.8,,,False,False,False,False
77be39b1-043b-48f5-bba5-26e36baef2fd,3754266,1009,1,00:28:41.798,28,41,43,Carry,58,31,Crystal Palace,From Throw In,31,Crystal Palace,4817.0,Joe Ledley,Left Defensive Midfield,42.8,17.8,39.7,17.4,1.068922,False,,,,,,,False,,,,,,,False,False,left_to_right,False,42.8,17.8,39.7,17.4,False,False,False,False
e7781d75-3a80-4d39-a5b2-ec7b59f52a55,3754266,1010,1,00:28:42.867,28,42,30,Pass,58,31,Crystal Palace,From Throw In,31,Crystal Palace,4817.0,Joe Ledley,Left Defensive Midfield,39.7,17.4,28.5,37.1,1.54559,False,,,,,,,True,22.6612,2.087753,Ground Pass,,3407.0,Scott Dann,False,False,left_to_right,False,39.7,17.4,28.5,37.1,False,False,False,False
baa8a7e3-8643-4829-a744-25a76682bb86,3754266,1011,1,00:28:44.413,28,44,42,Ball Receipt*,58,31,Crystal Palace,From Throw In,31,Crystal Palace,3407.0,Scott Dann,Right Center Back,28.5,37.1,,,,False,,,,,,,False,,,,,,,False,False,left_to_right,False,28.5,37.1,,,False,False,False,False
00fbeba5-48f6-44d1-9420-13c131389916,3754266,1012,1,00:28:44.413,28,44,43,Carry,58,31,Crystal Palace,From Throw In,31,Crystal Palace,3407.0,Scott Dann,Right Center Back,28.5,37.1,34.8,43.8,2.693921,False,,,,,,,False,,,,,,,False,False,left_to_right,False,28.5,37.1,34.8,43.8,False,False,False,False
2bf4d567-7eaa-4c89-97e7-2dcb64488187,3754266,1013,1,00:28:47.107,28,47,30,Pass,58,31,Crystal Palace,From Throw In,31,Crystal Palace,3407.0,Scott Dann,Right Center Back,34.8,43.8,42.8,33.7,1.058102,False,,,,,,,True,12.884487,-0.9009038,Ground Pass,,4817.0,Joe Ledley,False,False,left_to_right,False,34.8,43.8,42.8,33.7,False,False,False,False
69ffd92d-5c76-4438-bfca-2ef13b7a7a34,3754266,1014,1,00:28:48.165,28,48,42,Ball Receipt*,58,31,Crystal Palace,From Throw In,31,Crystal Palace,4817.0,Joe Ledley,Left Defensive Midfield,42.8,33.7,,,,False,,,,,,,False,,,,,,,False,False,left_to_right,False,42.8,33.7,,,False,False,False,False
cf3e8e56-4735-49f6-a88d-64b7df97b791,3754266,1015,1,00:28:48.165,28,48,43,Carry,58,31,Crystal Palace,From Throw In,31,Crystal Palace,4817.0,Joe Ledley,Left Defensive Midfield,42.8,33.7,42.0,33.8,0.119998,False,,,,,,,False,,,,,,,False,False,left_to_right,False,42.8,33.7,42.0,33.8,False,False,False,False
756c481a-f7c1-4cdd-9b1d-00f718b2aca2,3754266,1016,1,00:28:48.285,28,48,30,Pass,58,31,Crystal Palace,From Throw In,31,Crystal Palace,4817.0,Joe Ledley,Left Defensive Midfield,42.0,33.8,30.7,33.8,1.634821,False,,,,,,,True,11.3,3.1415927,Ground Pass,,43695.0,Brede Hangeland,False,False,left_to_right,False,42.0,33.8,30.7,33.8,False,False,False,False
46dc0563-854a-4951-890c-4e0e1d949b7f,3754266,1017,1,00:28:49.920,28,49,42,Ball Receipt*,58,31,Crystal Palace,From Throw In,31,Crystal Palace,43695.0,Brede Hangeland,Left Center Back,30.7,33.8,,,,False,,,,,,,False,,,,,,,False,False,left_to_right,False,30.7,33.8,,,False,False,False,False
389ce7ac-12d5-4e60-b38f-14280370af95,3754266,1018,1,00:28:49.920,28,49,43,Carry,58,31,Crystal Palace,From Throw In,31,Crystal Palace,43695.0,Brede Hangeland,Left Center Back,30.7,33.8,29.7,33.7,0.079999,False,,,,,,,False,,,,,,,False,False,left_to_right,False,30.7,33.8,29.7,33.7,False,False,False,False
f388f4f1-0b2c-4bcb-9e00-e19808b31b0c,3754266,1019,1,00:28:50.000,28,50,30,Pass,58,31,Crystal Palace,From Throw In,31,Crystal Palace,43695.0,Brede Hangeland,Left Center Back,29.7,33.7,33.0,53.9,1.775026,False,,,,,,,True,20.46778,1.4088604,Ground Pass,,3407.0,Scott Dann,False,False,left_to_right,False,29.7,33.7,33.0,53.9,False,False,False,False
e29c1f6f-aef9-4713-b6d7-e9f2131ef74c,3754266,1020,1,00:28:51.775,28,51,42,Ball Receipt*,58,31,Crystal Palace,From Throw In,31,Crystal Palace,3407.0,Scott Dann,Right Center Back,33.0,53.9,,,,False,,,,,,,False,,,,,,,False,False,left_to_right,False,33.0,53.9,,,False,False,False,False
5e0fa3b8-f210-4315-b6c2-09d828d40c64,3754266,1021,1,00:28:51.775,28,51,43,Carry,58,31,Crystal Palace,From Throw In,31,Crystal Palace,3407.0,Scott Dann,Right Center Back,33.0,53.9,34.0,54.4,0.891688,False,,,,,,,False,,,,,,,False,False,left_to_right,False,33.0,53.9,34.0,54.4,False,False,False,False
0e4c89cd-1371-442c-8f29-4ad82449d1be,3754266,1022,1,00:28:52.667,28,52,30,Pass,58,31,Crystal Palace,From Throw In,31,Crystal Palace,3407.0,Scott Dann,Right Center Back,34.0,54.4,29.7,24.7,2.19536,False,,,,,,,True,30.009665,-1.7145784,Ground Pass,,43695.0,Brede Hangeland,False,False,left_to_right,False,34.0,54.4,29.7,24.7,False,False,False,False
33ce6d04-6d21-4a33-99b4-2fe90fd72a4c,3754266,1023,1,00:28:54.862,28,54,42,Ball Receipt*,58,31,Crystal Palace,From Throw In,31,Crystal Palace,43695.0,Brede Hangeland,Left Center Back,29.7,24.7,,,,False,,,,,,,False,,,,,,,False,False,left_to_right,False,29.7,24.7,,,False,False,False,False
f313a42e-538a-43b6-bf5d-b58b6b0f68bb,3754266,1024,1,00:28:54.862,28,54,43,Carry,58,31,Crystal Palace,From Throw In,31,Crystal Palace,43695.0,Brede Hangeland,Left Center Back,29.7,24.7,41.5,21.8,1.829553,False,,,,,,,False,,,,,,,False,False,left_to_right,False,29.7,24.7,41.5,21.8,False,False,False,False
c2109d24-1a6c-4b9c-add6-c6841206f43a,3754266,1025,1,00:28:56.691,28,56,30,Pass,58,31,Crystal Palace,From Throw In,31,Crystal Palace,43695.0,Brede Hangeland,Left Center Back,41.5,21.8,49.4,2.5,1.244191,False,,,,,,,True,20.854256,-1.1822759,Ground Pass,,4884.0,Pape N''Diaye Souaré,False,False,left_to_right,False,41.5,21.8,49.4,2.5,False,False,False,False
19fa273b-319c-4f6c-8d2d-744fec82294d,3754266,1026,1,00:28:57.936,28,57,42,Ball Receipt*,58,31,Crystal Palace,From Throw In,31,Crystal Palace,4884.0,Pape N''Diaye Souaré,Left Back,49.4,2.5,,,,False,,,,,,,False,,,,,,,False,False,left_to_right,False,49.4,2.5,,,False,False,False,False
eabf3323-b270-429c-8d68-c4fce56876d1,3754266,1027,1,00:28:57.936,28,57,43,Carry,58,31,Crystal Palace,From Throw In,31,Crystal Palace,4884.0,Pape N''Diaye Souaré,Left Back,49.4,2.5,47.8,1.1,1.594576,False,,,,,,,False,,,,,,,False,False,left_to_right,False,49.4,2.5,47.8,1.1,False,False,False,False
aae96f5a-c899-422b-ba6e-7bce55d5737c,3754266,1028,1,00:28:59.530,28,59,30,Pass,58,31,Crystal Palace,From Throw In,31,Crystal Palace,4884.0,Pape N''Diaye Souaré,Left Back,47.8,1.1,71.4,7.9,1.639909,False,,,,,,,True,24.560131,0.2805368,Ground Pass,,3469.0,Bakary Sako,False,False,left_to_right,False,47.8,1.1,71.4,7.9,False,True,False,False
386b5532-4d87-4eaf-abfe-e5eed0d7403a,3754266,1029,1,00:29:01.170,29,1,42,Ball Receipt*,58,31,Crystal Palace,From Throw In,31,Crystal Palace,3469.0,Bakary Sako,Center Attacking Midfield,71.4,7.9,,,,False,,,,,,,False,,,,,,,False,False,left_to_right,False,71.4,7.9,,,False,False,False,False
b1fd0d27-3a20-4a50-9eca-1bc1e41e4e11,3754266,1030,1,00:29:01.170,29,1,43,Carry,58,31,Crystal Palace,From Throw In,31,Crystal Palace,3469.0,Bakary Sako,Center Attacking Midfield,71.4,7.9,75.8,9.6,0.860827,True,,,,,,,False,,,,,,,False,False,left_to_right,False,71.4,7.9,75.8,9.6,False,False,False,False
d1b6cc02-1a23-4228-bfe3-cf859d932f95,3754266,1031,1,00:29:01.262,29,1,17,Pressure,58,31,Crystal Palace,From Throw In,23,Watford,3991.0,Allan Romeo Nyom,Right Back,44.3,72.0,,,0.375469,False,,,,,,,False,,,,,,,False,False,left_to_right,False,44.3,72.0,,,False,False,False,False
91afa677-a47c-48bc-88ee-0485cbc5b47c,3754266,1032,1,00:29:02.031,29,2,14,Dribble,58,31,Crystal Palace,From Throw In,31,Crystal Palace,3469.0,Bakary Sako,Center Attacking Midfield,75.8,9.6,,,0.0,True,,,,,,,False,,,,,,,False,False,left_to_right,False,75.8,9.6,,,False,False,False,False
f8fa761b-53c6-4667-bed4-28dd0f97d7c7,3754266,1033,1,00:29:02.031,29,2,4,Duel,59,23,Watford,Regular Play,23,Watford,3991.0,Allan Romeo Nyom,Right Back,44.3,70.5,,,0.0,True,,,,,,,False,,,,,,,False,False,left_to_right,False,44.3,70.5,,,False,False,False,False
4f03af0c-ffd5-412e-855c-6349086069e8,3754266,1034,1,00:29:02.031,29,2,43,Carry,59,23,Watford,Regular Play,23,Watford,3991.0,Allan Romeo Nyom,Right Back,44.3,70.5,47.6,71.8,1.323898,False,,,,,,,False,,,,,,,False,False,left_to_right,False,44.3,70.5,47.6,71.8,False,False,False,False
8fc0c76d-f89f-4af1-b1a9-1a54dce974a5,3754266,1035,1,00:29:03.355,29,3,30,Pass,59,23,Watford,Regular Play,23,Watford,3991.0,Allan Romeo Nyom,Right Back,47.6,71.8,51.2,65.1,0.61159,False,,,,,,,True,7.605919,-1.0777454,Ground Pass,,3721.0,Etienne Capoue,False,False,left_to_right,False,47.6,71.8,51.2,65.1,False,False,False,False
bf237d97-b7b1-426e-a332-be94243bbee2,3754266,1036,1,00:29:03.966,29,3,42,Ball Receipt*,59,23,Watford,Regular Play,23,Watford,3721.0,Etienne Capoue,Right Center Midfield,51.2,65.1,,,,False,,,,,,,False,,,,,,,False,False,left_to_right,False,51.2,65.1,,,False,False,False,False
3acd607d-f8a2-4be0-9a59-723afd092ca6,3754266,1037,1,00:29:03.966,29,3,43,Carry,59,23,Watford,Regular Play,23,Watford,3721.0,Etienne Capoue,Right Center Midfield,51.2,65.1,55.7,60.7,1.742062,False,,,,,,,False,,,,,,,False,False,left_to_right,False,51.2,65.1,55.7,60.7,False,False,False,False
ab141ec5-444e-457d-9aaf-baf4065d85ee,3754266,1038,1,00:29:05.708,29,5,30,Pass,59,23,Watford,Regular Play,23,Watford,3721.0,Etienne Capoue,Right Center Midfield,55.7,60.7,54.3,39.0,1.199282,False,,,,,,,True,21.745115,-1.6352232,Ground Pass,,6870.0,José Manuel Jurado Marín,False,False,left_to_right,False,55.7,60.7,54.3,39.0,False,False,False,False
82daf04e-dad8-4058-8b11-ae8ad977fee0,3754266,1039,1,00:29:06.908,29,6,42,Ball Receipt*,59,23,Watford,Regular Play,23,Watford,6870.0,José Manuel Jurado Marín,Left Midfield,54.3,39.0,,,,False,,,,,,,False,,,,,,,False,False,left_to_right,False,54.3,39.0,,,False,False,False,False
58073447-1e7c-4205-8c41-57733190d501,3754266,1040,1,00:29:06.908,29,6,43,Carry,59,23,Watford,Regular Play,23,Watford,6870.0,José Manuel Jurado Marín,Left Midfield,54.3,39.0,65.1,44.0,3.816593,False,,,,,,,False,,,,,,,False,False,left_to_right,False,54.3,39.0,65.1,44.0,False,False,False,False
4b368585-4031-470b-a475-af6d6686c585,3754266,1041,1,00:29:10.724,29,10,30,Pass,59,23,Watford,Regular Play,23,Watford,6870.0,José Manuel Jurado Marín,Left Midfield,65.1,44.0,79.5,40.0,1.289578,False,,,,,,,True,14.945233,-0.27094686,Ground Pass,,5458.0,Odion Jude Ighalo,False,False,left_to_right,False,65.1,44.0,79.5,40.0,False,True,False,False
aed69d93-96ce-4e1f-8fd9-fab0fbcf1cff,3754266,1042,1,00:29:11.785,29,11,17,Pressure,59,23,Watford,Regular Play,31,Crystal Palace,3407.0,Scott Dann,Right Center Back,36.9,42.5,,,0.675335,False,,,,,,,False,,,,,,,False,False,left_to_right,False,36.9,42.5,,,False,False,False,False
8c677788-a56c-4ccf-9281-265c4750570b,3754266,1043,1,00:29:12.014,29,12,42,Ball Receipt*,59,23,Watford,Regular Play,23,Watford,5458.0,Odion Jude Ighalo,Left Center Forward,79.5,40.0,,,,True,,,,,,,False,,,,,,,False,False,left_to_right,False,79.5,40.0,,,False,False,False,False
cb0a6c8c-620b-4d8d-9afb-aa887115881c,3754266,1044,1,00:29:12.014,29,12,43,Carry,59,23,Watford,Regular Play,23,Watford,5458.0,Odion Jude Ighalo,Left Center Forward,79.5,40.0,79.0,35.3,0.468941,True,,,,,,,False,,,,,,,False,False,left_to_right,False,79.5,40.0,79.0,35.3,False,False,False,False
2bc65e6d-ccef-4f7e-9b68-cd4844e08bef,3754266,1045,1,00:29:12.483,29,12,30,Pass,59,23,Watford,Regular Play,23,Watford,5458.0,Odion Jude Ighalo,Left Center Forward,79.0,35.3,77.0,46.0,0.603947,False,,,,,,,True,10.885311,1.75558,Low Pass,,6870.0,José Manuel Jurado Marín,False,False,left_to_right,False,79.0,35.3,77.0,46.0,False,False,False,False
1473bb9a-b2d9-42ba-a506-b247ae0fdf26,3754266,1046,1,00:29:13.087,29,13,42,Ball Receipt*,59,23,Watford,Regular Play,23,Watford,6870.0,José Manuel Jurado Marín,Left Midfield,77.0,46.0,,,,False,,,,,,,False,,,,,,,False,False,left_to_right,False,77.0,46.0,,,False,False,False,False
b76f34da-d97b-4245-858b-579520202e95,3754266,1047,1,00:29:13.087,29,13,43,Carry,59,23,Watford,Regular Play,23,Watford,6870.0,José Manuel Jurado Marín,Left Midfield,77.0,46.0,97.4,51.2,2.906079,False,,,,,,,False,,,,,,,False,False,left_to_right,False,77.0,46.0,97.4,51.2,True,False,False,False
0ba76739-7922-48f8-981f-535d33f76116,3754266,1048,1,00:29:15.993,29,15,30,Pass,59,23,Watford,Regular Play,23,Watford,6870.0,José Manuel Jurado Marín,Left Midfield,97.4,51.2,110.5,60.7,1.523787,False,,,,,,,True,16.182089,0.6274333,Ground Pass,,43081.0,Almen Abdi,False,False,left_to_right,False,97.4,51.2,110.5,60.7,False,False,False,False
a4cc5549-0fbf-44d7-8cc3-12fa45c28d0c,3754266,1049,1,00:29:17.517,29,17,42,Ball Receipt*,59,23,Watford,Regular Play,23,Watford,43081.0,Almen Abdi,Right Midfield,110.5,60.7,,,,False,,,,,,,False,,,,,,,False,False,left_to_right,False,110.5,60.7,,,False,False,False,False
65c4f0ac-a136-4a86-98a3-e73bd58503dc,3754266,1050,1,00:29:17.517,29,17,43,Carry,59,23,Watford,Regular Play,23,Watford,43081.0,Almen Abdi,Right Midfield,110.5,60.7,110.7,61.1,0.822152,False,,,,,,,False,,,,,,,False,False,left_to_right,False,110.5,60.7,110.7,61.1,False,False,False,False
dd525fbc-7b77-4222-b400-6ccef7e94da2,3754266,1051,1,00:29:18.339,29,18,30,Pass,59,23,Watford,Regular Play,23,Watford,43081.0,Almen Abdi,Right Midfield,110.7,61.1,110.5,45.4,0.61411,False,,,,,,Incomplete,False,15.701274,-1.5835345,Ground Pass,,6870.0,José Manuel Jurado Marín,False,False,left_to_right,False,110.7,61.1,110.5,45.4,False,True,False,True
ce1d6e95-ca12-48a6-80bd-2d667584e560,3754266,1052,1,00:29:18.953,29,18,42,Ball Receipt*,59,23,Watford,Regular Play,23,Watford,6870.0,José Manuel Jurado Marín,Left Midfield,104.7,43.8,,,,False,,,,,,,False,,,,,,,False,False,left_to_right,False,104.7,43.8,,,False,False,False,False
9aed7821-0c36-44a6-bb60-ccad2663fcea,3754266,1053,1,00:29:18.953,29,18,9,Clearance,59,23,Watford,Regular Play,31,Crystal Palace,4817.0,Joe Ledley,Left Defensive Midfield,9.6,34.7,,,0.0,True,,,,,,,False,,,,,,,False,False,left_to_right,False,9.6,34.7,,,False,False,False,False
a168d2dd-3dd0-452b-b1ab-f35f1e15b6bc,3754266,1054,1,00:29:19.911,29,19,2,Ball Recovery,59,23,Watford,Regular Play,23,Watford,43081.0,Almen Abdi,Right Midfield,117.3,60.7,,,0.0,False,,,,,,,False,,,,,,,False,False,left_to_right,False,117.3,60.7,,,False,False,False,False
43d1207e-7bb3-47d9-ba70-96b3ea33d249,3754266,1055,1,00:29:19.911,29,19,43,Carry,59,23,Watford,Regular Play,23,Watford,43081.0,Almen Abdi,Right Midfield,117.3,60.7,116.6,60.0,1.779064,False,,,,,,,False,,,,,,,False,False,left_to_right,False,117.3,60.7,116.6,60.0,False,False,False,False
38385900-d244-444d-be46-731a959e60c9,3754266,1056,1,00:29:21.690,29,21,30,Pass,59,23,Watford,Regular Play,23,Watford,43081.0,Almen Abdi,Right Midfield,116.6,60.0,111.3,40.1,1.54635,False,,,,,,,True,20.593689,-1.8310859,High Pass,,3454.0,Troy Deeney,True,False,left_to_right,False,116.6,60.0,111.3,40.1,False,True,False,False
55e60a39-dd73-47ab-8f6c-318f1b9d0ebd,3754266,1057,1,00:29:23.236,29,23,42,Ball Receipt*,59,23,Watford,Regular Play,23,Watford,3454.0,Troy Deeney,Right Center Forward,111.3,40.1,,,,False,,,,,,,False,,,,,,,False,False,left_to_right,False,111.3,40.1,,,False,False,False,False
af032f3b-713e-44dc-b72c-af9f203ed19e,3754266,1058,1,00:29:23.351,29,23,4,Duel,59,23,Watford,Regular Play,31,Crystal Palace,3407.0,Scott Dann,Right Center Back,7.0,36.9,,,0.0,True,,,,,,,False,,,,,,,False,False,left_to_right,False,7.0,36.9,,,False,False,False,False
9935ed90-9ee2-47e9-b98c-fe3cf748a2c0,3754266,1059,1,00:29:23.351,29,23,16,Shot,59,23,Watford,Regular Play,23,Watford,3454.0,Troy Deeney,Right Center Forward,113.1,43.2,120.0,27.3,2.723554,True,0.16382356,Off T,Head,Normal,Open Play,,False,,,,,,,False,False,left_to_right,False,113.1,43.2,120.0,27.3,False,False,False,False
f4c177ed-2fca-409a-a278-7e439097771c,3754266,1060,1,00:29:26.075,29,26,23,Goal Keeper,59,23,Watford,Regular Play,31,Crystal Palace,3488.0,Wayne Hennessey,Goalkeeper,1.0,38.8,,,0.0,False,,,,,,,False,,,,,,,False,False,left_to_right,False,1.0,38.8,,,False,False,False,False
a6a614a6-f94d-4faa-95c5-f08e6d303c2c,3754266,1061,1,00:29:54.772,29,54,30,Pass,60,31,Crystal Palace,From Goal Kick,31,Crystal Palace,3488.0,Wayne Hennessey,Goalkeeper,6.0,44.0,90.6,69.3,6.031396,False,,,,,,Incomplete,False,88.30204,0.29058903,High Pass,Goal Kick,,,False,False,left_to_right,False,6.0,44.0,90.6,69.3,False,True,True,True
c9598f27-8950-490b-8d5c-637d13b785d9,3754266,1062,1,00:30:00.803,30,0,2,Ball Recovery,61,23,Watford,Regular Play,23,Watford,40118.0,Ikechi Anya,Left Back,29.5,10.8,,,0.0,False,,,,,,,False,,,,,,,False,False,left_to_right,False,29.5,10.8,,,False,False,False,False
84eac883-04d7-4817-850a-71f1ceef1202,3754266,1063,1,00:30:00.803,30,0,43,Carry,61,23,Watford,Regular Play,23,Watford,40118.0,Ikechi Anya,Left Back,29.5,10.8,29.9,9.8,1.039355,False,,,,,,,False,,,,,,,False,False,left_to_right,False,29.5,10.8,29.9,9.8,False,False,False,False
12b5d659-3300-486c-99e0-ffc2d1ba7b3e,3754266,1064,1,00:30:01.842,30,1,30,Pass,61,23,Watford,Regular Play,23,Watford,40118.0,Ikechi Anya,Left Back,29.9,9.8,47.7,17.7,0.721799,False,,,,,,Incomplete,False,19.474342,0.41770294,High Pass,,,,False,False,left_to_right,False,29.9,9.8,47.7,17.7,False,False,False,True
0e684ed9-e10f-44c6-81d8-5b1c72d3a92e,3754266,1065,1,00:30:02.564,30,2,30,Pass,61,23,Watford,Regular Play,31,Crystal Palace,3277.0,Yohan Cabaye,Right Defensive Midfield,72.4,62.4,79.8,47.7,2.022494,False,,,,,,Incomplete,False,16.457521,-1.1044314,High Pass,Recovery,,,False,False,left_to_right,False,72.4,62.4,79.8,47.7,False,False,False,True
7517895e-5670-4fdb-8d45-49cd2a9f821e,3754266,1066,1,00:30:04.587,30,4,2,Ball Recovery,61,23,Watford,Regular Play,23,Watford,43081.0,Almen Abdi,Right Midfield,40.3,32.4,,,0.0,False,,,,,,,False,,,,,,,False,False,left_to_right,False,40.3,32.4,,,False,False,False,False
b0709ad9-16aa-4ecd-a5cf-c5abe1ddb48b,3754266,1067,1,00:30:04.587,30,4,43,Carry,61,23,Watford,Regular Play,23,Watford,43081.0,Almen Abdi,Right Midfield,40.3,32.4,28.6,42.4,2.322053,False,,,,,,,False,,,,,,,False,False,left_to_right,False,40.3,32.4,28.6,42.4,False,False,False,False
aed01854-2303-4973-af48-604f0e704f9e,3754266,1068,1,00:30:06.909,30,6,30,Pass,61,23,Watford,Regular Play,23,Watford,43081.0,Almen Abdi,Right Midfield,28.6,42.4,7.5,46.0,1.693986,False,,,,,,,True,21.404905,2.9726038,Ground Pass,,3522.0,Heurelho da Silva Gomes,False,False,left_to_right,False,28.6,42.4,7.5,46.0,False,False,False,False
43aecde7-2ba9-4332-aac7-80b7cfd6d2cb,3754266,1069,1,00:30:08.603,30,8,42,Ball Receipt*,61,23,Watford,Regular Play,23,Watford,3522.0,Heurelho da Silva Gomes,Goalkeeper,7.5,46.0,,,,False,,,,,,,False,,,,,,,False,False,left_to_right,False,7.5,46.0,,,False,False,False,False
3ce11384-9cf5-4711-a8b6-7a8cc2a05370,3754266,1070,1,00:30:08.603,30,8,30,Pass,61,23,Watford,Regular Play,23,Watford,3522.0,Heurelho da Silva Gomes,Goalkeeper,7.3,46.8,53.8,46.4,3.970905,False,,,,,,Incomplete,False,46.50172,-0.008601938,High Pass,,3454.0,Troy Deeney,False,False,left_to_right,False,7.3,46.8,53.8,46.4,False,True,False,True
b781808b-0c19-41fa-ab56-5baaf1487fec,3754266,1071,1,00:30:12.574,30,12,42,Ball Receipt*,61,23,Watford,Regular Play,23,Watford,3454.0,Troy Deeney,Right Center Forward,52.8,45.2,,,,False,,,,,,,False,,,,,,,False,False,left_to_right,False,52.8,45.2,,,False,False,False,False
a60fcd76-7746-49e8-ac29-d0aec1456614,3754266,1072,1,00:30:12.574,30,12,4,Duel,61,23,Watford,Regular Play,23,Watford,3454.0,Troy Deeney,Right Center Forward,53.8,46.4,,,0.0,True,,,,,,,False,,,,,,,False,False,left_to_right,False,53.8,46.4,,,False,False,False,False
f8dea992-bea0-4b48-93d3-06169d998b90,3754266,1073,1,00:30:12.574,30,12,30,Pass,62,31,Crystal Palace,Regular Play,31,Crystal Palace,4817.0,Joe Ledley,Left Defensive Midfield,66.3,33.7,63.1,45.6,2.093934,True,,,,,,,True,12.322743,1.8334897,Low Pass,Recovery,3277.0,Yohan Cabaye,False,False,left_to_right,False,66.3,33.7,63.1,45.6,False,False,False,False
1d5dca73-32c9-4881-ab75-99ed2f5295b1,3754266,1074,1,00:30:14.036,30,14,17,Pressure,62,31,Crystal Palace,Regular Play,23,Watford,3626.0,Ben Watson,Left Center Midfield,55.7,35.6,,,0.696077,False,,,,,,,False,,,,,,,False,False,left_to_right,False,55.7,35.6,,,False,False,False,False
52198e61-d75b-4989-b6d3-a08b6cfa4fc5,3754266,1075,1,00:30:14.667,30,14,42,Ball Receipt*,62,31,Crystal Palace,Regular Play,31,Crystal Palace,3277.0,Yohan Cabaye,Right Defensive Midfield,63.1,45.6,,,,True,,,,,,,False,,,,,,,False,False,left_to_right,False,63.1,45.6,,,False,False,False,False
08f13324-678d-4d0a-bec8-fe5b9ade0823,3754266,1076,1,00:30:14.667,30,14,43,Carry,62,31,Crystal Palace,Regular Play,31,Crystal Palace,3277.0,Yohan Cabaye,Right Defensive Midfield,63.1,45.6,63.1,45.2,0.06519,True,,,,,,,False,,,,,,,False,False,left_to_right,False,63.1,45.6,63.1,45.2,False,False,False,False
f18caa71-9c1c-4b88-80e2-771fedbf60a6,3754266,1077,1,00:30:14.733,30,14,22,Foul Committed,62,31,Crystal Palace,Regular Play,23,Watford,3626.0,Ben Watson,Left Center Midfield,57.0,34.9,,,0.0,False,,,,,,,False,,,,,,,False,False,left_to_right,False,57.0,34.9,,,False,False,False,False
188dd215-95cb-4b59-bdd6-c915d7800059,3754266,1078,1,00:30:14.733,30,14,21,Foul Won,62,31,Crystal Palace,Regular Play,31,Crystal Palace,3277.0,Yohan Cabaye,Right Defensive Midfield,63.1,45.2,,,0.0,True,,,,,,,False,,,,,,,False,False,left_to_right,False,63.1,45.2,,,False,False,False,False
9c0232bb-6673-4c57-bb3e-4f7de872e5f3,3754266,1079,1,00:30:24.901,30,24,30,Pass,63,31,Crystal Palace,From Free Kick,31,Crystal Palace,3277.0,Yohan Cabaye,Right Defensive Midfield,63.3,43.9,64.0,63.7,1.32955,False,,,,,,,True,19.81237,1.5354575,Ground Pass,Free Kick,3448.0,Martin Kelly,False,False,left_to_right,False,63.3,43.9,64.0,63.7,False,False,False,False
a159b45e-762d-4db9-a6ab-4176ee80304a,3754266,1080,1,00:30:26.231,30,26,42,Ball Receipt*,63,31,Crystal Palace,From Free Kick,31,Crystal Palace,3448.0,Martin Kelly,Right Back,64.0,63.7,,,,False,,,,,,,False,,,,,,,False,False,left_to_right,False,64.0,63.7,,,False,False,False,False
12f10877-2f62-404f-aac6-2fd16a61f580,3754266,1081,1,00:30:27.189,30,27,30,Pass,63,31,Crystal Palace,From Free Kick,31,Crystal Palace,3448.0,Martin Kelly,Right Back,68.3,61.3,78.0,76.7,1.488252,False,,,,,,,True,18.200275,1.0087025,Ground Pass,,19688.0,Jason Puncheon,False,False,left_to_right,False,68.3,61.3,78.0,76.7,False,False,False,False
69f62db0-5ff0-4617-8186-f9311c56b38c,3754266,1082,1,00:30:28.677,30,28,42,Ball Receipt*,63,31,Crystal Palace,From Free Kick,31,Crystal Palace,19688.0,Jason Puncheon,Right Wing,78.0,76.7,,,,False,,,,,,,False,,,,,,,False,False,left_to_right,False,78.0,76.7,,,False,False,False,False
fec8cf65-6a11-47c1-a28b-d37581f84127,3754266,1083,1,00:30:28.677,30,28,43,Carry,63,31,Crystal Palace,From Free Kick,31,Crystal Palace,19688.0,Jason Puncheon,Right Wing,78.0,76.7,79.0,75.5,1.923128,False,,,,,,,False,,,,,,,False,False,left_to_right,False,78.0,76.7,79.0,75.5,False,False,False,False
8c131eb6-ad53-4a4c-a339-069e5ec9b982,3754266,1084,1,00:30:30.600,30,30,30,Pass,63,31,Crystal Palace,From Free Kick,31,Crystal Palace,19688.0,Jason Puncheon,Right Wing,79.0,75.5,93.3,76.7,0.703625,False,,,,,,,True,14.350262,0.08371994,Ground Pass,,3469.0,Bakary Sako,False,False,left_to_right,False,79.0,75.5,93.3,76.7,False,False,True,False
7ef9f991-d594-4f09-a78f-b4e2ac0612f0,3754266,1085,1,00:30:31.304,30,31,42,Ball Receipt*,63,31,Crystal Palace,From Free Kick,31,Crystal Palace,3469.0,Bakary Sako,Center Attacking Midfield,93.3,76.7,,,,False,,,,,,,False,,,,,,,False,False,left_to_right,False,93.3,76.7,,,False,False,False,False
0457a1c1-1788-41e6-836a-4b4380984a46,3754266,1086,1,00:30:31.304,30,31,43,Carry,63,31,Crystal Palace,From Free Kick,31,Crystal Palace,3469.0,Bakary Sako,Center Attacking Midfield,93.3,76.7,94.1,76.3,0.929993,False,,,,,,,False,,,,,,,False,False,left_to_right,False,93.3,76.7,94.1,76.3,False,False,False,False
ed1e06b7-0b2e-4b7c-ac95-932bae1d4eb6,3754266,1087,1,00:30:32.234,30,32,30,Pass,63,31,Crystal Palace,From Free Kick,31,Crystal Palace,3469.0,Bakary Sako,Center Attacking Midfield,94.1,76.3,72.4,74.8,0.882948,False,,,,,,,True,21.751781,-3.072578,Ground Pass,,3448.0,Martin Kelly,False,False,left_to_right,False,94.1,76.3,72.4,74.8,False,False,False,False
9b076630-f890-4f79-b646-089c493946e4,3754266,1088,1,00:30:33.117,30,33,42,Ball Receipt*,63,31,Crystal Palace,From Free Kick,31,Crystal Palace,3448.0,Martin Kelly,Right Back,72.4,74.8,,,,False,,,,,,,False,,,,,,,False,False,left_to_right,False,72.4,74.8,,,False,False,False,False
981f8a52-2bef-449c-8e41-cc27585668c7,3754266,1089,1,00:30:33.117,30,33,43,Carry,63,31,Crystal Palace,From Free Kick,31,Crystal Palace,3448.0,Martin Kelly,Right Back,72.4,74.8,71.0,76.6,1.071713,False,,,,,,,False,,,,,,,False,False,left_to_right,False,72.4,74.8,71.0,76.6,False,False,False,False
cf4fb2c7-1866-47b0-91e0-856a0d026f18,3754266,1090,1,00:30:34.189,30,34,30,Pass,63,31,Crystal Palace,From Free Kick,31,Crystal Palace,3448.0,Martin Kelly,Right Back,71.0,76.6,58.7,59.1,1.138929,False,,,,,,,True,21.390184,-2.1834373,Ground Pass,,3407.0,Scott Dann,False,False,left_to_right,False,71.0,76.6,58.7,59.1,False,False,False,False
d4fa8dab-d510-4a13-8ee7-2547467f8f06,3754266,1091,1,00:30:35.327,30,35,42,Ball Receipt*,63,31,Crystal Palace,From Free Kick,31,Crystal Palace,3407.0,Scott Dann,Right Center Back,58.7,59.1,,,,False,,,,,,,False,,,,,,,False,False,left_to_right,False,58.7,59.1,,,False,False,False,False
f987035c-ce11-4eca-a907-a056d7fdc774,3754266,1092,1,00:30:35.327,30,35,43,Carry,63,31,Crystal Palace,From Free Kick,31,Crystal Palace,3407.0,Scott Dann,Right Center Back,58.7,59.1,57.7,58.1,0.846945,False,,,,,,,False,,,,,,,False,False,left_to_right,False,58.7,59.1,57.7,58.1,False,False,False,False
fa680aaf-06ac-4789-9eb3-cafc846c7423,3754266,1093,1,00:30:36.174,30,36,30,Pass,63,31,Crystal Palace,From Free Kick,31,Crystal Palace,3407.0,Scott Dann,Right Center Back,57.7,58.1,65.9,55.8,0.826025,False,,,,,,,True,8.516455,-0.27346098,Ground Pass,,4817.0,Joe Ledley,False,False,left_to_right,False,57.7,58.1,65.9,55.8,False,False,False,False
e05dce02-bf89-4061-bcdf-49ee00e0fbc2,3754266,1094,1,00:30:37.000,30,37,42,Ball Receipt*,63,31,Crystal Palace,From Free Kick,31,Crystal Palace,4817.0,Joe Ledley,Left Defensive Midfield,65.9,55.8,,,,False,,,,,,,False,,,,,,,False,False,left_to_right,False,65.9,55.8,,,False,False,False,False
e3287679-4148-4bad-8a6d-c42610457037,3754266,1095,1,00:30:37.000,30,37,43,Carry,63,31,Crystal Palace,From Free Kick,31,Crystal Palace,4817.0,Joe Ledley,Left Defensive Midfield,65.9,55.8,76.9,51.8,3.755828,False,,,,,,,False,,,,,,,False,False,left_to_right,False,65.9,55.8,76.9,51.8,False,False,False,False
c1dbb58f-9d57-4ad4-9820-5983fe1dab7f,3754266,1096,1,00:30:40.756,30,40,30,Pass,63,31,Crystal Palace,From Free Kick,31,Crystal Palace,4817.0,Joe Ledley,Left Defensive Midfield,76.9,51.8,119.8,24.0,3.476279,False,,,,,,Out,False,51.119957,-0.5749811,High Pass,,,,False,False,left_to_right,False,76.9,51.8,119.8,24.0,False,True,True,True
e3a908cb-a836-4ec0-8452-8b982858451f,3754266,1097,1,00:31:10.722,31,10,30,Pass,64,23,Watford,From Goal Kick,23,Watford,3522.0,Heurelho da Silva Gomes,Goalkeeper,7.0,44.1,86.0,24.3,2.844861,False,,,,,,Incomplete,False,81.443474,-0.24557425,High Pass,Goal Kick,3454.0,Troy Deeney,False,False,left_to_right,False,7.0,44.1,86.0,24.3,False,True,True,True
5a2d8226-c791-48ea-8c63-c5801a889a79,3754266,1098,1,00:31:13.567,31,13,42,Ball Receipt*,64,23,Watford,From Goal Kick,23,Watford,3454.0,Troy Deeney,Right Center Forward,84.7,22.9,,,,False,,,,,,,False,,,,,,,False,False,left_to_right,False,84.7,22.9,,,False,False,False,False
4a306a6c-0244-4ec4-8862-60c1d6b35d22,3754266,1099,1,00:31:13.567,31,13,30,Pass,65,31,Crystal Palace,Regular Play,31,Crystal Palace,3407.0,Scott Dann,Right Center Back,34.1,55.8,50.6,61.5,0.879651,False,,,,,,,True,17.456804,0.3326197,Low Pass,Recovery,3277.0,Yohan Cabaye,False,False,left_to_right,False,34.1,55.8,50.6,61.5,False,False,False,False
c2a46d6a-2e36-4aae-b8af-b14a6ef7a03a,3754266,1100,1,00:31:14.446,31,14,42,Ball Receipt*,65,31,Crystal Palace,Regular Play,31,Crystal Palace,3277.0,Yohan Cabaye,Right Defensive Midfield,50.6,61.5,,,,False,,,,,,,False,,,,,,,False,False,left_to_right,False,50.6,61.5,,,False,False,False,False
b6ab48f2-3ade-4ca5-9274-ea75c5ed5714,3754266,1101,1,00:31:14.446,31,14,43,Carry,65,31,Crystal Palace,Regular Play,31,Crystal Palace,3277.0,Yohan Cabaye,Right Defensive Midfield,50.6,61.5,48.3,60.2,1.010063,True,,,,,,,False,,,,,,,False,False,left_to_right,False,50.6,61.5,48.3,60.2,False,False,False,False
4385ae65-1c82-4918-89bb-d7da7de97b65,3754266,1102,1,00:31:14.747,31,14,17,Pressure,65,31,Crystal Palace,Regular Play,23,Watford,3626.0,Ben Watson,Left Center Midfield,70.7,21.5,,,0.809698,False,,,,,,,False,,,,,,,False,False,left_to_right,False,70.7,21.5,,,False,False,False,False
07eb52f8-fa50-4058-9771-2f3bce02a08b,3754266,1103,1,00:31:15.456,31,15,22,Foul Committed,65,31,Crystal Palace,Regular Play,23,Watford,3626.0,Ben Watson,Left Center Midfield,71.8,19.9,,,0.0,False,,,,,,,False,,,,,,,False,False,left_to_right,False,71.8,19.9,,,False,False,False,False
e1e6a0ca-3573-421e-a2ea-eef7a20466c0,3754266,1104,1,00:31:15.456,31,15,21,Foul Won,65,31,Crystal Palace,Regular Play,31,Crystal Palace,3277.0,Yohan Cabaye,Right Defensive Midfield,48.3,60.2,,,0.0,True,,,,,,,False,,,,,,,False,False,left_to_right,False,48.3,60.2,,,False,False,False,False
beee595e-a389-46f4-922d-a3c7fac5f3ee,3754266,1105,1,00:31:42.620,31,42,30,Pass,66,31,Crystal Palace,From Free Kick,31,Crystal Palace,3407.0,Scott Dann,Right Center Back,48.4,64.1,47.6,46.6,1.066369,False,,,,,,,True,17.518276,-1.6164788,Ground Pass,Free Kick,43695.0,Brede Hangeland,False,False,left_to_right,False,48.4,64.1,47.6,46.6,False,False,False,False
5db3e0a1-01c8-40af-9c9e-604a337db9d7,3754266,1106,1,00:31:43.686,31,43,42,Ball Receipt*,66,31,Crystal Palace,From Free Kick,31,Crystal Palace,43695.0,Brede Hangeland,Left Center Back,47.6,46.6,,,,False,,,,,,,False,,,,,,,False,False,left_to_right,False,47.6,46.6,,,False,False,False,False
51fe3e1f-d9e3-4b07-99d6-357d4d8d18fd,3754266,1107,1,00:31:43.686,31,43,43,Carry,66,31,Crystal Palace,From Free Kick,31,Crystal Palace,43695.0,Brede Hangeland,Left Center Back,47.6,46.6,48.7,50.4,1.488098,False,,,,,,,False,,,,,,,False,False,left_to_right,False,47.6,46.6,48.7,50.4,False,False,False,False
86257886-59b4-457d-9e1c-08ffc11c50e0,3754266,1108,1,00:31:45.175,31,45,30,Pass,66,31,Crystal Palace,From Free Kick,31,Crystal Palace,43695.0,Brede Hangeland,Left Center Back,48.7,50.4,63.5,54.7,0.938579,False,,,,,,,True,15.412008,0.28275597,Ground Pass,,3277.0,Yohan Cabaye,False,False,left_to_right,False,48.7,50.4,63.5,54.7,False,False,False,False
4cb30a32-68e0-4321-8265-f945d198c8b7,3754266,1109,1,00:31:46.113,31,46,42,Ball Receipt*,66,31,Crystal Palace,From Free Kick,31,Crystal Palace,3277.0,Yohan Cabaye,Right Defensive Midfield,63.5,54.7,,,,False,,,,,,,False,,,,,,,False,False,left_to_right,False,63.5,54.7,,,False,False,False,False
32a93fd7-5e27-4ff7-bbf9-6a30e50348f8,3754266,1110,1,00:31:46.113,31,46,43,Carry,66,31,Crystal Palace,From Free Kick,31,Crystal Palace,3277.0,Yohan Cabaye,Right Defensive Midfield,63.5,54.7,57.1,55.0,1.050015,False,,,,,,,False,,,,,,,False,False,left_to_right,False,63.5,54.7,57.1,55.0,False,False,False,False
e91f3c95-ffa9-414f-a557-3e65cf6e5451,3754266,1111,1,00:31:47.163,31,47,30,Pass,66,31,Crystal Palace,From Free Kick,31,Crystal Palace,3277.0,Yohan Cabaye,Right Defensive Midfield,57.1,55.0,61.9,74.1,1.031182,False,,,,,,,True,19.693907,1.3245862,Ground Pass,,3448.0,Martin Kelly,False,False,left_to_right,False,57.1,55.0,61.9,74.1,False,False,False,False
d3b539f2-9c70-44d0-bfd5-494a553237fc,3754266,1112,1,00:31:48.194,31,48,42,Ball Receipt*,66,31,Crystal Palace,From Free Kick,31,Crystal Palace,3448.0,Martin Kelly,Right Back,61.9,74.1,,,,False,,,,,,,False,,,,,,,False,False,left_to_right,False,61.9,74.1,,,False,False,False,False
19a83342-6b5c-498a-808c-82f144f08ebd,3754266,1113,1,00:31:48.194,31,48,43,Carry,66,31,Crystal Palace,From Free Kick,31,Crystal Palace,3448.0,Martin Kelly,Right Back,61.9,74.1,62.3,74.9,0.039999,False,,,,,,,False,,,,,,,False,False,left_to_right,False,61.9,74.1,62.3,74.9,False,False,False,False
8649b2c7-bb05-4f13-a889-6734b27a8563,3754266,1114,1,00:31:48.234,31,48,30,Pass,66,31,Crystal Palace,From Free Kick,31,Crystal Palace,3448.0,Martin Kelly,Right Back,62.3,74.9,79.4,74.3,1.603117,False,,,,,,,True,17.110523,-0.03507333,Ground Pass,,3469.0,Bakary Sako,False,False,left_to_right,False,62.3,74.9,79.4,74.3,False,False,False,False
398389c2-32ea-4c96-9670-d81590177d8e,3754266,1115,1,00:31:49.746,31,49,17,Pressure,66,31,Crystal Palace,From Free Kick,23,Watford,40118.0,Ikechi Anya,Left Back,35.5,8.6,,,2.900052,False,,,,,,,False,,,,,,,False,False,left_to_right,False,35.5,8.6,,,False,False,False,False
03d4b26c-9c78-4cfd-b4ac-9facbcf0ea8a,3754266,1116,1,00:31:49.837,31,49,42,Ball Receipt*,66,31,Crystal Palace,From Free Kick,31,Crystal Palace,3469.0,Bakary Sako,Center Attacking Midfield,79.4,74.3,,,,True,,,,,,,False,,,,,,,False,False,left_to_right,False,79.4,74.3,,,False,False,False,False
c432105a-e433-4e1a-8b7a-9235582579a1,3754266,1117,1,00:31:49.837,31,49,43,Carry,66,31,Crystal Palace,From Free Kick,31,Crystal Palace,3469.0,Bakary Sako,Center Attacking Midfield,79.4,74.3,106.3,64.3,3.076656,True,,,,,,,False,,,,,,,False,False,left_to_right,False,79.4,74.3,106.3,64.3,True,False,False,False
2779bc4f-0523-450c-ae05-c8ddeb978c60,3754266,1118,1,00:31:52.914,31,52,30,Pass,66,31,Crystal Palace,From Free Kick,31,Crystal Palace,3469.0,Bakary Sako,Center Attacking Midfield,106.3,64.3,117.3,41.7,1.356356,False,,,,,,Incomplete,False,25.134836,-1.1178244,Ground Pass,,,,False,False,left_to_right,False,106.3,64.3,117.3,41.7,False,True,False,True
f92f0039-3b19-41a0-88ec-9935b9bdb675,3754266,1119,1,00:31:54.270,31,54,2,Ball Recovery,67,23,Watford,Regular Play,23,Watford,3522.0,Heurelho da Silva Gomes,Goalkeeper,2.8,38.4,,,0.0,False,,,,,,,False,,,,,,,False,False,left_to_right,False,2.8,38.4,,,False,False,False,False
a0eb35a8-e56b-4023-98ee-27e648ef22dc,3754266,1120,1,00:31:58.229,31,58,30,Pass,67,23,Watford,Regular Play,23,Watford,3522.0,Heurelho da Silva Gomes,Goalkeeper,6.6,39.0,34.8,39.0,1.789217,False,,,,,,,True,28.2,0.0,Ground Pass,,43081.0,Almen Abdi,False,False,left_to_right,False,6.6,39.0,34.8,39.0,False,False,False,False
2021eef1-7e0c-4fca-bb02-5f867363ab65,3754266,1121,1,00:32:00.018,32,0,42,Ball Receipt*,67,23,Watford,Regular Play,23,Watford,43081.0,Almen Abdi,Right Midfield,34.8,39.0,,,,False,,,,,,,False,,,,,,,False,False,left_to_right,False,34.8,39.0,,,False,False,False,False
25a24666-d992-4d26-beb3-3ba50fc3446c,3754266,1122,1,00:32:00.686,32,0,30,Pass,67,23,Watford,Regular Play,23,Watford,43081.0,Almen Abdi,Right Midfield,34.4,35.8,17.7,30.6,1.276888,False,,,,,,,True,17.490854,-2.839731,Ground Pass,,3263.0,Craig Cathcart,False,False,left_to_right,False,34.4,35.8,17.7,30.6,False,False,False,False
f8aa71f7-86ea-4451-9ff3-0d5a0e4ebbee,3754266,1123,1,00:32:01.963,32,1,42,Ball Receipt*,67,23,Watford,Regular Play,23,Watford,3263.0,Craig Cathcart,Left Center Back,17.7,30.6,,,,False,,,,,,,False,,,,,,,False,False,left_to_right,False,17.7,30.6,,,False,False,False,False
d341647d-b3cf-45c0-9a98-cb56a2a42a95,3754266,1124,1,00:32:01.963,32,1,43,Carry,67,23,Watford,Regular Play,23,Watford,3263.0,Craig Cathcart,Left Center Back,17.7,30.6,19.4,32.1,0.90557,True,,,,,,,False,,,,,,,False,False,left_to_right,False,17.7,30.6,19.4,32.1,False,False,False,False
9b4ebce1-b0f6-495b-b00e-641d4b0332d5,3754266,1125,1,00:32:02.456,32,2,17,Pressure,67,23,Watford,Regular Play,31,Crystal Palace,3277.0,Yohan Cabaye,Right Defensive Midfield,98.3,51.2,,,0.450151,False,,,,,,,False,,,,,,,False,False,left_to_right,False,98.3,51.2,,,False,False,False,False
ae93e1b5-a511-4272-bdd2-fc384e232471,3754266,1126,1,00:32:02.868,32,2,30,Pass,67,23,Watford,Regular Play,23,Watford,3263.0,Craig Cathcart,Left Center Back,19.4,32.1,67.9,31.1,2.680497,True,,,,,,Incomplete,False,48.510307,-0.020615635,High Pass,,3454.0,Troy Deeney,False,False,left_to_right,False,19.4,32.1,67.9,31.1,False,True,False,True
dae7c410-af33-4b9d-b4eb-8b2603578296,3754266,1127,1,00:32:05.549,32,5,42,Ball Receipt*,67,23,Watford,Regular Play,23,Watford,3454.0,Troy Deeney,Right Center Forward,71.3,28.3,,,,False,,,,,,,False,,,,,,,False,False,left_to_right,False,71.3,28.3,,,False,False,False,False
f7d73162-55a2-46ec-af73-b2da2dad8401,3754266,1128,1,00:32:05.549,32,5,2,Ball Recovery,68,31,Crystal Palace,Regular Play,31,Crystal Palace,43695.0,Brede Hangeland,Left Center Back,52.2,49.0,,,0.0,False,,,,,,,False,,,,,,,False,False,left_to_right,False,52.2,49.0,,,False,False,False,False
06d0a35a-8a8e-4df4-8ba3-608743587f12,3754266,1129,1,00:32:05.549,32,5,43,Carry,68,31,Crystal Palace,Regular Play,31,Crystal Palace,43695.0,Brede Hangeland,Left Center Back,52.2,49.0,70.6,54.6,3.701921,False,,,,,,,False,,,,,,,False,False,left_to_right,False,52.2,49.0,70.6,54.6,False,False,False,False
255e7c37-7fce-4440-b00d-ff26da8e42c8,3754266,1130,1,00:32:09.251,32,9,30,Pass,68,31,Crystal Palace,Regular Play,31,Crystal Palace,43695.0,Brede Hangeland,Left Center Back,70.6,54.6,81.2,57.0,0.72998,False,,,,,,,True,10.868302,0.22266094,Ground Pass,,19688.0,Jason Puncheon,False,False,left_to_right,False,70.6,54.6,81.2,57.0,False,False,True,False
3f034515-5c9f-4642-bd74-10eb71bd274b,3754266,1131,1,00:32:09.981,32,9,42,Ball Receipt*,68,31,Crystal Palace,Regular Play,31,Crystal Palace,19688.0,Jason Puncheon,Right Wing,81.2,57.0,,,,False,,,,,,,False,,,,,,,False,False,left_to_right,False,81.2,57.0,,,False,False,False,False
d0000653-ed4f-4750-8c14-01ee4e4022d5,3754266,1132,1,00:32:09.981,32,9,43,Carry,68,31,Crystal Palace,Regular Play,31,Crystal Palace,19688.0,Jason Puncheon,Right Wing,81.2,57.0,85.9,53.3,0.935008,True,,,,,,,False,,,,,,,False,False,left_to_right,False,81.2,57.0,85.9,53.3,False,False,False,False
63dc57f2-ff90-4b0d-a3d2-94a6c56a695b,3754266,1133,1,00:32:10.577,32,10,17,Pressure,68,31,Crystal Palace,Regular Play,23,Watford,3626.0,Ben Watson,Left Center Midfield,36.1,25.1,,,0.437891,False,,,,,,,False,,,,,,,False,False,left_to_right,False,36.1,25.1,,,False,False,False,False
5c674436-1a7e-411d-ac65-e68e24027dff,3754266,1134,1,00:32:10.916,32,10,30,Pass,68,31,Crystal Palace,Regular Play,31,Crystal Palace,19688.0,Jason Puncheon,Right Wing,85.9,53.3,102.1,67.9,2.348212,True,,,,,,,True,21.808256,0.7334968,Ground Pass,,3469.0,Bakary Sako,True,False,left_to_right,False,85.9,53.3,102.1,67.9,False,False,False,False
27aaeaa8-171b-47af-9cfb-55054a9db47e,3754266,1135,1,00:32:13.264,32,13,42,Ball Receipt*,68,31,Crystal Palace,Regular Play,31,Crystal Palace,3469.0,Bakary Sako,Center Attacking Midfield,102.1,67.9,,,,False,,,,,,,False,,,,,,,False,False,left_to_right,False,102.1,67.9,,,False,False,False,False
6c4d5969-2d7b-4217-8410-139fcf347946,3754266,1136,1,00:32:13.264,32,13,43,Carry,68,31,Crystal Palace,Regular Play,31,Crystal Palace,3469.0,Bakary Sako,Center Attacking Midfield,102.1,67.9,106.7,58.9,2.557611,False,,,,,,,False,,,,,,,False,False,left_to_right,False,102.1,67.9,106.7,58.9,True,False,False,False
0deceb5f-f572-4509-967f-14bb78f08bb6,3754266,1137,1,00:32:15.821,32,15,16,Shot,68,31,Crystal Palace,Regular Play,31,Crystal Palace,3469.0,Bakary Sako,Center Attacking Midfield,106.7,58.9,107.2,57.7,0.126318,False,0.010658433,Blocked,Left Foot,Normal,Open Play,,False,,,,,,,False,False,left_to_right,False,106.7,58.9,107.2,57.7,False,False,False,False
052bb75b-392c-47ab-9034-6b0b513ae702,3754266,1138,1,00:32:15.948,32,15,6,Block,68,31,Crystal Palace,Regular Play,23,Watford,40118.0,Ikechi Anya,Left Back,12.9,22.4,,,0.0,False,,,,,,,False,,,,,,,False,False,left_to_right,False,12.9,22.4,,,False,False,False,False
1a6e4b5d-69df-46a1-9620-773d3e956676,3754266,1139,1,00:32:16.015,32,16,23,Goal Keeper,68,31,Crystal Palace,Regular Play,23,Watford,3522.0,Heurelho da Silva Gomes,Goalkeeper,1.7,38.1,,,0.0,False,,,,,,,False,,,,,,,False,False,left_to_right,False,1.7,38.1,,,False,False,False,False
2aa1f492-ff23-4494-9e66-68a618b7f182,3754266,1140,1,00:32:55.066,32,55,30,Pass,69,31,Crystal Palace,From Corner,31,Crystal Palace,3277.0,Yohan Cabaye,Right Defensive Midfield,120.0,0.1,116.3,79.5,5.660331,False,,,,,,Out,False,79.48616,1.6173621,High Pass,Corner,,,False,False,left_to_right,False,120.0,0.1,116.3,79.5,False,False,False,True
0123ba1b-26ee-4b7d-ae0b-b8a9570fc950,3754266,1141,1,00:33:16.974,33,16,30,Pass,70,23,Watford,From Throw In,23,Watford,40118.0,Ikechi Anya,Left Back,5.5,0.1,50.5,3.9,2.957973,False,,,,,,Incomplete,False,45.16016,0.08424458,High Pass,Throw-in,5458.0,Odion Jude Ighalo,False,False,left_to_right,False,5.5,0.1,50.5,3.9,False,True,False,True
1e9d8027-165c-4bf0-ae8f-a69133d1f9bb,3754266,1142,1,00:33:19.932,33,19,42,Ball Receipt*,70,23,Watford,From Throw In,23,Watford,5458.0,Odion Jude Ighalo,Left Center Forward,49.0,6.2,,,,False,,,,,,,False,,,,,,,False,False,left_to_right,False,49.0,6.2,,,False,False,False,False
8d1a7648-9246-478e-aecd-2c86c10859b5,3754266,1143,1,00:33:19.932,33,19,4,Duel,70,23,Watford,From Throw In,23,Watford,5458.0,Odion Jude Ighalo,Left Center Forward,50.5,3.9,,,0.0,True,,,,,,,False,,,,,,,False,False,left_to_right,False,50.5,3.9,,,False,False,False,False
a4e88f02-7f23-49f6-a23d-47a94c4fc75f,3754266,1144,1,00:33:19.932,33,19,9,Clearance,70,23,Watford,From Throw In,31,Crystal Palace,3407.0,Scott Dann,Right Center Back,69.6,76.2,,,0.0,True,,,,,,,False,,,,,,,False,False,left_to_right,False,69.6,76.2,,,False,False,False,False
28fb02f2-c9e6-4727-b7b2-f1950f834ba6,3754266,1145,1,00:33:31.914,33,31,30,Pass,71,23,Watford,From Throw In,23,Watford,40118.0,Ikechi Anya,Left Back,42.1,0.1,77.0,5.6,2.210489,False,,,,,,,True,35.330723,0.1563076,High Pass,Throw-in,3454.0,Troy Deeney,False,False,left_to_right,False,42.1,0.1,77.0,5.6,False,True,False,False
8408c3f4-723a-4083-aa37-b85480e0741d,3754266,1146,1,00:33:34.124,33,34,42,Ball Receipt*,71,23,Watford,From Throw In,23,Watford,3454.0,Troy Deeney,Right Center Forward,77.0,5.6,,,,False,,,,,,,False,,,,,,,False,False,left_to_right,False,77.0,5.6,,,False,False,False,False
4e939633-8874-4749-8cf9-87e700a32dec,3754266,1147,1,00:33:34.164,33,34,4,Duel,71,23,Watford,From Throw In,31,Crystal Palace,3448.0,Martin Kelly,Right Back,43.4,73.5,,,0.0,True,,,,,,,False,,,,,,,False,False,left_to_right,False,43.4,73.5,,,False,False,False,False
546bb645-f754-47ac-a546-22c7b71b22fb,3754266,1148,1,00:33:34.164,33,34,38,Miscontrol,71,23,Watford,From Throw In,23,Watford,3454.0,Troy Deeney,Right Center Forward,76.7,6.6,,,0.0,True,,,,,,,False,,,,,,,False,False,left_to_right,False,76.7,6.6,,,False,False,False,True
f5a9858a-9fc8-4518-a9a6-1f14d60c45e3,3754266,1149,1,00:33:48.388,33,48,30,Pass,72,31,Crystal Palace,From Throw In,31,Crystal Palace,3448.0,Martin Kelly,Right Back,44.2,80.0,52.9,70.7,0.995443,False,,,,,,,True,12.734991,-0.81871915,Low Pass,Throw-in,3277.0,Yohan Cabaye,False,False,left_to_right,False,44.2,80.0,52.9,70.7,False,False,False,False
85a94a27-f06d-4d9b-9303-c109d5766668,3754266,1150,1,00:33:49.383,33,49,42,Ball Receipt*,72,31,Crystal Palace,From Throw In,31,Crystal Palace,3277.0,Yohan Cabaye,Right Defensive Midfield,52.9,70.7,,,,False,,,,,,,False,,,,,,,False,False,left_to_right,False,52.9,70.7,,,False,False,False,False
a48d925b-6ce7-43cb-a3b0-f8bf939a6b74,3754266,1151,1,00:33:49.383,33,49,43,Carry,72,31,Crystal Palace,From Throw In,31,Crystal Palace,3277.0,Yohan Cabaye,Right Defensive Midfield,52.9,70.7,56.1,71.1,1.113348,False,,,,,,,False,,,,,,,False,False,left_to_right,False,52.9,70.7,56.1,71.1,False,False,False,False
576f492c-509c-4f33-8c43-b7d29d9bc080,3754266,1152,1,00:33:50.496,33,50,30,Pass,72,31,Crystal Palace,From Throw In,31,Crystal Palace,3277.0,Yohan Cabaye,Right Defensive Midfield,56.1,71.1,90.5,69.7,1.805279,False,,,,,,Incomplete,False,34.42848,-0.040675227,High Pass,,,,False,False,left_to_right,False,56.1,71.1,90.5,69.7,False,True,True,True
95f628d2-78bf-417f-b4d0-4863cdecb74e,3754266,1153,1,00:33:52.302,33,52,9,Clearance,72,31,Crystal Palace,From Throw In,23,Watford,3263.0,Craig Cathcart,Left Center Back,29.6,10.4,,,0.0,True,,,,,,,False,,,,,,,False,False,left_to_right,False,29.6,10.4,,,False,False,False,False
5f1c4397-c21c-4de6-8241-ca2cb4316a61,3754266,1154,1,00:33:54.801,33,54,2,Ball Recovery,72,31,Crystal Palace,From Throw In,23,Watford,3454.0,Troy Deeney,Right Center Forward,57.5,11.6,,,0.0,False,,,,,,,False,,,,,,,False,False,left_to_right,False,57.5,11.6,,,False,False,False,False
1e6ab0c3-d669-478b-a523-a50208e5b19a,3754266,1155,1,00:33:55.513,33,55,17,Pressure,72,31,Crystal Palace,From Throw In,23,Watford,3454.0,Troy Deeney,Right Center Forward,62.8,10.0,,,0.622501,False,,,,,,,False,,,,,,,False,False,left_to_right,False,62.8,10.0,,,False,False,False,False
5c51744c-0dff-4b89-aac2-af53943a9cd0,3754266,1156,1,00:33:56.090,33,56,30,Pass,72,31,Crystal Palace,From Throw In,31,Crystal Palace,3277.0,Yohan Cabaye,Right Defensive Midfield,56.8,72.5,41.8,64.8,1.169179,True,,,,,,,True,16.8609,-2.6673353,Ground Pass,Recovery,3407.0,Scott Dann,False,False,left_to_right,False,56.8,72.5,41.8,64.8,False,False,False,False
121ed552-afc9-41c2-9cc9-53bcea94fb8e,3754266,1157,1,00:33:57.259,33,57,42,Ball Receipt*,72,31,Crystal Palace,From Throw In,31,Crystal Palace,3407.0,Scott Dann,Right Center Back,41.8,64.8,,,,False,,,,,,,False,,,,,,,False,False,left_to_right,False,41.8,64.8,,,False,False,False,False
23242671-c31e-49c7-a5d4-60fc71cb0cd7,3754266,1158,1,00:33:57.259,33,57,43,Carry,72,31,Crystal Palace,From Throw In,31,Crystal Palace,3407.0,Scott Dann,Right Center Back,41.8,64.8,42.4,66.9,0.731626,True,,,,,,,False,,,,,,,False,False,left_to_right,False,41.8,64.8,42.4,66.9,False,False,False,False
a1614537-7b18-460d-842a-1b5aa1c8f176,3754266,1159,1,00:33:57.377,33,57,17,Pressure,72,31,Crystal Palace,From Throw In,23,Watford,5458.0,Odion Jude Ighalo,Left Center Forward,75.6,16.3,,,0.697859,False,,,,,,,False,,,,,,,False,False,left_to_right,False,75.6,16.3,,,False,False,False,False
7cc262b2-137d-44fd-82e9-382cca8dbe1a,3754266,1160,1,00:33:57.991,33,57,30,Pass,72,31,Crystal Palace,From Throw In,31,Crystal Palace,3407.0,Scott Dann,Right Center Back,42.4,66.9,52.0,69.7,0.977483,True,,,,,,,True,10.0,0.2837941,Ground Pass,,3277.0,Yohan Cabaye,False,False,left_to_right,False,42.4,66.9,52.0,69.7,False,False,False,False
7b02b326-6c22-41c7-a171-8b87070494a0,3754266,1161,1,00:33:58.968,33,58,42,Ball Receipt*,72,31,Crystal Palace,From Throw In,31,Crystal Palace,3277.0,Yohan Cabaye,Right Defensive Midfield,52.0,69.7,,,,False,,,,,,,False,,,,,,,False,False,left_to_right,False,52.0,69.7,,,False,False,False,False
d09eac48-ec74-41c2-a78a-3d26edab4158,3754266,1162,1,00:33:58.968,33,58,43,Carry,72,31,Crystal Palace,From Throw In,31,Crystal Palace,3277.0,Yohan Cabaye,Right Defensive Midfield,52.0,69.7,51.5,69.9,0.079999,False,,,,,,,False,,,,,,,False,False,left_to_right,False,52.0,69.7,51.5,69.9,False,False,False,False
da874198-940b-4436-94d2-a80e7a3e02d6,3754266,1163,1,00:33:59.048,33,59,30,Pass,72,31,Crystal Palace,From Throw In,31,Crystal Palace,3277.0,Yohan Cabaye,Right Defensive Midfield,51.5,69.9,35.9,49.4,1.087797,False,,,,,,,True,25.76063,-2.2212849,Ground Pass,,43695.0,Brede Hangeland,False,False,left_to_right,False,51.5,69.9,35.9,49.4,False,False,False,False
e85e4ce2-9183-4021-a4d6-68ce93d07f72,3754266,1164,1,00:34:00.136,34,0,42,Ball Receipt*,72,31,Crystal Palace,From Throw In,31,Crystal Palace,43695.0,Brede Hangeland,Left Center Back,35.9,49.4,,,,False,,,,,,,False,,,,,,,False,False,left_to_right,False,35.9,49.4,,,False,False,False,False
0a7d28cc-4689-44a6-ad61-bd1ce3a65ce0,3754266,1165,1,00:34:00.136,34,0,43,Carry,72,31,Crystal Palace,From Throw In,31,Crystal Palace,43695.0,Brede Hangeland,Left Center Back,35.9,49.4,36.6,42.9,1.499459,False,,,,,,,False,,,,,,,False,False,left_to_right,False,35.9,49.4,36.6,42.9,False,False,False,False
8896f72d-8b5a-4f88-8712-d7f20e4aa717,3754266,1166,1,00:34:01.636,34,1,30,Pass,72,31,Crystal Palace,From Throw In,31,Crystal Palace,43695.0,Brede Hangeland,Left Center Back,36.6,42.9,51.1,6.7,2.240578,False,,,,,,,True,38.996025,-1.1898137,Ground Pass,,4884.0,Pape N''Diaye Souaré,False,False,left_to_right,False,36.6,42.9,51.1,6.7,False,False,False,False
969f1b39-a556-48f2-bfd4-687bb0afa109,3754266,1167,1,00:34:03.876,34,3,42,Ball Receipt*,72,31,Crystal Palace,From Throw In,31,Crystal Palace,4884.0,Pape N''Diaye Souaré,Left Back,51.1,6.7,,,,False,,,,,,,False,,,,,,,False,False,left_to_right,False,51.1,6.7,,,False,False,False,False
2618a7a5-96bd-4abc-994b-14d193f74401,3754266,1168,1,00:34:03.876,34,3,43,Carry,72,31,Crystal Palace,From Throw In,31,Crystal Palace,4884.0,Pape N''Diaye Souaré,Left Back,51.1,6.7,64.1,4.4,3.084389,False,,,,,,,False,,,,,,,False,False,left_to_right,False,51.1,6.7,64.1,4.4,False,False,False,False
c0313315-ee61-4ec6-82dc-a01d313a5b5a,3754266,1169,1,00:34:06.961,34,6,30,Pass,72,31,Crystal Palace,From Throw In,31,Crystal Palace,4884.0,Pape N''Diaye Souaré,Left Back,64.1,4.4,119.7,12.2,4.742013,False,,,,,,Out,False,56.144455,0.13937818,High Pass,,3092.0,Dwight Gayle,False,False,left_to_right,False,64.1,4.4,119.7,12.2,False,True,True,True
a4296f61-1498-4e80-bb4d-0c6ce669be39,3754266,1170,1,00:34:09.525,34,9,17,Pressure,72,31,Crystal Palace,From Throw In,23,Watford,3309.0,Sebastian Prödl,Right Center Back,2.8,66.8,,,1.805105,False,,,,,,,False,,,,,,,False,False,left_to_right,False,2.8,66.8,,,False,False,False,False
d05831bb-c78d-4761-b068-a5612e5bf6e6,3754266,1171,1,00:34:09.925,34,9,17,Pressure,72,31,Crystal Palace,From Throw In,31,Crystal Palace,3092.0,Dwight Gayle,Center Forward,117.4,10.5,,,1.242135,True,,,,,,,False,,,,,,,False,False,left_to_right,False,117.4,10.5,,,False,False,False,False
5d92d4a1-0f2d-4eaf-83cd-cbe7e984fe6e,3754266,1172,1,00:34:11.703,34,11,42,Ball Receipt*,72,31,Crystal Palace,From Throw In,31,Crystal Palace,3092.0,Dwight Gayle,Center Forward,118.0,12.4,,,,False,,,,,,,False,,,,,,,False,False,left_to_right,False,118.0,12.4,,,False,False,False,False
ee239562-d1ab-48a6-a0a5-a142a564ce66,3754266,1173,1,00:34:44.302,34,44,30,Pass,73,23,Watford,From Goal Kick,23,Watford,3522.0,Heurelho da Silva Gomes,Goalkeeper,7.0,44.1,79.5,37.0,4.098339,False,,,,,,Incomplete,False,72.846825,-0.09761976,High Pass,Goal Kick,,,False,False,left_to_right,False,7.0,44.1,79.5,37.0,False,True,False,True
bfc94333-e8a7-402b-a9a8-44ba24b0b814,3754266,1174,1,00:34:48.400,34,48,30,Pass,73,23,Watford,From Goal Kick,31,Crystal Palace,43695.0,Brede Hangeland,Left Center Back,40.6,43.1,57.3,34.3,1.392418,True,,,,,,Incomplete,False,18.876705,-0.4849714,Low Pass,Recovery,,,False,False,left_to_right,False,40.6,43.1,57.3,34.3,False,False,False,True
fceba383-56f0-4091-938c-13d8b054bf45,3754266,1175,1,00:34:48.400,34,48,4,Duel,73,23,Watford,From Goal Kick,23,Watford,5458.0,Odion Jude Ighalo,Left Center Forward,79.5,37.0,,,0.0,True,,,,,,,False,,,,,,,False,False,left_to_right,False,79.5,37.0,,,False,False,False,False
0b72e7aa-9697-4649-b7ab-d876f8f17220,3754266,1176,1,00:34:49.792,34,49,30,Pass,73,23,Watford,From Goal Kick,23,Watford,3721.0,Etienne Capoue,Right Center Midfield,62.8,45.8,71.3,52.9,1.03249,False,,,,,,,True,11.075197,0.69589436,Low Pass,Recovery,43081.0,Almen Abdi,False,False,left_to_right,False,62.8,45.8,71.3,52.9,False,False,False,False
a739604b-5697-4eac-b66d-5675289d7afb,3754266,1177,1,00:34:50.825,34,50,42,Ball Receipt*,73,23,Watford,From Goal Kick,23,Watford,43081.0,Almen Abdi,Right Midfield,71.3,52.9,,,,False,,,,,,,False,,,,,,,False,False,left_to_right,False,71.3,52.9,,,False,False,False,False
fdffd63f-d68f-4ef5-bda8-319f661a008c,3754266,1178,1,00:34:50.825,34,50,43,Carry,73,23,Watford,From Goal Kick,23,Watford,43081.0,Almen Abdi,Right Midfield,71.3,52.9,69.6,55.8,4.20845,False,,,,,,,False,,,,,,,False,False,left_to_right,False,71.3,52.9,69.6,55.8,False,False,False,False
f09234c4-e337-4c44-a890-05b33697b51c,3754266,1179,1,00:34:55.033,34,55,30,Pass,73,23,Watford,From Goal Kick,23,Watford,43081.0,Almen Abdi,Right Midfield,69.6,55.8,72.5,59.3,0.711653,False,,,,,,,True,4.545327,0.87887496,Ground Pass,,3721.0,Etienne Capoue,False,False,left_to_right,False,69.6,55.8,72.5,59.3,False,False,False,False
23dc1b90-b9b4-43fc-a0cf-e1e225c8597b,3754266,1180,1,00:34:55.745,34,55,42,Ball Receipt*,73,23,Watford,From Goal Kick,23,Watford,3721.0,Etienne Capoue,Right Center Midfield,72.5,59.3,,,,False,,,,,,,False,,,,,,,False,False,left_to_right,False,72.5,59.3,,,False,False,False,False
60a506c3-d0cc-4d6f-b89a-fdb6e979bee5,3754266,1181,1,00:34:55.745,34,55,43,Carry,73,23,Watford,From Goal Kick,23,Watford,3721.0,Etienne Capoue,Right Center Midfield,72.5,59.3,65.4,56.2,2.428762,False,,,,,,,False,,,,,,,False,False,left_to_right,False,72.5,59.3,65.4,56.2,False,False,False,False
8d117d6b-ac9a-413f-bf75-3806ac838dd0,3754266,1182,1,00:34:58.174,34,58,30,Pass,73,23,Watford,From Goal Kick,23,Watford,3721.0,Etienne Capoue,Right Center Midfield,65.4,56.2,51.9,27.6,2.233865,False,,,,,,,True,31.626097,-2.011817,Ground Pass,,3263.0,Craig Cathcart,False,False,left_to_right,False,65.4,56.2,51.9,27.6,False,False,False,False
3bff3fa4-5f8a-4b72-a9e9-4b2f6b961007,3754266,1183,1,00:35:00.408,35,0,42,Ball Receipt*,73,23,Watford,From Goal Kick,23,Watford,3263.0,Craig Cathcart,Left Center Back,51.9,27.6,,,,False,,,,,,,False,,,,,,,False,False,left_to_right,False,51.9,27.6,,,False,False,False,False
4f1a43b7-f659-405c-abc9-7c84834704e1,3754266,1184,1,00:35:00.408,35,0,43,Carry,73,23,Watford,From Goal Kick,23,Watford,3263.0,Craig Cathcart,Left Center Back,51.9,27.6,55.6,28.5,2.310893,False,,,,,,,False,,,,,,,False,False,left_to_right,False,51.9,27.6,55.6,28.5,False,False,False,False
be42db74-d903-4218-bcc4-b1292f01cf6f,3754266,1185,1,00:35:02.718,35,2,30,Pass,73,23,Watford,From Goal Kick,23,Watford,3263.0,Craig Cathcart,Left Center Back,55.6,28.5,54.0,54.7,2.034908,False,,,,,,,True,26.24881,1.6317893,Ground Pass,,3309.0,Sebastian Prödl,False,False,left_to_right,False,55.6,28.5,54.0,54.7,False,False,False,False
52ce620c-320f-41a3-95c4-21cbe00a23c6,3754266,1186,1,00:35:04.753,35,4,42,Ball Receipt*,73,23,Watford,From Goal Kick,23,Watford,3309.0,Sebastian Prödl,Right Center Back,54.0,54.7,,,,False,,,,,,,False,,,,,,,False,False,left_to_right,False,54.0,54.7,,,False,False,False,False
83ce35b5-2c03-4085-b20f-9a6e70ad20dc,3754266,1187,1,00:35:04.753,35,4,43,Carry,73,23,Watford,From Goal Kick,23,Watford,3309.0,Sebastian Prödl,Right Center Back,54.0,54.7,54.2,55.8,0.194286,False,,,,,,,False,,,,,,,False,False,left_to_right,False,54.0,54.7,54.2,55.8,False,False,False,False
d2edec28-e824-4d4f-a7ce-1be227e8dfdc,3754266,1188,1,00:35:04.948,35,4,30,Pass,73,23,Watford,From Goal Kick,23,Watford,3309.0,Sebastian Prödl,Right Center Back,54.2,55.8,64.8,71.0,1.271033,False,,,,,,,True,18.531055,0.9618387,Ground Pass,,3991.0,Allan Romeo Nyom,False,False,left_to_right,False,54.2,55.8,64.8,71.0,False,False,False,False
85de6c2a-9f31-46b6-a790-86d6bd53de92,3754266,1189,1,00:35:06.219,35,6,42,Ball Receipt*,73,23,Watford,From Goal Kick,23,Watford,3991.0,Allan Romeo Nyom,Right Back,64.8,71.0,,,,False,,,,,,,False,,,,,,,False,False,left_to_right,False,64.8,71.0,,,False,False,False,False
ac17812b-0678-4eea-951e-2953a0876bce,3754266,1190,1,00:35:06.219,35,6,43,Carry,73,23,Watford,From Goal Kick,23,Watford,3991.0,Allan Romeo Nyom,Right Back,64.8,71.0,64.0,70.4,1.388566,False,,,,,,,False,,,,,,,False,False,left_to_right,False,64.8,71.0,64.0,70.4,False,False,False,False
c6416a60-db09-4d27-b6ab-a854f6baa630,3754266,1191,1,00:35:07.607,35,7,30,Pass,73,23,Watford,From Goal Kick,23,Watford,3991.0,Allan Romeo Nyom,Right Back,64.0,70.4,71.8,55.8,1.237532,False,,,,,,,True,16.552946,-1.0801283,Ground Pass,,3721.0,Etienne Capoue,False,False,left_to_right,False,64.0,70.4,71.8,55.8,False,False,False,False
5fae4dd3-0297-4bf0-b47c-87a6b549f1aa,3754266,1192,1,00:35:08.845,35,8,42,Ball Receipt*,73,23,Watford,From Goal Kick,23,Watford,3721.0,Etienne Capoue,Right Center Midfield,71.8,55.8,,,,False,,,,,,,False,,,,,,,False,False,left_to_right,False,71.8,55.8,,,False,False,False,False
ac4a596a-0c95-4c3f-a1ce-293322d3d4a0,3754266,1193,1,00:35:08.845,35,8,43,Carry,73,23,Watford,From Goal Kick,23,Watford,3721.0,Etienne Capoue,Right Center Midfield,71.8,55.8,75.3,64.5,0.777033,True,,,,,,,False,,,,,,,False,False,left_to_right,False,71.8,55.8,75.3,64.5,False,False,False,False
5d507880-4e32-4edf-afb3-46bf16299470,3754266,1194,1,00:35:09.302,35,9,17,Pressure,73,23,Watford,From Goal Kick,31,Crystal Palace,3589.0,Yannick Bolasie Yala,Left Wing,47.6,18.7,,,0.366207,False,,,,,,,False,,,,,,,False,False,left_to_right,False,47.6,18.7,,,False,False,False,False
d8f759a3-3713-4ff3-8aab-a958f7fb450c,3754266,1195,1,00:35:09.622,35,9,30,Pass,73,23,Watford,From Goal Kick,23,Watford,3721.0,Etienne Capoue,Right Center Midfield,75.3,64.5,84.6,80.0,1.643791,True,,,,,,Out,False,18.07595,1.0303768,High Pass,,3991.0,Allan Romeo Nyom,False,False,left_to_right,False,75.3,64.5,84.6,80.0,False,False,True,True
8bb9c1c6-d18a-497f-a1c6-b71d554cd084,3754266,1196,1,00:35:11.266,35,11,42,Ball Receipt*,73,23,Watford,From Goal Kick,23,Watford,3991.0,Allan Romeo Nyom,Right Back,90.9,75.7,,,,False,,,,,,,False,,,,,,,False,False,left_to_right,False,90.9,75.7,,,False,False,False,False
689adb2a-9032-471a-99eb-ee708d3b8b85,3754266,1197,1,00:35:13.448,35,13,30,Pass,74,31,Crystal Palace,From Throw In,31,Crystal Palace,4884.0,Pape N''Diaye Souaré,Left Back,35.5,0.1,44.5,5.3,0.48223,False,,,,,,,True,10.394229,0.52391934,Low Pass,Throw-in,3092.0,Dwight Gayle,False,False,left_to_right,False,35.5,0.1,44.5,5.3,False,False,False,False
a34d47aa-cec8-4cea-9258-74ac60cd1732,3754266,1198,1,00:35:13.930,35,13,42,Ball Receipt*,74,31,Crystal Palace,From Throw In,31,Crystal Palace,3092.0,Dwight Gayle,Center Forward,44.5,5.3,,,,False,,,,,,,False,,,,,,,False,False,left_to_right,False,44.5,5.3,,,False,False,False,False
e88ed071-f36f-418c-b6d8-ed5a24607bf5,3754266,1199,1,00:35:14.107,35,14,17,Pressure,74,31,Crystal Palace,From Throw In,23,Watford,3721.0,Etienne Capoue,Right Center Midfield,71.3,72.8,,,0.73142,False,,,,,,,False,,,,,,,False,False,left_to_right,False,71.3,72.8,,,False,False,False,False
1f29702a-7df5-47e9-a329-89973084dacf,3754266,1200,1,00:35:14.718,35,14,30,Pass,74,31,Crystal Palace,From Throw In,31,Crystal Palace,3092.0,Dwight Gayle,Center Forward,50.6,4.4,58.7,7.2,0.859097,True,,,,,,,True,8.570297,0.3328202,Low Pass,,3589.0,Yannick Bolasie Yala,False,False,left_to_right,False,50.6,4.4,58.7,7.2,False,False,False,False
1b030f1e-cbdb-4bb7-8e4b-138d10a0b8c8,3754266,1201,1,00:35:15.578,35,15,42,Ball Receipt*,74,31,Crystal Palace,From Throw In,31,Crystal Palace,3589.0,Yannick Bolasie Yala,Left Wing,58.7,7.2,,,,False,,,,,,,False,,,,,,,False,False,left_to_right,False,58.7,7.2,,,False,False,False,False
92c9c473-de02-4d93-8e28-4420dc7e1fbd,3754266,1202,1,00:35:15.578,35,15,43,Carry,74,31,Crystal Palace,From Throw In,31,Crystal Palace,3589.0,Yannick Bolasie Yala,Left Wing,58.7,7.2,79.0,1.7,3.337461,True,,,,,,,False,,,,,,,False,False,left_to_right,False,58.7,7.2,79.0,1.7,False,False,False,False
863f6667-2af1-45ae-b41b-f94984ba9fa9,3754266,1203,1,00:35:16.106,35,16,17,Pressure,74,31,Crystal Palace,From Throw In,23,Watford,43081.0,Almen Abdi,Right Midfield,56.1,77.0,,,2.383717,False,,,,,,,False,,,,,,,False,False,left_to_right,False,56.1,77.0,,,False,False,False,False
430f738e-e41c-494d-b13d-0f01434b932e,3754266,1204,1,00:35:18.915,35,18,3,Dispossessed,74,31,Crystal Palace,From Throw In,31,Crystal Palace,3589.0,Yannick Bolasie Yala,Left Wing,79.0,1.7,,,0.0,True,,,,,,,False,,,,,,,False,False,left_to_right,False,79.0,1.7,,,False,False,False,True
b61bee5c-fbea-4141-aea6-d32ab1318ca4,3754266,1205,1,00:35:18.915,35,18,4,Duel,74,31,Crystal Palace,From Throw In,23,Watford,43081.0,Almen Abdi,Right Midfield,41.1,78.4,,,0.0,True,,,,,,,False,,,,,,,False,False,left_to_right,False,41.1,78.4,,,False,False,False,False
0230f1b6-bccf-4250-b3ce-301d48a9c002,3754266,1206,1,00:35:24.287,35,24,22,Foul Committed,74,31,Crystal Palace,From Throw In,31,Crystal Palace,3589.0,Yannick Bolasie Yala,Left Wing,82.8,0.1,,,0.0,False,,,,,,,False,,,,,,,False,False,left_to_right,False,82.8,0.1,,,False,False,False,False
553262d2-33c9-4ca9-8c8c-76a379284d6b,3754266,1207,1,00:35:45.913,35,45,30,Pass,75,23,Watford,From Throw In,23,Watford,3991.0,Allan Romeo Nyom,Right Back,43.5,80.0,42.1,73.6,0.864811,False,,,,,,,True,6.551336,-1.786154,Low Pass,Throw-in,43081.0,Almen Abdi,False,False,left_to_right,False,43.5,80.0,42.1,73.6,False,False,False,False
be22e0ff-887a-41cd-bead-31b44e522ddf,3754266,1208,1,00:35:46.778,35,46,42,Ball Receipt*,75,23,Watford,From Throw In,23,Watford,43081.0,Almen Abdi,Right Midfield,42.1,73.6,,,,False,,,,,,,False,,,,,,,False,False,left_to_right,False,42.1,73.6,,,False,False,False,False
d8922ee7-d9f3-4756-85f8-2a86924ecd29,3754266,1209,1,00:35:46.778,35,46,43,Carry,75,23,Watford,From Throw In,23,Watford,43081.0,Almen Abdi,Right Midfield,42.1,73.6,41.5,72.2,0.63501,False,,,,,,,False,,,,,,,False,False,left_to_right,False,42.1,73.6,41.5,72.2,False,False,False,False
90d83001-5136-414c-8b05-c51d448c73c0,3754266,1210,1,00:35:47.413,35,47,30,Pass,75,23,Watford,From Throw In,23,Watford,43081.0,Almen Abdi,Right Midfield,41.5,72.2,43.1,78.8,0.970785,False,,,,,,,True,6.7911706,1.3329604,Ground Pass,,3991.0,Allan Romeo Nyom,False,False,left_to_right,False,41.5,72.2,43.1,78.8,False,False,False,False
29b9b5f4-67ee-46e2-8121-32fe88ad1a0d,3754266,1211,1,00:35:48.384,35,48,42,Ball Receipt*,75,23,Watford,From Throw In,23,Watford,3991.0,Allan Romeo Nyom,Right Back,43.1,78.8,,,,False,,,,,,,False,,,,,,,False,False,left_to_right,False,43.1,78.8,,,False,False,False,False
5a7932dd-010b-4edf-80f7-91809c49847a,3754266,1212,1,00:35:48.384,35,48,43,Carry,75,23,Watford,From Throw In,23,Watford,3991.0,Allan Romeo Nyom,Right Back,43.1,78.8,43.8,79.8,0.451821,True,,,,,,,False,,,,,,,False,False,left_to_right,False,43.1,78.8,43.8,79.8,False,False,False,False
5690d317-b84c-4dc1-9552-c616b3c0ef96,3754266,1213,1,00:35:48.495,35,48,17,Pressure,75,23,Watford,From Throw In,31,Crystal Palace,3589.0,Yannick Bolasie Yala,Left Wing,76.3,2.8,,,0.387523,False,,,,,,,False,,,,,,,False,False,left_to_right,False,76.3,2.8,,,False,False,False,False
7f99d051-7f30-4a7b-b0ba-067e854c5858,3754266,1214,1,00:35:48.836,35,48,30,Pass,75,23,Watford,From Throw In,23,Watford,3991.0,Allan Romeo Nyom,Right Back,43.8,79.8,40.3,73.9,0.779422,True,,,,,,,True,6.860029,-2.106216,Ground Pass,,43081.0,Almen Abdi,False,False,left_to_right,False,43.8,79.8,40.3,73.9,False,False,False,False
79da5976-1d79-45ed-a13f-94f0b1d0b4f3,3754266,1215,1,00:35:49.615,35,49,42,Ball Receipt*,75,23,Watford,From Throw In,23,Watford,43081.0,Almen Abdi,Right Midfield,40.3,73.9,,,,False,,,,,,,False,,,,,,,False,False,left_to_right,False,40.3,73.9,,,False,False,False,False
698f97d0-f06b-4a69-b946-f93fa4f64046,3754266,1216,1,00:35:49.615,35,49,43,Carry,75,23,Watford,From Throw In,23,Watford,43081.0,Almen Abdi,Right Midfield,40.3,73.9,40.7,74.6,1.003832,False,,,,,,,False,,,,,,,False,False,left_to_right,False,40.3,73.9,40.7,74.6,False,False,False,False
5d641220-ff43-4084-aff1-70f31ce8b730,3754266,1217,1,00:35:50.619,35,50,30,Pass,75,23,Watford,From Throw In,23,Watford,43081.0,Almen Abdi,Right Midfield,40.7,74.6,78.1,66.2,2.51991,False,,,,,,Incomplete,False,38.33171,-0.22093266,High Pass,,5458.0,Odion Jude Ighalo,False,False,left_to_right,False,40.7,74.6,78.1,66.2,False,True,False,True
e68309bc-b4f6-44c8-8f0b-ca6ad83fe336,3754266,1218,1,00:35:53.139,35,53,42,Ball Receipt*,75,23,Watford,From Throw In,23,Watford,5458.0,Odion Jude Ighalo,Left Center Forward,77.0,68.3,,,,False,,,,,,,False,,,,,,,False,False,left_to_right,False,77.0,68.3,,,False,False,False,False
51b25e98-260a-4813-9c83-10420f025031,3754266,1219,1,00:35:53.139,35,53,30,Pass,75,23,Watford,From Throw In,31,Crystal Palace,43695.0,Brede Hangeland,Left Center Back,42.0,13.9,72.1,16.4,2.1953,False,,,,,,,True,30.203642,0.08286628,High Pass,Recovery,3469.0,Bakary Sako,False,False,left_to_right,False,42.0,13.9,72.1,16.4,False,True,False,False
a712d401-21cd-4640-a5d9-f88b4ef4e46f,3754266,1220,1,00:35:55.334,35,55,42,Ball Receipt*,75,23,Watford,From Throw In,31,Crystal Palace,3469.0,Bakary Sako,Center Attacking Midfield,72.1,16.4,,,,False,,,,,,,False,,,,,,,False,False,left_to_right,False,72.1,16.4,,,False,False,False,False
89372f19-29a2-4c98-9590-26c71a3f5ede,3754266,1221,1,00:35:55.353,35,55,30,Pass,75,23,Watford,From Throw In,31,Crystal Palace,3469.0,Bakary Sako,Center Attacking Midfield,72.5,15.7,110.1,18.8,6.450126,True,,,,,,Incomplete,False,37.727577,0.08226076,High Pass,,,,False,False,left_to_right,False,72.5,15.7,110.1,18.8,False,True,True,True
2e7c674c-5693-430b-9aa1-0d3b35b0c8e2,3754266,1222,1,00:35:55.353,35,55,4,Duel,75,23,Watford,From Throw In,23,Watford,3309.0,Sebastian Prödl,Right Center Back,47.6,64.4,,,0.0,True,,,,,,,False,,,,,,,False,False,left_to_right,False,47.6,64.4,,,False,False,False,False
df56a686-f7c3-469e-859a-4117f1528171,3754266,1223,1,00:36:01.803,36,1,2,Ball Recovery,75,23,Watford,From Throw In,23,Watford,3522.0,Heurelho da Silva Gomes,Goalkeeper,10.0,61.3,,,0.0,False,,,,,,,False,,,,,,,False,False,left_to_right,False,10.0,61.3,,,False,False,False,False
3fd55c65-4403-4b3e-acd7-bb5c4443cbfc,3754266,1224,1,00:36:17.361,36,17,30,Pass,75,23,Watford,From Throw In,23,Watford,3522.0,Heurelho da Silva Gomes,Goalkeeper,11.0,60.9,118.1,13.4,4.260466,False,,,,,,Incomplete,False,117.16083,-0.41744438,High Pass,,5458.0,Odion Jude Ighalo,False,False,left_to_right,False,11.0,60.9,118.1,13.4,False,True,True,True
b12645c7-ba62-4739-b638-aee18e1b8980,3754266,1225,1,00:36:20.390,36,20,17,Pressure,75,23,Watford,From Throw In,23,Watford,5458.0,Odion Jude Ighalo,Left Center Forward,114.2,15.8,,,1.77232,False,,,,,,,False,,,,,,,False,False,left_to_right,False,114.2,15.8,,,False,False,False,False
c5bce004-562c-4b27-98ba-eb451bc4f8f5,3754266,1226,1,00:36:21.622,36,21,42,Ball Receipt*,75,23,Watford,From Throw In,23,Watford,5458.0,Odion Jude Ighalo,Left Center Forward,117.1,16.0,,,,False,,,,,,,False,,,,,,,False,False,left_to_right,False,117.1,16.0,,,False,False,False,False
eafb8bd9-f9c1-4b95-8cf2-1c66f78db999,3754266,1227,1,00:36:21.622,36,21,2,Ball Recovery,76,31,Crystal Palace,Regular Play,31,Crystal Palace,3448.0,Martin Kelly,Right Back,2.0,66.7,,,0.0,True,,,,,,,False,,,,,,,False,False,left_to_right,False,2.0,66.7,,,False,False,False,False
0d58b526-60ec-4387-8bba-417bf9f0533a,3754266,1228,1,00:36:21.622,36,21,43,Carry,76,31,Crystal Palace,Regular Play,31,Crystal Palace,3448.0,Martin Kelly,Right Back,2.0,66.7,2.5,73.5,1.148986,True,,,,,,,False,,,,,,,False,False,left_to_right,False,2.0,66.7,2.5,73.5,False,False,False,False
c381f84b-7b8d-4bc2-9d4d-cca704c16fd1,3754266,1229,1,00:36:22.771,36,22,30,Pass,76,31,Crystal Palace,Regular Play,31,Crystal Palace,3448.0,Martin Kelly,Right Back,2.5,73.5,56.3,65.8,3.013552,False,,,,,,Incomplete,False,54.34823,-0.14215727,High Pass,,,,False,False,left_to_right,False,2.5,73.5,56.3,65.8,False,True,False,True
2fa98f35-094d-46f7-ac27-549ce4ae919e,3754266,1230,1,00:36:25.784,36,25,30,Pass,76,31,Crystal Palace,Regular Play,23,Watford,3626.0,Ben Watson,Left Center Midfield,63.8,14.3,79.5,18.1,1.974331,False,,,,,,Incomplete,False,16.153328,0.2374713,High Pass,Recovery,,,False,False,left_to_right,False,63.8,14.3,79.5,18.1,False,True,False,True
c0e1e831-47d7-4144-94f3-29c608c3bfcb,3754266,1231,1,00:36:27.758,36,27,30,Pass,76,31,Crystal Palace,Regular Play,31,Crystal Palace,3277.0,Yohan Cabaye,Right Defensive Midfield,40.6,62.0,65.8,64.3,1.479019,False,,,,,,,True,25.304743,0.09101767,High Pass,Recovery,3469.0,Bakary Sako,False,False,left_to_right,False,40.6,62.0,65.8,64.3,False,True,False,False
d0df6221-2bed-426e-b295-ba401d5dedb4,3754266,1232,1,00:36:29.237,36,29,42,Ball Receipt*,76,31,Crystal Palace,Regular Play,31,Crystal Palace,3469.0,Bakary Sako,Center Attacking Midfield,65.8,64.3,,,,False,,,,,,,False,,,,,,,False,False,left_to_right,False,65.8,64.3,,,False,False,False,False
3958d3ef-2563-4d41-88f8-0acfa4099d2f,3754266,1233,1,00:36:29.237,36,29,43,Carry,76,31,Crystal Palace,Regular Play,31,Crystal Palace,3469.0,Bakary Sako,Center Attacking Midfield,65.8,64.3,68.3,50.9,2.093824,False,,,,,,,False,,,,,,,False,False,left_to_right,False,65.8,64.3,68.3,50.9,False,False,False,False
1414a98a-debc-41ee-950e-2c37f3a005e5,3754266,1234,1,00:36:31.331,36,31,30,Pass,76,31,Crystal Palace,Regular Play,31,Crystal Palace,3469.0,Bakary Sako,Center Attacking Midfield,68.3,50.9,67.8,20.6,2.059538,False,,,,,,,True,30.304125,-1.5872965,Ground Pass,,3589.0,Yannick Bolasie Yala,False,False,left_to_right,False,68.3,50.9,67.8,20.6,False,False,False,False
7e82b99b-545f-4d3f-8864-5780d566ce44,3754266,1235,1,00:36:33.391,36,33,42,Ball Receipt*,76,31,Crystal Palace,Regular Play,31,Crystal Palace,3589.0,Yannick Bolasie Yala,Left Wing,67.8,20.6,,,,False,,,,,,,False,,,,,,,False,False,left_to_right,False,67.8,20.6,,,False,False,False,False
34dd438f-e0f1-4fa6-878f-77ebf890e591,3754266,1236,1,00:36:33.391,36,33,43,Carry,76,31,Crystal Palace,Regular Play,31,Crystal Palace,3589.0,Yannick Bolasie Yala,Left Wing,67.8,20.6,104.4,21.0,3.693514,False,,,,,,,False,,,,,,,False,False,left_to_right,False,67.8,20.6,104.4,21.0,True,False,False,False
8567b68c-5304-43f4-ad14-0fe233083f9b,3754266,1237,1,00:36:37.084,36,37,30,Pass,76,31,Crystal Palace,Regular Play,31,Crystal Palace,3589.0,Yannick Bolasie Yala,Left Wing,104.4,21.0,109.8,34.9,0.609827,False,,,,,,Incomplete,False,14.912076,1.2002523,High Pass,,,,False,False,left_to_right,False,104.4,21.0,109.8,34.9,False,True,False,True
f7951103-5040-4e35-b4e1-e3fa0a1ce031,3754266,1238,1,00:36:37.694,36,37,9,Clearance,76,31,Crystal Palace,Regular Play,23,Watford,3309.0,Sebastian Prödl,Right Center Back,10.3,45.2,,,0.0,True,,,,,,,False,,,,,,,False,False,left_to_right,False,10.3,45.2,,,False,False,False,False
f63dde22-ce61-47f5-ab31-c1ce04901218,3754266,1239,1,00:36:38.720,36,38,2,Ball Recovery,77,23,Watford,Regular Play,23,Watford,43081.0,Almen Abdi,Right Midfield,19.0,55.4,,,0.0,False,,,,,,,False,,,,,,,False,False,left_to_right,False,19.0,55.4,,,False,False,False,False
29ab4d35-7336-44f5-8796-0711c970fe94,3754266,1240,1,00:36:38.720,36,38,43,Carry,77,23,Watford,Regular Play,23,Watford,43081.0,Almen Abdi,Right Midfield,19.0,55.4,19.0,53.9,0.87568,False,,,,,,,False,,,,,,,False,False,left_to_right,False,19.0,55.4,19.0,53.9,False,False,False,False
4277a550-cc77-48f2-a7cc-7002d765243c,3754266,1241,1,00:36:39.596,36,39,30,Pass,77,23,Watford,Regular Play,23,Watford,43081.0,Almen Abdi,Right Midfield,19.0,53.9,34.4,31.3,2.096426,False,,,,,,,True,27.348125,-0.9726521,Ground Pass,,6870.0,José Manuel Jurado Marín,False,False,left_to_right,False,19.0,53.9,34.4,31.3,False,False,False,False
508f5e4c-aba6-4639-85cd-669fe35c3e39,3754266,1242,1,00:36:41.111,36,41,17,Pressure,77,23,Watford,Regular Play,31,Crystal Palace,3469.0,Bakary Sako,Center Attacking Midfield,89.2,47.2,,,0.531964,False,,,,,,,False,,,,,,,False,False,left_to_right,False,89.2,47.2,,,False,False,False,False
7062e0f3-e86e-4a9e-a3e6-ea7729dac4ff,3754266,1243,1,00:36:41.683,36,41,42,Ball Receipt*,77,23,Watford,Regular Play,23,Watford,6870.0,José Manuel Jurado Marín,Left Midfield,34.4,31.3,,,,False,,,,,,,False,,,,,,,False,False,left_to_right,False,34.4,31.3,,,False,False,False,False
c8aebdd2-864e-4006-b3fd-6a2ddbd8ca6e,3754266,1244,1,00:36:41.683,36,41,3,Dispossessed,77,23,Watford,Regular Play,23,Watford,6870.0,José Manuel Jurado Marín,Left Midfield,34.7,35.6,,,0.0,True,,,,,,,False,,,,,,,False,False,left_to_right,False,34.7,35.6,,,False,False,False,True
b4829742-9e4e-46b9-a28e-13b36f416996,3754266,1245,1,00:36:41.683,36,41,4,Duel,77,23,Watford,Regular Play,31,Crystal Palace,3469.0,Bakary Sako,Center Attacking Midfield,85.4,44.5,,,0.0,True,,,,,,,False,,,,,,,False,False,left_to_right,False,85.4,44.5,,,False,False,False,False
59a91b06-097a-4ce0-bc92-01bd18562dd7,3754266,1246,1,00:36:41.925,36,41,22,Foul Committed,77,23,Watford,Regular Play,31,Crystal Palace,3469.0,Bakary Sako,Center Attacking Midfield,86.4,45.9,,,0.0,False,,,,,,,False,,,,,,,False,False,left_to_right,False,86.4,45.9,,,False,False,False,False
53d6ab7b-8391-4d1e-a290-084b106935a4,3754266,1247,1,00:36:41.925,36,41,21,Foul Won,77,23,Watford,Regular Play,23,Watford,6870.0,José Manuel Jurado Marín,Left Midfield,33.7,34.2,,,0.0,True,,,,,,,False,,,,,,,False,False,left_to_right,False,33.7,34.2,,,False,False,False,False
1cd12245-a3a2-4199-a1e6-0948f2427f47,3754266,1248,1,00:36:41.925,36,41,43,Carry,77,23,Watford,Regular Play,23,Watford,6870.0,José Manuel Jurado Marín,Left Midfield,33.7,34.2,42.9,38.2,2.010402,True,,,,,,,False,,,,,,,False,False,left_to_right,False,33.7,34.2,42.9,38.2,False,False,False,False
c808619b-19f3-4844-b794-a845ab150e96,3754266,1249,1,00:36:43.935,36,43,30,Pass,77,23,Watford,Regular Play,23,Watford,6870.0,José Manuel Jurado Marín,Left Midfield,42.9,38.2,51.4,47.8,0.715911,False,,,,,,,True,12.822247,0.846097,Ground Pass,Recovery,5458.0,Odion Jude Ighalo,False,False,left_to_right,False,42.9,38.2,51.4,47.8,False,False,False,False
0ea3f11f-4bb6-495d-be9f-b162cb1355fe,3754266,1250,1,00:36:44.651,36,44,42,Ball Receipt*,77,23,Watford,Regular Play,23,Watford,5458.0,Odion Jude Ighalo,Left Center Forward,51.4,47.8,,,,False,,,,,,,False,,,,,,,False,False,left_to_right,False,51.4,47.8,,,False,False,False,False
6c526d36-8fca-492e-95ee-d35cdd917665,3754266,1251,1,00:36:44.651,36,44,43,Carry,77,23,Watford,Regular Play,23,Watford,5458.0,Odion Jude Ighalo,Left Center Forward,51.4,47.8,47.6,43.8,0.03971,True,,,,,,,False,,,,,,,False,False,left_to_right,False,51.4,47.8,47.6,43.8,False,False,False,False
a1ce2dc7-4bbc-4e34-abfb-f9c0772e7068,3754266,1252,1,00:36:44.691,36,44,22,Foul Committed,77,23,Watford,Regular Play,31,Crystal Palace,4817.0,Joe Ledley,Left Defensive Midfield,72.5,36.3,,,0.0,False,,,,,,,False,,,,,,,False,False,left_to_right,False,72.5,36.3,,,False,False,False,False
4e84d2f8-f090-4e3c-a458-b209c0b505c4,3754266,1253,1,00:36:44.691,36,44,21,Foul Won,77,23,Watford,Regular Play,23,Watford,6870.0,José Manuel Jurado Marín,Left Midfield,47.6,43.8,,,0.0,True,,,,,,,False,,,,,,,False,False,left_to_right,False,47.6,43.8,,,False,False,False,False
120e4e2a-f3d4-4946-b0a8-976077401be7,3754266,1254,1,00:36:44.704,36,44,30,Pass,77,23,Watford,Regular Play,23,Watford,5458.0,Odion Jude Ighalo,Left Center Forward,51.5,50.1,55.6,37.3,1.761176,False,,,,,,,True,13.44061,-1.2608099,Ground Pass,,3454.0,Troy Deeney,False,False,left_to_right,False,51.5,50.1,55.6,37.3,False,False,False,False
4d1e47ef-f908-439a-ab56-f36c747ecf4a,3754266,1255,1,00:36:46.465,36,46,42,Ball Receipt*,77,23,Watford,Regular Play,23,Watford,3454.0,Troy Deeney,Right Center Forward,55.6,37.3,,,,False,,,,,,,False,,,,,,,False,False,left_to_right,False,55.6,37.3,,,False,False,False,False
7d45ab53-e905-476e-b7d9-61ab61cfa05c,3754266,1256,1,00:36:46.465,36,46,43,Carry,77,23,Watford,Regular Play,23,Watford,3454.0,Troy Deeney,Right Center Forward,55.6,37.3,56.8,41.4,0.56834203,False,,,,,,,False,,,,,,,False,False,left_to_right,False,55.6,37.3,56.8,41.4,False,False,False,False
483d8b57-3d42-4757-ad1f-557b164e943d,3754266,1257,1,00:36:47.033,36,47,30,Pass,77,23,Watford,Regular Play,23,Watford,3454.0,Troy Deeney,Right Center Forward,56.8,41.4,56.4,48.8,0.794808,False,,,,,,,True,7.410803,1.6247978,Ground Pass,,5458.0,Odion Jude Ighalo,False,False,left_to_right,False,56.8,41.4,56.4,48.8,False,False,False,False
eaf4414b-d5a1-43df-bc13-f5988325836d,3754266,1258,1,00:36:47.828,36,47,42,Ball Receipt*,77,23,Watford,Regular Play,23,Watford,5458.0,Odion Jude Ighalo,Left Center Forward,56.4,48.8,,,,False,,,,,,,False,,,,,,,False,False,left_to_right,False,56.4,48.8,,,False,False,False,False
2f69d275-e248-4944-865f-5c2c9cd08f0a,3754266,1259,1,00:36:47.828,36,47,43,Carry,77,23,Watford,Regular Play,23,Watford,5458.0,Odion Jude Ighalo,Left Center Forward,56.4,48.8,56.1,48.7,0.04,False,,,,,,,False,,,,,,,False,False,left_to_right,False,56.4,48.8,56.1,48.7,False,False,False,False
f39bbc23-4269-40b4-ab7f-fd4942d68e57,3754266,1260,1,00:36:47.868,36,47,30,Pass,77,23,Watford,Regular Play,23,Watford,5458.0,Odion Jude Ighalo,Left Center Forward,56.1,48.7,56.8,46.8,0.462121,False,,,,,,,True,2.0248456,-1.217806,Ground Pass,,3454.0,Troy Deeney,False,False,left_to_right,False,56.1,48.7,56.8,46.8,False,False,False,False
52e5dc0a-2bd4-4111-9d07-246d9dcdadd2,3754266,1261,1,00:36:48.330,36,48,42,Ball Receipt*,77,23,Watford,Regular Play,23,Watford,3454.0,Troy Deeney,Right Center Forward,56.8,46.8,,,,False,,,,,,,False,,,,,,,False,False,left_to_right,False,56.8,46.8,,,False,False,False,False
7ea7e949-bf46-46f4-843c-f48aa4a8434b,3754266,1262,1,00:36:48.330,36,48,43,Carry,77,23,Watford,Regular Play,23,Watford,3454.0,Troy Deeney,Right Center Forward,56.8,46.8,90.9,67.6,6.530782,False,,,,,,,False,,,,,,,False,False,left_to_right,False,56.8,46.8,90.9,67.6,True,False,False,False
4df596c7-e569-4a3d-a2bf-1bdf6adce89a,3754266,1263,1,00:36:54.861,36,54,30,Pass,77,23,Watford,Regular Play,23,Watford,3454.0,Troy Deeney,Right Center Forward,90.9,67.6,87.8,59.7,0.989904,False,,,,,,,True,8.48646,-1.9447383,Ground Pass,,3721.0,Etienne Capoue,False,False,left_to_right,False,90.9,67.6,87.8,59.7,False,False,False,False
13a941a5-5ef3-45a3-acf9-17889091e1b7,3754266,1264,1,00:36:55.851,36,55,42,Ball Receipt*,77,23,Watford,Regular Play,23,Watford,3721.0,Etienne Capoue,Right Center Midfield,87.8,59.7,,,,False,,,,,,,False,,,,,,,False,False,left_to_right,False,87.8,59.7,,,False,False,False,False
424e0171-01f4-49aa-af19-6c9819e9b9d9,3754266,1265,1,00:36:55.851,36,55,43,Carry,77,23,Watford,Regular Play,23,Watford,3721.0,Etienne Capoue,Right Center Midfield,87.8,59.7,90.4,65.9,1.282916,True,,,,,,,False,,,,,,,False,False,left_to_right,False,87.8,59.7,90.4,65.9,False,False,False,False
e56db0e2-1db6-46ee-b5fc-cf34d46b658f,3754266,1266,1,00:36:56.412,36,56,17,Pressure,77,23,Watford,Regular Play,31,Crystal Palace,4817.0,Joe Ledley,Left Defensive Midfield,28.5,16.4,,,0.71682,False,,,,,,,False,,,,,,,False,False,left_to_right,False,28.5,16.4,,,False,False,False,False
dae47b00-5bba-40b7-bad6-ec012e9ab565,3754266,1267,1,00:36:57.134,36,57,39,Dribbled Past,77,23,Watford,Regular Play,31,Crystal Palace,4817.0,Joe Ledley,Left Defensive Midfield,29.7,14.2,,,0.0,False,,,,,,,False,,,,,,,False,False,left_to_right,False,29.7,14.2,,,False,False,False,False
665bfd51-adb5-4979-a13d-2852b3e6528c,3754266,1268,1,00:36:57.134,36,57,14,Dribble,77,23,Watford,Regular Play,23,Watford,3721.0,Etienne Capoue,Right Center Midfield,90.4,65.9,,,0.0,True,,,,,,,False,,,,,,,False,False,left_to_right,False,90.4,65.9,,,False,False,False,False
3e56a211-6c34-449e-8a4b-5dfd72c37ccb,3754266,1269,1,00:36:57.134,36,57,43,Carry,77,23,Watford,Regular Play,23,Watford,3721.0,Etienne Capoue,Right Center Midfield,90.4,65.9,91.3,65.1,1.553176,True,,,,,,,False,,,,,,,False,False,left_to_right,False,90.4,65.9,91.3,65.1,False,False,False,False
3864d554-6c84-4901-ab44-af311a15cd10,3754266,1270,1,00:36:58.687,36,58,30,Pass,77,23,Watford,Regular Play,23,Watford,3721.0,Etienne Capoue,Right Center Midfield,91.3,65.1,101.0,52.5,0.571979,False,,,,,,Incomplete,False,15.9012575,-0.91471726,Low Pass,,6870.0,José Manuel Jurado Marín,False,False,left_to_right,False,91.3,65.1,101.0,52.5,False,True,False,True
1208f0e6-5b58-46ec-a81b-9bb76312eb1d,3754266,1271,1,00:36:59.259,36,59,42,Ball Receipt*,77,23,Watford,Regular Play,23,Watford,6870.0,José Manuel Jurado Marín,Left Midfield,99.5,51.6,,,,False,,,,,,,False,,,,,,,False,False,left_to_right,False,99.5,51.6,,,False,False,False,False
8fc34164-9ca7-4ad7-9224-50e42de8b762,3754266,1272,1,00:36:59.259,36,59,9,Clearance,77,23,Watford,Regular Play,31,Crystal Palace,4884.0,Pape N''Diaye Souaré,Left Back,19.1,27.6,,,0.0,True,,,,,,,False,,,,,,,False,False,left_to_right,False,19.1,27.6,,,False,False,False,False
9c31c8d7-e0dc-46a4-9c9e-e9fa42141216,3754266,1273,1,00:37:21.197,37,21,30,Pass,78,23,Watford,From Throw In,23,Watford,3991.0,Allan Romeo Nyom,Right Back,71.3,80.0,84.3,67.2,1.339746,False,,,,,,Incomplete,False,18.243902,-0.77764636,Low Pass,Throw-in,,,False,False,left_to_right,False,71.3,80.0,84.3,67.2,False,True,True,True
f18a09bb-b44d-4608-b3ae-a638c8385331,3754266,1274,1,00:37:22.537,37,22,30,Pass,79,31,Crystal Palace,Regular Play,31,Crystal Palace,4817.0,Joe Ledley,Left Defensive Midfield,35.8,12.9,35.9,0.7,1.411216,False,,,,,,,True,12.20041,-1.5625998,Low Pass,Recovery,3589.0,Yannick Bolasie Yala,False,False,left_to_right,False,35.8,12.9,35.9,0.7,False,False,False,False
492c82d4-855e-44c3-991f-4670c2bfcb4e,3754266,1275,1,00:37:23.948,37,23,42,Ball Receipt*,79,31,Crystal Palace,Regular Play,31,Crystal Palace,3589.0,Yannick Bolasie Yala,Left Wing,35.9,0.7,,,,False,,,,,,,False,,,,,,,False,False,left_to_right,False,35.9,0.7,,,False,False,False,False
a74422cf-6a9b-4844-94f6-c66612e7f333,3754266,1276,1,00:37:23.948,37,23,43,Carry,79,31,Crystal Palace,Regular Play,31,Crystal Palace,3589.0,Yannick Bolasie Yala,Left Wing,35.9,0.7,35.8,0.3,0.15677801,False,,,,,,,False,,,,,,,False,False,left_to_right,False,35.9,0.7,35.8,0.3,False,False,False,False
b48a6d01-8d13-4a44-8e24-61d1207200f2,3754266,1277,1,00:37:24.105,37,24,30,Pass,79,31,Crystal Palace,Regular Play,31,Crystal Palace,3589.0,Yannick Bolasie Yala,Left Wing,35.8,0.3,24.9,7.2,0.844093,False,,,,,,,True,12.900388,2.5772417,Low Pass,,4884.0,Pape N''Diaye Souaré,False,False,left_to_right,False,35.8,0.3,24.9,7.2,False,False,False,False
c34ada32-88e9-4b6b-868b-deafe7c80c1e,3754266,1278,1,00:37:24.949,37,24,42,Ball Receipt*,79,31,Crystal Palace,Regular Play,31,Crystal Palace,4884.0,Pape N''Diaye Souaré,Left Back,24.9,7.2,,,,False,,,,,,,False,,,,,,,False,False,left_to_right,False,24.9,7.2,,,False,False,False,False
a5229084-b55c-4448-82b9-e0e827eb90f8,3754266,1279,1,00:37:24.949,37,24,43,Carry,79,31,Crystal Palace,Regular Play,31,Crystal Palace,4884.0,Pape N''Diaye Souaré,Left Back,24.9,7.2,23.0,5.5,1.254009,True,,,,,,,False,,,,,,,False,False,left_to_right,False,24.9,7.2,23.0,5.5,False,False,False,False
76916bd6-b5d9-48ef-9f09-c13b0f9e575c,3754266,1280,1,00:37:25.181,37,25,17,Pressure,79,31,Crystal Palace,Regular Play,23,Watford,3721.0,Etienne Capoue,Right Center Midfield,91.3,73.6,,,1.009623,False,,,,,,,False,,,,,,,False,False,left_to_right,False,91.3,73.6,,,False,False,False,False
5e7672da-76b9-4ad4-854e-975845cc766a,3754266,1281,1,00:37:26.203,37,26,30,Pass,79,31,Crystal Palace,Regular Play,31,Crystal Palace,4884.0,Pape N''Diaye Souaré,Left Back,23.0,5.5,56.1,1.1,4.56887,False,,,,,,Incomplete,False,33.391167,-0.13215573,High Pass,,,,False,False,left_to_right,False,23.0,5.5,56.1,1.1,False,True,False,True
83a05ab3-c3cc-4573-a231-1951b64b2a5a,3754266,1282,1,00:37:30.771,37,30,30,Pass,79,31,Crystal Palace,Regular Play,23,Watford,43081.0,Almen Abdi,Right Midfield,64.0,79.0,49.8,77.6,1.529571,False,,,,,,,True,14.268847,-3.0433187,Low Pass,Recovery,3309.0,Sebastian Prödl,False,False,left_to_right,False,64.0,79.0,49.8,77.6,False,False,False,False
f920c4fc-486c-477a-bc4e-d443db9c1abf,3754266,1283,1,00:37:32.301,37,32,42,Ball Receipt*,79,31,Crystal Palace,Regular Play,23,Watford,3309.0,Sebastian Prödl,Right Center Back,49.8,77.6,,,,False,,,,,,,False,,,,,,,False,False,left_to_right,False,49.8,77.6,,,False,False,False,False
f60a84bf-cc8c-4d81-ab3b-6b8c345d242a,3754266,1284,1,00:37:32.301,37,32,30,Pass,79,31,Crystal Palace,Regular Play,23,Watford,3309.0,Sebastian Prödl,Right Center Back,50.1,78.7,99.5,58.1,3.090581,False,,,,,,Incomplete,False,53.52308,-0.39507857,High Pass,,5458.0,Odion Jude Ighalo,False,False,left_to_right,False,50.1,78.7,99.5,58.1,False,True,True,True
bae790d7-ee31-4556-aa4e-fd31dab87ca0,3754266,1285,1,00:37:35.392,37,35,42,Ball Receipt*,79,31,Crystal Palace,Regular Play,23,Watford,5458.0,Odion Jude Ighalo,Left Center Forward,99.2,54.8,,,,False,,,,,,,False,,,,,,,False,False,left_to_right,False,99.2,54.8,,,False,False,False,False
242a7e27-7df0-445a-acf9-747e2859af0a,3754266,1286,1,00:37:35.392,37,35,30,Pass,79,31,Crystal Palace,Regular Play,31,Crystal Palace,43695.0,Brede Hangeland,Left Center Back,20.6,22.0,23.0,9.6,1.476911,False,,,,,,,True,12.630123,-1.3796118,Low Pass,Recovery,4884.0,Pape N''Diaye Souaré,False,False,left_to_right,False,20.6,22.0,23.0,9.6,False,False,False,False
09875318-7810-4e58-8794-0d37cc624d60,3754266,1287,1,00:37:36.869,37,36,42,Ball Receipt*,79,31,Crystal Palace,Regular Play,31,Crystal Palace,4884.0,Pape N''Diaye Souaré,Left Back,23.0,9.6,,,,False,,,,,,,False,,,,,,,False,False,left_to_right,False,23.0,9.6,,,False,False,False,False
a8ede88a-3b1e-4233-b0e8-0463d97e1cde,3754266,1288,1,00:37:36.869,37,36,43,Carry,79,31,Crystal Palace,Regular Play,31,Crystal Palace,4884.0,Pape N''Diaye Souaré,Left Back,23.0,9.6,21.3,5.1,1.474017,False,,,,,,,False,,,,,,,False,False,left_to_right,False,23.0,9.6,21.3,5.1,False,False,False,False
4c0806c2-1aa9-489d-9974-89247882b52c,3754266,1289,1,00:37:38.343,37,38,30,Pass,79,31,Crystal Palace,Regular Play,31,Crystal Palace,4884.0,Pape N''Diaye Souaré,Left Back,21.3,5.1,62.6,3.5,1.873034,False,,,,,,,True,41.330982,-0.038721558,High Pass,,3092.0,Dwight Gayle,False,False,left_to_right,False,21.3,5.1,62.6,3.5,False,True,False,False
43e1c3e5-42ab-46a4-81c3-43bc7e5a0c26,3754266,1290,1,00:37:40.216,37,40,42,Ball Receipt*,79,31,Crystal Palace,Regular Play,31,Crystal Palace,3092.0,Dwight Gayle,Center Forward,62.6,3.5,,,,False,,,,,,,False,,,,,,,False,False,left_to_right,False,62.6,3.5,,,False,False,False,False
6c3b62c2-9a17-414a-b26c-e7876f83b440,3754266,1291,1,00:37:40.216,37,40,43,Carry,79,31,Crystal Palace,Regular Play,31,Crystal Palace,3092.0,Dwight Gayle,Center Forward,62.6,3.5,62.3,1.1,1.02,True,,,,,,,False,,,,,,,False,False,left_to_right,False,62.6,3.5,62.3,1.1,False,False,False,False
5e42550b-a25a-4ee7-b763-ba7d47742240,3754266,1292,1,00:37:40.606,37,40,17,Pressure,79,31,Crystal Palace,Regular Play,23,Watford,3309.0,Sebastian Prödl,Right Center Back,55.6,75.6,,,0.72307,False,,,,,,,False,,,,,,,False,False,left_to_right,False,55.6,75.6,,,False,False,False,False
7aef3d59-b4f1-471e-90d4-aa9958a3a6fb,3754266,1293,1,00:37:41.236,37,41,30,Pass,79,31,Crystal Palace,Regular Play,31,Crystal Palace,3092.0,Dwight Gayle,Center Forward,62.3,1.1,66.9,18.8,1.6999,True,,,,,,,True,18.287973,1.3165342,High Pass,,3469.0,Bakary Sako,False,False,left_to_right,False,62.3,1.1,66.9,18.8,False,False,False,False
1de7d4cb-2d02-4f26-a2e4-098462d15b91,3754266,1294,1,00:37:42.569,37,42,17,Pressure,79,31,Crystal Palace,Regular Play,23,Watford,3626.0,Ben Watson,Left Center Midfield,54.6,65.3,,,1.378219,False,,,,,,,False,,,,,,,False,False,left_to_right,False,54.6,65.3,,,False,False,False,False
2fd6bfef-a3a6-4aab-aff8-8ca2ac93f06c,3754266,1295,1,00:37:42.936,37,42,42,Ball Receipt*,79,31,Crystal Palace,Regular Play,31,Crystal Palace,3469.0,Bakary Sako,Center Attacking Midfield,66.9,18.8,,,,True,,,,,,,False,,,,,,,False,False,left_to_right,False,66.9,18.8,,,False,False,False,False
14d5901c-c080-4ab3-a6e9-7ca32d9d6bf1,3754266,1296,1,00:37:42.936,37,42,43,Carry,79,31,Crystal Palace,Regular Play,31,Crystal Palace,3469.0,Bakary Sako,Center Attacking Midfield,66.9,18.8,70.3,12.9,1.085832,True,,,,,,,False,,,,,,,False,False,left_to_right,False,66.9,18.8,70.3,12.9,False,False,False,False
6214b93d-a399-478c-b311-ab9a5e358617,3754266,1297,1,00:37:43.402,37,43,17,Pressure,79,31,Crystal Palace,Regular Play,23,Watford,3309.0,Sebastian Prödl,Right Center Back,48.1,68.7,,,0.603596,False,,,,,,,False,,,,,,,False,False,left_to_right,False,48.1,68.7,,,False,False,False,False
b098329c-9908-4122-81e6-117ff4327845,3754266,1298,1,00:37:44.021,37,44,30,Pass,79,31,Crystal Palace,Regular Play,31,Crystal Palace,3469.0,Bakary Sako,Center Attacking Midfield,70.3,12.9,80.2,14.3,0.462926,False,,,,,,,True,9.9985,0.14048263,Low Pass,,3092.0,Dwight Gayle,False,False,left_to_right,False,70.3,12.9,80.2,14.3,False,False,True,False
25704196-0b7a-46e4-bfe8-c92c31a13368,3754266,1299,1,00:37:44.484,37,44,42,Ball Receipt*,79,31,Crystal Palace,Regular Play,31,Crystal Palace,3092.0,Dwight Gayle,Center Forward,80.2,14.3,,,,False,,,,,,,False,,,,,,,False,False,left_to_right,False,80.2,14.3,,,False,False,False,False
012fefbf-a443-4eb4-b42e-8545db715cab,3754266,1300,1,00:37:44.484,37,44,43,Carry,79,31,Crystal Palace,Regular Play,31,Crystal Palace,3092.0,Dwight Gayle,Center Forward,80.2,14.3,79.1,13.8,0.984167,False,,,,,,,False,,,,,,,False,False,left_to_right,False,80.2,14.3,79.1,13.8,False,False,False,False
91f8267a-e719-44f5-8384-709c562537bb,3754266,1301,1,00:37:45.468,37,45,30,Pass,79,31,Crystal Palace,Regular Play,31,Crystal Palace,3092.0,Dwight Gayle,Center Forward,79.1,13.8,79.0,2.1,1.502589,False,,,,,,,True,11.700427,-1.5793431,Ground Pass,,3469.0,Bakary Sako,False,False,left_to_right,False,79.1,13.8,79.0,2.1,False,False,False,False
cd0ae0e2-e916-4a3d-91c3-54d959b84f2f,3754266,1302,1,00:37:46.971,37,46,42,Ball Receipt*,79,31,Crystal Palace,Regular Play,31,Crystal Palace,3469.0,Bakary Sako,Center Attacking Midfield,79.0,2.1,,,,False,,,,,,,False,,,,,,,False,False,left_to_right,False,79.0,2.1,,,False,False,False,False
6fbe46a0-1407-422e-996b-1c7c285642a4,3754266,1303,1,00:37:46.971,37,46,43,Carry,79,31,Crystal Palace,Regular Play,31,Crystal Palace,3469.0,Bakary Sako,Center Attacking Midfield,79.0,2.1,78.8,2.5,2.953613,False,,,,,,,False,,,,,,,False,False,left_to_right,False,79.0,2.1,78.8,2.5,False,False,False,False
7709a03f-a9c2-4252-89b7-933d320535c9,3754266,1304,1,00:37:49.925,37,49,30,Pass,79,31,Crystal Palace,Regular Play,31,Crystal Palace,3469.0,Bakary Sako,Center Attacking Midfield,78.8,2.5,77.2,26.7,1.098949,False,,,,,,,True,24.252834,1.6368159,Ground Pass,,3277.0,Yohan Cabaye,False,False,left_to_right,False,78.8,2.5,77.2,26.7,False,False,False,False
c08fe6be-1cd0-4baf-b885-8f86948e58b3,3754266,1305,1,00:37:50.630,37,50,17,Pressure,79,31,Crystal Palace,Regular Play,23,Watford,3721.0,Etienne Capoue,Right Center Midfield,42.5,56.5,,,1.108844,False,,,,,,,False,,,,,,,False,False,left_to_right,False,42.5,56.5,,,False,False,False,False
7832d83e-ccae-4f0d-8597-d8930a4b8166,3754266,1306,1,00:37:51.024,37,51,42,Ball Receipt*,79,31,Crystal Palace,Regular Play,31,Crystal Palace,3277.0,Yohan Cabaye,Right Defensive Midfield,77.2,26.7,,,,True,,,,,,,False,,,,,,,False,False,left_to_right,False,77.2,26.7,,,False,False,False,False
df05f83a-2e42-440d-83ac-1334b633decb,3754266,1307,1,00:37:51.024,37,51,43,Carry,79,31,Crystal Palace,Regular Play,31,Crystal Palace,3277.0,Yohan Cabaye,Right Defensive Midfield,77.2,26.7,77.6,24.8,0.574267,True,,,,,,,False,,,,,,,False,False,left_to_right,False,77.2,26.7,77.6,24.8,False,False,False,False
baf9295e-b38e-4bbd-bcb7-c1b50188b0b1,3754266,1308,1,00:37:51.598,37,51,22,Foul Committed,79,31,Crystal Palace,Regular Play,23,Watford,3721.0,Etienne Capoue,Right Center Midfield,42.5,55.3,,,0.0,False,,,,,,,False,,,,,,,False,False,left_to_right,False,42.5,55.3,,,False,False,False,False
0c6fb83a-3cad-4e34-bc83-c22a96af1c32,3754266,1309,1,00:37:51.598,37,51,21,Foul Won,79,31,Crystal Palace,Regular Play,31,Crystal Palace,3277.0,Yohan Cabaye,Right Defensive Midfield,77.6,24.8,,,0.0,True,,,,,,,False,,,,,,,False,False,left_to_right,False,77.6,24.8,,,False,False,False,False
c6330593-ae8c-4081-adc5-03acd2eba77e,3754266,1310,1,00:38:36.564,38,36,30,Pass,80,31,Crystal Palace,From Free Kick,31,Crystal Palace,3277.0,Yohan Cabaye,Right Defensive Midfield,76.9,26.1,89.9,9.7,1.232792,False,,,,,,,True,20.927494,-0.90053296,Ground Pass,Free Kick,3589.0,Yannick Bolasie Yala,False,False,left_to_right,False,76.9,26.1,89.9,9.7,False,False,True,False
54e45a34-d8cc-40be-828b-b2332952e9f9,3754266,1311,1,00:38:37.796,38,37,42,Ball Receipt*,80,31,Crystal Palace,From Free Kick,31,Crystal Palace,3589.0,Yannick Bolasie Yala,Left Wing,89.9,9.7,,,,False,,,,,,,False,,,,,,,False,False,left_to_right,False,89.9,9.7,,,False,False,False,False
f2dd81f3-98e1-43a8-b629-5ec63e746731,3754266,1312,1,00:38:37.796,38,37,43,Carry,80,31,Crystal Palace,From Free Kick,31,Crystal Palace,3589.0,Yannick Bolasie Yala,Left Wing,89.9,9.7,92.9,10.4,1.27717,True,,,,,,,False,,,,,,,False,False,left_to_right,False,89.9,9.7,92.9,10.4,False,False,False,False
9ca893ed-c0d0-4a03-8bca-39b922ddf57b,3754266,1313,1,00:38:39.074,38,39,22,Foul Committed,80,31,Crystal Palace,From Free Kick,23,Watford,43081.0,Almen Abdi,Right Midfield,27.2,69.7,,,0.0,False,,,,,,,False,,,,,,,False,False,left_to_right,False,27.2,69.7,,,False,False,False,False
fd6632d3-cf34-4fc3-886d-23fedc9dd393,3754266,1314,1,00:38:39.074,38,39,21,Foul Won,80,31,Crystal Palace,From Free Kick,31,Crystal Palace,3589.0,Yannick Bolasie Yala,Left Wing,92.9,10.4,,,0.0,True,,,,,,,False,,,,,,,False,False,left_to_right,False,92.9,10.4,,,False,False,False,False
2cc1871c-ab5c-46a6-bb07-5cfb31651920,3754266,1315,1,00:39:25.427,39,25,30,Pass,81,31,Crystal Palace,From Free Kick,31,Crystal Palace,3277.0,Yohan Cabaye,Right Defensive Midfield,99.9,10.5,120.0,46.3,1.396074,False,,,,,,Out,False,41.056667,1.0592029,High Pass,Free Kick,,,False,False,left_to_right,False,99.9,10.5,120.0,46.3,False,True,False,True
8b7bbfba-c846-47f1-906c-0b8ab6be466d,3754266,1316,1,00:40:00.526,40,0,30,Pass,82,23,Watford,From Goal Kick,23,Watford,3522.0,Heurelho da Silva Gomes,Goalkeeper,7.0,36.1,78.6,22.3,3.875548,False,,,,,,Incomplete,False,72.91776,-0.19040267,High Pass,Goal Kick,3454.0,Troy Deeney,False,False,left_to_right,False,7.0,36.1,78.6,22.3,False,True,False,True
6e834156-23ea-49b3-8bed-339aa67aa26c,3754266,1317,1,00:40:04.401,40,4,42,Ball Receipt*,82,23,Watford,From Goal Kick,23,Watford,3454.0,Troy Deeney,Right Center Forward,77.6,24.1,,,,False,,,,,,,False,,,,,,,False,False,left_to_right,False,77.6,24.1,,,False,False,False,False
81958478-3340-4aa5-b3fb-906dee623d84,3754266,1318,1,00:40:04.401,40,4,30,Pass,82,23,Watford,From Goal Kick,31,Crystal Palace,3407.0,Scott Dann,Right Center Back,41.5,57.8,55.8,51.6,1.186386,True,,,,,,Incomplete,False,15.586212,-0.40910405,High Pass,Recovery,,,False,False,left_to_right,False,41.5,57.8,55.8,51.6,False,False,False,True
480acb44-4460-400b-bde6-2f556d05e975,3754266,1319,1,00:40:04.401,40,4,4,Duel,82,23,Watford,From Goal Kick,23,Watford,3454.0,Troy Deeney,Right Center Forward,78.6,22.3,,,0.0,True,,,,,,,False,,,,,,,False,False,left_to_right,False,78.6,22.3,,,False,False,False,False
900faa6b-96cb-49dc-b019-0f90ce300e49,3754266,1320,1,00:40:05.588,40,5,30,Pass,82,23,Watford,From Goal Kick,23,Watford,3721.0,Etienne Capoue,Right Center Midfield,64.3,28.5,92.9,31.7,1.711445,False,,,,,,Incomplete,False,28.778463,0.11142468,High Pass,Recovery,,,False,False,left_to_right,False,64.3,28.5,92.9,31.7,False,True,True,True
4a330424-3f96-4585-91cb-45dceeb12bfc,3754266,1321,1,00:40:07.299,40,7,30,Pass,82,23,Watford,From Goal Kick,31,Crystal Palace,43695.0,Brede Hangeland,Left Center Back,27.2,48.4,50.8,56.8,1.366651,False,,,,,,Incomplete,False,25.05035,0.34194982,High Pass,Recovery,,,False,False,left_to_right,False,27.2,48.4,50.8,56.8,False,False,False,True
7baf7ff8-d9e3-4f14-a07c-d7d0785ffd2c,3754266,1322,1,00:40:08.666,40,8,30,Pass,82,23,Watford,From Goal Kick,23,Watford,3626.0,Ben Watson,Left Center Midfield,69.3,23.3,86.1,20.9,1.887393,False,,,,,,,True,16.970562,-0.14189705,Low Pass,Recovery,6870.0,José Manuel Jurado Marín,False,False,left_to_right,False,69.3,23.3,86.1,20.9,False,True,True,False
55b755d0-931e-4af6-ba12-84135041abd9,3754266,1323,1,00:40:10.553,40,10,42,Ball Receipt*,82,23,Watford,From Goal Kick,23,Watford,6870.0,José Manuel Jurado Marín,Left Midfield,86.1,20.9,,,,False,,,,,,,False,,,,,,,False,False,left_to_right,False,86.1,20.9,,,False,False,False,False
472f662b-2b24-4873-a043-e729a4229bb2,3754266,1324,1,00:40:10.553,40,10,43,Carry,82,23,Watford,From Goal Kick,23,Watford,6870.0,José Manuel Jurado Marín,Left Midfield,86.1,20.9,86.1,20.9,0.016335001,False,,,,,,,False,,,,,,,False,False,left_to_right,False,86.1,20.9,86.1,20.9,False,False,False,False
fd4585b5-f20e-4891-a0ad-531ce1830e6c,3754266,1325,1,00:40:10.569,40,10,38,Miscontrol,82,23,Watford,From Goal Kick,23,Watford,6870.0,José Manuel Jurado Marín,Left Midfield,86.1,20.9,,,0.0,False,,,,,,,False,,,,,,,False,False,left_to_right,False,86.1,20.9,,,False,False,False,True
31b12d3f-8103-439f-9728-827517dbcc86,3754266,1326,1,00:40:11.843,40,11,17,Pressure,82,23,Watford,From Goal Kick,23,Watford,6870.0,José Manuel Jurado Marín,Left Midfield,82.9,26.8,,,1.061915,False,,,,,,,False,,,,,,,False,False,left_to_right,False,82.9,26.8,,,False,False,False,False
e4bc554e-7324-4621-a424-289d9ea9881e,3754266,1327,1,00:40:12.775,40,12,30,Pass,82,23,Watford,From Goal Kick,31,Crystal Palace,4817.0,Joe Ledley,Left Defensive Midfield,38.2,49.8,106.6,16.6,5.118524,True,,,,,,Incomplete,False,76.03157,-0.45188344,High Pass,Recovery,3589.0,Yannick Bolasie Yala,False,False,left_to_right,False,38.2,49.8,106.6,16.6,False,True,True,True
76591861-0af7-46aa-ab2d-9999545f0491,3754266,1328,1,00:40:16.652,40,16,17,Pressure,82,23,Watford,From Goal Kick,31,Crystal Palace,3589.0,Yannick Bolasie Yala,Left Wing,99.3,16.7,,,1.300465,False,,,,,,,False,,,,,,,False,False,left_to_right,False,99.3,16.7,,,False,False,False,False
d15526b1-b585-4c5a-a75e-db0d150f21d7,3754266,1329,1,00:40:17.894,40,17,42,Ball Receipt*,82,23,Watford,From Goal Kick,31,Crystal Palace,3589.0,Yannick Bolasie Yala,Left Wing,104.5,15.3,,,,False,,,,,,,False,,,,,,,False,False,left_to_right,False,104.5,15.3,,,False,False,False,False
fc647d50-84e5-4192-a295-eeca441e3a8f,3754266,1330,1,00:40:17.894,40,17,23,Goal Keeper,82,23,Watford,From Goal Kick,23,Watford,3522.0,Heurelho da Silva Gomes,Goalkeeper,13.5,63.5,,,0.0,True,,,,,,,False,,,,,,,False,False,left_to_right,False,13.5,63.5,,,False,False,False,False
5b3f363c-6294-4101-b9a1-36c6c9435054,3754266,1331,1,00:40:45.693,40,45,30,Pass,83,31,Crystal Palace,From Throw In,31,Crystal Palace,4884.0,Pape N''Diaye Souaré,Left Back,104.9,0.1,112.9,7.9,0.849279,False,,,,,,,True,11.1731825,0.7727406,Low Pass,Throw-in,3092.0,Dwight Gayle,False,False,left_to_right,False,104.9,0.1,112.9,7.9,False,False,False,False
c04b5d1b-92fa-4032-b324-a9560de249e5,3754266,1332,1,00:40:45.769,40,45,17,Pressure,83,31,Crystal Palace,From Throw In,23,Watford,3991.0,Allan Romeo Nyom,Right Back,8.6,70.4,,,0.93156,False,,,,,,,False,,,,,,,False,False,left_to_right,False,8.6,70.4,,,False,False,False,False
966f9c5e-e0bf-4bf3-baf3-54b4893da198,3754266,1333,1,00:40:46.542,40,46,42,Ball Receipt*,83,31,Crystal Palace,From Throw In,31,Crystal Palace,3092.0,Dwight Gayle,Center Forward,112.9,7.9,,,,True,,,,,,,False,,,,,,,False,False,left_to_right,False,112.9,7.9,,,False,False,False,False
19d3d6d2-d648-4c5b-8100-7337a2087ff4,3754266,1334,1,00:40:46.542,40,46,30,Pass,83,31,Crystal Palace,From Throw In,31,Crystal Palace,3092.0,Dwight Gayle,Center Forward,111.8,6.3,104.4,9.7,0.843172,True,,,,,,Incomplete,False,8.143709,2.7109,Ground Pass,,3589.0,Yannick Bolasie Yala,False,False,left_to_right,False,111.8,6.3,104.4,9.7,False,False,False,True
9cd3f2c6-6e4d-428f-bdce-e8eab434d16c,3754266,1335,1,00:40:47.385,40,47,42,Ball Receipt*,83,31,Crystal Palace,From Throw In,31,Crystal Palace,3589.0,Yannick Bolasie Yala,Left Wing,103.0,13.6,,,,False,,,,,,,False,,,,,,,False,False,left_to_right,False,103.0,13.6,,,False,False,False,False
4099c05a-3d27-4b66-b6de-189c6f9541df,3754266,1336,1,00:40:47.385,40,47,2,Ball Recovery,83,31,Crystal Palace,From Throw In,23,Watford,43081.0,Almen Abdi,Right Midfield,15.7,70.4,,,0.0,False,,,,,,,False,,,,,,,False,False,left_to_right,False,15.7,70.4,,,False,False,False,False
c62e6d6b-b374-4ca2-9b86-71be2aa154e2,3754266,1337,1,00:40:47.385,40,47,43,Carry,83,31,Crystal Palace,From Throw In,23,Watford,43081.0,Almen Abdi,Right Midfield,15.7,70.4,15.7,77.4,2.695495,True,,,,,,,False,,,,,,,False,False,left_to_right,False,15.7,70.4,15.7,77.4,False,False,False,False
e289530f-0f74-4ffd-8547-7da19152fdd5,3754266,1338,1,00:40:49.091,40,49,17,Pressure,83,31,Crystal Palace,From Throw In,31,Crystal Palace,3092.0,Dwight Gayle,Center Forward,105.4,4.4,,,1.010146,False,,,,,,,False,,,,,,,False,False,left_to_right,False,105.4,4.4,,,False,False,False,False
93fcfaf9-06f4-48a4-9950-305800427f4f,3754266,1339,1,00:40:50.081,40,50,30,Pass,83,31,Crystal Palace,From Throw In,23,Watford,43081.0,Almen Abdi,Right Midfield,15.7,77.4,52.6,58.3,2.195531,True,,,,,,Incomplete,False,41.55021,-0.47764024,High Pass,,,,False,False,left_to_right,False,15.7,77.4,52.6,58.3,False,True,False,True
8f2c372f-728f-4dbc-b820-aa7c784ae8b5,3754266,1340,1,00:40:52.276,40,52,2,Ball Recovery,83,31,Crystal Palace,From Throw In,31,Crystal Palace,3277.0,Yohan Cabaye,Right Defensive Midfield,67.5,21.8,,,0.0,False,,,,,,,False,,,,,,,False,False,left_to_right,False,67.5,21.8,,,False,False,False,False
4fcd663a-551a-4110-a5ff-961ed88f589a,3754266,1341,1,00:40:52.276,40,52,43,Carry,83,31,Crystal Palace,From Throw In,31,Crystal Palace,3277.0,Yohan Cabaye,Right Defensive Midfield,67.5,21.8,63.5,19.2,0.930005,True,,,,,,,False,,,,,,,False,False,left_to_right,False,67.5,21.8,63.5,19.2,False,False,False,False
0e234f8a-5c16-4879-af15-67c5129f5554,3754266,1342,1,00:40:52.432,40,52,17,Pressure,83,31,Crystal Palace,From Throw In,23,Watford,5458.0,Odion Jude Ighalo,Left Center Forward,54.2,64.8,,,0.670224,False,,,,,,,False,,,,,,,False,False,left_to_right,False,54.2,64.8,,,False,False,False,False
a12ee924-966c-4f79-8d5c-84b4f520993e,3754266,1343,1,00:40:53.206,40,53,3,Dispossessed,83,31,Crystal Palace,From Throw In,31,Crystal Palace,3277.0,Yohan Cabaye,Right Defensive Midfield,63.5,19.2,,,0.0,True,,,,,,,False,,,,,,,False,False,left_to_right,False,63.5,19.2,,,False,False,False,True
bc2e06e7-5614-4f1a-9a8f-f51d4740e3ea,3754266,1344,1,00:40:53.206,40,53,4,Duel,84,23,Watford,Regular Play,23,Watford,5458.0,Odion Jude Ighalo,Left Center Forward,56.6,60.9,,,0.0,True,,,,,,,False,,,,,,,False,False,left_to_right,False,56.6,60.9,,,False,False,False,False
d945a467-ba0f-4513-afba-e6c5ed2e8917,3754266,1345,1,00:40:53.206,40,53,43,Carry,84,23,Watford,Regular Play,23,Watford,5458.0,Odion Jude Ighalo,Left Center Forward,56.6,60.9,71.4,60.3,2.821302,True,,,,,,,False,,,,,,,False,False,left_to_right,False,56.6,60.9,71.4,60.3,False,False,False,False
d6f73644-067d-4167-85d1-5d7dd93d436d,3754266,1346,1,00:40:55.481,40,55,17,Pressure,84,23,Watford,Regular Play,31,Crystal Palace,43695.0,Brede Hangeland,Left Center Back,48.3,22.4,,,0.466621,False,,,,,,,False,,,,,,,False,False,left_to_right,False,48.3,22.4,,,False,False,False,False
5b373c3c-7492-4a8b-bde6-611ad2ec8760,3754266,1347,1,00:40:56.028,40,56,14,Dribble,84,23,Watford,Regular Play,23,Watford,5458.0,Odion Jude Ighalo,Left Center Forward,71.4,60.3,,,0.0,True,,,,,,,False,,,,,,,False,False,left_to_right,False,71.4,60.3,,,False,False,False,False
fa75e86e-15a7-4a25-a94e-c23304d3c21e,3754266,1348,1,00:40:56.028,40,56,4,Duel,84,23,Watford,Regular Play,31,Crystal Palace,43695.0,Brede Hangeland,Left Center Back,48.7,19.8,,,0.0,True,,,,,,,False,,,,,,,False,False,left_to_right,False,48.7,19.8,,,False,False,False,False
e394e109-5818-47aa-8ceb-c3211e5de0d2,3754266,1349,1,00:40:57.505,40,57,2,Ball Recovery,84,23,Watford,Regular Play,23,Watford,5458.0,Odion Jude Ighalo,Left Center Forward,78.7,63.5,,,0.0,False,,,,,,,False,,,,,,,False,False,left_to_right,False,78.7,63.5,,,False,False,False,False
7faf02cb-5c90-4dc2-931b-f3d4984ec537,3754266,1350,1,00:40:57.505,40,57,43,Carry,84,23,Watford,Regular Play,23,Watford,5458.0,Odion Jude Ighalo,Left Center Forward,78.7,63.5,78.3,64.8,1.050996,True,,,,,,,False,,,,,,,False,False,left_to_right,False,78.7,63.5,78.3,64.8,False,False,False,False
1bcdc162-806e-4a56-8403-81d1854b02e8,3754266,1351,1,00:40:57.535,40,57,17,Pressure,84,23,Watford,Regular Play,31,Crystal Palace,3277.0,Yohan Cabaye,Right Defensive Midfield,41.0,13.6,,,0.86944,False,,,,,,,False,,,,,,,False,False,left_to_right,False,41.0,13.6,,,False,False,False,False
43bb31b9-c511-4ddc-b302-b74c2ca69c8e,3754266,1352,1,00:40:58.556,40,58,30,Pass,84,23,Watford,Regular Play,23,Watford,5458.0,Odion Jude Ighalo,Left Center Forward,78.3,64.8,75.6,53.0,1.527439,False,,,,,,,True,12.104958,-1.7957376,Ground Pass,,3626.0,Ben Watson,False,False,left_to_right,False,78.3,64.8,75.6,53.0,False,False,False,False
aa14ddee-ba41-4e65-bfb2-e99866721694,3754266,1353,1,00:41:00.084,41,0,42,Ball Receipt*,84,23,Watford,Regular Play,23,Watford,3626.0,Ben Watson,Left Center Midfield,75.6,53.0,,,,False,,,,,,,False,,,,,,,False,False,left_to_right,False,75.6,53.0,,,False,False,False,False
72759606-8430-4209-871e-9de54053f65f,3754266,1354,1,00:41:00.084,41,0,30,Pass,84,23,Watford,Regular Play,23,Watford,3626.0,Ben Watson,Left Center Midfield,74.7,53.3,89.5,23.3,1.959264,False,,,,,,,True,33.452057,-1.1124963,Ground Pass,,6870.0,José Manuel Jurado Marín,False,False,left_to_right,False,74.7,53.3,89.5,23.3,False,True,True,False
8ab73338-9150-4036-bf25-cd1711642654,3754266,1355,1,00:41:02.043,41,2,42,Ball Receipt*,84,23,Watford,Regular Play,23,Watford,6870.0,José Manuel Jurado Marín,Left Midfield,89.5,23.3,,,,False,,,,,,,False,,,,,,,False,False,left_to_right,False,89.5,23.3,,,False,False,False,False
aa7100b3-d6e5-4e73-b766-ff35cd79806e,3754266,1356,1,00:41:02.043,41,2,43,Carry,84,23,Watford,Regular Play,23,Watford,6870.0,José Manuel Jurado Marín,Left Midfield,89.5,23.3,95.7,24.5,1.57701,False,,,,,,,False,,,,,,,False,False,left_to_right,False,89.5,23.3,95.7,24.5,False,False,False,False
90435dac-8ed6-455f-9714-c83e743a6d37,3754266,1357,1,00:41:03.620,41,3,30,Pass,84,23,Watford,Regular Play,23,Watford,6870.0,José Manuel Jurado Marín,Left Midfield,95.7,24.5,112.4,22.7,1.298927,False,,,,,,,True,16.796726,-0.10736992,Ground Pass,,40118.0,Ikechi Anya,False,False,left_to_right,False,95.7,24.5,112.4,22.7,False,True,False,False
fc25911c-2254-4a10-a065-700de6576e9a,3754266,1358,1,00:41:04.919,41,4,42,Ball Receipt*,84,23,Watford,Regular Play,23,Watford,40118.0,Ikechi Anya,Left Back,112.4,22.7,,,,False,,,,,,,False,,,,,,,False,False,left_to_right,False,112.4,22.7,,,False,False,False,False
4008bf48-92c0-4f0c-805c-5f8356bd59f2,3754266,1359,1,00:41:04.919,41,4,43,Carry,84,23,Watford,Regular Play,23,Watford,40118.0,Ikechi Anya,Left Back,112.4,22.7,111.5,22.7,0.040000003,False,,,,,,,False,,,,,,,False,False,left_to_right,False,112.4,22.7,111.5,22.7,False,False,False,False
13c8d3c6-0196-4402-9d4d-1cd931d53329,3754266,1360,1,00:41:04.959,41,4,30,Pass,84,23,Watford,Regular Play,23,Watford,40118.0,Ikechi Anya,Left Back,111.5,22.7,112.4,38.0,0.884015,False,,,,,,Incomplete,False,15.3264475,1.5120405,Ground Pass,,5458.0,Odion Jude Ighalo,False,False,left_to_right,False,111.5,22.7,112.4,38.0,False,True,False,True
16bdde4f-f27b-4f68-bcd9-5c9e535c4f80,3754266,1361,1,00:41:05.843,41,5,42,Ball Receipt*,84,23,Watford,Regular Play,23,Watford,5458.0,Odion Jude Ighalo,Left Center Forward,111.1,40.8,,,,False,,,,,,,False,,,,,,,False,False,left_to_right,False,111.1,40.8,,,False,False,False,False
dc059b75-207c-453a-8f92-5939ade1ba50,3754266,1362,1,00:41:05.843,41,5,9,Clearance,84,23,Watford,Regular Play,31,Crystal Palace,43695.0,Brede Hangeland,Left Center Back,7.7,42.1,,,0.0,True,,,,,,,False,,,,,,,False,False,left_to_right,False,7.7,42.1,,,False,False,False,False
4b98dd15-eb15-4584-9d64-57888f084bc8,3754266,1363,1,00:41:07.296,41,7,17,Pressure,84,23,Watford,Regular Play,23,Watford,6870.0,José Manuel Jurado Marín,Left Midfield,104.5,24.1,,,1.327079,False,,,,,,,False,,,,,,,False,False,left_to_right,False,104.5,24.1,,,False,False,False,False
23a66ea1-8d9b-4ab1-a028-8aa98752ffce,3754266,1364,1,00:41:08.067,41,8,17,Pressure,84,23,Watford,Regular Play,31,Crystal Palace,19688.0,Jason Puncheon,Right Wing,21.6,57.0,,,0.677815,True,,,,,,,False,,,,,,,False,False,left_to_right,False,21.6,57.0,,,False,False,False,False
3017883c-24a2-426b-8c31-47b29751ee9a,3754266,1365,1,00:41:10.852,41,10,30,Pass,84,23,Watford,Regular Play,23,Watford,6870.0,José Manuel Jurado Marín,Left Midfield,86.1,1.8,77.0,13.4,1.715788,False,,,,,,,True,14.743473,2.2360036,Ground Pass,Recovery,3626.0,Ben Watson,False,False,left_to_right,False,86.1,1.8,77.0,13.4,False,False,False,False
a965b840-0753-4e92-9205-86a6722400c4,3754266,1366,1,00:41:12.229,41,12,17,Pressure,84,23,Watford,Regular Play,31,Crystal Palace,3469.0,Bakary Sako,Center Attacking Midfield,44.8,68.6,,,0.419994,False,,,,,,,False,,,,,,,False,False,left_to_right,False,44.8,68.6,,,False,False,False,False
3c6b3d0f-13db-464d-92bf-9307a661634d,3754266,1367,1,00:41:12.567,41,12,42,Ball Receipt*,84,23,Watford,Regular Play,23,Watford,3626.0,Ben Watson,Left Center Midfield,77.0,13.4,,,,True,,,,,,,False,,,,,,,False,False,left_to_right,False,77.0,13.4,,,False,False,False,False
f5bcb993-d539-48d5-805e-4fbe8e3363db,3754266,1368,1,00:41:12.567,41,12,43,Carry,84,23,Watford,Regular Play,23,Watford,3626.0,Ben Watson,Left Center Midfield,77.0,13.4,77.7,13.4,0.192076,True,,,,,,,False,,,,,,,False,False,left_to_right,False,77.0,13.4,77.7,13.4,False,False,False,False
92249494-33c4-4806-aab4-210b46b4c297,3754266,1369,1,00:41:12.760,41,12,39,Dribbled Past,84,23,Watford,Regular Play,31,Crystal Palace,3469.0,Bakary Sako,Center Attacking Midfield,42.4,66.7,,,0.0,False,,,,,,,False,,,,,,,False,False,left_to_right,False,42.4,66.7,,,False,False,False,False
2885e706-601b-4a4e-9209-37ab39675c45,3754266,1370,1,00:41:12.760,41,12,14,Dribble,84,23,Watford,Regular Play,23,Watford,3626.0,Ben Watson,Left Center Midfield,77.7,13.4,,,0.0,True,,,,,,,False,,,,,,,False,False,left_to_right,False,77.7,13.4,,,False,False,False,False
81e9a862-e523-47d1-beda-b1a3ccaa4e6b,3754266,1371,1,00:41:12.760,41,12,43,Carry,84,23,Watford,Regular Play,23,Watford,3626.0,Ben Watson,Left Center Midfield,77.7,13.4,70.3,3.5,1.95026,True,,,,,,,False,,,,,,,False,False,left_to_right,False,77.7,13.4,70.3,3.5,False,False,False,False
ba6dfa2e-4849-4dfb-9e82-27e282a60d25,3754266,1372,1,00:41:14.710,41,14,30,Pass,84,23,Watford,Regular Play,23,Watford,3626.0,Ben Watson,Left Center Midfield,70.3,3.5,54.0,12.9,2.33762,False,,,,,,,True,18.816216,2.6184914,Ground Pass,,3263.0,Craig Cathcart,False,False,left_to_right,False,70.3,3.5,54.0,12.9,False,False,False,False
b3bd0d51-e1b4-4129-acfa-15fe808cc6df,3754266,1373,1,00:41:17.047,41,17,42,Ball Receipt*,84,23,Watford,Regular Play,23,Watford,3263.0,Craig Cathcart,Left Center Back,54.0,12.9,,,,False,,,,,,,False,,,,,,,False,False,left_to_right,False,54.0,12.9,,,False,False,False,False
14a360e6-ed36-4844-9e58-59a7c62bb45e,3754266,1374,1,00:41:17.047,41,17,43,Carry,84,23,Watford,Regular Play,23,Watford,3263.0,Craig Cathcart,Left Center Back,54.0,12.9,55.0,19.9,1.563347,False,,,,,,,False,,,,,,,False,False,left_to_right,False,54.0,12.9,55.0,19.9,False,False,False,False
b6ebefc2-d08a-4e75-9873-814162fc5134,3754266,1375,1,00:41:18.611,41,18,30,Pass,84,23,Watford,Regular Play,23,Watford,3263.0,Craig Cathcart,Left Center Back,55.0,19.9,42.9,47.2,2.471427,False,,,,,,,True,29.861347,1.9880006,Ground Pass,,3309.0,Sebastian Prödl,False,False,left_to_right,False,55.0,19.9,42.9,47.2,False,False,False,False
52137e6d-27d3-4be2-9a49-ad14ba56ebc8,3754266,1376,1,00:41:21.082,41,21,42,Ball Receipt*,84,23,Watford,Regular Play,23,Watford,3309.0,Sebastian Prödl,Right Center Back,42.9,47.2,,,,False,,,,,,,False,,,,,,,False,False,left_to_right,False,42.9,47.2,,,False,False,False,False
526cad9f-e441-4ef0-8cdb-21394190b26a,3754266,1377,1,00:41:21.082,41,21,30,Pass,84,23,Watford,Regular Play,23,Watford,3309.0,Sebastian Prödl,Right Center Back,43.1,48.7,52.3,74.6,1.92377,False,,,,,,,True,27.48545,1.2294855,Ground Pass,,3991.0,Allan Romeo Nyom,False,False,left_to_right,False,43.1,48.7,52.3,74.6,False,False,False,False
d05dd035-1ec5-4c30-97bb-04fa8fca91fd,3754266,1378,1,00:41:23.006,41,23,42,Ball Receipt*,84,23,Watford,Regular Play,23,Watford,3991.0,Allan Romeo Nyom,Right Back,52.3,74.6,,,,False,,,,,,,False,,,,,,,False,False,left_to_right,False,52.3,74.6,,,False,False,False,False
d5923db7-4ecf-41c2-83ca-9e89ee775bc7,3754266,1379,1,00:41:23.006,41,23,30,Pass,84,23,Watford,Regular Play,23,Watford,3991.0,Allan Romeo Nyom,Right Back,50.5,73.9,41.8,62.1,2.251774,False,,,,,,,True,14.660491,-2.2061121,Ground Pass,,3309.0,Sebastian Prödl,False,False,left_to_right,False,50.5,73.9,41.8,62.1,False,False,False,False
c4c19d76-e245-4522-a917-ce3af7299f83,3754266,1380,1,00:41:25.258,41,25,42,Ball Receipt*,84,23,Watford,Regular Play,23,Watford,3309.0,Sebastian Prödl,Right Center Back,41.8,62.1,,,,False,,,,,,,False,,,,,,,False,False,left_to_right,False,41.8,62.1,,,False,False,False,False
ae54741e-7636-4240-b48b-37fb905c4b44,3754266,1381,1,00:41:25.258,41,25,43,Carry,84,23,Watford,Regular Play,23,Watford,3309.0,Sebastian Prödl,Right Center Back,41.8,62.1,42.7,64.1,2.470975,False,,,,,,,False,,,,,,,False,False,left_to_right,False,41.8,62.1,42.7,64.1,False,False,False,False
4d84a987-0b74-40a2-8bc2-cb2304c3f113,3754266,1382,1,00:41:27.729,41,27,30,Pass,84,23,Watford,Regular Play,23,Watford,3309.0,Sebastian Prödl,Right Center Back,42.7,64.1,47.7,50.1,2.044837,False,,,,,,,True,14.866069,-1.2277724,Ground Pass,,3721.0,Etienne Capoue,False,False,left_to_right,False,42.7,64.1,47.7,50.1,False,False,False,False
ea7d40ec-605d-4c41-9bef-6b375d3563b1,3754266,1383,1,00:41:29.774,41,29,42,Ball Receipt*,84,23,Watford,Regular Play,23,Watford,3721.0,Etienne Capoue,Right Center Midfield,47.7,50.1,,,,False,,,,,,,False,,,,,,,False,False,left_to_right,False,47.7,50.1,,,False,False,False,False
05df6072-9b43-422b-a353-4a0757325fcb,3754266,1384,1,00:41:29.774,41,29,43,Carry,84,23,Watford,Regular Play,23,Watford,3721.0,Etienne Capoue,Right Center Midfield,47.7,50.1,46.2,41.8,0.831569,False,,,,,,,False,,,,,,,False,False,left_to_right,False,47.7,50.1,46.2,41.8,False,False,False,False
4649c3ed-b8a2-49cf-80ec-0f6d32de7458,3754266,1385,1,00:41:30.605,41,30,30,Pass,84,23,Watford,Regular Play,23,Watford,3721.0,Etienne Capoue,Right Center Midfield,46.2,41.8,55.4,14.3,2.099012,False,,,,,,,True,28.998104,-1.2479552,Ground Pass,,3626.0,Ben Watson,False,False,left_to_right,False,46.2,41.8,55.4,14.3,False,False,False,False
2f04d78c-c27c-4d0b-b40f-0a103848ad8e,3754266,1386,1,00:41:32.704,41,32,42,Ball Receipt*,84,23,Watford,Regular Play,23,Watford,3626.0,Ben Watson,Left Center Midfield,55.4,14.3,,,,False,,,,,,,False,,,,,,,False,False,left_to_right,False,55.4,14.3,,,False,False,False,False
be827991-a504-4e3f-9784-b7ae874d45be,3754266,1387,1,00:41:32.704,41,32,43,Carry,84,23,Watford,Regular Play,23,Watford,3626.0,Ben Watson,Left Center Midfield,55.4,14.3,60.6,11.6,2.904624,False,,,,,,,False,,,,,,,False,False,left_to_right,False,55.4,14.3,60.6,11.6,False,False,False,False
a37488a3-3e72-43d4-aba0-8214171303e0,3754266,1388,1,00:41:35.609,41,35,30,Pass,84,23,Watford,Regular Play,23,Watford,3626.0,Ben Watson,Left Center Midfield,60.6,11.6,84.9,18.8,0.75705,False,,,,,,,True,25.34423,0.28805545,Low Pass,,6870.0,José Manuel Jurado Marín,False,False,left_to_right,False,60.6,11.6,84.9,18.8,False,True,True,False
8103f82f-c8c9-415d-a837-f9bd7518e05d,3754266,1389,1,00:41:36.366,41,36,42,Ball Receipt*,84,23,Watford,Regular Play,23,Watford,6870.0,José Manuel Jurado Marín,Left Midfield,84.9,18.8,,,,False,,,,,,,False,,,,,,,False,False,left_to_right,False,84.9,18.8,,,False,False,False,False
1b4d62e9-7a25-4366-9715-08026e1d7456,3754266,1390,1,00:41:36.366,41,36,43,Carry,84,23,Watford,Regular Play,23,Watford,6870.0,José Manuel Jurado Marín,Left Midfield,84.9,18.8,84.3,19.2,0.100581,False,,,,,,,False,,,,,,,False,False,left_to_right,False,84.9,18.8,84.3,19.2,False,False,False,False
0ac20bd5-fae5-469e-9694-19213b3d2ff5,3754266,1391,1,00:41:36.466,41,36,38,Miscontrol,84,23,Watford,Regular Play,23,Watford,6870.0,José Manuel Jurado Marín,Left Midfield,84.3,19.2,,,0.0,False,,,,,,,False,,,,,,,False,False,left_to_right,False,84.3,19.2,,,False,False,False,True
5add5096-a014-4e25-815a-a627e897d738,3754266,1392,1,00:41:38.087,41,38,17,Pressure,84,23,Watford,Regular Play,23,Watford,6870.0,José Manuel Jurado Marín,Left Midfield,80.0,23.9,,,1.675314,False,,,,,,,False,,,,,,,False,False,left_to_right,False,80.0,23.9,,,False,False,False,False
dfd564a8-3416-430f-bfb6-d85f3292586f,3754266,1393,1,00:41:38.812,41,38,2,Ball Recovery,85,31,Crystal Palace,Regular Play,31,Crystal Palace,19688.0,Jason Puncheon,Right Wing,42.0,55.0,,,0.0,True,,,,,,,False,,,,,,,False,False,left_to_right,False,42.0,55.0,,,False,False,False,False
5adf024e-dabf-4154-ab9e-a4f4baef07bb,3754266,1394,1,00:41:38.812,41,38,43,Carry,85,31,Crystal Palace,Regular Play,31,Crystal Palace,19688.0,Jason Puncheon,Right Wing,42.0,55.0,42.4,52.6,0.576163,True,,,,,,,False,,,,,,,False,False,left_to_right,False,42.0,55.0,42.4,52.6,False,False,False,False
f140fd22-c1b9-47ff-82f0-87aa2b0cbff3,3754266,1395,1,00:41:39.388,41,39,22,Foul Committed,85,31,Crystal Palace,Regular Play,23,Watford,6870.0,José Manuel Jurado Marín,Left Midfield,77.7,27.5,,,0.0,False,,,,,,,False,,,,,,,False,False,left_to_right,False,77.7,27.5,,,False,False,False,False
6f963cf8-3599-4927-9e9a-47d513d9731b,3754266,1396,1,00:41:39.388,41,39,21,Foul Won,85,31,Crystal Palace,Regular Play,31,Crystal Palace,19688.0,Jason Puncheon,Right Wing,42.4,52.6,,,0.0,True,,,,,,,False,,,,,,,False,False,left_to_right,False,42.4,52.6,,,False,False,False,False
b45017b7-c5a4-4dee-bf12-3afa0faa5789,3754266,1397,1,00:41:39.388,41,39,43,Carry,85,31,Crystal Palace,Regular Play,31,Crystal Palace,19688.0,Jason Puncheon,Right Wing,42.4,52.6,56.4,33.8,3.883368,True,,,,,,,False,,,,,,,False,False,left_to_right,False,42.4,52.6,56.4,33.8,False,False,False,False
68318dd1-a484-4897-a7e4-3213a20ed630,3754266,1398,1,00:41:43.271,41,43,30,Pass,85,31,Crystal Palace,Regular Play,31,Crystal Palace,19688.0,Jason Puncheon,Right Wing,56.4,33.8,79.1,64.3,2.000454,False,,,,,,Incomplete,False,38.020256,0.93097746,High Pass,,,,False,False,left_to_right,False,56.4,33.8,79.1,64.3,False,True,False,True
62083232-d27d-4f99-b6df-ab7ce09eb417,3754266,1399,1,00:41:45.272,41,45,30,Pass,85,31,Crystal Palace,Regular Play,23,Watford,3626.0,Ben Watson,Left Center Midfield,41.0,15.8,56.4,9.4,1.893952,False,,,,,,Incomplete,False,16.67693,-0.39386863,Low Pass,Recovery,40118.0,Ikechi Anya,False,False,left_to_right,False,41.0,15.8,56.4,9.4,False,False,False,True
40ac57db-dd7f-4241-b28c-b29cf5f4cd22,3754266,1400,1,00:41:47.165,41,47,42,Ball Receipt*,85,31,Crystal Palace,Regular Play,23,Watford,40118.0,Ikechi Anya,Left Back,56.1,13.0,,,,False,,,,,,,False,,,,,,,False,False,left_to_right,False,56.1,13.0,,,False,False,False,False
dd7941ee-a5c8-442d-a371-ba62f25af93d,3754266,1401,1,00:41:47.165,41,47,30,Pass,85,31,Crystal Palace,Regular Play,31,Crystal Palace,3448.0,Martin Kelly,Right Back,63.7,70.7,85.7,79.1,2.479227,False,,,,,,Out,False,23.549097,0.36473483,High Pass,Recovery,3469.0,Bakary Sako,False,False,left_to_right,False,63.7,70.7,85.7,79.1,False,False,True,True
6b1f885a-a432-4e2d-a414-a9a9a643dbb2,3754266,1402,1,00:41:49.645,41,49,42,Ball Receipt*,85,31,Crystal Palace,Regular Play,31,Crystal Palace,3469.0,Bakary Sako,Center Attacking Midfield,79.8,68.6,,,,False,,,,,,,False,,,,,,,False,False,left_to_right,False,79.8,68.6,,,False,False,False,False
356e4534-89c6-418e-84a0-913ea8dd9be9,3754266,1403,1,00:41:58.038,41,58,30,Pass,86,23,Watford,From Throw In,23,Watford,40118.0,Ikechi Anya,Left Back,37.9,0.1,66.1,9.2,1.434308,False,,,,,,Incomplete,False,29.631908,0.31214574,High Pass,Throw-in,,,False,False,left_to_right,False,37.9,0.1,66.1,9.2,False,True,False,True
7f3ab3cb-bd7e-4a36-9749-fe248c9d5a70,3754266,1404,1,00:41:59.472,41,59,30,Pass,86,23,Watford,From Throw In,31,Crystal Palace,3448.0,Martin Kelly,Right Back,54.0,70.9,70.1,67.1,1.104188,False,,,,,,Incomplete,False,16.54237,-0.23178294,High Pass,Recovery,,,False,False,left_to_right,False,54.0,70.9,70.1,67.1,False,False,False,True
b4e2766c-c121-4a97-8449-3e42ea8e60d8,3754266,1405,1,00:42:00.576,42,0,30,Pass,86,23,Watford,From Throw In,23,Watford,3626.0,Ben Watson,Left Center Midfield,50.0,13.0,62.0,15.0,1.656227,False,,,,,,Incomplete,False,12.165525,0.16514868,High Pass,Recovery,3454.0,Troy Deeney,False,False,left_to_right,False,50.0,13.0,62.0,15.0,False,False,False,True
d11a2a39-5007-42a0-832d-0b05ad8b6d9a,3754266,1406,1,00:42:02.232,42,2,42,Ball Receipt*,86,23,Watford,From Throw In,23,Watford,3454.0,Troy Deeney,Right Center Forward,65.7,11.1,,,,False,,,,,,,False,,,,,,,False,False,left_to_right,False,65.7,11.1,,,False,False,False,False
691422f2-d1b1-4124-8a02-b9be5a310229,3754266,1407,1,00:42:02.232,42,2,30,Pass,86,23,Watford,From Throw In,31,Crystal Palace,4817.0,Joe Ledley,Left Defensive Midfield,58.1,65.1,67.5,51.6,1.497141,False,,,,,,,True,16.450228,-0.9625604,High Pass,Recovery,3469.0,Bakary Sako,False,False,left_to_right,False,58.1,65.1,67.5,51.6,False,False,False,False
db44b50a-6688-493b-b893-83e8eba40b6e,3754266,1408,1,00:42:03.568,42,3,17,Pressure,86,23,Watford,From Throw In,23,Watford,43081.0,Almen Abdi,Right Midfield,50.9,30.6,,,1.090954,False,,,,,,,False,,,,,,,False,False,left_to_right,False,50.9,30.6,,,False,False,False,False
86461691-2ef5-4b56-8dcd-35103f3a8747,3754266,1409,1,00:42:03.730,42,3,42,Ball Receipt*,86,23,Watford,From Throw In,31,Crystal Palace,3469.0,Bakary Sako,Center Attacking Midfield,67.5,51.6,,,,True,,,,,,,False,,,,,,,False,False,left_to_right,False,67.5,51.6,,,False,False,False,False
c82db689-854e-4238-a5b5-a8fa6d9ffb02,3754266,1410,1,00:42:03.730,42,3,43,Carry,86,23,Watford,From Throw In,31,Crystal Palace,3469.0,Bakary Sako,Center Attacking Midfield,67.5,51.6,71.1,51.4,0.82317,True,,,,,,,False,,,,,,,False,False,left_to_right,False,67.5,51.6,71.1,51.4,False,False,False,False
c060341c-7d04-437a-ba93-c6df04b98f3f,3754266,1411,1,00:42:04.553,42,4,38,Miscontrol,86,23,Watford,From Throw In,31,Crystal Palace,3469.0,Bakary Sako,Center Attacking Midfield,71.1,51.4,,,0.0,True,,,,,,,False,,,,,,,False,False,left_to_right,False,71.1,51.4,,,False,False,False,True
2faa98c4-5856-4fe6-a02c-c3fd7e4d785e,3754266,1412,1,00:42:04.933,42,4,2,Ball Recovery,86,23,Watford,From Throw In,23,Watford,43081.0,Almen Abdi,Right Midfield,48.7,30.7,,,0.0,False,,,,,,,False,,,,,,,False,False,left_to_right,False,48.7,30.7,,,False,False,False,False
dc73414b-71d1-4606-9489-437156adb423,3754266,1413,1,00:42:04.933,42,4,43,Carry,86,23,Watford,From Throw In,23,Watford,43081.0,Almen Abdi,Right Midfield,48.7,30.7,42.5,43.8,1.570391,True,,,,,,,False,,,,,,,False,False,left_to_right,False,48.7,30.7,42.5,43.8,False,False,False,False
4ed684b9-7932-499a-9c84-f551f6f7aa6f,3754266,1414,1,00:42:04.978,42,4,17,Pressure,86,23,Watford,From Throw In,31,Crystal Palace,3469.0,Bakary Sako,Center Attacking Midfield,73.8,42.5,,,1.595484,False,,,,,,,False,,,,,,,False,False,left_to_right,False,73.8,42.5,,,False,False,False,False
a8d8f662-a9d9-4591-ac47-447d0b810da3,3754266,1415,1,00:42:06.503,42,6,22,Foul Committed,86,23,Watford,From Throw In,31,Crystal Palace,3469.0,Bakary Sako,Center Attacking Midfield,77.6,36.3,,,0.0,False,,,,,,,False,,,,,,,False,False,left_to_right,False,77.6,36.3,,,False,False,False,False
b4d8d4c2-6cb0-4853-b120-1abaa81c1530,3754266,1416,1,00:42:06.503,42,6,21,Foul Won,86,23,Watford,From Throw In,23,Watford,43081.0,Almen Abdi,Right Midfield,42.5,43.8,,,0.0,True,,,,,,,False,,,,,,,False,False,left_to_right,False,42.5,43.8,,,False,False,False,False
fa4a3ffc-9145-4d07-af25-3bf52d6a97d8,3754266,1417,1,00:42:51.651,42,51,30,Pass,87,23,Watford,From Free Kick,23,Watford,3522.0,Heurelho da Silva Gomes,Goalkeeper,38.0,45.6,98.5,22.9,3.363279,False,,,,,,,True,64.618416,-0.3589518,High Pass,Free Kick,3454.0,Troy Deeney,False,False,left_to_right,False,38.0,45.6,98.5,22.9,False,True,True,False
9e2a0765-3cd9-476a-8b6b-15819ffd32bd,3754266,1418,1,00:42:55.015,42,55,42,Ball Receipt*,87,23,Watford,From Free Kick,23,Watford,3454.0,Troy Deeney,Right Center Forward,98.5,22.9,,,,False,,,,,,,False,,,,,,,False,False,left_to_right,False,98.5,22.9,,,False,False,False,False
62b5a73b-dbbe-44e7-9a9d-759bcd53b434,3754266,1419,1,00:42:55.015,42,55,4,Duel,87,23,Watford,From Free Kick,31,Crystal Palace,3407.0,Scott Dann,Right Center Back,21.6,57.0,,,0.0,True,,,,,,,False,,,,,,,False,False,left_to_right,False,21.6,57.0,,,False,False,False,False
4a834125-4198-4c30-b860-1e7a1b421ccb,3754266,1420,1,00:42:55.015,42,55,30,Pass,87,23,Watford,From Free Kick,23,Watford,3454.0,Troy Deeney,Right Center Forward,98.5,23.1,100.4,29.9,1.225686,True,,,,,,Incomplete,False,7.0604534,1.2983332,High Pass,,5458.0,Odion Jude Ighalo,False,False,left_to_right,False,98.5,23.1,100.4,29.9,False,False,False,True
1047d2eb-b004-4952-9ef0-aad348856b57,3754266,1421,1,00:42:56.240,42,56,42,Ball Receipt*,87,23,Watford,From Free Kick,23,Watford,5458.0,Odion Jude Ighalo,Left Center Forward,102.0,29.6,,,,False,,,,,,,False,,,,,,,False,False,left_to_right,False,102.0,29.6,,,False,False,False,False
10de86b1-48c5-4287-aca7-cff9520b54af,3754266,1422,1,00:42:56.240,42,56,4,Duel,87,23,Watford,From Free Kick,23,Watford,5458.0,Odion Jude Ighalo,Left Center Forward,100.4,29.9,,,0.0,True,,,,,,,False,,,,,,,False,False,left_to_right,False,100.4,29.9,,,False,False,False,False
00ab3629-37ac-4cad-8a4f-3895cd6ad74b,3754266,1423,1,00:42:56.240,42,56,9,Clearance,87,23,Watford,From Free Kick,31,Crystal Palace,43695.0,Brede Hangeland,Left Center Back,19.7,50.2,,,0.0,True,,,,,,,False,,,,,,,False,False,left_to_right,False,19.7,50.2,,,False,False,False,False
9f132c58-7e40-496a-a1e4-f11b9adc9e87,3754266,1424,1,00:42:58.115,42,58,30,Pass,87,23,Watford,From Free Kick,23,Watford,3721.0,Etienne Capoue,Right Center Midfield,86.0,31.1,91.2,46.8,0.869392,False,,,,,,,True,16.538742,1.2509578,Low Pass,Recovery,43081.0,Almen Abdi,False,False,left_to_right,False,86.0,31.1,91.2,46.8,False,False,False,False
f15ef444-7fdb-44ec-b122-a91c3c91103e,3754266,1425,1,00:42:58.984,42,58,42,Ball Receipt*,87,23,Watford,From Free Kick,23,Watford,43081.0,Almen Abdi,Right Midfield,91.2,46.8,,,,False,,,,,,,False,,,,,,,False,False,left_to_right,False,91.2,46.8,,,False,False,False,False
793121cc-fa96-4707-863f-10f3468fb6c7,3754266,1426,1,00:42:58.984,42,58,43,Carry,87,23,Watford,From Free Kick,23,Watford,43081.0,Almen Abdi,Right Midfield,91.2,46.8,84.6,45.6,1.448687,True,,,,,,,False,,,,,,,False,False,left_to_right,False,91.2,46.8,84.6,45.6,False,False,False,False
2486c6f0-9d4c-4ebe-9b3c-9b1a96010e81,3754266,1427,1,00:42:59.241,42,59,17,Pressure,87,23,Watford,From Free Kick,31,Crystal Palace,3277.0,Yohan Cabaye,Right Defensive Midfield,29.3,35.9,,,1.176608,False,,,,,,,False,,,,,,,False,False,left_to_right,False,29.3,35.9,,,False,False,False,False
7ec830a5-0137-4d79-9529-5de19b3243d4,3754266,1428,1,00:43:00.433,43,0,30,Pass,87,23,Watford,From Free Kick,23,Watford,43081.0,Almen Abdi,Right Midfield,84.6,45.6,79.0,34.8,1.377141,False,,,,,,,True,12.165525,-2.0491488,Ground Pass,,3626.0,Ben Watson,False,False,left_to_right,False,84.6,45.6,79.0,34.8,False,False,False,False
eecfbad9-9d09-4827-9dd1-0adda68e81e2,3754266,1429,1,00:43:01.810,43,1,42,Ball Receipt*,87,23,Watford,From Free Kick,23,Watford,3626.0,Ben Watson,Left Center Midfield,79.0,34.8,,,,False,,,,,,,False,,,,,,,False,False,left_to_right,False,79.0,34.8,,,False,False,False,False
dbcead58-86a6-4db3-b8be-d98560014053,3754266,1430,1,00:43:01.810,43,1,43,Carry,87,23,Watford,From Free Kick,23,Watford,3626.0,Ben Watson,Left Center Midfield,79.0,34.8,76.7,30.7,1.128542,False,,,,,,,False,,,,,,,False,False,left_to_right,False,79.0,34.8,76.7,30.7,False,False,False,False
fdc6e5ff-e391-40a5-a6d9-a229310a4bf4,3754266,1431,1,00:43:02.938,43,2,30,Pass,87,23,Watford,From Free Kick,23,Watford,3626.0,Ben Watson,Left Center Midfield,76.7,30.7,82.5,43.6,0.908412,False,,,,,,,True,14.143904,1.1482648,Ground Pass,,43081.0,Almen Abdi,False,False,left_to_right,False,76.7,30.7,82.5,43.6,False,False,True,False
ee647c3f-bc73-4f21-b663-f659bd9c1d46,3754266,1432,1,00:43:03.847,43,3,42,Ball Receipt*,87,23,Watford,From Free Kick,23,Watford,43081.0,Almen Abdi,Right Midfield,82.5,43.6,,,,False,,,,,,,False,,,,,,,False,False,left_to_right,False,82.5,43.6,,,False,False,False,False
a2ffb068-b43d-4b3d-b23e-ec00e6b67f6a,3754266,1433,1,00:43:03.847,43,3,43,Carry,87,23,Watford,From Free Kick,23,Watford,43081.0,Almen Abdi,Right Midfield,82.5,43.6,85.2,45.6,1.425959,True,,,,,,,False,,,,,,,False,False,left_to_right,False,82.5,43.6,85.2,45.6,False,False,False,False
2db60b0c-2755-4fc3-9088-3326aed09b08,3754266,1434,1,00:43:04.380,43,4,17,Pressure,87,23,Watford,From Free Kick,31,Crystal Palace,3277.0,Yohan Cabaye,Right Defensive Midfield,35.9,38.3,,,0.881636,False,,,,,,,False,,,,,,,False,False,left_to_right,False,35.9,38.3,,,False,False,False,False
afc8f6ca-36ca-453f-bf03-e2c41d8c5141,3754266,1435,1,00:43:05.273,43,5,14,Dribble,87,23,Watford,From Free Kick,23,Watford,43081.0,Almen Abdi,Right Midfield,85.2,45.6,,,0.0,True,,,,,,,False,,,,,,,False,False,left_to_right,False,85.2,45.6,,,False,False,False,False
9fd56fcd-a893-4c3f-8578-921c8df2c363,3754266,1436,1,00:43:05.273,43,5,4,Duel,88,31,Crystal Palace,Regular Play,31,Crystal Palace,3277.0,Yohan Cabaye,Right Defensive Midfield,34.9,34.5,,,0.0,True,,,,,,,False,,,,,,,False,False,left_to_right,False,34.9,34.5,,,False,False,False,False
dedec881-8f50-4ec1-80d5-ac10d621c49e,3754266,1437,1,00:43:07.974,43,7,2,Ball Recovery,88,31,Crystal Palace,Regular Play,31,Crystal Palace,3589.0,Yannick Bolasie Yala,Left Wing,36.8,6.7,,,0.0,False,,,,,,,False,,,,,,,False,False,left_to_right,False,36.8,6.7,,,False,False,False,False
8ae729e9-2aab-40b5-a922-5ae13fa4e97c,3754266,1438,1,00:43:07.974,43,7,43,Carry,88,31,Crystal Palace,Regular Play,31,Crystal Palace,3589.0,Yannick Bolasie Yala,Left Wing,36.8,6.7,56.4,3.1,1.977518,True,,,,,,,False,,,,,,,False,False,left_to_right,False,36.8,6.7,56.4,3.1,False,False,False,False
cc29b506-f34a-404c-a343-6a1fa7e3bfd0,3754266,1439,1,00:43:09.011,43,9,17,Pressure,88,31,Crystal Palace,Regular Play,23,Watford,43081.0,Almen Abdi,Right Midfield,62.6,73.6,,,1.106672,False,,,,,,,False,,,,,,,False,False,left_to_right,False,62.6,73.6,,,False,False,False,False
9c032db3-b014-47c2-b374-352b17f0659e,3754266,1440,1,00:43:09.952,43,9,30,Pass,88,31,Crystal Palace,Regular Play,31,Crystal Palace,3589.0,Yannick Bolasie Yala,Left Wing,56.4,3.1,69.6,9.6,1.166362,True,,,,,,,True,14.713599,0.45756865,Ground Pass,,3469.0,Bakary Sako,True,False,left_to_right,False,56.4,3.1,69.6,9.6,False,False,False,False
505949e9-404f-4d0b-b2e6-ddf95444d2a3,3754266,1441,1,00:43:11.118,43,11,42,Ball Receipt*,88,31,Crystal Palace,Regular Play,31,Crystal Palace,3469.0,Bakary Sako,Center Attacking Midfield,69.6,9.6,,,,False,,,,,,,False,,,,,,,False,False,left_to_right,False,69.6,9.6,,,False,False,False,False
c6d7b5e7-24c0-467e-8bc7-d3a522903ccc,3754266,1442,1,00:43:11.118,43,11,43,Carry,88,31,Crystal Palace,Regular Play,31,Crystal Palace,3469.0,Bakary Sako,Center Attacking Midfield,69.6,9.6,99.2,20.6,4.592268,True,,,,,,,False,,,,,,,False,False,left_to_right,False,69.6,9.6,99.2,20.6,True,False,False,False
8fa10c55-5a70-47fe-8a78-3bd86c96abbb,3754266,1443,1,00:43:13.560,43,13,17,Pressure,88,31,Crystal Palace,Regular Play,23,Watford,3991.0,Allan Romeo Nyom,Right Back,28.5,63.9,,,1.37052,False,,,,,,,False,,,,,,,False,False,left_to_right,False,28.5,63.9,,,False,False,False,False
9e620c2d-3810-44c4-baaa-20042f92b674,3754266,1444,1,00:43:14.768,43,14,17,Pressure,88,31,Crystal Palace,Regular Play,23,Watford,3309.0,Sebastian Prödl,Right Center Back,21.8,62.0,,,0.60076,False,,,,,,,False,,,,,,,False,False,left_to_right,False,21.8,62.0,,,False,False,False,False
f9b9e316-3e4a-43bf-8ab9-1c66a0be0e61,3754266,1445,1,00:43:15.710,43,15,39,Dribbled Past,88,31,Crystal Palace,Regular Play,23,Watford,3309.0,Sebastian Prödl,Right Center Back,20.9,59.5,,,0.0,False,,,,,,,False,,,,,,,False,False,left_to_right,False,20.9,59.5,,,False,False,False,False
d54f938f-69c3-486e-87d4-2c5031ae6b61,3754266,1446,1,00:43:15.710,43,15,14,Dribble,88,31,Crystal Palace,Regular Play,31,Crystal Palace,3469.0,Bakary Sako,Center Attacking Midfield,99.2,20.6,,,0.0,True,,,,,,,False,,,,,,,False,False,left_to_right,False,99.2,20.6,,,False,False,False,False
1ffacb3d-15b7-4a1a-8a76-da81c1053276,3754266,1447,1,00:43:15.710,43,15,43,Carry,88,31,Crystal Palace,Regular Play,31,Crystal Palace,3469.0,Bakary Sako,Center Attacking Midfield,99.2,20.6,105.6,21.5,0.814678,True,,,,,,,False,,,,,,,False,False,left_to_right,False,99.2,20.6,105.6,21.5,False,False,False,False
b4bb3196-ffe8-4fa7-b1d3-5fac860bfa12,3754266,1448,1,00:43:16.525,43,16,16,Shot,88,31,Crystal Palace,Regular Play,31,Crystal Palace,3469.0,Bakary Sako,Center Attacking Midfield,105.6,21.5,106.7,22.8,0.216523,False,0.008809964,Blocked,Left Foot,Normal,Open Play,,False,,,,,,,False,False,left_to_right,False,105.6,21.5,106.7,22.8,False,False,False,False
56009ad6-e554-4e92-879f-9e21bd75e4ec,3754266,1449,1,00:43:16.741,43,16,6,Block,88,31,Crystal Palace,Regular Play,23,Watford,3991.0,Allan Romeo Nyom,Right Back,13.4,57.3,,,0.0,False,,,,,,,False,,,,,,,False,False,left_to_right,False,13.4,57.3,,,False,False,False,False
fd79ec4c-400f-475d-94ab-564c2795c72a,3754266,1450,1,00:43:16.901,43,16,23,Goal Keeper,88,31,Crystal Palace,Regular Play,23,Watford,3522.0,Heurelho da Silva Gomes,Goalkeeper,3.1,44.0,,,0.0,False,,,,,,,False,,,,,,,False,False,left_to_right,False,3.1,44.0,,,False,False,False,False
ff001478-38d9-43d3-8361-d6ca35ee3676,3754266,1451,1,00:43:57.073,43,57,30,Pass,89,31,Crystal Palace,From Corner,31,Crystal Palace,3277.0,Yohan Cabaye,Right Defensive Midfield,120.0,0.1,117.7,36.6,1.451698,False,,,,,,Incomplete,False,36.572395,1.6337268,High Pass,Corner,,,False,False,left_to_right,False,120.0,0.1,117.7,36.6,False,True,False,True
6e1b4009-0ff0-455a-9a28-d3d07b197619,3754266,1452,1,00:43:58.525,43,58,23,Goal Keeper,89,31,Crystal Palace,From Corner,23,Watford,3522.0,Heurelho da Silva Gomes,Goalkeeper,2.4,43.5,,,0.0,False,,,,,,,False,,,,,,,False,False,left_to_right,False,2.4,43.5,,,False,False,False,False
7d8fbc84-c78f-4e49-b053-53dc2773ea1c,3754266,1453,1,00:44:00.030,44,0,2,Ball Recovery,89,31,Crystal Palace,From Corner,31,Crystal Palace,3469.0,Bakary Sako,Center Attacking Midfield,109.0,44.5,,,0.0,False,,,,,,,False,,,,,,,False,False,left_to_right,False,109.0,44.5,,,False,False,False,False
a943cd13-ea2c-41a6-8659-4207492408cd,3754266,1454,1,00:44:00.030,44,0,43,Carry,89,31,Crystal Palace,From Corner,31,Crystal Palace,3469.0,Bakary Sako,Center Attacking Midfield,109.0,44.5,108.4,45.1,0.670493,False,,,,,,,False,,,,,,,False,False,left_to_right,False,109.0,44.5,108.4,45.1,False,False,False,False
66550a0d-be79-407f-b15a-4dccc1cb5eaa,3754266,1455,1,00:44:00.701,44,0,16,Shot,89,31,Crystal Palace,From Corner,31,Crystal Palace,3469.0,Bakary Sako,Center Attacking Midfield,108.4,45.1,110.1,44.8,0.115722,False,0.070846625,Blocked,Left Foot,Half Volley,Open Play,,False,,,,,,,False,False,left_to_right,False,108.4,45.1,110.1,44.8,False,False,False,False
9bb27d72-28db-4fb6-b344-13aa4ead7526,3754266,1456,1,00:44:00.816,44,0,6,Block,89,31,Crystal Palace,From Corner,23,Watford,43081.0,Almen Abdi,Right Midfield,10.0,35.3,,,0.0,False,,,,,,,False,,,,,,,False,False,left_to_right,False,10.0,35.3,,,False,False,False,False
aa0aaee1-f7ce-4d30-8902-adda2f809452,3754266,1457,1,00:44:01.222,44,1,23,Goal Keeper,89,31,Crystal Palace,From Corner,23,Watford,3522.0,Heurelho da Silva Gomes,Goalkeeper,1.9,40.2,,,0.0,False,,,,,,,False,,,,,,,False,False,left_to_right,False,1.9,40.2,,,False,False,False,False
56a92bff-c928-4318-bcb2-282ce8480cca,3754266,1458,1,00:44:01.812,44,1,17,Pressure,89,31,Crystal Palace,From Corner,23,Watford,3454.0,Troy Deeney,Right Center Forward,12.8,34.2,,,1.888631,False,,,,,,,False,,,,,,,False,False,left_to_right,False,12.8,34.2,,,False,False,False,False
62b97f6a-3155-4923-baee-8d1dd55c3d0a,3754266,1459,1,00:44:03.354,44,3,2,Ball Recovery,89,31,Crystal Palace,From Corner,31,Crystal Palace,3469.0,Bakary Sako,Center Attacking Midfield,105.9,54.7,,,0.0,True,,,,,,,False,,,,,,,False,False,left_to_right,False,105.9,54.7,,,False,False,False,False
3be2ff0b-f1b3-4ef0-b2e1-5efb7b7b78a7,3754266,1460,1,00:44:03.354,44,3,43,Carry,89,31,Crystal Palace,From Corner,31,Crystal Palace,3469.0,Bakary Sako,Center Attacking Midfield,105.9,54.7,103.8,56.0,1.242428,True,,,,,,,False,,,,,,,False,False,left_to_right,False,105.9,54.7,103.8,56.0,False,False,False,False
8bcf6ab1-5b0b-477f-bb8e-a47506766441,3754266,1461,1,00:44:04.597,44,4,38,Miscontrol,89,31,Crystal Palace,From Corner,31,Crystal Palace,3469.0,Bakary Sako,Center Attacking Midfield,103.8,56.0,,,0.0,False,,,,,,,False,,,,,,,False,False,left_to_right,False,103.8,56.0,,,False,False,False,True
5b3e5581-bc68-4106-8e7e-7104b7cd7807,3754266,1462,1,00:44:04.706,44,4,17,Pressure,89,31,Crystal Palace,From Corner,31,Crystal Palace,3469.0,Bakary Sako,Center Attacking Midfield,99.6,58.4,,,0.444268,False,,,,,,,False,,,,,,,False,False,left_to_right,False,99.6,58.4,,,False,False,False,False
40df834f-9dd8-4c79-b10b-8c64d675fc26,3754266,1463,1,00:44:05.078,44,5,22,Foul Committed,89,31,Crystal Palace,From Corner,31,Crystal Palace,3469.0,Bakary Sako,Center Attacking Midfield,99.7,60.5,,,0.0,False,,,,,,,False,,,,,,,False,False,left_to_right,False,99.7,60.5,,,False,False,False,False
9622272c-86f0-43d7-a37d-6cda4e3e2bdc,3754266,1464,1,00:44:05.078,44,5,21,Foul Won,89,31,Crystal Palace,From Corner,23,Watford,6870.0,José Manuel Jurado Marín,Left Midfield,20.4,19.6,,,0.0,True,,,,,,,False,,,,,,,False,False,left_to_right,False,20.4,19.6,,,False,False,False,False
cfe24699-f69e-447c-b0e5-05c790e546bb,3754266,1465,1,00:44:44.748,44,44,30,Pass,90,23,Watford,From Free Kick,23,Watford,3522.0,Heurelho da Silva Gomes,Goalkeeper,20.8,17.1,93.0,33.4,3.95823,False,,,,,,,True,74.01709,0.22203939,High Pass,Free Kick,5458.0,Odion Jude Ighalo,False,False,left_to_right,False,20.8,17.1,93.0,33.4,False,True,True,False
cad9892c-f738-4ec0-bdba-c29a2824dfbb,3754266,1466,1,00:44:48.309,44,48,17,Pressure,90,23,Watford,From Free Kick,31,Crystal Palace,43695.0,Brede Hangeland,Left Center Back,24.4,45.9,,,0.333808,False,,,,,,,False,,,,,,,False,False,left_to_right,False,24.4,45.9,,,False,False,False,False
b1f9db94-da4b-4f94-b581-6f6c1afa18f4,3754266,1467,1,00:44:48.706,44,48,42,Ball Receipt*,90,23,Watford,From Free Kick,23,Watford,5458.0,Odion Jude Ighalo,Left Center Forward,93.0,33.4,,,,False,,,,,,,False,,,,,,,False,False,left_to_right,False,93.0,33.4,,,False,False,False,False
ffa0e9f3-ab62-47e5-b952-f250a7c14b5a,3754266,1468,1,00:44:48.706,44,48,43,Carry,90,23,Watford,From Free Kick,23,Watford,5458.0,Odion Jude Ighalo,Left Center Forward,93.0,33.4,93.4,35.2,0.979831,True,,,,,,,False,,,,,,,False,False,left_to_right,False,93.0,33.4,93.4,35.2,False,False,False,False
2dd70057-d170-422c-868c-7cc1cc57fb97,3754266,1469,1,00:44:49.686,44,49,22,Foul Committed,90,23,Watford,From Free Kick,31,Crystal Palace,43695.0,Brede Hangeland,Left Center Back,26.7,44.9,,,0.0,False,,,,,,,False,,,,,,,False,False,left_to_right,False,26.7,44.9,,,False,False,False,False
6fbdbe25-e7a3-4e0e-9f08-35534a87a631,3754266,1470,1,00:44:49.686,44,49,21,Foul Won,90,23,Watford,From Free Kick,23,Watford,5458.0,Odion Jude Ighalo,Left Center Forward,93.4,35.2,,,0.0,True,,,,,,,False,,,,,,,False,False,left_to_right,False,93.4,35.2,,,False,False,False,False
bcfb3133-262b-478d-9d23-89c6e23f2b9b,3754266,1471,1,00:45:58.507,45,58,16,Shot,91,23,Watford,From Free Kick,23,Watford,43081.0,Almen Abdi,Right Midfield,93.8,35.4,105.2,37.2,0.378433,False,0.058507983,Blocked,Right Foot,Normal,Free Kick,,False,,,,,,,False,False,left_to_right,False,93.8,35.4,105.2,37.2,False,False,False,False
142d53c6-e228-48f2-ac61-60ee9ea2f4a3,3754266,1472,1,00:45:58.885,45,58,6,Block,91,23,Watford,From Free Kick,31,Crystal Palace,3589.0,Yannick Bolasie Yala,Left Wing,14.9,42.9,,,0.0,False,,,,,,,False,,,,,,,False,False,left_to_right,False,14.9,42.9,,,False,False,False,False
3f351414-1afb-46f2-8c7e-d7165051456c,3754266,1473,1,00:45:58.985,45,58,23,Goal Keeper,91,23,Watford,From Free Kick,31,Crystal Palace,3488.0,Wayne Hennessey,Goalkeeper,1.0,39.7,,,0.0,False,,,,,,,False,,,,,,,False,False,left_to_right,False,1.0,39.7,,,False,False,False,False
c49679da-b989-4eed-b8d6-ddd64df69614,3754266,1474,1,00:46:27.924,46,27,30,Pass,92,23,Watford,From Corner,23,Watford,43081.0,Almen Abdi,Right Midfield,120.0,0.1,119.0,33.9,1.491698,False,,,,,,,True,33.81479,1.6003735,High Pass,Corner,3309.0,Sebastian Prödl,False,False,left_to_right,False,120.0,0.1,119.0,33.9,False,True,False,False
c50c6ed9-1df1-4d28-ae7b-f427306e75c5,3754266,1475,1,00:46:29.415,46,29,42,Ball Receipt*,92,23,Watford,From Corner,23,Watford,3309.0,Sebastian Prödl,Right Center Back,119.0,33.9,,,,False,,,,,,,False,,,,,,,False,False,left_to_right,False,119.0,33.9,,,False,False,False,False
93186a58-d704-489b-a033-f0c8a8efbaa8,3754266,1476,1,00:46:29.455,46,29,4,Duel,92,23,Watford,From Corner,31,Crystal Palace,43695.0,Brede Hangeland,Left Center Back,1.7,45.7,,,0.0,True,,,,,,,False,,,,,,,False,False,left_to_right,False,1.7,45.7,,,False,False,False,False
657a35c6-2e5f-4597-931f-9a48dd7c77bb,3754266,1477,1,00:46:29.455,46,29,30,Pass,92,23,Watford,From Corner,23,Watford,3309.0,Sebastian Prödl,Right Center Back,118.4,34.4,108.3,45.0,1.626328,True,,,,,,Incomplete,False,14.641379,2.3320446,High Pass,,,,False,False,left_to_right,False,118.4,34.4,108.3,45.0,False,False,False,True
e5efb2a8-45b9-42f0-849f-1dcf45f03133,3754266,1478,1,00:46:31.082,46,31,9,Clearance,92,23,Watford,From Corner,31,Crystal Palace,19688.0,Jason Puncheon,Right Wing,11.8,35.1,,,0.0,True,,,,,,,False,,,,,,,False,False,left_to_right,False,11.8,35.1,,,False,False,False,False
cfae9218-31bd-4e58-aef5-314b8531e0c9,3754266,1479,1,00:46:31.537,46,31,34,Half End,92,23,Watford,From Corner,31,Crystal Palace,,,,,,,,0.0,False,,,,,,,False,,,,,,,False,False,left_to_right,False,,,,,False,False,False,False
8d88ad74-bb7d-4a77-9f68-e5d59136b68b,3754266,1480,1,00:46:31.537,46,31,34,Half End,92,23,Watford,From Corner,23,Watford,,,,,,,,0.0,False,,,,,,,False,,,,,,,False,False,left_to_right,False,,,,,False,False,False,False
9b6bd860-dd60-4cc9-923a-168b31447d04,3754266,1481,2,00:00:00.000,45,0,18,Half Start,92,23,Watford,From Corner,31,Crystal Palace,,,,,,,,0.0,False,,,,,,,False,,,,,,,False,False,left_to_right,False,,,,,False,False,False,False
581b16dc-b02d-4cd1-901e-a0cd2ed04555,3754266,1482,2,00:00:00.000,45,0,18,Half Start,92,23,Watford,From Corner,23,Watford,,,,,,,,0.0,False,,,,,,,False,,,,,,,False,False,left_to_right,False,,,,,False,False,False,False
d9f29213-14ab-4e52-92b2-93cf85f8283e,3754266,1483,2,00:00:00.533,45,0,30,Pass,93,23,Watford,From Kick Off,23,Watford,5458.0,Odion Jude Ighalo,Left Center Forward,60.0,40.0,61.7,41.4,0.380676,False,,,,,,,True,2.2022715,0.6889244,Ground Pass,Kick Off,3454.0,Troy Deeney,False,False,left_to_right,False,60.0,40.0,61.7,41.4,False,False,False,False
7883c458-02ae-4bc5-95ef-af17eea72fab,3754266,1484,2,00:00:00.914,45,0,42,Ball Receipt*,93,23,Watford,From Kick Off,23,Watford,3454.0,Troy Deeney,Right Center Forward,61.7,41.4,,,,False,,,,,,,False,,,,,,,False,False,left_to_right,False,61.7,41.4,,,False,False,False,False
940280b7-deb2-43a2-b7ff-a6944d2b08e8,3754266,1485,2,00:00:00.914,45,0,43,Carry,93,23,Watford,From Kick Off,23,Watford,3454.0,Troy Deeney,Right Center Forward,61.7,41.4,61.3,40.8,0.04,False,,,,,,,False,,,,,,,False,False,left_to_right,False,61.7,41.4,61.3,40.8,False,False,False,False
d625a45c-f0a9-4de8-85ce-be6c478c1d64,3754266,1486,2,00:00:00.954,45,0,30,Pass,93,23,Watford,From Kick Off,23,Watford,3454.0,Troy Deeney,Right Center Forward,61.3,40.8,51.1,39.5,1.183864,False,,,,,,,True,10.28251,-3.014825,Ground Pass,,3721.0,Etienne Capoue,False,False,left_to_right,False,61.3,40.8,51.1,39.5,False,False,False,False
3e649c14-4460-413f-9ed7-8f63594313ee,3754266,1487,2,00:00:02.138,45,2,42,Ball Receipt*,93,23,Watford,From Kick Off,23,Watford,3721.0,Etienne Capoue,Right Center Midfield,51.1,39.5,,,,False,,,,,,,False,,,,,,,False,False,left_to_right,False,51.1,39.5,,,False,False,False,False
6bd08df1-9d62-483f-b867-386ffbee674b,3754266,1488,2,00:00:02.138,45,2,43,Carry,93,23,Watford,From Kick Off,23,Watford,3721.0,Etienne Capoue,Right Center Midfield,51.1,39.5,50.9,38.8,0.04,False,,,,,,,False,,,,,,,False,False,left_to_right,False,51.1,39.5,50.9,38.8,False,False,False,False
34362b8b-79c6-43de-8b67-710a24482276,3754266,1489,2,00:00:02.178,45,2,30,Pass,93,23,Watford,From Kick Off,23,Watford,3721.0,Etienne Capoue,Right Center Midfield,50.9,38.8,39.9,68.3,1.88639,False,,,,,,,True,31.484123,1.9277083,Ground Pass,,3991.0,Allan Romeo Nyom,False,False,left_to_right,False,50.9,38.8,39.9,68.3,False,False,False,False
badb1118-aa9c-4052-9f3b-3ef199b0de64,3754266,1490,2,00:00:04.064,45,4,42,Ball Receipt*,93,23,Watford,From Kick Off,23,Watford,3991.0,Allan Romeo Nyom,Right Back,39.9,68.3,,,,False,,,,,,,False,,,,,,,False,False,left_to_right,False,39.9,68.3,,,False,False,False,False
814bc4ac-bc5c-4711-b890-e06699755b9d,3754266,1491,2,00:00:04.064,45,4,43,Carry,93,23,Watford,From Kick Off,23,Watford,3991.0,Allan Romeo Nyom,Right Back,39.9,68.3,40.6,70.1,2.01543,False,,,,,,,False,,,,,,,False,False,left_to_right,False,39.9,68.3,40.6,70.1,False,False,False,False
0c653a30-43ee-4173-988d-7b81c6a56b70,3754266,1492,2,00:00:06.079,45,6,30,Pass,93,23,Watford,From Kick Off,23,Watford,3991.0,Allan Romeo Nyom,Right Back,40.6,70.1,90.5,67.0,2.47636,False,,,,,,Incomplete,False,49.9962,-0.062044512,High Pass,,5458.0,Odion Jude Ighalo,False,False,left_to_right,False,40.6,70.1,90.5,67.0,False,True,True,True
a2a55f99-fa34-48e2-af2b-b9461b4449e7,3754266,1493,2,00:00:08.556,45,8,42,Ball Receipt*,93,23,Watford,From Kick Off,23,Watford,5458.0,Odion Jude Ighalo,Left Center Forward,91.9,66.0,,,,False,,,,,,,False,,,,,,,False,False,left_to_right,False,91.9,66.0,,,False,False,False,False
81798834-ee09-47e4-86a9-9e78da1846a5,3754266,1494,2,00:00:08.556,45,8,30,Pass,93,23,Watford,From Kick Off,31,Crystal Palace,43695.0,Brede Hangeland,Left Center Back,29.6,13.1,49.2,0.4,2.132434,False,,,,,,Out,False,23.354872,-0.5749392,High Pass,Recovery,,,False,False,left_to_right,False,29.6,13.1,49.2,0.4,False,False,False,True
d4dcbb37-2b63-48f6-a70c-8d04b6121628,3754266,1495,2,00:00:19.952,45,19,30,Pass,94,23,Watford,From Throw In,23,Watford,3991.0,Allan Romeo Nyom,Right Back,71.9,80.0,90.9,71.7,1.551385,False,,,,,,Incomplete,False,20.73379,-0.4118581,High Pass,Throw-in,5458.0,Odion Jude Ighalo,False,False,left_to_right,False,71.9,80.0,90.9,71.7,False,True,True,True
e84341aa-4110-420a-8180-1cb6fd0274b6,3754266,1496,2,00:00:21.503,45,21,42,Ball Receipt*,94,23,Watford,From Throw In,23,Watford,5458.0,Odion Jude Ighalo,Left Center Forward,93.5,69.9,,,,False,,,,,,,False,,,,,,,False,False,left_to_right,False,93.5,69.9,,,False,False,False,False
29d2b6ff-e5f1-427f-85a8-58f58ef6e1ca,3754266,1497,2,00:00:21.503,45,21,30,Pass,94,23,Watford,From Throw In,31,Crystal Palace,4884.0,Pape N''Diaye Souaré,Left Back,29.2,8.4,48.0,27.2,1.969074,False,,,,,,Incomplete,False,26.587215,0.7853982,High Pass,Recovery,,,False,False,left_to_right,False,29.2,8.4,48.0,27.2,False,False,False,True
797cfd38-4ee6-4bfa-94cb-cb435f578a1d,3754266,1498,2,00:00:23.472,45,23,2,Ball Recovery,94,23,Watford,From Throw In,23,Watford,3626.0,Ben Watson,Left Center Midfield,72.1,52.9,,,0.0,False,,,,,,,False,,,,,,,False,False,left_to_right,False,72.1,52.9,,,False,False,False,False
6a983b79-3ba6-4060-817d-098d86d7d68c,3754266,1499,2,00:00:23.472,45,23,43,Carry,94,23,Watford,From Throw In,23,Watford,3626.0,Ben Watson,Left Center Midfield,72.1,52.9,77.4,51.8,2.107289,False,,,,,,,False,,,,,,,False,False,left_to_right,False,72.1,52.9,77.4,51.8,False,False,False,False
64d065ec-0f12-485f-bb31-5dfb837b7a64,3754266,1500,2,00:00:25.580,45,25,30,Pass,94,23,Watford,From Throw In,23,Watford,3626.0,Ben Watson,Left Center Midfield,77.4,51.8,90.5,14.3,1.520982,False,,,,,,,True,39.722286,-1.2347156,High Pass,,6870.0,José Manuel Jurado Marín,False,False,left_to_right,False,77.4,51.8,90.5,14.3,False,False,True,False
09170fb9-e0bd-4f52-9857-f5cacdc6402c,3754266,1501,2,00:00:27.101,45,27,42,Ball Receipt*,94,23,Watford,From Throw In,23,Watford,6870.0,José Manuel Jurado Marín,Left Midfield,90.5,14.3,,,,False,,,,,,,False,,,,,,,False,False,left_to_right,False,90.5,14.3,,,False,False,False,False
f3896940-2e4f-463f-b73f-3acd6d7db366,3754266,1502,2,00:00:27.101,45,27,43,Carry,94,23,Watford,From Throw In,23,Watford,6870.0,José Manuel Jurado Marín,Left Midfield,90.5,14.3,94.0,12.8,1.189931,True,,,,,,,False,,,,,,,False,False,left_to_right,False,90.5,14.3,94.0,12.8,False,False,False,False
ff76a5a2-3a5a-442a-a38a-bcd481d15620,3754266,1503,2,00:00:27.340,45,27,17,Pressure,94,23,Watford,From Throw In,31,Crystal Palace,3448.0,Martin Kelly,Right Back,27.2,64.7,,,1.217323,False,,,,,,,False,,,,,,,False,False,left_to_right,False,27.2,64.7,,,False,False,False,False
2c5d2734-de2c-4a47-a186-29ee301cad82,3754266,1504,2,00:00:28.291,45,28,30,Pass,94,23,Watford,From Throw In,23,Watford,6870.0,José Manuel Jurado Marín,Left Midfield,94.0,12.8,90.5,10.6,0.6958,True,,,,,,,True,4.1340055,-2.5804293,Ground Pass,,40118.0,Ikechi Anya,False,False,left_to_right,False,94.0,12.8,90.5,10.6,False,False,False,False
07b7c23e-6b8d-41fa-959c-757ac66dd98f,3754266,1505,2,00:00:28.986,45,28,42,Ball Receipt*,94,23,Watford,From Throw In,23,Watford,40118.0,Ikechi Anya,Left Back,90.5,10.6,,,,False,,,,,,,False,,,,,,,False,False,left_to_right,False,90.5,10.6,,,False,False,False,False
a9821852-2ec5-47e2-a6c3-972f77f64f02,3754266,1506,2,00:00:28.986,45,28,43,Carry,94,23,Watford,From Throw In,23,Watford,40118.0,Ikechi Anya,Left Back,90.5,10.6,91.3,10.4,0.04,False,,,,,,,False,,,,,,,False,False,left_to_right,False,90.5,10.6,91.3,10.4,False,False,False,False
4abd3958-0285-4d44-a359-efbb9cae1f1f,3754266,1507,2,00:00:29.026,45,29,30,Pass,94,23,Watford,From Throw In,23,Watford,40118.0,Ikechi Anya,Left Back,91.3,10.4,90.9,13.8,0.772736,False,,,,,,,True,3.4234486,1.6879051,Ground Pass,,6870.0,José Manuel Jurado Marín,False,False,left_to_right,False,91.3,10.4,90.9,13.8,False,False,False,False
7d02173b-54d8-4193-91a8-3fe47650418f,3754266,1508,2,00:00:29.799,45,29,42,Ball Receipt*,94,23,Watford,From Throw In,23,Watford,6870.0,José Manuel Jurado Marín,Left Midfield,90.9,13.8,,,,False,,,,,,,False,,,,,,,False,False,left_to_right,False,90.9,13.8,,,False,False,False,False
44169799-2e33-4345-aa79-8e77d8fa8a37,3754266,1509,2,00:00:29.799,45,29,43,Carry,94,23,Watford,From Throw In,23,Watford,6870.0,José Manuel Jurado Marín,Left Midfield,90.9,13.8,89.1,13.0,1.715267,False,,,,,,,False,,,,,,,False,False,left_to_right,False,90.9,13.8,89.1,13.0,False,False,False,False
65b280aa-0314-445b-8906-d240e243b910,3754266,1510,2,00:00:31.514,45,31,30,Pass,94,23,Watford,From Throw In,23,Watford,6870.0,José Manuel Jurado Marín,Left Midfield,89.1,13.0,98.2,46.9,1.345701,False,,,,,,,True,35.100143,1.3085423,Ground Pass,,43081.0,Almen Abdi,False,False,left_to_right,False,89.1,13.0,98.2,46.9,False,True,False,False
9125c6b1-cdb4-4dd3-9d28-3fe7be42d398,3754266,1511,2,00:00:32.860,45,32,42,Ball Receipt*,94,23,Watford,From Throw In,23,Watford,43081.0,Almen Abdi,Right Midfield,98.2,46.9,,,,False,,,,,,,False,,,,,,,False,False,left_to_right,False,98.2,46.9,,,False,False,False,False
e57f89ce-2235-494d-9d9e-be87e7ba9540,3754266,1512,2,00:00:32.860,45,32,43,Carry,94,23,Watford,From Throw In,23,Watford,43081.0,Almen Abdi,Right Midfield,98.2,46.9,92.7,39.0,2.592576,True,,,,,,,False,,,,,,,False,False,left_to_right,False,98.2,46.9,92.7,39.0,False,False,False,False
de97ec0d-c049-48a0-b270-beb3a1368680,3754266,1513,2,00:00:34.511,45,34,17,Pressure,94,23,Watford,From Throw In,31,Crystal Palace,4817.0,Joe Ledley,Left Defensive Midfield,20.4,39.6,,,1.213573,False,,,,,,,False,,,,,,,False,False,left_to_right,False,20.4,39.6,,,False,False,False,False
348c219a-394c-4e2c-9815-6e9ac81c16bf,3754266,1514,2,00:00:35.453,45,35,22,Foul Committed,94,23,Watford,From Throw In,31,Crystal Palace,4817.0,Joe Ledley,Left Defensive Midfield,27.4,41.1,,,0.0,False,,,,,,,False,,,,,,,False,False,left_to_right,False,27.4,41.1,,,False,False,False,False
3032cf64-61ce-4fc5-a634-3f920d8029b8,3754266,1515,2,00:00:35.453,45,35,21,Foul Won,94,23,Watford,From Throw In,23,Watford,43081.0,Almen Abdi,Right Midfield,92.7,39.0,,,0.0,True,,,,,,,False,,,,,,,False,False,left_to_right,False,92.7,39.0,,,False,False,False,False
6d7ad481-61f6-4978-9ab8-836b65d1aa98,3754266,1516,2,00:01:20.285,46,20,16,Shot,95,23,Watford,From Free Kick,23,Watford,6870.0,José Manuel Jurado Marín,Left Midfield,93.2,36.1,120.0,36.6,1.128418,False,0.057795588,Post,Right Foot,Normal,Free Kick,,False,,,,,,,False,False,left_to_right,False,93.2,36.1,120.0,36.6,False,False,False,False
dae8e465-2d1f-485f-9aa7-9eb5efa919b7,3754266,1517,2,00:01:21.414,46,21,23,Goal Keeper,95,23,Watford,From Free Kick,31,Crystal Palace,3488.0,Wayne Hennessey,Goalkeeper,1.7,40.2,,,0.0,False,,,,,,,False,,,,,,,False,False,left_to_right,False,1.7,40.2,,,False,False,False,False
0287355b-e453-44b3-b6f0-5d3bea9d6eb5,3754266,1518,2,00:01:22.847,46,22,2,Ball Recovery,95,23,Watford,From Free Kick,23,Watford,3454.0,Troy Deeney,Right Center Forward,111.6,33.0,,,0.0,False,,,,,,,False,,,,,,,False,False,left_to_right,False,111.6,33.0,,,False,False,False,False
5799b7a1-6cd1-4cc0-9930-fd9464071683,3754266,1519,2,00:01:22.886,46,22,16,Shot,95,23,Watford,From Free Kick,23,Watford,3454.0,Troy Deeney,Right Center Forward,112.9,32.5,120.0,41.6,1.851256,False,0.073593915,Off T,Head,Normal,Open Play,,False,,,,,,,False,False,left_to_right,False,112.9,32.5,120.0,41.6,False,False,False,False
cd7cc0be-e3ad-4ce0-bce7-6dd4a6479586,3754266,1520,2,00:01:24.738,46,24,23,Goal Keeper,95,23,Watford,From Free Kick,31,Crystal Palace,3488.0,Wayne Hennessey,Goalkeeper,1.0,43.3,,,0.0,False,,,,,,,False,,,,,,,False,False,left_to_right,False,1.0,43.3,,,False,False,False,False
b3692313-784f-4e70-bf54-dfa13bda342e,3754266,1521,2,00:01:53.204,46,53,30,Pass,96,31,Crystal Palace,From Goal Kick,31,Crystal Palace,3488.0,Wayne Hennessey,Goalkeeper,7.0,44.1,71.2,76.2,2.715996,False,,,,,,,True,71.77778,0.4636476,High Pass,Goal Kick,19688.0,Jason Puncheon,False,False,left_to_right,False,7.0,44.1,71.2,76.2,False,True,False,False
2d35f4ed-5739-483a-a2fa-8915bea2c375,3754266,1522,2,00:01:55.920,46,55,42,Ball Receipt*,96,31,Crystal Palace,From Goal Kick,31,Crystal Palace,19688.0,Jason Puncheon,Right Wing,71.2,76.2,,,,False,,,,,,,False,,,,,,,False,False,left_to_right,False,71.2,76.2,,,False,False,False,False
7c80b711-271a-4d7e-a1e4-44811cfb2e2d,3754266,1523,2,00:01:58.838,46,58,30,Pass,96,31,Crystal Palace,From Goal Kick,31,Crystal Palace,19688.0,Jason Puncheon,Right Wing,71.8,76.6,62.3,76.9,1.012612,False,,,,,,,True,9.504736,3.1100242,Ground Pass,,3448.0,Martin Kelly,False,False,left_to_right,False,71.8,76.6,62.3,76.9,False,False,False,False
2a44c800-84f4-4835-aa61-2725ba65887e,3754266,1524,2,00:01:59.851,46,59,42,Ball Receipt*,96,31,Crystal Palace,From Goal Kick,31,Crystal Palace,3448.0,Martin Kelly,Right Back,62.3,76.9,,,,False,,,,,,,False,,,,,,,False,False,left_to_right,False,62.3,76.9,,,False,False,False,False
7859253a-cc47-4931-93e5-e5f1ee6bf569,3754266,1525,2,00:01:59.851,46,59,43,Carry,96,31,Crystal Palace,From Goal Kick,31,Crystal Palace,3448.0,Martin Kelly,Right Back,62.3,76.9,61.6,76.8,1.057934,True,,,,,,,False,,,,,,,False,False,left_to_right,False,62.3,76.9,61.6,76.8,False,False,False,False
fe5c187e-7854-4b6e-a48c-d902fa764b9a,3754266,1526,2,00:02:00.420,47,0,17,Pressure,96,31,Crystal Palace,From Goal Kick,23,Watford,6870.0,José Manuel Jurado Marín,Left Midfield,56.7,4.6,,,0.595984,False,,,,,,,False,,,,,,,False,False,left_to_right,False,56.7,4.6,,,False,False,False,False
9d547b8e-18e2-4db5-a38f-019a8180d07d,3754266,1527,2,00:02:00.909,47,0,30,Pass,96,31,Crystal Palace,From Goal Kick,31,Crystal Palace,3448.0,Martin Kelly,Right Back,61.6,76.8,65.1,64.7,0.938404,True,,,,,,,True,12.596031,-1.2892251,Ground Pass,,4817.0,Joe Ledley,False,False,left_to_right,False,61.6,76.8,65.1,64.7,False,False,False,False
86687928-2d25-4e9d-b636-4a4b245dbc94,3754266,1528,2,00:02:01.847,47,1,42,Ball Receipt*,96,31,Crystal Palace,From Goal Kick,31,Crystal Palace,4817.0,Joe Ledley,Left Defensive Midfield,65.1,64.7,,,,False,,,,,,,False,,,,,,,False,False,left_to_right,False,65.1,64.7,,,False,False,False,False
6d2320c8-3f21-4759-8a98-94e7a428d9c5,3754266,1529,2,00:02:01.847,47,1,43,Carry,96,31,Crystal Palace,From Goal Kick,31,Crystal Palace,4817.0,Joe Ledley,Left Defensive Midfield,65.1,64.7,64.5,64.9,0.458639,False,,,,,,,False,,,,,,,False,False,left_to_right,False,65.1,64.7,64.5,64.9,False,False,False,False
d60af6b5-5627-4288-ba6e-0d8244d97c5e,3754266,1530,2,00:02:02.306,47,2,30,Pass,96,31,Crystal Palace,From Goal Kick,31,Crystal Palace,4817.0,Joe Ledley,Left Defensive Midfield,64.5,64.9,70.2,77.3,0.835364,False,,,,,,,True,13.647344,1.1399238,Ground Pass,,3448.0,Martin Kelly,False,False,left_to_right,False,64.5,64.9,70.2,77.3,False,False,False,False
c7e0e9b2-1459-426a-8d1e-13e5d8cf57e7,3754266,1531,2,00:02:03.141,47,3,42,Ball Receipt*,96,31,Crystal Palace,From Goal Kick,31,Crystal Palace,3448.0,Martin Kelly,Right Back,70.2,77.3,,,,False,,,,,,,False,,,,,,,False,False,left_to_right,False,70.2,77.3,,,False,False,False,False
f3d32b8e-5c48-4217-8e09-4253dd0d8a79,3754266,1532,2,00:02:03.141,47,3,43,Carry,96,31,Crystal Palace,From Goal Kick,31,Crystal Palace,3448.0,Martin Kelly,Right Back,70.2,77.3,70.4,77.1,1.201132,False,,,,,,,False,,,,,,,False,False,left_to_right,False,70.2,77.3,70.4,77.1,False,False,False,False
2f37cf4a-adc7-469f-a894-5fec34d705ee,3754266,1533,2,00:02:04.342,47,4,30,Pass,96,31,Crystal Palace,From Goal Kick,31,Crystal Palace,3448.0,Martin Kelly,Right Back,70.4,77.1,104.9,51.2,2.527814,False,,,,,,Incomplete,False,43.140003,-0.6439647,High Pass,,,,False,False,left_to_right,False,70.4,77.1,104.9,51.2,False,True,True,True
997b943a-ef5a-4206-b577-5665d7a0452d,3754266,1534,2,00:02:06.870,47,6,9,Clearance,96,31,Crystal Palace,From Goal Kick,23,Watford,3309.0,Sebastian Prödl,Right Center Back,15.2,28.9,,,0.0,True,,,,,,,False,,,,,,,False,False,left_to_right,False,15.2,28.9,,,False,False,False,False
b0036d6a-2ebe-45a2-b710-1575c12d1ca8,3754266,1535,2,00:02:10.027,47,10,2,Ball Recovery,96,31,Crystal Palace,From Goal Kick,31,Crystal Palace,3407.0,Scott Dann,Right Center Back,63.2,53.9,,,0.0,False,,,,,,,False,,,,,,,False,False,left_to_right,False,63.2,53.9,,,False,False,False,False
5bf0b876-e7bb-4080-b6f0-b1d9a89cbb82,3754266,1536,2,00:02:10.027,47,10,43,Carry,96,31,Crystal Palace,From Goal Kick,31,Crystal Palace,3407.0,Scott Dann,Right Center Back,63.2,53.9,63.4,58.1,1.492328,False,,,,,,,False,,,,,,,False,False,left_to_right,False,63.2,53.9,63.4,58.1,False,False,False,False
1b219ba8-d1c5-420b-bd63-14dfe5a868bd,3754266,1537,2,00:02:11.520,47,11,30,Pass,96,31,Crystal Palace,From Goal Kick,31,Crystal Palace,3407.0,Scott Dann,Right Center Back,63.4,58.1,70.0,66.3,0.864511,False,,,,,,Incomplete,False,10.526158,0.89308804,High Pass,,,,False,False,left_to_right,False,63.4,58.1,70.0,66.3,False,False,False,True
f3e53465-d76f-4da3-bf48-a28070a052c8,3754266,1538,2,00:02:12.384,47,12,2,Ball Recovery,96,31,Crystal Palace,From Goal Kick,23,Watford,3626.0,Ben Watson,Left Center Midfield,50.1,13.8,,,0.0,False,,,,,,,False,,,,,,,False,False,left_to_right,False,50.1,13.8,,,False,False,False,False
e6b1d727-5a0f-4ac6-b43d-b9ff0fc2df65,3754266,1539,2,00:02:12.384,47,12,43,Carry,96,31,Crystal Palace,From Goal Kick,23,Watford,3626.0,Ben Watson,Left Center Midfield,50.1,13.8,49.7,11.4,2.090856,False,,,,,,,False,,,,,,,False,False,left_to_right,False,50.1,13.8,49.7,11.4,False,False,False,False
09531c4e-4b46-4457-b506-45ee6e1ac1a9,3754266,1540,2,00:02:14.475,47,14,30,Pass,96,31,Crystal Palace,From Goal Kick,23,Watford,3626.0,Ben Watson,Left Center Midfield,49.7,11.4,86.0,17.1,2.439341,False,,,,,,Unknown,False,36.744797,0.15575299,High Pass,,5458.0,Odion Jude Ighalo,False,False,left_to_right,False,49.7,11.4,86.0,17.1,False,True,True,True
78041f1a-a965-4a9a-8097-b8fde58595ea,3754266,1541,2,00:02:16.449,47,16,17,Pressure,96,31,Crystal Palace,From Goal Kick,31,Crystal Palace,43695.0,Brede Hangeland,Left Center Back,33.7,60.9,,,0.400697,False,,,,,,,False,,,,,,,False,False,left_to_right,False,33.7,60.9,,,False,False,False,False
bd7d0954-ed69-40cc-9ff3-4cb954057521,3754266,1542,2,00:02:16.914,47,16,42,Ball Receipt*,96,31,Crystal Palace,From Goal Kick,23,Watford,5458.0,Odion Jude Ighalo,Left Center Forward,86.0,18.3,,,,False,,,,,,,False,,,,,,,False,False,left_to_right,False,86.0,18.3,,,False,False,False,False
176f1494-1463-4050-a24e-a13456e411f6,3754266,1543,2,00:02:17.218,47,17,22,Foul Committed,96,31,Crystal Palace,From Goal Kick,31,Crystal Palace,43695.0,Brede Hangeland,Left Center Back,34.5,64.0,,,0.0,False,,,,,,,False,,,,,,,False,False,left_to_right,False,34.5,64.0,,,False,False,False,False
375618df-4725-4f70-9ec9-413e019c3c1d,3754266,1544,2,00:02:17.218,47,17,21,Foul Won,96,31,Crystal Palace,From Goal Kick,23,Watford,5458.0,Odion Jude Ighalo,Left Center Forward,85.6,16.1,,,0.0,True,,,,,,,False,,,,,,,False,False,left_to_right,False,85.6,16.1,,,False,False,False,False
fbc47e44-dc21-4b5c-8b8e-85096bcace79,3754266,1545,2,00:02:41.451,47,41,30,Pass,97,23,Watford,From Free Kick,23,Watford,6870.0,José Manuel Jurado Marín,Left Midfield,86.0,13.0,106.1,36.1,1.358911,False,,,,,,Incomplete,False,30.62058,0.8547313,High Pass,Free Kick,,,False,False,left_to_right,False,86.0,13.0,106.1,36.1,False,True,False,True
33d26220-b91e-46fa-afad-4ed8d917e532,3754266,1546,2,00:02:42.810,47,42,4,Duel,97,23,Watford,From Free Kick,23,Watford,3454.0,Troy Deeney,Right Center Forward,106.1,36.1,,,0.0,True,,,,,,,False,,,,,,,False,False,left_to_right,False,106.1,36.1,,,False,False,False,False
837bb473-1b03-4144-b98a-2ec74ced86b3,3754266,1547,2,00:02:42.810,47,42,9,Clearance,97,23,Watford,From Free Kick,31,Crystal Palace,4817.0,Joe Ledley,Left Defensive Midfield,14.0,44.0,,,0.0,True,,,,,,,False,,,,,,,False,False,left_to_right,False,14.0,44.0,,,False,False,False,False
30c9f737-c835-4420-9ec5-5345d6247c97,3754266,1548,2,00:02:44.679,47,44,4,Duel,97,23,Watford,From Free Kick,31,Crystal Palace,19688.0,Jason Puncheon,Right Wing,26.6,38.7,,,0.0,True,,,,,,,False,,,,,,,False,False,left_to_right,False,26.6,38.7,,,False,False,False,False
ec57e84c-a3ab-456f-85b3-74ae2c80ed63,3754266,1549,2,00:02:44.679,47,44,30,Pass,97,23,Watford,From Free Kick,23,Watford,43081.0,Almen Abdi,Right Midfield,93.5,41.4,78.3,46.7,1.99238,True,,,,,,Incomplete,False,16.097515,2.8060906,High Pass,Recovery,3626.0,Ben Watson,False,False,left_to_right,False,93.5,41.4,78.3,46.7,False,False,False,True
dc6ffd89-a5b8-4616-9eaf-18a1fe341308,3754266,1550,2,00:02:46.672,47,46,42,Ball Receipt*,97,23,Watford,From Free Kick,23,Watford,3626.0,Ben Watson,Left Center Midfield,79.9,48.1,,,,False,,,,,,,False,,,,,,,False,False,left_to_right,False,79.9,48.1,,,False,False,False,False
89d7a715-766f-4e0d-84a7-063d4fe3fb3c,3754266,1551,2,00:02:46.672,47,46,2,Ball Recovery,98,31,Crystal Palace,Regular Play,31,Crystal Palace,19688.0,Jason Puncheon,Right Wing,41.8,33.4,,,0.0,False,,,,,,,False,,,,,,,False,False,left_to_right,False,41.8,33.4,,,False,False,False,False
602190f6-f29f-48a3-b4d9-a518e051ff51,3754266,1552,2,00:02:46.672,47,46,43,Carry,98,31,Crystal Palace,Regular Play,31,Crystal Palace,19688.0,Jason Puncheon,Right Wing,41.8,33.4,41.3,35.1,0.217873,True,,,,,,,False,,,,,,,False,False,left_to_right,False,41.8,33.4,41.3,35.1,False,False,False,False
6854b6d1-d22d-4105-86c7-45a9a2a5df8c,3754266,1553,2,00:02:46.890,47,46,39,Dribbled Past,98,31,Crystal Palace,Regular Play,23,Watford,3626.0,Ben Watson,Left Center Midfield,78.8,45.0,,,0.0,False,,,,,,,False,,,,,,,False,False,left_to_right,False,78.8,45.0,,,False,False,False,False
82b8019c-05d0-4ac3-ad30-da78c0bbcc4a,3754266,1554,2,00:02:46.890,47,46,14,Dribble,98,31,Crystal Palace,Regular Play,31,Crystal Palace,19688.0,Jason Puncheon,Right Wing,41.3,35.1,,,0.0,True,,,,,,,False,,,,,,,False,False,left_to_right,False,41.3,35.1,,,False,False,False,False
a7464b99-fa29-49be-8a8d-9bd6fffa8252,3754266,1555,2,00:02:46.890,47,46,43,Carry,98,31,Crystal Palace,Regular Play,31,Crystal Palace,19688.0,Jason Puncheon,Right Wing,41.3,35.1,41.1,38.2,1.784977,True,,,,,,,False,,,,,,,False,False,left_to_right,False,41.3,35.1,41.1,38.2,False,False,False,False
3548a5d3-0307-4c87-9196-33a3a4b1ac0e,3754266,1556,2,00:02:48.675,47,48,30,Pass,98,31,Crystal Palace,Regular Play,31,Crystal Palace,19688.0,Jason Puncheon,Right Wing,41.1,38.2,33.9,19.9,0.950353,False,,,,,,,True,19.665451,-1.945637,Ground Pass,,4884.0,Pape N''Diaye Souaré,False,False,left_to_right,False,41.1,38.2,33.9,19.9,False,False,False,False
8e0ec385-4327-4513-bc15-129d216a1526,3754266,1557,2,00:02:49.625,47,49,42,Ball Receipt*,98,31,Crystal Palace,Regular Play,31,Crystal Palace,4884.0,Pape N''Diaye Souaré,Left Back,33.9,19.9,,,,False,,,,,,,False,,,,,,,False,False,left_to_right,False,33.9,19.9,,,False,False,False,False
3126a280-260e-4f47-8829-759e8724bb77,3754266,1558,2,00:02:49.625,47,49,43,Carry,98,31,Crystal Palace,Regular Play,31,Crystal Palace,4884.0,Pape N''Diaye Souaré,Left Back,33.9,19.9,43.7,15.9,1.955428,False,,,,,,,False,,,,,,,False,False,left_to_right,False,33.9,19.9,43.7,15.9,False,False,False,False
3e081518-0c3d-4f30-b151-fdf539c04dcb,3754266,1559,2,00:02:51.580,47,51,30,Pass,98,31,Crystal Palace,Regular Play,31,Crystal Palace,4884.0,Pape N''Diaye Souaré,Left Back,43.7,15.9,47.8,25.3,0.964413,False,,,,,,,True,10.255242,1.1595026,Ground Pass,,19688.0,Jason Puncheon,False,False,left_to_right,False,43.7,15.9,47.8,25.3,False,False,False,False
03d6bb12-780c-442b-9ff3-5f8cd9993996,3754266,1560,2,00:02:52.545,47,52,42,Ball Receipt*,98,31,Crystal Palace,Regular Play,31,Crystal Palace,19688.0,Jason Puncheon,Right Wing,47.8,25.3,,,,False,,,,,,,False,,,,,,,False,False,left_to_right,False,47.8,25.3,,,False,False,False,False
5e163aed-c893-4828-b94b-a71328485f7f,3754266,1561,2,00:02:52.545,47,52,43,Carry,98,31,Crystal Palace,Regular Play,31,Crystal Palace,19688.0,Jason Puncheon,Right Wing,47.8,25.3,49.0,23.7,1.066706,False,,,,,,,False,,,,,,,False,False,left_to_right,False,47.8,25.3,49.0,23.7,False,False,False,False
61fd693e-3bda-4d91-b431-9a7c0e6ad8f6,3754266,1562,2,00:02:53.612,47,53,30,Pass,98,31,Crystal Palace,Regular Play,31,Crystal Palace,19688.0,Jason Puncheon,Right Wing,49.0,23.7,62.1,3.1,1.44325,False,,,,,,,True,24.412497,-1.0043813,Ground Pass,,4884.0,Pape N''Diaye Souaré,False,False,left_to_right,False,49.0,23.7,62.1,3.1,False,False,False,False
5578792c-ec0b-4d57-b1e0-a1623824488a,3754266,1563,2,00:02:55.055,47,55,42,Ball Receipt*,98,31,Crystal Palace,Regular Play,31,Crystal Palace,4884.0,Pape N''Diaye Souaré,Left Back,62.1,3.1,,,,False,,,,,,,False,,,,,,,False,False,left_to_right,False,62.1,3.1,,,False,False,False,False
0bd8f40e-31bc-4be8-b89a-303aecfd73ee,3754266,1564,2,00:02:55.055,47,55,43,Carry,98,31,Crystal Palace,Regular Play,31,Crystal Palace,4884.0,Pape N''Diaye Souaré,Left Back,62.1,3.1,62.7,8.4,3.41513,False,,,,,,,False,,,,,,,False,False,left_to_right,False,62.1,3.1,62.7,8.4,False,False,False,False
f02fdaa6-c0e4-4cd7-aae8-e58f33ac6711,3754266,1565,2,00:02:58.470,47,58,30,Pass,98,31,Crystal Palace,Regular Play,31,Crystal Palace,4884.0,Pape N''Diaye Souaré,Left Back,62.7,8.4,57.4,29.0,1.313427,False,,,,,,,True,21.270872,1.8226163,Ground Pass,,3469.0,Bakary Sako,False,False,left_to_right,False,62.7,8.4,57.4,29.0,False,False,False,False
2f1b2ec9-354a-4c26-ae97-a97759f36337,3754266,1566,2,00:02:59.783,47,59,42,Ball Receipt*,98,31,Crystal Palace,Regular Play,31,Crystal Palace,3469.0,Bakary Sako,Center Attacking Midfield,57.4,29.0,,,,False,,,,,,,False,,,,,,,False,False,left_to_right,False,57.4,29.0,,,False,False,False,False
991f12cd-6d1c-42ac-8a98-d88227de3e18,3754266,1567,2,00:02:59.783,47,59,43,Carry,98,31,Crystal Palace,Regular Play,31,Crystal Palace,3469.0,Bakary Sako,Center Attacking Midfield,57.4,29.0,55.5,36.1,0.846906,False,,,,,,,False,,,,,,,False,False,left_to_right,False,57.4,29.0,55.5,36.1,False,False,False,False
3294c0d3-0536-46c1-bd60-593236f9b208,3754266,1568,2,00:03:00.630,48,0,30,Pass,98,31,Crystal Palace,Regular Play,31,Crystal Palace,3469.0,Bakary Sako,Center Attacking Midfield,55.5,36.1,54.9,55.9,1.744973,False,,,,,,,True,19.80909,1.6010901,Ground Pass,,3448.0,Martin Kelly,False,False,left_to_right,False,55.5,36.1,54.9,55.9,False,False,False,False
d89270cd-8a00-4b37-b0f8-20b6ba671bb0,3754266,1569,2,00:03:02.375,48,2,42,Ball Receipt*,98,31,Crystal Palace,Regular Play,31,Crystal Palace,3448.0,Martin Kelly,Right Back,54.9,55.9,,,,False,,,,,,,False,,,,,,,False,False,left_to_right,False,54.9,55.9,,,False,False,False,False
c73b5975-395d-4ea9-8b16-f154164e26e3,3754266,1570,2,00:03:02.375,48,2,43,Carry,98,31,Crystal Palace,Regular Play,31,Crystal Palace,3448.0,Martin Kelly,Right Back,54.9,55.9,61.6,58.7,1.600766,False,,,,,,,False,,,,,,,False,False,left_to_right,False,54.9,55.9,61.6,58.7,False,False,False,False
c6719122-b29d-40a6-acab-a50749f19ae5,3754266,1571,2,00:03:03.976,48,3,30,Pass,98,31,Crystal Palace,Regular Play,31,Crystal Palace,3448.0,Martin Kelly,Right Back,61.6,58.7,91.6,80.0,2.493458,False,,,,,,Out,False,36.792526,0.6174059,Ground Pass,,,,False,False,left_to_right,False,61.6,58.7,91.6,80.0,False,False,True,True
b541e0a8-9bb0-4f27-98bc-41b958a53ac6,3754266,1572,2,00:03:11.361,48,11,30,Pass,99,23,Watford,From Throw In,23,Watford,40118.0,Ikechi Anya,Left Back,27.5,0.1,34.4,6.5,0.967388,False,,,,,,,True,9.411163,0.74782187,Low Pass,Throw-in,3721.0,Etienne Capoue,False,False,left_to_right,False,27.5,0.1,34.4,6.5,False,False,False,False
002556dc-16b9-4d4e-a046-82c61e0c06db,3754266,1573,2,00:03:12.328,48,12,42,Ball Receipt*,99,23,Watford,From Throw In,23,Watford,3721.0,Etienne Capoue,Right Center Midfield,34.4,6.5,,,,False,,,,,,,False,,,,,,,False,False,left_to_right,False,34.4,6.5,,,False,False,False,False
25f3ae59-4275-48c7-8638-425d252ca0ef,3754266,1574,2,00:03:12.328,48,12,43,Carry,99,23,Watford,From Throw In,23,Watford,3721.0,Etienne Capoue,Right Center Midfield,34.4,6.5,31.7,5.7,0.11763,False,,,,,,,False,,,,,,,False,False,left_to_right,False,34.4,6.5,31.7,5.7,False,False,False,False
1d35f9eb-2329-4998-a58e-4725f8b93564,3754266,1575,2,00:03:12.446,48,12,30,Pass,99,23,Watford,From Throw In,23,Watford,3721.0,Etienne Capoue,Right Center Midfield,31.7,5.7,26.9,1.4,0.918381,False,,,,,,,True,6.4443774,-2.4110844,Low Pass,,40118.0,Ikechi Anya,False,False,left_to_right,False,31.7,5.7,26.9,1.4,False,False,False,False
2fe0df9e-ca88-42eb-86cb-73fba1ecde59,3754266,1576,2,00:03:13.364,48,13,42,Ball Receipt*,99,23,Watford,From Throw In,23,Watford,40118.0,Ikechi Anya,Left Back,26.9,1.4,,,,False,,,,,,,False,,,,,,,False,False,left_to_right,False,26.9,1.4,,,False,False,False,False
c0efe813-a8b7-4d32-b2d2-51e56d56a5a3,3754266,1577,2,00:03:13.364,48,13,30,Pass,99,23,Watford,From Throw In,23,Watford,40118.0,Ikechi Anya,Left Back,26.3,2.4,64.0,2.0,2.723116,False,,,,,,Incomplete,False,37.70212,-0.010609682,High Pass,,6870.0,José Manuel Jurado Marín,False,False,left_to_right,False,26.3,2.4,64.0,2.0,False,True,False,True
5cacb72a-5a48-4ad8-b80b-9bc1f8845c95,3754266,1578,2,00:03:16.088,48,16,42,Ball Receipt*,99,23,Watford,From Throw In,23,Watford,6870.0,José Manuel Jurado Marín,Left Midfield,63.8,3.0,,,,False,,,,,,,False,,,,,,,False,False,left_to_right,False,63.8,3.0,,,False,False,False,False
a278ac3b-3a49-4661-a23e-ad889de27a7e,3754266,1579,2,00:03:16.088,48,16,4,Duel,99,23,Watford,From Throw In,23,Watford,6870.0,José Manuel Jurado Marín,Left Midfield,64.0,2.0,,,0.0,True,,,,,,,False,,,,,,,False,False,left_to_right,False,64.0,2.0,,,False,False,False,False
0647374b-648f-4114-8711-6910657a8a36,3754266,1580,2,00:03:16.088,48,16,30,Pass,100,31,Crystal Palace,Regular Play,31,Crystal Palace,3448.0,Martin Kelly,Right Back,56.1,78.1,63.7,76.0,0.733664,True,,,,,,,True,7.8847957,-0.26958907,Low Pass,Recovery,3277.0,Yohan Cabaye,False,False,left_to_right,False,56.1,78.1,63.7,76.0,False,False,False,False
3dc28b92-c6c7-46fd-a070-4b24c7fabb66,3754266,1581,2,00:03:16.821,48,16,42,Ball Receipt*,100,31,Crystal Palace,Regular Play,31,Crystal Palace,3277.0,Yohan Cabaye,Right Defensive Midfield,63.7,76.0,,,,False,,,,,,,False,,,,,,,False,False,left_to_right,False,63.7,76.0,,,False,False,False,False
83849803-f469-4405-8973-324f14877c47,3754266,1582,2,00:03:16.821,48,16,43,Carry,100,31,Crystal Palace,Regular Play,31,Crystal Palace,3277.0,Yohan Cabaye,Right Defensive Midfield,63.7,76.0,62.5,77.7,1.564333,False,,,,,,,False,,,,,,,False,False,left_to_right,False,63.7,76.0,62.5,77.7,False,False,False,False
df66ac48-c0fe-4888-8df5-1e3253cd2ac5,3754266,1583,2,00:03:18.386,48,18,30,Pass,100,31,Crystal Palace,Regular Play,31,Crystal Palace,3277.0,Yohan Cabaye,Right Defensive Midfield,62.5,77.7,70.2,72.0,0.554316,False,,,,,,Incomplete,False,9.580188,-0.63723814,Ground Pass,,,,False,False,left_to_right,False,62.5,77.7,70.2,72.0,False,False,False,True
a6143c8a-22e0-402e-8c0c-1da24c061226,3754266,1584,2,00:03:18.940,48,18,10,Interception,100,31,Crystal Palace,Regular Play,23,Watford,3626.0,Ben Watson,Left Center Midfield,49.9,8.1,,,0.0,False,,,,,,,False,,,,,,,False,False,left_to_right,False,49.9,8.1,,,False,False,False,False
44e96250-4c6d-4224-89e1-39f1b0730a5d,3754266,1585,2,00:03:21.238,48,21,2,Ball Recovery,100,31,Crystal Palace,Regular Play,31,Crystal Palace,19688.0,Jason Puncheon,Right Wing,70.4,54.6,,,0.0,False,,,,,,,False,,,,,,,False,False,left_to_right,False,70.4,54.6,,,False,False,False,False
23ce9d35-3f8a-4779-8423-5550b09493c7,3754266,1586,2,00:03:21.238,48,21,43,Carry,100,31,Crystal Palace,Regular Play,31,Crystal Palace,19688.0,Jason Puncheon,Right Wing,70.4,54.6,77.3,46.7,1.221479,True,,,,,,,False,,,,,,,False,False,left_to_right,False,70.4,54.6,77.3,46.7,False,False,False,False
c3c0e6f2-c691-4935-a74e-11a59add88b4,3754266,1587,2,00:03:21.666,48,21,17,Pressure,100,31,Crystal Palace,Regular Play,23,Watford,43081.0,Almen Abdi,Right Midfield,43.2,37.7,,,0.924333,False,,,,,,,False,,,,,,,False,False,left_to_right,False,43.2,37.7,,,False,False,False,False
9e7809a8-22c5-44e0-88dd-05d79bf8294e,3754266,1588,2,00:03:22.460,48,22,30,Pass,100,31,Crystal Palace,Regular Play,31,Crystal Palace,19688.0,Jason Puncheon,Right Wing,77.3,46.7,97.7,18.1,3.148209,True,,,,,,,True,35.130043,-0.95120865,Ground Pass,,3469.0,Bakary Sako,False,False,left_to_right,False,77.3,46.7,97.7,18.1,False,True,True,False
36dbb5f3-987c-48eb-acd1-e0296f32c027,3754266,1589,2,00:03:25.028,48,25,17,Pressure,100,31,Crystal Palace,Regular Play,23,Watford,3991.0,Allan Romeo Nyom,Right Back,20.5,65.5,,,1.935244,False,,,,,,,False,,,,,,,False,False,left_to_right,False,20.5,65.5,,,False,False,False,False
a8209a24-48da-4805-ac5f-6c93e380ffbf,3754266,1590,2,00:03:25.608,48,25,42,Ball Receipt*,100,31,Crystal Palace,Regular Play,31,Crystal Palace,3469.0,Bakary Sako,Center Attacking Midfield,97.7,18.1,,,,True,,,,,,,False,,,,,,,False,False,left_to_right,False,97.7,18.1,,,False,False,False,False
ff0e3575-88c3-4110-b53c-3d0140c89363,3754266,1591,2,00:03:25.608,48,25,43,Carry,100,31,Crystal Palace,Regular Play,31,Crystal Palace,3469.0,Bakary Sako,Center Attacking Midfield,97.7,18.1,102.2,9.6,1.321274,True,,,,,,,False,,,,,,,False,False,left_to_right,False,97.7,18.1,102.2,9.6,False,False,False,False
11d95601-c465-4dbf-b950-d5fd279c9078,3754266,1592,2,00:03:26.929,48,26,30,Pass,100,31,Crystal Palace,Regular Play,31,Crystal Palace,3469.0,Bakary Sako,Center Attacking Midfield,102.2,9.6,105.8,16.4,1.021258,True,,,,,,,True,7.694154,1.0838971,Ground Pass,,4884.0,Pape N''Diaye Souaré,False,False,left_to_right,False,102.2,9.6,105.8,16.4,False,False,False,False
11b06d8a-3efe-4239-a280-b5f78052cc9e,3754266,1593,2,00:03:27.951,48,27,42,Ball Receipt*,100,31,Crystal Palace,Regular Play,31,Crystal Palace,4884.0,Pape N''Diaye Souaré,Left Back,105.8,16.4,,,,False,,,,,,,False,,,,,,,False,False,left_to_right,False,105.8,16.4,,,False,False,False,False
1b633fa6-10b5-4b85-8323-0c674e38a0d8,3754266,1594,2,00:03:27.951,48,27,43,Carry,100,31,Crystal Palace,Regular Play,31,Crystal Palace,4884.0,Pape N''Diaye Souaré,Left Back,105.8,16.4,115.9,21.8,1.341853,False,,,,,,,False,,,,,,,False,False,left_to_right,False,105.8,16.4,115.9,21.8,True,False,False,False
dd1be878-2654-4ad3-ad01-c2bb459e8dd0,3754266,1595,2,00:03:29.293,48,29,30,Pass,100,31,Crystal Palace,Regular Play,31,Crystal Palace,4884.0,Pape N''Diaye Souaré,Left Back,115.9,21.8,117.9,40.4,0.791726,False,,,,,,Incomplete,False,18.707218,1.463681,High Pass,,,,False,False,left_to_right,False,115.9,21.8,117.9,40.4,False,True,False,True
009a460b-789f-4f7d-9219-fd1b3f1fad73,3754266,1596,2,00:03:30.084,48,30,23,Goal Keeper,101,23,Watford,From Keeper,23,Watford,3522.0,Heurelho da Silva Gomes,Goalkeeper,2.2,39.7,,,0.0,False,,,,,,,False,,,,,,,False,False,left_to_right,False,2.2,39.7,,,False,False,False,False
964f42c1-fd9f-4e9f-9ebc-db4dbbfc346d,3754266,1597,2,00:03:30.084,48,30,43,Carry,101,23,Watford,From Keeper,23,Watford,3522.0,Heurelho da Silva Gomes,Goalkeeper,2.2,39.7,4.2,39.5,16.322462,False,,,,,,,False,,,,,,,False,False,left_to_right,False,2.2,39.7,4.2,39.5,False,False,False,False
ae05d747-8da8-488f-af28-0534aa8fb429,3754266,1598,2,00:03:46.407,48,46,30,Pass,101,23,Watford,From Keeper,23,Watford,3522.0,Heurelho da Silva Gomes,Goalkeeper,4.2,39.5,70.9,37.1,2.063709,False,,,,,,Incomplete,False,66.743164,-0.035966493,High Pass,,3454.0,Troy Deeney,False,False,left_to_right,False,4.2,39.5,70.9,37.1,False,True,False,True
42046ad4-bdfb-4dc4-bccc-1a92c1bd32a5,3754266,1599,2,00:03:48.470,48,48,42,Ball Receipt*,101,23,Watford,From Keeper,23,Watford,3454.0,Troy Deeney,Right Center Forward,71.9,39.0,,,,False,,,,,,,False,,,,,,,False,False,left_to_right,False,71.9,39.0,,,False,False,False,False
7d93dde6-ea89-47d3-a1bc-10699f2abb79,3754266,1600,2,00:03:48.470,48,48,4,Duel,101,23,Watford,From Keeper,23,Watford,3454.0,Troy Deeney,Right Center Forward,70.9,37.1,,,0.0,True,,,,,,,False,,,,,,,False,False,left_to_right,False,70.9,37.1,,,False,False,False,False
d0cdd455-ac12-4683-8a2b-62a09cdfef00,3754266,1601,2,00:03:48.470,48,48,30,Pass,102,31,Crystal Palace,Regular Play,31,Crystal Palace,4817.0,Joe Ledley,Left Defensive Midfield,49.2,43.0,56.3,20.0,2.741656,True,,,,,,,True,24.070936,-1.2713811,Low Pass,Recovery,3469.0,Bakary Sako,False,False,left_to_right,False,49.2,43.0,56.3,20.0,False,False,False,False
04ba55ae-82a3-41d7-99ef-cf36d1641daf,3754266,1602,2,00:03:51.212,48,51,42,Ball Receipt*,102,31,Crystal Palace,Regular Play,31,Crystal Palace,3469.0,Bakary Sako,Center Attacking Midfield,56.3,20.0,,,,False,,,,,,,False,,,,,,,False,False,left_to_right,False,56.3,20.0,,,False,False,False,False
3962d30e-eceb-4b95-9bc0-01b1eae292f1,3754266,1603,2,00:03:51.212,48,51,43,Carry,102,31,Crystal Palace,Regular Play,31,Crystal Palace,3469.0,Bakary Sako,Center Attacking Midfield,56.3,20.0,89.9,9.1,5.154909,True,,,,,,,False,,,,,,,False,False,left_to_right,False,56.3,20.0,89.9,9.1,True,False,False,False
a13687c3-19a0-4585-aeb7-30c79b04ab94,3754266,1604,2,00:03:54.598,48,54,17,Pressure,102,31,Crystal Palace,Regular Play,23,Watford,3991.0,Allan Romeo Nyom,Right Back,35.3,75.4,,,0.910392,False,,,,,,,False,,,,,,,False,False,left_to_right,False,35.3,75.4,,,False,False,False,False
3c6d208a-20eb-4eab-b864-209bcf99408b,3754266,1605,2,00:03:56.367,48,56,39,Dribbled Past,102,31,Crystal Palace,Regular Play,23,Watford,3991.0,Allan Romeo Nyom,Right Back,30.2,71.0,,,0.0,False,,,,,,,False,,,,,,,False,False,left_to_right,False,30.2,71.0,,,False,False,False,False
03e16440-9b82-440d-ac48-50f530438023,3754266,1606,2,00:03:56.367,48,56,14,Dribble,102,31,Crystal Palace,Regular Play,31,Crystal Palace,3469.0,Bakary Sako,Center Attacking Midfield,89.9,9.1,,,0.0,True,,,,,,,False,,,,,,,False,False,left_to_right,False,89.9,9.1,,,False,False,False,False
091daaf2-bd2f-4df0-9a3b-5a4676e0f159,3754266,1607,2,00:03:56.367,48,56,43,Carry,102,31,Crystal Palace,Regular Play,31,Crystal Palace,3469.0,Bakary Sako,Center Attacking Midfield,89.9,9.1,112.0,10.4,4.149642,True,,,,,,,False,,,,,,,False,False,left_to_right,False,89.9,9.1,112.0,10.4,True,False,False,False
c318361f-ec85-430a-8448-76f3181a1d74,3754266,1608,2,00:03:57.332,48,57,17,Pressure,102,31,Crystal Palace,Regular Play,23,Watford,3991.0,Allan Romeo Nyom,Right Back,21.8,67.9,,,6.52195,False,,,,,,,False,,,,,,,False,False,left_to_right,False,21.8,67.9,,,False,False,False,False
139b6b00-b32c-40b3-b765-a20672b349a4,3754266,1609,2,00:04:00.517,49,0,22,Foul Committed,102,31,Crystal Palace,Regular Play,23,Watford,3991.0,Allan Romeo Nyom,Right Back,8.1,69.7,,,0.0,False,,,,,,,False,,,,,,,False,False,left_to_right,False,8.1,69.7,,,False,False,False,False
54d17d70-f144-49ea-a508-1e686c0864e2,3754266,1610,2,00:04:00.517,49,0,21,Foul Won,102,31,Crystal Palace,Regular Play,31,Crystal Palace,3469.0,Bakary Sako,Center Attacking Midfield,112.0,10.4,,,0.0,True,,,,,,,False,,,,,,,False,False,left_to_right,False,112.0,10.4,,,False,False,False,False
53d18d98-5d06-4d2b-ac9d-67617bb20dbc,3754266,1611,2,00:04:42.576,49,42,30,Pass,103,31,Crystal Palace,From Free Kick,31,Crystal Palace,3277.0,Yohan Cabaye,Right Defensive Midfield,113.0,8.2,115.7,43.1,1.425868,False,,,,,,Incomplete,False,35.004284,1.4935862,High Pass,Free Kick,,,False,False,left_to_right,False,113.0,8.2,115.7,43.1,False,True,False,True
45fcf847-2086-452d-abe7-a3b9952a610c,3754266,1612,2,00:04:44.002,49,44,4,Duel,103,31,Crystal Palace,From Free Kick,31,Crystal Palace,3407.0,Scott Dann,Right Center Back,115.7,43.1,,,0.0,True,,,,,,,False,,,,,,,False,False,left_to_right,False,115.7,43.1,,,False,False,False,False
58600d84-363e-4564-9d25-100c664ad6bf,3754266,1613,2,00:04:44.002,49,44,9,Clearance,103,31,Crystal Palace,From Free Kick,23,Watford,3263.0,Craig Cathcart,Left Center Back,4.4,37.0,,,0.0,True,,,,,,,False,,,,,,,False,False,left_to_right,False,4.4,37.0,,,False,False,False,False
d3e6f0bc-bc7b-4261-b9fb-0ea7e779f12c,3754266,1614,2,00:04:45.815,49,45,9,Clearance,103,31,Crystal Palace,From Free Kick,23,Watford,3626.0,Ben Watson,Left Center Midfield,3.3,26.0,,,0.0,True,,,,,,,False,,,,,,,False,False,left_to_right,False,3.3,26.0,,,False,False,False,False
19ef06de-932c-4d5d-86ff-0391ef1ca8e8,3754266,1615,2,00:04:48.691,49,48,17,Pressure,103,31,Crystal Palace,From Free Kick,23,Watford,6870.0,José Manuel Jurado Marín,Left Midfield,29.7,5.0,,,1.271587,False,,,,,,,False,,,,,,,False,False,left_to_right,False,29.7,5.0,,,False,False,False,False
1643d544-765c-408a-aa4f-ff43342c5c76,3754266,1616,2,00:04:49.619,49,49,30,Pass,103,31,Crystal Palace,From Free Kick,31,Crystal Palace,3448.0,Martin Kelly,Right Back,88.6,77.1,90.8,77.3,0.645358,True,,,,,,Incomplete,False,2.209072,0.09065989,Ground Pass,Recovery,,,False,False,left_to_right,False,88.6,77.1,90.8,77.3,False,False,False,True
d1386f3b-5c6a-4981-8430-3ba5b02b54e4,3754266,1617,2,00:04:50.265,49,50,6,Block,103,31,Crystal Palace,From Free Kick,23,Watford,6870.0,José Manuel Jurado Marín,Left Midfield,29.3,2.8,,,0.0,False,,,,,,,False,,,,,,,False,False,left_to_right,False,29.3,2.8,,,False,False,False,False
c8687fe7-783b-4e82-a1ab-f01bc61bab84,3754266,1618,2,00:04:50.869,49,50,2,Ball Recovery,103,31,Crystal Palace,From Free Kick,23,Watford,6870.0,José Manuel Jurado Marín,Left Midfield,29.7,1.2,,,0.0,False,,,,,,,False,,,,,,,False,False,left_to_right,False,29.7,1.2,,,False,False,False,False
f3e7c4fb-6385-43d1-ac0c-4e6fa8ceb8ba,3754266,1619,2,00:04:50.869,49,50,43,Carry,103,31,Crystal Palace,From Free Kick,23,Watford,6870.0,José Manuel Jurado Marín,Left Midfield,29.7,1.2,30.7,1.5,0.215326,False,,,,,,,False,,,,,,,False,False,left_to_right,False,29.7,1.2,30.7,1.5,False,False,False,False
c79ef644-ef28-4dec-a65b-4e98326b6b25,3754266,1620,2,00:04:51.085,49,51,14,Dribble,103,31,Crystal Palace,From Free Kick,23,Watford,6870.0,José Manuel Jurado Marín,Left Midfield,30.7,1.5,,,0.0,True,,,,,,,False,,,,,,,False,False,left_to_right,False,30.7,1.5,,,False,False,False,False
18ec0fd1-824c-4597-bf14-191156938218,3754266,1621,2,00:04:51.085,49,51,4,Duel,103,31,Crystal Palace,From Free Kick,31,Crystal Palace,3448.0,Martin Kelly,Right Back,89.4,78.6,,,0.0,True,,,,,,,False,,,,,,,False,False,left_to_right,False,89.4,78.6,,,False,False,False,False
22c5b095-82ba-4fa7-b7f7-7f8ba26a78ce,3754266,1622,2,00:05:02.610,50,2,30,Pass,104,23,Watford,From Throw In,23,Watford,40118.0,Ikechi Anya,Left Back,36.2,0.1,63.1,2.6,1.542976,False,,,,,,Incomplete,False,27.01592,0.09267061,High Pass,Throw-in,,,False,False,left_to_right,False,36.2,0.1,63.1,2.6,False,True,False,True
3e07226e-bcbd-483b-9918-f23ba28e71ac,3754266,1623,2,00:05:04.153,50,4,30,Pass,104,23,Watford,From Throw In,31,Crystal Palace,3448.0,Martin Kelly,Right Back,57.0,77.5,64.9,78.1,1.240332,False,,,,,,Incomplete,False,7.922752,0.07580384,Low Pass,Recovery,,,False,False,left_to_right,False,57.0,77.5,64.9,78.1,False,False,False,True
6b870352-d997-47a9-b0a4-3967dd4508ca,3754266,1624,2,00:05:05.393,50,5,2,Ball Recovery,104,23,Watford,From Throw In,23,Watford,6870.0,José Manuel Jurado Marín,Left Midfield,55.2,2.0,,,0.0,False,,,,,,,False,,,,,,,False,False,left_to_right,False,55.2,2.0,,,False,False,False,False
b20d030a-7142-4127-bfba-19e08dde6ebf,3754266,1625,2,00:05:05.393,50,5,43,Carry,104,23,Watford,From Throw In,23,Watford,6870.0,José Manuel Jurado Marín,Left Midfield,55.2,2.0,57.1,1.4,1.516472,True,,,,,,,False,,,,,,,False,False,left_to_right,False,55.2,2.0,57.1,1.4,False,False,False,False
9aef4f2c-c15d-4d6a-82c8-b9e9e1b2e34b,3754266,1626,2,00:05:05.679,50,5,17,Pressure,104,23,Watford,From Throw In,31,Crystal Palace,19688.0,Jason Puncheon,Right Wing,68.5,78.7,,,1.054167,False,,,,,,,False,,,,,,,False,False,left_to_right,False,68.5,78.7,,,False,False,False,False
0ef69e6f-8275-486c-9927-ee093eb7a56f,3754266,1627,2,00:05:06.910,50,6,14,Dribble,104,23,Watford,From Throw In,23,Watford,6870.0,José Manuel Jurado Marín,Left Midfield,57.1,1.4,,,0.0,True,,,,,,,False,,,,,,,False,False,left_to_right,False,57.1,1.4,,,False,False,False,False
f0711c4e-633a-49d2-9f33-3f56b043ae78,3754266,1628,2,00:05:06.910,50,6,4,Duel,104,23,Watford,From Throw In,31,Crystal Palace,3277.0,Yohan Cabaye,Right Defensive Midfield,63.0,78.7,,,0.0,True,,,,,,,False,,,,,,,False,False,left_to_right,False,63.0,78.7,,,False,False,False,False
21fa49d6-dc80-48a7-8360-29d0d13cff6a,3754266,1629,2,00:05:24.318,50,24,30,Pass,105,23,Watford,From Throw In,23,Watford,40118.0,Ikechi Anya,Left Back,56.7,0.1,92.7,8.3,3.194954,False,,,,,,Incomplete,False,36.92208,0.2239568,High Pass,Throw-in,,,False,False,left_to_right,False,56.7,0.1,92.7,8.3,False,True,True,True
e87e9a0e-a63e-4389-9cc4-45e0b3fdf606,3754266,1630,2,00:05:27.513,50,27,30,Pass,105,23,Watford,From Throw In,31,Crystal Palace,3407.0,Scott Dann,Right Center Back,27.4,71.8,36.8,78.7,3.129343,False,,,,,,,True,11.660618,0.6332099,High Pass,Recovery,3277.0,Yohan Cabaye,False,False,left_to_right,False,27.4,71.8,36.8,78.7,False,False,False,False
26afb689-262e-4fa8-8c9f-fc9e494c997d,3754266,1631,2,00:05:30.642,50,30,42,Ball Receipt*,105,23,Watford,From Throw In,31,Crystal Palace,3277.0,Yohan Cabaye,Right Defensive Midfield,36.8,78.7,,,,False,,,,,,,False,,,,,,,False,False,left_to_right,False,36.8,78.7,,,False,False,False,False
d707f27f-3d2d-4121-b1ba-8ec9188f2f93,3754266,1632,2,00:05:30.642,50,30,43,Carry,105,23,Watford,From Throw In,31,Crystal Palace,3277.0,Yohan Cabaye,Right Defensive Midfield,36.8,78.7,37.0,78.7,0.136698,False,,,,,,,False,,,,,,,False,False,left_to_right,False,36.8,78.7,37.0,78.7,False,False,False,False
bb2de1c7-7f25-4bb5-8a0f-dddab67d46cf,3754266,1633,2,00:05:30.779,50,30,22,Foul Committed,105,23,Watford,From Throw In,31,Crystal Palace,3277.0,Yohan Cabaye,Right Defensive Midfield,37.0,78.7,,,0.0,False,,,,,,,False,,,,,,,False,False,left_to_right,False,37.0,78.7,,,False,False,False,False
6d5eb0df-b07d-462c-ad06-31ef1dd75656,3754266,1634,2,00:05:42.952,50,42,30,Pass,106,23,Watford,From Free Kick,23,Watford,6870.0,José Manuel Jurado Marín,Left Midfield,77.9,1.8,70.0,4.4,1.870744,False,,,,,,,True,8.316851,2.8236444,Ground Pass,Free Kick,40118.0,Ikechi Anya,False,False,left_to_right,False,77.9,1.8,70.0,4.4,False,False,False,False
228e846f-3d9e-4686-a542-d3ca78fdd666,3754266,1635,2,00:05:44.823,50,44,42,Ball Receipt*,106,23,Watford,From Free Kick,23,Watford,40118.0,Ikechi Anya,Left Back,70.0,4.4,,,,False,,,,,,,False,,,,,,,False,False,left_to_right,False,70.0,4.4,,,False,False,False,False
d83f9a28-73ef-4dda-88b4-06c288f89a28,3754266,1636,2,00:05:44.823,50,44,43,Carry,106,23,Watford,From Free Kick,23,Watford,40118.0,Ikechi Anya,Left Back,70.0,4.4,74.9,4.1,1.54711,True,,,,,,,False,,,,,,,False,False,left_to_right,False,70.0,4.4,74.9,4.1,False,False,False,False
1d9302c0-06e5-4d2c-a652-a689d8ff4a9c,3754266,1637,2,00:05:45.820,50,45,17,Pressure,106,23,Watford,From Free Kick,31,Crystal Palace,19688.0,Jason Puncheon,Right Wing,46.1,75.5,,,0.497131,False,,,,,,,False,,,,,,,False,False,left_to_right,False,46.1,75.5,,,False,False,False,False
1aec618e-d056-4ffc-a7e4-6f3d946769ab,3754266,1638,2,00:05:46.370,50,46,30,Pass,106,23,Watford,From Free Kick,23,Watford,40118.0,Ikechi Anya,Left Back,74.9,4.1,83.8,1.8,0.72097,False,,,,,,,True,9.192389,-0.25289407,Ground Pass,,6870.0,José Manuel Jurado Marín,False,False,left_to_right,False,74.9,4.1,83.8,1.8,False,False,True,False
42e5ce03-423f-4e0a-a43e-9ecba1a6814a,3754266,1639,2,00:05:46.923,50,46,17,Pressure,106,23,Watford,From Free Kick,31,Crystal Palace,3589.0,Yannick Bolasie Yala,Left Wing,34.3,77.5,,,0.752326,False,,,,,,,False,,,,,,,False,False,left_to_right,False,34.3,77.5,,,False,False,False,False
e3dba01c-38e1-4ec9-94e3-f8001d397f19,3754266,1640,2,00:05:47.091,50,47,42,Ball Receipt*,106,23,Watford,From Free Kick,23,Watford,6870.0,José Manuel Jurado Marín,Left Midfield,83.8,1.8,,,,True,,,,,,,False,,,,,,,False,False,left_to_right,False,83.8,1.8,,,False,False,False,False
ff4372ac-f77d-49d3-a0b8-f3f336fad0d3,3754266,1641,2,00:05:47.091,50,47,43,Carry,106,23,Watford,From Free Kick,23,Watford,6870.0,José Manuel Jurado Marín,Left Midfield,83.8,1.8,82.9,1.4,0.692245,True,,,,,,,False,,,,,,,False,False,left_to_right,False,83.8,1.8,82.9,1.4,False,False,False,False
ea2dab58-c714-44dd-a3a7-b386696eceec,3754266,1642,2,00:05:47.783,50,47,30,Pass,106,23,Watford,From Free Kick,23,Watford,6870.0,José Manuel Jurado Marín,Left Midfield,82.9,1.4,83.4,2.8,0.813139,False,,,,,,Incomplete,False,1.4866068,1.2277724,Ground Pass,,40118.0,Ikechi Anya,False,False,left_to_right,False,82.9,1.4,83.4,2.8,False,False,False,True
9297b4ef-745f-404d-9b64-6f7204166a67,3754266,1643,2,00:05:48.596,50,48,42,Ball Receipt*,106,23,Watford,From Free Kick,23,Watford,40118.0,Ikechi Anya,Left Back,87.6,5.0,,,,False,,,,,,,False,,,,,,,False,False,left_to_right,False,87.6,5.0,,,False,False,False,False
e7ca8ed4-7d28-4d59-8f62-957a59e5f77f,3754266,1644,2,00:05:48.596,50,48,2,Ball Recovery,107,31,Crystal Palace,Regular Play,31,Crystal Palace,3589.0,Yannick Bolasie Yala,Left Wing,36.7,77.3,,,0.0,False,,,,,,,False,,,,,,,False,False,left_to_right,False,36.7,77.3,,,False,False,False,False
b7da4614-211c-4581-95e1-71dfe9855b12,3754266,1645,2,00:05:48.596,50,48,43,Carry,107,31,Crystal Palace,Regular Play,31,Crystal Palace,3589.0,Yannick Bolasie Yala,Left Wing,36.7,77.3,43.1,73.8,2.049786,True,,,,,,,False,,,,,,,False,False,left_to_right,False,36.7,77.3,43.1,73.8,False,False,False,False
fbb0668f-7914-455d-a774-08e4b1cb1e5a,3754266,1646,2,00:05:49.444,50,49,17,Pressure,107,31,Crystal Palace,Regular Play,23,Watford,6870.0,José Manuel Jurado Marín,Left Midfield,83.8,4.8,,,1.154037,False,,,,,,,False,,,,,,,False,False,left_to_right,False,83.8,4.8,,,False,False,False,False
8821905b-65cc-47d3-a400-4d302246bf8b,3754266,1647,2,00:05:50.646,50,50,39,Dribbled Past,107,31,Crystal Palace,Regular Play,23,Watford,6870.0,José Manuel Jurado Marín,Left Midfield,77.0,6.3,,,0.0,False,,,,,,,False,,,,,,,False,False,left_to_right,False,77.0,6.3,,,False,False,False,False
81c62b2f-cc5e-463f-a60c-8b68b042d4e1,3754266,1648,2,00:05:50.646,50,50,14,Dribble,107,31,Crystal Palace,Regular Play,31,Crystal Palace,3589.0,Yannick Bolasie Yala,Left Wing,43.1,73.8,,,0.0,True,,,,,,,False,,,,,,,False,False,left_to_right,False,43.1,73.8,,,False,False,False,False
ff092beb-0de8-4783-85ee-7f7cea518997,3754266,1649,2,00:05:50.646,50,50,43,Carry,107,31,Crystal Palace,Regular Play,31,Crystal Palace,3589.0,Yannick Bolasie Yala,Left Wing,43.1,73.8,55.1,75.8,2.075803,True,,,,,,,False,,,,,,,False,False,left_to_right,False,43.1,73.8,55.1,75.8,False,False,False,False
a91443ec-678f-4ec5-9d1d-2e3df8538502,3754266,1650,2,00:05:50.746,50,50,17,Pressure,107,31,Crystal Palace,Regular Play,23,Watford,3721.0,Etienne Capoue,Right Center Midfield,71.3,8.3,,,1.992605,False,,,,,,,False,,,,,,,False,False,left_to_right,False,71.3,8.3,,,False,False,False,False
7d8e8273-989a-4e5f-8b08-d2fa4bd9aa61,3754266,1651,2,00:05:52.722,50,52,3,Dispossessed,107,31,Crystal Palace,Regular Play,31,Crystal Palace,3589.0,Yannick Bolasie Yala,Left Wing,55.1,75.8,,,0.456729,True,,,,,,,False,,,,,,,False,False,left_to_right,False,55.1,75.8,,,False,False,False,True
7dcc1f51-9644-4224-a6af-afd73ddef2d8,3754266,1652,2,00:05:52.722,50,52,4,Duel,107,31,Crystal Palace,Regular Play,23,Watford,3721.0,Etienne Capoue,Right Center Midfield,65.0,4.3,,,0.0,True,,,,,,,False,,,,,,,False,False,left_to_right,False,65.0,4.3,,,False,False,False,False
5e448246-5f4d-4137-a486-254c1c3ddbce,3754266,1653,2,00:05:52.748,50,52,22,Foul Committed,107,31,Crystal Palace,Regular Play,23,Watford,3721.0,Etienne Capoue,Right Center Midfield,65.8,1.2,,,0.0,False,,,,,,,False,,,,,,,False,False,left_to_right,False,65.8,1.2,,,False,False,False,False
2257c025-476c-4779-afbc-5822692c8704,3754266,1654,2,00:05:52.748,50,52,21,Foul Won,107,31,Crystal Palace,Regular Play,31,Crystal Palace,19688.0,Jason Puncheon,Right Wing,54.3,78.9,,,0.0,True,,,,,,,False,,,,,,,False,False,left_to_right,False,54.3,78.9,,,False,False,False,False
7ff7b551-5ff5-435a-8b29-a79eba2b4aa6,3754266,1655,2,00:06:40.190,51,40,30,Pass,108,31,Crystal Palace,From Free Kick,31,Crystal Palace,3448.0,Martin Kelly,Right Back,58.8,76.8,90.6,26.7,2.97845,False,,,,,,,True,59.340122,-1.0052303,High Pass,Free Kick,3407.0,Scott Dann,False,False,left_to_right,False,58.8,76.8,90.6,26.7,False,True,True,False
0d2d8758-d3f7-459f-9653-b52b3f8871ed,3754266,1656,2,00:06:43.168,51,43,42,Ball Receipt*,108,31,Crystal Palace,From Free Kick,31,Crystal Palace,3407.0,Scott Dann,Right Center Back,90.6,26.7,,,,False,,,,,,,False,,,,,,,False,False,left_to_right,False,90.6,26.7,,,False,False,False,False
214110f4-29e2-49e5-9265-73bd79eb7f65,3754266,1657,2,00:06:43.168,51,43,43,Carry,108,31,Crystal Palace,From Free Kick,31,Crystal Palace,3407.0,Scott Dann,Right Center Back,90.6,26.7,90.1,26.1,0.08,False,,,,,,,False,,,,,,,False,False,left_to_right,False,90.6,26.7,90.1,26.1,False,False,False,False
84b021dd-914c-4064-9df8-e817d67dfba2,3754266,1658,2,00:06:43.248,51,43,30,Pass,108,31,Crystal Palace,From Free Kick,31,Crystal Palace,3407.0,Scott Dann,Right Center Back,90.1,26.1,94.5,29.6,0.978533,False,,,,,,,True,5.6222773,0.67196316,Low Pass,,3469.0,Bakary Sako,False,False,left_to_right,False,90.1,26.1,94.5,29.6,False,False,False,False
10ad4fba-a3ce-4f81-8ff2-019c5b9c2570,3754266,1659,2,00:06:44.044,51,44,17,Pressure,108,31,Crystal Palace,From Free Kick,23,Watford,3721.0,Etienne Capoue,Right Center Midfield,23.8,50.1,,,0.726293,False,,,,,,,False,,,,,,,False,False,left_to_right,False,23.8,50.1,,,False,False,False,False
3df4a0f1-f05b-44f8-89df-d569115d27c4,3754266,1660,2,00:06:44.227,51,44,42,Ball Receipt*,108,31,Crystal Palace,From Free Kick,31,Crystal Palace,3469.0,Bakary Sako,Center Attacking Midfield,94.5,29.6,,,,True,,,,,,,False,,,,,,,False,False,left_to_right,False,94.5,29.6,,,False,False,False,False
e774de34-2a0e-4c9f-b118-122cdb65776f,3754266,1661,2,00:06:44.227,51,44,43,Carry,108,31,Crystal Palace,From Free Kick,31,Crystal Palace,3469.0,Bakary Sako,Center Attacking Midfield,94.5,29.6,93.9,28.1,1.480142,True,,,,,,,False,,,,,,,False,False,left_to_right,False,94.5,29.6,93.9,28.1,False,False,False,False
faa180e0-74ce-4f8e-bfa4-c5039cee915b,3754266,1662,2,00:06:45.707,51,45,3,Dispossessed,108,31,Crystal Palace,From Free Kick,31,Crystal Palace,3469.0,Bakary Sako,Center Attacking Midfield,93.9,28.1,,,0.0,True,,,,,,,False,,,,,,,False,False,left_to_right,False,93.9,28.1,,,False,False,False,True
184d4a77-4472-4f2d-9962-e019485e4ab4,3754266,1663,2,00:06:45.707,51,45,4,Duel,108,31,Crystal Palace,From Free Kick,23,Watford,3721.0,Etienne Capoue,Right Center Midfield,26.2,52.0,,,0.0,True,,,,,,,False,,,,,,,False,False,left_to_right,False,26.2,52.0,,,False,False,False,False
45d606cc-5853-44dc-8c86-6901a9f03560,3754266,1664,2,00:06:45.931,51,45,30,Pass,108,31,Crystal Palace,From Free Kick,23,Watford,43081.0,Almen Abdi,Right Midfield,27.1,54.0,20.3,52.9,0.883611,False,,,,,,,True,6.8883963,-2.9812171,High Pass,Recovery,3991.0,Allan Romeo Nyom,False,False,left_to_right,False,27.1,54.0,20.3,52.9,False,False,False,False
13a641c9-565d-448d-a2a6-779b22790464,3754266,1665,2,00:06:46.814,51,46,42,Ball Receipt*,108,31,Crystal Palace,From Free Kick,23,Watford,3991.0,Allan Romeo Nyom,Right Back,20.3,52.9,,,,False,,,,,,,False,,,,,,,False,False,left_to_right,False,20.3,52.9,,,False,False,False,False
bf1b0c44-dfe3-43e6-a568-488374c64f25,3754266,1666,2,00:06:46.814,51,46,30,Pass,108,31,Crystal Palace,From Free Kick,23,Watford,3991.0,Allan Romeo Nyom,Right Back,19.2,52.2,30.0,57.3,1.058675,False,,,,,,Incomplete,False,11.943618,0.44117948,High Pass,,,,False,False,left_to_right,False,19.2,52.2,30.0,57.3,False,False,False,True
d4e3e71a-7e35-4d76-a995-d179127b6ce6,3754266,1667,2,00:06:47.873,51,47,2,Ball Recovery,108,31,Crystal Palace,From Free Kick,31,Crystal Palace,3469.0,Bakary Sako,Center Attacking Midfield,90.1,22.8,,,0.0,False,,,,,,,False,,,,,,,False,False,left_to_right,False,90.1,22.8,,,False,False,False,False
1047abb1-9abb-4467-bb93-09d8272eab9d,3754266,1668,2,00:06:49.108,51,49,2,Ball Recovery,108,31,Crystal Palace,From Free Kick,31,Crystal Palace,4884.0,Pape N''Diaye Souaré,Left Back,80.4,21.6,,,0.0,False,,,,,,,False,,,,,,,False,False,left_to_right,False,80.4,21.6,,,False,False,False,False
bf18fd50-f933-4afc-b412-ae038014c93b,3754266,1669,2,00:06:49.108,51,49,43,Carry,108,31,Crystal Palace,From Free Kick,31,Crystal Palace,4884.0,Pape N''Diaye Souaré,Left Back,80.4,21.6,81.6,20.8,1.299478,True,,,,,,,False,,,,,,,False,False,left_to_right,False,80.4,21.6,81.6,20.8,False,False,False,False
b0393a5e-7c5d-47a2-a99f-40cf06b7f36c,3754266,1670,2,00:06:49.519,51,49,17,Pressure,108,31,Crystal Palace,From Free Kick,23,Watford,3454.0,Troy Deeney,Right Center Forward,41.9,57.1,,,0.999791,False,,,,,,,False,,,,,,,False,False,left_to_right,False,41.9,57.1,,,False,False,False,False
e4f623ec-45a7-4a38-9764-3b0caa0924e0,3754266,1671,2,00:06:50.407,51,50,30,Pass,108,31,Crystal Palace,From Free Kick,31,Crystal Palace,4884.0,Pape N''Diaye Souaré,Left Back,81.6,20.8,83.7,0.2,1.831497,True,,,,,,Out,False,20.706762,-1.4692055,Ground Pass,,3469.0,Bakary Sako,False,False,left_to_right,False,81.6,20.8,83.7,0.2,False,False,False,True
0bb1aecb-44b0-4b91-a676-a998b341fb59,3754266,1672,2,00:06:52.239,51,52,42,Ball Receipt*,108,31,Crystal Palace,From Free Kick,31,Crystal Palace,3469.0,Bakary Sako,Center Attacking Midfield,83.5,5.8,,,,False,,,,,,,False,,,,,,,False,False,left_to_right,False,83.5,5.8,,,False,False,False,False
89b2d448-7a95-491b-8c8b-2b8a7350d0b5,3754266,1673,2,00:07:11.077,52,11,30,Pass,109,23,Watford,From Throw In,23,Watford,3991.0,Allan Romeo Nyom,Right Back,43.4,80.0,70.5,71.7,2.179733,False,,,,,,Incomplete,False,28.342548,-0.2972019,High Pass,Throw-in,5458.0,Odion Jude Ighalo,False,False,left_to_right,False,43.4,80.0,70.5,71.7,False,True,False,True
1e673c83-b190-4371-82f0-9b091c776a34,3754266,1674,2,00:07:13.257,52,13,42,Ball Receipt*,109,23,Watford,From Throw In,23,Watford,5458.0,Odion Jude Ighalo,Left Center Forward,72.6,67.9,,,,False,,,,,,,False,,,,,,,False,False,left_to_right,False,72.6,67.9,,,False,False,False,False
f7b5a44d-1e65-426d-8189-974806897bda,3754266,1675,2,00:07:13.257,52,13,30,Pass,109,23,Watford,From Throw In,31,Crystal Palace,4884.0,Pape N''Diaye Souaré,Left Back,49.6,8.4,74.5,12.0,1.40847,False,,,,,,,True,25.158895,0.14358339,High Pass,Recovery,19688.0,Jason Puncheon,False,False,left_to_right,False,49.6,8.4,74.5,12.0,False,True,False,False
41ed1e5f-bd9b-4398-8d8f-8602864566c9,3754266,1676,2,00:07:14.665,52,14,42,Ball Receipt*,109,23,Watford,From Throw In,31,Crystal Palace,19688.0,Jason Puncheon,Right Wing,74.5,12.0,,,,False,,,,,,,False,,,,,,,False,False,left_to_right,False,74.5,12.0,,,False,False,False,False
07894716-6db4-489e-aa24-6cd9c97bab95,3754266,1677,2,00:07:14.696,52,14,30,Pass,109,23,Watford,From Throw In,31,Crystal Palace,19688.0,Jason Puncheon,Right Wing,75.5,12.2,100.9,19.6,2.908588,False,,,,,,Incomplete,False,26.456001,0.28349173,High Pass,,,,False,False,left_to_right,False,75.5,12.2,100.9,19.6,False,True,True,True
91c809ff-bdc3-487b-8b21-a2e44f6e2f1b,3754266,1678,2,00:07:16.957,52,16,17,Pressure,109,23,Watford,From Throw In,31,Crystal Palace,3092.0,Dwight Gayle,Center Forward,99.4,18.2,,,0.712854,False,,,,,,,False,,,,,,,False,False,left_to_right,False,99.4,18.2,,,False,False,False,False
2482b79a-dbf1-47bf-931a-bd9fb407f2fa,3754266,1679,2,00:07:17.604,52,17,9,Clearance,109,23,Watford,From Throw In,23,Watford,3309.0,Sebastian Prödl,Right Center Back,19.2,60.5,,,0.0,True,,,,,,,False,,,,,,,False,False,left_to_right,False,19.2,60.5,,,False,False,False,False
34b3c131-61ad-4917-82e9-eaa53a13e848,3754266,1680,2,00:07:19.313,52,19,17,Pressure,109,23,Watford,From Throw In,31,Crystal Palace,19688.0,Jason Puncheon,Right Wing,103.4,11.8,,,0.382403,False,,,,,,,False,,,,,,,False,False,left_to_right,False,103.4,11.8,,,False,False,False,False
7ed96c63-f993-4a45-83fc-366b210a95cf,3754266,1681,2,00:07:19.664,52,19,30,Pass,109,23,Watford,From Throw In,23,Watford,3991.0,Allan Romeo Nyom,Right Back,16.3,69.5,29.1,67.7,2.736061,True,,,,,,Unknown,False,12.925943,-0.13970888,Low Pass,Recovery,3721.0,Etienne Capoue,False,False,left_to_right,False,16.3,69.5,29.1,67.7,False,False,False,True
3078d6b5-60e6-40fa-a352-d67d2e15c4cb,3754266,1682,2,00:07:21.614,52,21,17,Pressure,109,23,Watford,From Throw In,31,Crystal Palace,19688.0,Jason Puncheon,Right Wing,92.8,13.9,,,0.717629,False,,,,,,,False,,,,,,,False,False,left_to_right,False,92.8,13.9,,,False,False,False,False
d46b9e89-7393-41e4-8243-79e48d0c130c,3754266,1683,2,00:07:22.400,52,22,42,Ball Receipt*,109,23,Watford,From Throw In,23,Watford,3721.0,Etienne Capoue,Right Center Midfield,29.5,68.8,,,,False,,,,,,,False,,,,,,,False,False,left_to_right,False,29.5,68.8,,,False,False,False,False
c2280032-0804-4c3a-975e-ee0ac160261c,3754266,1684,2,00:07:22.575,52,22,22,Foul Committed,109,23,Watford,From Throw In,31,Crystal Palace,19688.0,Jason Puncheon,Right Wing,91.4,12.0,,,0.0,False,,,,,,,False,,,,,,,False,False,left_to_right,False,91.4,12.0,,,False,False,False,False
a561fd51-e626-45a8-9778-920891de7c00,3754266,1685,2,00:07:22.575,52,22,21,Foul Won,109,23,Watford,From Throw In,23,Watford,3721.0,Etienne Capoue,Right Center Midfield,28.7,68.1,,,0.0,True,,,,,,,False,,,,,,,False,False,left_to_right,False,28.7,68.1,,,False,False,False,False
ce300f4f-a543-447c-a06e-738850be7321,3754266,1686,2,00:07:55.670,52,55,30,Pass,110,23,Watford,From Free Kick,23,Watford,3522.0,Heurelho da Silva Gomes,Goalkeeper,28.3,69.9,92.3,57.1,4.334202,False,,,,,,,True,65.26745,-0.19739556,High Pass,Free Kick,3454.0,Troy Deeney,False,False,left_to_right,False,28.3,69.9,92.3,57.1,False,True,True,False
0fb13f07-292f-4bbb-83d6-1c6055179ea0,3754266,1687,2,00:08:00.004,53,0,42,Ball Receipt*,110,23,Watford,From Free Kick,23,Watford,3454.0,Troy Deeney,Right Center Forward,92.3,57.1,,,,False,,,,,,,False,,,,,,,False,False,left_to_right,False,92.3,57.1,,,False,False,False,False
9e4f7a2b-9f06-4d25-b184-b71d0a81355f,3754266,1688,2,00:08:00.044,53,0,4,Duel,110,23,Watford,From Free Kick,31,Crystal Palace,43695.0,Brede Hangeland,Left Center Back,28.4,23.6,,,0.0,True,,,,,,,False,,,,,,,False,False,left_to_right,False,28.4,23.6,,,False,False,False,False
e80371b9-2e76-4d5d-93c2-1e9fc410317b,3754266,1689,2,00:08:00.044,53,0,30,Pass,110,23,Watford,From Free Kick,23,Watford,3454.0,Troy Deeney,Right Center Forward,91.7,56.5,100.8,54.8,0.483395,True,,,,,,Incomplete,False,9.257429,-0.18468438,Low Pass,,5458.0,Odion Jude Ighalo,False,False,left_to_right,False,91.7,56.5,100.8,54.8,False,True,False,True
5e25fefd-4360-4325-9e7b-c5922d0a9cc5,3754266,1690,2,00:08:00.528,53,0,42,Ball Receipt*,110,23,Watford,From Free Kick,23,Watford,5458.0,Odion Jude Ighalo,Left Center Forward,100.6,52.5,,,,False,,,,,,,False,,,,,,,False,False,left_to_right,False,100.6,52.5,,,False,False,False,False
5ca040cd-5ebc-45bc-896d-29f8993701f8,3754266,1691,2,00:08:00.528,53,0,2,Ball Recovery,111,31,Crystal Palace,Regular Play,31,Crystal Palace,4817.0,Joe Ledley,Left Defensive Midfield,19.3,25.3,,,0.0,False,,,,,,,False,,,,,,,False,False,left_to_right,False,19.3,25.3,,,False,False,False,False
516b2b2f-a0fb-4ad7-b7f3-af37f3e9093b,3754266,1692,2,00:08:00.528,53,0,43,Carry,111,31,Crystal Palace,Regular Play,31,Crystal Palace,4817.0,Joe Ledley,Left Defensive Midfield,19.3,25.3,19.5,27.9,1.03024,True,,,,,,,False,,,,,,,False,False,left_to_right,False,19.3,25.3,19.5,27.9,False,False,False,False
9b243c7c-21f3-4901-8479-86520367d25a,3754266,1693,2,00:08:00.829,53,0,17,Pressure,111,31,Crystal Palace,Regular Play,23,Watford,5458.0,Odion Jude Ighalo,Left Center Forward,100.6,50.3,,,0.677458,False,,,,,,,False,,,,,,,False,False,left_to_right,False,100.6,50.3,,,False,False,False,False
189798de-7a62-4383-af7b-568e11141de8,3754266,1694,2,00:08:01.558,53,1,30,Pass,111,31,Crystal Palace,Regular Play,31,Crystal Palace,4817.0,Joe Ledley,Left Defensive Midfield,19.5,27.9,58.1,20.4,2.311246,False,,,,,,,True,39.321877,-0.19190933,High Pass,,3092.0,Dwight Gayle,False,False,left_to_right,False,19.5,27.9,58.1,20.4,False,True,False,False
ed73aa55-4dbe-4dbf-a3c8-d02c7ec68fc2,3754266,1695,2,00:08:03.869,53,3,42,Ball Receipt*,111,31,Crystal Palace,Regular Play,31,Crystal Palace,3092.0,Dwight Gayle,Center Forward,58.1,20.4,,,,False,,,,,,,False,,,,,,,False,False,left_to_right,False,58.1,20.4,,,False,False,False,False
58779a2d-56d1-4fe3-909c-84904bdf873d,3754266,1696,2,00:08:03.909,53,3,4,Duel,111,31,Crystal Palace,Regular Play,23,Watford,3309.0,Sebastian Prödl,Right Center Back,61.3,58.5,,,0.0,True,,,,,,,False,,,,,,,False,False,left_to_right,False,61.3,58.5,,,False,False,False,False
da8dd4aa-068f-4551-af2f-f2e7415019ce,3754266,1697,2,00:08:03.909,53,3,30,Pass,111,31,Crystal Palace,Regular Play,31,Crystal Palace,3092.0,Dwight Gayle,Center Forward,58.8,21.6,62.1,7.3,1.679529,True,,,,,,,True,14.675831,-1.3439975,High Pass,,19688.0,Jason Puncheon,False,False,left_to_right,False,58.8,21.6,62.1,7.3,False,False,False,False
2b606d52-6a8d-45cc-a20f-d79a752abd1b,3754266,1698,2,00:08:05.589,53,5,42,Ball Receipt*,111,31,Crystal Palace,Regular Play,31,Crystal Palace,19688.0,Jason Puncheon,Right Wing,62.1,7.3,,,,False,,,,,,,False,,,,,,,False,False,left_to_right,False,62.1,7.3,,,False,False,False,False
3d712528-d49c-4eab-a4ff-2eafd4532e53,3754266,1699,2,00:08:05.589,53,5,43,Carry,111,31,Crystal Palace,Regular Play,31,Crystal Palace,19688.0,Jason Puncheon,Right Wing,62.1,7.3,59.2,12.6,2.181341,True,,,,,,,False,,,,,,,False,False,left_to_right,False,62.1,7.3,59.2,12.6,False,False,False,False
3fa3ddd3-79a0-4ba6-92e6-af41374b4de9,3754266,1700,2,00:08:05.901,53,5,17,Pressure,111,31,Crystal Palace,Regular Play,23,Watford,3991.0,Allan Romeo Nyom,Right Back,58.2,70.7,,,1.014404,False,,,,,,,False,,,,,,,False,False,left_to_right,False,58.2,70.7,,,False,False,False,False
6739a77a-2862-4b63-a942-b30f120c0376,3754266,1701,2,00:08:07.770,53,7,30,Pass,111,31,Crystal Palace,Regular Play,31,Crystal Palace,19688.0,Jason Puncheon,Right Wing,59.2,12.6,48.6,23.4,0.903097,False,,,,,,,True,15.132746,2.346849,Ground Pass,,4817.0,Joe Ledley,False,False,left_to_right,False,59.2,12.6,48.6,23.4,False,False,False,False
02a59aff-0237-4cea-8463-6cff671e33ee,3754266,1702,2,00:08:08.673,53,8,42,Ball Receipt*,111,31,Crystal Palace,Regular Play,31,Crystal Palace,4817.0,Joe Ledley,Left Defensive Midfield,48.6,23.4,,,,False,,,,,,,False,,,,,,,False,False,left_to_right,False,48.6,23.4,,,False,False,False,False
b3e51b69-ee65-4c18-97c5-18de4e97dfe1,3754266,1703,2,00:08:08.673,53,8,43,Carry,111,31,Crystal Palace,Regular Play,31,Crystal Palace,4817.0,Joe Ledley,Left Defensive Midfield,48.6,23.4,49.3,23.7,0.214779,False,,,,,,,False,,,,,,,False,False,left_to_right,False,48.6,23.4,49.3,23.7,False,False,False,False
e6da9597-0543-4da5-9cee-f776a8894324,3754266,1704,2,00:08:08.888,53,8,30,Pass,111,31,Crystal Palace,Regular Play,31,Crystal Palace,4817.0,Joe Ledley,Left Defensive Midfield,49.3,23.7,42.7,7.5,1.116883,False,,,,,,,True,17.492855,-1.957672,Ground Pass,,4884.0,Pape N''Diaye Souaré,False,False,left_to_right,False,49.3,23.7,42.7,7.5,False,False,False,False
690ee4fd-6ab1-4387-8be1-3fc2b419b67b,3754266,1705,2,00:08:10.005,53,10,42,Ball Receipt*,111,31,Crystal Palace,Regular Play,31,Crystal Palace,4884.0,Pape N''Diaye Souaré,Left Back,42.7,7.5,,,,False,,,,,,,False,,,,,,,False,False,left_to_right,False,42.7,7.5,,,False,False,False,False
81a9adba-a2c0-4c1d-98fe-f1aa94bcccee,3754266,1706,2,00:08:10.005,53,10,43,Carry,111,31,Crystal Palace,Regular Play,31,Crystal Palace,4884.0,Pape N''Diaye Souaré,Left Back,42.7,7.5,46.0,5.7,0.857851,False,,,,,,,False,,,,,,,False,False,left_to_right,False,42.7,7.5,46.0,5.7,False,False,False,False
c27157cb-e24e-41e0-b47b-dfbac2781d6d,3754266,1707,2,00:08:10.863,53,10,30,Pass,111,31,Crystal Palace,Regular Play,31,Crystal Palace,4884.0,Pape N''Diaye Souaré,Left Back,46.0,5.7,109.7,26.9,3.972598,False,,,,,,Incomplete,False,67.13516,0.32127953,High Pass,,,,False,False,left_to_right,False,46.0,5.7,109.7,26.9,False,True,True,True
dbca4bd7-2b55-47e4-b0fc-fd80de9b1ced,3754266,1708,2,00:08:14.835,53,14,2,Ball Recovery,112,23,Watford,Regular Play,23,Watford,3522.0,Heurelho da Silva Gomes,Goalkeeper,10.4,53.2,,,0.0,False,,,,,,,False,,,,,,,False,False,left_to_right,False,10.4,53.2,,,False,False,False,False
20d7143b-cece-48c9-948c-a66c9061daac,3754266,1709,2,00:08:14.835,53,14,43,Carry,112,23,Watford,Regular Play,23,Watford,3522.0,Heurelho da Silva Gomes,Goalkeeper,10.4,53.2,10.6,53.4,0.328377,False,,,,,,,False,,,,,,,False,False,left_to_right,False,10.4,53.2,10.6,53.4,False,False,False,False
394e7371-952b-41c8-81d0-f8beac98b3b2,3754266,1710,2,00:08:15.164,53,15,30,Pass,112,23,Watford,Regular Play,23,Watford,3522.0,Heurelho da Silva Gomes,Goalkeeper,10.6,53.4,25.1,44.0,1.450138,False,,,,,,,True,17.280336,-0.57516223,Ground Pass,,3263.0,Craig Cathcart,False,False,left_to_right,False,10.6,53.4,25.1,44.0,False,False,False,False
89d6a153-6e50-428b-b1ab-d8aa1537b754,3754266,1711,2,00:08:16.614,53,16,42,Ball Receipt*,112,23,Watford,Regular Play,23,Watford,3263.0,Craig Cathcart,Left Center Back,25.1,44.0,,,,False,,,,,,,False,,,,,,,False,False,left_to_right,False,25.1,44.0,,,False,False,False,False
57c1cf98-822e-4d89-ac09-2612564de3e8,3754266,1712,2,00:08:16.614,53,16,43,Carry,112,23,Watford,Regular Play,23,Watford,3263.0,Craig Cathcart,Left Center Back,25.1,44.0,26.2,43.4,0.632325,False,,,,,,,False,,,,,,,False,False,left_to_right,False,25.1,44.0,26.2,43.4,False,False,False,False
9a0507c2-0a8a-43c4-a861-ed7b3ddd6ae9,3754266,1713,2,00:08:17.246,53,17,30,Pass,112,23,Watford,Regular Play,23,Watford,3263.0,Craig Cathcart,Left Center Back,26.2,43.4,37.3,45.4,1.165063,False,,,,,,,True,11.278741,0.17826746,Ground Pass,,3626.0,Ben Watson,False,False,left_to_right,False,26.2,43.4,37.3,45.4,False,False,False,False
305cd23a-5930-4db8-a090-55e9d3da9d7d,3754266,1714,2,00:08:18.411,53,18,42,Ball Receipt*,112,23,Watford,Regular Play,23,Watford,3626.0,Ben Watson,Left Center Midfield,37.3,45.4,,,,False,,,,,,,False,,,,,,,False,False,left_to_right,False,37.3,45.4,,,False,False,False,False
15187b85-630b-4b11-a4af-bdaae38b5003,3754266,1715,2,00:08:18.411,53,18,43,Carry,112,23,Watford,Regular Play,23,Watford,3626.0,Ben Watson,Left Center Midfield,37.3,45.4,54.2,28.9,3.238531,False,,,,,,,False,,,,,,,False,False,left_to_right,False,37.3,45.4,54.2,28.9,False,False,False,False
ad0e936a-dd65-437d-b093-64aef947d587,3754266,1716,2,00:08:21.650,53,21,30,Pass,112,23,Watford,Regular Play,23,Watford,3626.0,Ben Watson,Left Center Midfield,54.2,28.9,64.4,2.2,1.310748,False,,,,,,,True,28.581987,-1.2058833,Ground Pass,,40118.0,Ikechi Anya,False,False,left_to_right,False,54.2,28.9,64.4,2.2,False,False,False,False
597ab378-345e-403b-bbbd-e64e7fa5d180,3754266,1717,2,00:08:22.960,53,22,42,Ball Receipt*,112,23,Watford,Regular Play,23,Watford,40118.0,Ikechi Anya,Left Back,64.4,2.2,,,,False,,,,,,,False,,,,,,,False,False,left_to_right,False,64.4,2.2,,,False,False,False,False
a823aa5c-734a-4eba-902e-7ce6c31a9c77,3754266,1718,2,00:08:22.960,53,22,43,Carry,112,23,Watford,Regular Play,23,Watford,40118.0,Ikechi Anya,Left Back,64.4,2.2,64.4,1.8,1.575867,False,,,,,,,False,,,,,,,False,False,left_to_right,False,64.4,2.2,64.4,1.8,False,False,False,False
606878b0-f620-446f-bbf5-8f3533b508c7,3754266,1719,2,00:08:24.536,53,24,30,Pass,112,23,Watford,Regular Play,23,Watford,40118.0,Ikechi Anya,Left Back,64.4,1.8,37.3,24.9,1.762925,False,,,,,,,True,35.60927,2.4357078,Low Pass,,3263.0,Craig Cathcart,False,False,left_to_right,False,64.4,1.8,37.3,24.9,False,False,False,False
34e70809-c624-4a21-9a9d-347c0e0b6e61,3754266,1720,2,00:08:26.299,53,26,42,Ball Receipt*,112,23,Watford,Regular Play,23,Watford,3263.0,Craig Cathcart,Left Center Back,37.3,24.9,,,,False,,,,,,,False,,,,,,,False,False,left_to_right,False,37.3,24.9,,,False,False,False,False
6394644a-b1a2-4d61-9661-3b0cb78f5f67,3754266,1721,2,00:08:26.299,53,26,43,Carry,112,23,Watford,Regular Play,23,Watford,3263.0,Craig Cathcart,Left Center Back,37.3,24.9,37.5,29.7,5.8663,False,,,,,,,False,,,,,,,False,False,left_to_right,False,37.3,24.9,37.5,29.7,False,False,False,False
965413fd-eb1c-4544-a86a-40a94818d499,3754266,1722,2,00:08:32.166,53,32,30,Pass,112,23,Watford,Regular Play,23,Watford,3263.0,Craig Cathcart,Left Center Back,37.5,29.7,88.7,65.0,2.654012,False,,,,,,,True,62.18947,0.6036124,High Pass,,3454.0,Troy Deeney,False,False,left_to_right,False,37.5,29.7,88.7,65.0,False,True,True,False
dc77a5ce-74f9-4ca6-82ff-36299653d58c,3754266,1723,2,00:08:34.820,53,34,42,Ball Receipt*,112,23,Watford,Regular Play,23,Watford,3454.0,Troy Deeney,Right Center Forward,88.7,65.0,,,,False,,,,,,,False,,,,,,,False,False,left_to_right,False,88.7,65.0,,,False,False,False,False
d068f221-8e75-4170-8b30-0488152834a1,3754266,1724,2,00:08:34.820,53,34,43,Carry,112,23,Watford,Regular Play,23,Watford,3454.0,Troy Deeney,Right Center Forward,88.7,65.0,88.7,64.8,0.054012,False,,,,,,,False,,,,,,,False,False,left_to_right,False,88.7,65.0,88.7,64.8,False,False,False,False
cdfb95ac-e23c-434a-a0e6-44726ba65fbd,3754266,1725,2,00:08:34.874,53,34,30,Pass,112,23,Watford,Regular Play,23,Watford,3454.0,Troy Deeney,Right Center Forward,88.7,64.8,92.7,48.9,1.135943,False,,,,,,,True,16.395426,-1.3243383,High Pass,,5458.0,Odion Jude Ighalo,False,False,left_to_right,False,88.7,64.8,92.7,48.9,False,True,False,False
08d670ec-8bd1-4dc0-a4b8-b51341c6d79f,3754266,1726,2,00:08:36.009,53,36,42,Ball Receipt*,112,23,Watford,Regular Play,23,Watford,5458.0,Odion Jude Ighalo,Left Center Forward,92.7,48.9,,,,False,,,,,,,False,,,,,,,False,False,left_to_right,False,92.7,48.9,,,False,False,False,False
0e626ff1-7c14-40cd-8438-601298a7fb32,3754266,1727,2,00:08:36.009,53,36,43,Carry,112,23,Watford,Regular Play,23,Watford,5458.0,Odion Jude Ighalo,Left Center Forward,92.7,48.9,96.2,48.3,0.29857,False,,,,,,,False,,,,,,,False,False,left_to_right,False,92.7,48.9,96.2,48.3,False,False,False,False
295d432f-29b8-42f1-a090-9a9d1d8a36b9,3754266,1728,2,00:08:36.308,53,36,30,Pass,112,23,Watford,Regular Play,23,Watford,5458.0,Odion Jude Ighalo,Left Center Forward,96.2,48.3,92.3,50.3,0.641366,False,,,,,,,True,4.382921,2.6677413,Ground Pass,,43081.0,Almen Abdi,True,False,left_to_right,False,96.2,48.3,92.3,50.3,False,False,False,False
a224e53b-2f87-4990-82af-b2717ef3a4c3,3754266,1729,2,00:08:36.949,53,36,42,Ball Receipt*,112,23,Watford,Regular Play,23,Watford,43081.0,Almen Abdi,Right Midfield,92.3,50.3,,,,False,,,,,,,False,,,,,,,False,False,left_to_right,False,92.3,50.3,,,False,False,False,False
dad7525b-d423-4fa6-b8ce-d58d26518850,3754266,1730,2,00:08:37.021,53,37,16,Shot,112,23,Watford,Regular Play,23,Watford,43081.0,Almen Abdi,Right Midfield,95.8,49.7,118.3,37.9,0.779993,False,0.048125554,Saved,Right Foot,Normal,Open Play,,False,,,,,,,False,False,left_to_right,False,95.8,49.7,118.3,37.9,False,False,False,False
ad1ee484-92d9-4b00-84fc-9e0886a2b5e6,3754266,1731,2,00:08:37.801,53,37,23,Goal Keeper,113,31,Crystal Palace,Regular Play,31,Crystal Palace,3488.0,Wayne Hennessey,Goalkeeper,4.3,38.3,,,0.0,False,,,,,,,False,,,,,,,False,False,left_to_right,False,4.3,38.3,,,False,False,False,False
ebc94db8-37e6-4e44-ad70-d4f6de6163a8,3754266,1732,2,00:08:48.900,53,48,30,Pass,114,31,Crystal Palace,From Keeper,31,Crystal Palace,3488.0,Wayne Hennessey,Goalkeeper,12.0,33.4,61.4,57.2,3.996184,False,,,,,,Incomplete,False,54.834297,0.44896677,High Pass,,,,False,False,left_to_right,False,12.0,33.4,61.4,57.2,False,True,False,True
ea32e611-5a5e-4e30-ac64-0f5c0ad6cf25,3754266,1733,2,00:08:52.896,53,52,30,Pass,114,31,Crystal Palace,From Keeper,23,Watford,40118.0,Ikechi Anya,Left Back,58.7,22.9,76.8,24.0,1.184899,False,,,,,,Incomplete,False,18.133394,0.060698826,High Pass,Recovery,,,False,False,left_to_right,False,58.7,22.9,76.8,24.0,False,True,False,True
e7efa1d0-f464-4662-af79-5c48ed365778,3754266,1734,2,00:08:54.081,53,54,30,Pass,115,31,Crystal Palace,From Keeper,31,Crystal Palace,3277.0,Yohan Cabaye,Right Defensive Midfield,43.3,56.1,51.9,38.9,2.682636,False,,,,,,,True,19.230185,-1.1071488,Low Pass,Recovery,19688.0,Jason Puncheon,False,False,left_to_right,False,43.3,56.1,51.9,38.9,False,False,False,False
a1cf9960-5e61-4cb5-9f6a-d042f1e239e3,3754266,1735,2,00:08:56.764,53,56,42,Ball Receipt*,115,31,Crystal Palace,From Keeper,31,Crystal Palace,19688.0,Jason Puncheon,Right Wing,51.9,38.9,,,,False,,,,,,,False,,,,,,,False,False,left_to_right,False,51.9,38.9,,,False,False,False,False
2da26ba6-abb5-4567-bb4d-80b7aa947162,3754266,1736,2,00:08:56.764,53,56,43,Carry,115,31,Crystal Palace,From Keeper,31,Crystal Palace,19688.0,Jason Puncheon,Right Wing,51.9,38.9,54.5,29.2,0.052986,False,,,,,,,False,,,,,,,False,False,left_to_right,False,51.9,38.9,54.5,29.2,False,False,False,False
dbe545ba-3095-4806-9633-935eefd25763,3754266,1737,2,00:08:56.817,53,56,30,Pass,115,31,Crystal Palace,From Keeper,31,Crystal Palace,19688.0,Jason Puncheon,Right Wing,54.5,29.2,65.1,14.7,1.567283,False,,,,,,,True,17.961348,-0.939544,Ground Pass,,3469.0,Bakary Sako,False,False,left_to_right,False,54.5,29.2,65.1,14.7,False,False,False,False
f22fd252-94ae-43be-a13a-5321e788a670,3754266,1738,2,00:08:58.384,53,58,42,Ball Receipt*,115,31,Crystal Palace,From Keeper,31,Crystal Palace,3469.0,Bakary Sako,Center Attacking Midfield,65.1,14.7,,,,False,,,,,,,False,,,,,,,False,False,left_to_right,False,65.1,14.7,,,False,False,False,False
2a91b129-32fb-4be2-a98f-55daea62e55b,3754266,1739,2,00:08:58.384,53,58,43,Carry,115,31,Crystal Palace,From Keeper,31,Crystal Palace,3469.0,Bakary Sako,Center Attacking Midfield,65.1,14.7,85.9,9.8,4.197302,False,,,,,,,False,,,,,,,False,False,left_to_right,False,65.1,14.7,85.9,9.8,False,False,False,False
0844947f-665b-46c5-bd1c-a5fe3a6cba3f,3754266,1740,2,00:09:02.581,54,2,30,Pass,115,31,Crystal Palace,From Keeper,31,Crystal Palace,3469.0,Bakary Sako,Center Attacking Midfield,85.9,9.8,77.3,10.4,0.93107,False,,,,,,,True,8.620905,3.071938,Ground Pass,,19688.0,Jason Puncheon,False,False,left_to_right,False,85.9,9.8,77.3,10.4,False,False,False,False
5cbe9ab4-eec2-4253-8fd5-ec8b31bb8df8,3754266,1741,2,00:09:03.512,54,3,42,Ball Receipt*,115,31,Crystal Palace,From Keeper,31,Crystal Palace,19688.0,Jason Puncheon,Right Wing,77.3,10.4,,,,False,,,,,,,False,,,,,,,False,False,left_to_right,False,77.3,10.4,,,False,False,False,False
df8ab932-3c0a-4c1c-bdf7-324823eed920,3754266,1742,2,00:09:03.512,54,3,43,Carry,115,31,Crystal Palace,From Keeper,31,Crystal Palace,19688.0,Jason Puncheon,Right Wing,77.3,10.4,78.2,10.2,1.956981,False,,,,,,,False,,,,,,,False,False,left_to_right,False,77.3,10.4,78.2,10.2,False,False,False,False
17429bc8-f5e6-4bb4-9c0d-efcfaccdf699,3754266,1743,2,00:09:05.469,54,5,30,Pass,115,31,Crystal Palace,From Keeper,31,Crystal Palace,19688.0,Jason Puncheon,Right Wing,78.2,10.2,97.1,27.2,1.437551,False,,,,,,,True,25.42066,0.7325227,Ground Pass,,3092.0,Dwight Gayle,False,False,left_to_right,False,78.2,10.2,97.1,27.2,False,True,True,False
a040dd25-f840-41c2-a08e-5b9de8525fc0,3754266,1744,2,00:09:06.818,54,6,17,Pressure,115,31,Crystal Palace,From Keeper,23,Watford,3309.0,Sebastian Prödl,Right Center Back,21.4,51.6,,,0.210312,False,,,,,,,False,,,,,,,False,False,left_to_right,False,21.4,51.6,,,False,False,False,False
e6fdee0a-7a08-4f60-8aca-90cba32151ee,3754266,1745,2,00:09:06.907,54,6,42,Ball Receipt*,115,31,Crystal Palace,From Keeper,31,Crystal Palace,3092.0,Dwight Gayle,Center Forward,97.1,27.2,,,,True,,,,,,,False,,,,,,,False,False,left_to_right,False,97.1,27.2,,,False,False,False,False
551f0d15-5517-41de-bf02-b9a54b146628,3754266,1746,2,00:09:06.907,54,6,43,Carry,115,31,Crystal Palace,From Keeper,31,Crystal Palace,3092.0,Dwight Gayle,Center Forward,97.1,27.2,98.5,26.5,0.212081,True,,,,,,,False,,,,,,,False,False,left_to_right,False,97.1,27.2,98.5,26.5,False,False,False,False
a78c6ade-349f-4778-a57b-ef302d187fbc,3754266,1747,2,00:09:07.119,54,7,38,Miscontrol,115,31,Crystal Palace,From Keeper,31,Crystal Palace,3092.0,Dwight Gayle,Center Forward,98.5,26.5,,,0.0,False,,,,,,,False,,,,,,,False,False,left_to_right,False,98.5,26.5,,,False,False,False,True
ecde276f-0995-4714-8775-18d7ec492358,3754266,1748,2,00:09:07.793,54,7,17,Pressure,115,31,Crystal Palace,From Keeper,31,Crystal Palace,3092.0,Dwight Gayle,Center Forward,92.0,26.1,,,0.293041,False,,,,,,,False,,,,,,,False,False,left_to_right,False,92.0,26.1,,,False,False,False,False
3242130d-fa23-45b8-8661-eb93024758a1,3754266,1749,2,00:09:07.953,54,7,30,Pass,116,23,Watford,Regular Play,23,Watford,43081.0,Almen Abdi,Right Midfield,29.7,56.9,21.0,63.7,0.708427,True,,,,,,,True,11.0421915,2.4781666,Low Pass,Recovery,3991.0,Allan Romeo Nyom,False,False,left_to_right,False,29.7,56.9,21.0,63.7,False,False,False,False
75e22e65-9a97-4e65-af66-3a8505d79400,3754266,1750,2,00:09:08.662,54,8,42,Ball Receipt*,116,23,Watford,Regular Play,23,Watford,3991.0,Allan Romeo Nyom,Right Back,21.0,63.7,,,,False,,,,,,,False,,,,,,,False,False,left_to_right,False,21.0,63.7,,,False,False,False,False
3b9c97e3-1d28-4803-a3a6-f51610fc8c6b,3754266,1751,2,00:09:08.662,54,8,43,Carry,116,23,Watford,Regular Play,23,Watford,3991.0,Allan Romeo Nyom,Right Back,21.0,63.7,21.4,64.2,0.654711,False,,,,,,,False,,,,,,,False,False,left_to_right,False,21.0,63.7,21.4,64.2,False,False,False,False
01069f9e-dd14-453d-8e16-fe39f56444a5,3754266,1752,2,00:09:09.317,54,9,30,Pass,116,23,Watford,Regular Play,23,Watford,3991.0,Allan Romeo Nyom,Right Back,21.4,64.2,20.9,53.8,0.852879,False,,,,,,,True,10.412012,-1.6188363,Ground Pass,,3309.0,Sebastian Prödl,False,False,left_to_right,False,21.4,64.2,20.9,53.8,False,False,False,False
0f8ebacc-fa26-4b93-ad11-dcb351639db8,3754266,1753,2,00:09:10.169,54,10,42,Ball Receipt*,116,23,Watford,Regular Play,23,Watford,3309.0,Sebastian Prödl,Right Center Back,20.9,53.8,,,,False,,,,,,,False,,,,,,,False,False,left_to_right,False,20.9,53.8,,,False,False,False,False
b5d3d9a7-9c95-4605-86a8-a0f2e53b8f00,3754266,1754,2,00:09:10.169,54,10,43,Carry,116,23,Watford,Regular Play,23,Watford,3309.0,Sebastian Prödl,Right Center Back,20.9,53.8,21.6,53.4,0.041552,False,,,,,,,False,,,,,,,False,False,left_to_right,False,20.9,53.8,21.6,53.4,False,False,False,False
16f325dc-5e51-454a-9dcc-9385d4a74b4d,3754266,1755,2,00:09:10.211,54,10,30,Pass,116,23,Watford,Regular Play,23,Watford,3309.0,Sebastian Prödl,Right Center Back,21.6,53.4,64.0,71.9,3.262155,False,,,,,,Incomplete,False,46.260242,0.41142023,High Pass,,5458.0,Odion Jude Ighalo,False,False,left_to_right,False,21.6,53.4,64.0,71.9,False,True,False,True
4c5b3c10-6b15-4fef-89af-40fa4c4726e5,3754266,1756,2,00:09:13.473,54,13,42,Ball Receipt*,116,23,Watford,Regular Play,23,Watford,5458.0,Odion Jude Ighalo,Left Center Forward,61.5,58.2,,,,False,,,,,,,False,,,,,,,False,False,left_to_right,False,61.5,58.2,,,False,False,False,False
7c34fc85-f05f-43d9-aaf5-1b43a1d0b90a,3754266,1757,2,00:09:13.473,54,13,2,Ball Recovery,117,31,Crystal Palace,Regular Play,31,Crystal Palace,43695.0,Brede Hangeland,Left Center Back,56.1,8.2,,,0.0,False,,,,,,,False,,,,,,,False,False,left_to_right,False,56.1,8.2,,,False,False,False,False
5bc5afa0-4138-4806-bc57-137856fa22db,3754266,1758,2,00:09:13.473,54,13,43,Carry,117,31,Crystal Palace,Regular Play,31,Crystal Palace,43695.0,Brede Hangeland,Left Center Back,56.1,8.2,56.6,3.5,2.136675,False,,,,,,,False,,,,,,,False,False,left_to_right,False,56.1,8.2,56.6,3.5,False,False,False,False
68b22d53-0c54-4ccd-b7c8-73a54aebe753,3754266,1759,2,00:09:15.610,54,15,30,Pass,117,31,Crystal Palace,Regular Play,31,Crystal Palace,43695.0,Brede Hangeland,Left Center Back,56.6,3.5,100.7,13.5,2.542251,False,,,,,,,True,45.219574,0.2229865,High Pass,,3092.0,Dwight Gayle,False,False,left_to_right,False,56.6,3.5,100.7,13.5,False,True,True,False
1d65775b-9cdc-4c93-86d2-c7d3d34efb0e,3754266,1760,2,00:09:18.152,54,18,42,Ball Receipt*,117,31,Crystal Palace,Regular Play,31,Crystal Palace,3092.0,Dwight Gayle,Center Forward,100.7,13.5,,,,False,,,,,,,False,,,,,,,False,False,left_to_right,False,100.7,13.5,,,False,False,False,False
ca9f68c6-7a4d-4c76-b5ed-7b2c6c90d8be,3754266,1761,2,00:09:18.152,54,18,43,Carry,117,31,Crystal Palace,Regular Play,31,Crystal Palace,3092.0,Dwight Gayle,Center Forward,100.7,13.5,105.6,7.6,1.23379,False,,,,,,,False,,,,,,,False,False,left_to_right,False,100.7,13.5,105.6,7.6,False,False,False,False
358e11ba-a102-4f36-9baf-ae27d0931a7b,3754266,1762,2,00:09:19.386,54,19,30,Pass,117,31,Crystal Palace,Regular Play,31,Crystal Palace,3092.0,Dwight Gayle,Center Forward,105.6,7.6,96.5,13.7,1.349055,False,,,,,,,True,10.955364,2.5510583,Ground Pass,,3469.0,Bakary Sako,False,False,left_to_right,False,105.6,7.6,96.5,13.7,False,False,False,False
55654ce8-4a3c-4cf5-ad63-563947530abf,3754266,1763,2,00:09:20.735,54,20,42,Ball Receipt*,117,31,Crystal Palace,Regular Play,31,Crystal Palace,3469.0,Bakary Sako,Center Attacking Midfield,96.5,13.7,,,,False,,,,,,,False,,,,,,,False,False,left_to_right,False,96.5,13.7,,,False,False,False,False
6ab441c0-6cc8-4a11-bac2-b1b62ad82d5b,3754266,1764,2,00:09:20.735,54,20,43,Carry,117,31,Crystal Palace,Regular Play,31,Crystal Palace,3469.0,Bakary Sako,Center Attacking Midfield,96.5,13.7,96.9,13.7,0.04,False,,,,,,,False,,,,,,,False,False,left_to_right,False,96.5,13.7,96.9,13.7,False,False,False,False
21f4940a-3c66-4675-8af0-c7956c376f21,3754266,1765,2,00:09:20.775,54,20,30,Pass,117,31,Crystal Palace,Regular Play,31,Crystal Palace,3469.0,Bakary Sako,Center Attacking Midfield,96.9,13.7,105.6,5.8,0.913684,False,,,,,,,True,11.7515955,-0.73724264,Ground Pass,,3092.0,Dwight Gayle,False,False,left_to_right,False,96.9,13.7,105.6,5.8,False,False,False,False
e7743ad0-4e20-429d-a589-dd25f1057c8b,3754266,1766,2,00:09:21.689,54,21,42,Ball Receipt*,117,31,Crystal Palace,Regular Play,31,Crystal Palace,3092.0,Dwight Gayle,Center Forward,105.6,5.8,,,,False,,,,,,,False,,,,,,,False,False,left_to_right,False,105.6,5.8,,,False,False,False,False
9469a8ef-a4f7-4a24-91c7-7a95d036a0c9,3754266,1767,2,00:09:21.689,54,21,43,Carry,117,31,Crystal Palace,Regular Play,31,Crystal Palace,3092.0,Dwight Gayle,Center Forward,105.6,5.8,111.1,6.7,1.468622,False,,,,,,,False,,,,,,,False,False,left_to_right,False,105.6,5.8,111.1,6.7,False,False,False,False
a856f597-4093-415a-b519-6ef4bf7c0543,3754266,1768,2,00:09:23.157,54,23,30,Pass,117,31,Crystal Palace,Regular Play,31,Crystal Palace,3092.0,Dwight Gayle,Center Forward,111.1,6.7,116.4,44.0,1.563244,False,,,,,,Incomplete,False,37.67466,1.4296501,High Pass,,,,False,False,left_to_right,False,111.1,6.7,116.4,44.0,False,True,False,True
15977b4e-925a-41e7-bd9a-df3e87afd133,3754266,1769,2,00:09:24.720,54,24,23,Goal Keeper,118,23,Watford,From Keeper,23,Watford,3522.0,Heurelho da Silva Gomes,Goalkeeper,3.7,36.1,,,0.0,False,,,,,,,False,,,,,,,False,False,left_to_right,False,3.7,36.1,,,False,False,False,False
df74ce5d-4eab-4ee9-9944-37e3dbd7921d,3754266,1770,2,00:09:24.720,54,24,43,Carry,118,23,Watford,From Keeper,23,Watford,3522.0,Heurelho da Silva Gomes,Goalkeeper,3.7,36.1,3.7,35.5,1.787021,False,,,,,,,False,,,,,,,False,False,left_to_right,False,3.7,36.1,3.7,35.5,False,False,False,False
1e457341-3c63-47ba-bd56-184c0ced303b,3754266,1771,2,00:09:26.507,54,26,30,Pass,118,23,Watford,From Keeper,23,Watford,3522.0,Heurelho da Silva Gomes,Goalkeeper,3.7,35.5,23.8,15.7,2.054007,False,,,,,,,True,28.214357,-0.77787954,Ground Pass,,40118.0,Ikechi Anya,False,False,left_to_right,False,3.7,35.5,23.8,15.7,False,False,False,False
339ae5cd-9ae3-4d91-b4d7-9e925122358a,3754266,1772,2,00:09:28.561,54,28,42,Ball Receipt*,118,23,Watford,From Keeper,23,Watford,40118.0,Ikechi Anya,Left Back,23.8,15.7,,,,False,,,,,,,False,,,,,,,False,False,left_to_right,False,23.8,15.7,,,False,False,False,False
bb3aeb6f-0d3f-4d91-82be-bf11a4d3c5e5,3754266,1773,2,00:09:28.561,54,28,43,Carry,118,23,Watford,From Keeper,23,Watford,40118.0,Ikechi Anya,Left Back,23.8,15.7,24.2,15.4,0.04,False,,,,,,,False,,,,,,,False,False,left_to_right,False,23.8,15.7,24.2,15.4,False,False,False,False
1ee47ebb-56e8-41bd-bcbf-6bb5b950dd88,3754266,1774,2,00:09:28.601,54,28,30,Pass,118,23,Watford,From Keeper,23,Watford,40118.0,Ikechi Anya,Left Back,24.2,15.4,43.8,1.8,2.042988,False,,,,,,,True,23.856236,-0.6066051,Ground Pass,,6870.0,José Manuel Jurado Marín,False,False,left_to_right,False,24.2,15.4,43.8,1.8,False,False,False,False
83652db2-2418-43c5-a73b-03ff69dbe312,3754266,1775,2,00:09:30.644,54,30,42,Ball Receipt*,118,23,Watford,From Keeper,23,Watford,6870.0,José Manuel Jurado Marín,Left Midfield,43.8,1.8,,,,False,,,,,,,False,,,,,,,False,False,left_to_right,False,43.8,1.8,,,False,False,False,False
57e566d4-5bfa-4f4e-9fd0-4390842e470c,3754266,1776,2,00:09:30.644,54,30,43,Carry,118,23,Watford,From Keeper,23,Watford,6870.0,José Manuel Jurado Marín,Left Midfield,43.8,1.8,42.1,4.6,1.071526,True,,,,,,,False,,,,,,,False,False,left_to_right,False,43.8,1.8,42.1,4.6,False,False,False,False
3c4f0e59-c7cc-4658-bc98-0f9f5bc487c3,3754266,1777,2,00:09:30.749,54,30,17,Pressure,118,23,Watford,From Keeper,31,Crystal Palace,3448.0,Martin Kelly,Right Back,75.1,75.5,,,1.148315,False,,,,,,,False,,,,,,,False,False,left_to_right,False,75.1,75.5,,,False,False,False,False
259423d2-0bb3-4139-be22-3f17292f8109,3754266,1778,2,00:09:31.512,54,31,17,Pressure,118,23,Watford,From Keeper,31,Crystal Palace,3277.0,Yohan Cabaye,Right Defensive Midfield,76.7,73.3,,,0.354031,False,,,,,,,False,,,,,,,False,False,left_to_right,False,76.7,73.3,,,False,False,False,False
652caed1-472c-4dbd-b9ff-5c0d7749399a,3754266,1779,2,00:09:31.716,54,31,30,Pass,118,23,Watford,From Keeper,23,Watford,6870.0,José Manuel Jurado Marín,Left Midfield,42.1,4.6,54.0,3.5,1.352811,True,,,,,,,True,11.950732,-0.09217504,Ground Pass,,40118.0,Ikechi Anya,False,False,left_to_right,False,42.1,4.6,54.0,3.5,False,False,False,False
434856b7-77d7-4c59-87bc-9d6cdc388d78,3754266,1780,2,00:09:33.069,54,33,42,Ball Receipt*,118,23,Watford,From Keeper,23,Watford,40118.0,Ikechi Anya,Left Back,54.0,3.5,,,,False,,,,,,,False,,,,,,,False,False,left_to_right,False,54.0,3.5,,,False,False,False,False
aec04970-06b2-48e5-bdc6-b694ce65f747,3754266,1781,2,00:09:33.069,54,33,43,Carry,118,23,Watford,From Keeper,23,Watford,40118.0,Ikechi Anya,Left Back,54.0,3.5,89.4,12.0,4.253201,False,,,,,,,False,,,,,,,False,False,left_to_right,False,54.0,3.5,89.4,12.0,True,False,False,False
db8d216f-4d8c-40ee-9b40-229aaf3bef91,3754266,1782,2,00:09:37.322,54,37,30,Pass,118,23,Watford,From Keeper,23,Watford,40118.0,Ikechi Anya,Left Back,89.4,12.0,84.3,27.9,1.173485,False,,,,,,Incomplete,False,16.697905,1.8811837,Ground Pass,,5458.0,Odion Jude Ighalo,False,False,left_to_right,False,89.4,12.0,84.3,27.9,False,False,False,True
bed64f66-c475-4ec6-8c8d-19acd8131249,3754266,1783,2,00:09:38.495,54,38,42,Ball Receipt*,118,23,Watford,From Keeper,23,Watford,5458.0,Odion Jude Ighalo,Left Center Forward,84.7,31.8,,,,False,,,,,,,False,,,,,,,False,False,left_to_right,False,84.7,31.8,,,False,False,False,False
b206ac8b-0589-4a5a-9108-da92d0c96888,3754266,1784,2,00:09:38.495,54,38,2,Ball Recovery,118,23,Watford,From Keeper,31,Crystal Palace,43695.0,Brede Hangeland,Left Center Back,35.8,52.2,,,0.0,False,,,,,,,False,,,,,,,False,False,left_to_right,False,35.8,52.2,,,False,False,False,False
982bf78b-f3a1-49e7-ac0f-1b4993f27cb3,3754266,1785,2,00:09:39.795,54,39,30,Pass,118,23,Watford,From Keeper,23,Watford,5458.0,Odion Jude Ighalo,Left Center Forward,83.6,35.2,77.4,40.5,0.739891,False,,,,,,,True,8.156592,2.4342961,Low Pass,Recovery,3626.0,Ben Watson,False,False,left_to_right,False,83.6,35.2,77.4,40.5,False,False,False,False
1e0374cb-7ba3-419b-a30f-cda47fb3cfee,3754266,1786,2,00:09:40.535,54,40,42,Ball Receipt*,118,23,Watford,From Keeper,23,Watford,3626.0,Ben Watson,Left Center Midfield,77.4,40.5,,,,False,,,,,,,False,,,,,,,False,False,left_to_right,False,77.4,40.5,,,False,False,False,False
afde7445-df83-4f07-9022-d3b2893f5e1b,3754266,1787,2,00:09:40.535,54,40,43,Carry,118,23,Watford,From Keeper,23,Watford,3626.0,Ben Watson,Left Center Midfield,77.4,40.5,77.0,40.8,1.058376,False,,,,,,,False,,,,,,,False,False,left_to_right,False,77.4,40.5,77.0,40.8,False,False,False,False
61e702f1-bb2d-4f7f-be34-c5786c22b5b2,3754266,1788,2,00:09:41.593,54,41,30,Pass,118,23,Watford,From Keeper,23,Watford,3626.0,Ben Watson,Left Center Midfield,77.0,40.8,93.9,58.7,1.463507,False,,,,,,,True,24.617474,0.8141259,Ground Pass,,3454.0,Troy Deeney,False,False,left_to_right,False,77.0,40.8,93.9,58.7,False,True,True,False
38baea3f-6f23-4629-8688-295c0230f4fd,3754266,1789,2,00:09:43.057,54,43,42,Ball Receipt*,118,23,Watford,From Keeper,23,Watford,3454.0,Troy Deeney,Right Center Forward,93.9,58.7,,,,False,,,,,,,False,,,,,,,False,False,left_to_right,False,93.9,58.7,,,False,False,False,False
738d416f-4d4e-448f-b6db-892a09ee62e4,3754266,1790,2,00:09:43.057,54,43,43,Carry,118,23,Watford,From Keeper,23,Watford,3454.0,Troy Deeney,Right Center Forward,93.9,58.7,95.8,61.5,1.27187,False,,,,,,,False,,,,,,,False,False,left_to_right,False,93.9,58.7,95.8,61.5,False,False,False,False
6878a82e-540f-455e-a733-a7f354faaf6d,3754266,1791,2,00:09:44.329,54,44,30,Pass,118,23,Watford,From Keeper,23,Watford,3454.0,Troy Deeney,Right Center Forward,95.8,61.5,97.6,57.7,0.171311,False,,,,,,Incomplete,False,4.204759,-1.1284221,High Pass,,,,False,False,left_to_right,False,95.8,61.5,97.6,57.7,False,False,False,True
7f4be1a8-739c-4bbd-a2a2-5f68a88920f5,3754266,1792,2,00:09:44.500,54,44,6,Block,118,23,Watford,From Keeper,31,Crystal Palace,4884.0,Pape N''Diaye Souaré,Left Back,22.5,22.4,,,0.0,False,,,,,,,False,,,,,,,False,False,left_to_right,False,22.5,22.4,,,False,False,False,False
ba054dde-6526-4fa8-af69-abf273e940c8,3754266,1793,2,00:09:46.396,54,46,2,Ball Recovery,119,31,Crystal Palace,From Counter,31,Crystal Palace,4817.0,Joe Ledley,Left Defensive Midfield,21.5,29.2,,,0.0,False,,,,,,,False,,,,,,,False,False,left_to_right,False,21.5,29.2,,,False,False,False,False
ca8cd5dc-23dc-45e3-bb26-77c2746f9814,3754266,1794,2,00:09:46.396,54,46,43,Carry,119,31,Crystal Palace,From Counter,31,Crystal Palace,4817.0,Joe Ledley,Left Defensive Midfield,21.5,29.2,22.1,28.3,0.635395,False,,,,,,,False,,,,,,,False,False,left_to_right,False,21.5,29.2,22.1,28.3,False,False,False,False
c47d5023-263b-483d-a479-b5ba569444b8,3754266,1795,2,00:09:47.031,54,47,30,Pass,119,31,Crystal Palace,From Counter,31,Crystal Palace,4817.0,Joe Ledley,Left Defensive Midfield,22.1,28.3,37.2,40.6,1.573478,False,,,,,,,True,19.475626,0.68356186,High Pass,,19688.0,Jason Puncheon,False,False,left_to_right,False,22.1,28.3,37.2,40.6,False,False,False,False
e50040e4-b6a9-48a1-a7ca-894bc73fdfd5,3754266,1796,2,00:09:48.605,54,48,42,Ball Receipt*,119,31,Crystal Palace,From Counter,31,Crystal Palace,19688.0,Jason Puncheon,Right Wing,37.2,40.6,,,,False,,,,,,,False,,,,,,,False,False,left_to_right,False,37.2,40.6,,,False,False,False,False
b4792fb9-5cfc-43ad-aa15-435b99876d00,3754266,1797,2,00:09:48.605,54,48,43,Carry,119,31,Crystal Palace,From Counter,31,Crystal Palace,19688.0,Jason Puncheon,Right Wing,37.2,40.6,47.6,39.8,1.664928,True,,,,,,,False,,,,,,,False,False,left_to_right,False,37.2,40.6,47.6,39.8,False,False,False,False
ec655553-e067-4194-a2e0-49a1e40bb436,3754266,1798,2,00:09:49.795,54,49,17,Pressure,119,31,Crystal Palace,From Counter,23,Watford,40118.0,Ikechi Anya,Left Back,77.4,34.6,,,0.535533,False,,,,,,,False,,,,,,,False,False,left_to_right,False,77.4,34.6,,,False,False,False,False
faf593c5-9a83-41b9-ab77-c1b5da0f8ab4,3754266,1799,2,00:09:50.270,54,50,30,Pass,119,31,Crystal Palace,From Counter,31,Crystal Palace,19688.0,Jason Puncheon,Right Wing,47.6,39.8,85.7,80.0,3.76136,True,,,,,,Out,False,55.38637,0.81221163,Low Pass,,3589.0,Yannick Bolasie Yala,False,False,left_to_right,False,47.6,39.8,85.7,80.0,False,True,True,True
1a8f2700-2f7a-4de4-a0fe-10b3b3d184f6,3754266,1800,2,00:09:54.031,54,54,42,Ball Receipt*,119,31,Crystal Palace,Regular Play,31,Crystal Palace,3589.0,Yannick Bolasie Yala,Left Wing,83.9,78.1,,,,False,,,,,,,False,,,,,,,False,False,left_to_right,False,83.9,78.1,,,False,False,False,False
d5e54985-57f1-4584-b654-227819ffa551,3754266,1801,2,00:10:24.663,55,24,30,Pass,120,23,Watford,From Throw In,23,Watford,40118.0,Ikechi Anya,Left Back,77.8,0.1,72.1,5.1,1.218316,False,,,,,,Incomplete,False,7.5822163,2.421522,High Pass,Throw-in,,,False,False,left_to_right,False,77.8,0.1,72.1,5.1,False,False,False,True
87c57886-44af-40c6-82a9-985f1675d91f,3754266,1802,2,00:10:25.881,55,25,30,Pass,121,31,Crystal Palace,Regular Play,31,Crystal Palace,3277.0,Yohan Cabaye,Right Defensive Midfield,48.0,75.0,42.0,68.3,0.994045,False,,,,,,,True,8.993887,-2.3011322,Low Pass,Recovery,4817.0,Joe Ledley,False,False,left_to_right,False,48.0,75.0,42.0,68.3,False,False,False,False
e5b6d518-2d7b-4f03-a132-c98bbea1e16b,3754266,1803,2,00:10:26.665,55,26,17,Pressure,121,31,Crystal Palace,Regular Play,23,Watford,5458.0,Odion Jude Ighalo,Left Center Forward,79.6,13.0,,,0.424978,False,,,,,,,False,,,,,,,False,False,left_to_right,False,79.6,13.0,,,False,False,False,False
eb631a3d-309f-4709-9665-167faab1fc76,3754266,1804,2,00:10:26.875,55,26,42,Ball Receipt*,121,31,Crystal Palace,Regular Play,31,Crystal Palace,4817.0,Joe Ledley,Left Defensive Midfield,42.0,68.3,,,,True,,,,,,,False,,,,,,,False,False,left_to_right,False,42.0,68.3,,,False,False,False,False
219a7374-6245-404c-84d6-83186a29ad0b,3754266,1805,2,00:10:26.875,55,26,43,Carry,121,31,Crystal Palace,Regular Play,31,Crystal Palace,4817.0,Joe Ledley,Left Defensive Midfield,42.0,68.3,40.7,64.0,0.026031,True,,,,,,,False,,,,,,,False,False,left_to_right,False,42.0,68.3,40.7,64.0,False,False,False,False
8de57587-95cf-46c8-97d3-bda51d1521c0,3754266,1806,2,00:10:26.901,55,26,30,Pass,121,31,Crystal Palace,Regular Play,31,Crystal Palace,4817.0,Joe Ledley,Left Defensive Midfield,40.7,64.0,42.5,73.0,0.452115,True,,,,,,,True,9.178235,1.3734008,Low Pass,,3277.0,Yohan Cabaye,False,False,left_to_right,False,40.7,64.0,42.5,73.0,False,False,False,False
aa576ba1-2741-4410-9556-d74e811a0bd9,3754266,1807,2,00:10:27.353,55,27,42,Ball Receipt*,121,31,Crystal Palace,Regular Play,31,Crystal Palace,3277.0,Yohan Cabaye,Right Defensive Midfield,42.5,73.0,,,,False,,,,,,,False,,,,,,,False,False,left_to_right,False,42.5,73.0,,,False,False,False,False
038cec6a-bf88-435b-b5d3-320be0d50693,3754266,1808,2,00:10:27.353,55,27,43,Carry,121,31,Crystal Palace,Regular Play,31,Crystal Palace,3277.0,Yohan Cabaye,Right Defensive Midfield,42.5,73.0,33.5,67.3,1.218443,False,,,,,,,False,,,,,,,False,False,left_to_right,False,42.5,73.0,33.5,67.3,False,False,False,False
c9cb9fc0-8cec-4d2d-816e-8360970ce479,3754266,1809,2,00:10:28.572,55,28,30,Pass,121,31,Crystal Palace,Regular Play,31,Crystal Palace,3277.0,Yohan Cabaye,Right Defensive Midfield,33.5,67.3,8.4,42.2,2.782344,False,,,,,,,True,35.49676,-2.3561945,High Pass,,3488.0,Wayne Hennessey,False,False,left_to_right,False,33.5,67.3,8.4,42.2,False,False,False,False
a2b4c83e-2624-4593-a2ba-816292511c25,3754266,1810,2,00:10:31.354,55,31,42,Ball Receipt*,121,31,Crystal Palace,Regular Play,31,Crystal Palace,3488.0,Wayne Hennessey,Goalkeeper,8.4,42.2,,,,False,,,,,,,False,,,,,,,False,False,left_to_right,False,8.4,42.2,,,False,False,False,False
078155ab-33a8-4a65-85f3-59b49aae3097,3754266,1811,2,00:10:31.354,55,31,43,Carry,121,31,Crystal Palace,Regular Play,31,Crystal Palace,3488.0,Wayne Hennessey,Goalkeeper,8.4,42.2,9.3,42.8,1.25933,False,,,,,,,False,,,,,,,False,False,left_to_right,False,8.4,42.2,9.3,42.8,False,False,False,False
6a46bf0c-7d7f-4c97-8e13-bb77f23d9371,3754266,1812,2,00:10:32.613,55,32,30,Pass,121,31,Crystal Palace,Regular Play,31,Crystal Palace,3488.0,Wayne Hennessey,Goalkeeper,9.3,42.8,62.1,46.1,2.370095,False,,,,,,Unknown,False,52.903023,0.06241881,High Pass,,,,False,False,left_to_right,False,9.3,42.8,62.1,46.1,False,True,False,True
2b2a9863-ca92-43b5-b093-3801b9b671fc,3754266,1813,2,00:10:35.382,55,35,22,Foul Committed,121,31,Crystal Palace,Regular Play,31,Crystal Palace,19688.0,Jason Puncheon,Right Wing,63.0,47.9,,,0.0,False,,,,,,,False,,,,,,,False,False,left_to_right,False,63.0,47.9,,,False,False,False,False
ee6d4832-7b1d-45de-ab3d-f0a5499d5245,3754266,1814,2,00:10:35.382,55,35,21,Foul Won,121,31,Crystal Palace,Regular Play,23,Watford,3721.0,Etienne Capoue,Right Center Midfield,57.1,32.2,,,0.0,True,,,,,,,False,,,,,,,False,False,left_to_right,False,57.1,32.2,,,False,False,False,False
3f7114d8-a9bf-420d-b75f-0d9353762785,3754266,1815,2,00:10:42.844,55,42,30,Pass,122,23,Watford,From Free Kick,23,Watford,3626.0,Ben Watson,Left Center Midfield,61.9,35.0,64.6,43.0,0.978902,False,,,,,,,True,8.44334,1.2453004,Ground Pass,Free Kick,43081.0,Almen Abdi,False,False,left_to_right,False,61.9,35.0,64.6,43.0,False,False,False,False
11dcfc0d-815a-496b-9b77-18b7b485f6b1,3754266,1816,2,00:10:43.823,55,43,42,Ball Receipt*,122,23,Watford,From Free Kick,23,Watford,43081.0,Almen Abdi,Right Midfield,64.6,43.0,,,,False,,,,,,,False,,,,,,,False,False,left_to_right,False,64.6,43.0,,,False,False,False,False
e93e235e-ffe6-44f8-9e71-9075e113742f,3754266,1817,2,00:10:43.823,55,43,30,Pass,122,23,Watford,From Free Kick,23,Watford,43081.0,Almen Abdi,Right Midfield,64.4,43.6,61.1,41.6,0.772962,False,,,,,,,True,3.8587563,-2.5967288,Ground Pass,,3626.0,Ben Watson,False,False,left_to_right,False,64.4,43.6,61.1,41.6,False,False,False,False
18c88552-e24b-4a18-84cb-3ca6b57e1a62,3754266,1818,2,00:10:44.596,55,44,42,Ball Receipt*,122,23,Watford,From Free Kick,23,Watford,3626.0,Ben Watson,Left Center Midfield,61.1,41.6,,,,False,,,,,,,False,,,,,,,False,False,left_to_right,False,61.1,41.6,,,False,False,False,False
57beab0c-e129-451f-9b1e-7b354bfb4fa7,3754266,1819,2,00:10:44.596,55,44,43,Carry,122,23,Watford,From Free Kick,23,Watford,3626.0,Ben Watson,Left Center Midfield,61.1,41.6,60.5,41.4,0.079999,False,,,,,,,False,,,,,,,False,False,left_to_right,False,61.1,41.6,60.5,41.4,False,False,False,False
21a5eb12-d266-46da-8d22-9f7ecb2eb1ba,3754266,1820,2,00:10:44.676,55,44,30,Pass,122,23,Watford,From Free Kick,23,Watford,3626.0,Ben Watson,Left Center Midfield,60.5,41.4,61.9,62.4,1.769943,False,,,,,,,True,21.046616,1.5042281,Ground Pass,,3991.0,Allan Romeo Nyom,False,False,left_to_right,False,60.5,41.4,61.9,62.4,False,False,False,False
5a7cd244-2fa8-41b8-801a-1137937d06b6,3754266,1821,2,00:10:46.446,55,46,42,Ball Receipt*,122,23,Watford,From Free Kick,23,Watford,3991.0,Allan Romeo Nyom,Right Back,61.9,62.4,,,,False,,,,,,,False,,,,,,,False,False,left_to_right,False,61.9,62.4,,,False,False,False,False
a62a062a-8651-4cf0-9004-3189204c1f48,3754266,1822,2,00:10:46.446,55,46,43,Carry,122,23,Watford,From Free Kick,23,Watford,3991.0,Allan Romeo Nyom,Right Back,61.9,62.4,61.7,65.2,0.182879,False,,,,,,,False,,,,,,,False,False,left_to_right,False,61.9,62.4,61.7,65.2,False,False,False,False
18ca5cf2-ab82-48ef-af5b-9262f293cb9f,3754266,1823,2,00:10:46.629,55,46,30,Pass,122,23,Watford,From Free Kick,23,Watford,3991.0,Allan Romeo Nyom,Right Back,61.7,65.2,61.5,54.2,1.162055,False,,,,,,,True,11.001818,-1.5889761,Ground Pass,,3626.0,Ben Watson,False,False,left_to_right,False,61.7,65.2,61.5,54.2,False,False,False,False
037fd75e-a3ab-45ff-bb2c-02eb5ed079f4,3754266,1824,2,00:10:47.791,55,47,42,Ball Receipt*,122,23,Watford,From Free Kick,23,Watford,3626.0,Ben Watson,Left Center Midfield,61.5,54.2,,,,False,,,,,,,False,,,,,,,False,False,left_to_right,False,61.5,54.2,,,False,False,False,False
090b6308-d300-49b6-b222-c1bf79434ed7,3754266,1825,2,00:10:47.791,55,47,43,Carry,122,23,Watford,From Free Kick,23,Watford,3626.0,Ben Watson,Left Center Midfield,61.5,54.2,61.5,53.6,1.287716,False,,,,,,,False,,,,,,,False,False,left_to_right,False,61.5,54.2,61.5,53.6,False,False,False,False
b8dd65e0-19f6-4917-9498-1a4bc76752c4,3754266,1826,2,00:10:49.079,55,49,30,Pass,122,23,Watford,From Free Kick,23,Watford,3626.0,Ben Watson,Left Center Midfield,61.5,53.6,104.3,2.4,2.89306,False,,,,,,,True,66.7329,-0.8745231,High Pass,,6870.0,José Manuel Jurado Marín,False,False,left_to_right,False,61.5,53.6,104.3,2.4,False,True,True,False
65ccbf39-4272-4173-9d2c-2b613cac4738,3754266,1827,2,00:10:51.972,55,51,42,Ball Receipt*,122,23,Watford,From Free Kick,23,Watford,6870.0,José Manuel Jurado Marín,Left Midfield,104.3,2.4,,,,False,,,,,,,False,,,,,,,False,False,left_to_right,False,104.3,2.4,,,False,False,False,False
b946f811-1390-40cc-9456-19b135dd328d,3754266,1828,2,00:10:51.972,55,51,43,Carry,122,23,Watford,From Free Kick,23,Watford,6870.0,José Manuel Jurado Marín,Left Midfield,104.3,2.4,105.2,4.3,2.675108,True,,,,,,,False,,,,,,,False,False,left_to_right,False,104.3,2.4,105.2,4.3,False,False,False,False
8f332298-d387-4c36-b0b2-53b3e1962c6d,3754266,1829,2,00:10:53.864,55,53,17,Pressure,122,23,Watford,From Free Kick,31,Crystal Palace,3448.0,Martin Kelly,Right Back,17.3,74.2,,,0.742944,False,,,,,,,False,,,,,,,False,False,left_to_right,False,17.3,74.2,,,False,False,False,False
eba32799-4df6-4c4a-ad74-5dd5f33461eb,3754266,1830,2,00:10:54.647,55,54,14,Dribble,122,23,Watford,From Free Kick,23,Watford,6870.0,José Manuel Jurado Marín,Left Midfield,105.2,4.3,,,0.0,True,,,,,,,False,,,,,,,False,False,left_to_right,False,105.2,4.3,,,False,False,False,False
aa2d258c-0fcf-4a20-b43f-db018c8335a8,3754266,1831,2,00:10:54.647,55,54,4,Duel,122,23,Watford,From Free Kick,31,Crystal Palace,3448.0,Martin Kelly,Right Back,14.9,75.8,,,0.0,True,,,,,,,False,,,,,,,False,False,left_to_right,False,14.9,75.8,,,False,False,False,False
7d9f62b1-ff21-433a-ad2a-385b435746cf,3754266,1832,2,00:11:21.750,56,21,30,Pass,123,23,Watford,From Corner,23,Watford,6870.0,José Manuel Jurado Marín,Left Midfield,120.0,0.1,116.3,43.2,2.287952,False,,,,,,Incomplete,False,43.258526,1.6564332,High Pass,Corner,,,False,False,left_to_right,False,120.0,0.1,116.3,43.2,False,True,False,True
e7551b70-fd20-41b8-bc2c-b12cb119fde2,3754266,1833,2,00:11:24.038,56,24,4,Duel,123,23,Watford,From Corner,23,Watford,3263.0,Craig Cathcart,Left Center Back,116.3,43.2,,,0.0,True,,,,,,,False,,,,,,,False,False,left_to_right,False,116.3,43.2,,,False,False,False,False
d61b83ad-7feb-47e9-8f5b-44d51be9110a,3754266,1834,2,00:11:24.038,56,24,9,Clearance,123,23,Watford,From Corner,31,Crystal Palace,4884.0,Pape N''Diaye Souaré,Left Back,3.8,36.9,,,0.0,True,,,,,,,False,,,,,,,False,False,left_to_right,False,3.8,36.9,,,False,False,False,False
7577653a-f7cf-4877-a96a-1982d029212d,3754266,1835,2,00:11:26.253,56,26,30,Pass,124,31,Crystal Palace,From Counter,31,Crystal Palace,3589.0,Yannick Bolasie Yala,Left Wing,10.9,54.6,28.2,61.8,1.721411,False,,,,,,,True,18.738462,0.3943806,Ground Pass,Recovery,3092.0,Dwight Gayle,False,False,left_to_right,False,10.9,54.6,28.2,61.8,False,False,False,False
aa08971a-977f-4c92-851e-ba49e017f64b,3754266,1836,2,00:11:27.974,56,27,42,Ball Receipt*,124,31,Crystal Palace,From Counter,31,Crystal Palace,3092.0,Dwight Gayle,Center Forward,28.2,61.8,,,,False,,,,,,,False,,,,,,,False,False,left_to_right,False,28.2,61.8,,,False,False,False,False
cbd1576c-23d1-48ae-8656-6860a10b1aa8,3754266,1837,2,00:11:27.974,56,27,43,Carry,124,31,Crystal Palace,From Counter,31,Crystal Palace,3092.0,Dwight Gayle,Center Forward,28.2,61.8,48.0,58.1,2.928921,True,,,,,,,False,,,,,,,False,False,left_to_right,False,28.2,61.8,48.0,58.1,False,False,False,False
b9df6b36-2dcb-40aa-a214-6388a999ad36,3754266,1838,2,00:11:29.896,56,29,17,Pressure,124,31,Crystal Palace,From Counter,23,Watford,6870.0,José Manuel Jurado Marín,Left Midfield,77.9,19.6,,,4.186039,False,,,,,,,False,,,,,,,False,False,left_to_right,False,77.9,19.6,,,False,False,False,False
29ad3c89-3869-4023-a946-722fed6b545e,3754266,1839,2,00:11:30.903,56,30,30,Pass,124,31,Crystal Palace,From Counter,31,Crystal Palace,3092.0,Dwight Gayle,Center Forward,48.0,58.1,56.1,57.2,0.672136,True,,,,,,,True,8.149847,-0.11065722,Ground Pass,,3589.0,Yannick Bolasie Yala,False,False,left_to_right,False,48.0,58.1,56.1,57.2,False,False,False,False
bcf4b90e-8524-46e7-a101-4010770e194d,3754266,1840,2,00:11:31.575,56,31,42,Ball Receipt*,124,31,Crystal Palace,From Counter,31,Crystal Palace,3589.0,Yannick Bolasie Yala,Left Wing,56.1,57.2,,,,True,,,,,,,False,,,,,,,False,False,left_to_right,False,56.1,57.2,,,False,False,False,False
c4653f29-5118-41c1-b6e7-5ea8152ed569,3754266,1841,2,00:11:31.575,56,31,43,Carry,124,31,Crystal Palace,From Counter,31,Crystal Palace,3589.0,Yannick Bolasie Yala,Left Wing,56.1,57.2,71.0,67.8,2.60878,True,,,,,,,False,,,,,,,False,False,left_to_right,False,56.1,57.2,71.0,67.8,False,False,False,False
341cdcd9-5652-4bff-b1ef-ba679ac15a79,3754266,1842,2,00:11:34.184,56,34,30,Pass,124,31,Crystal Palace,From Counter,31,Crystal Palace,3589.0,Yannick Bolasie Yala,Left Wing,71.0,67.8,83.0,60.1,1.492599,False,,,,,,,True,14.25798,-0.57049465,Ground Pass,,3092.0,Dwight Gayle,False,False,left_to_right,False,71.0,67.8,83.0,60.1,False,True,True,False
23913edc-65f4-44d2-b638-1fc4f77890c7,3754266,1843,2,00:11:35.616,56,35,17,Pressure,124,31,Crystal Palace,From Counter,23,Watford,3263.0,Craig Cathcart,Left Center Back,34.4,21.6,,,0.488794,False,,,,,,,False,,,,,,,False,False,left_to_right,False,34.4,21.6,,,False,False,False,False
7ad2b145-2312-4073-8a8e-a209a92dce4f,3754266,1844,2,00:11:35.677,56,35,42,Ball Receipt*,124,31,Crystal Palace,From Counter,31,Crystal Palace,3092.0,Dwight Gayle,Center Forward,83.0,60.1,,,,True,,,,,,,False,,,,,,,False,False,left_to_right,False,83.0,60.1,,,False,False,False,False
b33f1a04-5607-449d-a84f-2aac3a0241c3,3754266,1845,2,00:11:35.677,56,35,43,Carry,124,31,Crystal Palace,From Counter,31,Crystal Palace,3092.0,Dwight Gayle,Center Forward,83.0,60.1,86.5,60.1,0.62279,True,,,,,,,False,,,,,,,False,False,left_to_right,False,83.0,60.1,86.5,60.1,False,False,False,False
9934612d-7205-4d87-9445-29e2e52e5758,3754266,1846,2,00:11:36.300,56,36,39,Dribbled Past,124,31,Crystal Palace,From Counter,23,Watford,3263.0,Craig Cathcart,Left Center Back,33.6,20.0,,,0.0,False,,,,,,,False,,,,,,,False,False,left_to_right,False,33.6,20.0,,,False,False,False,False
695f8f89-ebb9-4156-93bc-3dfc98f2c548,3754266,1847,2,00:11:36.300,56,36,14,Dribble,124,31,Crystal Palace,From Counter,31,Crystal Palace,3092.0,Dwight Gayle,Center Forward,86.5,60.1,,,0.0,True,,,,,,,False,,,,,,,False,False,left_to_right,False,86.5,60.1,,,False,False,False,False
895d0fb3-abe1-4a96-ad19-3111253b4c5a,3754266,1848,2,00:11:36.300,56,36,43,Carry,124,31,Crystal Palace,From Counter,31,Crystal Palace,3092.0,Dwight Gayle,Center Forward,86.5,60.1,89.2,51.2,1.264104,True,,,,,,,False,,,,,,,False,False,left_to_right,False,86.5,60.1,89.2,51.2,False,False,False,False
6dcc89f4-7125-448e-8868-faee71fb4e78,3754266,1849,2,00:11:36.937,56,36,17,Pressure,124,31,Crystal Palace,From Counter,23,Watford,3626.0,Ben Watson,Left Center Midfield,35.5,21.8,,,1.1683,False,,,,,,,False,,,,,,,False,False,left_to_right,False,35.5,21.8,,,False,False,False,False
88d83d89-8f81-4aa8-9673-be6cb6d8ff2c,3754266,1850,2,00:11:37.564,56,37,22,Foul Committed,124,31,Crystal Palace,From Counter,23,Watford,3626.0,Ben Watson,Left Center Midfield,30.9,28.9,,,0.0,False,,,,,,,False,,,,,,,False,False,left_to_right,False,30.9,28.9,,,False,False,False,False
1a289c05-e9c0-4dab-97c4-f83a77600a22,3754266,1851,2,00:11:37.564,56,37,21,Foul Won,124,31,Crystal Palace,From Counter,31,Crystal Palace,3092.0,Dwight Gayle,Center Forward,89.2,51.2,,,0.0,True,,,,,,,False,,,,,,,False,False,left_to_right,False,89.2,51.2,,,False,False,False,False
28fb42ca-d971-4db2-9f69-568aa13683eb,3754266,1852,2,00:12:40.230,57,40,16,Shot,125,31,Crystal Palace,From Free Kick,31,Crystal Palace,3469.0,Bakary Sako,Center Attacking Midfield,89.5,43.6,118.9,36.9,0.366138,False,0.037926488,Saved,Left Foot,Normal,Free Kick,,False,,,,,,,False,False,left_to_right,False,89.5,43.6,118.9,36.9,False,False,False,False
352dee0c-1c96-417e-9e1f-ee7a34ee848b,3754266,1853,2,00:12:40.596,57,40,6,Block,125,31,Crystal Palace,From Free Kick,23,Watford,43081.0,Almen Abdi,Right Midfield,19.0,38.0,,,0.0,False,,,,,,,False,,,,,,,False,False,left_to_right,False,19.0,38.0,,,False,False,False,False
b31e954f-712d-45ee-9445-d43cecdf1905,3754266,1854,2,00:12:41.658,57,41,23,Goal Keeper,125,31,Crystal Palace,From Free Kick,23,Watford,3522.0,Heurelho da Silva Gomes,Goalkeeper,0.9,39.5,,,0.0,False,,,,,,,False,,,,,,,False,False,left_to_right,False,0.9,39.5,,,False,False,False,False
bef1e26f-cbab-4796-9421-b8e8dfac11f6,3754266,1855,2,00:13:06.907,58,6,30,Pass,126,31,Crystal Palace,From Corner,31,Crystal Palace,3277.0,Yohan Cabaye,Right Defensive Midfield,120.0,0.1,117.9,35.3,1.310799,False,,,,,,Incomplete,False,35.262585,1.6303848,High Pass,Corner,,,False,False,left_to_right,False,120.0,0.1,117.9,35.3,False,True,False,True
bbfdd97c-21aa-4e88-a299-cdffcd233e5c,3754266,1856,2,00:13:08.218,58,8,9,Clearance,126,31,Crystal Palace,From Corner,23,Watford,5458.0,Odion Jude Ighalo,Left Center Forward,2.2,44.8,,,0.0,True,,,,,,,False,,,,,,,False,False,left_to_right,False,2.2,44.8,,,False,False,False,False
e4d71385-2ed3-444f-a838-842177cc7183,3754266,1857,2,00:13:10.004,58,10,2,Ball Recovery,126,31,Crystal Palace,From Corner,31,Crystal Palace,3469.0,Bakary Sako,Center Attacking Midfield,90.2,27.9,,,0.0,False,,,,,,,False,,,,,,,False,False,left_to_right,False,90.2,27.9,,,False,False,False,False
3ec8f77b-27f0-4f88-bb27-759bf8ccff47,3754266,1858,2,00:13:10.004,58,10,43,Carry,126,31,Crystal Palace,From Corner,31,Crystal Palace,3469.0,Bakary Sako,Center Attacking Midfield,90.2,27.9,97.2,22.5,1.641202,False,,,,,,,False,,,,,,,False,False,left_to_right,False,90.2,27.9,97.2,22.5,False,False,False,False
95c64644-2e71-4082-a335-80245d039edf,3754266,1859,2,00:13:11.646,58,11,16,Shot,126,31,Crystal Palace,From Corner,31,Crystal Palace,3469.0,Bakary Sako,Center Attacking Midfield,97.2,22.5,105.9,27.7,0.393057,False,0.016309071,Blocked,Left Foot,Normal,Open Play,,False,,,,,,,False,False,left_to_right,False,97.2,22.5,105.9,27.7,False,False,False,False
6e25b3b1-a657-44c3-91a4-29b02e8ec9cd,3754266,1860,2,00:13:12.039,58,12,6,Block,126,31,Crystal Palace,From Corner,23,Watford,3991.0,Allan Romeo Nyom,Right Back,14.2,52.4,,,0.0,False,,,,,,,False,,,,,,,False,False,left_to_right,False,14.2,52.4,,,False,False,False,False
4412f7e5-94c6-4b69-b5ca-489403f92327,3754266,1861,2,00:13:12.203,58,12,23,Goal Keeper,126,31,Crystal Palace,From Corner,23,Watford,3522.0,Heurelho da Silva Gomes,Goalkeeper,1.7,42.7,,,0.0,False,,,,,,,False,,,,,,,False,False,left_to_right,False,1.7,42.7,,,False,False,False,False
4abb0330-cf07-48c0-9eef-a21dec4c5bdd,3754266,1862,2,00:13:31.939,58,31,30,Pass,127,31,Crystal Palace,From Throw In,31,Crystal Palace,4884.0,Pape N''Diaye Souaré,Left Back,114.0,0.1,109.3,11.8,1.092449,False,,,,,,,True,12.608727,1.9527755,Low Pass,Throw-in,19688.0,Jason Puncheon,False,False,left_to_right,False,114.0,0.1,109.3,11.8,False,True,False,False
32d285d5-f824-4d9a-ae3d-ae33bf391c6f,3754266,1863,2,00:13:33.032,58,33,42,Ball Receipt*,127,31,Crystal Palace,From Throw In,31,Crystal Palace,19688.0,Jason Puncheon,Right Wing,109.3,11.8,,,,False,,,,,,,False,,,,,,,False,False,left_to_right,False,109.3,11.8,,,False,False,False,False
fc3726a8-b2e0-40d5-ab41-f37f27341140,3754266,1864,2,00:13:33.032,58,33,43,Carry,127,31,Crystal Palace,From Throw In,31,Crystal Palace,19688.0,Jason Puncheon,Right Wing,109.3,11.8,109.5,9.8,0.924822,False,,,,,,,False,,,,,,,False,False,left_to_right,False,109.3,11.8,109.5,9.8,False,False,False,False
1635faf0-dd40-4964-ba80-a32d52149aa4,3754266,1865,2,00:13:33.956,58,33,30,Pass,127,31,Crystal Palace,From Throw In,31,Crystal Palace,19688.0,Jason Puncheon,Right Wing,109.5,9.8,110.0,13.3,0.082094,False,,,,,,Incomplete,False,3.535534,1.4288993,Ground Pass,,,,False,False,left_to_right,False,109.5,9.8,110.0,13.3,False,False,False,True
979c16e1-4142-4d2e-a6c3-d6484590e3c3,3754266,1866,2,00:13:34.038,58,34,6,Block,127,31,Crystal Palace,From Throw In,23,Watford,3721.0,Etienne Capoue,Right Center Midfield,10.1,66.8,,,0.0,False,,,,,,,False,,,,,,,False,False,left_to_right,False,10.1,66.8,,,False,False,False,False
4377d093-0ceb-442b-abb4-4b2f129ef57d,3754266,1867,2,00:13:35.373,58,35,17,Pressure,127,31,Crystal Palace,From Throw In,23,Watford,43081.0,Almen Abdi,Right Midfield,8.6,75.0,,,0.24416,False,,,,,,,False,,,,,,,False,False,left_to_right,False,8.6,75.0,,,False,False,False,False
843ae384-fd73-4567-84fe-1f0f81ed712d,3754266,1868,2,00:13:35.572,58,35,30,Pass,127,31,Crystal Palace,From Throw In,31,Crystal Palace,4884.0,Pape N''Diaye Souaré,Left Back,112.6,9.4,111.6,45.9,1.750375,True,,,,,,Incomplete,False,36.513695,1.5981867,High Pass,Recovery,,,False,False,left_to_right,False,112.6,9.4,111.6,45.9,False,True,False,True
6333c648-da0d-4bf0-abbc-7bd18028d5ca,3754266,1869,2,00:13:37.322,58,37,9,Clearance,127,31,Crystal Palace,From Throw In,23,Watford,40118.0,Ikechi Anya,Left Back,8.5,34.2,,,0.0,True,,,,,,,False,,,,,,,False,False,left_to_right,False,8.5,34.2,,,False,False,False,False
0df79cd7-051b-4dda-a83e-105da262abd7,3754266,1870,2,00:13:38.725,58,38,2,Ball Recovery,127,31,Crystal Palace,From Throw In,31,Crystal Palace,3448.0,Martin Kelly,Right Back,91.2,50.8,,,0.0,False,,,,,,,False,,,,,,,False,False,left_to_right,False,91.2,50.8,,,False,False,False,False
8b2a6bce-1a33-42ed-b081-e7ae8bb7ebe2,3754266,1871,2,00:13:38.725,58,38,43,Carry,127,31,Crystal Palace,From Throw In,31,Crystal Palace,3448.0,Martin Kelly,Right Back,91.2,50.8,86.1,51.6,0.86652,False,,,,,,,False,,,,,,,False,False,left_to_right,False,91.2,50.8,86.1,51.6,False,False,False,False
cd0fe82c-340a-4b98-a4d8-4d2499feeab4,3754266,1872,2,00:13:39.592,58,39,30,Pass,127,31,Crystal Palace,From Throw In,31,Crystal Palace,3448.0,Martin Kelly,Right Back,86.1,51.6,76.7,46.9,1.037255,False,,,,,,,True,10.50952,-2.6779451,Ground Pass,,3407.0,Scott Dann,False,False,left_to_right,False,86.1,51.6,76.7,46.9,False,False,False,False
52c805f9-1bf5-445a-836f-053d17d4db15,3754266,1873,2,00:13:40.629,58,40,42,Ball Receipt*,127,31,Crystal Palace,From Throw In,31,Crystal Palace,3407.0,Scott Dann,Right Center Back,76.7,46.9,,,,False,,,,,,,False,,,,,,,False,False,left_to_right,False,76.7,46.9,,,False,False,False,False
8f1bc164-8646-45ac-b8a3-ad5c1642bc25,3754266,1874,2,00:13:40.629,58,40,43,Carry,127,31,Crystal Palace,From Throw In,31,Crystal Palace,3407.0,Scott Dann,Right Center Back,76.7,46.9,77.3,47.3,1.058554,False,,,,,,,False,,,,,,,False,False,left_to_right,False,76.7,46.9,77.3,47.3,False,False,False,False
8b1d9f61-3b5a-471f-9ce9-812d6e53f380,3754266,1875,2,00:13:41.687,58,41,30,Pass,127,31,Crystal Palace,From Throw In,31,Crystal Palace,3407.0,Scott Dann,Right Center Back,77.3,47.3,99.2,24.1,1.82716,False,,,,,,,True,31.90376,-0.814215,High Pass,,3469.0,Bakary Sako,False,False,left_to_right,False,77.3,47.3,99.2,24.1,False,True,True,False
7d96d75a-6806-4d85-8e67-660fd9d6da49,3754266,1876,2,00:13:43.515,58,43,42,Ball Receipt*,127,31,Crystal Palace,From Throw In,31,Crystal Palace,3469.0,Bakary Sako,Center Attacking Midfield,99.2,24.1,,,,False,,,,,,,False,,,,,,,False,False,left_to_right,False,99.2,24.1,,,False,False,False,False
2e2a03c1-ae36-49c9-bcf0-c3f004efb140,3754266,1877,2,00:13:43.515,58,43,43,Carry,127,31,Crystal Palace,From Throw In,31,Crystal Palace,3469.0,Bakary Sako,Center Attacking Midfield,99.2,24.1,103.6,21.4,1.348365,False,,,,,,,False,,,,,,,False,False,left_to_right,False,99.2,24.1,103.6,21.4,False,False,False,False
dd7852ad-4391-47cd-8422-a6a499e18a51,3754266,1878,2,00:13:44.863,58,44,30,Pass,127,31,Crystal Palace,From Throw In,31,Crystal Palace,3469.0,Bakary Sako,Center Attacking Midfield,103.6,21.4,104.7,47.3,2.704223,False,,,,,,Incomplete,False,25.92335,1.5283508,High Pass,,,,False,False,left_to_right,False,103.6,21.4,104.7,47.3,False,True,False,True
81374f2b-a7fd-4224-8c5e-433d7df4d415,3754266,1879,2,00:13:47.567,58,47,9,Clearance,127,31,Crystal Palace,From Throw In,23,Watford,3626.0,Ben Watson,Left Center Midfield,15.4,32.8,,,0.0,True,,,,,,,False,,,,,,,False,False,left_to_right,False,15.4,32.8,,,False,False,False,False
0083d945-80ee-40f3-9f8c-f1bde7e40e0e,3754266,1880,2,00:13:49.962,58,49,4,Duel,127,31,Crystal Palace,From Throw In,31,Crystal Palace,3448.0,Martin Kelly,Right Back,86.3,46.7,,,0.0,True,,,,,,,False,,,,,,,False,False,left_to_right,False,86.3,46.7,,,False,False,False,False
558c3104-1004-4a97-a32f-447b68b9fd03,3754266,1881,2,00:13:49.962,58,49,30,Pass,127,31,Crystal Palace,From Throw In,23,Watford,3454.0,Troy Deeney,Right Center Forward,33.8,33.4,44.2,40.6,1.118885,True,,,,,,Incomplete,False,12.649111,0.6055447,High Pass,Recovery,5458.0,Odion Jude Ighalo,False,False,left_to_right,False,33.8,33.4,44.2,40.6,False,False,False,True
501524a7-6f06-4259-988c-1e44b0afb2bd,3754266,1882,2,00:13:51.081,58,51,42,Ball Receipt*,127,31,Crystal Palace,From Throw In,23,Watford,5458.0,Odion Jude Ighalo,Left Center Forward,48.1,42.6,,,,False,,,,,,,False,,,,,,,False,False,left_to_right,False,48.1,42.6,,,False,False,False,False
aa5ebe68-e03f-41ec-84f8-f6979ce45b37,3754266,1883,2,00:13:51.081,58,51,30,Pass,127,31,Crystal Palace,From Throw In,31,Crystal Palace,3469.0,Bakary Sako,Center Attacking Midfield,75.9,39.5,87.7,29.8,1.353559,False,,,,,,Incomplete,False,15.275144,-0.68803257,Low Pass,Recovery,,,False,False,left_to_right,False,75.9,39.5,87.7,29.8,False,False,True,True
468060f5-0b15-4dd0-ba7c-17835692304b,3754266,1884,2,00:13:52.434,58,52,2,Ball Recovery,128,23,Watford,Regular Play,23,Watford,43081.0,Almen Abdi,Right Midfield,32.4,50.3,,,0.0,False,,,,,,,False,,,,,,,False,False,left_to_right,False,32.4,50.3,,,False,False,False,False
377754d1-5201-4884-94e3-e00d01b45d1b,3754266,1885,2,00:13:52.434,58,52,43,Carry,128,23,Watford,Regular Play,23,Watford,43081.0,Almen Abdi,Right Midfield,32.4,50.3,38.1,49.3,0.824323,False,,,,,,,False,,,,,,,False,False,left_to_right,False,32.4,50.3,38.1,49.3,False,False,False,False
9d7cbfea-c6cf-4d45-afe7-311d05541830,3754266,1886,2,00:13:53.259,58,53,30,Pass,128,23,Watford,Regular Play,23,Watford,43081.0,Almen Abdi,Right Midfield,38.1,49.3,33.4,42.8,0.687549,False,,,,,,,True,8.021222,-2.196843,Ground Pass,,3626.0,Ben Watson,False,False,left_to_right,False,38.1,49.3,33.4,42.8,False,False,False,False
25ba814b-a024-4e1d-ac12-961283cc7712,3754266,1887,2,00:13:53.946,58,53,42,Ball Receipt*,128,23,Watford,Regular Play,23,Watford,3626.0,Ben Watson,Left Center Midfield,33.4,42.8,,,,False,,,,,,,False,,,,,,,False,False,left_to_right,False,33.4,42.8,,,False,False,False,False
658ebf32-e236-4863-8343-7b48cbf6baa8,3754266,1888,2,00:13:53.946,58,53,43,Carry,128,23,Watford,Regular Play,23,Watford,3626.0,Ben Watson,Left Center Midfield,33.4,42.8,33.6,41.6,0.344306,False,,,,,,,False,,,,,,,False,False,left_to_right,False,33.4,42.8,33.6,41.6,False,False,False,False
cbe50d3a-6163-435b-89f8-4558ae871b07,3754266,1889,2,00:13:54.290,58,54,30,Pass,128,23,Watford,Regular Play,23,Watford,3626.0,Ben Watson,Left Center Midfield,33.6,41.6,27.5,53.6,1.9273,False,,,,,,,True,13.461427,2.0410883,Ground Pass,,3991.0,Allan Romeo Nyom,False,False,left_to_right,False,33.6,41.6,27.5,53.6,False,False,False,False
727b5a58-c881-4dbc-8ca7-b6dcc099e643,3754266,1890,2,00:13:55.704,58,55,17,Pressure,128,23,Watford,Regular Play,31,Crystal Palace,19688.0,Jason Puncheon,Right Wing,92.6,29.2,,,0.722978,False,,,,,,,False,,,,,,,False,False,left_to_right,False,92.6,29.2,,,False,False,False,False
ecba4614-92d9-4988-990f-a4737c735669,3754266,1891,2,00:13:56.218,58,56,42,Ball Receipt*,128,23,Watford,Regular Play,23,Watford,3991.0,Allan Romeo Nyom,Right Back,27.5,53.6,,,,True,,,,,,,False,,,,,,,False,False,left_to_right,False,27.5,53.6,,,False,False,False,False
b4a61ee5-70fc-4a23-920f-5d2a3be7982d,3754266,1892,2,00:13:56.218,58,56,43,Carry,128,23,Watford,Regular Play,23,Watford,3991.0,Allan Romeo Nyom,Right Back,27.5,53.6,27.3,52.2,0.079999,True,,,,,,,False,,,,,,,False,False,left_to_right,False,27.5,53.6,27.3,52.2,False,False,False,False
94ef7378-0580-41e1-8511-e5ccb2ba6a96,3754266,1893,2,00:13:56.298,58,56,30,Pass,128,23,Watford,Regular Play,23,Watford,3991.0,Allan Romeo Nyom,Right Back,27.3,52.2,105.2,55.8,5.166819,True,,,,,,Incomplete,False,77.98314,0.046180237,High Pass,,5458.0,Odion Jude Ighalo,False,False,left_to_right,False,27.3,52.2,105.2,55.8,False,True,True,True
bf64f03d-4541-44dc-b496-3ccc979835bb,3754266,1894,2,00:14:01.465,59,1,42,Ball Receipt*,128,23,Watford,Regular Play,23,Watford,5458.0,Odion Jude Ighalo,Left Center Forward,70.9,61.7,,,,False,,,,,,,False,,,,,,,False,False,left_to_right,False,70.9,61.7,,,False,False,False,False
b439a3e7-00c1-4a62-ab26-b1ce38e42c90,3754266,1895,2,00:14:01.465,59,1,2,Ball Recovery,129,31,Crystal Palace,Regular Play,31,Crystal Palace,3488.0,Wayne Hennessey,Goalkeeper,14.9,24.3,,,0.0,False,,,,,,,False,,,,,,,False,False,left_to_right,False,14.9,24.3,,,False,False,False,False
9028a91b-5d0f-4a11-a5df-8d404f08fd94,3754266,1896,2,00:14:01.465,59,1,43,Carry,129,31,Crystal Palace,Regular Play,31,Crystal Palace,3488.0,Wayne Hennessey,Goalkeeper,14.9,24.3,15.1,25.2,0.406328,False,,,,,,,False,,,,,,,False,False,left_to_right,False,14.9,24.3,15.1,25.2,False,False,False,False
ca4f4d51-5791-484e-bf69-237acd72d51e,3754266,1897,2,00:14:01.871,59,1,30,Pass,129,31,Crystal Palace,Regular Play,31,Crystal Palace,3488.0,Wayne Hennessey,Goalkeeper,15.1,25.2,22.6,23.9,1.024265,False,,,,,,,True,7.611833,-0.17162807,Ground Pass,,43695.0,Brede Hangeland,False,False,left_to_right,False,15.1,25.2,22.6,23.9,False,False,False,False
eecd5bd6-1f68-4843-8f83-032ac6fbb78e,3754266,1898,2,00:14:02.895,59,2,42,Ball Receipt*,129,31,Crystal Palace,Regular Play,31,Crystal Palace,43695.0,Brede Hangeland,Left Center Back,22.6,23.9,,,,False,,,,,,,False,,,,,,,False,False,left_to_right,False,22.6,23.9,,,False,False,False,False
4df1be9a-fcdb-4232-886c-391bfe736f65,3754266,1899,2,00:14:04.011,59,4,30,Pass,129,31,Crystal Palace,Regular Play,31,Crystal Palace,43695.0,Brede Hangeland,Left Center Back,23.1,24.7,39.8,11.8,1.976853,False,,,,,,,True,21.102133,-0.6577182,Ground Pass,,4817.0,Joe Ledley,False,False,left_to_right,False,23.1,24.7,39.8,11.8,False,False,False,False
20e378a4-f636-4141-85e6-e5dc73ca4692,3754266,1900,2,00:14:05.988,59,5,42,Ball Receipt*,129,31,Crystal Palace,Regular Play,31,Crystal Palace,4817.0,Joe Ledley,Left Defensive Midfield,39.8,11.8,,,,False,,,,,,,False,,,,,,,False,False,left_to_right,False,39.8,11.8,,,False,False,False,False
1a5c343f-f8e1-4cab-b876-aebcca32b818,3754266,1901,2,00:14:07.154,59,7,30,Pass,129,31,Crystal Palace,Regular Play,31,Crystal Palace,4817.0,Joe Ledley,Left Defensive Midfield,39.8,13.5,53.7,3.5,1.201625,False,,,,,,,True,17.123375,-0.62364393,Ground Pass,,4884.0,Pape N''Diaye Souaré,False,False,left_to_right,False,39.8,13.5,53.7,3.5,False,False,False,False
4955b4c6-2d6b-41f9-9e52-a9113f23f603,3754266,1902,2,00:14:08.356,59,8,42,Ball Receipt*,129,31,Crystal Palace,Regular Play,31,Crystal Palace,4884.0,Pape N''Diaye Souaré,Left Back,53.7,3.5,,,,False,,,,,,,False,,,,,,,False,False,left_to_right,False,53.7,3.5,,,False,False,False,False
3fd419aa-84c9-42a9-8874-755a3fac52bf,3754266,1903,2,00:14:08.356,59,8,43,Carry,129,31,Crystal Palace,Regular Play,31,Crystal Palace,4884.0,Pape N''Diaye Souaré,Left Back,53.7,3.5,52.9,3.8,0.756741,False,,,,,,,False,,,,,,,False,False,left_to_right,False,53.7,3.5,52.9,3.8,False,False,False,False
338e93bb-4a76-48c4-a099-90f3217b4390,3754266,1904,2,00:14:09.113,59,9,30,Pass,129,31,Crystal Palace,Regular Play,31,Crystal Palace,4884.0,Pape N''Diaye Souaré,Left Back,52.9,3.8,68.7,4.5,1.589541,False,,,,,,Incomplete,False,15.815498,0.044274844,Ground Pass,,,,False,False,left_to_right,False,52.9,3.8,68.7,4.5,False,False,False,True
f40885c3-b5f8-4a53-a085-b7578cdb0a13,3754266,1905,2,00:14:10.702,59,10,10,Interception,129,31,Crystal Palace,Regular Play,23,Watford,3991.0,Allan Romeo Nyom,Right Back,51.4,75.6,,,0.0,False,,,,,,,False,,,,,,,False,False,left_to_right,False,51.4,75.6,,,False,False,False,False
55846777-0c48-46d1-b4b5-c51c197340ee,3754266,1906,2,00:14:11.586,59,11,17,Pressure,129,31,Crystal Palace,Regular Play,23,Watford,3991.0,Allan Romeo Nyom,Right Back,49.1,74.4,,,2.781078,False,,,,,,,False,,,,,,,False,False,left_to_right,False,49.1,74.4,,,False,False,False,False
8217c61d-569c-44b6-8a17-7db714d7642a,3754266,1907,2,00:14:12.158,59,12,2,Ball Recovery,129,31,Crystal Palace,Regular Play,31,Crystal Palace,3469.0,Bakary Sako,Center Attacking Midfield,72.2,3.8,,,0.0,True,,,,,,,False,,,,,,,False,False,left_to_right,False,72.2,3.8,,,False,False,False,False
182ff980-9b47-4996-a889-0100be12400b,3754266,1908,2,00:14:12.158,59,12,43,Carry,129,31,Crystal Palace,Regular Play,31,Crystal Palace,3469.0,Bakary Sako,Center Attacking Midfield,72.2,3.8,88.8,14.1,2.231317,True,,,,,,,False,,,,,,,False,False,left_to_right,False,72.2,3.8,88.8,14.1,True,False,False,False
a12af7ac-2ddb-473e-a51c-8e5782dfdca3,3754266,1909,2,00:14:14.390,59,14,30,Pass,129,31,Crystal Palace,Regular Play,31,Crystal Palace,3469.0,Bakary Sako,Center Attacking Midfield,88.8,14.1,110.4,46.1,1.798569,False,,,,,,,True,38.607773,0.97704667,Ground Pass,,3092.0,Dwight Gayle,True,False,left_to_right,False,88.8,14.1,110.4,46.1,False,True,False,False
51cc6447-075e-44b5-953f-0c7065fd865b,3754266,1910,2,00:14:16.170,59,16,42,Ball Receipt*,129,31,Crystal Palace,Regular Play,31,Crystal Palace,3092.0,Dwight Gayle,Center Forward,110.4,46.1,,,,False,,,,,,,False,,,,,,,False,False,left_to_right,False,110.4,46.1,,,False,False,False,False
5feb82b0-4034-4b44-87db-a493e05b9f9f,3754266,1911,2,00:14:16.170,59,16,16,Shot,129,31,Crystal Palace,Regular Play,31,Crystal Palace,3092.0,Dwight Gayle,Center Forward,107.1,40.7,120.0,44.1,0.620273,False,0.2407354,Post,Right Foot,Normal,Open Play,,False,,,,,,,False,False,left_to_right,False,107.1,40.7,120.0,44.1,False,False,False,False
845f50e6-d05d-4f15-ac83-c3627a9699ed,3754266,1912,2,00:14:16.790,59,16,23,Goal Keeper,129,31,Crystal Palace,Regular Play,23,Watford,3522.0,Heurelho da Silva Gomes,Goalkeeper,9.4,39.4,,,0.0,False,,,,,,,False,,,,,,,False,False,left_to_right,False,9.4,39.4,,,False,False,False,False
9007bc78-defc-496e-8ed5-94513a18517b,3754266,1913,2,00:14:17.629,59,17,2,Ball Recovery,130,23,Watford,Regular Play,23,Watford,3522.0,Heurelho da Silva Gomes,Goalkeeper,8.8,32.2,,,0.0,False,,,,,,,False,,,,,,,False,False,left_to_right,False,8.8,32.2,,,False,False,False,False
2285859b-bb6d-4899-bbdf-21dbb3606595,3754266,1914,2,00:14:17.629,59,17,43,Carry,130,23,Watford,Regular Play,23,Watford,3522.0,Heurelho da Silva Gomes,Goalkeeper,8.8,32.2,70.3,52.0,25.583548,True,,,,,,,False,,,,,,,False,False,left_to_right,False,8.8,32.2,70.3,52.0,True,False,False,False
44d80184-23fe-4415-9c09-d0200819f584,3754266,1915,2,00:14:42.874,59,42,17,Pressure,130,23,Watford,Regular Play,31,Crystal Palace,3277.0,Yohan Cabaye,Right Defensive Midfield,48.8,29.2,,,0.387345,False,,,,,,,False,,,,,,,False,False,left_to_right,False,48.8,29.2,,,False,False,False,False
56342e8c-af69-4433-90b2-38f5fb372c63,3754266,1916,2,00:14:43.212,59,43,30,Pass,130,23,Watford,Regular Play,23,Watford,3522.0,Heurelho da Silva Gomes,Goalkeeper,70.3,52.0,66.4,34.4,1.257884,True,,,,,,,True,18.026924,-1.7888635,Ground Pass,,3626.0,Ben Watson,False,False,left_to_right,False,70.3,52.0,66.4,34.4,False,False,False,False
adf6f602-4ca5-4885-8148-257007b67207,3754266,1917,2,00:14:44.470,59,44,42,Ball Receipt*,130,23,Watford,Regular Play,23,Watford,3626.0,Ben Watson,Left Center Midfield,66.4,34.4,,,,False,,,,,,,False,,,,,,,False,False,left_to_right,False,66.4,34.4,,,False,False,False,False
2b672b4a-bb8b-4d90-a004-5f25a658e02e,3754266,1918,2,00:14:44.470,59,44,43,Carry,130,23,Watford,Regular Play,23,Watford,3626.0,Ben Watson,Left Center Midfield,66.4,34.4,66.2,34.0,0.079999,False,,,,,,,False,,,,,,,False,False,left_to_right,False,66.4,34.4,66.2,34.0,False,False,False,False
a096e0e4-a89f-4ab8-a20e-5b2d70b5989a,3754266,1919,2,00:14:44.550,59,44,30,Pass,130,23,Watford,Regular Play,23,Watford,3626.0,Ben Watson,Left Center Midfield,66.2,34.0,77.2,6.3,2.212278,False,,,,,,,True,29.804193,-1.1927822,Ground Pass,,40118.0,Ikechi Anya,False,False,left_to_right,False,66.2,34.0,77.2,6.3,False,False,False,False
4d7114ec-0b18-4080-9838-6f963ba4e2f2,3754266,1920,2,00:14:46.762,59,46,42,Ball Receipt*,130,23,Watford,Regular Play,23,Watford,40118.0,Ikechi Anya,Left Back,77.2,6.3,,,,False,,,,,,,False,,,,,,,False,False,left_to_right,False,77.2,6.3,,,False,False,False,False
0e3045c6-46b9-4312-a666-36d81b72eef4,3754266,1921,2,00:14:46.762,59,46,43,Carry,130,23,Watford,Regular Play,23,Watford,40118.0,Ikechi Anya,Left Back,77.2,6.3,95.5,6.8,4.299378,True,,,,,,,False,,,,,,,False,False,left_to_right,False,77.2,6.3,95.5,6.8,False,False,False,False
fc373deb-5968-497c-9850-ee9024a6747c,3754266,1922,2,00:14:51.062,59,51,39,Dribbled Past,130,23,Watford,Regular Play,31,Crystal Palace,3589.0,Yannick Bolasie Yala,Left Wing,24.6,73.3,,,0.0,False,,,,,,,False,,,,,,,False,False,left_to_right,False,24.6,73.3,,,False,False,False,False
d7052235-6fd1-4459-b3e9-72035742bafe,3754266,1923,2,00:14:51.062,59,51,14,Dribble,130,23,Watford,Regular Play,23,Watford,40118.0,Ikechi Anya,Left Back,95.5,6.8,,,0.0,True,,,,,,,False,,,,,,,False,False,left_to_right,False,95.5,6.8,,,False,False,False,False
d15c13be-5aa7-4327-a301-d7b8fbd04766,3754266,1924,2,00:14:51.062,59,51,43,Carry,130,23,Watford,Regular Play,23,Watford,40118.0,Ikechi Anya,Left Back,95.5,6.8,111.7,6.7,2.437198,True,,,,,,,False,,,,,,,False,False,left_to_right,False,95.5,6.8,111.7,6.7,False,False,False,False
7575e6b4-a2bf-4949-88f1-a263f987527c,3754266,1925,2,00:14:52.465,59,52,17,Pressure,130,23,Watford,Regular Play,31,Crystal Palace,3448.0,Martin Kelly,Right Back,10.0,75.1,,,0.710097,False,,,,,,,False,,,,,,,False,False,left_to_right,False,10.0,75.1,,,False,False,False,False
80a9f44a-5b68-47c7-8800-97d9282586a1,3754266,1926,2,00:14:53.499,59,53,22,Foul Committed,130,23,Watford,Regular Play,31,Crystal Palace,3448.0,Martin Kelly,Right Back,8.4,73.4,,,0.0,False,,,,,,,False,,,,,,,False,False,left_to_right,False,8.4,73.4,,,False,False,False,False
43ded1e2-5e6d-4ec1-8fa0-f8b8e6506671,3754266,1927,2,00:14:53.499,59,53,21,Foul Won,130,23,Watford,Regular Play,23,Watford,40118.0,Ikechi Anya,Left Back,111.7,6.7,,,0.0,True,,,,,,,False,,,,,,,False,False,left_to_right,False,111.7,6.7,,,False,False,False,False
a4b421fb-c197-4872-a85b-594e8986f9d3,3754266,1928,2,00:15:31.916,60,31,30,Pass,131,23,Watford,From Free Kick,23,Watford,6870.0,José Manuel Jurado Marín,Left Midfield,111.4,2.4,115.8,36.1,1.533061,False,,,,,,Incomplete,False,33.986027,1.440967,High Pass,Free Kick,,,False,False,left_to_right,False,111.4,2.4,115.8,36.1,False,True,False,True
a58d929b-37b0-4ea2-b0e8-00bbe36d636a,3754266,1929,2,00:15:33.449,60,33,4,Duel,131,23,Watford,From Free Kick,23,Watford,3263.0,Craig Cathcart,Left Center Back,115.8,36.1,,,0.0,True,,,,,,,False,,,,,,,False,False,left_to_right,False,115.8,36.1,,,False,False,False,False
1974d6a0-29c5-4d40-b296-688a9156a5c4,3754266,1930,2,00:15:33.449,60,33,9,Clearance,131,23,Watford,From Free Kick,31,Crystal Palace,43695.0,Brede Hangeland,Left Center Back,4.3,44.0,,,0.0,True,,,,,,,False,,,,,,,False,False,left_to_right,False,4.3,44.0,,,False,False,False,False
431faa65-8a93-442d-be2c-25ea48f89aaf,3754266,1931,2,00:15:35.513,60,35,9,Clearance,131,23,Watford,From Free Kick,31,Crystal Palace,3092.0,Dwight Gayle,Center Forward,12.7,45.9,,,0.0,True,,,,,,,False,,,,,,,False,False,left_to_right,False,12.7,45.9,,,False,False,False,False
9745f8eb-a7b0-4e81-9d78-e678d73a0dc9,3754266,1932,2,00:15:36.758,60,36,17,Pressure,131,23,Watford,From Free Kick,31,Crystal Palace,19688.0,Jason Puncheon,Right Wing,27.4,51.6,,,0.361836,False,,,,,,,False,,,,,,,False,False,left_to_right,False,27.4,51.6,,,False,False,False,False
6fcdc734-208d-44cf-b9f3-3092448c5439,3754266,1933,2,00:15:36.977,60,36,2,Ball Recovery,131,23,Watford,From Free Kick,23,Watford,40118.0,Ikechi Anya,Left Back,89.1,26.9,,,0.0,True,,,,,,,False,,,,,,,False,False,left_to_right,False,89.1,26.9,,,False,False,False,False
459654e5-fac2-4e2b-9050-52a50215aae9,3754266,1934,2,00:15:37.069,60,37,16,Shot,131,23,Watford,From Free Kick,23,Watford,40118.0,Ikechi Anya,Left Back,92.0,31.9,120.0,34.5,1.700915,True,0.012254179,Off T,Left Foot,Half Volley,Open Play,,False,,,,,,,False,False,left_to_right,False,92.0,31.9,120.0,34.5,False,False,False,False
18b0308b-25ef-40e4-a3d7-143a1fe280e3,3754266,1935,2,00:15:38.770,60,38,23,Goal Keeper,131,23,Watford,From Free Kick,31,Crystal Palace,3488.0,Wayne Hennessey,Goalkeeper,1.0,43.1,,,0.0,False,,,,,,,False,,,,,,,False,False,left_to_right,False,1.0,43.1,,,False,False,False,False
6ca8c58d-ef88-4a68-8b30-600ec9cf8661,3754266,1936,2,00:16:24.159,61,24,19,Substitution,131,23,Watford,From Free Kick,31,Crystal Palace,3469.0,Bakary Sako,Center Attacking Midfield,,,,,0.0,False,,,,,,,False,,,,,,,False,False,left_to_right,False,,,,,False,False,False,False
55ce4be9-3817-4cd5-9c72-42f099c32d6a,3754266,1937,2,00:16:27.841,61,27,30,Pass,132,31,Crystal Palace,From Goal Kick,31,Crystal Palace,3488.0,Wayne Hennessey,Goalkeeper,7.0,44.1,76.5,53.6,3.493542,False,,,,,,,True,70.14628,0.13584875,High Pass,Goal Kick,3092.0,Dwight Gayle,False,False,left_to_right,False,7.0,44.1,76.5,53.6,False,True,False,False
6bea60c9-f786-4abe-98df-d0d2ab24f472,3754266,1938,2,00:16:31.334,61,31,42,Ball Receipt*,132,31,Crystal Palace,From Goal Kick,31,Crystal Palace,3092.0,Dwight Gayle,Center Forward,76.5,53.6,,,,False,,,,,,,False,,,,,,,False,False,left_to_right,False,76.5,53.6,,,False,False,False,False
f14046a4-45fb-43f4-a300-ceff714c8ae8,3754266,1939,2,00:16:31.384,61,31,4,Duel,132,31,Crystal Palace,From Goal Kick,23,Watford,3626.0,Ben Watson,Left Center Midfield,44.1,26.5,,,0.0,True,,,,,,,False,,,,,,,False,False,left_to_right,False,44.1,26.5,,,False,False,False,False
6818fdcd-f0b1-4f24-9649-9423256d07ae,3754266,1940,2,00:16:31.384,61,31,30,Pass,132,31,Crystal Palace,From Goal Kick,31,Crystal Palace,3092.0,Dwight Gayle,Center Forward,76.0,53.6,83.9,51.6,1.469855,True,,,,,,,True,8.149233,-0.24795485,Low Pass,,3589.0,Yannick Bolasie Yala,True,False,left_to_right,False,76.0,53.6,83.9,51.6,False,False,True,False
e756747d-89ad-45ec-8524-1e1c35a7814b,3754266,1941,2,00:16:32.853,61,32,42,Ball Receipt*,132,31,Crystal Palace,From Goal Kick,31,Crystal Palace,3589.0,Yannick Bolasie Yala,Left Wing,83.9,51.6,,,,False,,,,,,,False,,,,,,,False,False,left_to_right,False,83.9,51.6,,,False,False,False,False
397c305b-880c-48c1-a8ef-6813f5384d99,3754266,1942,2,00:16:32.872,61,32,16,Shot,132,31,Crystal Palace,From Goal Kick,31,Crystal Palace,3589.0,Yannick Bolasie Yala,Left Wing,83.4,51.1,116.8,44.1,1.688374,False,0.0070969528,Saved,Left Foot,Half Volley,Open Play,,False,,,,,,,False,False,left_to_right,False,83.4,51.1,116.8,44.1,False,False,False,False
5500b54d-6595-4a3a-b6a1-7bf9f4e861cb,3754266,1943,2,00:16:34.560,61,34,23,Goal Keeper,132,31,Crystal Palace,From Goal Kick,23,Watford,3522.0,Heurelho da Silva Gomes,Goalkeeper,5.4,36.8,,,0.0,False,,,,,,,False,,,,,,,False,False,left_to_right,False,5.4,36.8,,,False,False,False,False
6327ca5c-c615-48f4-a79f-f8891f830a76,3754266,1944,2,00:16:46.280,61,46,30,Pass,133,23,Watford,From Keeper,23,Watford,3522.0,Heurelho da Silva Gomes,Goalkeeper,13.9,37.5,77.0,47.6,4.211765,False,,,,,,,True,63.90321,0.15871707,High Pass,,3454.0,Troy Deeney,False,False,left_to_right,False,13.9,37.5,77.0,47.6,False,True,False,False
43f3a16a-cf75-41b5-b5ac-e1663347cf79,3754266,1945,2,00:16:50.428,61,50,17,Pressure,133,23,Watford,From Keeper,31,Crystal Palace,4817.0,Joe Ledley,Left Defensive Midfield,42.0,34.3,,,0.370065,False,,,,,,,False,,,,,,,False,False,left_to_right,False,42.0,34.3,,,False,False,False,False
ad21c5a8-83e0-41ee-a06b-536078c075ea,3754266,1946,2,00:16:50.491,61,50,42,Ball Receipt*,133,23,Watford,From Keeper,23,Watford,3454.0,Troy Deeney,Right Center Forward,77.0,47.6,,,,True,,,,,,,False,,,,,,,False,False,left_to_right,False,77.0,47.6,,,False,False,False,False
c44fafb1-8b1a-4263-bcd8-94c2ffa8fe1e,3754266,1947,2,00:16:50.491,61,50,43,Carry,133,23,Watford,From Keeper,23,Watford,3454.0,Troy Deeney,Right Center Forward,77.0,47.6,77.6,47.6,0.274734,True,,,,,,,False,,,,,,,False,False,left_to_right,False,77.0,47.6,77.6,47.6,False,False,False,False
e446ceec-3d76-4f05-ab34-bb5799a5ddea,3754266,1948,2,00:16:50.766,61,50,38,Miscontrol,133,23,Watford,From Keeper,23,Watford,3454.0,Troy Deeney,Right Center Forward,77.6,47.6,,,0.0,True,,,,,,,False,,,,,,,False,False,left_to_right,False,77.6,47.6,,,False,False,False,True
80578597-d1f0-4680-8072-f4aa4c238fdb,3754266,1949,2,00:16:51.528,61,51,17,Pressure,133,23,Watford,From Keeper,23,Watford,3454.0,Troy Deeney,Right Center Forward,71.7,51.6,,,2.248996,False,,,,,,,False,,,,,,,False,False,left_to_right,False,71.7,51.6,,,False,False,False,False
63cf4fc1-08b2-4357-b6be-481585590ca9,3754266,1950,2,00:16:51.973,61,51,2,Ball Recovery,133,23,Watford,From Keeper,31,Crystal Palace,3507.0,Wilfried Zaha,Center Attacking Midfield,47.8,18.8,,,0.0,True,,,,,,,False,,,,,,,False,False,left_to_right,False,47.8,18.8,,,False,False,False,False
d877da50-82f9-4396-82d9-e28fd218e84b,3754266,1951,2,00:16:51.973,61,51,43,Carry,133,23,Watford,From Keeper,31,Crystal Palace,3507.0,Wilfried Zaha,Center Attacking Midfield,47.8,18.8,108.6,11.5,10.238025,True,,,,,,,False,,,,,,,False,False,left_to_right,False,47.8,18.8,108.6,11.5,True,False,False,False
238a9813-83bc-4c59-99a0-8b083d322b93,3754266,1952,2,00:16:56.336,61,56,17,Pressure,133,23,Watford,From Keeper,23,Watford,3991.0,Allan Romeo Nyom,Right Back,47.6,75.6,,,5.715059,False,,,,,,,False,,,,,,,False,False,left_to_right,False,47.6,75.6,,,False,False,False,False
ab89241a-c3aa-434e-927d-0bc29ece07bf,3754266,1953,2,00:17:02.211,62,2,14,Dribble,133,23,Watford,From Keeper,31,Crystal Palace,3507.0,Wilfried Zaha,Center Attacking Midfield,108.6,11.5,,,0.0,True,,,,,,,False,,,,,,,False,False,left_to_right,False,108.6,11.5,,,False,False,False,False
ea348b8c-4f9d-4bdb-81b6-b066adcc87e6,3754266,1954,2,00:17:02.211,62,2,4,Duel,133,23,Watford,From Keeper,23,Watford,3991.0,Allan Romeo Nyom,Right Back,11.5,68.6,,,0.0,True,,,,,,,False,,,,,,,False,False,left_to_right,False,11.5,68.6,,,False,False,False,False
3098252c-407e-4528-86ce-6539c3b161ba,3754266,1955,2,00:17:03.137,62,3,2,Ball Recovery,133,23,Watford,From Keeper,23,Watford,3721.0,Etienne Capoue,Right Center Midfield,16.8,62.9,,,0.0,False,,,,,,,False,,,,,,,False,False,left_to_right,False,16.8,62.9,,,False,False,False,False
5eb33e70-a7be-46a2-9d12-2db13a5e0826,3754266,1956,2,00:17:03.137,62,3,43,Carry,133,23,Watford,From Keeper,23,Watford,3721.0,Etienne Capoue,Right Center Midfield,16.8,62.9,19.5,65.2,1.355087,True,,,,,,,False,,,,,,,False,False,left_to_right,False,16.8,62.9,19.5,65.2,False,False,False,False
0c2a3021-c2c8-4571-b418-46ad7b58ff27,3754266,1957,2,00:17:03.858,62,3,17,Pressure,133,23,Watford,From Keeper,31,Crystal Palace,3507.0,Wilfried Zaha,Center Attacking Midfield,107.0,13.1,,,0.593126,False,,,,,,,False,,,,,,,False,False,left_to_right,False,107.0,13.1,,,False,False,False,False
516b8712-9b0f-4eef-a382-0354e6ae4a9a,3754266,1958,2,00:17:04.492,62,4,3,Dispossessed,133,23,Watford,From Keeper,23,Watford,3721.0,Etienne Capoue,Right Center Midfield,19.5,65.2,,,0.0,True,,,,,,,False,,,,,,,False,False,left_to_right,False,19.5,65.2,,,False,False,False,True
97815cca-e91c-47eb-875b-c6e87a742759,3754266,1959,2,00:17:04.492,62,4,4,Duel,133,23,Watford,From Keeper,31,Crystal Palace,3507.0,Wilfried Zaha,Center Attacking Midfield,100.6,14.9,,,0.0,True,,,,,,,False,,,,,,,False,False,left_to_right,False,100.6,14.9,,,False,False,False,False
abe32992-1ae2-4ffc-b472-8cd16928fdb1,3754266,1960,2,00:17:05.726,62,5,30,Pass,133,23,Watford,From Keeper,23,Watford,43081.0,Almen Abdi,Right Midfield,27.1,57.1,20.0,60.4,0.912689,False,,,,,,,True,7.8294315,2.7065086,Ground Pass,Recovery,3991.0,Allan Romeo Nyom,False,False,left_to_right,False,27.1,57.1,20.0,60.4,False,False,False,False
11b5a942-bd44-4393-abe9-32fe166928a9,3754266,1961,2,00:17:06.639,62,6,42,Ball Receipt*,133,23,Watford,From Keeper,23,Watford,3991.0,Allan Romeo Nyom,Right Back,20.0,60.4,,,,False,,,,,,,False,,,,,,,False,False,left_to_right,False,20.0,60.4,,,False,False,False,False
6f49be38-6d40-4ff0-97d1-4f8c6cec1c96,3754266,1962,2,00:17:06.639,62,6,43,Carry,133,23,Watford,From Keeper,23,Watford,3991.0,Allan Romeo Nyom,Right Back,20.0,60.4,21.6,60.9,0.474256,False,,,,,,,False,,,,,,,False,False,left_to_right,False,20.0,60.4,21.6,60.9,False,False,False,False
70d85251-f68c-4fed-af1f-7f6f8f24743e,3754266,1963,2,00:17:07.113,62,7,30,Pass,133,23,Watford,From Keeper,23,Watford,3991.0,Allan Romeo Nyom,Right Back,21.6,60.9,30.7,57.7,1.084457,False,,,,,,,True,9.646243,-0.3381425,Ground Pass,,43081.0,Almen Abdi,False,False,left_to_right,False,21.6,60.9,30.7,57.7,False,False,False,False
89d65a21-9257-462f-9ad3-96980f41d52d,3754266,1964,2,00:17:08.198,62,8,42,Ball Receipt*,133,23,Watford,From Keeper,23,Watford,43081.0,Almen Abdi,Right Midfield,30.7,57.7,,,,False,,,,,,,False,,,,,,,False,False,left_to_right,False,30.7,57.7,,,False,False,False,False
1281de20-b401-49e8-b562-c1ed1ac9ccb4,3754266,1965,2,00:17:08.198,62,8,43,Carry,133,23,Watford,From Keeper,23,Watford,43081.0,Almen Abdi,Right Midfield,30.7,57.7,30.9,57.1,1.009221,False,,,,,,,False,,,,,,,False,False,left_to_right,False,30.7,57.7,30.9,57.1,False,False,False,False
05a35ce8-7740-4c83-9106-a88106216730,3754266,1966,2,00:17:09.207,62,9,30,Pass,133,23,Watford,From Keeper,23,Watford,43081.0,Almen Abdi,Right Midfield,30.9,57.1,35.5,77.4,1.435421,False,,,,,,,True,20.81466,1.3479586,Ground Pass,,3721.0,Etienne Capoue,False,False,left_to_right,False,30.9,57.1,35.5,77.4,False,False,False,False
024c87ac-5245-4c4c-9a56-12079524d6b5,3754266,1967,2,00:17:10.642,62,10,42,Ball Receipt*,133,23,Watford,From Keeper,23,Watford,3721.0,Etienne Capoue,Right Center Midfield,35.5,77.4,,,,False,,,,,,,False,,,,,,,False,False,left_to_right,False,35.5,77.4,,,False,False,False,False
557acd89-ef36-494b-aa65-914278e058d0,3754266,1968,2,00:17:10.642,62,10,43,Carry,133,23,Watford,From Keeper,23,Watford,3721.0,Etienne Capoue,Right Center Midfield,35.5,77.4,42.8,76.1,1.215523,False,,,,,,,False,,,,,,,False,False,left_to_right,False,35.5,77.4,42.8,76.1,False,False,False,False
a130c7b1-f8aa-4d95-ba51-3721890a152c,3754266,1969,2,00:17:11.858,62,11,30,Pass,133,23,Watford,From Keeper,23,Watford,3721.0,Etienne Capoue,Right Center Midfield,42.8,76.1,108.2,58.9,4.402367,False,,,,,,Incomplete,False,67.62396,-0.25717318,High Pass,,5458.0,Odion Jude Ighalo,False,False,left_to_right,False,42.8,76.1,108.2,58.9,False,True,True,True
6edcde8d-5963-4d10-a633-e4a053cf0387,3754266,1970,2,00:17:16.260,62,16,42,Ball Receipt*,133,23,Watford,From Keeper,23,Watford,5458.0,Odion Jude Ighalo,Left Center Forward,105.5,58.5,,,,False,,,,,,,False,,,,,,,False,False,left_to_right,False,105.5,58.5,,,False,False,False,False
3c3e4ca2-c5ca-40a7-95ac-e3a6096890ba,3754266,1971,2,00:17:16.260,62,16,2,Ball Recovery,134,31,Crystal Palace,Regular Play,31,Crystal Palace,3488.0,Wayne Hennessey,Goalkeeper,11.9,21.2,,,0.0,False,,,,,,,False,,,,,,,False,False,left_to_right,False,11.9,21.2,,,False,False,False,False
a3ebc904-e770-4902-896e-f4bf33d972c2,3754266,1972,2,00:17:20.178,62,20,30,Pass,134,31,Crystal Palace,Regular Play,31,Crystal Palace,3488.0,Wayne Hennessey,Goalkeeper,16.0,32.7,21.5,48.1,1.046453,False,,,,,,,True,16.352676,1.2277724,Ground Pass,,3407.0,Scott Dann,False,False,left_to_right,False,16.0,32.7,21.5,48.1,False,False,False,False
b283d055-de54-4e40-9f98-cbef613bb02e,3754266,1973,2,00:17:21.224,62,21,42,Ball Receipt*,134,31,Crystal Palace,Regular Play,31,Crystal Palace,3407.0,Scott Dann,Right Center Back,21.5,48.1,,,,False,,,,,,,False,,,,,,,False,False,left_to_right,False,21.5,48.1,,,False,False,False,False
8133e624-75d3-459a-9506-d053988cf279,3754266,1974,2,00:17:22.400,62,22,30,Pass,134,31,Crystal Palace,Regular Play,31,Crystal Palace,3407.0,Scott Dann,Right Center Back,20.2,48.5,36.7,65.8,1.669263,False,,,,,,,True,23.906902,0.80906236,Ground Pass,,3448.0,Martin Kelly,False,False,left_to_right,False,20.2,48.5,36.7,65.8,False,False,False,False
39a7b5e4-6633-4cc5-85f6-295b264546d0,3754266,1975,2,00:17:24.070,62,24,42,Ball Receipt*,134,31,Crystal Palace,Regular Play,31,Crystal Palace,3448.0,Martin Kelly,Right Back,36.7,65.8,,,,False,,,,,,,False,,,,,,,False,False,left_to_right,False,36.7,65.8,,,False,False,False,False
53e03508-dfb9-4c20-861a-a075fec5f143,3754266,1976,2,00:17:24.719,62,24,30,Pass,134,31,Crystal Palace,Regular Play,31,Crystal Palace,3448.0,Martin Kelly,Right Back,35.8,66.2,36.5,59.1,0.723937,False,,,,,,,True,7.1344237,-1.4725224,Ground Pass,,3277.0,Yohan Cabaye,False,False,left_to_right,False,35.8,66.2,36.5,59.1,False,False,False,False
d3fa57f2-6769-49f5-accb-1b71c8129463,3754266,1977,2,00:17:25.443,62,25,42,Ball Receipt*,134,31,Crystal Palace,Regular Play,31,Crystal Palace,3277.0,Yohan Cabaye,Right Defensive Midfield,36.5,59.1,,,,False,,,,,,,False,,,,,,,False,False,left_to_right,False,36.5,59.1,,,False,False,False,False
7bedc7fc-99c7-4f5b-96e1-2c55c2b42b71,3754266,1978,2,00:17:25.443,62,25,43,Carry,134,31,Crystal Palace,Regular Play,31,Crystal Palace,3277.0,Yohan Cabaye,Right Defensive Midfield,36.5,59.1,39.4,57.5,2.102306,False,,,,,,,False,,,,,,,False,False,left_to_right,False,36.5,59.1,39.4,57.5,False,False,False,False
6414a127-2706-4d24-9de6-9eae3898ed1c,3754266,1979,2,00:17:27.545,62,27,30,Pass,134,31,Crystal Palace,Regular Play,31,Crystal Palace,3277.0,Yohan Cabaye,Right Defensive Midfield,39.4,57.5,37.8,31.6,2.272142,False,,,,,,,True,25.949373,-1.632494,Ground Pass,,4817.0,Joe Ledley,False,False,left_to_right,False,39.4,57.5,37.8,31.6,False,False,False,False
17587cef-2005-4e97-8387-ad02e8050343,3754266,1980,2,00:17:29.817,62,29,42,Ball Receipt*,134,31,Crystal Palace,Regular Play,31,Crystal Palace,4817.0,Joe Ledley,Left Defensive Midfield,37.8,31.6,,,,False,,,,,,,False,,,,,,,False,False,left_to_right,False,37.8,31.6,,,False,False,False,False
de68dd11-9c91-44b3-b26e-389e9c27a9c1,3754266,1981,2,00:17:29.817,62,29,43,Carry,134,31,Crystal Palace,Regular Play,31,Crystal Palace,4817.0,Joe Ledley,Left Defensive Midfield,37.8,31.6,41.6,23.7,1.68645,False,,,,,,,False,,,,,,,False,False,left_to_right,False,37.8,31.6,41.6,23.7,False,False,False,False
c1b78940-e9b4-4bcc-908b-e45e301befd5,3754266,1982,2,00:17:31.504,62,31,30,Pass,134,31,Crystal Palace,Regular Play,31,Crystal Palace,4817.0,Joe Ledley,Left Defensive Midfield,41.6,23.7,48.8,4.9,0.998587,False,,,,,,,True,20.131567,-1.205049,Ground Pass,,4884.0,Pape N''Diaye Souaré,False,False,left_to_right,False,41.6,23.7,48.8,4.9,False,False,False,False
5b55636e-bfd5-4785-b2ec-9f949a39457c,3754266,1983,2,00:17:32.502,62,32,42,Ball Receipt*,134,31,Crystal Palace,Regular Play,31,Crystal Palace,4884.0,Pape N''Diaye Souaré,Left Back,48.8,4.9,,,,False,,,,,,,False,,,,,,,False,False,left_to_right,False,48.8,4.9,,,False,False,False,False
4c304281-8cab-416f-a740-b9896f184e1e,3754266,1984,2,00:17:32.502,62,32,43,Carry,134,31,Crystal Palace,Regular Play,31,Crystal Palace,4884.0,Pape N''Diaye Souaré,Left Back,48.8,4.9,49.0,4.7,1.188539,False,,,,,,,False,,,,,,,False,False,left_to_right,False,48.8,4.9,49.0,4.7,False,False,False,False
54cc25aa-b72f-4840-8aa3-ca21ded1afee,3754266,1985,2,00:17:33.691,62,33,30,Pass,134,31,Crystal Palace,Regular Play,31,Crystal Palace,4884.0,Pape N''Diaye Souaré,Left Back,49.0,4.7,68.3,2.5,1.068567,False,,,,,,,True,19.424984,-0.11349974,Ground Pass,,3507.0,Wilfried Zaha,False,False,left_to_right,False,49.0,4.7,68.3,2.5,False,False,False,False
c67bf0f7-b66d-4e0d-aeae-e3bc28912189,3754266,1986,2,00:17:34.759,62,34,42,Ball Receipt*,134,31,Crystal Palace,Regular Play,31,Crystal Palace,3507.0,Wilfried Zaha,Center Attacking Midfield,68.3,2.5,,,,False,,,,,,,False,,,,,,,False,False,left_to_right,False,68.3,2.5,,,False,False,False,False
a0a1b6e9-660e-4555-a903-50ae2d6ce961,3754266,1987,2,00:17:34.759,62,34,43,Carry,134,31,Crystal Palace,Regular Play,31,Crystal Palace,3507.0,Wilfried Zaha,Center Attacking Midfield,68.3,2.5,78.2,9.1,2.749241,True,,,,,,,False,,,,,,,False,False,left_to_right,False,68.3,2.5,78.2,9.1,False,False,False,False
73999100-7d35-46f2-b5fb-dc38c86e65d8,3754266,1988,2,00:17:35.502,62,35,17,Pressure,134,31,Crystal Palace,Regular Play,23,Watford,43081.0,Almen Abdi,Right Midfield,49.7,75.4,,,1.90022,False,,,,,,,False,,,,,,,False,False,left_to_right,False,49.7,75.4,,,False,False,False,False
88294749-82e2-4910-a7c9-8220b50c23a8,3754266,1989,2,00:17:37.509,62,37,3,Dispossessed,134,31,Crystal Palace,Regular Play,31,Crystal Palace,3507.0,Wilfried Zaha,Center Attacking Midfield,78.2,9.1,,,0.0,True,,,,,,,False,,,,,,,False,False,left_to_right,False,78.2,9.1,,,False,False,False,True
07ac057b-32f3-4f14-bff0-90abada092df,3754266,1990,2,00:17:37.509,62,37,4,Duel,135,23,Watford,Regular Play,23,Watford,43081.0,Almen Abdi,Right Midfield,41.9,71.0,,,0.0,True,,,,,,,False,,,,,,,False,False,left_to_right,False,41.9,71.0,,,False,False,False,False
f8617be4-d595-46be-ad7f-fb72f5527287,3754266,1991,2,00:17:38.582,62,38,30,Pass,135,23,Watford,Regular Play,23,Watford,3991.0,Allan Romeo Nyom,Right Back,29.5,67.3,35.2,61.3,0.627818,False,,,,,,,True,8.275868,-0.81103355,Ground Pass,Recovery,3721.0,Etienne Capoue,False,False,left_to_right,False,29.5,67.3,35.2,61.3,False,False,False,False
d4a99123-831a-477b-9b85-ec4fd3644537,3754266,1992,2,00:17:39.210,62,39,42,Ball Receipt*,135,23,Watford,Regular Play,23,Watford,3721.0,Etienne Capoue,Right Center Midfield,35.2,61.3,,,,False,,,,,,,False,,,,,,,False,False,left_to_right,False,35.2,61.3,,,False,False,False,False
d736177c-4b57-4ea6-b3af-2eb3b5e680a7,3754266,1993,2,00:17:39.210,62,39,43,Carry,135,23,Watford,Regular Play,23,Watford,3721.0,Etienne Capoue,Right Center Midfield,35.2,61.3,34.0,62.0,0.040000003,False,,,,,,,False,,,,,,,False,False,left_to_right,False,35.2,61.3,34.0,62.0,False,False,False,False
b210a8fb-fd2f-427b-9154-07122b406aef,3754266,1994,2,00:17:39.250,62,39,30,Pass,135,23,Watford,Regular Play,23,Watford,3721.0,Etienne Capoue,Right Center Midfield,34.0,62.0,40.1,71.5,0.77824,False,,,,,,,True,11.289819,0.99999106,Ground Pass,,43081.0,Almen Abdi,False,False,left_to_right,False,34.0,62.0,40.1,71.5,False,False,False,False
9b548f06-4b2c-4677-a9db-bb33cbb1c790,3754266,1995,2,00:17:40.028,62,40,42,Ball Receipt*,135,23,Watford,Regular Play,23,Watford,43081.0,Almen Abdi,Right Midfield,40.1,71.5,,,,False,,,,,,,False,,,,,,,False,False,left_to_right,False,40.1,71.5,,,False,False,False,False
fd469835-7440-4776-87cd-c59d57001850,3754266,1996,2,00:17:40.028,62,40,43,Carry,135,23,Watford,Regular Play,23,Watford,43081.0,Almen Abdi,Right Midfield,40.1,71.5,41.7,73.0,1.970735,False,,,,,,,False,,,,,,,False,False,left_to_right,False,40.1,71.5,41.7,73.0,False,False,False,False
0e9d8d8d-e41e-4d3d-a16b-eaa7123af9d7,3754266,1997,2,00:17:41.999,62,41,30,Pass,135,23,Watford,Regular Play,23,Watford,43081.0,Almen Abdi,Right Midfield,41.7,73.0,65.2,41.0,1.928515,False,,,,,,,True,39.702015,-0.9373704,High Pass,,5458.0,Odion Jude Ighalo,False,False,left_to_right,False,41.7,73.0,65.2,41.0,False,True,False,False
7950683c-576a-4e7a-91a5-cdcc1bebb247,3754266,1998,2,00:17:43.928,62,43,42,Ball Receipt*,135,23,Watford,Regular Play,23,Watford,5458.0,Odion Jude Ighalo,Left Center Forward,65.2,41.0,,,,False,,,,,,,False,,,,,,,False,False,left_to_right,False,65.2,41.0,,,False,False,False,False
a5e4101b-571e-46d0-bbe6-5868f0b6d954,3754266,1999,2,00:17:43.928,62,43,43,Carry,135,23,Watford,Regular Play,23,Watford,5458.0,Odion Jude Ighalo,Left Center Forward,65.2,41.0,58.0,42.3,1.583817,True,,,,,,,False,,,,,,,False,False,left_to_right,False,65.2,41.0,58.0,42.3,False,False,False,False
83a7e96e-a018-456b-93f6-e0003ad1c295,3754266,2000,2,00:17:44.162,62,44,17,Pressure,135,23,Watford,Regular Play,31,Crystal Palace,3407.0,Scott Dann,Right Center Back,53.9,42.0,,,1.238798,False,,,,,,,False,,,,,,,False,False,left_to_right,False,53.9,42.0,,,False,False,False,False
85965314-9cb1-4b76-8fec-389fdce2b7dd,3754266,2001,2,00:17:45.511,62,45,30,Pass,135,23,Watford,Regular Play,23,Watford,5458.0,Odion Jude Ighalo,Left Center Forward,58.0,42.3,52.7,38.5,0.804222,False,,,,,,,True,6.521503,-2.5195606,Ground Pass,,3626.0,Ben Watson,False,False,left_to_right,False,58.0,42.3,52.7,38.5,False,False,False,False
b9068421-6405-47ea-8bae-f886fa18380b,3754266,2002,2,00:17:46.316,62,46,42,Ball Receipt*,135,23,Watford,Regular Play,23,Watford,3626.0,Ben Watson,Left Center Midfield,52.7,38.5,,,,False,,,,,,,False,,,,,,,False,False,left_to_right,False,52.7,38.5,,,False,False,False,False
90b24527-6114-412b-a694-593d3fa53a68,3754266,2003,2,00:17:46.316,62,46,43,Carry,135,23,Watford,Regular Play,23,Watford,3626.0,Ben Watson,Left Center Midfield,52.7,38.5,53.8,37.3,0.039999,False,,,,,,,False,,,,,,,False,False,left_to_right,False,52.7,38.5,53.8,37.3,False,False,False,False
3c80e0a0-f977-49cb-b716-17bbbbf619c0,3754266,2004,2,00:17:46.356,62,46,30,Pass,135,23,Watford,Regular Play,23,Watford,3626.0,Ben Watson,Left Center Midfield,53.8,37.3,57.6,31.6,0.817051,False,,,,,,,True,6.8505473,-0.98279375,Ground Pass,,6870.0,José Manuel Jurado Marín,False,False,left_to_right,False,53.8,37.3,57.6,31.6,False,False,False,False
8abe78aa-bd58-43d4-9cf2-e7017865dc02,3754266,2005,2,00:17:47.132,62,47,17,Pressure,135,23,Watford,Regular Play,31,Crystal Palace,3589.0,Yannick Bolasie Yala,Left Wing,63.4,52.8,,,0.49165,False,,,,,,,False,,,,,,,False,False,left_to_right,False,63.4,52.8,,,False,False,False,False
8da1432b-5d64-465d-99ac-9721779b9d6e,3754266,2006,2,00:17:47.173,62,47,42,Ball Receipt*,135,23,Watford,Regular Play,23,Watford,6870.0,José Manuel Jurado Marín,Left Midfield,57.6,31.6,,,,True,,,,,,,False,,,,,,,False,False,left_to_right,False,57.6,31.6,,,False,False,False,False
62233206-c233-4871-b07f-005f175df051,3754266,2007,2,00:17:47.173,62,47,43,Carry,135,23,Watford,Regular Play,23,Watford,6870.0,José Manuel Jurado Marín,Left Midfield,57.6,31.6,58.0,25.7,0.565537,True,,,,,,,False,,,,,,,False,False,left_to_right,False,57.6,31.6,58.0,25.7,False,False,False,False
15c10ef2-5d1e-4895-bee4-a7ba38347ab2,3754266,2008,2,00:17:47.738,62,47,22,Foul Committed,135,23,Watford,Regular Play,31,Crystal Palace,3589.0,Yannick Bolasie Yala,Left Wing,62.1,54.4,,,0.0,False,,,,,,,False,,,,,,,False,False,left_to_right,False,62.1,54.4,,,False,False,False,False
c688eea7-450a-45ad-9ea1-0dd8511b3ddf,3754266,2009,2,00:17:47.738,62,47,21,Foul Won,135,23,Watford,Regular Play,23,Watford,6870.0,José Manuel Jurado Marín,Left Midfield,58.0,25.7,,,0.0,True,,,,,,,False,,,,,,,False,False,left_to_right,False,58.0,25.7,,,False,False,False,False
517dc9ed-cc5c-4364-a2ae-22ba3ac45a1d,3754266,2010,2,00:18:27.773,63,27,19,Substitution,135,23,Watford,Regular Play,23,Watford,43081.0,Almen Abdi,Right Midfield,,,,,0.0,False,,,,,,,False,,,,,,,False,False,left_to_right,False,,,,,False,False,False,False
045cc9f1-31af-4ced-b4e4-1db9c4347fbb,3754266,2011,2,00:18:35.096,63,35,30,Pass,136,23,Watford,From Free Kick,23,Watford,3626.0,Ben Watson,Left Center Midfield,62.9,24.2,49.4,52.7,2.309043,False,,,,,,,True,31.535694,2.0131705,Ground Pass,Free Kick,3309.0,Sebastian Prödl,False,False,left_to_right,False,62.9,24.2,49.4,52.7,False,False,False,False
957e656b-a2fd-437b-a6b2-31fd62775072,3754266,2012,2,00:18:37.405,63,37,42,Ball Receipt*,136,23,Watford,From Free Kick,23,Watford,3309.0,Sebastian Prödl,Right Center Back,49.4,52.7,,,,False,,,,,,,False,,,,,,,False,False,left_to_right,False,49.4,52.7,,,False,False,False,False
10f71648-9cfa-4dfc-9e69-6bcb60bd14fd,3754266,2013,2,00:18:37.405,63,37,43,Carry,136,23,Watford,From Free Kick,23,Watford,3309.0,Sebastian Prödl,Right Center Back,49.4,52.7,60.9,58.3,2.678191,False,,,,,,,False,,,,,,,False,False,left_to_right,False,49.4,52.7,60.9,58.3,False,False,False,False
2675fb50-1ef6-4fc7-b5ef-415c525881fc,3754266,2014,2,00:18:40.083,63,40,30,Pass,136,23,Watford,From Free Kick,23,Watford,3309.0,Sebastian Prödl,Right Center Back,60.9,58.3,117.8,46.3,3.288413,False,,,,,,Incomplete,False,58.15161,-0.20785049,High Pass,,5458.0,Odion Jude Ighalo,False,False,left_to_right,False,60.9,58.3,117.8,46.3,False,True,True,True
be4bcac7-0e7d-4577-a50a-25ffd152e287,3754266,2015,2,00:18:43.372,63,43,42,Ball Receipt*,136,23,Watford,From Free Kick,23,Watford,5458.0,Odion Jude Ighalo,Left Center Forward,105.7,52.2,,,,False,,,,,,,False,,,,,,,False,False,left_to_right,False,105.7,52.2,,,False,False,False,False
a4eb9ec1-a5df-45d1-a04e-077e3a3e3134,3754266,2016,2,00:18:43.372,63,43,2,Ball Recovery,136,23,Watford,From Free Kick,31,Crystal Palace,3488.0,Wayne Hennessey,Goalkeeper,2.3,33.8,,,0.0,False,,,,,,,False,,,,,,,False,False,left_to_right,False,2.3,33.8,,,False,False,False,False
44da6918-d6e3-42a4-8790-10de5817b112,3754266,2017,2,00:18:55.998,63,55,30,Pass,136,23,Watford,From Free Kick,31,Crystal Palace,3488.0,Wayne Hennessey,Goalkeeper,8.4,40.6,93.4,43.5,2.987189,False,,,,,,Incomplete,False,85.04945,0.034104418,High Pass,,,,False,False,left_to_right,False,8.4,40.6,93.4,43.5,False,True,True,True
b4033bee-ae4b-402e-a0e7-2d6fab39e1c6,3754266,2018,2,00:18:58.985,63,58,30,Pass,136,23,Watford,From Free Kick,23,Watford,3309.0,Sebastian Prödl,Right Center Back,26.7,36.6,29.5,35.9,0.252994,False,,,,,,,True,2.886174,-0.24497867,Low Pass,Recovery,3721.0,Etienne Capoue,False,False,left_to_right,False,26.7,36.6,29.5,35.9,False,False,False,False
5768fb6f-3af6-49df-9028-14ef6e68942a,3754266,2019,2,00:18:59.238,63,59,42,Ball Receipt*,136,23,Watford,From Free Kick,23,Watford,3721.0,Etienne Capoue,Right Center Midfield,29.5,35.9,,,,False,,,,,,,False,,,,,,,False,False,left_to_right,False,29.5,35.9,,,False,False,False,False
00f6b272-bf08-4b63-9f5f-d306f1fb581c,3754266,2020,2,00:18:59.238,63,59,43,Carry,136,23,Watford,From Free Kick,23,Watford,3721.0,Etienne Capoue,Right Center Midfield,29.5,35.9,29.3,33.8,1.15326,False,,,,,,,False,,,,,,,False,False,left_to_right,False,29.5,35.9,29.3,33.8,False,False,False,False
75d4fc30-b23c-4c19-a436-7e184ea5b86a,3754266,2021,2,00:19:00.391,64,0,30,Pass,136,23,Watford,From Free Kick,23,Watford,3721.0,Etienne Capoue,Right Center Midfield,29.3,33.8,19.6,35.7,0.876967,False,,,,,,,True,9.884331,2.9481654,Ground Pass,,3263.0,Craig Cathcart,False,False,left_to_right,False,29.3,33.8,19.6,35.7,False,False,False,False
8f2638d0-ad49-4f5f-9ddc-91b248422ce7,3754266,2022,2,00:19:01.268,64,1,42,Ball Receipt*,136,23,Watford,From Free Kick,23,Watford,3263.0,Craig Cathcart,Left Center Back,19.6,35.7,,,,False,,,,,,,False,,,,,,,False,False,left_to_right,False,19.6,35.7,,,False,False,False,False
84857f17-a7aa-411d-a9b1-a539d21ff0d3,3754266,2023,2,00:19:01.268,64,1,43,Carry,136,23,Watford,From Free Kick,23,Watford,3263.0,Craig Cathcart,Left Center Back,19.6,35.7,19.4,36.1,0.040000003,False,,,,,,,False,,,,,,,False,False,left_to_right,False,19.6,35.7,19.4,36.1,False,False,False,False
fd1f72bc-c5e9-4a26-999c-958a91455f08,3754266,2024,2,00:19:01.308,64,1,30,Pass,136,23,Watford,From Free Kick,23,Watford,3263.0,Craig Cathcart,Left Center Back,19.4,36.1,57.1,39.9,2.15904,False,,,,,,Incomplete,False,37.89103,0.10045647,High Pass,,5458.0,Odion Jude Ighalo,False,False,left_to_right,False,19.4,36.1,57.1,39.9,False,True,False,True
1cbf0730-6286-4326-bb33-f6adaa101606,3754266,2025,2,00:19:03.467,64,3,42,Ball Receipt*,136,23,Watford,From Free Kick,23,Watford,5458.0,Odion Jude Ighalo,Left Center Forward,56.9,41.0,,,,False,,,,,,,False,,,,,,,False,False,left_to_right,False,56.9,41.0,,,False,False,False,False
215e7b36-6302-4780-8639-ef571555cfc4,3754266,2026,2,00:19:03.467,64,3,30,Pass,136,23,Watford,From Free Kick,31,Crystal Palace,43695.0,Brede Hangeland,Left Center Back,63.0,40.2,104.2,16.4,4.10519,True,,,,,,Incomplete,False,47.58025,-0.52383846,High Pass,Recovery,,,False,False,left_to_right,False,63.0,40.2,104.2,16.4,False,True,True,True
9972f92f-57ed-4715-b745-38d8c1f3f1d1,3754266,2027,2,00:19:03.467,64,3,4,Duel,136,23,Watford,From Free Kick,23,Watford,5458.0,Odion Jude Ighalo,Left Center Forward,57.1,39.9,,,0.0,True,,,,,,,False,,,,,,,False,False,left_to_right,False,57.1,39.9,,,False,False,False,False
48e93ede-5aa5-4c14-8b45-fc671c0baa76,3754266,2028,2,00:19:07.572,64,7,30,Pass,136,23,Watford,From Free Kick,23,Watford,3991.0,Allan Romeo Nyom,Right Back,15.9,63.7,20.7,64.4,0.262552,False,,,,,,Incomplete,False,4.8507733,0.1448125,Low Pass,Recovery,,,False,False,left_to_right,False,15.9,63.7,20.7,64.4,False,False,False,True
509665e9-4f1b-4770-9629-11395a89ff9e,3754266,2029,2,00:19:07.835,64,7,6,Block,136,23,Watford,From Free Kick,31,Crystal Palace,3507.0,Wilfried Zaha,Center Attacking Midfield,99.4,15.7,,,0.0,False,,,,,,,False,,,,,,,False,False,left_to_right,False,99.4,15.7,,,False,False,False,False
317f64aa-10df-4095-aac8-ff51c97c3fc1,3754266,2030,2,00:19:26.767,64,26,30,Pass,137,23,Watford,From Throw In,23,Watford,3991.0,Allan Romeo Nyom,Right Back,22.8,80.0,59.9,70.5,2.106743,False,,,,,,Incomplete,False,38.296997,-0.25067842,High Pass,Throw-in,3454.0,Troy Deeney,False,False,left_to_right,False,22.8,80.0,59.9,70.5,False,True,False,True
3b2fd73a-83de-4a34-b4c8-33885f729463,3754266,2031,2,00:19:28.874,64,28,42,Ball Receipt*,137,23,Watford,From Throw In,23,Watford,3454.0,Troy Deeney,Right Center Forward,56.9,72.6,,,,False,,,,,,,False,,,,,,,False,False,left_to_right,False,56.9,72.6,,,False,False,False,False
8b5cd44a-13bc-45ef-a6c1-979d7d305dde,3754266,2032,2,00:19:28.874,64,28,30,Pass,138,31,Crystal Palace,Regular Play,31,Crystal Palace,4884.0,Pape N''Diaye Souaré,Left Back,60.2,9.6,85.1,18.4,4.712472,False,,,,,,,True,26.409279,0.33971268,High Pass,Recovery,19688.0,Jason Puncheon,False,False,left_to_right,False,60.2,9.6,85.1,18.4,False,True,True,False
e5abfddd-cdc3-401a-a14a-6d99dd11d139,3754266,2033,2,00:19:33.586,64,33,42,Ball Receipt*,138,31,Crystal Palace,Regular Play,31,Crystal Palace,19688.0,Jason Puncheon,Right Wing,85.1,18.4,,,,False,,,,,,,False,,,,,,,False,False,left_to_right,False,85.1,18.4,,,False,False,False,False
97f5f4aa-2cdf-41e1-ba42-0b7d818ca6e4,3754266,2034,2,00:19:33.626,64,33,30,Pass,138,31,Crystal Palace,Regular Play,31,Crystal Palace,19688.0,Jason Puncheon,Right Wing,85.3,17.7,76.0,2.5,1.722135,False,,,,,,,True,17.819372,-2.1198778,Low Pass,,3507.0,Wilfried Zaha,False,False,left_to_right,False,85.3,17.7,76.0,2.5,False,False,False,False
c3f03165-18af-4195-bc4c-2ef53bbed835,3754266,2035,2,00:19:35.349,64,35,42,Ball Receipt*,138,31,Crystal Palace,Regular Play,31,Crystal Palace,3507.0,Wilfried Zaha,Center Attacking Midfield,76.0,2.5,,,,False,,,,,,,False,,,,,,,False,False,left_to_right,False,76.0,2.5,,,False,False,False,False
fe845059-05a8-40b4-9329-cfc53f35623e,3754266,2036,2,00:19:35.349,64,35,43,Carry,138,31,Crystal Palace,Regular Play,31,Crystal Palace,3507.0,Wilfried Zaha,Center Attacking Midfield,76.0,2.5,77.7,2.9,0.606033,False,,,,,,,False,,,,,,,False,False,left_to_right,False,76.0,2.5,77.7,2.9,False,False,False,False
c2640122-6730-456a-b10a-cad0778bc465,3754266,2037,2,00:19:35.955,64,35,30,Pass,138,31,Crystal Palace,Regular Play,31,Crystal Palace,3507.0,Wilfried Zaha,Center Attacking Midfield,77.7,2.9,73.1,11.3,0.737426,False,,,,,,,True,9.577056,2.0718098,Ground Pass,,4817.0,Joe Ledley,False,False,left_to_right,False,77.7,2.9,73.1,11.3,False,False,False,False
8248126e-9602-426f-ae72-ee34e9f5fcb7,3754266,2038,2,00:19:36.692,64,36,42,Ball Receipt*,138,31,Crystal Palace,Regular Play,31,Crystal Palace,4817.0,Joe Ledley,Left Defensive Midfield,73.1,11.3,,,,False,,,,,,,False,,,,,,,False,False,left_to_right,False,73.1,11.3,,,False,False,False,False
65ff99dd-48ae-4fd2-85bf-8cadd3eb8d83,3754266,2039,2,00:19:36.692,64,36,43,Carry,138,31,Crystal Palace,Regular Play,31,Crystal Palace,4817.0,Joe Ledley,Left Defensive Midfield,73.1,11.3,73.3,13.7,0.039999,False,,,,,,,False,,,,,,,False,False,left_to_right,False,73.1,11.3,73.3,13.7,False,False,False,False
5198b11f-cda6-472f-8fa6-674289b67361,3754266,2040,2,00:19:36.732,64,36,30,Pass,138,31,Crystal Palace,Regular Play,31,Crystal Palace,4817.0,Joe Ledley,Left Defensive Midfield,73.3,13.7,61.4,6.2,1.28459,False,,,,,,,True,14.066272,-2.5792255,Ground Pass,,4884.0,Pape N''Diaye Souaré,False,False,left_to_right,False,73.3,13.7,61.4,6.2,False,False,False,False
35ebb062-116e-4260-8fbf-58924736416b,3754266,2041,2,00:19:38.017,64,38,42,Ball Receipt*,138,31,Crystal Palace,Regular Play,31,Crystal Palace,4884.0,Pape N''Diaye Souaré,Left Back,61.4,6.2,,,,False,,,,,,,False,,,,,,,False,False,left_to_right,False,61.4,6.2,,,False,False,False,False
ff64fdad-f5ff-4fd7-8128-9552c4c375ba,3754266,2042,2,00:19:38.017,64,38,43,Carry,138,31,Crystal Palace,Regular Play,31,Crystal Palace,4884.0,Pape N''Diaye Souaré,Left Back,61.4,6.2,61.4,5.5,1.17257,False,,,,,,,False,,,,,,,False,False,left_to_right,False,61.4,6.2,61.4,5.5,False,False,False,False
a8018449-42f5-41ce-b788-76fd596a4578,3754266,2043,2,00:19:39.189,64,39,30,Pass,138,31,Crystal Palace,Regular Play,31,Crystal Palace,4884.0,Pape N''Diaye Souaré,Left Back,61.4,5.5,40.2,8.0,1.285414,False,,,,,,,True,21.346897,3.0242102,Ground Pass,,43695.0,Brede Hangeland,False,False,left_to_right,False,61.4,5.5,40.2,8.0,False,False,False,False
673077f3-1879-4a23-9d84-a373079362b6,3754266,2044,2,00:19:40.475,64,40,42,Ball Receipt*,138,31,Crystal Palace,Regular Play,31,Crystal Palace,43695.0,Brede Hangeland,Left Center Back,40.2,8.0,,,,False,,,,,,,False,,,,,,,False,False,left_to_right,False,40.2,8.0,,,False,False,False,False
27d4cdc9-b79e-49fe-a535-327567b71174,3754266,2045,2,00:19:40.475,64,40,43,Carry,138,31,Crystal Palace,Regular Play,31,Crystal Palace,43695.0,Brede Hangeland,Left Center Back,40.2,8.0,34.3,9.3,1.477676,False,,,,,,,False,,,,,,,False,False,left_to_right,False,40.2,8.0,34.3,9.3,False,False,False,False
633af0be-ed6a-4dfb-a1dc-2cb43b25f197,3754266,2046,2,00:19:41.952,64,41,30,Pass,138,31,Crystal Palace,Regular Play,31,Crystal Palace,43695.0,Brede Hangeland,Left Center Back,34.3,9.3,51.7,26.5,1.320786,False,,,,,,,True,24.466303,0.7796179,Ground Pass,,3277.0,Yohan Cabaye,False,False,left_to_right,False,34.3,9.3,51.7,26.5,False,False,False,False
5f2ee24d-42f5-4ea9-87e9-286ef3626ac8,3754266,2047,2,00:19:43.273,64,43,42,Ball Receipt*,138,31,Crystal Palace,Regular Play,31,Crystal Palace,3277.0,Yohan Cabaye,Right Defensive Midfield,51.7,26.5,,,,False,,,,,,,False,,,,,,,False,False,left_to_right,False,51.7,26.5,,,False,False,False,False
33751610-7689-4d42-b148-189bdee59f71,3754266,2048,2,00:19:43.273,64,43,43,Carry,138,31,Crystal Palace,Regular Play,31,Crystal Palace,3277.0,Yohan Cabaye,Right Defensive Midfield,51.7,26.5,49.6,25.3,0.834849,True,,,,,,,False,,,,,,,False,False,left_to_right,False,51.7,26.5,49.6,25.3,False,False,False,False
85f40fba-5c48-488c-8f27-756bccd74c4a,3754266,2049,2,00:19:43.627,64,43,17,Pressure,138,31,Crystal Palace,Regular Play,23,Watford,3721.0,Etienne Capoue,Right Center Midfield,68.4,55.2,,,0.579412,False,,,,,,,False,,,,,,,False,False,left_to_right,False,68.4,55.2,,,False,False,False,False
b192f5e8-1354-4bf6-85b7-499da8e8ba8f,3754266,2050,2,00:19:44.108,64,44,30,Pass,138,31,Crystal Palace,Regular Play,31,Crystal Palace,3277.0,Yohan Cabaye,Right Defensive Midfield,49.6,25.3,48.6,9.1,1.278426,True,,,,,,,True,16.230835,-1.6324465,Ground Pass,,4817.0,Joe Ledley,False,False,left_to_right,False,49.6,25.3,48.6,9.1,False,False,False,False
ed5b9149-3fac-457b-be06-45b201c5c94d,3754266,2051,2,00:19:45.386,64,45,42,Ball Receipt*,138,31,Crystal Palace,Regular Play,31,Crystal Palace,4817.0,Joe Ledley,Left Defensive Midfield,48.6,9.1,,,,False,,,,,,,False,,,,,,,False,False,left_to_right,False,48.6,9.1,,,False,False,False,False
e7a8af51-c23f-4e39-aff3-1bb004de615f,3754266,2052,2,00:19:45.386,64,45,43,Carry,138,31,Crystal Palace,Regular Play,31,Crystal Palace,4817.0,Joe Ledley,Left Defensive Midfield,48.6,9.1,48.8,9.3,0.013943,False,,,,,,,False,,,,,,,False,False,left_to_right,False,48.6,9.1,48.8,9.3,False,False,False,False
9a74c3f4-4900-43bb-9f65-4a7df9cac59a,3754266,2053,2,00:19:45.400,64,45,30,Pass,138,31,Crystal Palace,Regular Play,31,Crystal Palace,4817.0,Joe Ledley,Left Defensive Midfield,48.8,9.3,99.2,23.7,3.937292,False,,,,,,Incomplete,False,52.41679,0.27829966,High Pass,,,,False,False,left_to_right,False,48.8,9.3,99.2,23.7,False,True,True,True
5cb011cc-7fac-404f-800b-2237dbf3ae60,3754266,2054,2,00:19:49.338,64,49,30,Pass,139,23,Watford,Regular Play,23,Watford,3309.0,Sebastian Prödl,Right Center Back,20.9,56.4,8.5,53.0,1.298875,False,,,,,,,True,12.857682,-2.8739762,Low Pass,Recovery,3522.0,Heurelho da Silva Gomes,False,False,left_to_right,False,20.9,56.4,8.5,53.0,False,False,False,False
77489f11-a979-4dbe-a2f9-a016d8d8e832,3754266,2055,2,00:19:50.636,64,50,42,Ball Receipt*,139,23,Watford,Regular Play,23,Watford,3522.0,Heurelho da Silva Gomes,Goalkeeper,8.5,53.0,,,,False,,,,,,,False,,,,,,,False,False,left_to_right,False,8.5,53.0,,,False,False,False,False
6f591d56-0003-4c4f-8949-f12ca72c21f4,3754266,2056,2,00:19:50.636,64,50,43,Carry,139,23,Watford,Regular Play,23,Watford,3522.0,Heurelho da Silva Gomes,Goalkeeper,8.5,53.0,8.8,52.0,2.071259,False,,,,,,,False,,,,,,,False,False,left_to_right,False,8.5,53.0,8.8,52.0,False,False,False,False
a8cbf6d1-cd20-4660-beaf-0184a4226880,3754266,2057,2,00:19:52.708,64,52,30,Pass,139,23,Watford,Regular Play,23,Watford,3522.0,Heurelho da Silva Gomes,Goalkeeper,8.8,52.0,19.1,37.7,1.508818,False,,,,,,,True,17.62328,-0.94658905,Ground Pass,,3263.0,Craig Cathcart,False,False,left_to_right,False,8.8,52.0,19.1,37.7,False,False,False,False
c245a47d-d37c-454e-a4ff-d1ec9a5172ff,3754266,2058,2,00:19:54.216,64,54,42,Ball Receipt*,139,23,Watford,Regular Play,23,Watford,3263.0,Craig Cathcart,Left Center Back,19.1,37.7,,,,False,,,,,,,False,,,,,,,False,False,left_to_right,False,19.1,37.7,,,False,False,False,False
b6f54d66-0354-43f8-a765-1973dbed6a7a,3754266,2059,2,00:19:54.216,64,54,43,Carry,139,23,Watford,Regular Play,23,Watford,3263.0,Craig Cathcart,Left Center Back,19.1,37.7,34.2,38.1,4.791781,False,,,,,,,False,,,,,,,False,False,left_to_right,False,19.1,37.7,34.2,38.1,False,False,False,False
80b4ac18-bbce-41cd-9c19-82e8396ebef7,3754266,2060,2,00:19:59.008,64,59,30,Pass,139,23,Watford,Regular Play,23,Watford,3263.0,Craig Cathcart,Left Center Back,34.2,38.1,42.8,17.4,1.431491,False,,,,,,,True,22.415396,-1.1770347,Ground Pass,,3626.0,Ben Watson,False,False,left_to_right,False,34.2,38.1,42.8,17.4,False,False,False,False
2caf1489-0db8-46f0-a9ed-7100659bd2a8,3754266,2061,2,00:20:00.440,65,0,42,Ball Receipt*,139,23,Watford,Regular Play,23,Watford,3626.0,Ben Watson,Left Center Midfield,42.8,17.4,,,,False,,,,,,,False,,,,,,,False,False,left_to_right,False,42.8,17.4,,,False,False,False,False
85ab376f-594b-4c98-b848-6935f57938cb,3754266,2062,2,00:20:00.440,65,0,43,Carry,139,23,Watford,Regular Play,23,Watford,3626.0,Ben Watson,Left Center Midfield,42.8,17.4,42.8,17.6,1.066652,False,,,,,,,False,,,,,,,False,False,left_to_right,False,42.8,17.4,42.8,17.6,False,False,False,False
53d557b2-f38a-447c-a4cf-eb20bd2795b1,3754266,2063,2,00:20:01.506,65,1,30,Pass,139,23,Watford,Regular Play,23,Watford,3626.0,Ben Watson,Left Center Midfield,42.8,17.6,35.7,29.9,1.267824,False,,,,,,,True,14.202112,2.0943093,Ground Pass,,3263.0,Craig Cathcart,False,False,left_to_right,False,42.8,17.6,35.7,29.9,False,False,False,False
b872c1eb-dc61-4193-8b82-4a6528cc01b7,3754266,2064,2,00:20:02.774,65,2,42,Ball Receipt*,139,23,Watford,Regular Play,23,Watford,3263.0,Craig Cathcart,Left Center Back,35.7,29.9,,,,False,,,,,,,False,,,,,,,False,False,left_to_right,False,35.7,29.9,,,False,False,False,False
f992f801-b394-4a6d-9eee-289c8198cd4d,3754266,2065,2,00:20:02.774,65,2,43,Carry,139,23,Watford,Regular Play,23,Watford,3263.0,Craig Cathcart,Left Center Back,35.7,29.9,37.1,29.9,1.559524,False,,,,,,,False,,,,,,,False,False,left_to_right,False,35.7,29.9,37.1,29.9,False,False,False,False
9d1c8285-056e-46a6-88c0-1d04948dde65,3754266,2066,2,00:20:04.334,65,4,30,Pass,139,23,Watford,Regular Play,23,Watford,3263.0,Craig Cathcart,Left Center Back,37.1,29.9,36.2,49.3,1.393374,False,,,,,,,True,19.420866,1.6171548,Ground Pass,,3309.0,Sebastian Prödl,False,False,left_to_right,False,37.1,29.9,36.2,49.3,False,False,False,False
cb522156-f8d3-4116-992f-abf1eeb1b64d,3754266,2067,2,00:20:05.727,65,5,42,Ball Receipt*,139,23,Watford,Regular Play,23,Watford,3309.0,Sebastian Prödl,Right Center Back,36.2,49.3,,,,False,,,,,,,False,,,,,,,False,False,left_to_right,False,36.2,49.3,,,False,False,False,False
06e0f0d2-b60d-4952-a2e5-b6b7c84f9183,3754266,2068,2,00:20:05.727,65,5,43,Carry,139,23,Watford,Regular Play,23,Watford,3309.0,Sebastian Prödl,Right Center Back,36.2,49.3,42.1,55.4,1.504541,False,,,,,,,False,,,,,,,False,False,left_to_right,False,36.2,49.3,42.1,55.4,False,False,False,False
5d884549-9157-4b4a-bf3e-0fd8a2417bd1,3754266,2069,2,00:20:07.232,65,7,30,Pass,139,23,Watford,Regular Play,23,Watford,3309.0,Sebastian Prödl,Right Center Back,42.1,55.4,86.0,79.9,2.778726,False,,,,,,Out,False,50.27385,0.5090305,Ground Pass,,3991.0,Allan Romeo Nyom,False,False,left_to_right,False,42.1,55.4,86.0,79.9,False,True,True,True
3d103823-addb-423e-b153-ee5b90688c94,3754266,2070,2,00:20:10.010,65,10,42,Ball Receipt*,139,23,Watford,Regular Play,23,Watford,3991.0,Allan Romeo Nyom,Right Back,85.6,70.3,,,,False,,,,,,,False,,,,,,,False,False,left_to_right,False,85.6,70.3,,,False,False,False,False
206a68a6-4af8-4333-b7bb-05fa3f2fdbf8,3754266,2071,2,00:20:15.601,65,15,30,Pass,140,31,Crystal Palace,From Throw In,31,Crystal Palace,4884.0,Pape N''Diaye Souaré,Left Back,27.9,0.1,34.9,7.3,0.749804,False,,,,,,,True,10.041912,0.79948175,Low Pass,Throw-in,4817.0,Joe Ledley,False,False,left_to_right,False,27.9,0.1,34.9,7.3,False,False,False,False
d6f58e55-295b-4b39-8074-ae1094e1e803,3754266,2072,2,00:20:16.351,65,16,42,Ball Receipt*,140,31,Crystal Palace,From Throw In,31,Crystal Palace,4817.0,Joe Ledley,Left Defensive Midfield,34.9,7.3,,,,False,,,,,,,False,,,,,,,False,False,left_to_right,False,34.9,7.3,,,False,False,False,False
4d98fe6f-8e9c-4948-84a0-779b0e833dc6,3754266,2073,2,00:20:16.351,65,16,43,Carry,140,31,Crystal Palace,From Throw In,31,Crystal Palace,4817.0,Joe Ledley,Left Defensive Midfield,34.9,7.3,34.9,7.8,0.04,False,,,,,,,False,,,,,,,False,False,left_to_right,False,34.9,7.3,34.9,7.8,False,False,False,False
f71cce12-b941-4a4e-b6fe-d50e468c2e9b,3754266,2074,2,00:20:16.391,65,16,30,Pass,140,31,Crystal Palace,From Throw In,31,Crystal Palace,4817.0,Joe Ledley,Left Defensive Midfield,34.9,7.8,28.4,2.3,1.210945,False,,,,,,,True,8.514693,-2.4393358,Low Pass,,4884.0,Pape N''Diaye Souaré,False,False,left_to_right,False,34.9,7.8,28.4,2.3,False,False,False,False
ebb03a1b-acea-4829-b520-6fa45d4716e7,3754266,2075,2,00:20:17.602,65,17,42,Ball Receipt*,140,31,Crystal Palace,From Throw In,31,Crystal Palace,4884.0,Pape N''Diaye Souaré,Left Back,28.4,2.3,,,,False,,,,,,,False,,,,,,,False,False,left_to_right,False,28.4,2.3,,,False,False,False,False
885574a2-837b-4383-8d57-95e07395232b,3754266,2076,2,00:20:17.602,65,17,30,Pass,140,31,Crystal Palace,From Throw In,31,Crystal Palace,4884.0,Pape N''Diaye Souaré,Left Back,29.0,2.7,35.4,6.0,0.593278,False,,,,,,,True,7.2006946,0.47606933,Ground Pass,,4817.0,Joe Ledley,False,False,left_to_right,False,29.0,2.7,35.4,6.0,False,False,False,False
52bb6e22-27f0-4359-a296-53673fca904d,3754266,2077,2,00:20:18.195,65,18,42,Ball Receipt*,140,31,Crystal Palace,From Throw In,31,Crystal Palace,4817.0,Joe Ledley,Left Defensive Midfield,35.4,6.0,,,,False,,,,,,,False,,,,,,,False,False,left_to_right,False,35.4,6.0,,,False,False,False,False
91892dcf-7c38-48ca-9680-8a86968269e1,3754266,2078,2,00:20:18.195,65,18,43,Carry,140,31,Crystal Palace,From Throw In,31,Crystal Palace,4817.0,Joe Ledley,Left Defensive Midfield,35.4,6.0,40.5,9.3,1.600671,False,,,,,,,False,,,,,,,False,False,left_to_right,False,35.4,6.0,40.5,9.3,False,False,False,False
71c6db21-7636-4a43-a117-d0f3af118732,3754266,2079,2,00:20:19.796,65,19,30,Pass,140,31,Crystal Palace,From Throw In,31,Crystal Palace,4817.0,Joe Ledley,Left Defensive Midfield,40.5,9.3,23.7,24.7,1.283712,False,,,,,,,True,22.790348,2.3996453,Ground Pass,,43695.0,Brede Hangeland,False,False,left_to_right,False,40.5,9.3,23.7,24.7,False,False,False,False
d892b4fc-5b74-45c4-bad2-e64f37c6d711,3754266,2080,2,00:20:21.080,65,21,42,Ball Receipt*,140,31,Crystal Palace,From Throw In,31,Crystal Palace,43695.0,Brede Hangeland,Left Center Back,23.7,24.7,,,,False,,,,,,,False,,,,,,,False,False,left_to_right,False,23.7,24.7,,,False,False,False,False
1402eabb-eaa6-465f-ad1c-384be7078df8,3754266,2081,2,00:20:21.080,65,21,43,Carry,140,31,Crystal Palace,From Throw In,31,Crystal Palace,43695.0,Brede Hangeland,Left Center Back,23.7,24.7,22.9,24.5,1.316709,False,,,,,,,False,,,,,,,False,False,left_to_right,False,23.7,24.7,22.9,24.5,False,False,False,False
1c88919e-1782-4196-a5ab-b3217a7f5f5f,3754266,2082,2,00:20:22.396,65,22,30,Pass,140,31,Crystal Palace,From Throw In,31,Crystal Palace,43695.0,Brede Hangeland,Left Center Back,22.9,24.5,25.4,54.6,1.893277,False,,,,,,,True,30.203642,1.48793,Ground Pass,,3407.0,Scott Dann,False,False,left_to_right,False,22.9,24.5,25.4,54.6,False,False,False,False
665ce3b9-8e97-4597-9230-be0f7e654f5e,3754266,2083,2,00:20:24.290,65,24,42,Ball Receipt*,140,31,Crystal Palace,From Throw In,31,Crystal Palace,3407.0,Scott Dann,Right Center Back,25.4,54.6,,,,False,,,,,,,False,,,,,,,False,False,left_to_right,False,25.4,54.6,,,False,False,False,False
09fc0a21-33ba-4c8f-8438-baf48f709a3c,3754266,2084,2,00:20:24.290,65,24,43,Carry,140,31,Crystal Palace,From Throw In,31,Crystal Palace,3407.0,Scott Dann,Right Center Back,25.4,54.6,27.4,55.9,2.307459,False,,,,,,,False,,,,,,,False,False,left_to_right,False,25.4,54.6,27.4,55.9,False,False,False,False
284609bd-d558-4502-aa46-420d40ab114c,3754266,2085,2,00:20:26.597,65,26,30,Pass,140,31,Crystal Palace,From Throw In,31,Crystal Palace,3407.0,Scott Dann,Right Center Back,27.4,55.9,76.3,77.7,3.299055,False,,,,,,Incomplete,False,53.539238,0.4193622,High Pass,,,,False,False,left_to_right,False,27.4,55.9,76.3,77.7,False,True,False,True
d023688e-33f5-45b2-8314-3881ec3a170f,3754266,2086,2,00:20:29.825,65,29,17,Pressure,140,31,Crystal Palace,From Throw In,31,Crystal Palace,3589.0,Yannick Bolasie Yala,Left Wing,77.3,75.8,,,0.244899,False,,,,,,,False,,,,,,,False,False,left_to_right,False,77.3,75.8,,,False,False,False,False
fcab048c-1a20-412c-8581-f091d24ddff1,3754266,2087,2,00:20:29.896,65,29,9,Clearance,140,31,Crystal Palace,From Throw In,23,Watford,40118.0,Ikechi Anya,Left Back,43.8,2.4,,,0.0,True,,,,,,,False,,,,,,,False,False,left_to_right,False,43.8,2.4,,,False,False,False,False
69e88ae9-db10-4390-a91a-f2a4eda08be2,3754266,2088,2,00:20:50.197,65,50,30,Pass,141,31,Crystal Palace,From Throw In,31,Crystal Palace,3448.0,Martin Kelly,Right Back,89.0,80.0,93.9,75.5,0.880635,False,,,,,,,True,6.652819,-0.7428706,Low Pass,Throw-in,19688.0,Jason Puncheon,False,False,left_to_right,False,89.0,80.0,93.9,75.5,False,False,False,False
54efe124-a7ae-4164-a92f-66be92880278,3754266,2089,2,00:20:50.798,65,50,17,Pressure,141,31,Crystal Palace,From Throw In,23,Watford,3626.0,Ben Watson,Left Center Midfield,26.2,2.6,,,0.910046,False,,,,,,,False,,,,,,,False,False,left_to_right,False,26.2,2.6,,,False,False,False,False
d06e93fb-2b15-46e6-aef5-c46a20763421,3754266,2090,2,00:20:51.078,65,51,42,Ball Receipt*,141,31,Crystal Palace,From Throw In,31,Crystal Palace,19688.0,Jason Puncheon,Right Wing,93.9,75.5,,,,True,,,,,,,False,,,,,,,False,False,left_to_right,False,93.9,75.5,,,False,False,False,False
41e39d4e-4d86-48c2-83ac-867786279be8,3754266,2091,2,00:20:51.078,65,51,43,Carry,141,31,Crystal Palace,From Throw In,31,Crystal Palace,19688.0,Jason Puncheon,Right Wing,93.9,75.5,93.8,76.2,0.485701,True,,,,,,,False,,,,,,,False,False,left_to_right,False,93.9,75.5,93.8,76.2,False,False,False,False
82e8c76b-a55e-4e2f-830a-a134870c6531,3754266,2092,2,00:20:51.564,65,51,30,Pass,141,31,Crystal Palace,From Throw In,31,Crystal Palace,19688.0,Jason Puncheon,Right Wing,93.8,76.2,86.9,78.3,0.869689,True,,,,,,,True,7.212489,2.8461518,Ground Pass,,3448.0,Martin Kelly,False,False,left_to_right,False,93.8,76.2,86.9,78.3,False,False,False,False
c1f17703-4884-4221-ba91-0532be615033,3754266,2093,2,00:20:52.433,65,52,42,Ball Receipt*,141,31,Crystal Palace,From Throw In,31,Crystal Palace,3448.0,Martin Kelly,Right Back,86.9,78.3,,,,False,,,,,,,False,,,,,,,False,False,left_to_right,False,86.9,78.3,,,False,False,False,False
4de34146-5bba-4965-ad11-36d25d476307,3754266,2094,2,00:20:52.433,65,52,43,Carry,141,31,Crystal Palace,From Throw In,31,Crystal Palace,3448.0,Martin Kelly,Right Back,86.9,78.3,84.6,76.8,1.260675,False,,,,,,,False,,,,,,,False,False,left_to_right,False,86.9,78.3,84.6,76.8,False,False,False,False
c502b04d-f393-40ac-8bd0-f9a461fbc056,3754266,2095,2,00:20:53.694,65,53,30,Pass,141,31,Crystal Palace,From Throw In,31,Crystal Palace,3448.0,Martin Kelly,Right Back,84.6,76.8,63.0,77.3,1.282637,False,,,,,,,True,21.605785,3.1184487,Ground Pass,,3407.0,Scott Dann,False,False,left_to_right,False,84.6,76.8,63.0,77.3,False,False,False,False
c208cb17-87f5-4e71-8d31-4cecba537bb3,3754266,2096,2,00:20:54.977,65,54,42,Ball Receipt*,141,31,Crystal Palace,From Throw In,31,Crystal Palace,3407.0,Scott Dann,Right Center Back,63.0,77.3,,,,False,,,,,,,False,,,,,,,False,False,left_to_right,False,63.0,77.3,,,False,False,False,False
3aad2ea7-8f85-4ddb-af5b-d6a7a2a02cbd,3754266,2097,2,00:20:54.977,65,54,43,Carry,141,31,Crystal Palace,From Throw In,31,Crystal Palace,3407.0,Scott Dann,Right Center Back,63.0,77.3,63.4,76.6,2.097606,False,,,,,,,False,,,,,,,False,False,left_to_right,False,63.0,77.3,63.4,76.6,False,False,False,False
2453e73f-59ae-47e2-bb2e-e88c5f394290,3754266,2098,2,00:20:57.074,65,57,30,Pass,141,31,Crystal Palace,From Throw In,31,Crystal Palace,3407.0,Scott Dann,Right Center Back,63.4,76.6,106.9,58.9,2.716712,False,,,,,,,True,46.963177,-0.3864375,High Pass,,3589.0,Yannick Bolasie Yala,False,False,left_to_right,False,63.4,76.6,106.9,58.9,False,True,True,False
d23e49fb-b04e-4ae3-bb19-889d92d85bcd,3754266,2099,2,00:20:59.791,65,59,42,Ball Receipt*,141,31,Crystal Palace,From Throw In,31,Crystal Palace,3589.0,Yannick Bolasie Yala,Left Wing,106.9,58.9,,,,False,,,,,,,False,,,,,,,False,False,left_to_right,False,106.9,58.9,,,False,False,False,False
ad4b99a8-c44a-4339-bc69-b94e601fe8e2,3754266,2100,2,00:20:59.791,65,59,43,Carry,141,31,Crystal Palace,From Throw In,31,Crystal Palace,3589.0,Yannick Bolasie Yala,Left Wing,106.9,58.9,100.7,56.1,2.880712,True,,,,,,,False,,,,,,,False,False,left_to_right,False,106.9,58.9,100.7,56.1,False,False,False,False
e4b7ed29-7768-4876-bad6-991a07c9b1d9,3754266,2101,2,00:21:00.073,66,0,17,Pressure,141,31,Crystal Palace,From Throw In,23,Watford,3263.0,Craig Cathcart,Left Center Back,10.6,22.4,,,0.800248,False,,,,,,,False,,,,,,,False,False,left_to_right,False,10.6,22.4,,,False,False,False,False
da8ca01b-81db-41a0-88a5-2f5a62eed168,3754266,2102,2,00:21:02.672,66,2,39,Dribbled Past,141,31,Crystal Palace,From Throw In,23,Watford,3626.0,Ben Watson,Left Center Midfield,19.4,24.0,,,0.0,False,,,,,,,False,,,,,,,False,False,left_to_right,False,19.4,24.0,,,False,False,False,False
823e786f-e414-480d-b43e-cdb52485c176,3754266,2103,2,00:21:02.672,66,2,14,Dribble,141,31,Crystal Palace,From Throw In,31,Crystal Palace,3589.0,Yannick Bolasie Yala,Left Wing,100.7,56.1,,,0.0,True,,,,,,,False,,,,,,,False,False,left_to_right,False,100.7,56.1,,,False,False,False,False
7f11f04d-18fb-4816-ad1f-910bd660a88e,3754266,2104,2,00:21:02.672,66,2,43,Carry,141,31,Crystal Palace,From Throw In,31,Crystal Palace,3589.0,Yannick Bolasie Yala,Left Wing,100.7,56.1,96.5,54.6,0.799761,True,,,,,,,False,,,,,,,False,False,left_to_right,False,100.7,56.1,96.5,54.6,False,False,False,False
e1701838-5806-463c-9ebe-bae334be5600,3754266,2105,2,00:21:03.471,66,3,30,Pass,141,31,Crystal Palace,From Throw In,31,Crystal Palace,3589.0,Yannick Bolasie Yala,Left Wing,96.5,54.6,77.5,29.2,1.768136,False,,,,,,,True,31.720026,-2.2130363,Ground Pass,,4884.0,Pape N''Diaye Souaré,False,False,left_to_right,False,96.5,54.6,77.5,29.2,False,False,False,False
e0dcc5b4-cac8-443d-a4f6-8d60ded431f3,3754266,2106,2,00:21:05.240,66,5,42,Ball Receipt*,141,31,Crystal Palace,From Throw In,31,Crystal Palace,4884.0,Pape N''Diaye Souaré,Left Back,77.5,29.2,,,,False,,,,,,,False,,,,,,,False,False,left_to_right,False,77.5,29.2,,,False,False,False,False
8e9207e4-7475-4707-8055-16bbb2ad94a2,3754266,2107,2,00:21:05.240,66,5,43,Carry,141,31,Crystal Palace,From Throw In,31,Crystal Palace,4884.0,Pape N''Diaye Souaré,Left Back,77.5,29.2,82.6,27.6,1.26715,False,,,,,,,False,,,,,,,False,False,left_to_right,False,77.5,29.2,82.6,27.6,False,False,False,False
b731ed9f-7364-4c31-be0c-9295c9b8c37a,3754266,2108,2,00:21:06.507,66,6,30,Pass,141,31,Crystal Palace,From Throw In,31,Crystal Palace,4884.0,Pape N''Diaye Souaré,Left Back,82.6,27.6,98.3,9.4,1.255228,False,,,,,,,True,24.036015,-0.85901123,Ground Pass,,3507.0,Wilfried Zaha,False,False,left_to_right,False,82.6,27.6,98.3,9.4,False,False,False,False
61af9a01-6b3a-4f25-a897-8afeb26cc070,3754266,2109,2,00:21:07.762,66,7,42,Ball Receipt*,141,31,Crystal Palace,From Throw In,31,Crystal Palace,3507.0,Wilfried Zaha,Center Attacking Midfield,98.3,9.4,,,,False,,,,,,,False,,,,,,,False,False,left_to_right,False,98.3,9.4,,,False,False,False,False
fbeda01f-bf88-4c74-84a6-37634afda0e2,3754266,2110,2,00:21:07.762,66,7,43,Carry,141,31,Crystal Palace,From Throw In,31,Crystal Palace,3507.0,Wilfried Zaha,Center Attacking Midfield,98.3,9.4,97.3,20.8,5.148391,True,,,,,,,False,,,,,,,False,False,left_to_right,False,98.3,9.4,97.3,20.8,False,False,False,False
ecf49db9-3872-444b-a844-17946e9f45bf,3754266,2111,2,00:21:11.111,66,11,17,Pressure,141,31,Crystal Palace,From Throw In,23,Watford,3991.0,Allan Romeo Nyom,Right Back,20.5,65.5,,,1.777719,False,,,,,,,False,,,,,,,False,False,left_to_right,False,20.5,65.5,,,False,False,False,False
abc47dab-b20f-48e7-8e85-3ea065ab3c2e,3754266,2112,2,00:21:12.910,66,12,30,Pass,141,31,Crystal Palace,From Throw In,31,Crystal Palace,3507.0,Wilfried Zaha,Center Attacking Midfield,97.3,20.8,93.4,30.0,0.745035,False,,,,,,,True,9.992497,1.971746,Ground Pass,,3277.0,Yohan Cabaye,False,False,left_to_right,False,97.3,20.8,93.4,30.0,False,False,False,False
083636bf-dafa-4154-87a2-a519b1048230,3754266,2113,2,00:21:13.655,66,13,42,Ball Receipt*,141,31,Crystal Palace,From Throw In,31,Crystal Palace,3277.0,Yohan Cabaye,Right Defensive Midfield,93.4,30.0,,,,False,,,,,,,False,,,,,,,False,False,left_to_right,False,93.4,30.0,,,False,False,False,False
c1760eac-aad9-42c2-bec1-aa27872d413f,3754266,2114,2,00:21:13.655,66,13,43,Carry,141,31,Crystal Palace,From Throw In,31,Crystal Palace,3277.0,Yohan Cabaye,Right Defensive Midfield,93.4,30.0,96.3,33.6,0.559817,False,,,,,,,False,,,,,,,False,False,left_to_right,False,93.4,30.0,96.3,33.6,False,False,False,False
fbcb8086-ee2f-4e57-adfd-af759581d6fc,3754266,2115,2,00:21:14.215,66,14,3,Dispossessed,141,31,Crystal Palace,From Throw In,31,Crystal Palace,3277.0,Yohan Cabaye,Right Defensive Midfield,96.3,33.6,,,0.0,True,,,,,,,False,,,,,,,False,False,left_to_right,False,96.3,33.6,,,False,False,False,True
0583847b-f67c-44fa-8564-753d1dea919d,3754266,2116,2,00:21:14.215,66,14,4,Duel,141,31,Crystal Palace,From Throw In,23,Watford,3454.0,Troy Deeney,Right Center Forward,23.8,46.5,,,0.0,True,,,,,,,False,,,,,,,False,False,left_to_right,False,23.8,46.5,,,False,False,False,False
9f5c055a-a7ab-42ca-bd34-aa4855e521f0,3754266,2117,2,00:21:15.502,66,15,30,Pass,141,31,Crystal Palace,From Throw In,23,Watford,3991.0,Allan Romeo Nyom,Right Back,19.1,51.1,66.2,42.8,3.075929,False,,,,,,Incomplete,False,47.825726,-0.17442995,Low Pass,Recovery,5458.0,Odion Jude Ighalo,False,False,left_to_right,False,19.1,51.1,66.2,42.8,False,True,False,True
283d1bb8-7c7a-4d39-a53f-ed30ad6b8536,3754266,2118,2,00:21:18.578,66,18,42,Ball Receipt*,141,31,Crystal Palace,From Throw In,23,Watford,5458.0,Odion Jude Ighalo,Left Center Forward,54.8,43.0,,,,False,,,,,,,False,,,,,,,False,False,left_to_right,False,54.8,43.0,,,False,False,False,False
b5455528-e78c-45ac-8409-cb93e845c877,3754266,2119,2,00:21:18.578,66,18,30,Pass,141,31,Crystal Palace,From Throw In,31,Crystal Palace,43695.0,Brede Hangeland,Left Center Back,53.9,37.3,49.2,56.7,2.96632,False,,,,,,,True,19.961212,1.8084847,High Pass,Recovery,3407.0,Scott Dann,False,False,left_to_right,False,53.9,37.3,49.2,56.7,False,False,False,False
fda52c14-7e14-4725-9842-07bf0c0bf916,3754266,2120,2,00:21:21.545,66,21,42,Ball Receipt*,141,31,Crystal Palace,From Throw In,31,Crystal Palace,3407.0,Scott Dann,Right Center Back,49.2,56.7,,,,False,,,,,,,False,,,,,,,False,False,left_to_right,False,49.2,56.7,,,False,False,False,False
59b78648-c633-4c4f-82fa-6652a4efae65,3754266,2121,2,00:21:21.545,66,21,43,Carry,141,31,Crystal Palace,From Throw In,31,Crystal Palace,3407.0,Scott Dann,Right Center Back,49.2,56.7,51.1,65.8,1.966772,True,,,,,,,False,,,,,,,False,False,left_to_right,False,49.2,56.7,51.1,65.8,False,False,False,False
8e83804c-f7db-4583-a02e-fa556fdbfcab,3754266,2122,2,00:21:22.799,66,22,17,Pressure,141,31,Crystal Palace,From Throw In,23,Watford,5458.0,Odion Jude Ighalo,Left Center Forward,70.1,17.1,,,0.585781,False,,,,,,,False,,,,,,,False,False,left_to_right,False,70.1,17.1,,,False,False,False,False
7f114aff-5412-4b1b-8407-d934a9bb661e,3754266,2123,2,00:21:23.512,66,23,30,Pass,141,31,Crystal Palace,From Throw In,31,Crystal Palace,3407.0,Scott Dann,Right Center Back,51.1,65.8,120.0,67.8,5.217392,False,,,,,,Out,False,68.92902,0.029019427,High Pass,,,,False,False,left_to_right,False,51.1,65.8,120.0,67.8,False,True,True,True
bffcabe5-8c87-4ee4-bec5-5b5654f3b130,3754266,2124,2,00:21:49.747,66,49,30,Pass,142,23,Watford,From Goal Kick,23,Watford,3522.0,Heurelho da Silva Gomes,Goalkeeper,6.0,36.0,74.3,23.2,4.419379,False,,,,,,Incomplete,False,69.48907,-0.18525955,High Pass,Goal Kick,,,False,False,left_to_right,False,6.0,36.0,74.3,23.2,False,True,False,True
1d738e47-fd3e-4f4e-bf3b-f7b2ec87d599,3754266,2125,2,00:21:54.166,66,54,30,Pass,142,23,Watford,From Goal Kick,31,Crystal Palace,3407.0,Scott Dann,Right Center Back,45.8,56.9,71.2,55.4,1.828645,True,,,,,,Incomplete,False,25.444252,-0.058986608,High Pass,Recovery,,,False,False,left_to_right,False,45.8,56.9,71.2,55.4,False,True,False,True
130233a0-ffa4-4e92-b32f-db7ee544174f,3754266,2126,2,00:21:54.166,66,54,4,Duel,142,23,Watford,From Goal Kick,23,Watford,3454.0,Troy Deeney,Right Center Forward,74.3,23.2,,,0.0,True,,,,,,,False,,,,,,,False,False,left_to_right,False,74.3,23.2,,,False,False,False,False
2128aed2-bcba-4607-92bc-88a9b2907b1b,3754266,2127,2,00:21:55.995,66,55,4,Duel,142,23,Watford,From Goal Kick,31,Crystal Palace,3092.0,Dwight Gayle,Center Forward,71.2,55.4,,,0.0,True,,,,,,,False,,,,,,,False,False,left_to_right,False,71.2,55.4,,,False,False,False,False
865ee27a-a6e7-4852-afd3-78f47f7b0b12,3754266,2128,2,00:21:55.995,66,55,30,Pass,142,23,Watford,From Goal Kick,23,Watford,3263.0,Craig Cathcart,Left Center Back,48.9,24.7,55.4,23.8,0.895013,True,,,,,,,True,6.5620117,-0.13758674,Low Pass,Recovery,3626.0,Ben Watson,False,False,left_to_right,False,48.9,24.7,55.4,23.8,False,False,False,False
b9ec5d4d-ffa9-4589-a646-d9645e244529,3754266,2129,2,00:21:56.890,66,56,42,Ball Receipt*,142,23,Watford,From Goal Kick,23,Watford,3626.0,Ben Watson,Left Center Midfield,55.4,23.8,,,,False,,,,,,,False,,,,,,,False,False,left_to_right,False,55.4,23.8,,,False,False,False,False
6a4d98ff-5aa2-454e-8542-1fc0cb4cbcc7,3754266,2130,2,00:21:56.890,66,56,43,Carry,142,23,Watford,From Goal Kick,23,Watford,3626.0,Ben Watson,Left Center Midfield,55.4,23.8,55.4,23.8,0.87182,True,,,,,,,False,,,,,,,False,False,left_to_right,False,55.4,23.8,55.4,23.8,False,False,False,False
4c8ab343-be88-4b28-b408-bbd99e95274a,3754266,2131,2,00:21:57.370,66,57,17,Pressure,142,23,Watford,From Goal Kick,31,Crystal Palace,3277.0,Yohan Cabaye,Right Defensive Midfield,62.5,55.4,,,0.395139,False,,,,,,,False,,,,,,,False,False,left_to_right,False,62.5,55.4,,,False,False,False,False
474ef35d-617b-4f88-8933-b53c234fef52,3754266,2132,2,00:21:57.762,66,57,30,Pass,142,23,Watford,From Goal Kick,23,Watford,3626.0,Ben Watson,Left Center Midfield,55.4,23.8,77.0,27.5,1.37992,True,,,,,,Incomplete,False,21.914606,0.16964976,High Pass,,5458.0,Odion Jude Ighalo,False,False,left_to_right,False,55.4,23.8,77.0,27.5,False,True,False,True
d80cf6fd-0ea4-4eb5-9bdc-8705cb9f9252,3754266,2133,2,00:21:59.142,66,59,42,Ball Receipt*,142,23,Watford,From Goal Kick,23,Watford,5458.0,Odion Jude Ighalo,Left Center Forward,77.8,29.1,,,,False,,,,,,,False,,,,,,,False,False,left_to_right,False,77.8,29.1,,,False,False,False,False
a129f039-4260-48d0-8063-c5965ff0f819,3754266,2134,2,00:21:59.142,66,59,30,Pass,143,31,Crystal Palace,Regular Play,31,Crystal Palace,3407.0,Scott Dann,Right Center Back,43.1,52.6,36.3,38.2,1.963929,False,,,,,,,True,15.924824,-2.0119758,High Pass,Interception,4884.0,Pape N''Diaye Souaré,False,False,left_to_right,False,43.1,52.6,36.3,38.2,False,False,False,False
8e7af9df-42b4-4486-a3be-8aa0017bd6ba,3754266,2135,2,00:22:01.106,67,1,42,Ball Receipt*,143,31,Crystal Palace,Regular Play,31,Crystal Palace,4884.0,Pape N''Diaye Souaré,Left Back,36.3,38.2,,,,False,,,,,,,False,,,,,,,False,False,left_to_right,False,36.3,38.2,,,False,False,False,False
113eee8a-e986-4285-b857-10724fa3b1c3,3754266,2136,2,00:22:01.106,67,1,43,Carry,143,31,Crystal Palace,Regular Play,31,Crystal Palace,4884.0,Pape N''Diaye Souaré,Left Back,36.3,38.2,35.8,38.7,0.147733,False,,,,,,,False,,,,,,,False,False,left_to_right,False,36.3,38.2,35.8,38.7,False,False,False,False
e8908d6b-4c67-43a8-a1e4-e344981cd328,3754266,2137,2,00:22:01.254,67,1,30,Pass,143,31,Crystal Palace,Regular Play,31,Crystal Palace,4884.0,Pape N''Diaye Souaré,Left Back,35.8,38.7,11.1,40.6,2.316424,False,,,,,,,True,24.772968,3.0648208,Low Pass,,3488.0,Wayne Hennessey,False,False,left_to_right,False,35.8,38.7,11.1,40.6,False,False,False,False
9804a332-8141-4755-9ea5-994b606c3b7e,3754266,2138,2,00:22:03.570,67,3,42,Ball Receipt*,143,31,Crystal Palace,Regular Play,31,Crystal Palace,3488.0,Wayne Hennessey,Goalkeeper,11.1,40.6,,,,False,,,,,,,False,,,,,,,False,False,left_to_right,False,11.1,40.6,,,False,False,False,False
ff61c548-6372-4a10-97dc-47ce22ab4db7,3754266,2139,2,00:22:03.570,67,3,43,Carry,143,31,Crystal Palace,Regular Play,31,Crystal Palace,3488.0,Wayne Hennessey,Goalkeeper,11.1,40.6,10.5,40.6,0.04,False,,,,,,,False,,,,,,,False,False,left_to_right,False,11.1,40.6,10.5,40.6,False,False,False,False
822da42b-3806-40cd-af3b-d4b2dd39c835,3754266,2140,2,00:22:03.610,67,3,30,Pass,143,31,Crystal Palace,Regular Play,31,Crystal Palace,3488.0,Wayne Hennessey,Goalkeeper,10.5,40.6,71.2,73.3,6.322984,False,,,,,,,True,68.94766,0.49413782,High Pass,,3092.0,Dwight Gayle,False,False,left_to_right,False,10.5,40.6,71.2,73.3,False,True,False,False
69f794ec-413e-4753-9ced-817d5bea6c56,3754266,2141,2,00:22:09.721,67,9,17,Pressure,143,31,Crystal Palace,Regular Play,23,Watford,3626.0,Ben Watson,Left Center Midfield,47.2,5.3,,,0.726306,False,,,,,,,False,,,,,,,False,False,left_to_right,False,47.2,5.3,,,False,False,False,False
79f93622-f5a0-4640-9771-01dcaa9a0e7f,3754266,2142,2,00:22:09.933,67,9,42,Ball Receipt*,143,31,Crystal Palace,Regular Play,31,Crystal Palace,3092.0,Dwight Gayle,Center Forward,71.2,73.3,,,,True,,,,,,,False,,,,,,,False,False,left_to_right,False,71.2,73.3,,,False,False,False,False
abc81697-260d-4f9b-89b8-0be2412a228f,3754266,2143,2,00:22:09.933,67,9,43,Carry,143,31,Crystal Palace,Regular Play,31,Crystal Palace,3092.0,Dwight Gayle,Center Forward,71.2,73.3,71.2,76.4,0.37724,True,,,,,,,False,,,,,,,False,False,left_to_right,False,71.2,73.3,71.2,76.4,False,False,False,False
f212f2e4-4f05-47e5-8fe4-5096c7844785,3754266,2144,2,00:22:10.310,67,10,22,Foul Committed,143,31,Crystal Palace,Regular Play,23,Watford,3626.0,Ben Watson,Left Center Midfield,48.9,3.7,,,0.0,False,,,,,,,False,,,,,,,False,False,left_to_right,False,48.9,3.7,,,False,False,False,False
2790c5bc-b8c1-4700-841e-35d168b2bb34,3754266,2145,2,00:22:10.310,67,10,21,Foul Won,143,31,Crystal Palace,Regular Play,31,Crystal Palace,3092.0,Dwight Gayle,Center Forward,71.2,76.4,,,0.0,True,,,,,,,False,,,,,,,False,False,left_to_right,False,71.2,76.4,,,False,False,False,False
ba9d1f61-4392-446b-adf9-972079b093e5,3754266,2146,2,00:22:39.154,67,39,30,Pass,144,31,Crystal Palace,From Free Kick,31,Crystal Palace,19688.0,Jason Puncheon,Right Wing,76.9,74.2,93.6,29.4,2.449459,False,,,,,,,True,47.8114,-1.213984,High Pass,Free Kick,3407.0,Scott Dann,False,False,left_to_right,False,76.9,74.2,93.6,29.4,False,True,True,False
783f6fea-ee99-4c87-88fa-6ef78bb924cf,3754266,2147,2,00:22:41.603,67,41,42,Ball Receipt*,144,31,Crystal Palace,From Free Kick,31,Crystal Palace,3407.0,Scott Dann,Right Center Back,93.6,29.4,,,,False,,,,,,,False,,,,,,,False,False,left_to_right,False,93.6,29.4,,,False,False,False,False
c04f7a91-c9b3-4f0a-9178-9236f7cbc000,3754266,2148,2,00:22:41.643,67,41,30,Pass,144,31,Crystal Palace,From Free Kick,31,Crystal Palace,3407.0,Scott Dann,Right Center Back,94.1,29.8,109.3,36.5,1.896538,False,,,,,,Incomplete,False,16.611141,0.4151681,High Pass,,,,False,False,left_to_right,False,94.1,29.8,109.3,36.5,False,True,False,True
d8bc76fc-93a0-48c8-a34c-3e0fdf37f3bb,3754266,2149,2,00:22:43.540,67,43,2,Ball Recovery,145,23,Watford,Regular Play,23,Watford,3522.0,Heurelho da Silva Gomes,Goalkeeper,10.8,43.6,,,0.0,False,,,,,,,False,,,,,,,False,False,left_to_right,False,10.8,43.6,,,False,False,False,False
a4d3ec4a-1af3-4737-ab87-7453ba8a2c62,3754266,2150,2,00:22:43.540,67,43,43,Carry,145,23,Watford,Regular Play,23,Watford,3522.0,Heurelho da Silva Gomes,Goalkeeper,10.8,43.6,14.3,47.2,1.53118,False,,,,,,,False,,,,,,,False,False,left_to_right,False,10.8,43.6,14.3,47.2,False,False,False,False
6f4957c1-643f-4c54-a0d1-cade474788f6,3754266,2151,2,00:22:45.071,67,45,30,Pass,145,23,Watford,Regular Play,23,Watford,3522.0,Heurelho da Silva Gomes,Goalkeeper,14.3,47.2,39.7,71.7,3.491895,False,,,,,,,True,35.290367,0.767364,Low Pass,,6870.0,José Manuel Jurado Marín,False,False,left_to_right,False,14.3,47.2,39.7,71.7,False,False,False,False
94db8331-5850-4b53-9de1-fbc4e5939b54,3754266,2152,2,00:22:48.563,67,48,42,Ball Receipt*,145,23,Watford,Regular Play,23,Watford,6870.0,José Manuel Jurado Marín,Left Midfield,39.7,71.7,,,,False,,,,,,,False,,,,,,,False,False,left_to_right,False,39.7,71.7,,,False,False,False,False
211c11ad-80d2-4047-a35c-30a0bd447f82,3754266,2153,2,00:22:48.563,67,48,43,Carry,145,23,Watford,Regular Play,23,Watford,6870.0,José Manuel Jurado Marín,Left Midfield,39.7,71.7,55.6,63.5,2.969649,True,,,,,,,False,,,,,,,False,False,left_to_right,False,39.7,71.7,55.6,63.5,False,False,False,False
0bd5c539-b563-407a-90a1-2cb6b24fc2b3,3754266,2154,2,00:22:49.671,67,49,17,Pressure,145,23,Watford,Regular Play,31,Crystal Palace,3507.0,Wilfried Zaha,Center Attacking Midfield,64.3,17.5,,,1.177144,False,,,,,,,False,,,,,,,False,False,left_to_right,False,64.3,17.5,,,False,False,False,False
6ac4c831-0e37-4620-9572-b1fdd314b2aa,3754266,2155,2,00:22:51.532,67,51,22,Foul Committed,145,23,Watford,Regular Play,31,Crystal Palace,3507.0,Wilfried Zaha,Center Attacking Midfield,64.5,16.6,,,0.0,False,,,,,,,False,,,,,,,False,False,left_to_right,False,64.5,16.6,,,False,False,False,False
c765a31f-d478-445a-bd94-366307e1aa02,3754266,2156,2,00:22:51.532,67,51,21,Foul Won,145,23,Watford,Regular Play,23,Watford,6870.0,José Manuel Jurado Marín,Left Midfield,55.6,63.5,,,0.0,True,,,,,,,False,,,,,,,False,False,left_to_right,False,55.6,63.5,,,False,False,False,False
81229b00-5eb0-4285-86aa-9b9c9048197e,3754266,2157,2,00:23:02.652,68,2,30,Pass,146,23,Watford,From Free Kick,23,Watford,3721.0,Etienne Capoue,Right Center Midfield,54.2,54.9,47.6,29.3,1.67897,False,,,,,,,True,26.437096,-1.8231143,Ground Pass,Free Kick,3263.0,Craig Cathcart,False,False,left_to_right,False,54.2,54.9,47.6,29.3,False,False,False,False
a659bcd7-4b96-42f5-9eeb-dc0a37a3dca8,3754266,2158,2,00:23:04.331,68,4,42,Ball Receipt*,146,23,Watford,From Free Kick,23,Watford,3263.0,Craig Cathcart,Left Center Back,47.6,29.3,,,,False,,,,,,,False,,,,,,,False,False,left_to_right,False,47.6,29.3,,,False,False,False,False
b33d6ae0-6e46-4886-91da-bf971aae9a37,3754266,2159,2,00:23:04.331,68,4,43,Carry,146,23,Watford,From Free Kick,23,Watford,3263.0,Craig Cathcart,Left Center Back,47.6,29.3,55.8,34.2,3.963874,False,,,,,,,False,,,,,,,False,False,left_to_right,False,47.6,29.3,55.8,34.2,False,False,False,False
aaf80eeb-43d9-4287-ba00-b1ea526721bc,3754266,2160,2,00:23:08.295,68,8,30,Pass,146,23,Watford,From Free Kick,23,Watford,3263.0,Craig Cathcart,Left Center Back,55.8,34.2,47.4,59.1,1.563262,False,,,,,,,True,26.278698,1.896157,Ground Pass,,3309.0,Sebastian Prödl,False,False,left_to_right,False,55.8,34.2,47.4,59.1,False,False,False,False
3e7e4dae-ce12-433a-b6f6-027fc5919541,3754266,2161,2,00:23:09.859,68,9,42,Ball Receipt*,146,23,Watford,From Free Kick,23,Watford,3309.0,Sebastian Prödl,Right Center Back,47.4,59.1,,,,False,,,,,,,False,,,,,,,False,False,left_to_right,False,47.4,59.1,,,False,False,False,False
b9455005-ee4a-42fd-a228-4f74bcdc6947,3754266,2162,2,00:23:09.859,68,9,43,Carry,146,23,Watford,From Free Kick,23,Watford,3309.0,Sebastian Prödl,Right Center Back,47.4,59.1,45.4,58.2,1.122839,False,,,,,,,False,,,,,,,False,False,left_to_right,False,47.4,59.1,45.4,58.2,False,False,False,False
c2198ff8-5fbe-4dba-aae6-7be303cf8005,3754266,2163,2,00:23:10.981,68,10,30,Pass,146,23,Watford,From Free Kick,23,Watford,3309.0,Sebastian Prödl,Right Center Back,45.4,58.2,15.4,41.4,2.34281,False,,,,,,,True,34.383717,-2.6311042,Ground Pass,,3522.0,Heurelho da Silva Gomes,False,False,left_to_right,False,45.4,58.2,15.4,41.4,False,False,False,False
2ab0960f-738e-4edc-8dc6-d30409848665,3754266,2164,2,00:23:13.324,68,13,42,Ball Receipt*,146,23,Watford,From Free Kick,23,Watford,3522.0,Heurelho da Silva Gomes,Goalkeeper,15.4,41.4,,,,False,,,,,,,False,,,,,,,False,False,left_to_right,False,15.4,41.4,,,False,False,False,False
f840de58-c1de-4ada-b803-41d7ace62815,3754266,2165,2,00:23:13.324,68,13,43,Carry,146,23,Watford,From Free Kick,23,Watford,3522.0,Heurelho da Silva Gomes,Goalkeeper,15.4,41.4,16.5,41.2,1.843409,False,,,,,,,False,,,,,,,False,False,left_to_right,False,15.4,41.4,16.5,41.2,False,False,False,False
98441172-f243-4f1e-aacc-b766e59b64e9,3754266,2166,2,00:23:15.168,68,15,30,Pass,146,23,Watford,From Free Kick,23,Watford,3522.0,Heurelho da Silva Gomes,Goalkeeper,16.5,41.2,21.2,39.7,1.709864,False,,,,,,,True,4.9335585,-0.30893075,Ground Pass,,3263.0,Craig Cathcart,False,False,left_to_right,False,16.5,41.2,21.2,39.7,False,False,False,False
451d798e-38ca-4cc7-aad1-b64294c6b9ac,3754266,2167,2,00:23:16.877,68,16,42,Ball Receipt*,146,23,Watford,From Free Kick,23,Watford,3263.0,Craig Cathcart,Left Center Back,21.2,39.7,,,,False,,,,,,,False,,,,,,,False,False,left_to_right,False,21.2,39.7,,,False,False,False,False
cbffe04e-1798-4629-a072-ae47e43e0aaa,3754266,2168,2,00:23:16.877,68,16,43,Carry,146,23,Watford,From Free Kick,23,Watford,3263.0,Craig Cathcart,Left Center Back,21.2,39.7,24.0,35.7,1.253478,False,,,,,,,False,,,,,,,False,False,left_to_right,False,21.2,39.7,24.0,35.7,False,False,False,False
c131706c-bc1d-432e-b6d2-eea8a7ccd898,3754266,2169,2,00:23:18.131,68,18,30,Pass,146,23,Watford,From Free Kick,23,Watford,3263.0,Craig Cathcart,Left Center Back,24.0,35.7,37.7,6.3,2.020793,False,,,,,,,True,32.43532,-1.134728,Ground Pass,,3626.0,Ben Watson,False,False,left_to_right,False,24.0,35.7,37.7,6.3,False,False,False,False
e2b18008-06c9-404f-857e-e290d9a2ae77,3754266,2170,2,00:23:20.152,68,20,42,Ball Receipt*,146,23,Watford,From Free Kick,23,Watford,3626.0,Ben Watson,Left Center Midfield,37.7,6.3,,,,False,,,,,,,False,,,,,,,False,False,left_to_right,False,37.7,6.3,,,False,False,False,False
fa2a75c0-fd80-4c8d-a8a0-7faee294fa33,3754266,2171,2,00:23:20.152,68,20,43,Carry,146,23,Watford,From Free Kick,23,Watford,3626.0,Ben Watson,Left Center Midfield,37.7,6.3,53.2,3.3,5.015815,True,,,,,,,False,,,,,,,False,False,left_to_right,False,37.7,6.3,53.2,3.3,False,False,False,False
57382476-ebb8-4c19-ae8b-705d8a563141,3754266,2172,2,00:23:22.495,68,22,17,Pressure,146,23,Watford,From Free Kick,31,Crystal Palace,3092.0,Dwight Gayle,Center Forward,71.8,72.8,,,1.13782,False,,,,,,,False,,,,,,,False,False,left_to_right,False,71.8,72.8,,,False,False,False,False
a4457e1e-4890-4ae2-81a5-34b47d31f8ad,3754266,2173,2,00:23:25.168,68,25,30,Pass,146,23,Watford,From Free Kick,23,Watford,3626.0,Ben Watson,Left Center Midfield,53.2,3.3,57.1,3.2,0.121527,False,,,,,,Incomplete,False,3.9012818,-0.025635408,Ground Pass,,,,False,False,left_to_right,False,53.2,3.3,57.1,3.2,False,False,False,True
94c5b3f1-c776-47ba-b5db-2772d6b166d9,3754266,2174,2,00:23:25.289,68,25,6,Block,146,23,Watford,From Free Kick,31,Crystal Palace,19688.0,Jason Puncheon,Right Wing,63.0,76.9,,,0.0,False,,,,,,,False,,,,,,,False,False,left_to_right,False,63.0,76.9,,,False,False,False,False
367a150e-6585-4427-99b7-42c0d5df80fa,3754266,2175,2,00:23:32.350,68,32,30,Pass,147,23,Watford,From Throw In,23,Watford,40118.0,Ikechi Anya,Left Back,76.8,0.1,65.0,5.1,1.391163,False,,,,,,,True,12.815616,2.7407992,High Pass,Throw-in,3721.0,Etienne Capoue,False,False,left_to_right,False,76.8,0.1,65.0,5.1,False,False,False,False
ec9b7b36-7258-404c-aa9d-774fe15ae322,3754266,2176,2,00:23:33.741,68,33,42,Ball Receipt*,147,23,Watford,From Throw In,23,Watford,3721.0,Etienne Capoue,Right Center Midfield,65.0,5.1,,,,False,,,,,,,False,,,,,,,False,False,left_to_right,False,65.0,5.1,,,False,False,False,False
3d9a007b-f87b-4dab-a481-1cf2f9d5213d,3754266,2177,2,00:23:33.741,68,33,43,Carry,147,23,Watford,From Throw In,23,Watford,3721.0,Etienne Capoue,Right Center Midfield,65.0,5.1,63.1,2.4,2.514153,False,,,,,,,False,,,,,,,False,False,left_to_right,False,65.0,5.1,63.1,2.4,False,False,False,False
c658576b-9028-40ad-83e3-17cfd60c2170,3754266,2178,2,00:23:36.255,68,36,30,Pass,147,23,Watford,From Throw In,23,Watford,3721.0,Etienne Capoue,Right Center Midfield,63.1,2.4,44.2,7.1,1.578412,False,,,,,,,True,19.475626,2.8978593,Ground Pass,,3263.0,Craig Cathcart,False,False,left_to_right,False,63.1,2.4,44.2,7.1,False,False,False,False
1b35ad3d-e346-44f9-a444-658a214fecc4,3754266,2179,2,00:23:37.834,68,37,42,Ball Receipt*,147,23,Watford,From Throw In,23,Watford,3263.0,Craig Cathcart,Left Center Back,44.2,7.1,,,,False,,,,,,,False,,,,,,,False,False,left_to_right,False,44.2,7.1,,,False,False,False,False
443493d3-59bc-4a0e-8c39-888aba512701,3754266,2180,2,00:23:37.834,68,37,43,Carry,147,23,Watford,From Throw In,23,Watford,3263.0,Craig Cathcart,Left Center Back,44.2,7.1,43.2,8.1,1.259972,False,,,,,,,False,,,,,,,False,False,left_to_right,False,44.2,7.1,43.2,8.1,False,False,False,False
8055f9a1-1bda-4579-9d07-48ae3909cd17,3754266,2181,2,00:23:39.094,68,39,30,Pass,147,23,Watford,From Throw In,23,Watford,3263.0,Craig Cathcart,Left Center Back,43.2,8.1,57.1,31.5,1.303754,False,,,,,,,True,27.21709,1.0347877,Ground Pass,,3626.0,Ben Watson,False,False,left_to_right,False,43.2,8.1,57.1,31.5,False,False,False,False
7536422c-d775-404a-98ca-3bc7fcfc29a0,3754266,2182,2,00:23:40.397,68,40,42,Ball Receipt*,147,23,Watford,From Throw In,23,Watford,3626.0,Ben Watson,Left Center Midfield,57.1,31.5,,,,False,,,,,,,False,,,,,,,False,False,left_to_right,False,57.1,31.5,,,False,False,False,False
13935742-8cb1-4815-9d7a-9b6efb1337a6,3754266,2183,2,00:23:40.397,68,40,43,Carry,147,23,Watford,From Throw In,23,Watford,3626.0,Ben Watson,Left Center Midfield,57.1,31.5,56.6,31.8,0.04,False,,,,,,,False,,,,,,,False,False,left_to_right,False,57.1,31.5,56.6,31.8,False,False,False,False
fe0eb64a-3754-4524-9b30-a9f5a53b35ee,3754266,2184,2,00:23:40.437,68,40,30,Pass,147,23,Watford,From Throw In,23,Watford,3626.0,Ben Watson,Left Center Midfield,56.6,31.8,42.1,56.7,1.739088,False,,,,,,,True,28.814232,2.0981214,Ground Pass,,3309.0,Sebastian Prödl,False,False,left_to_right,False,56.6,31.8,42.1,56.7,False,False,False,False
e99eee2e-c7e0-42b9-a621-9f118a58d870,3754266,2185,2,00:23:42.176,68,42,42,Ball Receipt*,147,23,Watford,From Throw In,23,Watford,3309.0,Sebastian Prödl,Right Center Back,42.1,56.7,,,,False,,,,,,,False,,,,,,,False,False,left_to_right,False,42.1,56.7,,,False,False,False,False
585ade96-0faa-4a38-b866-52abc0bad600,3754266,2186,2,00:23:42.176,68,42,43,Carry,147,23,Watford,From Throw In,23,Watford,3309.0,Sebastian Prödl,Right Center Back,42.1,56.7,51.6,61.3,3.589052,False,,,,,,,False,,,,,,,False,False,left_to_right,False,42.1,56.7,51.6,61.3,False,False,False,False
199ac89c-9bb2-424a-95a3-07348528e58b,3754266,2187,2,00:23:45.766,68,45,30,Pass,147,23,Watford,From Throw In,23,Watford,3309.0,Sebastian Prödl,Right Center Back,51.6,61.3,103.9,47.6,2.933331,False,,,,,,Incomplete,False,54.06459,-0.256194,High Pass,,5458.0,Odion Jude Ighalo,False,False,left_to_right,False,51.6,61.3,103.9,47.6,False,True,True,True
0b441476-fd5a-4903-bba0-e1ce8c475bec,3754266,2188,2,00:23:48.699,68,48,42,Ball Receipt*,147,23,Watford,From Throw In,23,Watford,5458.0,Odion Jude Ighalo,Left Center Forward,104.1,48.9,,,,False,,,,,,,False,,,,,,,False,False,left_to_right,False,104.1,48.9,,,False,False,False,False
732d4e25-3b1c-4fac-85bd-c75d39581a49,3754266,2189,2,00:23:48.699,68,48,30,Pass,148,31,Crystal Palace,Regular Play,31,Crystal Palace,43695.0,Brede Hangeland,Left Center Back,16.2,32.5,19.3,14.3,3.061265,False,,,,,,,True,18.462124,-1.4020858,Low Pass,Recovery,4884.0,Pape N''Diaye Souaré,False,False,left_to_right,False,16.2,32.5,19.3,14.3,False,False,False,False
c6636f49-9800-4c07-ab7c-d478321ea63e,3754266,2190,2,00:23:51.760,68,51,42,Ball Receipt*,148,31,Crystal Palace,Regular Play,31,Crystal Palace,4884.0,Pape N''Diaye Souaré,Left Back,19.3,14.3,,,,False,,,,,,,False,,,,,,,False,False,left_to_right,False,19.3,14.3,,,False,False,False,False
6d2dab63-6184-4b2b-bb97-44825a7a6708,3754266,2191,2,00:23:51.760,68,51,43,Carry,148,31,Crystal Palace,Regular Play,31,Crystal Palace,4884.0,Pape N''Diaye Souaré,Left Back,19.3,14.3,75.9,6.5,6.125555,False,,,,,,,False,,,,,,,False,False,left_to_right,False,19.3,14.3,75.9,6.5,True,False,False,False
cdd348c3-ab32-47d1-a74b-3c2ca780c19a,3754266,2192,2,00:23:57.886,68,57,30,Pass,148,31,Crystal Palace,Regular Play,31,Crystal Palace,4884.0,Pape N''Diaye Souaré,Left Back,75.9,6.5,75.5,18.1,0.728249,False,,,,,,,True,11.6068945,1.6052654,Ground Pass,,3507.0,Wilfried Zaha,False,False,left_to_right,False,75.9,6.5,75.5,18.1,False,False,False,False
a86c91f0-5f51-4237-a9dd-46171aa61c17,3754266,2193,2,00:23:58.614,68,58,42,Ball Receipt*,148,31,Crystal Palace,Regular Play,31,Crystal Palace,3507.0,Wilfried Zaha,Center Attacking Midfield,75.5,18.1,,,,False,,,,,,,False,,,,,,,False,False,left_to_right,False,75.5,18.1,,,False,False,False,False
3a46ea0b-7539-4b2c-b4a0-5d6e5f3926a9,3754266,2194,2,00:23:58.614,68,58,43,Carry,148,31,Crystal Palace,Regular Play,31,Crystal Palace,3507.0,Wilfried Zaha,Center Attacking Midfield,75.5,18.1,92.4,25.5,2.528077,True,,,,,,,False,,,,,,,False,False,left_to_right,False,75.5,18.1,92.4,25.5,True,False,False,False
57903937-5294-4899-a1cc-0b47e057ab6f,3754266,2195,2,00:24:00.627,69,0,17,Pressure,148,31,Crystal Palace,Regular Play,23,Watford,3626.0,Ben Watson,Left Center Midfield,27.5,52.0,,,0.475424,False,,,,,,,False,,,,,,,False,False,left_to_right,False,27.5,52.0,,,False,False,False,False
ee559585-41ae-44fb-9af0-b492034dd355,3754266,2196,2,00:24:01.142,69,1,30,Pass,148,31,Crystal Palace,Regular Play,31,Crystal Palace,3507.0,Wilfried Zaha,Center Attacking Midfield,92.4,25.5,83.5,29.8,0.977502,False,,,,,,,True,9.884331,2.6915188,Ground Pass,,19688.0,Jason Puncheon,False,False,left_to_right,False,92.4,25.5,83.5,29.8,False,False,False,False
58390343-dfea-4d33-bfb6-880001fd977a,3754266,2197,2,00:24:02.119,69,2,42,Ball Receipt*,148,31,Crystal Palace,Regular Play,31,Crystal Palace,19688.0,Jason Puncheon,Right Wing,83.5,29.8,,,,False,,,,,,,False,,,,,,,False,False,left_to_right,False,83.5,29.8,,,False,False,False,False
e06c6345-ee81-4eb6-a6d1-ffbdb0bc821c,3754266,2198,2,00:24:02.119,69,2,43,Carry,148,31,Crystal Palace,Regular Play,31,Crystal Palace,19688.0,Jason Puncheon,Right Wing,83.5,29.8,91.2,29.4,2.218984,True,,,,,,,False,,,,,,,False,False,left_to_right,False,83.5,29.8,91.2,29.4,False,False,False,False
4f85a5d3-62ad-4abb-a106-586a4c1464e6,3754266,2199,2,00:24:03.504,69,3,17,Pressure,148,31,Crystal Palace,Regular Play,23,Watford,7745.0,Steven Berghuis,Right Midfield,28.5,47.7,,,0.811805,False,,,,,,,False,,,,,,,False,False,left_to_right,False,28.5,47.7,,,False,False,False,False
e08ba0bd-961f-4bfb-b26b-23dfde214096,3754266,2200,2,00:24:04.338,69,4,30,Pass,148,31,Crystal Palace,Regular Play,31,Crystal Palace,19688.0,Jason Puncheon,Right Wing,91.2,29.4,99.6,21.9,0.733981,False,,,,,,,True,11.260995,-0.7288547,Ground Pass,,3507.0,Wilfried Zaha,False,False,left_to_right,False,91.2,29.4,99.6,21.9,False,False,False,False
e099598c-ce3c-474b-9783-0402c2947089,3754266,2201,2,00:24:05.072,69,5,42,Ball Receipt*,148,31,Crystal Palace,Regular Play,31,Crystal Palace,3507.0,Wilfried Zaha,Center Attacking Midfield,99.6,21.9,,,,False,,,,,,,False,,,,,,,False,False,left_to_right,False,99.6,21.9,,,False,False,False,False
5d4f28f1-ce6b-4d36-be6f-e56183d3dfa1,3754266,2202,2,00:24:05.072,69,5,43,Carry,148,31,Crystal Palace,Regular Play,31,Crystal Palace,3507.0,Wilfried Zaha,Center Attacking Midfield,99.6,21.9,111.5,21.2,2.235187,True,,,,,,,False,,,,,,,False,False,left_to_right,False,99.6,21.9,111.5,21.2,False,False,False,False
5317eb6b-719b-4883-bb3a-fe3dcbecc61e,3754266,2203,2,00:24:06.133,69,6,17,Pressure,148,31,Crystal Palace,Regular Play,23,Watford,3991.0,Allan Romeo Nyom,Right Back,14.8,58.3,,,1.325906,False,,,,,,,False,,,,,,,False,False,left_to_right,False,14.8,58.3,,,False,False,False,False
ab2cb149-fa24-4bb6-9716-4c4bfd493821,3754266,2204,2,00:24:07.308,69,7,22,Foul Committed,148,31,Crystal Palace,Regular Play,23,Watford,3991.0,Allan Romeo Nyom,Right Back,8.6,58.9,,,0.0,False,,,,,,,False,,,,,,,False,False,left_to_right,False,8.6,58.9,,,False,False,False,False
4b9ce65e-ba52-40da-a7d3-14510d7a9149,3754266,2205,2,00:24:07.308,69,7,21,Foul Won,148,31,Crystal Palace,Regular Play,31,Crystal Palace,3507.0,Wilfried Zaha,Center Attacking Midfield,111.5,21.2,,,0.0,True,,,,,,,False,,,,,,,False,False,left_to_right,False,111.5,21.2,,,False,False,False,False
aadc9007-633f-4dc8-bbae-29092795a144,3754266,2206,2,00:24:51.880,69,51,24,Bad Behaviour,148,31,Crystal Palace,Regular Play,23,Watford,6870.0,José Manuel Jurado Marín,Left Midfield,,,,,0.0,False,,,,,,,False,,,,,,,False,False,left_to_right,False,,,,,False,False,False,False
1e2a1466-d998-4b9e-a43f-6170c3292405,3754266,2207,2,00:25:32.451,70,32,16,Shot,149,31,Crystal Palace,Other,31,Crystal Palace,3277.0,Yohan Cabaye,Right Defensive Midfield,108.3,40.1,120.0,38.0,0.628652,False,0.7835,Goal,Right Foot,Normal,Penalty,,False,,,,,,,False,False,left_to_right,False,108.3,40.1,120.0,38.0,False,False,False,False
6aef2994-1e5d-4002-89bb-ba6a09eb1e69,3754266,2208,2,00:25:33.079,70,33,23,Goal Keeper,149,31,Crystal Palace,Other,23,Watford,3522.0,Heurelho da Silva Gomes,Goalkeeper,1.0,40.0,,,0.0,False,,,,,,,False,,,,,,,False,False,left_to_right,False,1.0,40.0,,,False,False,False,False
e931cc01-ad9f-4234-9945-c6c24129dd0d,3754266,2209,2,00:26:19.897,71,19,30,Pass,150,23,Watford,From Kick Off,23,Watford,3454.0,Troy Deeney,Right Center Forward,60.0,40.0,49.4,40.1,0.324148,False,,,,,,,True,10.6004715,3.132159,Ground Pass,Kick Off,5458.0,Odion Jude Ighalo,False,False,left_to_right,False,60.0,40.0,49.4,40.1,False,False,False,False
eb266753-58d7-4ce0-bd06-239ffa4add67,3754266,2210,2,00:26:20.221,71,20,42,Ball Receipt*,150,23,Watford,From Kick Off,23,Watford,5458.0,Odion Jude Ighalo,Left Center Forward,49.4,40.1,,,,False,,,,,,,False,,,,,,,False,False,left_to_right,False,49.4,40.1,,,False,False,False,False
ef40f7cb-7a67-4f85-b25d-9639a1856d83,3754266,2211,2,00:26:20.377,71,20,30,Pass,150,23,Watford,From Kick Off,23,Watford,5458.0,Odion Jude Ighalo,Left Center Forward,47.4,41.5,26.5,29.2,0.55812,False,,,,,,,True,24.250772,-2.6096594,Ground Pass,,3263.0,Craig Cathcart,False,False,left_to_right,False,47.4,41.5,26.5,29.2,False,False,False,False
2e351d26-5c4e-4de4-bdca-96680c0e261c,3754266,2212,2,00:26:20.936,71,20,42,Ball Receipt*,150,23,Watford,From Kick Off,23,Watford,3263.0,Craig Cathcart,Left Center Back,26.5,29.2,,,,False,,,,,,,False,,,,,,,False,False,left_to_right,False,26.5,29.2,,,False,False,False,False
fceae7c3-3445-46ff-900a-f10ba83c4247,3754266,2213,2,00:26:24.535,71,24,30,Pass,150,23,Watford,From Kick Off,23,Watford,3263.0,Craig Cathcart,Left Center Back,26.5,29.2,85.9,42.1,2.786622,False,,,,,,,True,60.78462,0.21385099,High Pass,,3454.0,Troy Deeney,False,False,left_to_right,False,26.5,29.2,85.9,42.1,False,True,True,False
80ac7b7d-61e8-4a52-be4c-929f313a94b4,3754266,2214,2,00:26:25.779,71,25,42,Ball Receipt*,150,23,Watford,From Kick Off,23,Watford,3454.0,Troy Deeney,Right Center Forward,84.9,47.9,,,,False,,,,,,,False,,,,,,,False,False,left_to_right,False,84.9,47.9,,,False,False,False,False
aac33a1b-593b-443b-beec-49e6d4f8ae96,3754266,2215,2,00:26:25.779,71,25,30,Pass,150,23,Watford,From Kick Off,23,Watford,3454.0,Troy Deeney,Right Center Forward,85.9,42.1,98.2,36.4,1.541752,True,,,,,,Incomplete,False,13.556548,-0.43395337,Low Pass,,,,False,False,left_to_right,False,85.9,42.1,98.2,36.4,False,True,False,True
ffaf432a-036a-42d9-afc8-3d637b99ffe8,3754266,2216,2,00:26:25.779,71,25,4,Duel,150,23,Watford,From Kick Off,31,Crystal Palace,3407.0,Scott Dann,Right Center Back,34.2,38.0,,,0.0,True,,,,,,,False,,,,,,,False,False,left_to_right,False,34.2,38.0,,,False,False,False,False
f94aeb33-4134-4f23-9dc9-ef6a85dbc30b,3754266,2217,2,00:26:27.321,71,27,9,Clearance,150,23,Watford,From Kick Off,31,Crystal Palace,43695.0,Brede Hangeland,Left Center Back,21.9,43.7,,,0.0,True,,,,,,,False,,,,,,,False,False,left_to_right,False,21.9,43.7,,,False,False,False,False
0a02e810-e7ba-4b5e-b5f7-6a71980b2b09,3754266,2218,2,00:26:36.875,71,36,30,Pass,151,23,Watford,From Throw In,23,Watford,40118.0,Ikechi Anya,Left Back,89.1,0.1,67.5,6.7,2.320023,False,,,,,,,True,22.585836,2.8450468,Low Pass,Throw-in,3263.0,Craig Cathcart,False,False,left_to_right,False,89.1,0.1,67.5,6.7,False,False,False,False
e5e6c7ad-a7e9-42ba-b0f9-2ea2b80f86e1,3754266,2219,2,00:26:39.195,71,39,42,Ball Receipt*,151,23,Watford,From Throw In,23,Watford,3263.0,Craig Cathcart,Left Center Back,67.5,6.7,,,,False,,,,,,,False,,,,,,,False,False,left_to_right,False,67.5,6.7,,,False,False,False,False
8ed38a11-8bf6-4bad-8d10-81eb08e73e60,3754266,2220,2,00:26:39.195,71,39,43,Carry,151,23,Watford,From Throw In,23,Watford,3263.0,Craig Cathcart,Left Center Back,67.5,6.7,63.4,7.3,1.349751,False,,,,,,,False,,,,,,,False,False,left_to_right,False,67.5,6.7,63.4,7.3,False,False,False,False
6e38dc5b-56c9-4749-a229-d6380d5aa12f,3754266,2221,2,00:26:40.545,71,40,30,Pass,151,23,Watford,From Throw In,23,Watford,3263.0,Craig Cathcart,Left Center Back,63.4,7.3,96.5,37.5,2.346573,False,,,,,,,True,44.80681,0.7396166,High Pass,,3454.0,Troy Deeney,False,False,left_to_right,False,63.4,7.3,96.5,37.5,False,True,True,False
34f07bd7-ff3f-45bd-a3fd-6dce058e9837,3754266,2222,2,00:26:42.892,71,42,42,Ball Receipt*,151,23,Watford,From Throw In,23,Watford,3454.0,Troy Deeney,Right Center Forward,96.5,37.5,,,,False,,,,,,,False,,,,,,,False,False,left_to_right,False,96.5,37.5,,,False,False,False,False
ec342942-0d70-4adb-9d70-da36bca7961c,3754266,2223,2,00:26:42.932,71,42,4,Duel,151,23,Watford,From Throw In,31,Crystal Palace,43695.0,Brede Hangeland,Left Center Back,23.3,42.6,,,0.0,True,,,,,,,False,,,,,,,False,False,left_to_right,False,23.3,42.6,,,False,False,False,False
3f659f4b-2460-4a1a-a44d-e5ef45a53f35,3754266,2224,2,00:26:42.932,71,42,30,Pass,151,23,Watford,From Throw In,23,Watford,3454.0,Troy Deeney,Right Center Forward,96.8,37.5,109.2,32.7,1.932436,True,,,,,,,True,13.296617,-0.36933365,High Pass,,5458.0,Odion Jude Ighalo,True,False,left_to_right,False,96.8,37.5,109.2,32.7,False,True,False,False
b5a3c0bd-ae8b-4791-9ec3-37cd2588f266,3754266,2225,2,00:26:44.173,71,44,17,Pressure,151,23,Watford,From Throw In,31,Crystal Palace,3407.0,Scott Dann,Right Center Back,8.8,43.7,,,0.743195,False,,,,,,,False,,,,,,,False,False,left_to_right,False,8.8,43.7,,,False,False,False,False
a7dbe6af-afea-45d0-951c-887e7c09e6d4,3754266,2226,2,00:26:44.864,71,44,42,Ball Receipt*,151,23,Watford,From Throw In,23,Watford,5458.0,Odion Jude Ighalo,Left Center Forward,109.2,32.7,,,,True,,,,,,,False,,,,,,,False,False,left_to_right,False,109.2,32.7,,,False,False,False,False
788512ec-76ad-40ca-ae2f-d9fc39361298,3754266,2227,2,00:26:44.886,71,44,16,Shot,151,23,Watford,From Throw In,23,Watford,5458.0,Odion Jude Ighalo,Left Center Forward,111.9,35.9,113.0,36.1,0.110414,True,0.12208092,Blocked,Left Foot,Half Volley,Open Play,,False,,,,,,,False,False,left_to_right,False,111.9,35.9,113.0,36.1,False,False,False,False
a90f4b51-fde0-401d-820e-74c00a8e28a6,3754266,2228,2,00:26:44.997,71,44,6,Block,151,23,Watford,From Throw In,31,Crystal Palace,3407.0,Scott Dann,Right Center Back,7.1,44.0,,,0.0,False,,,,,,,False,,,,,,,False,False,left_to_right,False,7.1,44.0,,,False,False,False,False
143aabc3-c47f-4fbd-af09-f7946c513e4d,3754266,2229,2,00:26:45.077,71,45,23,Goal Keeper,151,23,Watford,From Throw In,31,Crystal Palace,3488.0,Wayne Hennessey,Goalkeeper,1.4,42.1,,,0.0,False,,,,,,,False,,,,,,,False,False,left_to_right,False,1.4,42.1,,,False,False,False,False
db853899-66d2-4c0a-b3e0-5b565cb39043,3754266,2230,2,00:26:46.577,71,46,17,Pressure,151,23,Watford,From Throw In,23,Watford,7745.0,Steven Berghuis,Right Midfield,104.9,23.0,,,0.335756,False,,,,,,,False,,,,,,,False,False,left_to_right,False,104.9,23.0,,,False,False,False,False
59340cfb-80ed-4c18-9c1e-bf202757a18b,3754266,2231,2,00:26:46.960,71,46,9,Clearance,151,23,Watford,From Throw In,31,Crystal Palace,3448.0,Martin Kelly,Right Back,10.9,60.5,,,0.0,True,,,,,,,False,,,,,,,False,False,left_to_right,False,10.9,60.5,,,False,False,False,False
9f0592bf-1bd4-47a2-86ec-8b61873922f5,3754266,2232,2,00:26:47.267,71,47,6,Block,151,23,Watford,From Throw In,23,Watford,7745.0,Steven Berghuis,Right Midfield,106.7,20.9,,,0.0,False,,,,,,,False,,,,,,,False,False,left_to_right,False,106.7,20.9,,,False,False,False,False
21419221-33c0-4647-b2a1-5055d5af20b6,3754266,2233,2,00:26:48.524,71,48,17,Pressure,151,23,Watford,From Throw In,31,Crystal Palace,3448.0,Martin Kelly,Right Back,5.1,68.6,,,1.636142,False,,,,,,,False,,,,,,,False,False,left_to_right,False,5.1,68.6,,,False,False,False,False
14268492-9e92-4b18-8019-d4c4f2646b49,3754266,2234,2,00:26:49.884,71,49,2,Ball Recovery,151,23,Watford,From Throw In,23,Watford,7745.0,Steven Berghuis,Right Midfield,117.3,5.5,,,0.0,True,,,,,,,False,,,,,,,False,False,left_to_right,False,117.3,5.5,,,False,False,False,False
68edd1c6-6c49-406b-a511-ac5b59d9d1c9,3754266,2235,2,00:26:49.884,71,49,43,Carry,151,23,Watford,From Throw In,23,Watford,7745.0,Steven Berghuis,Right Midfield,117.3,5.5,104.6,1.8,2.229578,True,,,,,,,False,,,,,,,False,False,left_to_right,False,117.3,5.5,104.6,1.8,False,False,False,False
167dc5b9-d747-4af2-a8c1-7d3bb05a5ef4,3754266,2236,2,00:26:50.485,71,50,17,Pressure,151,23,Watford,From Throw In,31,Crystal Palace,3277.0,Yohan Cabaye,Right Defensive Midfield,10.2,72.8,,,1.633027,False,,,,,,,False,,,,,,,False,False,left_to_right,False,10.2,72.8,,,False,False,False,False
fb8f88f1-bf12-45ea-85df-8aca569dad0f,3754266,2237,2,00:26:52.114,71,52,30,Pass,151,23,Watford,From Throw In,23,Watford,7745.0,Steven Berghuis,Right Midfield,104.6,1.8,95.8,3.2,1.050475,True,,,,,,,True,8.910667,2.983824,Ground Pass,,40118.0,Ikechi Anya,False,False,left_to_right,False,104.6,1.8,95.8,3.2,False,False,False,False
fd5bda4d-89b5-4926-a409-0e42fe795c91,3754266,2238,2,00:26:53.164,71,53,42,Ball Receipt*,151,23,Watford,From Throw In,23,Watford,40118.0,Ikechi Anya,Left Back,95.8,3.2,,,,False,,,,,,,False,,,,,,,False,False,left_to_right,False,95.8,3.2,,,False,False,False,False
b7dfe9e0-d281-4f53-95a1-54fbf551da96,3754266,2239,2,00:26:53.164,71,53,43,Carry,151,23,Watford,From Throw In,23,Watford,40118.0,Ikechi Anya,Left Back,95.8,3.2,95.8,3.2,1.040971,False,,,,,,,False,,,,,,,False,False,left_to_right,False,95.8,3.2,95.8,3.2,False,False,False,False
268c4c02-7204-4e85-a150-efca9ed0d67d,3754266,2240,2,00:26:54.205,71,54,30,Pass,151,23,Watford,From Throw In,23,Watford,40118.0,Ikechi Anya,Left Back,95.8,3.2,93.5,20.9,1.007443,False,,,,,,,True,17.84881,1.7000158,Ground Pass,,3721.0,Etienne Capoue,False,False,left_to_right,False,95.8,3.2,93.5,20.9,False,True,False,False
efcfec19-c3da-43c6-8472-4c96ec32857f,3754266,2241,2,00:26:55.213,71,55,42,Ball Receipt*,151,23,Watford,From Throw In,23,Watford,3721.0,Etienne Capoue,Right Center Midfield,93.5,20.9,,,,False,,,,,,,False,,,,,,,False,False,left_to_right,False,93.5,20.9,,,False,False,False,False
dce30562-5156-40b1-b648-b5aee4505de5,3754266,2242,2,00:26:55.213,71,55,43,Carry,151,23,Watford,From Throw In,23,Watford,3721.0,Etienne Capoue,Right Center Midfield,93.5,20.9,92.6,24.1,0.931761,True,,,,,,,False,,,,,,,False,False,left_to_right,False,93.5,20.9,92.6,24.1,False,False,False,False
68052173-5945-498d-ad42-327408be83bd,3754266,2243,2,00:26:55.534,71,55,17,Pressure,151,23,Watford,From Throw In,31,Crystal Palace,19688.0,Jason Puncheon,Right Wing,27.5,53.8,,,0.570847,False,,,,,,,False,,,,,,,False,False,left_to_right,False,27.5,53.8,,,False,False,False,False
67f9e234-4b9c-4dbf-b459-7cecb7cd6d29,3754266,2244,2,00:26:56.145,71,56,14,Dribble,151,23,Watford,From Throw In,23,Watford,3721.0,Etienne Capoue,Right Center Midfield,92.6,24.1,,,0.0,True,,,,,,,False,,,,,,,False,False,left_to_right,False,92.6,24.1,,,False,False,False,False
d621d330-f0c4-4aa4-9cd7-27e429800a50,3754266,2245,2,00:26:56.145,71,56,4,Duel,151,23,Watford,From Throw In,31,Crystal Palace,19688.0,Jason Puncheon,Right Wing,27.5,56.0,,,0.0,True,,,,,,,False,,,,,,,False,False,left_to_right,False,27.5,56.0,,,False,False,False,False
afe7f3e1-5b0f-4a9d-a40d-518cf23a09bd,3754266,2246,2,00:26:57.541,71,57,2,Ball Recovery,151,23,Watford,From Throw In,31,Crystal Palace,3589.0,Yannick Bolasie Yala,Left Wing,31.8,56.9,,,0.0,False,,,,,,,False,,,,,,,False,False,left_to_right,False,31.8,56.9,,,False,False,False,False
a67b42e9-4d5c-46bd-b5ad-d8e0943788e9,3754266,2247,2,00:26:57.541,71,57,43,Carry,151,23,Watford,From Throw In,31,Crystal Palace,3589.0,Yannick Bolasie Yala,Left Wing,31.8,56.9,79.3,57.1,5.284231,False,,,,,,,False,,,,,,,False,False,left_to_right,False,31.8,56.9,79.3,57.1,True,False,False,False
6e1afe8f-a6a1-4d34-8f90-f1db36ac35ea,3754266,2248,2,00:27:02.825,72,2,30,Pass,151,23,Watford,From Throw In,31,Crystal Palace,3589.0,Yannick Bolasie Yala,Left Wing,79.3,57.1,108.2,20.0,2.957922,False,,,,,,,True,47.027863,-0.9090072,Ground Pass,,3507.0,Wilfried Zaha,False,False,left_to_right,False,79.3,57.1,108.2,20.0,False,True,True,False
bdee486a-1d28-4885-bf5e-66e214579105,3754266,2249,2,00:27:05.783,72,5,42,Ball Receipt*,151,23,Watford,From Throw In,31,Crystal Palace,3507.0,Wilfried Zaha,Center Attacking Midfield,108.2,20.0,,,,False,,,,,,,False,,,,,,,False,False,left_to_right,False,108.2,20.0,,,False,False,False,False
f0787a11-5220-4149-ad1d-9beb80aad87e,3754266,2250,2,00:27:05.783,72,5,43,Carry,151,23,Watford,From Throw In,31,Crystal Palace,3507.0,Wilfried Zaha,Center Attacking Midfield,108.2,20.0,108.1,26.6,3.353592,True,,,,,,,False,,,,,,,False,False,left_to_right,False,108.2,20.0,108.1,26.6,False,False,False,False
215d485d-f382-4449-8821-a95fe266b9a2,3754266,2251,2,00:27:07.893,72,7,17,Pressure,151,23,Watford,From Throw In,23,Watford,3991.0,Allan Romeo Nyom,Right Back,4.6,55.0,,,0.961173,False,,,,,,,False,,,,,,,False,False,left_to_right,False,4.6,55.0,,,False,False,False,False
7bdb9448-5508-4af2-9cb2-d1a016d58eee,3754266,2252,2,00:27:09.136,72,9,14,Dribble,151,23,Watford,From Throw In,31,Crystal Palace,3507.0,Wilfried Zaha,Center Attacking Midfield,108.1,26.6,,,0.0,True,,,,,,,False,,,,,,,False,False,left_to_right,False,108.1,26.6,,,False,False,False,False
db79d8b6-43d5-45ff-bbb6-254e0fda20c5,3754266,2253,2,00:27:09.136,72,9,4,Duel,151,23,Watford,From Throw In,23,Watford,3721.0,Etienne Capoue,Right Center Midfield,12.0,53.5,,,0.0,True,,,,,,,False,,,,,,,False,False,left_to_right,False,12.0,53.5,,,False,False,False,False
1ae83aa5-9c52-41f8-a589-1ec2d76373f0,3754266,2254,2,00:27:09.136,72,9,43,Carry,151,23,Watford,From Throw In,23,Watford,3721.0,Etienne Capoue,Right Center Midfield,12.0,53.5,5.0,65.2,5.961075,False,,,,,,,False,,,,,,,False,False,left_to_right,False,12.0,53.5,5.0,65.2,False,False,False,False
9949f3df-337a-473f-9ee7-ba32ee7d1c16,3754266,2255,2,00:27:15.098,72,15,30,Pass,151,23,Watford,From Throw In,23,Watford,3721.0,Etienne Capoue,Right Center Midfield,5.0,65.2,61.3,56.0,2.108322,False,,,,,,Incomplete,False,57.046734,-0.16197866,High Pass,,3454.0,Troy Deeney,False,False,left_to_right,False,5.0,65.2,61.3,56.0,False,True,False,True
bf117edc-71d1-4363-9fd1-1ff1099df95b,3754266,2256,2,00:27:17.206,72,17,42,Ball Receipt*,151,23,Watford,From Throw In,23,Watford,3454.0,Troy Deeney,Right Center Forward,64.5,55.8,,,,False,,,,,,,False,,,,,,,False,False,left_to_right,False,64.5,55.8,,,False,False,False,False
de0b034e-0394-4a11-a059-f638094faf9c,3754266,2257,2,00:27:17.206,72,17,30,Pass,151,23,Watford,From Throw In,31,Crystal Palace,4817.0,Joe Ledley,Left Defensive Midfield,58.8,24.1,62.3,49.5,2.411475,False,,,,,,Incomplete,False,25.640007,1.4338634,Low Pass,Recovery,,,False,False,left_to_right,False,58.8,24.1,62.3,49.5,False,False,False,True
dd79bf1b-8c45-4750-b990-21e9f531f86c,3754266,2258,2,00:27:19.617,72,19,2,Ball Recovery,151,23,Watford,From Throw In,23,Watford,7745.0,Steven Berghuis,Right Midfield,57.8,30.6,,,0.0,False,,,,,,,False,,,,,,,False,False,left_to_right,False,57.8,30.6,,,False,False,False,False
d48c1c12-eb79-4e7a-a94f-515128999e63,3754266,2259,2,00:27:19.617,72,19,43,Carry,151,23,Watford,From Throw In,23,Watford,7745.0,Steven Berghuis,Right Midfield,57.8,30.6,61.7,28.8,1.138404,True,,,,,,,False,,,,,,,False,False,left_to_right,False,57.8,30.6,61.7,28.8,False,False,False,False
52389d82-6167-48b9-8f45-d747007d024e,3754266,2260,2,00:27:20.149,72,20,17,Pressure,151,23,Watford,From Throw In,31,Crystal Palace,3277.0,Yohan Cabaye,Right Defensive Midfield,61.4,44.4,,,0.727898,False,,,,,,,False,,,,,,,False,False,left_to_right,False,61.4,44.4,,,False,False,False,False
a38e4a71-745e-4310-a6e0-be790aa8ee11,3754266,2261,2,00:27:20.756,72,20,30,Pass,151,23,Watford,From Throw In,23,Watford,7745.0,Steven Berghuis,Right Midfield,61.7,28.8,77.4,31.6,1.335891,True,,,,,,Incomplete,False,15.947727,0.1764884,Ground Pass,,5458.0,Odion Jude Ighalo,False,False,left_to_right,False,61.7,28.8,77.4,31.6,False,True,False,True
6535a083-fae4-4bdf-b21c-e3728b24c4e7,3754266,2262,2,00:27:22.092,72,22,42,Ball Receipt*,151,23,Watford,From Throw In,23,Watford,5458.0,Odion Jude Ighalo,Left Center Forward,75.8,30.9,,,,False,,,,,,,False,,,,,,,False,False,left_to_right,False,75.8,30.9,,,False,False,False,False
2019e9fc-cc1d-4c7c-9aa1-380f7888fc19,3754266,2263,2,00:27:22.092,72,22,10,Interception,151,23,Watford,From Throw In,31,Crystal Palace,3407.0,Scott Dann,Right Center Back,42.7,48.5,,,0.0,False,,,,,,,False,,,,,,,False,False,left_to_right,False,42.7,48.5,,,False,False,False,False
aa740e69-f35b-4423-b206-72e799e1a22c,3754266,2264,2,00:27:22.482,72,22,2,Ball Recovery,151,23,Watford,From Throw In,23,Watford,3454.0,Troy Deeney,Right Center Forward,76.3,27.1,,,0.0,False,,,,,,,False,,,,,,,False,False,left_to_right,False,76.3,27.1,,,False,False,False,False
bcc5f354-2c41-464b-8297-b77804e63a50,3754266,2265,2,00:27:22.482,72,22,43,Carry,151,23,Watford,From Throw In,23,Watford,3454.0,Troy Deeney,Right Center Forward,76.3,27.1,79.0,29.9,0.423673,False,,,,,,,False,,,,,,,False,False,left_to_right,False,76.3,27.1,79.0,29.9,False,False,False,False
ec86a865-b116-46c3-8896-66a8f9f6e6bd,3754266,2266,2,00:27:22.905,72,22,3,Dispossessed,151,23,Watford,From Throw In,23,Watford,3454.0,Troy Deeney,Right Center Forward,79.0,29.9,,,0.0,True,,,,,,,False,,,,,,,False,False,left_to_right,False,79.0,29.9,,,False,False,False,True
769805ec-b75d-45bb-84d0-18b80010e1db,3754266,2267,2,00:27:22.905,72,22,4,Duel,151,23,Watford,From Throw In,31,Crystal Palace,3407.0,Scott Dann,Right Center Back,41.1,50.2,,,0.0,True,,,,,,,False,,,,,,,False,False,left_to_right,False,41.1,50.2,,,False,False,False,False
503c554f-efba-43b9-a12d-66810e55b1dd,3754266,2268,2,00:27:24.747,72,24,2,Ball Recovery,151,23,Watford,From Throw In,23,Watford,7745.0,Steven Berghuis,Right Midfield,84.8,9.0,,,0.0,False,,,,,,,False,,,,,,,False,False,left_to_right,False,84.8,9.0,,,False,False,False,False
89d88a21-52d9-4f8b-aa0f-1df2a273ee8e,3754266,2269,2,00:27:24.747,72,24,43,Carry,151,23,Watford,From Throw In,23,Watford,7745.0,Steven Berghuis,Right Midfield,84.8,9.0,97.5,6.4,2.146761,False,,,,,,,False,,,,,,,False,False,left_to_right,False,84.8,9.0,97.5,6.4,False,False,False,False
c518d8b1-651f-49c6-9d44-e9a9333b7b60,3754266,2270,2,00:27:26.894,72,26,30,Pass,151,23,Watford,From Throw In,23,Watford,7745.0,Steven Berghuis,Right Midfield,97.5,6.4,110.2,38.7,1.81943,False,,,,,,Incomplete,False,34.707058,1.1961753,High Pass,,3454.0,Troy Deeney,False,False,left_to_right,False,97.5,6.4,110.2,38.7,False,True,False,True
ceacaf72-2b4e-4d1f-af30-41ec08b9e41c,3754266,2271,2,00:27:28.713,72,28,42,Ball Receipt*,151,23,Watford,From Throw In,23,Watford,3454.0,Troy Deeney,Right Center Forward,111.3,45.4,,,,False,,,,,,,False,,,,,,,False,False,left_to_right,False,111.3,45.4,,,False,False,False,False
390a6c98-3b69-401e-9bec-9d67f052f406,3754266,2272,2,00:27:28.713,72,28,9,Clearance,151,23,Watford,From Throw In,31,Crystal Palace,43695.0,Brede Hangeland,Left Center Back,9.9,41.4,,,0.0,True,,,,,,,False,,,,,,,False,False,left_to_right,False,9.9,41.4,,,False,False,False,False
fd1dcf48-b32d-4592-a62d-70325f10b86a,3754266,2273,2,00:27:33.550,72,33,30,Pass,152,31,Crystal Palace,Regular Play,31,Crystal Palace,4884.0,Pape N''Diaye Souaré,Left Back,12.9,4.1,34.2,6.8,1.210478,False,,,,,,,True,21.470446,0.1260881,Ground Pass,Recovery,3507.0,Wilfried Zaha,False,False,left_to_right,False,12.9,4.1,34.2,6.8,False,False,False,False
7e1d60ea-4abc-4185-9f3f-ae8ce7e12951,3754266,2274,2,00:27:34.699,72,34,17,Pressure,152,31,Crystal Palace,Regular Play,23,Watford,3991.0,Allan Romeo Nyom,Right Back,83.6,73.9,,,1.99809,False,,,,,,,False,,,,,,,False,False,left_to_right,False,83.6,73.9,,,False,False,False,False
cab78fd2-5fe2-42fe-b000-10aafc4add26,3754266,2275,2,00:27:34.760,72,34,42,Ball Receipt*,152,31,Crystal Palace,Regular Play,31,Crystal Palace,3507.0,Wilfried Zaha,Center Attacking Midfield,34.2,6.8,,,,True,,,,,,,False,,,,,,,False,False,left_to_right,False,34.2,6.8,,,False,False,False,False
12b7c358-7a39-43bd-b31a-e28fdd559173,3754266,2276,2,00:27:34.760,72,34,43,Carry,152,31,Crystal Palace,Regular Play,31,Crystal Palace,3507.0,Wilfried Zaha,Center Attacking Midfield,34.2,6.8,29.5,10.5,2.019605,True,,,,,,,False,,,,,,,False,False,left_to_right,False,34.2,6.8,29.5,10.5,False,False,False,False
231a3e50-cbba-476a-8d1a-942895f20953,3754266,2277,2,00:27:36.780,72,36,30,Pass,152,31,Crystal Palace,Regular Play,31,Crystal Palace,3507.0,Wilfried Zaha,Center Attacking Midfield,29.5,10.5,21.9,20.0,0.742386,False,,,,,,,True,12.165936,2.2455373,Ground Pass,,4817.0,Joe Ledley,False,False,left_to_right,False,29.5,10.5,21.9,20.0,False,False,False,False
291d2a8c-555c-4f3c-beea-644fcf7d5b66,3754266,2278,2,00:27:37.522,72,37,42,Ball Receipt*,152,31,Crystal Palace,Regular Play,31,Crystal Palace,4817.0,Joe Ledley,Left Defensive Midfield,21.9,20.0,,,,False,,,,,,,False,,,,,,,False,False,left_to_right,False,21.9,20.0,,,False,False,False,False
8eee1259-7ef2-4ba6-a49d-dc644ab37ff7,3754266,2279,2,00:27:37.522,72,37,43,Carry,152,31,Crystal Palace,Regular Play,31,Crystal Palace,4817.0,Joe Ledley,Left Defensive Midfield,21.9,20.0,21.9,20.0,0.661995,False,,,,,,,False,,,,,,,False,False,left_to_right,False,21.9,20.0,21.9,20.0,False,False,False,False
2b599052-0366-46fc-9ba3-280bed1d8bbb,3754266,2280,2,00:27:38.184,72,38,30,Pass,152,31,Crystal Palace,Regular Play,31,Crystal Palace,4817.0,Joe Ledley,Left Defensive Midfield,21.9,20.0,9.3,8.4,1.173073,False,,,,,,,True,17.126587,-2.3974934,Ground Pass,,4884.0,Pape N''Diaye Souaré,False,False,left_to_right,False,21.9,20.0,9.3,8.4,False,False,False,False
c57719ab-2dae-424d-8260-9b5724d7aa78,3754266,2281,2,00:27:39.357,72,39,42,Ball Receipt*,152,31,Crystal Palace,Regular Play,31,Crystal Palace,4884.0,Pape N''Diaye Souaré,Left Back,9.3,8.4,,,,False,,,,,,,False,,,,,,,False,False,left_to_right,False,9.3,8.4,,,False,False,False,False
01eb2f63-7341-42bb-b9d7-c6aebc70ea09,3754266,2282,2,00:27:39.357,72,39,43,Carry,152,31,Crystal Palace,Regular Play,31,Crystal Palace,4884.0,Pape N''Diaye Souaré,Left Back,9.3,8.4,9.3,8.4,1.841519,False,,,,,,,False,,,,,,,False,False,left_to_right,False,9.3,8.4,9.3,8.4,False,False,False,False
6254b64e-b861-459c-942a-c9d251cab344,3754266,2283,2,00:27:41.199,72,41,30,Pass,152,31,Crystal Palace,Regular Play,31,Crystal Palace,4884.0,Pape N''Diaye Souaré,Left Back,9.3,8.4,67.8,19.1,3.601559,False,,,,,,Incomplete,False,59.470497,0.1809063,High Pass,,,,False,False,left_to_right,False,9.3,8.4,67.8,19.1,False,True,False,True
5a265ea4-b392-49c8-ac98-29a9c0d7cc9c,3754266,2284,2,00:27:44.800,72,44,2,Ball Recovery,153,23,Watford,Regular Play,23,Watford,3263.0,Craig Cathcart,Left Center Back,52.3,61.0,,,0.0,False,,,,,,,False,,,,,,,False,False,left_to_right,False,52.3,61.0,,,False,False,False,False
62e1bd7c-0e65-40c6-8c76-3e5c95c44289,3754266,2285,2,00:27:44.800,72,44,43,Carry,153,23,Watford,Regular Play,23,Watford,3263.0,Craig Cathcart,Left Center Back,52.3,61.0,54.1,33.6,3.990857,False,,,,,,,False,,,,,,,False,False,left_to_right,False,52.3,61.0,54.1,33.6,False,False,False,False
2505a915-1782-4082-bf8d-970aff7dd55e,3754266,2286,2,00:27:48.791,72,48,30,Pass,153,23,Watford,Regular Play,23,Watford,3263.0,Craig Cathcart,Left Center Back,54.1,33.6,65.0,39.2,1.063935,False,,,,,,,True,12.254387,0.47459608,Ground Pass,,3626.0,Ben Watson,False,False,left_to_right,False,54.1,33.6,65.0,39.2,False,False,False,False
f4ce6026-59db-4709-9917-ab600f0dc125,3754266,2287,2,00:27:49.855,72,49,42,Ball Receipt*,153,23,Watford,Regular Play,23,Watford,3626.0,Ben Watson,Left Center Midfield,65.0,39.2,,,,False,,,,,,,False,,,,,,,False,False,left_to_right,False,65.0,39.2,,,False,False,False,False
a7c4476d-72a2-4300-96cd-f3858205ee6b,3754266,2288,2,00:27:49.855,72,49,43,Carry,153,23,Watford,Regular Play,23,Watford,3626.0,Ben Watson,Left Center Midfield,65.0,39.2,66.3,39.2,2.328789,True,,,,,,,False,,,,,,,False,False,left_to_right,False,65.0,39.2,66.3,39.2,False,False,False,False
2f4b326d-c4bc-4ba0-b616-8578a846c708,3754266,2289,2,00:27:51.552,72,51,17,Pressure,153,23,Watford,Regular Play,31,Crystal Palace,19688.0,Jason Puncheon,Right Wing,45.2,33.8,,,0.587389,False,,,,,,,False,,,,,,,False,False,left_to_right,False,45.2,33.8,,,False,False,False,False
9b2b814b-a6a9-43dc-ab19-af55bf7227a7,3754266,2290,2,00:27:52.184,72,52,30,Pass,153,23,Watford,Regular Play,23,Watford,3626.0,Ben Watson,Left Center Midfield,66.3,39.2,63.6,53.0,0.923813,False,,,,,,,True,14.06165,1.7640078,Ground Pass,,3309.0,Sebastian Prödl,False,False,left_to_right,False,66.3,39.2,63.6,53.0,False,False,False,False
112a2e53-73aa-41b4-a913-c56750ee89d8,3754266,2291,2,00:27:53.108,72,53,42,Ball Receipt*,153,23,Watford,Regular Play,23,Watford,3309.0,Sebastian Prödl,Right Center Back,63.6,53.0,,,,False,,,,,,,False,,,,,,,False,False,left_to_right,False,63.6,53.0,,,False,False,False,False
80f63ab6-5a12-45e4-8e46-a0a1681d05e6,3754266,2292,2,00:27:53.108,72,53,43,Carry,153,23,Watford,Regular Play,23,Watford,3309.0,Sebastian Prödl,Right Center Back,63.6,53.0,63.6,53.0,0.973648,False,,,,,,,False,,,,,,,False,False,left_to_right,False,63.6,53.0,63.6,53.0,False,False,False,False
8b7890a7-a6cc-4578-b8cd-b1247b9ba51c,3754266,2293,2,00:27:54.082,72,54,30,Pass,153,23,Watford,Regular Play,23,Watford,3309.0,Sebastian Prödl,Right Center Back,63.6,53.0,63.1,26.3,1.894015,False,,,,,,,True,26.704681,-1.5895207,Ground Pass,,3263.0,Craig Cathcart,False,False,left_to_right,False,63.6,53.0,63.1,26.3,False,False,False,False
dc718cdc-afd8-4e89-a77b-27ebb7068dbd,3754266,2294,2,00:27:55.976,72,55,42,Ball Receipt*,153,23,Watford,Regular Play,23,Watford,3263.0,Craig Cathcart,Left Center Back,63.1,26.3,,,,False,,,,,,,False,,,,,,,False,False,left_to_right,False,63.1,26.3,,,False,False,False,False
b7a106ea-efb4-498e-a709-00f33140ea58,3754266,2295,2,00:27:55.976,72,55,43,Carry,153,23,Watford,Regular Play,23,Watford,3263.0,Craig Cathcart,Left Center Back,63.1,26.3,62.9,23.0,0.719015,False,,,,,,,False,,,,,,,False,False,left_to_right,False,63.1,26.3,62.9,23.0,False,False,False,False
37cdb4ac-d396-4f34-9537-e771b8dd8691,3754266,2296,2,00:27:56.695,72,56,30,Pass,153,23,Watford,Regular Play,23,Watford,3263.0,Craig Cathcart,Left Center Back,62.9,23.0,84.5,3.9,1.629346,False,,,,,,,True,28.833487,-0.72405016,Ground Pass,,40118.0,Ikechi Anya,False,False,left_to_right,False,62.9,23.0,84.5,3.9,False,False,True,False
eabd6ccb-ecab-4443-aaeb-78fac5546f77,3754266,2297,2,00:27:58.324,72,58,42,Ball Receipt*,153,23,Watford,Regular Play,23,Watford,40118.0,Ikechi Anya,Left Back,84.5,3.9,,,,False,,,,,,,False,,,,,,,False,False,left_to_right,False,84.5,3.9,,,False,False,False,False
8ff5af29-eebc-4110-a331-2c9f765b44b8,3754266,2298,2,00:27:58.324,72,58,43,Carry,153,23,Watford,Regular Play,23,Watford,40118.0,Ikechi Anya,Left Back,84.5,3.9,79.5,19.6,7.606478,False,,,,,,,False,,,,,,,False,False,left_to_right,False,84.5,3.9,79.5,19.6,False,False,False,False
ccc1f8ee-071e-45a4-970c-f74f1d13085a,3754266,2299,2,00:28:05.930,73,5,30,Pass,153,23,Watford,Regular Play,23,Watford,40118.0,Ikechi Anya,Left Back,79.5,19.6,69.4,29.4,1.738757,False,,,,,,,True,14.073024,2.3712687,Ground Pass,,3626.0,Ben Watson,False,False,left_to_right,False,79.5,19.6,69.4,29.4,False,False,False,False
fac444c2-32dd-46ea-911f-26f35c99880d,3754266,2300,2,00:28:07.669,73,7,42,Ball Receipt*,153,23,Watford,Regular Play,23,Watford,3626.0,Ben Watson,Left Center Midfield,69.4,29.4,,,,False,,,,,,,False,,,,,,,False,False,left_to_right,False,69.4,29.4,,,False,False,False,False
c7ad42f3-735a-474d-a425-fec20b8c9672,3754266,2301,2,00:28:07.669,73,7,43,Carry,153,23,Watford,Regular Play,23,Watford,3626.0,Ben Watson,Left Center Midfield,69.4,29.4,70.0,29.4,0.072051,False,,,,,,,False,,,,,,,False,False,left_to_right,False,69.4,29.4,70.0,29.4,False,False,False,False
90dd4331-fc80-4b92-98ef-b1d357d80a62,3754266,2302,2,00:28:07.741,73,7,30,Pass,153,23,Watford,Regular Play,23,Watford,3626.0,Ben Watson,Left Center Midfield,70.0,29.4,79.2,40.3,1.171336,False,,,,,,,True,14.26359,0.86977446,Ground Pass,,6870.0,José Manuel Jurado Marín,False,False,left_to_right,False,70.0,29.4,79.2,40.3,False,False,False,False
53e8878c-aa6c-42d7-af6f-ee677f923a0d,3754266,2303,2,00:28:08.913,73,8,42,Ball Receipt*,153,23,Watford,Regular Play,23,Watford,6870.0,José Manuel Jurado Marín,Left Midfield,79.2,40.3,,,,False,,,,,,,False,,,,,,,False,False,left_to_right,False,79.2,40.3,,,False,False,False,False
ca9d9d67-4e76-48f2-bd83-5d80804f9ac4,3754266,2304,2,00:28:08.913,73,8,43,Carry,153,23,Watford,Regular Play,23,Watford,6870.0,José Manuel Jurado Marín,Left Midfield,79.2,40.3,77.9,38.7,1.356654,True,,,,,,,False,,,,,,,False,False,left_to_right,False,79.2,40.3,77.9,38.7,False,False,False,False
0aecf858-7d0e-4ae4-88ff-8d04c2bd0625,3754266,2305,2,00:28:09.782,73,9,17,Pressure,153,23,Watford,Regular Play,31,Crystal Palace,4817.0,Joe Ledley,Left Defensive Midfield,39.9,35.2,,,0.526855,False,,,,,,,False,,,,,,,False,False,left_to_right,False,39.9,35.2,,,False,False,False,False
748c10e9-aa5c-4c12-bb34-49afd2f216a6,3754266,2306,2,00:28:10.269,73,10,30,Pass,153,23,Watford,Regular Play,23,Watford,6870.0,José Manuel Jurado Marín,Left Midfield,77.9,38.7,93.1,31.8,0.955266,True,,,,,,,True,16.692812,-0.4261317,Low Pass,,5458.0,Odion Jude Ighalo,False,False,left_to_right,False,77.9,38.7,93.1,31.8,False,True,True,False
cfafb830-86f6-4a15-be12-cacb27455fe2,3754266,2307,2,00:28:11.224,73,11,42,Ball Receipt*,153,23,Watford,Regular Play,23,Watford,5458.0,Odion Jude Ighalo,Left Center Forward,93.1,31.8,,,,False,,,,,,,False,,,,,,,False,False,left_to_right,False,93.1,31.8,,,False,False,False,False
c2f14d8a-5eae-4a79-b904-bbd175cf8832,3754266,2308,2,00:28:11.224,73,11,43,Carry,153,23,Watford,Regular Play,23,Watford,5458.0,Odion Jude Ighalo,Left Center Forward,93.1,31.8,92.6,31.1,0.040000003,False,,,,,,,False,,,,,,,False,False,left_to_right,False,93.1,31.8,92.6,31.1,False,False,False,False
3be757f0-c1a5-4a7e-a0b5-4a327e6a3f52,3754266,2309,2,00:28:11.264,73,11,30,Pass,153,23,Watford,Regular Play,23,Watford,5458.0,Odion Jude Ighalo,Left Center Forward,92.6,31.1,91.7,25.1,0.515131,False,,,,,,,True,6.0671244,-1.7196863,Low Pass,,3626.0,Ben Watson,False,False,left_to_right,False,92.6,31.1,91.7,25.1,False,False,False,False
d555ded5-ee4f-4fcc-b18a-9b5a218c8770,3754266,2310,2,00:28:11.780,73,11,42,Ball Receipt*,153,23,Watford,Regular Play,23,Watford,3626.0,Ben Watson,Left Center Midfield,91.7,25.1,,,,False,,,,,,,False,,,,,,,False,False,left_to_right,False,91.7,25.1,,,False,False,False,False
99279d4e-3c46-439d-a913-7eb67e81780c,3754266,2311,2,00:28:11.780,73,11,43,Carry,153,23,Watford,Regular Play,23,Watford,3626.0,Ben Watson,Left Center Midfield,91.7,25.1,92.2,26.5,0.444215,True,,,,,,,False,,,,,,,False,False,left_to_right,False,91.7,25.1,92.2,26.5,False,False,False,False
76655f68-fe3a-4eb5-98f8-f1d54f50a75b,3754266,2312,2,00:28:11.999,73,11,17,Pressure,153,23,Watford,Regular Play,31,Crystal Palace,3277.0,Yohan Cabaye,Right Defensive Midfield,33.0,51.5,,,0.384193,False,,,,,,,False,,,,,,,False,False,left_to_right,False,33.0,51.5,,,False,False,False,False
da78a0e5-7740-4665-81c3-755ea362e380,3754266,2313,2,00:28:12.224,73,12,30,Pass,153,23,Watford,Regular Play,23,Watford,3626.0,Ben Watson,Left Center Midfield,92.2,26.5,97.5,35.5,0.617029,True,,,,,,,True,10.444615,1.0385869,Ground Pass,,5458.0,Odion Jude Ighalo,False,False,left_to_right,False,92.2,26.5,97.5,35.5,False,True,False,False
99cf5939-8d24-44b0-a6ba-7f5605e6250a,3754266,2314,2,00:28:12.841,73,12,42,Ball Receipt*,153,23,Watford,Regular Play,23,Watford,5458.0,Odion Jude Ighalo,Left Center Forward,97.5,35.5,,,,False,,,,,,,False,,,,,,,False,False,left_to_right,False,97.5,35.5,,,False,False,False,False
d69395a6-49ca-4155-8ed5-c6cbc136f8a2,3754266,2315,2,00:28:12.841,73,12,43,Carry,153,23,Watford,Regular Play,23,Watford,5458.0,Odion Jude Ighalo,Left Center Forward,97.5,35.5,102.8,36.9,1.057016,True,,,,,,,False,,,,,,,False,False,left_to_right,False,97.5,35.5,102.8,36.9,False,False,False,False
711a9300-e9d1-4aa4-8a9a-74834eb53ae5,3754266,2316,2,00:28:13.194,73,13,17,Pressure,153,23,Watford,Regular Play,31,Crystal Palace,43695.0,Brede Hangeland,Left Center Back,12.7,41.6,,,0.577148,False,,,,,,,False,,,,,,,False,False,left_to_right,False,12.7,41.6,,,False,False,False,False
f4880006-c7b2-4fd7-bc03-7526687478e0,3754266,2317,2,00:28:13.898,73,13,14,Dribble,153,23,Watford,Regular Play,23,Watford,5458.0,Odion Jude Ighalo,Left Center Forward,102.8,36.9,,,0.0,True,,,,,,,False,,,,,,,False,False,left_to_right,False,102.8,36.9,,,False,False,False,False
2b6b9f76-b26d-4f6c-b29d-1da65b2799ed,3754266,2318,2,00:28:13.898,73,13,4,Duel,154,31,Crystal Palace,Regular Play,31,Crystal Palace,43695.0,Brede Hangeland,Left Center Back,17.3,43.2,,,0.0,True,,,,,,,False,,,,,,,False,False,left_to_right,False,17.3,43.2,,,False,False,False,False
9c8c01df-9c0e-4712-8f4d-4553f323f3a8,3754266,2319,2,00:28:14.764,73,14,9,Clearance,154,31,Crystal Palace,Regular Play,31,Crystal Palace,3407.0,Scott Dann,Right Center Back,16.9,47.7,,,0.0,True,,,,,,,False,,,,,,,False,False,left_to_right,False,16.9,47.7,,,False,False,False,False
ea755099-0b7b-4367-a22a-ae1b0e46f582,3754266,2320,2,00:28:15.204,73,15,6,Block,154,31,Crystal Palace,Regular Play,23,Watford,3454.0,Troy Deeney,Right Center Forward,98.9,38.2,,,0.0,False,,,,,,,False,,,,,,,False,False,left_to_right,False,98.9,38.2,,,False,False,False,False
9b0836d5-e09a-4043-a739-3e1edb7dbe86,3754266,2321,2,00:28:17.794,73,17,2,Ball Recovery,154,31,Crystal Palace,Regular Play,31,Crystal Palace,3488.0,Wayne Hennessey,Goalkeeper,4.6,46.9,,,0.0,False,,,,,,,False,,,,,,,False,False,left_to_right,False,4.6,46.9,,,False,False,False,False
17cfb2e8-0a27-490f-a33b-83c35c6b526b,3754266,2322,2,00:28:17.794,73,17,43,Carry,154,31,Crystal Palace,Regular Play,31,Crystal Palace,3488.0,Wayne Hennessey,Goalkeeper,4.6,46.9,6.3,49.5,17.619942,False,,,,,,,False,,,,,,,False,False,left_to_right,False,4.6,46.9,6.3,49.5,False,False,False,False
8ab52d0f-4e77-434c-a64e-563d9422e0c0,3754266,2323,2,00:28:35.414,73,35,30,Pass,154,31,Crystal Palace,Regular Play,31,Crystal Palace,3488.0,Wayne Hennessey,Goalkeeper,6.3,49.5,90.0,28.7,4.079707,False,,,,,,Unknown,False,86.24575,-0.2435726,High Pass,,,,False,False,left_to_right,False,6.3,49.5,90.0,28.7,False,True,True,True
5042e77d-4acc-46d5-a89b-e46cb26fa1c9,3754266,2324,2,00:28:40.161,73,40,22,Foul Committed,154,31,Crystal Palace,Regular Play,31,Crystal Palace,3092.0,Dwight Gayle,Center Forward,92.9,26.6,,,0.0,False,,,,,,,False,,,,,,,False,False,left_to_right,False,92.9,26.6,,,False,False,False,False
7d748ba8-4df2-4d92-8308-fe205e89bf5f,3754266,2325,2,00:28:40.161,73,40,21,Foul Won,154,31,Crystal Palace,Regular Play,23,Watford,3991.0,Allan Romeo Nyom,Right Back,27.2,53.5,,,0.0,True,,,,,,,False,,,,,,,False,False,left_to_right,False,27.2,53.5,,,False,False,False,False
92823ab6-360e-461c-ae81-3c48a95327aa,3754266,2326,2,00:29:11.417,74,11,19,Substitution,154,31,Crystal Palace,Regular Play,23,Watford,3991.0,Allan Romeo Nyom,Right Back,,,,,0.0,False,,,,,,,False,,,,,,,False,False,left_to_right,False,,,,,False,False,False,False
34ced111-11b7-40bd-a248-b7dac2f55b68,3754266,2327,2,00:29:22.775,74,22,30,Pass,155,23,Watford,From Free Kick,23,Watford,3522.0,Heurelho da Silva Gomes,Goalkeeper,27.8,54.3,75.1,10.3,2.835932,False,,,,,,Incomplete,False,64.601006,-0.7492693,High Pass,Free Kick,,,False,False,left_to_right,False,27.8,54.3,75.1,10.3,False,True,False,True
6d7a5068-b95e-4bc0-9675-6b723d644b03,3754266,2328,2,00:29:25.611,74,25,2,Ball Recovery,155,23,Watford,From Free Kick,31,Crystal Palace,3589.0,Yannick Bolasie Yala,Left Wing,45.0,69.8,,,0.0,False,,,,,,,False,,,,,,,False,False,left_to_right,False,45.0,69.8,,,False,False,False,False
1db487a4-e4a0-437b-8d2a-79e152578e62,3754266,2329,2,00:29:25.611,74,25,43,Carry,155,23,Watford,From Free Kick,31,Crystal Palace,3589.0,Yannick Bolasie Yala,Left Wing,45.0,69.8,50.3,60.2,1.029037,False,,,,,,,False,,,,,,,False,False,left_to_right,False,45.0,69.8,50.3,60.2,False,False,False,False
eddf6b68-4e23-4830-82f8-4e719b918904,3754266,2330,2,00:29:26.640,74,26,16,Shot,155,23,Watford,From Free Kick,31,Crystal Palace,3589.0,Yannick Bolasie Yala,Left Wing,50.3,60.2,106.7,48.7,3.181206,False,0.003677925,Wayward,Right Foot,Half Volley,Open Play,,False,,,,,,,False,False,left_to_right,False,50.3,60.2,106.7,48.7,False,False,False,False
44d1c698-7219-4e15-a059-887955cb0535,3754266,2331,2,00:29:29.821,74,29,23,Goal Keeper,155,23,Watford,From Free Kick,23,Watford,3522.0,Heurelho da Silva Gomes,Goalkeeper,7.6,36.9,,,0.0,False,,,,,,,False,,,,,,,False,False,left_to_right,False,7.6,36.9,,,False,False,False,False
bde96949-6271-406a-ab70-ec5668e6b405,3754266,2332,2,00:29:30.739,74,30,2,Ball Recovery,155,23,Watford,From Free Kick,23,Watford,3522.0,Heurelho da Silva Gomes,Goalkeeper,4.6,30.4,,,0.0,False,,,,,,,False,,,,,,,False,False,left_to_right,False,4.6,30.4,,,False,False,False,False
e674dda6-cd2f-4a4e-8989-9cfe3b7b6557,3754266,2333,2,00:29:30.739,74,30,43,Carry,155,23,Watford,From Free Kick,23,Watford,3522.0,Heurelho da Silva Gomes,Goalkeeper,4.6,30.4,21.8,37.3,7.762646,False,,,,,,,False,,,,,,,False,False,left_to_right,False,4.6,30.4,21.8,37.3,False,False,False,False
6ec60297-7e32-4b35-a2ae-db41840bdf53,3754266,2334,2,00:29:38.501,74,38,30,Pass,155,23,Watford,From Free Kick,23,Watford,3522.0,Heurelho da Silva Gomes,Goalkeeper,21.8,37.3,80.9,31.5,4.153022,False,,,,,,Incomplete,False,59.38392,-0.09782549,High Pass,,3454.0,Troy Deeney,False,False,left_to_right,False,21.8,37.3,80.9,31.5,False,True,True,True
c67027d7-bb43-4e06-8706-dbfe94e1972a,3754266,2335,2,00:29:42.654,74,42,42,Ball Receipt*,155,23,Watford,From Free Kick,23,Watford,3454.0,Troy Deeney,Right Center Forward,78.6,30.1,,,,False,,,,,,,False,,,,,,,False,False,left_to_right,False,78.6,30.1,,,False,False,False,False
3cd99d72-f019-45cd-a052-171ac17336e2,3754266,2336,2,00:29:42.654,74,42,4,Duel,155,23,Watford,From Free Kick,23,Watford,3454.0,Troy Deeney,Right Center Forward,80.9,31.5,,,0.0,True,,,,,,,False,,,,,,,False,False,left_to_right,False,80.9,31.5,,,False,False,False,False
5528ff77-99ba-44d3-847d-5dd0b5a5cb5f,3754266,2337,2,00:29:42.654,74,42,30,Pass,155,23,Watford,From Free Kick,31,Crystal Palace,4817.0,Joe Ledley,Left Defensive Midfield,39.2,48.6,27.9,53.6,1.7,True,,,,,,,True,12.356779,2.7250118,Low Pass,Recovery,3407.0,Scott Dann,False,False,left_to_right,False,39.2,48.6,27.9,53.6,False,False,False,False
8a163c61-3991-414c-9a66-48fd436cb7cf,3754266,2338,2,00:29:44.354,74,44,42,Ball Receipt*,155,23,Watford,From Free Kick,31,Crystal Palace,3407.0,Scott Dann,Right Center Back,27.9,53.6,,,,False,,,,,,,False,,,,,,,False,False,left_to_right,False,27.9,53.6,,,False,False,False,False
120f9d5f-7e33-4b0b-ab0f-527a8c24a4ed,3754266,2339,2,00:29:44.423,74,44,30,Pass,155,23,Watford,From Free Kick,31,Crystal Palace,3407.0,Scott Dann,Right Center Back,27.5,53.6,34.6,57.8,1.74612,True,,,,,,Incomplete,False,8.249243,0.53418255,High Pass,,,,False,False,left_to_right,False,27.5,53.6,34.6,57.8,False,False,False,True
bdc4ce21-1179-4c1a-b45c-0b1fd7d598e0,3754266,2340,2,00:29:44.423,74,44,4,Duel,155,23,Watford,From Free Kick,23,Watford,5458.0,Odion Jude Ighalo,Left Center Forward,92.6,26.5,,,0.0,True,,,,,,,False,,,,,,,False,False,left_to_right,False,92.6,26.5,,,False,False,False,False
9e6892bf-11e6-4d47-b66f-ac63049a3fe6,3754266,2341,2,00:29:46.169,74,46,30,Pass,155,23,Watford,From Free Kick,23,Watford,6870.0,José Manuel Jurado Marín,Left Midfield,85.5,22.3,78.6,22.3,1.432949,False,,,,,,,True,6.9,3.1415927,Low Pass,Recovery,3626.0,Ben Watson,False,False,left_to_right,False,85.5,22.3,78.6,22.3,False,False,False,False
39a04cd3-37a7-4da5-9479-8db61069ca5d,3754266,2342,2,00:29:47.270,74,47,17,Pressure,155,23,Watford,From Free Kick,31,Crystal Palace,3277.0,Yohan Cabaye,Right Defensive Midfield,37.1,57.1,,,0.465877,False,,,,,,,False,,,,,,,False,False,left_to_right,False,37.1,57.1,,,False,False,False,False
691e3272-f4c8-446a-8841-6408af4ba171,3754266,2343,2,00:29:47.602,74,47,42,Ball Receipt*,155,23,Watford,From Free Kick,23,Watford,3626.0,Ben Watson,Left Center Midfield,78.6,22.3,,,,True,,,,,,,False,,,,,,,False,False,left_to_right,False,78.6,22.3,,,False,False,False,False
f50bcdd0-44f9-4161-81a8-15aff30a7dd4,3754266,2344,2,00:29:47.602,74,47,30,Pass,155,23,Watford,From Free Kick,23,Watford,3626.0,Ben Watson,Left Center Midfield,77.9,21.9,54.8,38.0,1.758218,True,,,,,,,True,28.157059,2.5329034,Ground Pass,,3309.0,Sebastian Prödl,False,False,left_to_right,False,77.9,21.9,54.8,38.0,False,False,False,False
323d729a-5056-4244-9adc-052a68590b23,3754266,2345,2,00:29:49.361,74,49,42,Ball Receipt*,155,23,Watford,From Free Kick,23,Watford,3309.0,Sebastian Prödl,Right Center Back,54.8,38.0,,,,False,,,,,,,False,,,,,,,False,False,left_to_right,False,54.8,38.0,,,False,False,False,False
19ecb220-6617-44f1-a4d7-5cfa0ceb5357,3754266,2346,2,00:29:49.361,74,49,43,Carry,155,23,Watford,From Free Kick,23,Watford,3309.0,Sebastian Prödl,Right Center Back,54.8,38.0,63.6,47.4,1.884666,False,,,,,,,False,,,,,,,False,False,left_to_right,False,54.8,38.0,63.6,47.4,False,False,False,False
3c8b20eb-afa0-49a7-aab5-57e16148ee6b,3754266,2347,2,00:29:51.245,74,51,30,Pass,155,23,Watford,From Free Kick,23,Watford,3309.0,Sebastian Prödl,Right Center Back,63.6,47.4,113.8,20.5,4.448782,False,,,,,,,True,56.953053,-0.49191973,High Pass,,6870.0,José Manuel Jurado Marín,False,False,left_to_right,False,63.6,47.4,113.8,20.5,False,True,True,False
f3853531-8143-4ae6-81f5-23e930d39d7f,3754266,2348,2,00:29:55.446,74,55,17,Pressure,155,23,Watford,From Free Kick,31,Crystal Palace,3448.0,Martin Kelly,Right Back,4.7,58.7,,,1.970433,False,,,,,,,False,,,,,,,False,False,left_to_right,False,4.7,58.7,,,False,False,False,False
b6500a72-e2c1-4cb7-84e3-369aecce8f67,3754266,2349,2,00:29:55.694,74,55,42,Ball Receipt*,155,23,Watford,From Free Kick,23,Watford,6870.0,José Manuel Jurado Marín,Left Midfield,113.8,20.5,,,,True,,,,,,,False,,,,,,,False,False,left_to_right,False,113.8,20.5,,,False,False,False,False
c36d241a-56d1-4965-9d55-ed8c51bd76b2,3754266,2350,2,00:29:55.694,74,55,43,Carry,155,23,Watford,From Free Kick,23,Watford,6870.0,José Manuel Jurado Marín,Left Midfield,113.8,20.5,109.0,4.4,5.803335,True,,,,,,,False,,,,,,,False,False,left_to_right,False,113.8,20.5,109.0,4.4,False,False,False,False
d94a350a-a129-40aa-b88e-457c47e9cd27,3754266,2351,2,00:30:01.497,75,1,22,Foul Committed,155,23,Watford,From Free Kick,31,Crystal Palace,3277.0,Yohan Cabaye,Right Defensive Midfield,11.1,75.7,,,0.0,False,,,,,,,False,,,,,,,False,False,left_to_right,False,11.1,75.7,,,False,False,False,False
d1905b13-dc9e-4c75-a240-2ae80ec1c248,3754266,2352,2,00:30:01.497,75,1,21,Foul Won,155,23,Watford,From Free Kick,23,Watford,6870.0,José Manuel Jurado Marín,Left Midfield,109.0,4.4,,,0.0,True,,,,,,,False,,,,,,,False,False,left_to_right,False,109.0,4.4,,,False,False,False,False
9794a584-6796-4d90-bf6f-7d23f99d3e35,3754266,2353,2,00:30:57.619,75,57,30,Pass,156,23,Watford,From Free Kick,23,Watford,7745.0,Steven Berghuis,Right Midfield,109.0,5.0,114.3,21.2,0.404583,False,,,,,,Incomplete,False,17.04494,1.2546116,Low Pass,Free Kick,,,False,False,left_to_right,False,109.0,5.0,114.3,21.2,False,True,False,True
95fdcbaa-2956-412f-8405-2587ad738eff,3754266,2354,2,00:30:58.024,75,58,6,Block,156,23,Watford,From Free Kick,31,Crystal Palace,3589.0,Yannick Bolasie Yala,Left Wing,5.8,58.9,,,0.0,False,,,,,,,False,,,,,,,False,False,left_to_right,False,5.8,58.9,,,False,False,False,False
dd587398-a4a9-4cb3-b498-54278590ae09,3754266,2355,2,00:30:58.657,75,58,2,Ball Recovery,156,23,Watford,From Free Kick,23,Watford,7745.0,Steven Berghuis,Right Midfield,110.2,6.4,,,0.0,False,,,,,,,False,,,,,,,False,False,left_to_right,False,110.2,6.4,,,False,False,False,False
15329753-170c-4c23-83ff-88feef7df76f,3754266,2356,2,00:30:58.657,75,58,43,Carry,156,23,Watford,From Free Kick,23,Watford,7745.0,Steven Berghuis,Right Midfield,110.2,6.4,109.9,3.2,1.616572,True,,,,,,,False,,,,,,,False,False,left_to_right,False,110.2,6.4,109.9,3.2,False,False,False,False
a054a777-7439-4756-85e3-bfd763a1af4a,3754266,2357,2,00:30:59.796,75,59,17,Pressure,156,23,Watford,From Free Kick,31,Crystal Palace,3277.0,Yohan Cabaye,Right Defensive Midfield,6.3,69.1,,,0.524543,False,,,,,,,False,,,,,,,False,False,left_to_right,False,6.3,69.1,,,False,False,False,False
b3aeab2d-3751-4b18-a550-e69ea8b3f532,3754266,2358,2,00:31:00.274,76,0,30,Pass,156,23,Watford,From Free Kick,23,Watford,7745.0,Steven Berghuis,Right Midfield,109.9,3.2,116.6,28.1,0.655464,True,,,,,,Incomplete,False,25.785654,1.3079456,Ground Pass,,,,False,False,left_to_right,False,109.9,3.2,116.6,28.1,False,True,False,True
8cdd24b9-d7ca-493b-a453-87b2447561da,3754266,2359,2,00:31:00.929,76,0,9,Clearance,156,23,Watford,From Free Kick,31,Crystal Palace,4817.0,Joe Ledley,Left Defensive Midfield,3.5,52.0,,,0.0,True,,,,,,,False,,,,,,,False,False,left_to_right,False,3.5,52.0,,,False,False,False,False
10ca790e-085d-489e-9f09-cf6510fec934,3754266,2360,2,00:31:46.399,76,46,19,Substitution,156,23,Watford,From Free Kick,31,Crystal Palace,3277.0,Yohan Cabaye,Right Defensive Midfield,,,,,0.0,False,,,,,,,False,,,,,,,False,False,left_to_right,False,,,,,False,False,False,False
bf7172df-f556-4e24-a2aa-5166f641b9cc,3754266,2361,2,00:31:49.250,76,49,30,Pass,157,23,Watford,From Throw In,23,Watford,40118.0,Ikechi Anya,Left Back,82.2,0.1,109.0,8.0,2.353204,False,,,,,,Incomplete,False,27.940115,0.2866574,High Pass,Throw-in,3454.0,Troy Deeney,False,False,left_to_right,False,82.2,0.1,109.0,8.0,False,True,False,True
f788c01f-ba93-4097-b19d-15e2cbca093a,3754266,2362,2,00:31:51.604,76,51,42,Ball Receipt*,157,23,Watford,From Throw In,23,Watford,3454.0,Troy Deeney,Right Center Forward,110.4,8.0,,,,False,,,,,,,False,,,,,,,False,False,left_to_right,False,110.4,8.0,,,False,False,False,False
3af08afd-69c6-4606-90ab-447802850934,3754266,2363,2,00:31:51.604,76,51,9,Clearance,157,23,Watford,From Throw In,31,Crystal Palace,3448.0,Martin Kelly,Right Back,11.1,72.1,,,0.0,True,,,,,,,False,,,,,,,False,False,left_to_right,False,11.1,72.1,,,False,False,False,False
d2b669b3-4562-4c04-a09b-33b1f807eee2,3754266,2364,2,00:32:04.187,77,4,30,Pass,158,23,Watford,From Throw In,23,Watford,3306.0,Nathan Aké,Right Back,109.0,0.1,112.7,28.8,2.107774,False,,,,,,Incomplete,False,28.93752,1.4425837,High Pass,Throw-in,3454.0,Troy Deeney,False,False,left_to_right,False,109.0,0.1,112.7,28.8,False,True,False,True
1a7de88d-c68e-491a-b443-db56dc203827,3754266,2365,2,00:32:06.295,77,6,42,Ball Receipt*,158,23,Watford,From Throw In,23,Watford,3454.0,Troy Deeney,Right Center Forward,113.1,25.5,,,,False,,,,,,,False,,,,,,,False,False,left_to_right,False,113.1,25.5,,,False,False,False,False
19c6125e-f410-42d3-b254-4784ee75b4a9,3754266,2366,2,00:32:06.295,77,6,4,Duel,158,23,Watford,From Throw In,23,Watford,3454.0,Troy Deeney,Right Center Forward,112.7,28.8,,,0.0,True,,,,,,,False,,,,,,,False,False,left_to_right,False,112.7,28.8,,,False,False,False,False
5662c4c9-93bd-43d0-a76c-0e0466c8fcf7,3754266,2367,2,00:32:06.295,77,6,9,Clearance,158,23,Watford,From Throw In,31,Crystal Palace,3407.0,Scott Dann,Right Center Back,7.4,51.3,,,0.0,True,,,,,,,False,,,,,,,False,False,left_to_right,False,7.4,51.3,,,False,False,False,False
2243de80-c24f-439a-9b6c-bdcb91638438,3754266,2368,2,00:32:08.566,77,8,17,Pressure,158,23,Watford,From Throw In,31,Crystal Palace,19688.0,Jason Puncheon,Right Wing,23.6,75.1,,,0.830872,False,,,,,,,False,,,,,,,False,False,left_to_right,False,23.6,75.1,,,False,False,False,False
fd99d08c-53c0-4fcc-a2f5-27b1e277cc51,3754266,2369,2,00:32:09.026,77,9,17,Pressure,158,23,Watford,From Throw In,31,Crystal Palace,19688.0,Jason Puncheon,Right Wing,24.2,76.7,,,0.584783,False,,,,,,,False,,,,,,,False,False,left_to_right,False,24.2,76.7,,,False,False,False,False
ae89bf93-1d31-43ca-bc4e-a25221b2ad84,3754266,2370,2,00:32:09.529,77,9,2,Ball Recovery,158,23,Watford,From Throw In,23,Watford,3306.0,Nathan Aké,Right Back,99.3,5.0,,,0.0,True,,,,,,,False,,,,,,,False,False,left_to_right,False,99.3,5.0,,,False,False,False,False
5f4e8ef6-a10d-47ec-979f-02dbe8c4779c,3754266,2371,2,00:32:09.529,77,9,43,Carry,158,23,Watford,From Throw In,23,Watford,3306.0,Nathan Aké,Right Back,99.3,5.0,99.8,6.9,1.225947,True,,,,,,,False,,,,,,,False,False,left_to_right,False,99.3,5.0,99.8,6.9,False,False,False,False
81c1bfac-73d5-4801-afda-862745d5e457,3754266,2372,2,00:32:10.755,77,10,30,Pass,158,23,Watford,From Throw In,23,Watford,3306.0,Nathan Aké,Right Back,99.8,6.9,119.6,6.9,3.155294,False,,,,,,Out,False,19.8,0.0,Ground Pass,,,,False,False,left_to_right,False,99.8,6.9,119.6,6.9,False,False,False,True
fcf3b239-f9ec-4b42-91bf-347beeda9fe5,3754266,2373,2,00:32:19.624,77,19,36,Tactical Shift,158,23,Watford,From Throw In,23,Watford,,,,,,,,0.0,False,,,,,,,False,,,,,,,False,False,left_to_right,False,,,,,False,False,False,False
9f93a4e6-fecb-450a-98df-cf5e61b75f84,3754266,2374,2,00:32:38.177,77,38,30,Pass,159,31,Crystal Palace,From Goal Kick,31,Crystal Palace,3488.0,Wayne Hennessey,Goalkeeper,7.0,44.1,85.6,60.6,4.218751,False,,,,,,Incomplete,False,80.3132,0.20691907,High Pass,Goal Kick,,,False,False,left_to_right,False,7.0,44.1,85.6,60.6,False,True,True,True
d15c3e74-1ac1-4577-b6d6-914327768ffd,3754266,2375,2,00:32:42.396,77,42,4,Duel,159,31,Crystal Palace,From Goal Kick,31,Crystal Palace,3092.0,Dwight Gayle,Center Forward,85.6,60.6,,,0.0,True,,,,,,,False,,,,,,,False,False,left_to_right,False,85.6,60.6,,,False,False,False,False
29384286-4b88-4fab-844e-344d7c4ab080,3754266,2376,2,00:32:42.396,77,42,30,Pass,159,31,Crystal Palace,From Goal Kick,23,Watford,3626.0,Ben Watson,Left Center Midfield,34.5,19.5,49.7,16.8,1.677648,True,,,,,,Incomplete,False,15.437941,-0.17579791,High Pass,Recovery,,,False,False,left_to_right,False,34.5,19.5,49.7,16.8,False,False,False,True
e2f746bf-d610-4688-9cdc-ce7f59f7f395,3754266,2377,2,00:32:44.074,77,44,2,Ball Recovery,159,31,Crystal Palace,From Goal Kick,31,Crystal Palace,3464.0,James McArthur,Right Defensive Midfield,70.4,63.3,,,0.0,False,,,,,,,False,,,,,,,False,False,left_to_right,False,70.4,63.3,,,False,False,False,False
64e86bd3-5348-47b0-a58d-b0aab608b35b,3754266,2378,2,00:32:44.074,77,44,43,Carry,159,31,Crystal Palace,From Goal Kick,31,Crystal Palace,3464.0,James McArthur,Right Defensive Midfield,70.4,63.3,75.6,53.0,1.948714,False,,,,,,,False,,,,,,,False,False,left_to_right,False,70.4,63.3,75.6,53.0,False,False,False,False
8d98b343-7da4-47b2-bebc-680e92435f9b,3754266,2379,2,00:32:46.022,77,46,30,Pass,159,31,Crystal Palace,From Goal Kick,31,Crystal Palace,3464.0,James McArthur,Right Defensive Midfield,75.6,53.0,65.1,13.7,1.396335,False,,,,,,,True,40.678497,-1.8318738,Ground Pass,,4884.0,Pape N''Diaye Souaré,False,False,left_to_right,False,75.6,53.0,65.1,13.7,False,False,False,False
8e4b8097-cee4-4193-8ddf-4448115752e2,3754266,2380,2,00:32:47.419,77,47,42,Ball Receipt*,159,31,Crystal Palace,From Goal Kick,31,Crystal Palace,4884.0,Pape N''Diaye Souaré,Left Back,65.1,13.7,,,,False,,,,,,,False,,,,,,,False,False,left_to_right,False,65.1,13.7,,,False,False,False,False
9e3dafdc-6762-4f5a-adc3-76b9fc9a5fef,3754266,2381,2,00:32:47.419,77,47,43,Carry,159,31,Crystal Palace,From Goal Kick,31,Crystal Palace,4884.0,Pape N''Diaye Souaré,Left Back,65.1,13.7,69.9,15.6,1.398276,False,,,,,,,False,,,,,,,False,False,left_to_right,False,65.1,13.7,69.9,15.6,False,False,False,False
63a2c58d-cc16-4953-8685-8f2973bb90c3,3754266,2382,2,00:32:48.817,77,48,30,Pass,159,31,Crystal Palace,From Goal Kick,31,Crystal Palace,4884.0,Pape N''Diaye Souaré,Left Back,69.9,15.6,91.4,9.2,2.090631,False,,,,,,,True,22.432343,-0.28932187,Ground Pass,,3507.0,Wilfried Zaha,False,False,left_to_right,False,69.9,15.6,91.4,9.2,False,False,True,False
4f1c4bee-1f83-4dc4-b043-e2a855753fce,3754266,2383,2,00:32:50.908,77,50,42,Ball Receipt*,159,31,Crystal Palace,From Goal Kick,31,Crystal Palace,3507.0,Wilfried Zaha,Center Attacking Midfield,91.4,9.2,,,,False,,,,,,,False,,,,,,,False,False,left_to_right,False,91.4,9.2,,,False,False,False,False
1bd7aec9-2eed-45ea-9172-90f6b1fb345e,3754266,2384,2,00:32:50.908,77,50,43,Carry,159,31,Crystal Palace,From Goal Kick,31,Crystal Palace,3507.0,Wilfried Zaha,Center Attacking Midfield,91.4,9.2,101.7,13.7,4.283822,True,,,,,,,False,,,,,,,False,False,left_to_right,False,91.4,9.2,101.7,13.7,False,False,False,False
ac819d9e-4d79-40dc-853c-0b5b6505373e,3754266,2385,2,00:32:53.476,77,53,17,Pressure,159,31,Crystal Palace,From Goal Kick,23,Watford,7745.0,Steven Berghuis,Right Midfield,21.2,63.3,,,1.441514,False,,,,,,,False,,,,,,,False,False,left_to_right,False,21.2,63.3,,,False,False,False,False
4d3f515e-42dd-41ce-bdcd-d6f8920d1db5,3754266,2386,2,00:32:55.191,77,55,39,Dribbled Past,159,31,Crystal Palace,From Goal Kick,23,Watford,7745.0,Steven Berghuis,Right Midfield,18.4,66.4,,,0.0,False,,,,,,,False,,,,,,,False,False,left_to_right,False,18.4,66.4,,,False,False,False,False
ce9c2dac-77d6-40c3-b908-b9d691cd3191,3754266,2387,2,00:32:55.191,77,55,14,Dribble,159,31,Crystal Palace,From Goal Kick,31,Crystal Palace,3507.0,Wilfried Zaha,Center Attacking Midfield,101.7,13.7,,,0.0,True,,,,,,,False,,,,,,,False,False,left_to_right,False,101.7,13.7,,,False,False,False,False
78ab817c-6fcc-4ef3-8d91-129650a47efb,3754266,2388,2,00:32:55.191,77,55,43,Carry,159,31,Crystal Palace,From Goal Kick,31,Crystal Palace,3507.0,Wilfried Zaha,Center Attacking Midfield,101.7,13.7,99.2,15.6,0.894836,True,,,,,,,False,,,,,,,False,False,left_to_right,False,101.7,13.7,99.2,15.6,False,False,False,False
24e5a77d-d8be-421f-bcef-4ac6feaaf689,3754266,2389,2,00:32:56.086,77,56,30,Pass,159,31,Crystal Palace,From Goal Kick,31,Crystal Palace,3507.0,Wilfried Zaha,Center Attacking Midfield,99.2,15.6,111.6,55.9,2.173894,False,,,,,,,True,42.16456,1.2722974,High Pass,,3589.0,Yannick Bolasie Yala,False,False,left_to_right,False,99.2,15.6,111.6,55.9,False,True,False,False
ba7ec202-068f-437b-9e39-19a5db5f86f1,3754266,2390,2,00:32:58.260,77,58,42,Ball Receipt*,159,31,Crystal Palace,From Goal Kick,31,Crystal Palace,3589.0,Yannick Bolasie Yala,Left Wing,111.6,55.9,,,,False,,,,,,,False,,,,,,,False,False,left_to_right,False,111.6,55.9,,,False,False,False,False
64194b25-a41f-4844-b802-2eb76c990bb3,3754266,2391,2,00:32:58.268,77,58,4,Duel,159,31,Crystal Palace,From Goal Kick,23,Watford,3306.0,Nathan Aké,Left Back,8.5,24.2,,,0.0,True,,,,,,,False,,,,,,,False,False,left_to_right,False,8.5,24.2,,,False,False,False,False
bf3025a2-d60e-4239-853a-e6a934c77e3a,3754266,2392,2,00:32:58.268,77,58,30,Pass,159,31,Crystal Palace,From Goal Kick,31,Crystal Palace,3589.0,Yannick Bolasie Yala,Left Wing,111.6,55.9,114.6,44.6,0.422197,True,,,,,,,True,11.69145,-1.3112959,Low Pass,,3092.0,Dwight Gayle,True,False,left_to_right,False,111.6,55.9,114.6,44.6,False,True,False,False
30de5fc8-0a30-4df7-8f08-44905bc79457,3754266,2393,2,00:32:58.690,77,58,42,Ball Receipt*,159,31,Crystal Palace,From Goal Kick,31,Crystal Palace,3092.0,Dwight Gayle,Center Forward,114.6,44.6,,,,False,,,,,,,False,,,,,,,False,False,left_to_right,False,114.6,44.6,,,False,False,False,False
3306e085-0611-4ce4-b9bb-e503a1c6382c,3754266,2394,2,00:32:58.694,77,58,16,Shot,159,31,Crystal Palace,From Goal Kick,31,Crystal Palace,3092.0,Dwight Gayle,Center Forward,117.2,45.1,120.0,45.7,0.440404,False,0.17604782,Off T,Right Foot,Normal,Open Play,,False,,,,,,,False,False,left_to_right,False,117.2,45.1,120.0,45.7,False,False,False,False
da5b964e-58ec-4a9b-aa72-62796a5d177a,3754266,2395,2,00:32:59.134,77,59,23,Goal Keeper,159,31,Crystal Palace,From Goal Kick,23,Watford,3522.0,Heurelho da Silva Gomes,Goalkeeper,0.5,36.4,,,0.0,False,,,,,,,False,,,,,,,False,False,left_to_right,False,0.5,36.4,,,False,False,False,False
eb2b9834-ee16-4040-8441-1eb9b1acdbea,3754266,2396,2,00:33:05.892,78,5,30,Pass,160,23,Watford,From Goal Kick,23,Watford,3522.0,Heurelho da Silva Gomes,Goalkeeper,6.0,36.0,27.1,4.6,1.186973,False,,,,,,,True,37.830807,-0.97912806,Ground Pass,Goal Kick,6870.0,José Manuel Jurado Marín,False,False,left_to_right,False,6.0,36.0,27.1,4.6,False,False,False,False
1f62175f-356d-4b93-8ff6-ff08f6dfc5d6,3754266,2397,2,00:33:07.079,78,7,42,Ball Receipt*,160,23,Watford,From Goal Kick,23,Watford,6870.0,José Manuel Jurado Marín,Left Midfield,27.1,4.6,,,,False,,,,,,,False,,,,,,,False,False,left_to_right,False,27.1,4.6,,,False,False,False,False
af466276-8639-4bd5-81a2-3de43219c66c,3754266,2398,2,00:33:07.198,78,7,30,Pass,160,23,Watford,From Goal Kick,23,Watford,6870.0,José Manuel Jurado Marín,Left Midfield,35.0,2.7,71.6,1.4,4.090301,False,,,,,,Incomplete,False,36.62308,-0.0355042,Low Pass,,3306.0,Nathan Aké,False,False,left_to_right,False,35.0,2.7,71.6,1.4,False,True,False,True
5f9e50a2-2769-41ee-9c11-6c81331e7272,3754266,2399,2,00:33:11.289,78,11,42,Ball Receipt*,160,23,Watford,From Goal Kick,23,Watford,3306.0,Nathan Aké,Left Back,64.5,2.3,,,,False,,,,,,,False,,,,,,,False,False,left_to_right,False,64.5,2.3,,,False,False,False,False
5ebf8132-a01c-4bbf-b72e-8def99d9181b,3754266,2400,2,00:33:11.289,78,11,30,Pass,161,31,Crystal Palace,Regular Play,31,Crystal Palace,3407.0,Scott Dann,Right Center Back,48.5,78.7,55.6,66.8,2.132478,False,,,,,,,True,13.857128,-1.032852,Ground Pass,Recovery,4817.0,Joe Ledley,False,False,left_to_right,False,48.5,78.7,55.6,66.8,False,False,False,False
807c4f3c-f835-4a75-bbc5-748fa45c7f40,3754266,2401,2,00:33:13.240,78,13,17,Pressure,161,31,Crystal Palace,Regular Play,23,Watford,3454.0,Troy Deeney,Right Center Forward,58.1,14.3,,,0.399825,False,,,,,,,False,,,,,,,False,False,left_to_right,False,58.1,14.3,,,False,False,False,False
fcd460dd-cb4a-494f-b3fd-0311148cbfe6,3754266,2402,2,00:33:13.421,78,13,42,Ball Receipt*,161,31,Crystal Palace,Regular Play,31,Crystal Palace,4817.0,Joe Ledley,Left Defensive Midfield,55.6,66.8,,,,True,,,,,,,False,,,,,,,False,False,left_to_right,False,55.6,66.8,,,False,False,False,False
0f2a594d-a1f8-4125-a1cd-81f361b7e8cc,3754266,2403,2,00:33:13.421,78,13,43,Carry,161,31,Crystal Palace,Regular Play,31,Crystal Palace,4817.0,Joe Ledley,Left Defensive Midfield,55.6,66.8,57.0,64.7,0.466757,True,,,,,,,False,,,,,,,False,False,left_to_right,False,55.6,66.8,57.0,64.7,False,False,False,False
cc91b6fc-ae61-4a3c-9cf9-bc51c6a4f2ff,3754266,2404,2,00:33:13.888,78,13,39,Dribbled Past,161,31,Crystal Palace,Regular Play,23,Watford,3454.0,Troy Deeney,Right Center Forward,63.1,15.4,,,0.0,False,,,,,,,False,,,,,,,False,False,left_to_right,False,63.1,15.4,,,False,False,False,False
6729ade9-07c5-47c4-9a6c-aec9c2a9212b,3754266,2405,2,00:33:13.888,78,13,14,Dribble,161,31,Crystal Palace,Regular Play,31,Crystal Palace,4817.0,Joe Ledley,Left Defensive Midfield,57.0,64.7,,,0.0,True,,,,,,,False,,,,,,,False,False,left_to_right,False,57.0,64.7,,,False,False,False,False
a8cc5e72-d9b0-4c23-a86a-af30bf1ac6a3,3754266,2406,2,00:33:13.888,78,13,43,Carry,161,31,Crystal Palace,Regular Play,31,Crystal Palace,4817.0,Joe Ledley,Left Defensive Midfield,57.0,64.7,56.0,60.6,0.592409,True,,,,,,,False,,,,,,,False,False,left_to_right,False,57.0,64.7,56.0,60.6,False,False,False,False
bb49ae6d-30c4-48da-8ae2-c324396096c1,3754266,2407,2,00:33:14.292,78,14,17,Pressure,161,31,Crystal Palace,Regular Play,23,Watford,5458.0,Odion Jude Ighalo,Left Center Forward,66.3,24.1,,,0.33646,False,,,,,,,False,,,,,,,False,False,left_to_right,False,66.3,24.1,,,False,False,False,False
0abe4923-89e2-4904-9aea-7ca27d017ec1,3754266,2408,2,00:33:14.480,78,14,30,Pass,161,31,Crystal Palace,Regular Play,31,Crystal Palace,4817.0,Joe Ledley,Left Defensive Midfield,56.0,60.6,34.8,48.5,2.30564,True,,,,,,,True,24.410038,-2.6229546,Ground Pass,,43695.0,Brede Hangeland,False,False,left_to_right,False,56.0,60.6,34.8,48.5,False,False,False,False
6d67c69b-0451-4df3-8de9-039207452067,3754266,2409,2,00:33:16.786,78,16,42,Ball Receipt*,161,31,Crystal Palace,Regular Play,31,Crystal Palace,43695.0,Brede Hangeland,Left Center Back,34.8,48.5,,,,False,,,,,,,False,,,,,,,False,False,left_to_right,False,34.8,48.5,,,False,False,False,False
31e339c6-9d65-45e5-bf0d-de31f8fb4fe6,3754266,2410,2,00:33:16.786,78,16,43,Carry,161,31,Crystal Palace,Regular Play,31,Crystal Palace,43695.0,Brede Hangeland,Left Center Back,34.8,48.5,34.8,48.5,0.079999,False,,,,,,,False,,,,,,,False,False,left_to_right,False,34.8,48.5,34.8,48.5,False,False,False,False
d53dd480-5323-4f37-a9c1-b0b04b915f5b,3754266,2411,2,00:33:16.866,78,16,30,Pass,161,31,Crystal Palace,Regular Play,31,Crystal Palace,43695.0,Brede Hangeland,Left Center Back,34.8,48.5,12.7,46.2,1.762546,False,,,,,,,True,22.21936,-3.0378935,Ground Pass,,3488.0,Wayne Hennessey,False,False,left_to_right,False,34.8,48.5,12.7,46.2,False,False,False,False
d47f0cc9-0009-4312-ae53-ee3c7e94ced5,3754266,2412,2,00:33:18.628,78,18,42,Ball Receipt*,161,31,Crystal Palace,Regular Play,31,Crystal Palace,3488.0,Wayne Hennessey,Goalkeeper,12.7,46.2,,,,False,,,,,,,False,,,,,,,False,False,left_to_right,False,12.7,46.2,,,False,False,False,False
7753ac46-9d3c-4d21-a735-aaceb4dba3af,3754266,2413,2,00:33:18.628,78,18,43,Carry,161,31,Crystal Palace,Regular Play,31,Crystal Palace,3488.0,Wayne Hennessey,Goalkeeper,12.7,46.2,12.7,46.2,0.040000003,False,,,,,,,False,,,,,,,False,False,left_to_right,False,12.7,46.2,12.7,46.2,False,False,False,False
120adc33-bee1-4107-abca-df7198edef84,3754266,2414,2,00:33:18.668,78,18,30,Pass,161,31,Crystal Palace,Regular Play,31,Crystal Palace,3488.0,Wayne Hennessey,Goalkeeper,12.7,46.2,91.1,38.0,4.594583,False,,,,,,,True,78.82766,-0.104212925,High Pass,,19688.0,Jason Puncheon,False,False,left_to_right,False,12.7,46.2,91.1,38.0,False,True,True,False
5a388af3-3c57-48f9-ab8e-7f8ca37919b7,3754266,2415,2,00:33:23.263,78,23,42,Ball Receipt*,161,31,Crystal Palace,Regular Play,31,Crystal Palace,19688.0,Jason Puncheon,Right Wing,91.1,38.0,,,,False,,,,,,,False,,,,,,,False,False,left_to_right,False,91.1,38.0,,,False,False,False,False
f616c655-edb7-43fa-838d-3ae072c915c9,3754266,2416,2,00:33:23.263,78,23,43,Carry,161,31,Crystal Palace,Regular Play,31,Crystal Palace,19688.0,Jason Puncheon,Right Wing,91.1,38.0,90.7,38.2,0.03548,False,,,,,,,False,,,,,,,False,False,left_to_right,False,91.1,38.0,90.7,38.2,False,False,False,False
b3673c8a-8c03-446b-bf67-9c1e49287346,3754266,2417,2,00:33:23.299,78,23,30,Pass,161,31,Crystal Palace,Regular Play,31,Crystal Palace,19688.0,Jason Puncheon,Right Wing,90.7,38.2,85.6,43.2,1.118328,False,,,,,,,True,7.1421285,2.366095,Low Pass,,3092.0,Dwight Gayle,False,False,left_to_right,False,90.7,38.2,85.6,43.2,False,False,False,False
efa2ee13-4c9a-4600-b200-1045234d7179,3754266,2418,2,00:33:24.417,78,24,42,Ball Receipt*,161,31,Crystal Palace,Regular Play,31,Crystal Palace,3092.0,Dwight Gayle,Center Forward,85.6,43.2,,,,False,,,,,,,False,,,,,,,False,False,left_to_right,False,85.6,43.2,,,False,False,False,False
76a73198-a383-4cc9-8127-f7a10921d526,3754266,2419,2,00:33:24.417,78,24,43,Carry,161,31,Crystal Palace,Regular Play,31,Crystal Palace,3092.0,Dwight Gayle,Center Forward,85.6,43.2,94.6,38.6,1.282428,True,,,,,,,False,,,,,,,False,False,left_to_right,False,85.6,43.2,94.6,38.6,True,False,False,False
fc9e648d-6f3d-4c89-921d-9437706b7eb4,3754266,2420,2,00:33:25.035,78,25,17,Pressure,161,31,Crystal Palace,Regular Play,23,Watford,3309.0,Sebastian Prödl,Right Center Back,22.3,45.1,,,0.702748,False,,,,,,,False,,,,,,,False,False,left_to_right,False,22.3,45.1,,,False,False,False,False
5a7e2911-008c-4d42-8398-593672cfc395,3754266,2421,2,00:33:25.699,78,25,22,Foul Committed,161,31,Crystal Palace,Regular Play,23,Watford,3309.0,Sebastian Prödl,Right Center Back,25.5,41.5,,,0.0,False,,,,,,,False,,,,,,,False,False,left_to_right,False,25.5,41.5,,,False,False,False,False
1632ed1d-a9da-47cd-af0f-153cbbd912d0,3754266,2422,2,00:33:25.699,78,25,21,Foul Won,161,31,Crystal Palace,Regular Play,31,Crystal Palace,3092.0,Dwight Gayle,Center Forward,94.6,38.6,,,0.0,True,,,,,,,False,,,,,,,False,False,left_to_right,False,94.6,38.6,,,False,False,False,False
1f189522-bd28-4254-940b-1d0c248504e7,3754266,2423,2,00:34:28.256,79,28,16,Shot,162,31,Crystal Palace,From Free Kick,31,Crystal Palace,19688.0,Jason Puncheon,Right Wing,96.7,37.7,119.3,38.8,1.06218,False,0.07929891,Saved,Left Foot,Normal,Free Kick,,False,,,,,,,False,False,left_to_right,False,96.7,37.7,119.3,38.8,False,False,False,False
0d37f298-c766-4e4e-b6d1-82b4c54ac829,3754266,2424,2,00:34:29.319,79,29,23,Goal Keeper,162,31,Crystal Palace,From Free Kick,23,Watford,3522.0,Heurelho da Silva Gomes,Goalkeeper,0.8,38.1,,,0.0,False,,,,,,,False,,,,,,,False,False,left_to_right,False,0.8,38.1,,,False,False,False,False
9da7dfdf-6a49-4254-a137-aa87158243fb,3754266,2425,2,00:34:42.392,79,42,30,Pass,163,23,Watford,From Keeper,23,Watford,3522.0,Heurelho da Silva Gomes,Goalkeeper,16.3,46.8,79.2,43.1,2.601134,False,,,,,,,True,63.008728,-0.058755822,High Pass,,3454.0,Troy Deeney,False,False,left_to_right,False,16.3,46.8,79.2,43.1,False,True,False,False
572cba8f-fcf5-44c7-a174-89083760f819,3754266,2426,2,00:34:44.993,79,44,42,Ball Receipt*,163,23,Watford,From Keeper,23,Watford,3454.0,Troy Deeney,Right Center Forward,79.2,43.1,,,,False,,,,,,,False,,,,,,,False,False,left_to_right,False,79.2,43.1,,,False,False,False,False
14ea92fb-ed42-463c-9e73-27318296ee04,3754266,2427,2,00:34:44.993,79,44,30,Pass,164,23,Watford,Regular Play,23,Watford,3454.0,Troy Deeney,Right Center Forward,78.6,43.3,87.1,59.4,1.796311,True,,,,,,Incomplete,False,18.206043,1.0850393,Low Pass,,7745.0,Steven Berghuis,False,False,left_to_right,False,78.6,43.3,87.1,59.4,False,False,True,True
1fc7362b-790c-4f17-9e02-66835cba82b6,3754266,2428,2,00:34:44.993,79,44,4,Duel,164,23,Watford,Regular Play,31,Crystal Palace,3464.0,James McArthur,Right Defensive Midfield,41.5,36.8,,,0.0,True,,,,,,,False,,,,,,,False,False,left_to_right,False,41.5,36.8,,,False,False,False,False
269e5047-2d2d-4f80-a4c8-63cf3c7ccc1e,3754266,2429,2,00:34:46.790,79,46,42,Ball Receipt*,164,23,Watford,Regular Play,23,Watford,7745.0,Steven Berghuis,Right Midfield,80.7,60.1,,,,False,,,,,,,False,,,,,,,False,False,left_to_right,False,80.7,60.1,,,False,False,False,False
f2dc7fae-4e0b-4cfe-b94a-772249362dba,3754266,2430,2,00:34:46.790,79,46,30,Pass,164,23,Watford,Regular Play,31,Crystal Palace,4884.0,Pape N''Diaye Souaré,Left Back,33.0,20.7,65.8,37.5,3.743665,False,,,,,,Incomplete,False,36.85214,0.47335604,High Pass,Recovery,,,False,False,left_to_right,False,33.0,20.7,65.8,37.5,False,True,False,True
203c82e1-e35f-437a-b09f-8a4d0f360c97,3754266,2431,2,00:34:50.533,79,50,30,Pass,164,23,Watford,Regular Play,23,Watford,3309.0,Sebastian Prödl,Right Center Back,54.3,42.6,66.4,42.1,1.736759,True,,,,,,Incomplete,False,12.110326,-0.041298818,High Pass,Recovery,,,False,False,left_to_right,False,54.3,42.6,66.4,42.1,False,False,False,True
e708e575-2014-4580-bf7f-f3df89c7f805,3754266,2432,2,00:34:50.533,79,50,4,Duel,164,23,Watford,Regular Play,31,Crystal Palace,19688.0,Jason Puncheon,Right Wing,65.8,37.5,,,0.0,True,,,,,,,False,,,,,,,False,False,left_to_right,False,65.8,37.5,,,False,False,False,False
18878233-d9e3-4940-88e0-38cd47d50a8a,3754266,2433,2,00:34:52.270,79,52,30,Pass,165,31,Crystal Palace,Regular Play,31,Crystal Palace,4817.0,Joe Ledley,Left Defensive Midfield,53.7,38.0,64.6,8.4,1.632031,False,,,,,,,True,31.543144,-1.2179625,Low Pass,Recovery,3507.0,Wilfried Zaha,False,False,left_to_right,False,53.7,38.0,64.6,8.4,False,False,False,False
4b91f41b-3d6d-4310-8acc-fbda098185ca,3754266,2434,2,00:34:53.902,79,53,42,Ball Receipt*,165,31,Crystal Palace,Regular Play,31,Crystal Palace,3507.0,Wilfried Zaha,Center Attacking Midfield,64.6,8.4,,,,False,,,,,,,False,,,,,,,False,False,left_to_right,False,64.6,8.4,,,False,False,False,False
1ae031aa-dff3-44ff-88e4-45077fbc629a,3754266,2435,2,00:34:53.902,79,53,43,Carry,165,31,Crystal Palace,Regular Play,31,Crystal Palace,3507.0,Wilfried Zaha,Center Attacking Midfield,64.6,8.4,64.6,8.4,0.018648,False,,,,,,,False,,,,,,,False,False,left_to_right,False,64.6,8.4,64.6,8.4,False,False,False,False
48a6c26d-e53a-4c19-825c-8eb1a1dd66d8,3754266,2436,2,00:34:53.921,79,53,30,Pass,165,31,Crystal Palace,Regular Play,31,Crystal Palace,3507.0,Wilfried Zaha,Center Attacking Midfield,64.6,8.4,79.3,33.4,1.157734,False,,,,,,Incomplete,False,29.001553,1.039247,High Pass,,,,False,False,left_to_right,False,64.6,8.4,79.3,33.4,False,True,False,True
a33a087b-5400-49a0-8834-52fc719fa957,3754266,2437,2,00:34:55.078,79,55,30,Pass,165,31,Crystal Palace,Regular Play,23,Watford,3309.0,Sebastian Prödl,Right Center Back,40.8,46.7,79.5,58.7,2.256504,False,,,,,,Incomplete,False,40.517773,0.3006764,Low Pass,Recovery,5458.0,Odion Jude Ighalo,False,False,left_to_right,False,40.8,46.7,79.5,58.7,False,True,False,True
92acdaee-5f7c-426c-803c-d959f1a96928,3754266,2438,2,00:34:57.335,79,57,42,Ball Receipt*,165,31,Crystal Palace,Regular Play,23,Watford,5458.0,Odion Jude Ighalo,Left Center Forward,76.7,58.1,,,,False,,,,,,,False,,,,,,,False,False,left_to_right,False,76.7,58.1,,,False,False,False,False
9ec957f4-df88-4aa5-98f3-9dd9a8dc97d8,3754266,2439,2,00:34:57.335,79,57,30,Pass,165,31,Crystal Palace,Regular Play,31,Crystal Palace,43695.0,Brede Hangeland,Left Center Back,40.6,21.4,56.7,38.2,1.66379,True,,,,,,Incomplete,False,23.269077,0.80667156,High Pass,Recovery,,,False,False,left_to_right,False,40.6,21.4,56.7,38.2,False,False,False,True
9c5ab6df-c4e1-4ddf-b38d-abaefb307c4b,3754266,2440,2,00:34:57.335,79,57,4,Duel,165,31,Crystal Palace,Regular Play,23,Watford,5458.0,Odion Jude Ighalo,Left Center Forward,79.5,58.7,,,0.0,True,,,,,,,False,,,,,,,False,False,left_to_right,False,79.5,58.7,,,False,False,False,False
ab1fdae5-3fb5-4140-a997-7e13af45ce2a,3754266,2441,2,00:34:58.999,79,58,2,Ball Recovery,166,23,Watford,Regular Play,23,Watford,3626.0,Ben Watson,Left Center Midfield,63.4,41.9,,,0.0,False,,,,,,,False,,,,,,,False,False,left_to_right,False,63.4,41.9,,,False,False,False,False
08ec064b-825b-43a9-a36e-1f8b0a6ca521,3754266,2442,2,00:34:58.999,79,58,43,Carry,166,23,Watford,Regular Play,23,Watford,3626.0,Ben Watson,Left Center Midfield,63.4,41.9,70.5,25.1,3.144657,False,,,,,,,False,,,,,,,False,False,left_to_right,False,63.4,41.9,70.5,25.1,False,False,False,False
85274404-23e5-4f02-b9e7-5f29791b7ad6,3754266,2443,2,00:35:02.143,80,2,30,Pass,166,23,Watford,Regular Play,23,Watford,3626.0,Ben Watson,Left Center Midfield,70.5,25.1,79.2,17.9,0.756827,False,,,,,,,True,11.292918,-0.6913369,Ground Pass,,6870.0,José Manuel Jurado Marín,False,False,left_to_right,False,70.5,25.1,79.2,17.9,False,False,False,False
a971fc51-572d-4cc9-98f9-e4ac88201c56,3754266,2444,2,00:35:02.900,80,2,42,Ball Receipt*,166,23,Watford,Regular Play,23,Watford,6870.0,José Manuel Jurado Marín,Left Midfield,79.2,17.9,,,,False,,,,,,,False,,,,,,,False,False,left_to_right,False,79.2,17.9,,,False,False,False,False
3ad89006-4361-402e-a0d1-f0b7b1ecac8b,3754266,2445,2,00:35:02.900,80,2,30,Pass,166,23,Watford,Regular Play,23,Watford,6870.0,José Manuel Jurado Marín,Left Midfield,79.2,17.9,70.0,15.4,1.000784,False,,,,,,,True,9.533625,-2.8762605,Ground Pass,,3626.0,Ben Watson,False,False,left_to_right,False,79.2,17.9,70.0,15.4,False,False,False,False
68831e3b-eb4d-4146-926f-2e37ba0b9a7d,3754266,2446,2,00:35:03.901,80,3,42,Ball Receipt*,166,23,Watford,Regular Play,23,Watford,3626.0,Ben Watson,Left Center Midfield,70.0,15.4,,,,False,,,,,,,False,,,,,,,False,False,left_to_right,False,70.0,15.4,,,False,False,False,False
7eb0815c-730d-4c1a-87e8-7112a4bef68c,3754266,2447,2,00:35:03.901,80,3,43,Carry,166,23,Watford,Regular Play,23,Watford,3626.0,Ben Watson,Left Center Midfield,70.0,15.4,72.8,14.3,2.532248,True,,,,,,,False,,,,,,,False,False,left_to_right,False,70.0,15.4,72.8,14.3,False,False,False,False
6b8fa7d7-0b0b-487d-a052-d7a986d88a43,3754266,2448,2,00:35:05.362,80,5,17,Pressure,166,23,Watford,Regular Play,31,Crystal Palace,19688.0,Jason Puncheon,Right Wing,47.3,57.6,,,0.722932,False,,,,,,,False,,,,,,,False,False,left_to_right,False,47.3,57.6,,,False,False,False,False
79b9957a-772e-4487-bc64-e76cd140c267,3754266,2449,2,00:35:06.433,80,6,22,Foul Committed,166,23,Watford,Regular Play,31,Crystal Palace,19688.0,Jason Puncheon,Right Wing,47.3,65.8,,,0.0,False,,,,,,,False,,,,,,,False,False,left_to_right,False,47.3,65.8,,,False,False,False,False
02121f99-6675-4fe2-bccf-53d9a868eb73,3754266,2450,2,00:35:06.433,80,6,21,Foul Won,166,23,Watford,Regular Play,23,Watford,3626.0,Ben Watson,Left Center Midfield,72.8,14.3,,,0.0,True,,,,,,,False,,,,,,,False,False,left_to_right,False,72.8,14.3,,,False,False,False,False
f35b66b4-d9d8-4914-a468-941bd70092ae,3754266,2451,2,00:35:30.487,80,30,30,Pass,167,23,Watford,From Free Kick,23,Watford,6870.0,José Manuel Jurado Marín,Left Midfield,72.8,14.3,102.3,40.5,1.822521,False,,,,,,,True,39.45491,0.7262214,High Pass,Free Kick,3309.0,Sebastian Prödl,False,False,left_to_right,False,72.8,14.3,102.3,40.5,False,True,True,False
99f3666c-44ae-4a04-83b0-2ab4ffbfebb1,3754266,2452,2,00:35:32.310,80,32,42,Ball Receipt*,167,23,Watford,From Free Kick,23,Watford,3309.0,Sebastian Prödl,Right Center Back,102.3,40.5,,,,False,,,,,,,False,,,,,,,False,False,left_to_right,False,102.3,40.5,,,False,False,False,False
9275b72f-2f83-4fe5-b1f5-ca92ad7c650d,3754266,2453,2,00:35:32.310,80,32,43,Carry,167,23,Watford,From Free Kick,23,Watford,3309.0,Sebastian Prödl,Right Center Back,102.3,40.5,102.3,40.3,0.04,False,,,,,,,False,,,,,,,False,False,left_to_right,False,102.3,40.5,102.3,40.3,False,False,False,False
275451d0-b099-416e-aa03-1443b33985e3,3754266,2454,2,00:35:32.350,80,32,30,Pass,167,23,Watford,From Free Kick,23,Watford,3309.0,Sebastian Prödl,Right Center Back,102.3,40.3,111.7,53.2,1.844025,False,,,,,,,True,15.961516,0.9410788,Low Pass,,7745.0,Steven Berghuis,False,False,left_to_right,False,102.3,40.3,111.7,53.2,False,False,False,False
ca643451-ed6a-442f-b378-377db69d07a7,3754266,2455,2,00:35:34.194,80,34,42,Ball Receipt*,167,23,Watford,From Free Kick,23,Watford,7745.0,Steven Berghuis,Right Midfield,111.7,53.2,,,,False,,,,,,,False,,,,,,,False,False,left_to_right,False,111.7,53.2,,,False,False,False,False
a2bf8853-a5ca-445f-a71a-c59ecd702f89,3754266,2456,2,00:35:34.194,80,34,43,Carry,167,23,Watford,From Free Kick,23,Watford,7745.0,Steven Berghuis,Right Midfield,111.7,53.2,112.7,55.8,4.048205,False,,,,,,,False,,,,,,,False,False,left_to_right,False,111.7,53.2,112.7,55.8,False,False,False,False
49021f95-4ae9-4d85-8123-a9eda77bc76b,3754266,2457,2,00:35:38.242,80,38,30,Pass,167,23,Watford,From Free Kick,23,Watford,7745.0,Steven Berghuis,Right Midfield,112.7,55.8,109.5,25.8,2.060575,False,,,,,,Incomplete,False,30.170183,-1.6770612,High Pass,,,,False,False,left_to_right,False,112.7,55.8,109.5,25.8,False,False,False,True
5fa35752-0076-4c24-8f9e-f3bd0e14b8f4,3754266,2458,2,00:35:40.303,80,40,9,Clearance,167,23,Watford,From Free Kick,31,Crystal Palace,3589.0,Yannick Bolasie Yala,Left Wing,10.6,54.3,,,0.0,True,,,,,,,False,,,,,,,False,False,left_to_right,False,10.6,54.3,,,False,False,False,False
2ed0845c-892e-426f-b0dc-6ca5d0b81fa7,3754266,2459,2,00:35:42.019,80,42,17,Pressure,167,23,Watford,From Free Kick,31,Crystal Palace,19688.0,Jason Puncheon,Right Wing,33.3,52.9,,,0.909707,False,,,,,,,False,,,,,,,False,False,left_to_right,False,33.3,52.9,,,False,False,False,False
a533877e-477a-4a5c-9dc5-814ce52c6eb0,3754266,2460,2,00:35:42.818,80,42,2,Ball Recovery,167,23,Watford,From Free Kick,23,Watford,6870.0,José Manuel Jurado Marín,Left Midfield,87.1,21.9,,,0.0,True,,,,,,,False,,,,,,,False,False,left_to_right,False,87.1,21.9,,,False,False,False,False
c9eb1c33-849d-4b18-81c4-612c138a15c5,3754266,2461,2,00:35:42.818,80,42,43,Carry,167,23,Watford,From Free Kick,23,Watford,6870.0,José Manuel Jurado Marín,Left Midfield,87.1,21.9,69.3,9.2,2.336877,True,,,,,,,False,,,,,,,False,False,left_to_right,False,87.1,21.9,69.3,9.2,False,False,False,False
d2a7a1e5-ff44-475b-9e14-a0f667f5b885,3754266,2462,2,00:35:44.448,80,44,17,Pressure,167,23,Watford,From Free Kick,31,Crystal Palace,19688.0,Jason Puncheon,Right Wing,42.7,65.6,,,0.813217,False,,,,,,,False,,,,,,,False,False,left_to_right,False,42.7,65.6,,,False,False,False,False
2f0885da-d063-4449-9f46-b98b4d5fea6b,3754266,2463,2,00:35:45.155,80,45,30,Pass,167,23,Watford,From Free Kick,23,Watford,6870.0,José Manuel Jurado Marín,Left Midfield,69.3,9.2,53.7,12.4,1.551475,True,,,,,,,True,15.924824,2.939271,Ground Pass,,3306.0,Nathan Aké,False,False,left_to_right,False,69.3,9.2,53.7,12.4,False,False,False,False
8041a23b-6943-444b-96c2-fbe2f13f5907,3754266,2464,2,00:35:46.707,80,46,42,Ball Receipt*,167,23,Watford,From Free Kick,23,Watford,3306.0,Nathan Aké,Left Back,53.7,12.4,,,,False,,,,,,,False,,,,,,,False,False,left_to_right,False,53.7,12.4,,,False,False,False,False
1419d163-f84e-49d3-b2b7-9a1fabfc64a0,3754266,2465,2,00:35:46.707,80,46,43,Carry,167,23,Watford,From Free Kick,23,Watford,3306.0,Nathan Aké,Left Back,53.7,12.4,59.6,7.8,1.617026,True,,,,,,,False,,,,,,,False,False,left_to_right,False,53.7,12.4,59.6,7.8,False,False,False,False
529d973f-e88e-44ca-9e16-7d9a2c6dd53f,3754266,2466,2,00:35:47.557,80,47,17,Pressure,167,23,Watford,From Free Kick,31,Crystal Palace,3092.0,Dwight Gayle,Center Forward,62.3,66.5,,,0.740638,False,,,,,,,False,,,,,,,False,False,left_to_right,False,62.3,66.5,,,False,False,False,False
0080e3e8-c048-4cad-9085-f78be7f3789a,3754266,2467,2,00:35:48.324,80,48,30,Pass,167,23,Watford,From Free Kick,23,Watford,3306.0,Nathan Aké,Left Back,59.6,7.8,94.7,5.5,1.941592,False,,,,,,,True,35.175274,-0.06543352,High Pass,,3721.0,Etienne Capoue,False,False,left_to_right,False,59.6,7.8,94.7,5.5,False,True,True,False
353e8e1f-9965-4cd4-b1a1-d3284d419132,3754266,2468,2,00:35:50.265,80,50,42,Ball Receipt*,167,23,Watford,From Free Kick,23,Watford,3721.0,Etienne Capoue,Right Center Midfield,94.7,5.5,,,,False,,,,,,,False,,,,,,,False,False,left_to_right,False,94.7,5.5,,,False,False,False,False
48f7ce81-2ec9-4435-a5de-d26ec7391285,3754266,2469,2,00:35:50.265,80,50,43,Carry,167,23,Watford,From Free Kick,23,Watford,3721.0,Etienne Capoue,Right Center Midfield,94.7,5.5,109.0,6.7,9.696909,True,,,,,,,False,,,,,,,False,False,left_to_right,False,94.7,5.5,109.0,6.7,False,False,False,False
6ee3927e-5b0f-4c1c-9cc6-08997ace3ba6,3754266,2470,2,00:35:56.449,80,56,17,Pressure,167,23,Watford,From Free Kick,31,Crystal Palace,3464.0,James McArthur,Right Defensive Midfield,4.7,67.3,,,0.786159,False,,,,,,,False,,,,,,,False,False,left_to_right,False,4.7,67.3,,,False,False,False,False
6635ab1d-2f6d-4578-a2e1-59bb0ad53e8a,3754266,2471,2,00:35:59.962,80,59,30,Pass,167,23,Watford,From Free Kick,23,Watford,3721.0,Etienne Capoue,Right Center Midfield,109.0,6.7,87.6,26.5,1.535727,False,,,,,,,True,29.15476,2.39501,Ground Pass,,3626.0,Ben Watson,False,False,left_to_right,False,109.0,6.7,87.6,26.5,False,False,False,False
140d5e51-3432-43a9-9294-9bba4679e420,3754266,2472,2,00:36:01.498,81,1,42,Ball Receipt*,167,23,Watford,From Free Kick,23,Watford,3626.0,Ben Watson,Left Center Midfield,87.6,26.5,,,,False,,,,,,,False,,,,,,,False,False,left_to_right,False,87.6,26.5,,,False,False,False,False
82c8319b-c502-409a-a6a4-5da4bb0beeb3,3754266,2473,2,00:36:01.498,81,1,30,Pass,167,23,Watford,From Free Kick,23,Watford,3626.0,Ben Watson,Left Center Midfield,87.6,26.5,99.3,29.2,0.798634,False,,,,,,Incomplete,False,12.007498,0.22679885,Ground Pass,,6870.0,José Manuel Jurado Marín,False,False,left_to_right,False,87.6,26.5,99.3,29.2,False,True,False,True
34ce7c48-7263-4aef-9846-f8fc197cde83,3754266,2474,2,00:36:02.297,81,2,42,Ball Receipt*,167,23,Watford,From Free Kick,23,Watford,6870.0,José Manuel Jurado Marín,Left Midfield,98.9,26.5,,,,False,,,,,,,False,,,,,,,False,False,left_to_right,False,98.9,26.5,,,False,False,False,False
a407fda2-3320-4380-9492-b5e0cd23e3f7,3754266,2475,2,00:36:02.297,81,2,30,Pass,168,31,Crystal Palace,Regular Play,31,Crystal Palace,4817.0,Joe Ledley,Left Defensive Midfield,20.8,50.9,49.6,75.5,2.404981,False,,,,,,,True,37.876114,0.70690805,High Pass,Interception,3092.0,Dwight Gayle,False,False,left_to_right,False,20.8,50.9,49.6,75.5,False,False,False,False
46864c0c-14d1-4526-b834-375aee0c60c9,3754266,2476,2,00:36:04.702,81,4,42,Ball Receipt*,168,31,Crystal Palace,Regular Play,31,Crystal Palace,3092.0,Dwight Gayle,Center Forward,49.6,75.5,,,,False,,,,,,,False,,,,,,,False,False,left_to_right,False,49.6,75.5,,,False,False,False,False
945557a9-a931-4444-8348-c737cd0b69bd,3754266,2477,2,00:36:04.702,81,4,43,Carry,168,31,Crystal Palace,Regular Play,31,Crystal Palace,3092.0,Dwight Gayle,Center Forward,49.6,75.5,49.6,75.5,0.517595,False,,,,,,,False,,,,,,,False,False,left_to_right,False,49.6,75.5,49.6,75.5,False,False,False,False
5bc9c879-18d5-49a3-bfd6-0e97bb3c21ef,3754266,2478,2,00:36:05.219,81,5,30,Pass,168,31,Crystal Palace,Regular Play,31,Crystal Palace,3092.0,Dwight Gayle,Center Forward,49.6,75.5,39.7,73.4,1.869077,False,,,,,,,True,10.120276,-2.9325697,Ground Pass,,19688.0,Jason Puncheon,False,False,left_to_right,False,49.6,75.5,39.7,73.4,False,False,False,False
b01437be-dc0b-4982-b6d9-019825e4c415,3754266,2479,2,00:36:07.088,81,7,42,Ball Receipt*,168,31,Crystal Palace,Regular Play,31,Crystal Palace,19688.0,Jason Puncheon,Right Wing,39.7,73.4,,,,False,,,,,,,False,,,,,,,False,False,left_to_right,False,39.7,73.4,,,False,False,False,False
6192f128-2ef9-49e3-b2e0-5afe81a979af,3754266,2480,2,00:36:07.088,81,7,43,Carry,168,31,Crystal Palace,Regular Play,31,Crystal Palace,19688.0,Jason Puncheon,Right Wing,39.7,73.4,48.5,75.7,2.354184,False,,,,,,,False,,,,,,,False,False,left_to_right,False,39.7,73.4,48.5,75.7,False,False,False,False
f1408506-44e2-4f39-a709-ab9e5c5203f7,3754266,2481,2,00:36:09.442,81,9,30,Pass,168,31,Crystal Palace,Regular Play,31,Crystal Palace,19688.0,Jason Puncheon,Right Wing,48.5,75.7,63.7,77.4,0.861513,False,,,,,,,True,15.29477,0.11137924,Ground Pass,,3092.0,Dwight Gayle,False,False,left_to_right,False,48.5,75.7,63.7,77.4,False,False,False,False
6cf01adc-7e3e-4844-88a5-658dfdfa2766,3754266,2482,2,00:36:10.304,81,10,42,Ball Receipt*,168,31,Crystal Palace,Regular Play,31,Crystal Palace,3092.0,Dwight Gayle,Center Forward,63.7,77.4,,,,False,,,,,,,False,,,,,,,False,False,left_to_right,False,63.7,77.4,,,False,False,False,False
21c6e192-ac15-4f1a-a020-260b91e2b4d4,3754266,2483,2,00:36:10.304,81,10,43,Carry,168,31,Crystal Palace,Regular Play,31,Crystal Palace,3092.0,Dwight Gayle,Center Forward,63.7,77.4,64.3,77.9,0.962367,True,,,,,,,False,,,,,,,False,False,left_to_right,False,63.7,77.4,64.3,77.9,False,False,False,False
49f76f98-9b2f-4d3c-836a-de7f056c4dea,3754266,2484,2,00:36:10.652,81,10,17,Pressure,168,31,Crystal Palace,Regular Play,23,Watford,3263.0,Craig Cathcart,Left Center Back,51.3,3.9,,,0.597381,False,,,,,,,False,,,,,,,False,False,left_to_right,False,51.3,3.9,,,False,False,False,False
64f1028d-00a2-40ef-9931-8d695164f16a,3754266,2485,2,00:36:11.266,81,11,22,Foul Committed,168,31,Crystal Palace,Regular Play,23,Watford,3263.0,Craig Cathcart,Left Center Back,55.8,2.2,,,0.0,False,,,,,,,False,,,,,,,False,False,left_to_right,False,55.8,2.2,,,False,False,False,False
6ba67109-5346-4a84-85a4-5b9562cd69ff,3754266,2486,2,00:36:11.266,81,11,21,Foul Won,168,31,Crystal Palace,Regular Play,31,Crystal Palace,3092.0,Dwight Gayle,Center Forward,64.3,77.9,,,0.0,True,,,,,,,False,,,,,,,False,False,left_to_right,False,64.3,77.9,,,False,False,False,False
0d2a7f9d-d734-481c-afff-ace5476816b1,3754266,2487,2,00:36:42.226,81,42,19,Substitution,168,31,Crystal Palace,Regular Play,23,Watford,3626.0,Ben Watson,Left Center Midfield,,,,,0.0,False,,,,,,,False,,,,,,,False,False,left_to_right,False,,,,,False,False,False,False
5039be20-de0f-4490-bfac-5d1b3bcda23a,3754266,2488,2,00:36:53.002,81,53,30,Pass,169,31,Crystal Palace,From Free Kick,31,Crystal Palace,3464.0,James McArthur,Right Defensive Midfield,61.8,77.8,107.3,76.0,3.575946,False,,,,,,Incomplete,False,45.53559,-0.03953982,High Pass,Free Kick,,,False,False,left_to_right,False,61.8,77.8,107.3,76.0,False,True,True,True
9e94dd3c-7065-473a-96ba-30b71c7878a1,3754266,2489,2,00:36:55.874,81,55,17,Pressure,169,31,Crystal Palace,From Free Kick,31,Crystal Palace,19688.0,Jason Puncheon,Right Wing,101.0,74.1,,,0.778465,False,,,,,,,False,,,,,,,False,False,left_to_right,False,101.0,74.1,,,False,False,False,False
7fa1f1bc-67fb-419e-971e-41950e301e04,3754266,2490,2,00:36:56.578,81,56,9,Clearance,169,31,Crystal Palace,From Free Kick,23,Watford,3306.0,Nathan Aké,Left Back,12.8,4.1,,,0.0,True,,,,,,,False,,,,,,,False,False,left_to_right,False,12.8,4.1,,,False,False,False,False
b9b9ecf3-3dda-4e21-81cd-98ea1f8b066a,3754266,2491,2,00:36:56.732,81,56,6,Block,169,31,Crystal Palace,From Free Kick,31,Crystal Palace,19688.0,Jason Puncheon,Right Wing,107.9,76.7,,,0.0,False,,,,,,,False,,,,,,,False,False,left_to_right,False,107.9,76.7,,,False,False,False,False
be8bd3d8-5869-42a7-b68c-5cc9587f3862,3754266,2492,2,00:37:07.524,82,7,30,Pass,170,23,Watford,From Throw In,23,Watford,3306.0,Nathan Aké,Left Back,13.3,0.1,39.2,5.7,2.082526,False,,,,,,Incomplete,False,26.498491,0.21293835,High Pass,Throw-in,,,False,False,left_to_right,False,13.3,0.1,39.2,5.7,False,False,False,True
3063d1d1-8a3b-4089-becc-253c4d0fce72,3754266,2493,2,00:37:09.607,82,9,30,Pass,171,31,Crystal Palace,Regular Play,31,Crystal Palace,3448.0,Martin Kelly,Right Back,80.9,74.4,96.4,74.6,1.227315,False,,,,,,,True,15.50129,0.012902509,Low Pass,Recovery,19688.0,Jason Puncheon,False,False,left_to_right,False,80.9,74.4,96.4,74.6,False,False,False,False
1ee142b5-c4f2-4f5c-800f-8570dabc5ba1,3754266,2494,2,00:37:10.586,82,10,17,Pressure,171,31,Crystal Palace,Regular Play,23,Watford,3306.0,Nathan Aké,Left Back,21.4,5.2,,,0.838855,False,,,,,,,False,,,,,,,False,False,left_to_right,False,21.4,5.2,,,False,False,False,False
66d99355-821c-422f-8239-aea086d7f6e4,3754266,2495,2,00:37:10.834,82,10,42,Ball Receipt*,171,31,Crystal Palace,Regular Play,31,Crystal Palace,19688.0,Jason Puncheon,Right Wing,96.4,74.6,,,,True,,,,,,,False,,,,,,,False,False,left_to_right,False,96.4,74.6,,,False,False,False,False
ee6a511f-d113-4f61-a1f3-af0e963bcfae,3754266,2496,2,00:37:10.834,82,10,43,Carry,171,31,Crystal Palace,Regular Play,31,Crystal Palace,19688.0,Jason Puncheon,Right Wing,96.4,74.6,97.5,73.2,0.877423,True,,,,,,,False,,,,,,,False,False,left_to_right,False,96.4,74.6,97.5,73.2,False,False,False,False
faf88737-1444-4500-bd08-07d9c0313880,3754266,2497,2,00:37:11.711,82,11,22,Foul Committed,171,31,Crystal Palace,Regular Play,23,Watford,3306.0,Nathan Aké,Left Back,22.6,6.9,,,0.0,False,,,,,,,False,,,,,,,False,False,left_to_right,False,22.6,6.9,,,False,False,False,False
3200f423-6438-47b4-8e80-44bb21353243,3754266,2498,2,00:37:11.711,82,11,21,Foul Won,171,31,Crystal Palace,Regular Play,31,Crystal Palace,19688.0,Jason Puncheon,Right Wing,97.5,73.2,,,0.0,True,,,,,,,False,,,,,,,False,False,left_to_right,False,97.5,73.2,,,False,False,False,False
c8649177-5dcb-45e0-bf70-08355678a01d,3754266,2499,2,00:37:43.816,82,43,30,Pass,172,31,Crystal Palace,From Free Kick,31,Crystal Palace,19688.0,Jason Puncheon,Right Wing,97.1,74.4,102.9,75.7,0.789767,False,,,,,,,True,5.9439044,0.22049376,Ground Pass,Free Kick,3589.0,Yannick Bolasie Yala,False,False,left_to_right,False,97.1,74.4,102.9,75.7,False,False,False,False
effa1211-5e67-4873-b4f1-3b6aa9a203ae,3754266,2500,2,00:37:44.606,82,44,42,Ball Receipt*,172,31,Crystal Palace,From Free Kick,31,Crystal Palace,3589.0,Yannick Bolasie Yala,Left Wing,102.9,75.7,,,,False,,,,,,,False,,,,,,,False,False,left_to_right,False,102.9,75.7,,,False,False,False,False
f9b6e6d9-a7c9-4be6-be25-d1a9d06798a5,3754266,2501,2,00:37:44.606,82,44,43,Carry,172,31,Crystal Palace,From Free Kick,31,Crystal Palace,3589.0,Yannick Bolasie Yala,Left Wing,102.9,75.7,102.9,76.0,0.806816,False,,,,,,,False,,,,,,,False,False,left_to_right,False,102.9,75.7,102.9,76.0,False,False,False,False
a448cd04-281a-4c2f-a3b6-e68e15139a80,3754266,2502,2,00:37:45.413,82,45,38,Miscontrol,172,31,Crystal Palace,From Free Kick,31,Crystal Palace,3589.0,Yannick Bolasie Yala,Left Wing,102.9,76.0,,,0.0,False,,,,,,,False,,,,,,,False,False,left_to_right,False,102.9,76.0,,,False,False,False,True
027994be-62ad-4373-a22e-ae673943d87f,3754266,2503,2,00:37:46.754,82,46,17,Pressure,172,31,Crystal Palace,From Free Kick,31,Crystal Palace,3589.0,Yannick Bolasie Yala,Left Wing,114.4,68.8,,,1.08613,False,,,,,,,False,,,,,,,False,False,left_to_right,False,114.4,68.8,,,False,False,False,False
1daad6c8-7e38-4f4d-8917-06021188feb2,3754266,2504,2,00:38:06.182,83,6,30,Pass,173,23,Watford,From Goal Kick,23,Watford,3522.0,Heurelho da Silva Gomes,Goalkeeper,6.0,36.0,63.6,3.9,2.539675,False,,,,,,,True,65.94066,-0.50842416,High Pass,Goal Kick,40453.0,Segundo Víctor Ibarbo Guerrero,False,False,left_to_right,False,6.0,36.0,63.6,3.9,False,True,False,False
8606a19c-3422-4830-95ac-4545b8d78495,3754266,2505,2,00:38:08.721,83,8,42,Ball Receipt*,173,23,Watford,From Goal Kick,23,Watford,40453.0,Segundo Víctor Ibarbo Guerrero,Left Center Midfield,63.6,3.9,,,,False,,,,,,,False,,,,,,,False,False,left_to_right,False,63.6,3.9,,,False,False,False,False
250df882-93d0-444a-a695-b2a9694c3d6b,3754266,2506,2,00:38:08.761,83,8,30,Pass,173,23,Watford,From Goal Kick,23,Watford,40453.0,Segundo Víctor Ibarbo Guerrero,Left Center Midfield,65.7,3.9,77.4,16.8,1.832682,True,,,,,,Incomplete,False,17.41551,0.83414,High Pass,,,,False,False,left_to_right,False,65.7,3.9,77.4,16.8,False,True,False,True
7cc79f84-31d5-46ad-801c-ac2934e4e020,3754266,2507,2,00:38:08.761,83,8,4,Duel,173,23,Watford,From Goal Kick,31,Crystal Palace,3448.0,Martin Kelly,Right Back,54.4,76.2,,,0.0,True,,,,,,,False,,,,,,,False,False,left_to_right,False,54.4,76.2,,,False,False,False,False
a8272eef-d71a-46cd-8222-b108a027c711,3754266,2508,2,00:38:10.594,83,10,30,Pass,173,23,Watford,From Goal Kick,31,Crystal Palace,4817.0,Joe Ledley,Left Defensive Midfield,42.7,63.3,59.0,65.6,1.99567,False,,,,,,Incomplete,False,16.46147,0.14017884,High Pass,Recovery,,,False,False,left_to_right,False,42.7,63.3,59.0,65.6,False,False,False,True
9a0e3455-8058-4565-9b3d-61ba95e7542d,3754266,2509,2,00:38:12.590,83,12,30,Pass,173,23,Watford,From Goal Kick,23,Watford,3721.0,Etienne Capoue,Right Center Midfield,61.1,14.5,77.7,17.9,1.248655,False,,,,,,,True,16.944616,0.20202516,High Pass,Recovery,3454.0,Troy Deeney,False,False,left_to_right,False,61.1,14.5,77.7,17.9,False,True,False,False
d2ce93e7-b6be-40e1-8c3a-f9f34f1c7ac8,3754266,2510,2,00:38:13.838,83,13,42,Ball Receipt*,173,23,Watford,From Goal Kick,23,Watford,3454.0,Troy Deeney,Right Center Forward,77.7,17.9,,,,False,,,,,,,False,,,,,,,False,False,left_to_right,False,77.7,17.9,,,False,False,False,False
77a853d7-d069-4f0f-9d9b-6b197ab72fa8,3754266,2511,2,00:38:13.838,83,13,43,Carry,173,23,Watford,From Goal Kick,23,Watford,3454.0,Troy Deeney,Right Center Forward,77.7,17.9,77.7,17.9,0.081765,False,,,,,,,False,,,,,,,False,False,left_to_right,False,77.7,17.9,77.7,17.9,False,False,False,False
fbafc2f5-5cb3-4744-9218-7251fae201f4,3754266,2512,2,00:38:13.920,83,13,38,Miscontrol,173,23,Watford,From Goal Kick,23,Watford,3454.0,Troy Deeney,Right Center Forward,77.7,17.9,,,0.0,False,,,,,,,False,,,,,,,False,False,left_to_right,False,77.7,17.9,,,False,False,False,True
f39d1e3b-c445-4d28-8afd-133b73f93ad0,3754266,2513,2,00:38:15.380,83,15,2,Ball Recovery,173,23,Watford,From Goal Kick,31,Crystal Palace,4817.0,Joe Ledley,Left Defensive Midfield,49.1,58.9,,,0.0,False,,,,,,,False,,,,,,,False,False,left_to_right,False,49.1,58.9,,,False,False,False,False
19f3d9d9-3d6d-4035-b961-d4dd4c3d4fc3,3754266,2514,2,00:38:15.957,83,15,2,Ball Recovery,173,23,Watford,From Goal Kick,23,Watford,6870.0,José Manuel Jurado Marín,Left Midfield,67.7,21.4,,,0.0,False,,,,,,,False,,,,,,,False,False,left_to_right,False,67.7,21.4,,,False,False,False,False
c61c855e-557d-4a77-9a6f-d1e8c18dabd6,3754266,2515,2,00:38:15.957,83,15,43,Carry,173,23,Watford,From Goal Kick,23,Watford,6870.0,José Manuel Jurado Marín,Left Midfield,67.7,21.4,79.5,14.2,2.503178,False,,,,,,,False,,,,,,,False,False,left_to_right,False,67.7,21.4,79.5,14.2,False,False,False,False
11c01fab-4d7d-4b6f-80b8-2faf681251e3,3754266,2516,2,00:38:18.460,83,18,30,Pass,173,23,Watford,From Goal Kick,23,Watford,6870.0,José Manuel Jurado Marín,Left Midfield,79.5,14.2,85.5,4.1,1.127801,False,,,,,,,True,11.747766,-1.0347563,Ground Pass,,40453.0,Segundo Víctor Ibarbo Guerrero,False,False,left_to_right,False,79.5,14.2,85.5,4.1,False,False,True,False
43b94e71-62b9-459e-9376-b9151051252c,3754266,2517,2,00:38:19.588,83,19,42,Ball Receipt*,173,23,Watford,From Goal Kick,23,Watford,40453.0,Segundo Víctor Ibarbo Guerrero,Left Center Midfield,85.5,4.1,,,,False,,,,,,,False,,,,,,,False,False,left_to_right,False,85.5,4.1,,,False,False,False,False
3f2dbb9d-3076-4dd9-9ae4-fed6862bd2b1,3754266,2518,2,00:38:19.588,83,19,43,Carry,173,23,Watford,From Goal Kick,23,Watford,40453.0,Segundo Víctor Ibarbo Guerrero,Left Center Midfield,85.5,4.1,83.0,9.2,3.996752,True,,,,,,,False,,,,,,,False,False,left_to_right,False,85.5,4.1,83.0,9.2,False,False,False,False
8ebc1e7f-a7cd-4a45-9330-c839a41c2de7,3754266,2519,2,00:38:21.483,83,21,17,Pressure,173,23,Watford,From Goal Kick,31,Crystal Palace,3448.0,Martin Kelly,Right Back,26.6,72.3,,,1.223346,False,,,,,,,False,,,,,,,False,False,left_to_right,False,26.6,72.3,,,False,False,False,False
dde4071d-5240-464e-a3fd-b576540d3db9,3754266,2520,2,00:38:23.585,83,23,30,Pass,173,23,Watford,From Goal Kick,23,Watford,40453.0,Segundo Víctor Ibarbo Guerrero,Left Center Midfield,83.0,9.2,65.2,38.0,3.02045,False,,,,,,,True,33.85676,2.1243863,Ground Pass,,3309.0,Sebastian Prödl,False,False,left_to_right,False,83.0,9.2,65.2,38.0,False,False,False,False
10bca8f6-11c5-47b1-8a3c-fcd814d57c76,3754266,2521,2,00:38:26.605,83,26,42,Ball Receipt*,173,23,Watford,From Goal Kick,23,Watford,3309.0,Sebastian Prödl,Right Center Back,65.2,38.0,,,,False,,,,,,,False,,,,,,,False,False,left_to_right,False,65.2,38.0,,,False,False,False,False
b34484a3-b107-453f-9d30-1895cdcaa977,3754266,2522,2,00:38:26.605,83,26,30,Pass,173,23,Watford,From Goal Kick,23,Watford,3309.0,Sebastian Prödl,Right Center Back,65.2,38.0,65.9,68.6,1.582256,False,,,,,,,True,30.608006,1.5479245,Ground Pass,,40118.0,Ikechi Anya,False,False,left_to_right,False,65.2,38.0,65.9,68.6,False,False,False,False
b16789e2-6166-4e02-aa7a-1319e0141397,3754266,2523,2,00:38:28.188,83,28,42,Ball Receipt*,173,23,Watford,From Goal Kick,23,Watford,40118.0,Ikechi Anya,Right Back,65.9,68.6,,,,False,,,,,,,False,,,,,,,False,False,left_to_right,False,65.9,68.6,,,False,False,False,False
d76bc60e-fe07-480e-b1c0-3e51fe3d6cd1,3754266,2524,2,00:38:28.188,83,28,43,Carry,173,23,Watford,From Goal Kick,23,Watford,40118.0,Ikechi Anya,Right Back,65.9,68.6,65.7,69.6,1.217911,False,,,,,,,False,,,,,,,False,False,left_to_right,False,65.9,68.6,65.7,69.6,False,False,False,False
30c608cf-5714-43d7-a2ee-f72b3ab71d2c,3754266,2525,2,00:38:29.405,83,29,30,Pass,173,23,Watford,From Goal Kick,23,Watford,40118.0,Ikechi Anya,Right Back,65.7,69.6,81.5,73.7,1.244696,False,,,,,,,True,16.323296,0.25389373,Ground Pass,,7745.0,Steven Berghuis,False,False,left_to_right,False,65.7,69.6,81.5,73.7,False,False,True,False
e4769df7-300e-4d0a-8d60-d5097d6080fc,3754266,2526,2,00:38:30.650,83,30,42,Ball Receipt*,173,23,Watford,From Goal Kick,23,Watford,7745.0,Steven Berghuis,Right Midfield,81.5,73.7,,,,False,,,,,,,False,,,,,,,False,False,left_to_right,False,81.5,73.7,,,False,False,False,False
45a5a5fc-fddc-4621-b5e0-a10234cf3e3e,3754266,2527,2,00:38:30.650,83,30,43,Carry,173,23,Watford,From Goal Kick,23,Watford,7745.0,Steven Berghuis,Right Midfield,81.5,73.7,82.0,73.1,1.089033,False,,,,,,,False,,,,,,,False,False,left_to_right,False,81.5,73.7,82.0,73.1,False,False,False,False
e34b847c-63ae-4bc6-a750-55f6863aa3ca,3754266,2528,2,00:38:31.739,83,31,30,Pass,173,23,Watford,From Goal Kick,23,Watford,7745.0,Steven Berghuis,Right Midfield,82.0,73.1,110.8,67.0,3.153619,False,,,,,,Incomplete,False,29.43892,-0.20872086,Ground Pass,,40118.0,Ikechi Anya,False,False,left_to_right,False,82.0,73.1,110.8,67.0,False,True,False,True
6d487cd6-afc3-4076-bcf1-2272fa2f9cb8,3754266,2529,2,00:38:34.893,83,34,42,Ball Receipt*,173,23,Watford,From Goal Kick,23,Watford,40118.0,Ikechi Anya,Right Back,107.6,71.6,,,,False,,,,,,,False,,,,,,,False,False,left_to_right,False,107.6,71.6,,,False,False,False,False
fdc91594-a038-4b08-8a47-bb50d88f84b2,3754266,2530,2,00:38:34.893,83,34,2,Ball Recovery,173,23,Watford,From Goal Kick,31,Crystal Palace,3507.0,Wilfried Zaha,Center Attacking Midfield,9.3,13.1,,,0.0,False,,,,,,,False,,,,,,,False,False,left_to_right,False,9.3,13.1,,,False,False,False,False
0d89e26c-1353-45e1-827a-fcbd596928e2,3754266,2531,2,00:38:34.893,83,34,43,Carry,173,23,Watford,From Goal Kick,31,Crystal Palace,3507.0,Wilfried Zaha,Center Attacking Midfield,9.3,13.1,8.4,5.5,1.020166,True,,,,,,,False,,,,,,,False,False,left_to_right,False,9.3,13.1,8.4,5.5,False,False,False,False
4cee47fa-0531-4c89-af99-37213016eda2,3754266,2532,2,00:38:35.309,83,35,17,Pressure,173,23,Watford,From Goal Kick,23,Watford,40118.0,Ikechi Anya,Right Back,106.7,67.3,,,0.597914,False,,,,,,,False,,,,,,,False,False,left_to_right,False,106.7,67.3,,,False,False,False,False
460be5a9-28c5-481d-8958-38768469b53c,3754266,2533,2,00:38:35.913,83,35,30,Pass,173,23,Watford,From Goal Kick,31,Crystal Palace,3507.0,Wilfried Zaha,Center Attacking Midfield,8.4,5.5,15.5,8.4,0.153776,False,,,,,,Incomplete,False,7.66942,0.38777018,Low Pass,,,,False,False,left_to_right,False,8.4,5.5,15.5,8.4,False,False,False,True
76433642-1abe-4d42-8ba3-6f24905b5903,3754266,2534,2,00:38:36.067,83,36,6,Block,173,23,Watford,From Goal Kick,23,Watford,40118.0,Ikechi Anya,Right Back,104.6,71.7,,,0.0,False,,,,,,,False,,,,,,,False,False,left_to_right,False,104.6,71.7,,,False,False,False,False
4f08620e-1519-433d-92f6-31b613834047,3754266,2535,2,00:38:38.196,83,38,17,Pressure,173,23,Watford,From Goal Kick,31,Crystal Palace,4884.0,Pape N''Diaye Souaré,Left Back,20.6,19.7,,,0.439716,False,,,,,,,False,,,,,,,False,False,left_to_right,False,20.6,19.7,,,False,False,False,False
c00c7256-de62-4bbc-ac5d-7ea629735968,3754266,2536,2,00:38:38.466,83,38,2,Ball Recovery,173,23,Watford,From Goal Kick,23,Watford,7745.0,Steven Berghuis,Right Midfield,95.2,58.7,,,0.0,True,,,,,,,False,,,,,,,False,False,left_to_right,False,95.2,58.7,,,False,False,False,False
9b80eeb1-0a75-4373-8e1f-f373f923e002,3754266,2537,2,00:38:38.466,83,38,43,Carry,173,23,Watford,From Goal Kick,23,Watford,7745.0,Steven Berghuis,Right Midfield,95.2,58.7,95.4,58.1,0.12,True,,,,,,,False,,,,,,,False,False,left_to_right,False,95.2,58.7,95.4,58.1,False,False,False,False
4dc1e587-9ae0-4cf8-b436-ff7085d8313e,3754266,2538,2,00:38:38.586,83,38,30,Pass,173,23,Watford,From Goal Kick,23,Watford,7745.0,Steven Berghuis,Right Midfield,95.4,58.1,109.0,51.8,0.341693,True,,,,,,Incomplete,False,14.988329,-0.43380573,Ground Pass,,5458.0,Odion Jude Ighalo,False,False,left_to_right,False,95.4,58.1,109.0,51.8,False,True,False,True
130cc990-b433-49e7-b9f5-d3b82d249513,3754266,2539,2,00:38:38.928,83,38,42,Ball Receipt*,173,23,Watford,From Goal Kick,23,Watford,5458.0,Odion Jude Ighalo,Left Center Forward,111.5,50.7,,,,False,,,,,,,False,,,,,,,False,False,left_to_right,False,111.5,50.7,,,False,False,False,False
23c50d5e-56a6-49b6-8655-3470fdf9bbf6,3754266,2540,2,00:38:38.928,83,38,10,Interception,173,23,Watford,From Goal Kick,31,Crystal Palace,4817.0,Joe Ledley,Left Defensive Midfield,11.1,28.3,,,0.0,False,,,,,,,False,,,,,,,False,False,left_to_right,False,11.1,28.3,,,False,False,False,False
db9f3264-056d-49e2-bdee-a5b4da591571,3754266,2541,2,00:38:39.490,83,39,2,Ball Recovery,174,31,Crystal Palace,From Counter,31,Crystal Palace,3464.0,James McArthur,Right Defensive Midfield,22.9,32.2,,,0.0,False,,,,,,,False,,,,,,,False,False,left_to_right,False,22.9,32.2,,,False,False,False,False
29be6ab3-8636-4e7a-b44a-b2d5128c50ad,3754266,2542,2,00:38:39.490,83,39,43,Carry,174,31,Crystal Palace,From Counter,31,Crystal Palace,3464.0,James McArthur,Right Defensive Midfield,22.9,32.2,22.9,32.2,1.141183,False,,,,,,,False,,,,,,,False,False,left_to_right,False,22.9,32.2,22.9,32.2,False,False,False,False
6fcb7411-4e32-462f-bc4c-b39285ca764f,3754266,2543,2,00:38:40.631,83,40,30,Pass,174,31,Crystal Palace,From Counter,31,Crystal Palace,3464.0,James McArthur,Right Defensive Midfield,22.9,32.2,42.4,27.1,1.005072,False,,,,,,,True,20.155893,-0.25580856,Ground Pass,,19688.0,Jason Puncheon,False,False,left_to_right,False,22.9,32.2,42.4,27.1,False,False,False,False
aba67ae2-78e9-41a4-97e8-44d919f4e99b,3754266,2544,2,00:38:41.636,83,41,42,Ball Receipt*,174,31,Crystal Palace,From Counter,31,Crystal Palace,19688.0,Jason Puncheon,Right Wing,42.4,27.1,,,,False,,,,,,,False,,,,,,,False,False,left_to_right,False,42.4,27.1,,,False,False,False,False
2738accc-ba3b-40b8-8239-553929054468,3754266,2545,2,00:38:41.636,83,41,43,Carry,174,31,Crystal Palace,From Counter,31,Crystal Palace,19688.0,Jason Puncheon,Right Wing,42.4,27.1,42.9,25.5,1.865004,False,,,,,,,False,,,,,,,False,False,left_to_right,False,42.4,27.1,42.9,25.5,False,False,False,False
92199a57-683f-4602-b2b4-f4c490b8f5bb,3754266,2546,2,00:38:43.501,83,43,30,Pass,174,31,Crystal Palace,From Counter,31,Crystal Palace,19688.0,Jason Puncheon,Right Wing,42.9,25.5,79.3,12.1,1.980926,False,,,,,,,True,38.788143,-0.35273573,High Pass,,3092.0,Dwight Gayle,False,False,left_to_right,False,42.9,25.5,79.3,12.1,False,True,False,False
5b649d06-b392-443d-8832-115180d83248,3754266,2547,2,00:38:45.482,83,45,42,Ball Receipt*,174,31,Crystal Palace,From Counter,31,Crystal Palace,3092.0,Dwight Gayle,Center Forward,79.3,12.1,,,,False,,,,,,,False,,,,,,,False,False,left_to_right,False,79.3,12.1,,,False,False,False,False
679b5711-f768-402c-9a17-4c89ec7abe5d,3754266,2548,2,00:38:45.482,83,45,43,Carry,174,31,Crystal Palace,From Counter,31,Crystal Palace,3092.0,Dwight Gayle,Center Forward,79.3,12.1,105.6,26.9,4.967135,False,,,,,,,False,,,,,,,False,False,left_to_right,False,79.3,12.1,105.6,26.9,True,False,False,False
0e0e9375-bbcf-415b-80bf-3b718298fa3a,3754266,2549,2,00:38:50.449,83,50,14,Dribble,174,31,Crystal Palace,From Counter,31,Crystal Palace,3092.0,Dwight Gayle,Center Forward,105.6,26.9,,,0.0,True,,,,,,,False,,,,,,,False,False,left_to_right,False,105.6,26.9,,,False,False,False,False
daa40ef8-d0e1-4ddd-b8e2-0879573e9415,3754266,2550,2,00:38:50.449,83,50,4,Duel,174,31,Crystal Palace,From Counter,23,Watford,3263.0,Craig Cathcart,Left Center Back,14.5,53.2,,,0.0,True,,,,,,,False,,,,,,,False,False,left_to_right,False,14.5,53.2,,,False,False,False,False
b5aa8a43-31a1-4910-b9c0-12f8d869911c,3754266,2551,2,00:38:51.741,83,51,2,Ball Recovery,174,31,Crystal Palace,From Counter,31,Crystal Palace,3092.0,Dwight Gayle,Center Forward,99.6,25.8,,,0.0,False,,,,,,,False,,,,,,,False,False,left_to_right,False,99.6,25.8,,,False,False,False,False
b86dcf31-adfb-409b-8717-8174cef34300,3754266,2552,2,00:38:51.741,83,51,43,Carry,174,31,Crystal Palace,From Counter,31,Crystal Palace,3092.0,Dwight Gayle,Center Forward,99.6,25.8,105.8,25.4,1.336391,False,,,,,,,False,,,,,,,False,False,left_to_right,False,99.6,25.8,105.8,25.4,False,False,False,False
9112d7e7-e534-45d5-944e-6fa8b96f19ae,3754266,2553,2,00:38:53.077,83,53,16,Shot,174,31,Crystal Palace,From Counter,31,Crystal Palace,3092.0,Dwight Gayle,Center Forward,105.8,25.4,120.0,45.4,1.010967,False,0.059590615,Off T,Left Foot,Normal,Open Play,,False,,,,,,,False,False,left_to_right,False,105.8,25.4,120.0,45.4,False,False,False,False
91ac6b2a-518b-469c-b8c5-0daf2922f453,3754266,2554,2,00:38:54.088,83,54,23,Goal Keeper,174,31,Crystal Palace,Regular Play,23,Watford,3522.0,Heurelho da Silva Gomes,Goalkeeper,1.8,43.0,,,0.0,False,,,,,,,False,,,,,,,False,False,left_to_right,False,1.8,43.0,,,False,False,False,False
b937531f-6ace-4df7-85ef-2c88a0fe13de,3754266,2555,2,00:39:41.540,84,41,19,Substitution,174,31,Crystal Palace,Regular Play,31,Crystal Palace,3092.0,Dwight Gayle,Center Forward,,,,,0.0,False,,,,,,,False,,,,,,,False,False,left_to_right,False,,,,,False,False,False,False
9c71aff7-5d1e-4f53-b8ba-06ef488bfc8d,3754266,2556,2,00:39:46.923,84,46,30,Pass,175,23,Watford,From Goal Kick,23,Watford,3522.0,Heurelho da Silva Gomes,Goalkeeper,6.0,36.0,69.4,27.1,3.564463,False,,,,,,,True,64.02164,-0.1394672,High Pass,Goal Kick,3454.0,Troy Deeney,False,False,left_to_right,False,6.0,36.0,69.4,27.1,False,True,False,False
f3a05147-2cff-4e77-bf40-11ad066abffd,3754266,2557,2,00:39:50.487,84,50,42,Ball Receipt*,175,23,Watford,From Goal Kick,23,Watford,3454.0,Troy Deeney,Right Center Forward,69.4,27.1,,,,False,,,,,,,False,,,,,,,False,False,left_to_right,False,69.4,27.1,,,False,False,False,False
15e751f5-ae51-44f7-b596-a90008c77a79,3754266,2558,2,00:39:50.527,84,50,30,Pass,175,23,Watford,From Goal Kick,23,Watford,3454.0,Troy Deeney,Right Center Forward,66.4,29.4,86.6,34.6,1.851706,False,,,,,,Incomplete,False,20.858572,0.2519553,High Pass,,5458.0,Odion Jude Ighalo,False,False,left_to_right,False,66.4,29.4,86.6,34.6,False,True,True,True
d6e17142-55bb-42ac-87a0-8cea6b72cc92,3754266,2559,2,00:39:51.313,84,51,17,Pressure,175,23,Watford,From Goal Kick,31,Crystal Palace,3464.0,James McArthur,Right Defensive Midfield,41.1,50.2,,,0.285503,False,,,,,,,False,,,,,,,False,False,left_to_right,False,41.1,50.2,,,False,False,False,False
a57470b9-53a0-401f-b0f3-8caa2bd4c5bf,3754266,2560,2,00:39:51.677,84,51,42,Ball Receipt*,175,23,Watford,From Goal Kick,23,Watford,5458.0,Odion Jude Ighalo,Left Center Forward,80.4,34.1,,,,False,,,,,,,False,,,,,,,False,False,left_to_right,False,80.4,34.1,,,False,False,False,False
fe40b9e6-7ccb-4809-b868-c2b3431e3d76,3754266,2561,2,00:39:51.677,84,51,6,Block,175,23,Watford,From Goal Kick,23,Watford,5458.0,Odion Jude Ighalo,Left Center Forward,80.4,31.5,,,0.0,False,,,,,,,False,,,,,,,False,False,left_to_right,False,80.4,31.5,,,False,False,False,False
2e12400a-365d-4b4a-b2d3-6d7fc4555470,3754266,2562,2,00:39:52.379,84,52,30,Pass,176,31,Crystal Palace,Regular Play,31,Crystal Palace,43695.0,Brede Hangeland,Left Center Back,33.5,45.5,42.2,46.7,1.693332,False,,,,,,,True,8.782369,0.13706617,High Pass,Recovery,3464.0,James McArthur,False,False,left_to_right,False,33.5,45.5,42.2,46.7,False,False,False,False
bbde5c8d-48a2-424a-8624-1a0846253455,3754266,2563,2,00:39:54.072,84,54,42,Ball Receipt*,176,31,Crystal Palace,Regular Play,31,Crystal Palace,3464.0,James McArthur,Right Defensive Midfield,42.2,46.7,,,,False,,,,,,,False,,,,,,,False,False,left_to_right,False,42.2,46.7,,,False,False,False,False
b148a7fc-6d83-4ab7-ae27-bf6d156a0872,3754266,2564,2,00:39:54.112,84,54,30,Pass,176,31,Crystal Palace,Regular Play,31,Crystal Palace,3464.0,James McArthur,Right Defensive Midfield,42.0,46.7,49.6,54.6,1.389685,False,,,,,,,True,10.962208,0.80475056,High Pass,,19688.0,Jason Puncheon,False,False,left_to_right,False,42.0,46.7,49.6,54.6,False,False,False,False
230d5413-d28e-43c3-9aa1-fd33713280fc,3754266,2565,2,00:39:55.502,84,55,42,Ball Receipt*,176,31,Crystal Palace,Regular Play,31,Crystal Palace,19688.0,Jason Puncheon,Right Wing,49.6,54.6,,,,False,,,,,,,False,,,,,,,False,False,left_to_right,False,49.6,54.6,,,False,False,False,False
344a3972-8b24-4f1f-a9ee-4e23184c56e4,3754266,2566,2,00:39:55.502,84,55,43,Carry,176,31,Crystal Palace,Regular Play,31,Crystal Palace,19688.0,Jason Puncheon,Right Wing,49.6,54.6,44.6,49.2,1.151153,False,,,,,,,False,,,,,,,False,False,left_to_right,False,49.6,54.6,44.6,49.2,False,False,False,False
f0a28b89-19ef-4d69-81d9-f04e4e7c9d35,3754266,2567,2,00:39:56.653,84,56,30,Pass,176,31,Crystal Palace,Regular Play,31,Crystal Palace,19688.0,Jason Puncheon,Right Wing,44.6,49.2,63.0,17.2,2.706797,False,,,,,,,True,36.91287,-1.048962,High Pass,,3507.0,Wilfried Zaha,False,False,left_to_right,False,44.6,49.2,63.0,17.2,False,False,False,False
b52d4566-8512-4405-af43-239e66b1da29,3754266,2568,2,00:39:59.360,84,59,42,Ball Receipt*,176,31,Crystal Palace,Regular Play,31,Crystal Palace,3507.0,Wilfried Zaha,Center Attacking Midfield,63.0,17.2,,,,False,,,,,,,False,,,,,,,False,False,left_to_right,False,63.0,17.2,,,False,False,False,False
67c414ed-aeca-4492-8f71-1aad1cb7799a,3754266,2569,2,00:39:59.360,84,59,43,Carry,176,31,Crystal Palace,Regular Play,31,Crystal Palace,3507.0,Wilfried Zaha,Center Attacking Midfield,63.0,17.2,69.2,14.9,1.53293,True,,,,,,,False,,,,,,,False,False,left_to_right,False,63.0,17.2,69.2,14.9,False,False,False,False
68bf48de-a909-4779-8afb-78cc1e74f909,3754266,2570,2,00:39:59.817,84,59,17,Pressure,176,31,Crystal Palace,Regular Play,23,Watford,40118.0,Ikechi Anya,Right Back,53.7,61.0,,,0.2,False,,,,,,,False,,,,,,,False,False,left_to_right,False,53.7,61.0,,,False,False,False,False
005e629d-2cff-4b50-bd3e-d23371b44a45,3754266,2571,2,00:40:00.893,85,0,14,Dribble,176,31,Crystal Palace,Regular Play,31,Crystal Palace,3507.0,Wilfried Zaha,Center Attacking Midfield,69.2,14.9,,,0.0,True,,,,,,,False,,,,,,,False,False,left_to_right,False,69.2,14.9,,,False,False,False,False
22cb12a3-7080-4f81-bc08-96aac162b21d,3754266,2572,2,00:40:00.893,85,0,4,Duel,177,23,Watford,Regular Play,23,Watford,40118.0,Ikechi Anya,Right Back,50.9,65.2,,,0.0,True,,,,,,,False,,,,,,,False,False,left_to_right,False,50.9,65.2,,,False,False,False,False
7c75f5c8-86d3-4da2-8bf0-761664c72b35,3754266,2573,2,00:40:00.893,85,0,43,Carry,177,23,Watford,Regular Play,23,Watford,40118.0,Ikechi Anya,Right Back,50.9,65.2,16.6,64.7,3.576195,True,,,,,,,False,,,,,,,False,False,left_to_right,False,50.9,65.2,16.6,64.7,False,False,False,False
18f7b5aa-63bf-4c68-a8c0-3d0f9b7836ee,3754266,2574,2,00:40:02.531,85,2,17,Pressure,177,23,Watford,Regular Play,31,Crystal Palace,3507.0,Wilfried Zaha,Center Attacking Midfield,95.9,12.4,,,2.054348,False,,,,,,,False,,,,,,,False,False,left_to_right,False,95.9,12.4,,,False,False,False,False
13660aa8-4769-49fb-99f7-7af8a3d87a58,3754266,2575,2,00:40:04.469,85,4,30,Pass,177,23,Watford,Regular Play,23,Watford,40118.0,Ikechi Anya,Right Back,16.6,64.7,8.7,79.7,1.0,True,,,,,,Out,False,16.95317,2.055549,Ground Pass,,,,False,False,left_to_right,False,16.6,64.7,8.7,79.7,False,False,False,True
652c60af-66e8-4050-b5e4-c2ab9c5187e7,3754266,2576,2,00:40:25.192,85,25,22,Foul Committed,177,23,Watford,Regular Play,31,Crystal Palace,4884.0,Pape N''Diaye Souaré,Left Back,110.9,2.0,,,0.0,False,,,,,,,False,,,,,,,False,False,left_to_right,False,110.9,2.0,,,False,False,False,False
573bcf8f-46aa-48a9-ac6c-0a33e76f8449,3754266,2577,2,00:40:41.032,85,41,30,Pass,178,23,Watford,From Throw In,23,Watford,40118.0,Ikechi Anya,Right Back,9.9,80.0,37.0,72.3,2.46312,False,,,,,,Incomplete,False,28.172682,-0.27683696,High Pass,Throw-in,7745.0,Steven Berghuis,False,False,left_to_right,False,9.9,80.0,37.0,72.3,False,False,False,True
e06730de-30be-4d91-b7c7-bbc1771d88ff,3754266,2578,2,00:40:43.495,85,43,42,Ball Receipt*,178,23,Watford,From Throw In,23,Watford,7745.0,Steven Berghuis,Right Midfield,34.5,69.6,,,,False,,,,,,,False,,,,,,,False,False,left_to_right,False,34.5,69.6,,,False,False,False,False
ab89492a-3138-4d71-9f9b-5f5a1a009934,3754266,2579,2,00:40:43.495,85,43,30,Pass,178,23,Watford,From Throw In,31,Crystal Palace,4884.0,Pape N''Diaye Souaré,Left Back,83.1,7.8,88.4,19.1,1.174416,False,,,,,,Incomplete,False,12.481186,1.132233,Ground Pass,Recovery,,,False,False,left_to_right,False,83.1,7.8,88.4,19.1,False,False,False,True
370fde30-6d48-41a2-837d-c233d327a8ae,3754266,2580,2,00:40:44.422,85,44,17,Pressure,178,23,Watford,From Throw In,31,Crystal Palace,19688.0,Jason Puncheon,Right Wing,91.4,21.3,,,0.321996,False,,,,,,,False,,,,,,,False,False,left_to_right,False,91.4,21.3,,,False,False,False,False
018b004a-cd29-4045-b082-6ac15998db51,3754266,2581,2,00:40:44.670,85,44,30,Pass,178,23,Watford,From Throw In,23,Watford,3721.0,Etienne Capoue,Right Center Midfield,31.7,61.0,35.2,65.4,1.136939,True,,,,,,,True,5.6222773,0.89883316,Low Pass,Recovery,3454.0,Troy Deeney,False,False,left_to_right,False,31.7,61.0,35.2,65.4,False,False,False,False
6c364e24-169e-4351-aa1c-127feb2ab664,3754266,2582,2,00:40:45.807,85,45,42,Ball Receipt*,178,23,Watford,From Throw In,23,Watford,3454.0,Troy Deeney,Right Center Forward,35.2,65.4,,,,False,,,,,,,False,,,,,,,False,False,left_to_right,False,35.2,65.4,,,False,False,False,False
c52885d1-a75f-4e5a-84c8-88de5a2e0a0b,3754266,2583,2,00:40:45.807,85,45,43,Carry,178,23,Watford,From Throw In,23,Watford,3454.0,Troy Deeney,Right Center Forward,35.2,65.4,35.2,65.4,0.040000003,False,,,,,,,False,,,,,,,False,False,left_to_right,False,35.2,65.4,35.2,65.4,False,False,False,False
fed24263-d528-4a16-8ca2-b13c95840b63,3754266,2584,2,00:40:45.847,85,45,30,Pass,178,23,Watford,From Throw In,23,Watford,3454.0,Troy Deeney,Right Center Forward,35.2,65.4,22.5,61.1,1.183884,False,,,,,,,True,13.408206,-2.8151252,Ground Pass,,3309.0,Sebastian Prödl,False,False,left_to_right,False,35.2,65.4,22.5,61.1,False,False,False,False
8894df8d-ab7e-4026-8f10-ae6634aa9670,3754266,2585,2,00:40:47.031,85,47,42,Ball Receipt*,178,23,Watford,From Throw In,23,Watford,3309.0,Sebastian Prödl,Right Center Back,22.5,61.1,,,,False,,,,,,,False,,,,,,,False,False,left_to_right,False,22.5,61.1,,,False,False,False,False
22dfae6e-e511-4d79-9719-b45376efccfa,3754266,2586,2,00:40:47.031,85,47,43,Carry,178,23,Watford,From Throw In,23,Watford,3309.0,Sebastian Prödl,Right Center Back,22.5,61.1,21.2,64.0,0.961086,True,,,,,,,False,,,,,,,False,False,left_to_right,False,22.5,61.1,21.2,64.0,False,False,False,False
6406733f-cff0-4c3a-9242-4314252123b6,3754266,2587,2,00:40:47.700,85,47,17,Pressure,178,23,Watford,From Throw In,31,Crystal Palace,9641.0,Fraizer Campbell,Center Forward,93.7,20.5,,,0.447347,False,,,,,,,False,,,,,,,False,False,left_to_right,False,93.7,20.5,,,False,False,False,False
dd74fd55-9ba4-453a-b9f5-82c6f2f8162a,3754266,2588,2,00:40:47.992,85,47,30,Pass,178,23,Watford,From Throw In,23,Watford,3309.0,Sebastian Prödl,Right Center Back,21.2,64.0,21.2,74.9,0.990809,True,,,,,,,True,10.9,1.5707964,Ground Pass,,40118.0,Ikechi Anya,False,False,left_to_right,False,21.2,64.0,21.2,74.9,False,False,False,False
107cc666-b813-40d0-9e7c-091aecd22c25,3754266,2589,2,00:40:48.983,85,48,42,Ball Receipt*,178,23,Watford,From Throw In,23,Watford,40118.0,Ikechi Anya,Right Back,21.2,74.9,,,,False,,,,,,,False,,,,,,,False,False,left_to_right,False,21.2,74.9,,,False,False,False,False
aaf640d9-26c4-430d-a90a-1dc116c1a37a,3754266,2590,2,00:40:48.983,85,48,43,Carry,178,23,Watford,From Throw In,23,Watford,40118.0,Ikechi Anya,Right Back,21.2,74.9,21.2,74.9,0.551584,False,,,,,,,False,,,,,,,False,False,left_to_right,False,21.2,74.9,21.2,74.9,False,False,False,False
c98bf81d-5f39-43d6-89af-3a4fcb5cd5b4,3754266,2591,2,00:40:49.534,85,49,30,Pass,178,23,Watford,From Throw In,23,Watford,40118.0,Ikechi Anya,Right Back,21.2,74.9,56.7,61.0,1.762385,False,,,,,,,True,38.12427,-0.37320012,High Pass,,7745.0,Steven Berghuis,False,False,left_to_right,False,21.2,74.9,56.7,61.0,False,True,False,False
5e201bb8-f830-4286-875a-e03cf04a06f8,3754266,2592,2,00:40:51.297,85,51,42,Ball Receipt*,178,23,Watford,From Throw In,23,Watford,7745.0,Steven Berghuis,Right Midfield,56.7,61.0,,,,False,,,,,,,False,,,,,,,False,False,left_to_right,False,56.7,61.0,,,False,False,False,False
7bb459d9-31a4-4544-974f-7b8f36cf0f13,3754266,2593,2,00:40:51.297,85,51,30,Pass,178,23,Watford,From Throw In,23,Watford,7745.0,Steven Berghuis,Right Midfield,56.7,61.0,67.7,44.5,1.721453,False,,,,,,Incomplete,False,19.830532,-0.98279375,Low Pass,,5458.0,Odion Jude Ighalo,False,False,left_to_right,False,56.7,61.0,67.7,44.5,False,False,False,True
559cfaa5-55d7-4fbf-a741-5690f202435e,3754266,2594,2,00:40:53.018,85,53,42,Ball Receipt*,178,23,Watford,From Throw In,23,Watford,5458.0,Odion Jude Ighalo,Left Center Forward,65.4,52.7,,,,False,,,,,,,False,,,,,,,False,False,left_to_right,False,65.4,52.7,,,False,False,False,False
ca2e6e22-6615-4880-93e3-41061bd21e87,3754266,2595,2,00:40:53.018,85,53,30,Pass,179,31,Crystal Palace,Regular Play,31,Crystal Palace,3407.0,Scott Dann,Right Center Back,52.4,35.6,52.9,21.8,1.320503,False,,,,,,,True,13.809055,-1.5345802,Low Pass,Recovery,43695.0,Brede Hangeland,False,False,left_to_right,False,52.4,35.6,52.9,21.8,False,False,False,False
fa2e7edb-d6cd-4a2a-828f-76b9d0644e48,3754266,2596,2,00:40:54.052,85,54,17,Pressure,179,31,Crystal Palace,Regular Play,23,Watford,7745.0,Steven Berghuis,Right Midfield,64.0,61.3,,,0.508473,False,,,,,,,False,,,,,,,False,False,left_to_right,False,64.0,61.3,,,False,False,False,False
89c74ab9-4088-403b-be57-85e4d972f294,3754266,2597,2,00:40:54.338,85,54,42,Ball Receipt*,179,31,Crystal Palace,Regular Play,31,Crystal Palace,43695.0,Brede Hangeland,Left Center Back,52.9,21.8,,,,True,,,,,,,False,,,,,,,False,False,left_to_right,False,52.9,21.8,,,False,False,False,False
297d803d-875e-49da-ab3f-72ec66913b20,3754266,2598,2,00:40:54.338,85,54,43,Carry,179,31,Crystal Palace,Regular Play,31,Crystal Palace,43695.0,Brede Hangeland,Left Center Back,52.9,21.8,56.5,23.6,0.282804,True,,,,,,,False,,,,,,,False,False,left_to_right,False,52.9,21.8,56.5,23.6,False,False,False,False
38d20344-f359-4513-b30c-1f1e8637de48,3754266,2599,2,00:40:54.621,85,54,39,Dribbled Past,179,31,Crystal Palace,Regular Play,23,Watford,7745.0,Steven Berghuis,Right Midfield,63.6,56.5,,,0.0,False,,,,,,,False,,,,,,,False,False,left_to_right,False,63.6,56.5,,,False,False,False,False
d46a39ca-a665-4438-9891-c025f691d06c,3754266,2600,2,00:40:54.621,85,54,14,Dribble,179,31,Crystal Palace,Regular Play,31,Crystal Palace,43695.0,Brede Hangeland,Left Center Back,56.5,23.6,,,0.0,True,,,,,,,False,,,,,,,False,False,left_to_right,False,56.5,23.6,,,False,False,False,False
0759d78e-959e-4776-9f17-5b3a3510d70c,3754266,2601,2,00:40:54.621,85,54,43,Carry,179,31,Crystal Palace,Regular Play,31,Crystal Palace,43695.0,Brede Hangeland,Left Center Back,56.5,23.6,61.8,31.0,1.366802,True,,,,,,,False,,,,,,,False,False,left_to_right,False,56.5,23.6,61.8,31.0,False,False,False,False
38632184-edf1-4fed-a641-70af2bad9f2c,3754266,2602,2,00:40:55.659,85,55,17,Pressure,179,31,Crystal Palace,Regular Play,23,Watford,3454.0,Troy Deeney,Right Center Forward,53.6,52.5,,,0.392741,False,,,,,,,False,,,,,,,False,False,left_to_right,False,53.6,52.5,,,False,False,False,False
edc2243f-b612-48af-9c73-613b391dc9be,3754266,2603,2,00:40:55.988,85,55,30,Pass,179,31,Crystal Palace,Regular Play,31,Crystal Palace,43695.0,Brede Hangeland,Left Center Back,61.8,31.0,77.9,43.2,0.972518,True,,,,,,,True,20.200247,0.64845157,Ground Pass,,3589.0,Yannick Bolasie Yala,False,False,left_to_right,False,61.8,31.0,77.9,43.2,False,True,False,False
e04e601a-4668-469c-acef-8b529e72f8b7,3754266,2604,2,00:40:56.961,85,56,42,Ball Receipt*,179,31,Crystal Palace,Regular Play,31,Crystal Palace,3589.0,Yannick Bolasie Yala,Left Wing,77.9,43.2,,,,False,,,,,,,False,,,,,,,False,False,left_to_right,False,77.9,43.2,,,False,False,False,False
af25698e-990b-41d6-8d31-167ceb1152e8,3754266,2605,2,00:40:56.961,85,56,43,Carry,179,31,Crystal Palace,Regular Play,31,Crystal Palace,3589.0,Yannick Bolasie Yala,Left Wing,77.9,43.2,81.6,50.2,1.935806,True,,,,,,,False,,,,,,,False,False,left_to_right,False,77.9,43.2,81.6,50.2,False,False,False,False
8994688f-e618-49dc-97b2-3ed5574799b4,3754266,2606,2,00:40:57.462,85,57,17,Pressure,179,31,Crystal Palace,Regular Play,23,Watford,3721.0,Etienne Capoue,Right Center Midfield,39.2,35.9,,,0.993025,False,,,,,,,False,,,,,,,False,False,left_to_right,False,39.2,35.9,,,False,False,False,False
120c9ae0-528d-4af9-adb3-c06bdd01c43d,3754266,2607,2,00:40:58.896,85,58,14,Dribble,179,31,Crystal Palace,Regular Play,31,Crystal Palace,3589.0,Yannick Bolasie Yala,Left Wing,81.6,50.2,,,0.0,True,,,,,,,False,,,,,,,False,False,left_to_right,False,81.6,50.2,,,False,False,False,False
fd649a6e-b7fa-4981-acc5-ebacdeca1782,3754266,2608,2,00:40:58.896,85,58,4,Duel,180,23,Watford,Regular Play,23,Watford,3721.0,Etienne Capoue,Right Center Midfield,38.5,29.9,,,0.0,True,,,,,,,False,,,,,,,False,False,left_to_right,False,38.5,29.9,,,False,False,False,False
e285c7cf-f48b-460b-b1f3-43ed5453484e,3754266,2609,2,00:40:59.793,85,59,17,Pressure,180,23,Watford,Regular Play,31,Crystal Palace,3589.0,Yannick Bolasie Yala,Left Wing,76.1,50.0,,,0.271339,False,,,,,,,False,,,,,,,False,False,left_to_right,False,76.1,50.0,,,False,False,False,False
873e13a8-5d76-43af-9145-770a68e5a052,3754266,2610,2,00:41:00.003,86,0,30,Pass,180,23,Watford,Regular Play,23,Watford,3306.0,Nathan Aké,Left Back,41.0,26.0,52.0,27.1,1.114123,True,,,,,,,True,11.054863,0.09966865,Low Pass,Recovery,3454.0,Troy Deeney,False,False,left_to_right,False,41.0,26.0,52.0,27.1,False,False,False,False
eac27987-fb45-4616-97e2-1cbd4a331335,3754266,2611,2,00:41:00.972,86,0,17,Pressure,180,23,Watford,Regular Play,31,Crystal Palace,3464.0,James McArthur,Right Defensive Midfield,63.5,49.0,,,0.225287,False,,,,,,,False,,,,,,,False,False,left_to_right,False,63.5,49.0,,,False,False,False,False
293d0e05-71ba-40e4-998b-d7942496ba20,3754266,2612,2,00:41:01.117,86,1,42,Ball Receipt*,180,23,Watford,Regular Play,23,Watford,3454.0,Troy Deeney,Right Center Forward,52.0,27.1,,,,True,,,,,,,False,,,,,,,False,False,left_to_right,False,52.0,27.1,,,False,False,False,False
ad67e1f1-6202-4d75-8ab0-37ce2dc25a64,3754266,2613,2,00:41:01.117,86,1,43,Carry,180,23,Watford,Regular Play,23,Watford,3454.0,Troy Deeney,Right Center Forward,52.0,27.1,51.4,27.6,0.104492,True,,,,,,,False,,,,,,,False,False,left_to_right,False,52.0,27.1,51.4,27.6,False,False,False,False
af1ae43d-7a7c-4bd0-96db-e16eb6f83608,3754266,2614,2,00:41:01.222,86,1,30,Pass,180,23,Watford,Regular Play,23,Watford,3454.0,Troy Deeney,Right Center Forward,51.4,27.6,49.1,30.1,0.221114,False,,,,,,,True,3.3970575,2.3145518,Ground Pass,,6870.0,José Manuel Jurado Marín,False,False,left_to_right,False,51.4,27.6,49.1,30.1,False,False,False,False
a83d2fc8-2be2-478d-b0aa-60f1e084bef5,3754266,2615,2,00:41:01.443,86,1,42,Ball Receipt*,180,23,Watford,Regular Play,23,Watford,6870.0,José Manuel Jurado Marín,Left Midfield,49.1,30.1,,,,False,,,,,,,False,,,,,,,False,False,left_to_right,False,49.1,30.1,,,False,False,False,False
51b02a01-287f-4d5d-9e76-5c17eff8e12e,3754266,2616,2,00:41:01.443,86,1,43,Carry,180,23,Watford,Regular Play,23,Watford,6870.0,José Manuel Jurado Marín,Left Midfield,49.1,30.1,50.2,26.9,1.106082,True,,,,,,,False,,,,,,,False,False,left_to_right,False,49.1,30.1,50.2,26.9,False,False,False,False
8bcbb3b8-da42-42fa-8d20-d16843b2d201,3754266,2617,2,00:41:02.168,86,2,17,Pressure,180,23,Watford,Regular Play,31,Crystal Palace,3589.0,Yannick Bolasie Yala,Left Wing,73.4,55.9,,,0.436215,False,,,,,,,False,,,,,,,False,False,left_to_right,False,73.4,55.9,,,False,False,False,False
8befab66-633c-4544-9d70-07d05dd8c34b,3754266,2618,2,00:41:02.549,86,2,22,Foul Committed,180,23,Watford,Regular Play,31,Crystal Palace,3589.0,Yannick Bolasie Yala,Left Wing,69.9,53.2,,,0.0,False,,,,,,,False,,,,,,,False,False,left_to_right,False,69.9,53.2,,,False,False,False,False
99eab42b-d567-4283-b0d3-e659db92b2dc,3754266,2619,2,00:41:02.549,86,2,21,Foul Won,180,23,Watford,Regular Play,23,Watford,6870.0,José Manuel Jurado Marín,Left Midfield,50.2,26.9,,,0.0,True,,,,,,,False,,,,,,,False,False,left_to_right,False,50.2,26.9,,,False,False,False,False
0582eb68-6144-4449-9440-971e8e0349b2,3754266,2620,2,00:41:02.549,86,2,43,Carry,180,23,Watford,Regular Play,23,Watford,6870.0,José Manuel Jurado Marín,Left Midfield,50.2,26.9,50.4,26.5,0.005559,True,,,,,,,False,,,,,,,False,False,left_to_right,False,50.2,26.9,50.4,26.5,False,False,False,False
08459f7e-66bc-47c6-af66-c17ba4f6bdef,3754266,2621,2,00:41:02.555,86,2,30,Pass,180,23,Watford,Regular Play,23,Watford,6870.0,José Manuel Jurado Marín,Left Midfield,50.4,26.5,57.6,3.9,1.24713,True,,,,,,,True,23.71919,-1.2623783,Ground Pass,,40453.0,Segundo Víctor Ibarbo Guerrero,False,False,left_to_right,False,50.4,26.5,57.6,3.9,False,False,False,False
39439dd6-c6b8-4f79-a414-74057f251f8d,3754266,2622,2,00:41:03.802,86,3,42,Ball Receipt*,180,23,Watford,Regular Play,23,Watford,40453.0,Segundo Víctor Ibarbo Guerrero,Left Center Midfield,57.6,3.9,,,,False,,,,,,,False,,,,,,,False,False,left_to_right,False,57.6,3.9,,,False,False,False,False
c03e1eb3-b7cb-4aed-92b4-0e42a2f9ffa1,3754266,2623,2,00:41:03.802,86,3,43,Carry,180,23,Watford,Regular Play,23,Watford,40453.0,Segundo Víctor Ibarbo Guerrero,Left Center Midfield,57.6,3.9,63.6,4.6,2.211025,True,,,,,,,False,,,,,,,False,False,left_to_right,False,57.6,3.9,63.6,4.6,False,False,False,False
238e3ae7-eaab-4ce9-ac95-25bea963d243,3754266,2624,2,00:41:04.651,86,4,17,Pressure,180,23,Watford,Regular Play,31,Crystal Palace,3448.0,Martin Kelly,Right Back,54.2,75.1,,,1.12954,False,,,,,,,False,,,,,,,False,False,left_to_right,False,54.2,75.1,,,False,False,False,False
f947ebff-121f-4151-9d57-b38d7a3fd131,3754266,2625,2,00:41:06.013,86,6,22,Foul Committed,180,23,Watford,Regular Play,31,Crystal Palace,3448.0,Martin Kelly,Right Back,56.5,75.5,,,0.0,False,,,,,,,False,,,,,,,False,False,left_to_right,False,56.5,75.5,,,False,False,False,False
33ecae8a-92ef-437a-89ef-b3afc91810b9,3754266,2626,2,00:41:06.013,86,6,21,Foul Won,180,23,Watford,Regular Play,23,Watford,40453.0,Segundo Víctor Ibarbo Guerrero,Left Center Midfield,63.6,4.6,,,0.0,True,,,,,,,False,,,,,,,False,False,left_to_right,False,63.6,4.6,,,False,False,False,False
b60b14fa-d1a3-4f1c-a489-91a6a8a9a8cf,3754266,2627,2,00:41:10.316,86,10,30,Pass,181,23,Watford,From Free Kick,23,Watford,3263.0,Craig Cathcart,Left Center Back,51.4,10.3,72.8,3.4,1.627672,False,,,,,,,True,22.484884,-0.3119056,Ground Pass,Free Kick,3306.0,Nathan Aké,False,False,left_to_right,False,51.4,10.3,72.8,3.4,False,False,False,False
7c4f4042-47d4-4a18-9e0e-ce7117d6938b,3754266,2628,2,00:41:11.944,86,11,42,Ball Receipt*,181,23,Watford,From Free Kick,23,Watford,3306.0,Nathan Aké,Left Back,72.8,3.4,,,,False,,,,,,,False,,,,,,,False,False,left_to_right,False,72.8,3.4,,,False,False,False,False
716ffa28-548a-4157-9c9a-eea0cb232dc1,3754266,2629,2,00:41:11.944,86,11,43,Carry,181,23,Watford,From Free Kick,23,Watford,3306.0,Nathan Aké,Left Back,72.8,3.4,79.2,3.4,3.843461,False,,,,,,,False,,,,,,,False,False,left_to_right,False,72.8,3.4,79.2,3.4,False,False,False,False
5d6a20de-9e2b-4142-8af6-ceb5c4318801,3754266,2630,2,00:41:15.788,86,15,30,Pass,181,23,Watford,From Free Kick,23,Watford,3306.0,Nathan Aké,Left Back,79.2,3.4,92.2,5.5,0.895226,False,,,,,,,True,13.168523,0.16015497,Ground Pass,,40453.0,Segundo Víctor Ibarbo Guerrero,False,False,left_to_right,False,79.2,3.4,92.2,5.5,False,False,True,False
74674449-0bc3-4b31-a120-19c06ed08878,3754266,2631,2,00:41:16.683,86,16,42,Ball Receipt*,181,23,Watford,From Free Kick,23,Watford,40453.0,Segundo Víctor Ibarbo Guerrero,Left Center Midfield,92.2,5.5,,,,False,,,,,,,False,,,,,,,False,False,left_to_right,False,92.2,5.5,,,False,False,False,False
083e271f-8f8d-4e08-96b1-cbbae4904044,3754266,2632,2,00:41:16.683,86,16,30,Pass,181,23,Watford,From Free Kick,23,Watford,40453.0,Segundo Víctor Ibarbo Guerrero,Left Center Midfield,92.2,5.5,91.9,13.8,0.803095,False,,,,,,,True,8.30542,1.6069251,Ground Pass,,3306.0,Nathan Aké,False,False,left_to_right,False,92.2,5.5,91.9,13.8,False,False,False,False
1cadb735-74e6-4433-9c38-a92d79c84960,3754266,2633,2,00:41:17.486,86,17,42,Ball Receipt*,181,23,Watford,From Free Kick,23,Watford,3306.0,Nathan Aké,Left Back,91.9,13.8,,,,False,,,,,,,False,,,,,,,False,False,left_to_right,False,91.9,13.8,,,False,False,False,False
9641ca05-298d-40cb-92f9-1e6a498bfd4a,3754266,2634,2,00:41:17.486,86,17,43,Carry,181,23,Watford,From Free Kick,23,Watford,3306.0,Nathan Aké,Left Back,91.9,13.8,104.6,20.0,1.612214,False,,,,,,,False,,,,,,,False,False,left_to_right,False,91.9,13.8,104.6,20.0,True,False,False,False
536c20fb-ae47-4a73-ad1e-82972c827b8b,3754266,2635,2,00:41:19.098,86,19,30,Pass,181,23,Watford,From Free Kick,23,Watford,3306.0,Nathan Aké,Left Back,104.6,20.0,96.5,27.8,1.373604,False,,,,,,,True,11.244999,2.37506,Ground Pass,,3454.0,Troy Deeney,False,False,left_to_right,False,104.6,20.0,96.5,27.8,False,False,False,False
6c1cc8e1-9580-4f3c-bd42-b500956f4911,3754266,2636,2,00:41:20.472,86,20,42,Ball Receipt*,181,23,Watford,From Free Kick,23,Watford,3454.0,Troy Deeney,Right Center Forward,96.5,27.8,,,,False,,,,,,,False,,,,,,,False,False,left_to_right,False,96.5,27.8,,,False,False,False,False
d98a412c-367d-46e0-bb64-ca43ef55fde1,3754266,2637,2,00:41:20.472,86,20,43,Carry,181,23,Watford,From Free Kick,23,Watford,3454.0,Troy Deeney,Right Center Forward,96.5,27.8,96.5,27.8,0.040000003,False,,,,,,,False,,,,,,,False,False,left_to_right,False,96.5,27.8,96.5,27.8,False,False,False,False
eecb8c68-fc73-409a-8ccb-b6f4c3dddd1d,3754266,2638,2,00:41:20.512,86,20,30,Pass,181,23,Watford,From Free Kick,23,Watford,3454.0,Troy Deeney,Right Center Forward,96.5,27.8,108.1,34.5,0.681858,False,,,,,,Incomplete,False,13.395895,0.5237757,Ground Pass,,5458.0,Odion Jude Ighalo,False,False,left_to_right,False,96.5,27.8,108.1,34.5,False,True,False,True
596d7beb-9e77-4554-aa81-596af1e0308a,3754266,2639,2,00:41:21.194,86,21,42,Ball Receipt*,181,23,Watford,From Free Kick,23,Watford,5458.0,Odion Jude Ighalo,Left Center Forward,108.1,36.2,,,,False,,,,,,,False,,,,,,,False,False,left_to_right,False,108.1,36.2,,,False,False,False,False
6d3caeae-ba16-4275-822f-56b031b0474d,3754266,2640,2,00:41:21.194,86,21,9,Clearance,181,23,Watford,From Free Kick,31,Crystal Palace,43695.0,Brede Hangeland,Left Center Back,12.0,45.6,,,0.0,True,,,,,,,False,,,,,,,False,False,left_to_right,False,12.0,45.6,,,False,False,False,False
9fbecfed-5ac7-4c7e-85a5-7027a673dde8,3754266,2641,2,00:41:24.374,86,24,30,Pass,181,23,Watford,From Free Kick,23,Watford,40118.0,Ikechi Anya,Right Back,91.7,51.4,87.6,72.3,2.129383,False,,,,,,,True,21.298357,1.7645086,Low Pass,Recovery,7745.0,Steven Berghuis,False,False,left_to_right,False,91.7,51.4,87.6,72.3,False,False,False,False
7042e36a-2b9e-4190-8f2b-47650de85234,3754266,2642,2,00:41:26.504,86,26,42,Ball Receipt*,181,23,Watford,From Free Kick,23,Watford,7745.0,Steven Berghuis,Right Midfield,87.6,72.3,,,,False,,,,,,,False,,,,,,,False,False,left_to_right,False,87.6,72.3,,,False,False,False,False
dcbc6831-b193-4e37-9888-c397665b4332,3754266,2643,2,00:41:26.504,86,26,43,Carry,181,23,Watford,From Free Kick,23,Watford,7745.0,Steven Berghuis,Right Midfield,87.6,72.3,67.7,72.1,2.387997,False,,,,,,,False,,,,,,,False,False,left_to_right,False,87.6,72.3,67.7,72.1,False,False,False,False
bcbd36c7-f8fd-4eb8-8473-3559aef43d4e,3754266,2644,2,00:41:28.892,86,28,30,Pass,181,23,Watford,From Free Kick,23,Watford,7745.0,Steven Berghuis,Right Midfield,67.7,72.1,48.6,26.5,3.512239,False,,,,,,,True,49.43855,-1.9674546,High Pass,,3263.0,Craig Cathcart,False,False,left_to_right,False,67.7,72.1,48.6,26.5,False,False,False,False
05e7cd99-deeb-4689-a2ca-fedf6ddf1874,3754266,2645,2,00:41:32.404,86,32,42,Ball Receipt*,181,23,Watford,From Free Kick,23,Watford,3263.0,Craig Cathcart,Left Center Back,48.6,26.5,,,,False,,,,,,,False,,,,,,,False,False,left_to_right,False,48.6,26.5,,,False,False,False,False
bbbea856-f87c-4f95-bd5d-2670c7f7b2c2,3754266,2646,2,00:41:32.404,86,32,30,Pass,181,23,Watford,From Free Kick,23,Watford,3263.0,Craig Cathcart,Left Center Back,48.6,26.5,79.2,24.8,2.839411,False,,,,,,Incomplete,False,30.647186,-0.055498507,High Pass,,,,False,False,left_to_right,False,48.6,26.5,79.2,24.8,False,True,False,True
6d804cdd-3341-4970-8679-9df7b291d93d,3754266,2647,2,00:41:35.243,86,35,30,Pass,182,31,Crystal Palace,Regular Play,31,Crystal Palace,3448.0,Martin Kelly,Right Back,40.9,55.3,45.5,29.4,2.086301,False,,,,,,,True,26.305323,-1.3950231,Low Pass,Recovery,4817.0,Joe Ledley,False,False,left_to_right,False,40.9,55.3,45.5,29.4,False,False,False,False
2cbe51f0-8043-4eef-982c-fdf8bfd32d8d,3754266,2648,2,00:41:37.329,86,37,42,Ball Receipt*,182,31,Crystal Palace,Regular Play,31,Crystal Palace,4817.0,Joe Ledley,Left Defensive Midfield,45.5,29.4,,,,False,,,,,,,False,,,,,,,False,False,left_to_right,False,45.5,29.4,,,False,False,False,False
0f12c3a6-ad72-4271-8c46-cc3ee9416c1e,3754266,2649,2,00:41:37.329,86,37,43,Carry,182,31,Crystal Palace,Regular Play,31,Crystal Palace,4817.0,Joe Ledley,Left Defensive Midfield,45.5,29.4,48.4,27.4,1.766256,False,,,,,,,False,,,,,,,False,False,left_to_right,False,45.5,29.4,48.4,27.4,False,False,False,False
b32ce72b-8851-4184-83d3-7b0effb87b6d,3754266,2650,2,00:41:39.096,86,39,30,Pass,182,31,Crystal Palace,Regular Play,31,Crystal Palace,4817.0,Joe Ledley,Left Defensive Midfield,48.4,27.4,35.8,21.4,1.065259,False,,,,,,,True,13.955644,-2.6971734,Ground Pass,,4884.0,Pape N''Diaye Souaré,False,False,left_to_right,False,48.4,27.4,35.8,21.4,False,False,False,False
3337ab11-c847-4aad-b866-a1bd8de76f43,3754266,2651,2,00:41:40.161,86,40,42,Ball Receipt*,182,31,Crystal Palace,Regular Play,31,Crystal Palace,4884.0,Pape N''Diaye Souaré,Left Back,35.8,21.4,,,,False,,,,,,,False,,,,,,,False,False,left_to_right,False,35.8,21.4,,,False,False,False,False
c9c1762e-82b7-4821-ab71-9efd48a8989e,3754266,2652,2,00:41:40.161,86,40,43,Carry,182,31,Crystal Palace,Regular Play,31,Crystal Palace,4884.0,Pape N''Diaye Souaré,Left Back,35.8,21.4,35.8,21.4,0.040000003,False,,,,,,,False,,,,,,,False,False,left_to_right,False,35.8,21.4,35.8,21.4,False,False,False,False
506c9805-2414-406b-baaa-9f476a22d1a2,3754266,2653,2,00:41:40.201,86,40,30,Pass,182,31,Crystal Palace,Regular Play,31,Crystal Palace,4884.0,Pape N''Diaye Souaré,Left Back,35.8,21.4,54.7,7.0,1.747436,False,,,,,,,True,23.760681,-0.65107673,Ground Pass,,3507.0,Wilfried Zaha,False,False,left_to_right,False,35.8,21.4,54.7,7.0,False,False,False,False
ef7f830e-2e28-4c91-b9ae-602b74190f3e,3754266,2654,2,00:41:41.948,86,41,42,Ball Receipt*,182,31,Crystal Palace,Regular Play,31,Crystal Palace,3507.0,Wilfried Zaha,Center Attacking Midfield,54.7,7.0,,,,False,,,,,,,False,,,,,,,False,False,left_to_right,False,54.7,7.0,,,False,False,False,False
903763c3-75dc-49aa-8f0d-b9515a4ce9ba,3754266,2655,2,00:41:41.948,86,41,43,Carry,182,31,Crystal Palace,Regular Play,31,Crystal Palace,3507.0,Wilfried Zaha,Center Attacking Midfield,54.7,7.0,79.6,12.1,9.332544,True,,,,,,,False,,,,,,,False,False,left_to_right,False,54.7,7.0,79.6,12.1,True,False,False,False
8baef982-ff5d-434b-a317-2f3c45801262,3754266,2656,2,00:41:48.872,86,48,17,Pressure,182,31,Crystal Palace,Regular Play,23,Watford,40118.0,Ikechi Anya,Right Back,33.2,66.4,,,1.884507,False,,,,,,,False,,,,,,,False,False,left_to_right,False,33.2,66.4,,,False,False,False,False
961218ee-6d48-40ec-ac84-3a34388300c8,3754266,2657,2,00:41:51.281,86,51,30,Pass,182,31,Crystal Palace,Regular Play,31,Crystal Palace,3507.0,Wilfried Zaha,Center Attacking Midfield,79.6,12.1,82.4,33.8,0.725442,False,,,,,,,True,21.8799,1.442473,Ground Pass,,19688.0,Jason Puncheon,False,False,left_to_right,False,79.6,12.1,82.4,33.8,False,False,True,False
6a654f64-9134-414e-b4bb-86ebfdd2a8fb,3754266,2658,2,00:41:52.006,86,52,42,Ball Receipt*,182,31,Crystal Palace,Regular Play,31,Crystal Palace,19688.0,Jason Puncheon,Right Wing,82.4,33.8,,,,False,,,,,,,False,,,,,,,False,False,left_to_right,False,82.4,33.8,,,False,False,False,False
03d7bb0f-a848-4ca7-b9bb-59afc4534ba7,3754266,2659,2,00:41:52.006,86,52,43,Carry,182,31,Crystal Palace,Regular Play,31,Crystal Palace,19688.0,Jason Puncheon,Right Wing,82.4,33.8,81.0,33.8,0.040000003,False,,,,,,,False,,,,,,,False,False,left_to_right,False,82.4,33.8,81.0,33.8,False,False,False,False
a7725199-b902-4196-879b-782a44c5f43f,3754266,2660,2,00:41:52.046,86,52,30,Pass,182,31,Crystal Palace,Regular Play,31,Crystal Palace,19688.0,Jason Puncheon,Right Wing,81.0,33.8,62.5,7.8,1.328796,False,,,,,,,True,31.91003,-2.1892242,Ground Pass,,4884.0,Pape N''Diaye Souaré,False,False,left_to_right,False,81.0,33.8,62.5,7.8,False,False,False,False
a9c56df4-0bea-4c0f-9632-4d929a14bfcb,3754266,2661,2,00:41:53.375,86,53,42,Ball Receipt*,182,31,Crystal Palace,Regular Play,31,Crystal Palace,4884.0,Pape N''Diaye Souaré,Left Back,62.5,7.8,,,,False,,,,,,,False,,,,,,,False,False,left_to_right,False,62.5,7.8,,,False,False,False,False
57b04302-0f0d-4650-b7a8-07829c42cf03,3754266,2662,2,00:41:53.375,86,53,43,Carry,182,31,Crystal Palace,Regular Play,31,Crystal Palace,4884.0,Pape N''Diaye Souaré,Left Back,62.5,7.8,62.5,6.2,1.219366,True,,,,,,,False,,,,,,,False,False,left_to_right,False,62.5,7.8,62.5,6.2,False,False,False,False
52faee2f-e127-4602-b8c1-86ffbffbd4be,3754266,2663,2,00:41:54.534,86,54,17,Pressure,182,31,Crystal Palace,Regular Play,23,Watford,7745.0,Steven Berghuis,Right Midfield,52.5,69.1,,,0.186038,False,,,,,,,False,,,,,,,False,False,left_to_right,False,52.5,69.1,,,False,False,False,False
3c73dc6e-f56d-489f-b059-9d340ce324d7,3754266,2664,2,00:41:54.595,86,54,30,Pass,182,31,Crystal Palace,Regular Play,31,Crystal Palace,4884.0,Pape N''Diaye Souaré,Left Back,62.5,6.2,77.0,7.3,1.045651,True,,,,,,,True,14.541664,0.07571704,Ground Pass,,3507.0,Wilfried Zaha,False,False,left_to_right,False,62.5,6.2,77.0,7.3,False,False,False,False
4afa1477-456d-409b-a900-a6ced7e99bae,3754266,2665,2,00:41:55.640,86,55,42,Ball Receipt*,182,31,Crystal Palace,Regular Play,31,Crystal Palace,3507.0,Wilfried Zaha,Center Attacking Midfield,77.0,7.3,,,,False,,,,,,,False,,,,,,,False,False,left_to_right,False,77.0,7.3,,,False,False,False,False
64de219a-daf4-4a42-9c71-43b51573a229,3754266,2666,2,00:41:55.640,86,55,43,Carry,182,31,Crystal Palace,Regular Play,31,Crystal Palace,3507.0,Wilfried Zaha,Center Attacking Midfield,77.0,7.3,85.1,7.8,3.254757,False,,,,,,,False,,,,,,,False,False,left_to_right,False,77.0,7.3,85.1,7.8,False,False,False,False
6b8d1f0a-83aa-40f1-ab0b-215b3b773394,3754266,2667,2,00:41:58.895,86,58,30,Pass,182,31,Crystal Palace,Regular Play,31,Crystal Palace,3507.0,Wilfried Zaha,Center Attacking Midfield,85.1,7.8,84.4,19.7,0.527514,False,,,,,,Incomplete,False,11.92057,1.6295521,Ground Pass,,,,False,False,left_to_right,False,85.1,7.8,84.4,19.7,False,False,False,True
74a37982-987e-490b-8cf1-e099eacdcf72,3754266,2668,2,00:41:59.422,86,59,10,Interception,182,31,Crystal Palace,Regular Play,23,Watford,3721.0,Etienne Capoue,Right Center Midfield,35.7,60.4,,,0.0,False,,,,,,,False,,,,,,,False,False,left_to_right,False,35.7,60.4,,,False,False,False,False
9c3ba6fe-9955-4334-a495-07b314440ed9,3754266,2669,2,00:41:59.422,86,59,43,Carry,182,31,Crystal Palace,Regular Play,23,Watford,3721.0,Etienne Capoue,Right Center Midfield,35.7,60.4,47.7,69.1,2.877705,True,,,,,,,False,,,,,,,False,False,left_to_right,False,35.7,60.4,47.7,69.1,False,False,False,False
a48f5056-ef45-4ebe-8a54-b257980f1d34,3754266,2670,2,00:42:01.034,87,1,17,Pressure,182,31,Crystal Palace,Regular Play,31,Crystal Palace,3507.0,Wilfried Zaha,Center Attacking Midfield,84.9,14.2,,,1.028396,False,,,,,,,False,,,,,,,False,False,left_to_right,False,84.9,14.2,,,False,False,False,False
b5b6f0a9-ea26-475a-bb1f-cc4f1fbe52f6,3754266,2671,2,00:42:02.300,87,2,22,Foul Committed,182,31,Crystal Palace,Regular Play,31,Crystal Palace,3507.0,Wilfried Zaha,Center Attacking Midfield,72.4,11.0,,,0.0,False,,,,,,,False,,,,,,,False,False,left_to_right,False,72.4,11.0,,,False,False,False,False
b1c1a3b0-3139-44de-9fca-f50c828aea81,3754266,2672,2,00:42:02.300,87,2,21,Foul Won,182,31,Crystal Palace,Regular Play,23,Watford,3721.0,Etienne Capoue,Right Center Midfield,47.7,69.1,,,0.0,True,,,,,,,False,,,,,,,False,False,left_to_right,False,47.7,69.1,,,False,False,False,False
0d13086b-dcea-4dc9-912a-a642c42043b7,3754266,2673,2,00:42:30.887,87,30,30,Pass,183,23,Watford,From Free Kick,23,Watford,3522.0,Heurelho da Silva Gomes,Goalkeeper,47.9,69.6,113.2,33.6,3.850543,False,,,,,,Incomplete,False,74.56601,-0.50384206,High Pass,Free Kick,,,False,False,left_to_right,False,47.9,69.6,113.2,33.6,False,True,True,True
e37058a6-c526-4ad8-a277-f3fe652294e9,3754266,2674,2,00:42:34.737,87,34,23,Goal Keeper,184,31,Crystal Palace,From Keeper,31,Crystal Palace,3488.0,Wayne Hennessey,Goalkeeper,6.9,46.5,,,0.0,False,,,,,,,False,,,,,,,False,False,left_to_right,False,6.9,46.5,,,False,False,False,False
ffda1165-8242-4443-8697-f53d22a5bec6,3754266,2675,2,00:42:34.737,87,34,43,Carry,184,31,Crystal Palace,From Keeper,31,Crystal Palace,3488.0,Wayne Hennessey,Goalkeeper,6.9,46.5,14.4,48.5,13.686872,False,,,,,,,False,,,,,,,False,False,left_to_right,False,6.9,46.5,14.4,48.5,False,False,False,False
96fc6f8e-a8a4-4a6c-8214-57522f135c53,3754266,2676,2,00:42:48.424,87,48,30,Pass,184,31,Crystal Palace,From Keeper,31,Crystal Palace,3488.0,Wayne Hennessey,Goalkeeper,14.4,48.5,78.4,71.6,4.272226,False,,,,,,Incomplete,False,68.04124,0.34638527,High Pass,,,,False,False,left_to_right,False,14.4,48.5,78.4,71.6,False,True,False,True
a09e6f71-9c2e-4c3c-a032-3d5b37536634,3754266,2677,2,00:42:52.696,87,52,4,Duel,184,31,Crystal Palace,From Keeper,31,Crystal Palace,9641.0,Fraizer Campbell,Center Forward,78.4,71.6,,,0.0,True,,,,,,,False,,,,,,,False,False,left_to_right,False,78.4,71.6,,,False,False,False,False
fc16cb81-d095-4b45-a21b-aaa0aab289fc,3754266,2678,2,00:42:52.696,87,52,30,Pass,184,31,Crystal Palace,From Keeper,23,Watford,3306.0,Nathan Aké,Left Back,41.7,8.5,43.3,0.1,2.999342,True,,,,,,Out,False,8.5510235,-1.3825748,High Pass,Recovery,40453.0,Segundo Víctor Ibarbo Guerrero,False,False,left_to_right,False,41.7,8.5,43.3,0.1,False,False,False,True
c298a92b-dc29-492e-acb7-860e48213e19,3754266,2679,2,00:42:55.696,87,55,42,Ball Receipt*,184,31,Crystal Palace,From Keeper,23,Watford,40453.0,Segundo Víctor Ibarbo Guerrero,Left Center Midfield,48.4,3.9,,,,False,,,,,,,False,,,,,,,False,False,left_to_right,False,48.4,3.9,,,False,False,False,False
e8ebe6f4-7a61-41e5-8100-ab453838a43c,3754266,2680,2,00:43:10.032,88,10,30,Pass,185,31,Crystal Palace,From Throw In,31,Crystal Palace,3448.0,Martin Kelly,Right Back,76.4,80.0,103.3,76.0,1.888612,False,,,,,,,True,27.195772,-0.14761722,High Pass,Throw-in,9641.0,Fraizer Campbell,False,False,left_to_right,False,76.4,80.0,103.3,76.0,False,True,True,False
01bab833-222a-439e-8595-7b5ba91b22e8,3754266,2681,2,00:43:11.921,88,11,42,Ball Receipt*,185,31,Crystal Palace,From Throw In,31,Crystal Palace,9641.0,Fraizer Campbell,Center Forward,103.3,76.0,,,,False,,,,,,,False,,,,,,,False,False,left_to_right,False,103.3,76.0,,,False,False,False,False
ffd4015b-2e90-40d7-a73d-10fe7ebb88b2,3754266,2682,2,00:43:11.921,88,11,43,Carry,185,31,Crystal Palace,From Throw In,31,Crystal Palace,9641.0,Fraizer Campbell,Center Forward,103.3,76.0,100.6,76.2,0.690511,False,,,,,,,False,,,,,,,False,False,left_to_right,False,103.3,76.0,100.6,76.2,False,False,False,False
bac31b5c-7775-45c6-9f55-246e461a651b,3754266,2683,2,00:43:12.612,88,12,30,Pass,185,31,Crystal Palace,From Throw In,31,Crystal Palace,9641.0,Fraizer Campbell,Center Forward,100.6,76.2,90.0,77.4,1.172384,False,,,,,,,True,10.667708,3.028865,High Pass,,19688.0,Jason Puncheon,False,False,left_to_right,False,100.6,76.2,90.0,77.4,False,False,False,False
54cfc08e-36f8-4a86-aa80-9782514b6552,3754266,2684,2,00:43:12.612,88,12,17,Pressure,185,31,Crystal Palace,From Throw In,23,Watford,6870.0,José Manuel Jurado Marín,Left Midfield,23.7,5.0,,,0.229043,False,,,,,,,False,,,,,,,False,False,left_to_right,False,23.7,5.0,,,False,False,False,False
557a4a5a-965d-4d0b-aecb-80acb1aed890,3754266,2685,2,00:43:13.784,88,13,42,Ball Receipt*,185,31,Crystal Palace,From Throw In,31,Crystal Palace,19688.0,Jason Puncheon,Right Wing,90.0,77.4,,,,False,,,,,,,False,,,,,,,False,False,left_to_right,False,90.0,77.4,,,False,False,False,False
61add4c9-1b71-4e8e-8679-e2cc8fa9d742,3754266,2686,2,00:43:13.784,88,13,43,Carry,185,31,Crystal Palace,From Throw In,31,Crystal Palace,19688.0,Jason Puncheon,Right Wing,90.0,77.4,90.2,77.2,0.681969,False,,,,,,,False,,,,,,,False,False,left_to_right,False,90.0,77.4,90.2,77.2,False,False,False,False
d9ab5b8c-87ca-4563-ac6a-b42bc470fcbb,3754266,2687,2,00:43:14.466,88,14,30,Pass,185,31,Crystal Palace,From Throw In,31,Crystal Palace,19688.0,Jason Puncheon,Right Wing,90.2,77.2,96.4,70.4,0.607246,False,,,,,,,True,9.202173,-0.8315193,Low Pass,,9641.0,Fraizer Campbell,False,False,left_to_right,False,90.2,77.2,96.4,70.4,False,False,False,False
06381c81-0597-4525-920d-87c00c1e2cc8,3754266,2688,2,00:43:14.731,88,14,17,Pressure,185,31,Crystal Palace,From Throw In,23,Watford,3721.0,Etienne Capoue,Right Center Midfield,23.0,13.3,,,0.49787,False,,,,,,,False,,,,,,,False,False,left_to_right,False,23.0,13.3,,,False,False,False,False
e67f0db5-d34a-4830-8edf-8ce0f02fed65,3754266,2689,2,00:43:15.073,88,15,42,Ball Receipt*,185,31,Crystal Palace,From Throw In,31,Crystal Palace,9641.0,Fraizer Campbell,Center Forward,96.4,70.4,,,,True,,,,,,,False,,,,,,,False,False,left_to_right,False,96.4,70.4,,,False,False,False,False
3102fd92-2edf-450b-adee-791a0cba4cba,3754266,2690,2,00:43:15.073,88,15,43,Carry,185,31,Crystal Palace,From Throw In,31,Crystal Palace,9641.0,Fraizer Campbell,Center Forward,96.4,70.4,96.6,70.4,0.04,True,,,,,,,False,,,,,,,False,False,left_to_right,False,96.4,70.4,96.6,70.4,False,False,False,False
1383225b-065d-4af2-8f8c-113db5433a0b,3754266,2691,2,00:43:15.113,88,15,30,Pass,185,31,Crystal Palace,From Throw In,31,Crystal Palace,9641.0,Fraizer Campbell,Center Forward,96.6,70.4,112.6,76.0,2.174944,True,,,,,,,True,16.951696,0.3366748,Ground Pass,,19688.0,Jason Puncheon,False,False,left_to_right,False,96.6,70.4,112.6,76.0,False,False,False,False
97f83bd5-c47c-4172-be49-33126c33e13b,3754266,2692,2,00:43:16.858,88,16,17,Pressure,185,31,Crystal Palace,From Throw In,23,Watford,3306.0,Nathan Aké,Left Back,10.5,6.4,,,0.540021,False,,,,,,,False,,,,,,,False,False,left_to_right,False,10.5,6.4,,,False,False,False,False
bb9c62af-d61b-4e83-9a85-1b6a50079095,3754266,2693,2,00:43:17.288,88,17,42,Ball Receipt*,185,31,Crystal Palace,From Throw In,31,Crystal Palace,19688.0,Jason Puncheon,Right Wing,112.6,76.0,,,,True,,,,,,,False,,,,,,,False,False,left_to_right,False,112.6,76.0,,,False,False,False,False
5c3e01ed-aa4e-4928-91f0-3bcef6699870,3754266,2694,2,00:43:17.288,88,17,43,Carry,185,31,Crystal Palace,From Throw In,31,Crystal Palace,19688.0,Jason Puncheon,Right Wing,112.6,76.0,114.2,77.8,0.188604,True,,,,,,,False,,,,,,,False,False,left_to_right,False,112.6,76.0,114.2,77.8,False,False,False,False
a81194ed-c021-4303-b761-3ae7d9817e1e,3754266,2695,2,00:43:17.477,88,17,30,Pass,185,31,Crystal Palace,From Throw In,31,Crystal Palace,19688.0,Jason Puncheon,Right Wing,114.2,77.8,101.5,42.1,1.97496,False,,,,,,Incomplete,False,37.89169,-1.9125776,High Pass,,,,False,False,left_to_right,False,114.2,77.8,101.5,42.1,False,True,False,True
d1a9bbaf-4710-4bd2-9edd-61b13e0976fe,3754266,2696,2,00:43:19.452,88,19,2,Ball Recovery,185,31,Crystal Palace,From Throw In,23,Watford,40118.0,Ikechi Anya,Right Back,18.6,38.0,,,0.0,False,,,,,,,False,,,,,,,False,False,left_to_right,False,18.6,38.0,,,False,False,False,False
7fb74420-bd7f-479e-b6a2-2cb35554b020,3754266,2697,2,00:43:19.452,88,19,43,Carry,185,31,Crystal Palace,From Throw In,23,Watford,40118.0,Ikechi Anya,Right Back,18.6,38.0,15.1,30.6,1.434133,True,,,,,,,False,,,,,,,False,False,left_to_right,False,18.6,38.0,15.1,30.6,False,False,False,False
6db51117-d2ca-49ab-8e89-17731e6c84d9,3754266,2698,2,00:43:20.360,88,20,17,Pressure,185,31,Crystal Palace,From Throw In,31,Crystal Palace,9641.0,Fraizer Campbell,Center Forward,96.9,44.4,,,0.622747,False,,,,,,,False,,,,,,,False,False,left_to_right,False,96.9,44.4,,,False,False,False,False
a12216b1-78c2-4e8b-a678-0135085567d9,3754266,2699,2,00:43:20.886,88,20,30,Pass,185,31,Crystal Palace,From Throw In,23,Watford,40118.0,Ikechi Anya,Right Back,15.1,30.6,50.2,7.8,2.18686,True,,,,,,,True,41.855106,-0.5760747,High Pass,,3454.0,Troy Deeney,False,False,left_to_right,False,15.1,30.6,50.2,7.8,False,True,False,False
78aa4607-6eaa-4964-acf7-daf90c4a5bab,3754266,2700,2,00:43:23.073,88,23,42,Ball Receipt*,185,31,Crystal Palace,From Throw In,23,Watford,3454.0,Troy Deeney,Right Center Forward,50.2,7.8,,,,False,,,,,,,False,,,,,,,False,False,left_to_right,False,50.2,7.8,,,False,False,False,False
3cefae46-1489-4d39-854d-2ec310c57e1a,3754266,2701,2,00:43:23.113,88,23,4,Duel,185,31,Crystal Palace,From Throw In,31,Crystal Palace,3407.0,Scott Dann,Right Center Back,69.9,72.3,,,0.0,True,,,,,,,False,,,,,,,False,False,left_to_right,False,69.9,72.3,,,False,False,False,False
2f7aa353-18f7-4389-ae4d-5627a6cea99f,3754266,2702,2,00:43:23.113,88,23,30,Pass,185,31,Crystal Palace,From Throw In,23,Watford,3454.0,Troy Deeney,Right Center Forward,50.2,7.8,50.9,20.0,1.178608,True,,,,,,Incomplete,False,12.220065,1.5134821,High Pass,,5458.0,Odion Jude Ighalo,False,False,left_to_right,False,50.2,7.8,50.9,20.0,False,False,False,True
fc901d78-540d-4608-a167-ff637233941d,3754266,2703,2,00:43:24.291,88,24,42,Ball Receipt*,185,31,Crystal Palace,From Throw In,23,Watford,5458.0,Odion Jude Ighalo,Left Center Forward,56.7,26.0,,,,False,,,,,,,False,,,,,,,False,False,left_to_right,False,56.7,26.0,,,False,False,False,False
d9cdaea4-735e-4682-8f5a-5a6ca4663e3a,3754266,2704,2,00:43:24.291,88,24,30,Pass,185,31,Crystal Palace,From Throw In,31,Crystal Palace,4817.0,Joe Ledley,Left Defensive Midfield,69.2,60.1,69.4,70.9,0.452591,False,,,,,,,True,10.801851,1.55228,High Pass,Recovery,3407.0,Scott Dann,False,False,left_to_right,False,69.2,60.1,69.4,70.9,False,False,False,False
1a15a020-d743-4607-8118-473ba5ab9ab6,3754266,2705,2,00:43:24.744,88,24,42,Ball Receipt*,185,31,Crystal Palace,From Throw In,31,Crystal Palace,3407.0,Scott Dann,Right Center Back,69.4,70.9,,,,False,,,,,,,False,,,,,,,False,False,left_to_right,False,69.4,70.9,,,False,False,False,False
25ca0f14-103b-4632-9514-eb510cc8ac65,3754266,2706,2,00:43:24.784,88,24,30,Pass,185,31,Crystal Palace,From Throw In,31,Crystal Palace,3407.0,Scott Dann,Right Center Back,69.4,70.9,41.1,61.3,2.421778,False,,,,,,,True,29.883942,-2.814551,Low Pass,,43695.0,Brede Hangeland,False,False,left_to_right,False,69.4,70.9,41.1,61.3,False,False,False,False
efe9bba0-cc0d-4fed-aa31-3853ad1741f6,3754266,2707,2,00:43:27.206,88,27,42,Ball Receipt*,185,31,Crystal Palace,From Throw In,31,Crystal Palace,43695.0,Brede Hangeland,Left Center Back,41.1,61.3,,,,False,,,,,,,False,,,,,,,False,False,left_to_right,False,41.1,61.3,,,False,False,False,False
f8e26420-d776-4a6f-902e-bafe22886d76,3754266,2708,2,00:43:27.206,88,27,43,Carry,185,31,Crystal Palace,From Throw In,31,Crystal Palace,43695.0,Brede Hangeland,Left Center Back,41.1,61.3,32.8,60.6,1.282002,False,,,,,,,False,,,,,,,False,False,left_to_right,False,41.1,61.3,32.8,60.6,False,False,False,False
f6f397cf-731b-4ffe-9006-5d28bbad8912,3754266,2709,2,00:43:28.488,88,28,30,Pass,185,31,Crystal Palace,From Throw In,31,Crystal Palace,43695.0,Brede Hangeland,Left Center Back,32.8,60.6,12.7,52.5,1.70547,False,,,,,,,True,21.670717,-2.7585156,Ground Pass,,3488.0,Wayne Hennessey,False,False,left_to_right,False,32.8,60.6,12.7,52.5,False,False,False,False
6b063ba7-1652-4d52-b40f-0e89eed05e3b,3754266,2710,2,00:43:30.193,88,30,42,Ball Receipt*,185,31,Crystal Palace,From Throw In,31,Crystal Palace,3488.0,Wayne Hennessey,Goalkeeper,12.7,52.5,,,,False,,,,,,,False,,,,,,,False,False,left_to_right,False,12.7,52.5,,,False,False,False,False
76321ba3-effb-43b0-a9f5-f1036639457c,3754266,2711,2,00:43:30.193,88,30,43,Carry,185,31,Crystal Palace,From Throw In,31,Crystal Palace,3488.0,Wayne Hennessey,Goalkeeper,12.7,52.5,12.7,52.5,0.08,False,,,,,,,False,,,,,,,False,False,left_to_right,False,12.7,52.5,12.7,52.5,False,False,False,False
28bfc948-45a2-4632-864f-cb4979095422,3754266,2712,2,00:43:30.273,88,30,30,Pass,185,31,Crystal Palace,From Throw In,31,Crystal Palace,3488.0,Wayne Hennessey,Goalkeeper,12.7,52.5,69.2,29.4,3.070473,False,,,,,,Incomplete,False,61.03982,-0.38811195,High Pass,,,,False,False,left_to_right,False,12.7,52.5,69.2,29.4,False,True,False,True
728b6033-5813-47d8-8a79-098e24d2a01b,3754266,2713,2,00:43:33.125,88,33,17,Pressure,185,31,Crystal Palace,From Throw In,31,Crystal Palace,19688.0,Jason Puncheon,Right Wing,67.8,34.5,,,0.2,False,,,,,,,False,,,,,,,False,False,left_to_right,False,67.8,34.5,,,False,False,False,False
056eac4e-be78-4819-8bbb-24805aeff970,3754266,2714,2,00:43:33.344,88,33,30,Pass,185,31,Crystal Palace,From Throw In,23,Watford,40118.0,Ikechi Anya,Right Back,50.9,50.7,72.1,57.1,1.479765,False,,,,,,Incomplete,False,22.144978,0.2931869,Low Pass,Recovery,,,False,False,left_to_right,False,50.9,50.7,72.1,57.1,False,True,False,True
34a5da83-12cd-45d9-a35f-bbab08db951c,3754266,2715,2,00:43:34.823,88,34,2,Ball Recovery,185,31,Crystal Palace,From Throw In,31,Crystal Palace,4884.0,Pape N''Diaye Souaré,Left Back,48.0,23.0,,,0.0,False,,,,,,,False,,,,,,,False,False,left_to_right,False,48.0,23.0,,,False,False,False,False
6cf1e24b-3afe-4ba0-b092-d5ac7e029a6d,3754266,2716,2,00:43:34.823,88,34,43,Carry,185,31,Crystal Palace,From Throw In,31,Crystal Palace,4884.0,Pape N''Diaye Souaré,Left Back,48.0,23.0,48.4,22.8,1.061309,False,,,,,,,False,,,,,,,False,False,left_to_right,False,48.0,23.0,48.4,22.8,False,False,False,False
62f1072b-c6b8-4dc0-9b20-a73261e3b551,3754266,2717,2,00:43:35.885,88,35,30,Pass,185,31,Crystal Palace,From Throw In,31,Crystal Palace,4884.0,Pape N''Diaye Souaré,Left Back,48.4,22.8,67.6,11.9,3.563617,False,,,,,,,True,22.07827,-0.51633716,Ground Pass,,19688.0,Jason Puncheon,False,False,left_to_right,False,48.4,22.8,67.6,11.9,False,False,False,False
8fe993c4-2b3a-4fc1-9d3d-2a409245080c,3754266,2718,2,00:43:39.448,88,39,42,Ball Receipt*,185,31,Crystal Palace,From Throw In,31,Crystal Palace,19688.0,Jason Puncheon,Right Wing,67.6,11.9,,,,False,,,,,,,False,,,,,,,False,False,left_to_right,False,67.6,11.9,,,False,False,False,False
5e285c82-28c1-4190-8a64-50a07168ff3a,3754266,2719,2,00:43:39.448,88,39,43,Carry,185,31,Crystal Palace,From Throw In,31,Crystal Palace,19688.0,Jason Puncheon,Right Wing,67.6,11.9,75.7,9.6,1.420527,False,,,,,,,False,,,,,,,False,False,left_to_right,False,67.6,11.9,75.7,9.6,False,False,False,False
74f6cbdf-310c-4ad7-ac31-decd9d6b9201,3754266,2720,2,00:43:40.869,88,40,30,Pass,185,31,Crystal Palace,From Throw In,31,Crystal Palace,19688.0,Jason Puncheon,Right Wing,75.7,9.6,92.3,7.8,1.115194,False,,,,,,,True,16.697306,-0.10801172,Ground Pass,,3507.0,Wilfried Zaha,False,False,left_to_right,False,75.7,9.6,92.3,7.8,False,False,True,False
9f5ca3f6-45a5-4487-a0c3-da24cc47ed50,3754266,2721,2,00:43:41.984,88,41,42,Ball Receipt*,185,31,Crystal Palace,From Throw In,31,Crystal Palace,3507.0,Wilfried Zaha,Center Attacking Midfield,92.3,7.8,,,,False,,,,,,,False,,,,,,,False,False,left_to_right,False,92.3,7.8,,,False,False,False,False
a3b6695a-a732-43bc-b22c-06c9363aafb2,3754266,2722,2,00:43:41.984,88,41,43,Carry,185,31,Crystal Palace,From Throw In,31,Crystal Palace,3507.0,Wilfried Zaha,Center Attacking Midfield,92.3,7.8,91.4,7.5,1.68642,False,,,,,,,False,,,,,,,False,False,left_to_right,False,92.3,7.8,91.4,7.5,False,False,False,False
7684256c-4bd9-4adb-a87f-4849994a011a,3754266,2723,2,00:43:43.670,88,43,30,Pass,185,31,Crystal Palace,From Throw In,31,Crystal Palace,3507.0,Wilfried Zaha,Center Attacking Midfield,91.4,7.5,116.2,13.8,3.159462,False,,,,,,,True,25.587692,0.24877012,Ground Pass,,19688.0,Jason Puncheon,False,False,left_to_right,False,91.4,7.5,116.2,13.8,False,True,False,False
c7992023-ee4a-41ee-862b-073377bacf54,3754266,2724,2,00:43:46.604,88,46,17,Pressure,185,31,Crystal Palace,From Throw In,23,Watford,7745.0,Steven Berghuis,Right Midfield,7.5,65.4,,,0.653712,False,,,,,,,False,,,,,,,False,False,left_to_right,False,7.5,65.4,,,False,False,False,False
e70add34-e386-455c-891a-cd94bbef62e4,3754266,2725,2,00:43:46.830,88,46,42,Ball Receipt*,185,31,Crystal Palace,From Throw In,31,Crystal Palace,19688.0,Jason Puncheon,Right Wing,116.2,13.8,,,,True,,,,,,,False,,,,,,,False,False,left_to_right,False,116.2,13.8,,,False,False,False,False
8e3e58fa-8501-4668-a59c-4d347d3665c9,3754266,2726,2,00:43:46.830,88,46,43,Carry,185,31,Crystal Palace,From Throw In,31,Crystal Palace,19688.0,Jason Puncheon,Right Wing,116.2,13.8,119.0,16.8,0.776866,True,,,,,,,False,,,,,,,False,False,left_to_right,False,116.2,13.8,119.0,16.8,False,False,False,False
8eddacb2-c6c0-4ef4-bc86-6dcce7d82786,3754266,2727,2,00:43:47.607,88,47,39,Dribbled Past,185,31,Crystal Palace,From Throw In,23,Watford,7745.0,Steven Berghuis,Right Midfield,1.1,63.3,,,0.0,False,,,,,,,False,,,,,,,False,False,left_to_right,False,1.1,63.3,,,False,False,False,False
3b77b27b-4f38-4859-bfd0-d61aadadd167,3754266,2728,2,00:43:47.607,88,47,14,Dribble,185,31,Crystal Palace,From Throw In,31,Crystal Palace,19688.0,Jason Puncheon,Right Wing,119.0,16.8,,,0.0,True,,,,,,,False,,,,,,,False,False,left_to_right,False,119.0,16.8,,,False,False,False,False
4be89dc1-fade-4c63-9394-a3e109e61f9a,3754266,2729,2,00:43:47.607,88,47,43,Carry,185,31,Crystal Palace,From Throw In,31,Crystal Palace,19688.0,Jason Puncheon,Right Wing,119.0,16.8,116.9,27.1,3.062228,True,,,,,,,False,,,,,,,False,False,left_to_right,False,119.0,16.8,116.9,27.1,True,False,False,False
9b05a111-c35e-4ae1-a5af-96d3eb2a22b8,3754266,2730,2,00:43:49.441,88,49,17,Pressure,185,31,Crystal Palace,From Throw In,23,Watford,3309.0,Sebastian Prödl,Right Center Back,4.1,48.4,,,0.874474,False,,,,,,,False,,,,,,,False,False,left_to_right,False,4.1,48.4,,,False,False,False,False
dd4663b7-187a-4bcf-b5ab-6b666e21e9cf,3754266,2731,2,00:43:50.669,88,50,14,Dribble,185,31,Crystal Palace,From Throw In,31,Crystal Palace,19688.0,Jason Puncheon,Right Wing,116.9,27.1,,,0.0,True,,,,,,,False,,,,,,,False,False,left_to_right,False,116.9,27.1,,,False,False,False,False
cb68acdc-22ea-47f0-afee-5b9e00907db5,3754266,2732,2,00:43:50.669,88,50,4,Duel,186,23,Watford,Regular Play,23,Watford,3309.0,Sebastian Prödl,Right Center Back,3.2,53.0,,,0.0,True,,,,,,,False,,,,,,,False,False,left_to_right,False,3.2,53.0,,,False,False,False,False
23e1259b-3a05-4af0-a8cf-88b5e1ed6f7e,3754266,2733,2,00:43:50.752,88,50,17,Pressure,186,23,Watford,Regular Play,31,Crystal Palace,19688.0,Jason Puncheon,Right Wing,115.5,33.4,,,1.123633,False,,,,,,,False,,,,,,,False,False,left_to_right,False,115.5,33.4,,,False,False,False,False
57f748eb-a5ba-4926-9ec2-f1f6275bb8e7,3754266,2734,2,00:43:51.586,88,51,2,Ball Recovery,186,23,Watford,Regular Play,23,Watford,3522.0,Heurelho da Silva Gomes,Goalkeeper,1.6,46.8,,,0.0,True,,,,,,,False,,,,,,,False,False,left_to_right,False,1.6,46.8,,,False,False,False,False
216b54f8-3f35-405f-9b10-f05009e21fd1,3754266,2735,2,00:43:51.586,88,51,43,Carry,186,23,Watford,Regular Play,23,Watford,3522.0,Heurelho da Silva Gomes,Goalkeeper,1.6,46.8,14.2,32.4,5.432573,True,,,,,,,False,,,,,,,False,False,left_to_right,False,1.6,46.8,14.2,32.4,False,False,False,False
49c4dfdf-65aa-4612-87f5-99d32369e4ab,3754266,2736,2,00:43:57.018,88,57,30,Pass,186,23,Watford,Regular Play,23,Watford,3522.0,Heurelho da Silva Gomes,Goalkeeper,14.2,32.4,29.0,8.0,1.295638,False,,,,,,,True,28.537695,-1.0255692,Low Pass,,40453.0,Segundo Víctor Ibarbo Guerrero,False,False,left_to_right,False,14.2,32.4,29.0,8.0,False,False,False,False
832ffb0b-2689-46f0-8101-c06a753045ec,3754266,2737,2,00:43:58.314,88,58,42,Ball Receipt*,186,23,Watford,Regular Play,23,Watford,40453.0,Segundo Víctor Ibarbo Guerrero,Left Center Midfield,29.0,8.0,,,,False,,,,,,,False,,,,,,,False,False,left_to_right,False,29.0,8.0,,,False,False,False,False
8c29586d-c5a4-43a8-9782-628b3418c203,3754266,2738,2,00:43:58.314,88,58,43,Carry,186,23,Watford,Regular Play,23,Watford,40453.0,Segundo Víctor Ibarbo Guerrero,Left Center Midfield,29.0,8.0,47.7,10.3,4.895364,True,,,,,,,False,,,,,,,False,False,left_to_right,False,29.0,8.0,47.7,10.3,False,False,False,False
50ead976-a615-45d9-951e-e17cbc041376,3754266,2739,2,00:44:02.489,89,2,17,Pressure,186,23,Watford,Regular Play,31,Crystal Palace,3464.0,James McArthur,Right Defensive Midfield,69.4,69.6,,,0.600007,False,,,,,,,False,,,,,,,False,False,left_to_right,False,69.4,69.6,,,False,False,False,False
b863a7ce-dda4-4ab8-bd64-ab901c6f65b2,3754266,2740,2,00:44:03.209,89,3,3,Dispossessed,186,23,Watford,Regular Play,23,Watford,40453.0,Segundo Víctor Ibarbo Guerrero,Left Center Midfield,47.7,10.3,,,0.0,True,,,,,,,False,,,,,,,False,False,left_to_right,False,47.7,10.3,,,False,False,False,True
ec025676-2f97-4fc0-ab92-d223dc7d9538,3754266,2741,2,00:44:03.209,89,3,4,Duel,186,23,Watford,Regular Play,31,Crystal Palace,3464.0,James McArthur,Right Defensive Midfield,72.4,69.8,,,0.0,True,,,,,,,False,,,,,,,False,False,left_to_right,False,72.4,69.8,,,False,False,False,False
a9710bfa-b760-42f1-afef-bdb6213e9b39,3754266,2742,2,00:44:04.203,89,4,2,Ball Recovery,186,23,Watford,Regular Play,23,Watford,3306.0,Nathan Aké,Left Back,35.7,8.5,,,0.0,False,,,,,,,False,,,,,,,False,False,left_to_right,False,35.7,8.5,,,False,False,False,False
60843c7c-cb57-4530-8c17-a2aecf0661c5,3754266,2743,2,00:44:04.203,89,4,43,Carry,186,23,Watford,Regular Play,23,Watford,3306.0,Nathan Aké,Left Back,35.7,8.5,41.7,7.5,3.263406,False,,,,,,,False,,,,,,,False,False,left_to_right,False,35.7,8.5,41.7,7.5,False,False,False,False
babfd5d8-420a-4e2b-b09b-8c434dfa5b07,3754266,2744,2,00:44:07.467,89,7,30,Pass,186,23,Watford,Regular Play,23,Watford,3306.0,Nathan Aké,Left Back,41.7,7.5,42.8,19.5,0.969498,False,,,,,,,True,12.050311,1.4793851,Ground Pass,,3721.0,Etienne Capoue,False,False,left_to_right,False,41.7,7.5,42.8,19.5,False,False,False,False
af663f3d-0333-4334-8e7b-a9342e5dda07,3754266,2745,2,00:44:08.436,89,8,42,Ball Receipt*,186,23,Watford,Regular Play,23,Watford,3721.0,Etienne Capoue,Right Center Midfield,42.8,19.5,,,,False,,,,,,,False,,,,,,,False,False,left_to_right,False,42.8,19.5,,,False,False,False,False
754911ad-30a1-42dd-84c7-469302da35be,3754266,2746,2,00:44:08.436,89,8,30,Pass,186,23,Watford,Regular Play,23,Watford,3721.0,Etienne Capoue,Right Center Midfield,42.8,19.1,56.7,5.2,2.420625,False,,,,,,,True,19.657568,-0.7853982,Ground Pass,,3306.0,Nathan Aké,False,False,left_to_right,False,42.8,19.1,56.7,5.2,False,False,False,False
864085f5-8221-4249-a749-585df8bba7e1,3754266,2747,2,00:44:10.857,89,10,42,Ball Receipt*,186,23,Watford,Regular Play,23,Watford,3306.0,Nathan Aké,Left Back,56.7,5.2,,,,False,,,,,,,False,,,,,,,False,False,left_to_right,False,56.7,5.2,,,False,False,False,False
e35ca056-399c-4e06-b947-0f28af686f4a,3754266,2748,2,00:44:10.857,89,10,43,Carry,186,23,Watford,Regular Play,23,Watford,3306.0,Nathan Aké,Left Back,56.7,5.2,70.0,3.9,1.89629,False,,,,,,,False,,,,,,,False,False,left_to_right,False,56.7,5.2,70.0,3.9,False,False,False,False
8ff0cb55-b902-4701-9d37-5b7ae3c022a1,3754266,2749,2,00:44:12.753,89,12,30,Pass,186,23,Watford,Regular Play,23,Watford,3306.0,Nathan Aké,Left Back,70.0,3.9,103.5,55.3,5.006259,False,,,,,,,True,61.353157,0.9931912,High Pass,,7745.0,Steven Berghuis,False,False,left_to_right,False,70.0,3.9,103.5,55.3,False,True,True,False
e131cd8a-47e3-4e1c-9129-45c16a76bbe6,3754266,2750,2,00:44:17.718,89,17,42,Ball Receipt*,186,23,Watford,Regular Play,23,Watford,7745.0,Steven Berghuis,Right Midfield,103.5,55.3,,,,False,,,,,,,False,,,,,,,False,False,left_to_right,False,103.5,55.3,,,False,False,False,False
6f9ce136-da85-4b76-9ed5-104e790f6621,3754266,2751,2,00:44:17.718,89,17,4,Duel,186,23,Watford,Regular Play,31,Crystal Palace,3507.0,Wilfried Zaha,Center Attacking Midfield,16.6,24.8,,,0.0,True,,,,,,,False,,,,,,,False,False,left_to_right,False,16.6,24.8,,,False,False,False,False
213088c2-8fe6-44cc-8ada-902d6989effb,3754266,2752,2,00:44:17.718,89,17,30,Pass,186,23,Watford,Regular Play,23,Watford,7745.0,Steven Berghuis,Right Midfield,103.5,55.3,97.7,46.8,0.934501,True,,,,,,,True,10.290287,-2.1695802,Low Pass,,3454.0,Troy Deeney,False,False,left_to_right,False,103.5,55.3,97.7,46.8,False,False,False,False
86f177e8-8ad0-415f-85f3-dd5874774332,3754266,2753,2,00:44:18.652,89,18,42,Ball Receipt*,186,23,Watford,Regular Play,23,Watford,3454.0,Troy Deeney,Right Center Forward,97.7,46.8,,,,False,,,,,,,False,,,,,,,False,False,left_to_right,False,97.7,46.8,,,False,False,False,False
5a9ce640-45e3-4a61-8093-ccbc06fc9c86,3754266,2754,2,00:44:18.652,89,18,43,Carry,186,23,Watford,Regular Play,23,Watford,3454.0,Troy Deeney,Right Center Forward,97.7,46.8,97.7,46.8,0.04,False,,,,,,,False,,,,,,,False,False,left_to_right,False,97.7,46.8,97.7,46.8,False,False,False,False
fd62efa0-ef5a-44b1-8c1b-6b3735cd341c,3754266,2755,2,00:44:18.692,89,18,30,Pass,186,23,Watford,Regular Play,23,Watford,3454.0,Troy Deeney,Right Center Forward,97.7,46.8,116.8,64.7,3.280699,False,,,,,,,True,26.176706,0.7529771,High Pass,,7745.0,Steven Berghuis,False,False,left_to_right,False,97.7,46.8,116.8,64.7,False,False,False,False
5e1e83cd-5ed6-49b9-a2e7-f463bf64b138,3754266,2756,2,00:44:21.931,89,21,17,Pressure,186,23,Watford,Regular Play,31,Crystal Palace,3507.0,Wilfried Zaha,Center Attacking Midfield,4.6,12.8,,,1.657413,False,,,,,,,False,,,,,,,False,False,left_to_right,False,4.6,12.8,,,False,False,False,False
fd3c3240-8f9a-4d0f-b6ef-3e979d404fb6,3754266,2757,2,00:44:21.973,89,21,42,Ball Receipt*,186,23,Watford,Regular Play,23,Watford,7745.0,Steven Berghuis,Right Midfield,116.8,64.7,,,,True,,,,,,,False,,,,,,,False,False,left_to_right,False,116.8,64.7,,,False,False,False,False
3c50e4ee-a4c3-41a9-a24e-968deeb0e43f,3754266,2758,2,00:44:21.973,89,21,43,Carry,186,23,Watford,Regular Play,23,Watford,7745.0,Steven Berghuis,Right Midfield,116.8,64.7,116.1,73.9,1.523798,True,,,,,,,False,,,,,,,False,False,left_to_right,False,116.8,64.7,116.1,73.9,False,False,False,False
7f18abe6-3891-4d23-b0bc-fc6acc042ea7,3754266,2759,2,00:44:23.497,89,23,30,Pass,186,23,Watford,Regular Play,23,Watford,7745.0,Steven Berghuis,Right Midfield,116.1,73.9,98.9,79.5,1.276784,True,,,,,,Out,False,18.08867,2.826835,High Pass,,,,False,False,left_to_right,False,116.1,73.9,98.9,79.5,False,False,False,True
5d412ebb-1410-46bc-a9b4-805e548c362c,3754266,2760,2,00:44:59.155,89,59,30,Pass,187,31,Crystal Palace,From Throw In,31,Crystal Palace,4884.0,Pape N''Diaye Souaré,Left Back,9.9,0.1,32.8,3.8,2.064993,False,,,,,,Incomplete,False,23.196983,0.16018769,High Pass,Throw-in,,,False,False,left_to_right,False,9.9,0.1,32.8,3.8,False,False,False,True
bbce06a2-d829-409d-a4da-cf0d87aec8cd,3754266,2761,2,00:45:01.220,90,1,30,Pass,187,31,Crystal Palace,From Throw In,23,Watford,40118.0,Ikechi Anya,Right Back,87.3,76.3,92.4,67.5,0.801271,False,,,,,,Incomplete,False,10.171038,-1.0455527,Low Pass,Recovery,7745.0,Steven Berghuis,False,False,left_to_right,False,87.3,76.3,92.4,67.5,False,False,False,True
1d823a1a-9267-4c24-9432-6af821288a9d,3754266,2762,2,00:45:02.021,90,2,42,Ball Receipt*,187,31,Crystal Palace,From Throw In,23,Watford,7745.0,Steven Berghuis,Right Midfield,95.2,61.3,,,,False,,,,,,,False,,,,,,,False,False,left_to_right,False,95.2,61.3,,,False,False,False,False
29d29dd1-ce65-42b7-9ca2-4ca3cc1c73ae,3754266,2763,2,00:45:02.021,90,2,2,Ball Recovery,187,31,Crystal Palace,From Throw In,31,Crystal Palace,3507.0,Wilfried Zaha,Center Attacking Midfield,27.7,12.6,,,0.0,False,,,,,,,False,,,,,,,False,False,left_to_right,False,27.7,12.6,,,False,False,False,False
a5377c7c-1610-4899-a040-d032785380b5,3754266,2764,2,00:45:02.021,90,2,43,Carry,187,31,Crystal Palace,From Throw In,31,Crystal Palace,3507.0,Wilfried Zaha,Center Attacking Midfield,27.7,12.6,29.5,16.1,2.152907,False,,,,,,,False,,,,,,,False,False,left_to_right,False,27.7,12.6,29.5,16.1,False,False,False,False
b6929573-cf28-47df-97e7-8b07b85c65c9,3754266,2765,2,00:45:04.174,90,4,30,Pass,187,31,Crystal Palace,From Throw In,31,Crystal Palace,3507.0,Wilfried Zaha,Center Attacking Midfield,29.5,16.1,57.7,26.9,2.303676,False,,,,,,Incomplete,False,30.197351,0.3657473,Ground Pass,,,,False,False,left_to_right,False,29.5,16.1,57.7,26.9,False,True,False,True
d44ac777-5df8-490c-a1fc-4792568c636b,3754266,2766,2,00:45:06.143,90,6,17,Pressure,187,31,Crystal Palace,From Throw In,31,Crystal Palace,9641.0,Fraizer Campbell,Center Forward,50.7,27.4,,,0.374441,False,,,,,,,False,,,,,,,False,False,left_to_right,False,50.7,27.4,,,False,False,False,False
e7a1250f-ca74-44cd-8383-47f948ec3a01,3754266,2767,2,00:45:06.478,90,6,30,Pass,187,31,Crystal Palace,From Throw In,23,Watford,3306.0,Nathan Aké,Left Back,62.4,53.2,92.4,47.9,2.463459,True,,,,,,,True,30.46457,-0.17486235,Low Pass,Recovery,5458.0,Odion Jude Ighalo,False,False,left_to_right,False,62.4,53.2,92.4,47.9,False,True,True,False
13c4cf63-25a8-4171-87e8-9e249fd08b6a,3754266,2768,2,00:45:08.675,90,8,17,Pressure,187,31,Crystal Palace,From Throw In,31,Crystal Palace,3407.0,Scott Dann,Right Center Back,24.3,32.2,,,0.245756,False,,,,,,,False,,,,,,,False,False,left_to_right,False,24.3,32.2,,,False,False,False,False
9ac7a264-8b44-4bb3-adf5-0568b14bb158,3754266,2769,2,00:45:08.941,90,8,42,Ball Receipt*,187,31,Crystal Palace,From Throw In,23,Watford,5458.0,Odion Jude Ighalo,Left Center Forward,92.4,47.9,,,,False,,,,,,,False,,,,,,,False,False,left_to_right,False,92.4,47.9,,,False,False,False,False
3a4827bd-1922-462e-804d-2757f01e2be6,3754266,2770,2,00:45:08.941,90,8,43,Carry,187,31,Crystal Palace,From Throw In,23,Watford,5458.0,Odion Jude Ighalo,Left Center Forward,92.4,47.9,94.2,47.4,0.10746,False,,,,,,,False,,,,,,,False,False,left_to_right,False,92.4,47.9,94.2,47.4,False,False,False,False
dbee7446-0587-484d-9871-e683219828e5,3754266,2771,2,00:45:09.049,90,9,38,Miscontrol,187,31,Crystal Palace,From Throw In,23,Watford,5458.0,Odion Jude Ighalo,Left Center Forward,94.2,47.4,,,0.0,False,,,,,,,False,,,,,,,False,False,left_to_right,False,94.2,47.4,,,False,False,False,True
1d2c3ec4-ef66-44dc-9833-6947f70f61bc,3754266,2772,2,00:45:10.161,90,10,30,Pass,187,31,Crystal Palace,From Throw In,31,Crystal Palace,3464.0,James McArthur,Right Defensive Midfield,30.2,38.0,19.2,58.7,2.801777,False,,,,,,,True,23.441202,2.059248,Ground Pass,Recovery,3448.0,Martin Kelly,False,False,left_to_right,False,30.2,38.0,19.2,58.7,False,False,False,False
fa9d0e48-a716-4179-ba15-d607ba4eb40d,3754266,2773,2,00:45:12.962,90,12,42,Ball Receipt*,187,31,Crystal Palace,From Throw In,31,Crystal Palace,3448.0,Martin Kelly,Right Back,19.2,58.7,,,,False,,,,,,,False,,,,,,,False,False,left_to_right,False,19.2,58.7,,,False,False,False,False
bd4491ff-bf75-4013-9c4d-3fdc7d9e1764,3754266,2774,2,00:45:12.962,90,12,43,Carry,187,31,Crystal Palace,From Throw In,31,Crystal Palace,3448.0,Martin Kelly,Right Back,19.2,58.7,19.2,58.7,0.04,False,,,,,,,False,,,,,,,False,False,left_to_right,False,19.2,58.7,19.2,58.7,False,False,False,False
e28b7560-b9dd-4fba-bd28-ca732d03636f,3754266,2775,2,00:45:13.002,90,13,30,Pass,187,31,Crystal Palace,From Throw In,31,Crystal Palace,3448.0,Martin Kelly,Right Back,19.2,58.7,56.1,80.0,2.905539,False,,,,,,Out,False,42.60634,0.5235129,High Pass,,,,False,False,left_to_right,False,19.2,58.7,56.1,80.0,False,True,False,True
e9be546e-fe97-414a-9d65-4d7fcd626833,3754266,2776,2,00:45:18.830,90,18,30,Pass,188,23,Watford,From Throw In,23,Watford,3306.0,Nathan Aké,Left Back,65.2,0.1,49.0,6.2,1.933816,False,,,,,,,True,17.310402,2.7814698,Low Pass,Throw-in,3263.0,Craig Cathcart,False,False,left_to_right,False,65.2,0.1,49.0,6.2,False,False,False,False
4f2810d7-e01c-4b35-bb1a-54c4449f870d,3754266,2777,2,00:45:20.763,90,20,42,Ball Receipt*,188,23,Watford,From Throw In,23,Watford,3263.0,Craig Cathcart,Left Center Back,49.0,6.2,,,,False,,,,,,,False,,,,,,,False,False,left_to_right,False,49.0,6.2,,,False,False,False,False
3796c038-14dd-4ad8-b9d8-4afbd306c7d2,3754266,2778,2,00:45:20.763,90,20,43,Carry,188,23,Watford,From Throw In,23,Watford,3263.0,Craig Cathcart,Left Center Back,49.0,6.2,49.7,6.2,2.620262,False,,,,,,,False,,,,,,,False,False,left_to_right,False,49.0,6.2,49.7,6.2,False,False,False,False
a600354e-fc7c-4b39-bfd8-1a6b76ed53e0,3754266,2779,2,00:45:23.384,90,23,30,Pass,188,23,Watford,From Throw In,23,Watford,3263.0,Craig Cathcart,Left Center Back,49.7,6.2,100.0,25.3,3.028717,False,,,,,,Incomplete,False,53.804276,0.36290377,High Pass,,,,False,False,left_to_right,False,49.7,6.2,100.0,25.3,False,True,True,True
109ce665-082e-45bd-9ce0-35dec72abd02,3754266,2780,2,00:45:26.412,90,26,4,Duel,188,23,Watford,From Throw In,23,Watford,3454.0,Troy Deeney,Right Center Forward,100.0,25.3,,,0.0,True,,,,,,,False,,,,,,,False,False,left_to_right,False,100.0,25.3,,,False,False,False,False
acec38f2-35f4-44ca-ae39-98524bcd11d1,3754266,2781,2,00:45:26.412,90,26,30,Pass,189,31,Crystal Palace,Regular Play,31,Crystal Palace,43695.0,Brede Hangeland,Left Center Back,20.1,54.8,34.2,58.3,0.969418,True,,,,,,,True,14.5279045,0.24330921,High Pass,Recovery,3464.0,James McArthur,False,False,left_to_right,False,20.1,54.8,34.2,58.3,False,False,False,False
7ff23f90-7792-4e67-b792-4d97286eb0fd,3754266,2782,2,00:45:27.382,90,27,42,Ball Receipt*,189,31,Crystal Palace,Regular Play,31,Crystal Palace,3464.0,James McArthur,Right Defensive Midfield,34.2,58.3,,,,False,,,,,,,False,,,,,,,False,False,left_to_right,False,34.2,58.3,,,False,False,False,False
e17d2718-36a2-495c-add3-cf3800598c9d,3754266,2783,2,00:45:27.382,90,27,43,Carry,189,31,Crystal Palace,Regular Play,31,Crystal Palace,3464.0,James McArthur,Right Defensive Midfield,34.2,58.3,35.1,58.3,0.995202,False,,,,,,,False,,,,,,,False,False,left_to_right,False,34.2,58.3,35.1,58.3,False,False,False,False
2aa99e42-432c-4750-b07e-2cb53817ab16,3754266,2784,2,00:45:28.377,90,28,30,Pass,189,31,Crystal Palace,Regular Play,31,Crystal Palace,3464.0,James McArthur,Right Defensive Midfield,35.1,58.3,42.2,24.3,1.213948,False,,,,,,,True,34.733414,-1.3649312,Ground Pass,,3507.0,Wilfried Zaha,False,False,left_to_right,False,35.1,58.3,42.2,24.3,False,False,False,False
9c13d451-653e-4a86-84cd-12b4d860623c,3754266,2785,2,00:45:29.591,90,29,42,Ball Receipt*,189,31,Crystal Palace,Regular Play,31,Crystal Palace,3507.0,Wilfried Zaha,Center Attacking Midfield,42.2,24.3,,,,False,,,,,,,False,,,,,,,False,False,left_to_right,False,42.2,24.3,,,False,False,False,False
757f25e3-3747-4164-96b1-b58d6c19b34c,3754266,2786,2,00:45:29.591,90,29,43,Carry,189,31,Crystal Palace,Regular Play,31,Crystal Palace,3507.0,Wilfried Zaha,Center Attacking Midfield,42.2,24.3,47.3,24.1,1.664645,False,,,,,,,False,,,,,,,False,False,left_to_right,False,42.2,24.3,47.3,24.1,False,False,False,False
9d53af4c-25f1-4aa1-a60c-ecaf2c24b271,3754266,2787,2,00:45:31.256,90,31,30,Pass,189,31,Crystal Palace,Regular Play,31,Crystal Palace,3507.0,Wilfried Zaha,Center Attacking Midfield,47.3,24.1,79.6,8.4,2.040206,False,,,,,,,True,35.913506,-0.4524401,Ground Pass,,3589.0,Yannick Bolasie Yala,True,False,left_to_right,False,47.3,24.1,79.6,8.4,False,True,False,False
ce737f77-72d4-4a76-b726-8243a7caedd7,3754266,2788,2,00:45:33.296,90,33,42,Ball Receipt*,189,31,Crystal Palace,Regular Play,31,Crystal Palace,3589.0,Yannick Bolasie Yala,Left Wing,79.6,8.4,,,,False,,,,,,,False,,,,,,,False,False,left_to_right,False,79.6,8.4,,,False,False,False,False
99f57089-ceb3-4300-9e96-3dd7593709fd,3754266,2789,2,00:45:33.296,90,33,43,Carry,189,31,Crystal Palace,Regular Play,31,Crystal Palace,3589.0,Yannick Bolasie Yala,Left Wing,79.6,8.4,101.0,22.5,6.433754,False,,,,,,,False,,,,,,,False,False,left_to_right,False,79.6,8.4,101.0,22.5,True,False,False,False
41ae4482-2883-4923-b4b8-b05e6904b2bc,3754266,2790,2,00:45:39.730,90,39,16,Shot,189,31,Crystal Palace,Regular Play,31,Crystal Palace,3589.0,Yannick Bolasie Yala,Left Wing,101.0,22.5,120.0,40.0,1.088406,False,0.030198783,Off T,Right Foot,Normal,Open Play,,False,,,,,,,False,False,left_to_right,False,101.0,22.5,120.0,40.0,False,False,False,False
311fd816-5d2a-4769-9996-b49bee6bc3b6,3754266,2791,2,00:45:40.818,90,40,23,Goal Keeper,189,31,Crystal Palace,Regular Play,23,Watford,3522.0,Heurelho da Silva Gomes,Goalkeeper,1.3,40.2,,,0.0,False,,,,,,,False,,,,,,,False,False,left_to_right,False,1.3,40.2,,,False,False,False,False
b5768367-4f3c-48e1-a310-314b749d7723,3754266,2792,2,00:46:00.199,91,0,30,Pass,190,23,Watford,From Goal Kick,23,Watford,3522.0,Heurelho da Silva Gomes,Goalkeeper,6.0,36.0,77.7,31.5,3.91954,False,,,,,,Unknown,False,71.84107,-0.06267929,High Pass,Goal Kick,3454.0,Troy Deeney,False,False,left_to_right,False,6.0,36.0,77.7,31.5,False,True,False,True
c5c6b100-b6b5-4394-a026-c589aecf0a0c,3754266,2793,2,00:46:04.119,91,4,42,Ball Receipt*,190,23,Watford,From Goal Kick,23,Watford,3454.0,Troy Deeney,Right Center Forward,74.6,31.1,,,,False,,,,,,,False,,,,,,,False,False,left_to_right,False,74.6,31.1,,,False,False,False,False
141c47eb-8c6f-45ab-b230-7cd10cd9e9e1,3754266,2794,2,00:46:04.198,91,4,22,Foul Committed,190,23,Watford,From Goal Kick,31,Crystal Palace,43695.0,Brede Hangeland,Left Center Back,42.9,48.6,,,0.0,False,,,,,,,False,,,,,,,False,False,left_to_right,False,42.9,48.6,,,False,False,False,False
76e134f8-02fd-401f-96e8-46d5dc9db2d5,3754266,2795,2,00:46:04.198,91,4,21,Foul Won,190,23,Watford,From Goal Kick,23,Watford,3454.0,Troy Deeney,Right Center Forward,77.2,31.5,,,0.0,True,,,,,,,False,,,,,,,False,False,left_to_right,False,77.2,31.5,,,False,False,False,False
c8dc44dd-9504-4888-9de5-aa876e323d2e,3754266,2796,2,00:46:25.317,91,25,30,Pass,191,23,Watford,From Free Kick,23,Watford,6870.0,José Manuel Jurado Marín,Left Midfield,77.2,31.5,110.4,43.3,2.268015,False,,,,,,Incomplete,False,35.234642,0.34149665,High Pass,Free Kick,,,False,False,left_to_right,False,77.2,31.5,110.4,43.3,False,True,True,True
e7b86ec4-3cbf-446e-8318-9261d6c0288f,3754266,2797,2,00:46:27.585,91,27,9,Clearance,191,23,Watford,From Free Kick,31,Crystal Palace,43695.0,Brede Hangeland,Left Center Back,9.7,36.8,,,0.0,True,,,,,,,False,,,,,,,False,False,left_to_right,False,9.7,36.8,,,False,False,False,False
ab215344-504d-4654-a084-21f67b040875,3754266,2798,2,00:46:33.371,91,33,30,Pass,192,23,Watford,From Throw In,23,Watford,3454.0,Troy Deeney,Right Center Forward,99.3,80.0,85.3,67.7,1.33183,False,,,,,,,True,18.63572,-2.4207435,Low Pass,Throw-in,40118.0,Ikechi Anya,False,False,left_to_right,False,99.3,80.0,85.3,67.7,False,False,False,False
ea05d7a8-fce9-42aa-a4b4-105df5ce0ebb,3754266,2799,2,00:46:34.703,91,34,42,Ball Receipt*,192,23,Watford,From Throw In,23,Watford,40118.0,Ikechi Anya,Right Back,85.3,67.7,,,,False,,,,,,,False,,,,,,,False,False,left_to_right,False,85.3,67.7,,,False,False,False,False
3fdd34e8-800e-4382-aa8e-02dbf638fe7c,3754266,2800,2,00:46:34.703,91,34,43,Carry,192,23,Watford,From Throw In,23,Watford,40118.0,Ikechi Anya,Right Back,85.3,67.7,92.6,69.3,1.453511,False,,,,,,,False,,,,,,,False,False,left_to_right,False,85.3,67.7,92.6,69.3,False,False,False,False
a4b29426-fd70-455f-8598-b23aed7fc193,3754266,2801,2,00:46:36.157,91,36,30,Pass,192,23,Watford,From Throw In,23,Watford,40118.0,Ikechi Anya,Right Back,92.6,69.3,108.5,42.6,1.576147,False,,,,,,Incomplete,False,31.075714,-1.0336881,High Pass,,,,False,False,left_to_right,False,92.6,69.3,108.5,42.6,False,True,False,True
40483719-cd3b-4aba-a88c-4e83b1cb0649,3754266,2802,2,00:46:37.733,91,37,9,Clearance,192,23,Watford,From Throw In,31,Crystal Palace,43695.0,Brede Hangeland,Left Center Back,11.6,37.5,,,0.0,True,,,,,,,False,,,,,,,False,False,left_to_right,False,11.6,37.5,,,False,False,False,False
81eaf3ff-b540-4121-b790-508cb56d4593,3754266,2803,2,00:46:39.219,91,39,2,Ball Recovery,192,23,Watford,From Throw In,23,Watford,40453.0,Segundo Víctor Ibarbo Guerrero,Left Center Midfield,97.7,20.7,,,0.0,False,,,,,,,False,,,,,,,False,False,left_to_right,False,97.7,20.7,,,False,False,False,False
348623bf-bb33-4b93-b5be-ae9afffde51e,3754266,2804,2,00:46:39.219,91,39,43,Carry,192,23,Watford,From Throw In,23,Watford,40453.0,Segundo Víctor Ibarbo Guerrero,Left Center Midfield,97.7,20.7,97.7,21.9,0.844587,False,,,,,,,False,,,,,,,False,False,left_to_right,False,97.7,20.7,97.7,21.9,False,False,False,False
e9bf678a-a1d6-4bfc-a241-98b208e324ef,3754266,2805,2,00:46:40.064,91,40,30,Pass,192,23,Watford,From Throw In,23,Watford,40453.0,Segundo Víctor Ibarbo Guerrero,Left Center Midfield,97.7,21.9,103.2,32.4,0.557505,False,,,,,,,True,11.85327,1.0882831,Ground Pass,,3309.0,Sebastian Prödl,False,False,left_to_right,False,97.7,21.9,103.2,32.4,False,True,False,False
7eae16e4-b2f9-40b6-9821-e2cb88466d13,3754266,2806,2,00:46:40.621,91,40,42,Ball Receipt*,192,23,Watford,From Throw In,23,Watford,3309.0,Sebastian Prödl,Right Center Back,103.2,32.4,,,,False,,,,,,,False,,,,,,,False,False,left_to_right,False,103.2,32.4,,,False,False,False,False
ecf050f4-f518-4da1-a569-c284ac3b436c,3754266,2807,2,00:46:40.621,91,40,30,Pass,192,23,Watford,From Throw In,23,Watford,3309.0,Sebastian Prödl,Right Center Back,103.2,32.4,112.0,23.0,1.68335,False,,,,,,,True,12.876335,-0.81835324,Ground Pass,,40453.0,Segundo Víctor Ibarbo Guerrero,False,False,left_to_right,False,103.2,32.4,112.0,23.0,False,False,False,False
fc744863-323f-46b5-ac55-ef27d1c447ed,3754266,2808,2,00:46:42.305,91,42,42,Ball Receipt*,192,23,Watford,From Throw In,23,Watford,40453.0,Segundo Víctor Ibarbo Guerrero,Left Center Midfield,112.0,23.0,,,,False,,,,,,,False,,,,,,,False,False,left_to_right,False,112.0,23.0,,,False,False,False,False
051e57ee-8e17-4001-a1e2-8c893885bae7,3754266,2809,2,00:46:42.305,91,42,43,Carry,192,23,Watford,From Throw In,23,Watford,40453.0,Segundo Víctor Ibarbo Guerrero,Left Center Midfield,112.0,23.0,111.7,22.8,0.218735,False,,,,,,,False,,,,,,,False,False,left_to_right,False,112.0,23.0,111.7,22.8,False,False,False,False
73c75202-9606-4001-a42d-a20d94bdcd8e,3754266,2810,2,00:46:42.523,91,42,30,Pass,192,23,Watford,From Throw In,23,Watford,40453.0,Segundo Víctor Ibarbo Guerrero,Left Center Midfield,111.7,22.8,111.7,26.3,0.086837,False,,,,,,Incomplete,False,3.5,1.5707964,Low Pass,,,,False,False,left_to_right,False,111.7,22.8,111.7,26.3,False,False,False,True
007c45d5-4cdd-4ed0-a59c-54f5f66c840a,3754266,2811,2,00:46:42.610,91,42,6,Block,192,23,Watford,From Throw In,31,Crystal Palace,9641.0,Fraizer Campbell,Center Forward,8.4,53.8,,,0.0,False,,,,,,,False,,,,,,,False,False,left_to_right,False,8.4,53.8,,,False,False,False,False
c0030042-fc18-42ec-8123-5c2eb30a3703,3754266,2812,2,00:47:06.031,92,6,30,Pass,193,23,Watford,From Corner,23,Watford,6870.0,José Manuel Jurado Marín,Left Midfield,120.0,0.1,114.3,38.7,2.026667,False,,,,,,Incomplete,False,39.018585,1.7174052,High Pass,Corner,,,False,False,left_to_right,False,120.0,0.1,114.3,38.7,False,True,False,True
146e459b-c543-4c1f-9401-2e7d657ae4ab,3754266,2813,2,00:47:08.058,92,8,9,Clearance,193,23,Watford,From Corner,31,Crystal Palace,4884.0,Pape N''Diaye Souaré,Left Back,5.8,41.4,,,0.0,True,,,,,,,False,,,,,,,False,False,left_to_right,False,5.8,41.4,,,False,False,False,False
d6d07ea4-1eae-4f41-b8c0-6d6450288475,3754266,2814,2,00:47:11.632,92,11,2,Ball Recovery,193,23,Watford,From Corner,31,Crystal Palace,3507.0,Wilfried Zaha,Center Attacking Midfield,35.6,74.9,,,0.0,False,,,,,,,False,,,,,,,False,False,left_to_right,False,35.6,74.9,,,False,False,False,False
f06fb18a-c50b-4541-adbd-f007fdb0d870,3754266,2815,2,00:47:11.632,92,11,43,Carry,193,23,Watford,From Corner,31,Crystal Palace,3507.0,Wilfried Zaha,Center Attacking Midfield,35.6,74.9,49.2,75.5,2.536662,False,,,,,,,False,,,,,,,False,False,left_to_right,False,35.6,74.9,49.2,75.5,False,False,False,False
dd8721d4-ab6c-4547-808c-e1768bf40b5c,3754266,2816,2,00:47:14.169,92,14,30,Pass,193,23,Watford,From Corner,31,Crystal Palace,3507.0,Wilfried Zaha,Center Attacking Midfield,49.2,75.5,66.5,51.5,0.996165,False,,,,,,Incomplete,False,29.5853,-0.9462247,Ground Pass,,19688.0,Jason Puncheon,False,False,left_to_right,False,49.2,75.5,66.5,51.5,False,True,False,True
7ddb4f42-5b78-467d-a5b7-af2dd7ad426e,3754266,2817,2,00:47:15.165,92,15,42,Ball Receipt*,193,23,Watford,From Corner,31,Crystal Palace,19688.0,Jason Puncheon,Right Wing,74.1,38.7,,,,False,,,,,,,False,,,,,,,False,False,left_to_right,False,74.1,38.7,,,False,False,False,False
ae4a90af-0afb-4433-b7f1-707e44cfe38f,3754266,2818,2,00:47:15.165,92,15,2,Ball Recovery,193,23,Watford,From Corner,23,Watford,3306.0,Nathan Aké,Left Back,53.6,28.6,,,0.0,False,,,,,,,False,,,,,,,False,False,left_to_right,False,53.6,28.6,,,False,False,False,False
d1dacd5e-c4bd-4ece-bcb0-6c768d4bc910,3754266,2819,2,00:47:15.165,92,15,43,Carry,193,23,Watford,From Corner,23,Watford,3306.0,Nathan Aké,Left Back,53.6,28.6,43.7,21.2,2.94154,True,,,,,,,False,,,,,,,False,False,left_to_right,False,53.6,28.6,43.7,21.2,False,False,False,False
59a8530a-0ec6-4432-94ba-fc96b1fdb8a1,3754266,2820,2,00:47:17.650,92,17,17,Pressure,193,23,Watford,From Corner,31,Crystal Palace,3589.0,Yannick Bolasie Yala,Left Wing,67.1,57.1,,,0.630333,False,,,,,,,False,,,,,,,False,False,left_to_right,False,67.1,57.1,,,False,False,False,False
e3df9186-adec-4f36-ac10-62fc3f564867,3754266,2821,2,00:47:18.107,92,18,30,Pass,193,23,Watford,From Corner,23,Watford,3306.0,Nathan Aké,Left Back,43.7,21.2,55.5,69.8,1.980688,True,,,,,,,True,50.011997,1.332607,Ground Pass,,7745.0,Steven Berghuis,False,False,left_to_right,False,43.7,21.2,55.5,69.8,False,False,False,False
4fa4875b-8948-4aef-8a0a-edd575263dd3,3754266,2822,2,00:47:20.087,92,20,42,Ball Receipt*,193,23,Watford,From Corner,23,Watford,7745.0,Steven Berghuis,Right Midfield,55.5,69.8,,,,False,,,,,,,False,,,,,,,False,False,left_to_right,False,55.5,69.8,,,False,False,False,False
0675fc59-ee8b-4ff2-b231-83c170e8e4a0,3754266,2823,2,00:47:20.087,92,20,43,Carry,193,23,Watford,From Corner,23,Watford,7745.0,Steven Berghuis,Right Midfield,55.5,69.8,57.8,60.6,1.793024,False,,,,,,,False,,,,,,,False,False,left_to_right,False,55.5,69.8,57.8,60.6,False,False,False,False
57f3c3f3-0626-4739-bba7-109270fc5eb9,3754266,2824,2,00:47:21.880,92,21,30,Pass,193,23,Watford,From Corner,23,Watford,7745.0,Steven Berghuis,Right Midfield,57.8,60.6,93.6,23.2,3.02954,False,,,,,,Incomplete,False,51.77258,-0.8072526,High Pass,,,,False,False,left_to_right,False,57.8,60.6,93.6,23.2,False,True,True,True
1ef3358a-f044-433b-91e5-26bbc1df480a,3754266,2825,2,00:47:24.910,92,24,30,Pass,193,23,Watford,From Corner,31,Crystal Palace,3407.0,Scott Dann,Right Center Back,26.5,56.9,51.9,71.4,3.176282,True,,,,,,Incomplete,False,29.247393,0.518722,High Pass,Recovery,,,False,False,left_to_right,False,26.5,56.9,51.9,71.4,False,False,False,True
7f8b6154-0bda-46a3-8ebe-8f1d60df27ef,3754266,2826,2,00:47:24.910,92,24,4,Duel,193,23,Watford,From Corner,23,Watford,3309.0,Sebastian Prödl,Right Center Back,93.6,23.2,,,0.0,True,,,,,,,False,,,,,,,False,False,left_to_right,False,93.6,23.2,,,False,False,False,False
21242632-3a53-4609-a115-bf491d64ad83,3754266,2827,2,00:47:28.086,92,28,4,Duel,193,23,Watford,From Corner,31,Crystal Palace,3507.0,Wilfried Zaha,Center Attacking Midfield,51.9,71.4,,,0.0,True,,,,,,,False,,,,,,,False,False,left_to_right,False,51.9,71.4,,,False,False,False,False
d646ef40-837c-47dd-98e5-447b1d27ce26,3754266,2828,2,00:47:28.086,92,28,30,Pass,193,23,Watford,From Corner,23,Watford,3306.0,Nathan Aké,Left Back,68.2,8.7,79.0,2.9,2.556879,True,,,,,,Incomplete,False,12.258874,-0.4928364,High Pass,Recovery,,,False,False,left_to_right,False,68.2,8.7,79.0,2.9,False,False,False,True
69aebb42-37b2-4545-bfc5-d9123b40af31,3754266,2829,2,00:47:29.672,92,29,17,Pressure,193,23,Watford,From Corner,23,Watford,3306.0,Nathan Aké,Left Back,70.9,3.7,,,0.949115,False,,,,,,,False,,,,,,,False,False,left_to_right,False,70.9,3.7,,,False,False,False,False
122ec34d-f402-4e88-8a8b-d75e109a3994,3754266,2830,2,00:47:30.643,92,30,2,Ball Recovery,194,31,Crystal Palace,Regular Play,31,Crystal Palace,3507.0,Wilfried Zaha,Center Attacking Midfield,41.1,77.2,,,0.0,False,,,,,,,False,,,,,,,False,False,left_to_right,False,41.1,77.2,,,False,False,False,False
cac78d62-4165-47eb-82b1-e627cf5fb88b,3754266,2831,2,00:47:30.643,92,30,43,Carry,194,31,Crystal Palace,Regular Play,31,Crystal Palace,3507.0,Wilfried Zaha,Center Attacking Midfield,41.1,77.2,41.6,78.7,0.321598,False,,,,,,,False,,,,,,,False,False,left_to_right,False,41.1,77.2,41.6,78.7,False,False,False,False
b7050147-264f-4043-ae6d-cfccc4367f32,3754266,2832,2,00:47:30.965,92,30,3,Dispossessed,194,31,Crystal Palace,Regular Play,31,Crystal Palace,3507.0,Wilfried Zaha,Center Attacking Midfield,41.6,78.7,,,0.0,True,,,,,,,False,,,,,,,False,False,left_to_right,False,41.6,78.7,,,False,False,False,True
f9a0ce2a-2bc1-485d-91ce-531dbed27362,3754266,2833,2,00:47:30.965,92,30,4,Duel,194,31,Crystal Palace,Regular Play,23,Watford,3306.0,Nathan Aké,Left Back,78.5,1.4,,,0.0,True,,,,,,,False,,,,,,,False,False,left_to_right,False,78.5,1.4,,,False,False,False,False
86c7519d-8a58-448a-96b9-39fb48dbc67e,3754266,2834,2,00:47:46.826,92,46,30,Pass,195,31,Crystal Palace,From Throw In,31,Crystal Palace,3448.0,Martin Kelly,Right Back,41.6,80.0,57.2,75.1,1.517027,False,,,,,,,True,16.351452,-0.30434418,High Pass,Throw-in,9641.0,Fraizer Campbell,False,False,left_to_right,False,41.6,80.0,57.2,75.1,False,False,False,False
b98005f8-f4eb-4a50-832d-f3d2fc5f0d94,3754266,2835,2,00:47:47.976,92,47,17,Pressure,195,31,Crystal Palace,From Throw In,23,Watford,3306.0,Nathan Aké,Left Back,58.1,4.1,,,1.150353,False,,,,,,,False,,,,,,,False,False,left_to_right,False,58.1,4.1,,,False,False,False,False
7fef6e20-c7dd-4ef3-8c9d-31dbdcc04cb1,3754266,2836,2,00:47:48.343,92,48,42,Ball Receipt*,195,31,Crystal Palace,From Throw In,31,Crystal Palace,9641.0,Fraizer Campbell,Center Forward,57.2,75.1,,,,True,,,,,,,False,,,,,,,False,False,left_to_right,False,57.2,75.1,,,False,False,False,False
ff450ab5-9138-41da-95df-abb016f9cccb,3754266,2837,2,00:47:48.343,92,48,43,Carry,195,31,Crystal Palace,From Throw In,31,Crystal Palace,9641.0,Fraizer Campbell,Center Forward,57.2,75.1,59.3,77.4,0.309539,True,,,,,,,False,,,,,,,False,False,left_to_right,False,57.2,75.1,59.3,77.4,False,False,False,False
025b1a92-d21d-4098-88d5-8e07fd119a4d,3754266,2838,2,00:47:48.652,92,48,38,Miscontrol,195,31,Crystal Palace,From Throw In,31,Crystal Palace,9641.0,Fraizer Campbell,Center Forward,59.3,77.4,,,0.0,True,,,,,,,False,,,,,,,False,False,left_to_right,False,59.3,77.4,,,False,False,False,True
7f3c87cc-22d4-4ab5-95d4-40428606edc2,3754266,2839,2,00:47:53.717,92,53,30,Pass,196,23,Watford,From Throw In,23,Watford,40453.0,Segundo Víctor Ibarbo Guerrero,Left Center Midfield,64.0,0.1,98.2,13.8,2.61866,False,,,,,,Incomplete,False,36.84196,0.3810104,High Pass,Throw-in,,,False,False,left_to_right,False,64.0,0.1,98.2,13.8,False,True,True,True
9756990d-1d95-4574-9297-6b9682133ffd,3754266,2840,2,00:47:56.336,92,56,30,Pass,196,23,Watford,From Throw In,31,Crystal Palace,3407.0,Scott Dann,Right Center Back,21.9,66.3,28.4,76.9,1.923743,False,,,,,,Incomplete,False,12.434227,1.0207219,High Pass,Recovery,,,False,False,left_to_right,False,21.9,66.3,28.4,76.9,False,False,False,True
e987bb7a-0b7f-4035-aaa7-5435135ef91c,3754266,2841,2,00:47:58.260,92,58,2,Ball Recovery,196,23,Watford,From Throw In,23,Watford,40453.0,Segundo Víctor Ibarbo Guerrero,Left Center Midfield,91.7,3.2,,,0.0,False,,,,,,,False,,,,,,,False,False,left_to_right,False,91.7,3.2,,,False,False,False,False
9cf166fb-e6b8-46e2-bf0e-a8c4e7157efe,3754266,2842,2,00:47:58.260,92,58,43,Carry,196,23,Watford,From Throw In,23,Watford,40453.0,Segundo Víctor Ibarbo Guerrero,Left Center Midfield,91.7,3.2,100.9,3.4,3.832331,True,,,,,,,False,,,,,,,False,False,left_to_right,False,91.7,3.2,100.9,3.4,False,False,False,False
5ae075b1-f2e9-451c-8eeb-618b3f842ef5,3754266,2843,2,00:47:59.540,92,59,17,Pressure,196,23,Watford,From Throw In,31,Crystal Palace,3464.0,James McArthur,Right Defensive Midfield,13.4,73.4,,,1.780182,False,,,,,,,False,,,,,,,False,False,left_to_right,False,13.4,73.4,,,False,False,False,False
e4e706e6-416d-4620-bfc4-6e9b49c0a5bd,3754266,2844,2,00:48:02.092,93,2,30,Pass,196,23,Watford,From Throw In,23,Watford,40453.0,Segundo Víctor Ibarbo Guerrero,Left Center Midfield,100.9,3.4,96.8,20.5,0.923774,False,,,,,,,True,17.584652,1.8061202,Ground Pass,,3454.0,Troy Deeney,False,False,left_to_right,False,100.9,3.4,96.8,20.5,False,True,False,False
8d8d1f86-7c13-4911-b9a1-c4a750c13abf,3754266,2845,2,00:48:03.016,93,3,42,Ball Receipt*,196,23,Watford,From Throw In,23,Watford,3454.0,Troy Deeney,Right Center Forward,96.8,20.5,,,,False,,,,,,,False,,,,,,,False,False,left_to_right,False,96.8,20.5,,,False,False,False,False
04703665-f7f7-4b9d-94d0-15f5af6366bf,3754266,2846,2,00:48:03.016,93,3,43,Carry,196,23,Watford,From Throw In,23,Watford,3454.0,Troy Deeney,Right Center Forward,96.8,20.5,97.0,20.7,1.365707,False,,,,,,,False,,,,,,,False,False,left_to_right,False,96.8,20.5,97.0,20.7,False,False,False,False
c0502bf6-a876-4777-8ef7-7d9b2942bdff,3754266,2847,2,00:48:04.381,93,4,30,Pass,196,23,Watford,From Throw In,23,Watford,3454.0,Troy Deeney,Right Center Forward,97.0,20.7,112.0,42.6,1.263697,False,,,,,,Incomplete,False,26.54449,0.9702552,High Pass,,3309.0,Sebastian Prödl,False,False,left_to_right,False,97.0,20.7,112.0,42.6,False,True,False,True
c2db22a6-bdb1-4bd3-a3d0-2959ae81825d,3754266,2848,2,00:48:05.645,93,5,42,Ball Receipt*,196,23,Watford,From Throw In,23,Watford,3309.0,Sebastian Prödl,Right Center Back,111.7,46.0,,,,False,,,,,,,False,,,,,,,False,False,left_to_right,False,111.7,46.0,,,False,False,False,False
7ca879b8-aa32-448f-84b3-f6170dfa7655,3754266,2849,2,00:48:05.645,93,5,9,Clearance,196,23,Watford,From Throw In,31,Crystal Palace,4884.0,Pape N''Diaye Souaré,Left Back,8.1,37.5,,,0.0,True,,,,,,,False,,,,,,,False,False,left_to_right,False,8.1,37.5,,,False,False,False,False
af66f738-cb02-4df4-9eee-4a38b5009ae7,3754266,2850,2,00:48:07.089,93,7,2,Ball Recovery,196,23,Watford,From Throw In,23,Watford,6870.0,José Manuel Jurado Marín,Left Midfield,99.3,36.9,,,0.0,False,,,,,,,False,,,,,,,False,False,left_to_right,False,99.3,36.9,,,False,False,False,False
841a361d-3cab-4397-b855-9c07585853d4,3754266,2851,2,00:48:07.117,93,7,16,Shot,196,23,Watford,From Throw In,23,Watford,6870.0,José Manuel Jurado Marín,Left Midfield,97.6,39.7,100.8,39.7,0.141654,False,0.04910627,Blocked,Right Foot,Normal,Open Play,,False,,,,,,,False,False,left_to_right,False,97.6,39.7,100.8,39.7,False,False,False,False
a6e4d6ea-d04a-4bed-8769-3be1d98ee22f,3754266,2852,2,00:48:07.259,93,7,6,Block,196,23,Watford,From Throw In,31,Crystal Palace,4817.0,Joe Ledley,Left Defensive Midfield,19.3,40.4,,,0.0,False,,,,,,,False,,,,,,,False,False,left_to_right,False,19.3,40.4,,,False,False,False,False
8f4f8305-e335-4e60-b356-fcffc6a1b059,3754266,2853,2,00:48:07.482,93,7,23,Goal Keeper,196,23,Watford,From Throw In,31,Crystal Palace,3488.0,Wayne Hennessey,Goalkeeper,1.7,40.1,,,0.0,False,,,,,,,False,,,,,,,False,False,left_to_right,False,1.7,40.1,,,False,False,False,False
1ac72c24-95ef-4356-8eed-be51eb9e8d2b,3754266,2854,2,00:48:13.244,93,13,30,Pass,197,23,Watford,From Throw In,23,Watford,7745.0,Steven Berghuis,Right Midfield,106.2,80.0,91.3,70.9,0.901139,False,,,,,,,True,17.459095,-2.593315,Low Pass,Throw-in,40118.0,Ikechi Anya,False,False,left_to_right,False,106.2,80.0,91.3,70.9,False,False,False,False
51963d0c-ac58-4856-aa8c-5629d8d8e111,3754266,2855,2,00:48:14.146,93,14,42,Ball Receipt*,197,23,Watford,From Throw In,23,Watford,40118.0,Ikechi Anya,Right Back,91.3,70.9,,,,False,,,,,,,False,,,,,,,False,False,left_to_right,False,91.3,70.9,,,False,False,False,False
d7822c31-8888-4964-8141-e82d5c357c03,3754266,2856,2,00:48:14.146,93,14,30,Pass,197,23,Watford,From Throw In,23,Watford,40118.0,Ikechi Anya,Right Back,91.3,70.9,102.1,72.8,1.707594,False,,,,,,,True,10.965857,0.17414394,Ground Pass,,7745.0,Steven Berghuis,False,False,left_to_right,False,91.3,70.9,102.1,72.8,False,False,False,False
b9543248-1c45-42cc-a054-7dec48137bfd,3754266,2857,2,00:48:15.853,93,15,42,Ball Receipt*,197,23,Watford,From Throw In,23,Watford,7745.0,Steven Berghuis,Right Midfield,102.1,72.8,,,,False,,,,,,,False,,,,,,,False,False,left_to_right,False,102.1,72.8,,,False,False,False,False
52d3e189-aaab-4bd1-bb88-cd31bc722e52,3754266,2858,2,00:48:15.853,93,15,43,Carry,197,23,Watford,From Throw In,23,Watford,7745.0,Steven Berghuis,Right Midfield,102.1,72.8,102.1,72.6,1.240228,False,,,,,,,False,,,,,,,False,False,left_to_right,False,102.1,72.8,102.1,72.6,False,False,False,False
599bcffb-249a-47ed-91b6-4cd22faca73a,3754266,2859,2,00:48:17.093,93,17,30,Pass,197,23,Watford,From Throw In,23,Watford,7745.0,Steven Berghuis,Right Midfield,102.1,72.6,108.7,41.9,1.377481,False,,,,,,Unknown,False,31.401434,-1.3590357,High Pass,,3309.0,Sebastian Prödl,False,False,left_to_right,False,102.1,72.6,108.7,41.9,False,True,False,True
943b1bc6-8645-4595-99cd-0f89c926b9a3,3754266,2860,2,00:48:18.471,93,18,42,Ball Receipt*,197,23,Watford,From Throw In,23,Watford,3309.0,Sebastian Prödl,Right Center Back,111.7,35.7,,,,False,,,,,,,False,,,,,,,False,False,left_to_right,False,111.7,35.7,,,False,False,False,False
7336c785-a86a-437b-abe7-3c6156088d8b,3754266,2861,2,00:48:18.553,93,18,22,Foul Committed,197,23,Watford,From Throw In,23,Watford,3309.0,Sebastian Prödl,Right Center Back,111.5,35.7,,,0.0,False,,,,,,,False,,,,,,,False,False,left_to_right,False,111.5,35.7,,,False,False,False,False
120e5e93-e328-4f81-a9c0-a903546a29cb,3754266,2862,2,00:48:18.553,93,18,21,Foul Won,197,23,Watford,From Throw In,31,Crystal Palace,3407.0,Scott Dann,Right Center Back,8.6,44.4,,,0.0,True,,,,,,,False,,,,,,,False,False,left_to_right,False,8.6,44.4,,,False,False,False,False
ee419dcc-0f42-4f13-a6e5-54c991b2b551,3754266,2863,2,00:49:04.818,94,4,24,Bad Behaviour,197,23,Watford,From Throw In,31,Crystal Palace,3488.0,Wayne Hennessey,Goalkeeper,,,,,0.0,False,,,,,,,False,,,,,,,False,False,left_to_right,False,,,,,False,False,False,False
0753b439-5060-4c85-a4a6-fa7b620a68fd,3754266,2864,2,00:49:12.731,94,12,30,Pass,198,31,Crystal Palace,From Free Kick,31,Crystal Palace,3488.0,Wayne Hennessey,Goalkeeper,8.4,45.1,78.0,73.9,4.03849,False,,,,,,Incomplete,False,75.3233,0.39234015,High Pass,Free Kick,,,False,False,left_to_right,False,8.4,45.1,78.0,73.9,False,True,False,True
4cd60624-fd19-4826-bac3-fcd173349017,3754266,2865,2,00:49:16.769,94,16,4,Duel,198,31,Crystal Palace,From Free Kick,31,Crystal Palace,9641.0,Fraizer Campbell,Center Forward,78.0,73.9,,,0.0,True,,,,,,,False,,,,,,,False,False,left_to_right,False,78.0,73.9,,,False,False,False,False
55c80c2b-7888-44f5-b312-c5ddbb7fe227,3754266,2866,2,00:49:16.769,94,16,30,Pass,199,23,Watford,Regular Play,23,Watford,3306.0,Nathan Aké,Left Back,42.1,6.2,55.8,4.1,1.523223,True,,,,,,,True,13.860014,-0.15210079,High Pass,Recovery,40453.0,Segundo Víctor Ibarbo Guerrero,False,False,left_to_right,False,42.1,6.2,55.8,4.1,False,False,False,False
ae52f409-e671-48d1-bea7-fa7e4230335a,3754266,2867,2,00:49:18.017,94,18,17,Pressure,199,23,Watford,Regular Play,31,Crystal Palace,3448.0,Martin Kelly,Right Back,59.0,73.7,,,0.329333,False,,,,,,,False,,,,,,,False,False,left_to_right,False,59.0,73.7,,,False,False,False,False
768f0342-d1f0-462d-ad32-e919e5a2957b,3754266,2868,2,00:49:18.292,94,18,42,Ball Receipt*,199,23,Watford,Regular Play,23,Watford,40453.0,Segundo Víctor Ibarbo Guerrero,Left Center Midfield,55.8,4.1,,,,True,,,,,,,False,,,,,,,False,False,left_to_right,False,55.8,4.1,,,False,False,False,False
914cecdc-7889-4e92-a00f-785a76775432,3754266,2869,2,00:49:18.292,94,18,43,Carry,199,23,Watford,Regular Play,23,Watford,40453.0,Segundo Víctor Ibarbo Guerrero,Left Center Midfield,55.8,4.1,57.6,5.7,0.199036,True,,,,,,,False,,,,,,,False,False,left_to_right,False,55.8,4.1,57.6,5.7,False,False,False,False
3de21ec7-280c-428f-97f1-47384b128121,3754266,2870,2,00:49:18.491,94,18,14,Dribble,199,23,Watford,Regular Play,23,Watford,40453.0,Segundo Víctor Ibarbo Guerrero,Left Center Midfield,57.6,5.7,,,0.075548,True,,,,,,,False,,,,,,,False,False,left_to_right,False,57.6,5.7,,,False,False,False,False
14e657c5-95c7-4f33-bebb-45021b818821,3754266,2871,2,00:49:18.491,94,18,4,Duel,199,23,Watford,Regular Play,31,Crystal Palace,3448.0,Martin Kelly,Right Back,62.5,74.4,,,0.0,True,,,,,,,False,,,,,,,False,False,left_to_right,False,62.5,74.4,,,False,False,False,False
eadddf76-0e04-4527-b057-307f70f9d061,3754266,2872,2,00:49:19.691,94,19,2,Ball Recovery,199,23,Watford,Regular Play,23,Watford,6870.0,José Manuel Jurado Marín,Left Midfield,54.4,10.5,,,0.0,False,,,,,,,False,,,,,,,False,False,left_to_right,False,54.4,10.5,,,False,False,False,False
fd1eefcb-c7cd-4d45-b872-7cac314c07b5,3754266,2873,2,00:49:19.691,94,19,43,Carry,199,23,Watford,Regular Play,23,Watford,6870.0,José Manuel Jurado Marín,Left Midfield,54.4,10.5,57.6,11.3,0.894776,False,,,,,,,False,,,,,,,False,False,left_to_right,False,54.4,10.5,57.6,11.3,False,False,False,False
6b8414fd-4d43-435b-a46e-53f7218f102c,3754266,2874,2,00:49:20.586,94,20,30,Pass,199,23,Watford,Regular Play,23,Watford,6870.0,José Manuel Jurado Marín,Left Midfield,57.6,11.3,107.6,23.5,3.29016,False,,,,,,Incomplete,False,51.46688,0.23932368,High Pass,,5458.0,Odion Jude Ighalo,False,False,left_to_right,False,57.6,11.3,107.6,23.5,False,True,True,True
fed60c37-81ae-4f93-bc30-ea7eeda4a26e,3754266,2875,2,00:49:23.876,94,23,42,Ball Receipt*,199,23,Watford,Regular Play,23,Watford,5458.0,Odion Jude Ighalo,Left Center Forward,96.8,21.9,,,,False,,,,,,,False,,,,,,,False,False,left_to_right,False,96.8,21.9,,,False,False,False,False
cb7148ad-d098-4add-a8a4-fff037b555fb,3754266,2876,2,00:49:23.876,94,23,2,Ball Recovery,199,23,Watford,Regular Play,31,Crystal Palace,3488.0,Wayne Hennessey,Goalkeeper,12.5,56.6,,,0.0,False,,,,,,,False,,,,,,,False,False,left_to_right,False,12.5,56.6,,,False,False,False,False
1a57310f-0551-489d-a589-9d6499cbc1ad,3754266,2877,2,00:49:26.088,94,26,2,Ball Recovery,199,23,Watford,Regular Play,31,Crystal Palace,3464.0,James McArthur,Right Defensive Midfield,16.7,70.4,,,0.0,False,,,,,,,False,,,,,,,False,False,left_to_right,False,16.7,70.4,,,False,False,False,False
45edebde-b5d6-4a4a-a058-9a5453bc3fd9,3754266,2878,2,00:49:26.088,94,26,43,Carry,199,23,Watford,Regular Play,31,Crystal Palace,3464.0,James McArthur,Right Defensive Midfield,16.7,70.4,15.5,73.2,1.45659,False,,,,,,,False,,,,,,,False,False,left_to_right,False,16.7,70.4,15.5,73.2,False,False,False,False
e0498b93-bde8-468c-8eaf-9b4bd15705a0,3754266,2879,2,00:49:27.545,94,27,30,Pass,199,23,Watford,Regular Play,31,Crystal Palace,3464.0,James McArthur,Right Defensive Midfield,15.5,73.2,50.7,68.6,1.772173,False,,,,,,Incomplete,False,35.499294,-0.12994543,High Pass,,,,False,False,left_to_right,False,15.5,73.2,50.7,68.6,False,True,False,True
5e15a86e-c30a-49f5-84e0-1b4d6dfae653,3754266,2880,2,00:49:29.317,94,29,2,Ball Recovery,199,23,Watford,Regular Play,23,Watford,6870.0,José Manuel Jurado Marín,Left Midfield,69.4,11.5,,,0.0,False,,,,,,,False,,,,,,,False,False,left_to_right,False,69.4,11.5,,,False,False,False,False
fb37645c-5292-4167-af81-fd309a89ed67,3754266,2881,2,00:49:29.317,94,29,43,Carry,199,23,Watford,Regular Play,23,Watford,6870.0,José Manuel Jurado Marín,Left Midfield,69.4,11.5,70.9,15.9,1.936092,False,,,,,,,False,,,,,,,False,False,left_to_right,False,69.4,11.5,70.9,15.9,False,False,False,False
ac19a70e-7262-4d70-9dbb-21379928edd0,3754266,2882,2,00:49:31.253,94,31,30,Pass,199,23,Watford,Regular Play,23,Watford,6870.0,José Manuel Jurado Marín,Left Midfield,70.9,15.9,63.1,52.5,2.156637,False,,,,,,,True,37.421917,1.7807698,Ground Pass,,40118.0,Ikechi Anya,False,False,left_to_right,False,70.9,15.9,63.1,52.5,False,False,False,False
05d95e62-a3d3-474d-8f8c-f2cbe831165b,3754266,2883,2,00:49:33.410,94,33,42,Ball Receipt*,199,23,Watford,Regular Play,23,Watford,40118.0,Ikechi Anya,Right Back,63.1,52.5,,,,False,,,,,,,False,,,,,,,False,False,left_to_right,False,63.1,52.5,,,False,False,False,False
6f070e02-a7db-4700-bb19-4a6146c97ba4,3754266,2884,2,00:49:33.410,94,33,43,Carry,199,23,Watford,Regular Play,23,Watford,40118.0,Ikechi Anya,Right Back,63.1,52.5,63.1,54.6,0.918737,False,,,,,,,False,,,,,,,False,False,left_to_right,False,63.1,52.5,63.1,54.6,False,False,False,False
1c1a5b33-8419-4dcc-ae96-e826b4e9480d,3754266,2885,2,00:49:34.329,94,34,30,Pass,199,23,Watford,Regular Play,23,Watford,40118.0,Ikechi Anya,Right Back,63.1,54.6,94.0,71.7,2.520605,False,,,,,,,True,35.316,0.50544834,Ground Pass,,7745.0,Steven Berghuis,False,False,left_to_right,False,63.1,54.6,94.0,71.7,False,True,True,False
6876370e-7649-425b-9fdf-0e382dce0fc9,3754266,2886,2,00:49:36.849,94,36,42,Ball Receipt*,199,23,Watford,Regular Play,23,Watford,7745.0,Steven Berghuis,Right Midfield,94.0,71.7,,,,False,,,,,,,False,,,,,,,False,False,left_to_right,False,94.0,71.7,,,False,False,False,False
6725fd90-199e-4188-a09b-77932a8ccc2f,3754266,2887,2,00:49:36.849,94,36,43,Carry,199,23,Watford,Regular Play,23,Watford,7745.0,Steven Berghuis,Right Midfield,94.0,71.7,94.5,65.9,3.51162,False,,,,,,,False,,,,,,,False,False,left_to_right,False,94.0,71.7,94.5,65.9,False,False,False,False
a400ae92-615e-446a-b159-e08481566cfa,3754266,2888,2,00:49:40.361,94,40,30,Pass,199,23,Watford,Regular Play,23,Watford,7745.0,Steven Berghuis,Right Midfield,94.5,65.9,119.6,19.5,2.436279,False,,,,,,,True,52.753864,-1.0749291,High Pass,,3309.0,Sebastian Prödl,False,False,left_to_right,False,94.5,65.9,119.6,19.5,False,True,False,False
e1264e75-df8d-449f-8f27-a7ee5953be61,3754266,2889,2,00:49:42.797,94,42,42,Ball Receipt*,199,23,Watford,Regular Play,23,Watford,3309.0,Sebastian Prödl,Right Center Back,119.6,19.5,,,,False,,,,,,,False,,,,,,,False,False,left_to_right,False,119.6,19.5,,,False,False,False,False
65b292f5-bac2-4c37-8f11-499e39ff0612,3754266,2890,2,00:49:42.837,94,42,4,Duel,199,23,Watford,Regular Play,31,Crystal Palace,3448.0,Martin Kelly,Right Back,0.5,60.6,,,0.0,True,,,,,,,False,,,,,,,False,False,left_to_right,False,0.5,60.6,,,False,False,False,False
7989f502-09b6-4749-9105-1619a5b2e9ee,3754266,2891,2,00:49:42.837,94,42,30,Pass,199,23,Watford,Regular Play,23,Watford,3309.0,Sebastian Prödl,Right Center Back,119.6,19.5,120.0,24.6,0.597251,True,,,,,,Out,False,5.115662,1.4925252,High Pass,,,,False,False,left_to_right,False,119.6,19.5,120.0,24.6,False,False,False,True
3b939563-934e-43bd-b4c2-8bc81120d507,3754266,2892,2,00:50:08.815,95,8,30,Pass,200,31,Crystal Palace,From Goal Kick,31,Crystal Palace,3488.0,Wayne Hennessey,Goalkeeper,7.0,44.1,84.4,51.3,4.064669,False,,,,,,,True,77.73416,0.09275632,High Pass,Goal Kick,9641.0,Fraizer Campbell,False,False,left_to_right,False,7.0,44.1,84.4,51.3,False,True,True,False
62f393c8-65b0-40aa-a5bd-c4fa4a527bc1,3754266,2893,2,00:50:12.879,95,12,42,Ball Receipt*,200,31,Crystal Palace,From Goal Kick,31,Crystal Palace,9641.0,Fraizer Campbell,Center Forward,84.4,51.3,,,,False,,,,,,,False,,,,,,,False,False,left_to_right,False,84.4,51.3,,,False,False,False,False
aab331d4-3360-4c15-8aea-87e1a583ddd2,3754266,2894,2,00:50:12.879,95,12,43,Carry,200,31,Crystal Palace,From Goal Kick,31,Crystal Palace,9641.0,Fraizer Campbell,Center Forward,84.4,51.3,83.7,49.7,0.132598,False,,,,,,,False,,,,,,,False,False,left_to_right,False,84.4,51.3,83.7,49.7,False,False,False,False
6e5d4d7a-12a2-4c91-97e3-9161e8aaba1a,3754266,2895,2,00:50:13.012,95,13,38,Miscontrol,200,31,Crystal Palace,From Goal Kick,31,Crystal Palace,9641.0,Fraizer Campbell,Center Forward,83.7,49.7,,,0.0,False,,,,,,,False,,,,,,,False,False,left_to_right,False,83.7,49.7,,,False,False,False,True
3dfc7b32-da1c-4689-a82c-77890833d22d,3754266,2896,2,00:50:13.614,95,13,17,Pressure,200,31,Crystal Palace,From Goal Kick,31,Crystal Palace,3589.0,Yannick Bolasie Yala,Left Wing,86.9,47.4,,,0.439646,False,,,,,,,False,,,,,,,False,False,left_to_right,False,86.9,47.4,,,False,False,False,False
bf258637-6315-42cb-87fe-48aa5afc059b,3754266,2897,2,00:50:13.963,95,13,30,Pass,201,23,Watford,Regular Play,23,Watford,3306.0,Nathan Aké,Left Back,31.8,27.8,5.5,33.9,2.530892,True,,,,,,,True,26.998148,2.9136834,Low Pass,Recovery,3522.0,Heurelho da Silva Gomes,False,False,left_to_right,False,31.8,27.8,5.5,33.9,False,False,False,False
84248a60-5d88-423e-a393-7843c7683f40,3754266,2898,2,00:50:16.494,95,16,42,Ball Receipt*,201,23,Watford,Regular Play,23,Watford,3522.0,Heurelho da Silva Gomes,Goalkeeper,5.5,33.9,,,,False,,,,,,,False,,,,,,,False,False,left_to_right,False,5.5,33.9,,,False,False,False,False
31f27f4c-3b78-4000-9452-5b41a6c76f8e,3754266,2899,2,00:50:16.494,95,16,43,Carry,201,23,Watford,Regular Play,23,Watford,3522.0,Heurelho da Silva Gomes,Goalkeeper,5.5,33.9,9.6,36.9,2.510833,False,,,,,,,False,,,,,,,False,False,left_to_right,False,5.5,33.9,9.6,36.9,False,False,False,False
d1da429e-2295-4884-a12c-eeaaff8b28b1,3754266,2900,2,00:50:19.005,95,19,30,Pass,201,23,Watford,Regular Play,23,Watford,3522.0,Heurelho da Silva Gomes,Goalkeeper,9.6,36.9,74.6,54.3,3.928234,False,,,,,,,True,67.288635,0.2615597,High Pass,,3454.0,Troy Deeney,False,False,left_to_right,False,9.6,36.9,74.6,54.3,False,True,False,False
1436692c-2ce5-4aee-9295-02b1841bb9c3,3754266,2901,2,00:50:22.933,95,22,42,Ball Receipt*,201,23,Watford,Regular Play,23,Watford,3454.0,Troy Deeney,Right Center Forward,74.6,54.3,,,,False,,,,,,,False,,,,,,,False,False,left_to_right,False,74.6,54.3,,,False,False,False,False
81f60ce7-a3e2-449f-ab72-379528cfbd29,3754266,2902,2,00:50:23.013,95,23,4,Duel,201,23,Watford,Regular Play,31,Crystal Palace,4817.0,Joe Ledley,Left Defensive Midfield,45.5,25.8,,,0.0,True,,,,,,,False,,,,,,,False,False,left_to_right,False,45.5,25.8,,,False,False,False,False
c76dbbdd-06b6-4962-8b81-0e8f351ee801,3754266,2903,2,00:50:23.013,95,23,30,Pass,201,23,Watford,Regular Play,23,Watford,3454.0,Troy Deeney,Right Center Forward,74.6,54.3,87.6,42.8,1.253517,True,,,,,,Incomplete,False,17.356554,-0.72425,High Pass,,40453.0,Segundo Víctor Ibarbo Guerrero,False,False,left_to_right,False,74.6,54.3,87.6,42.8,False,True,True,True
71e41b2f-522e-4c36-95f1-73fd271061d7,3754266,2904,2,00:50:24.267,95,24,42,Ball Receipt*,201,23,Watford,Regular Play,23,Watford,40453.0,Segundo Víctor Ibarbo Guerrero,Left Center Midfield,84.5,39.2,,,,False,,,,,,,False,,,,,,,False,False,left_to_right,False,84.5,39.2,,,False,False,False,False
810ccee4-06c8-4f85-b818-6e3f218204c4,3754266,2905,2,00:50:24.267,95,24,9,Clearance,201,23,Watford,Regular Play,31,Crystal Palace,43695.0,Brede Hangeland,Left Center Back,32.5,37.3,,,0.0,True,,,,,,,False,,,,,,,False,False,left_to_right,False,32.5,37.3,,,False,False,False,False
8a231643-ccc5-449f-a06f-d45d28266216,3754266,2906,2,00:50:34.614,95,34,30,Pass,202,23,Watford,From Throw In,23,Watford,40118.0,Ikechi Anya,Right Back,76.7,80.0,80.7,63.6,1.059881,False,,,,,,,True,16.880758,-1.3315648,High Pass,Throw-in,7745.0,Steven Berghuis,False,False,left_to_right,False,76.7,80.0,80.7,63.6,False,False,True,False
38be4986-ed0e-4d0f-a108-7e8fa0386a1b,3754266,2907,2,00:50:35.674,95,35,42,Ball Receipt*,202,23,Watford,From Throw In,23,Watford,7745.0,Steven Berghuis,Right Midfield,80.7,63.6,,,,False,,,,,,,False,,,,,,,False,False,left_to_right,False,80.7,63.6,,,False,False,False,False
74389a34-3936-4b59-a057-950b03782985,3754266,2908,2,00:50:35.674,95,35,43,Carry,202,23,Watford,From Throw In,23,Watford,7745.0,Steven Berghuis,Right Midfield,80.7,63.6,80.9,63.6,0.534281,False,,,,,,,False,,,,,,,False,False,left_to_right,False,80.7,63.6,80.9,63.6,False,False,False,False
d6222e0e-b8b9-4cbc-be57-26575a4ed2a6,3754266,2909,2,00:50:36.208,95,36,30,Pass,202,23,Watford,From Throw In,23,Watford,7745.0,Steven Berghuis,Right Midfield,80.9,63.6,79.0,74.6,0.698929,False,,,,,,,True,11.162885,1.741836,Low Pass,,40118.0,Ikechi Anya,False,False,left_to_right,False,80.9,63.6,79.0,74.6,False,False,False,False
61ce193d-a727-451f-8e69-e5a0e77222f2,3754266,2910,2,00:50:36.907,95,36,42,Ball Receipt*,202,23,Watford,From Throw In,23,Watford,40118.0,Ikechi Anya,Right Back,79.0,74.6,,,,False,,,,,,,False,,,,,,,False,False,left_to_right,False,79.0,74.6,,,False,False,False,False
9ffc034a-a67b-4f20-bc62-25f691d3359a,3754266,2911,2,00:50:36.995,95,36,34,Half End,202,23,Watford,From Throw In,31,Crystal Palace,,,,,,,,0.0,False,,,,,,,False,,,,,,,False,False,left_to_right,False,,,,,False,False,False,False
a546e405-df26-4d72-88d2-d5811195fa83,3754266,2912,2,00:50:36.995,95,36,34,Half End,202,23,Watford,From Throw In,23,Watford,,,,,,,,0.0,False,,,,,,,False,,,,,,,False,False,left_to_right,False,,,,,False,False,False,False
