event_uuid,match_id,event_index,period,timestamp,minute,second,event_type_id,event_type,possession,possession_team_id,possession_team_name,play_pattern,team_id,team_name,player_id,player_name,position,x,y,end_x,end_y,duration,under_pressure,shot_xg,shot_outcome,shot_body_part,shot_technique,shot_type,pass_outcome,pass_complete,pass_length,pass_angle,pass_height,pass_type,pass_recipient_id,pass_recipient_name,pass_shot_assist,pass_goal_assist,attack_direction_inferred,coordinates_flipped,norm_x,norm_y,norm_end_x,norm_end_y,carry_progressive,pass_progressive,pass_into_final_third,is_turnover
5fd2898f-b8f3-41bb-ab95-0e15a1fb6d18,3825747,1,1,00:00:00.000,0,0,35,Starting XI,1,215,Athletic Club,Regular Play,215,Athletic Club,,,,,,,,0.0,False,,,,,,,False,,,,,,,False,False,left_to_right,False,,,,,False,False,False,False
ab402513-17e1-4b1f-9d9b-0d28ecbdaae0,3825747,2,1,00:00:00.000,0,0,35,Starting XI,1,215,Athletic Club,Regular Play,322,Eibar,,,,,,,,0.0,False,,,,,,,False,,,,,,,False,False,left_to_right,False,,,,,False,False,False,False
3f80bfff-cdee-448d-af49-e5db13c02823,3825747,3,1,00:00:00.000,0,0,18,Half Start,1,215,Athletic Club,Regular Play,215,Athletic Club,,,,,,,,0.0,False,,,,,,,False,,,,,,,False,False,left_to_right,False,,,,,False,False,False,False
731ae6e7-4df6-4038-94c6-f25bd1d14ef6,3825747,4,1,00:00:00.000,0,0,18,Half Start,1,215,Athletic Club,Regular Play,322,Eibar,,,,,,,,0.0,False,,,,,,,False,,,,,,,False,False,left_to_right,False,,,,,False,False,False,False
e499d091-c753-4f64-b90a-b12c1fe932f1,3825747,5,1,00:00:00.583,0,0,30,Pass,2,215,Athletic Club,From Kick Off,215,Athletic Club,6842.0,Iker Muniain Goñi,Center Attacking Midfield,61.0,40.1,59.7,43.9,0.613658,False,,,,,,,True,4.016217,1.9004208,Ground Pass,Kick Off,6396.0,Beñat Etxebarria Urkiaga,False,False,left_to_right,False,61.0,40.1,59.7,43.9,False,False,False,False
98f1e153-1b11-4c74-94a2-b9b8fca303e0,3825747,6,1,00:00:01.197,0,1,42,Ball Receipt*,2,215,Athletic Club,From Kick Off,215,Athletic Club,6396.0,Beñat Etxebarria Urkiaga,Left Defensive Midfield,59.7,43.9,,,,False,,,,,,,False,,,,,,,False,False,left_to_right,False,59.7,43.9,,,False,False,False,False
2ce3ad4e-6410-4092-81ca-817830ddd111,3825747,7,1,00:00:01.197,0,1,43,Carry,2,215,Athletic Club,From Kick Off,215,Athletic Club,6396.0,Beñat Etxebarria Urkiaga,Left Defensive Midfield,59.7,43.9,58.9,44.1,0.398074,False,,,,,,,False,,,,,,,False,False,left_to_right,False,59.7,43.9,58.9,44.1,False,False,False,False
fcf9ad92-bb97-4a85-bd99-91a0a40671c6,3825747,8,1,00:00:01.595,0,1,30,Pass,2,215,Athletic Club,From Kick Off,215,Athletic Club,6396.0,Beñat Etxebarria Urkiaga,Left Defensive Midfield,58.9,44.1,33.7,38.3,1.927014,False,,,,,,,True,25.858847,-2.9153736,Ground Pass,,4353.0,Aymeric Laporte,False,False,left_to_right,False,58.9,44.1,33.7,38.3,False,False,False,False
f8d24665-cf52-4fdd-8cb0-6488875e3131,3825747,9,1,00:00:03.522,0,3,42,Ball Receipt*,2,215,Athletic Club,From Kick Off,215,Athletic Club,4353.0,Aymeric Laporte,Left Center Back,33.7,38.3,,,,False,,,,,,,False,,,,,,,False,False,left_to_right,False,33.7,38.3,,,False,False,False,False
9e5ac9f0-1ead-40bb-bcc9-21fa5485746e,3825747,10,1,00:00:03.522,0,3,43,Carry,2,215,Athletic Club,From Kick Off,215,Athletic Club,4353.0,Aymeric Laporte,Left Center Back,33.7,38.3,33.7,38.3,1.236363,False,,,,,,,False,,,,,,,False,False,left_to_right,False,33.7,38.3,33.7,38.3,False,False,False,False
ec0cf838-b372-4720-a583-e895fa324e28,3825747,11,1,00:00:04.759,0,4,30,Pass,2,215,Athletic Club,From Kick Off,215,Athletic Club,4353.0,Aymeric Laporte,Left Center Back,33.7,38.3,85.6,74.3,3.135396,False,,,,,,Incomplete,False,63.16336,0.60644585,High Pass,,6390.0,Markel Susaeta Laskurain,False,False,left_to_right,False,33.7,38.3,85.6,74.3,False,True,True,True
bd383426-59e5-4b22-9288-726b8c165164,3825747,12,1,00:00:07.894,0,7,42,Ball Receipt*,2,215,Athletic Club,From Kick Off,215,Athletic Club,6390.0,Markel Susaeta Laskurain,Right Wing,87.5,73.9,,,,False,,,,,,,False,,,,,,,False,False,left_to_right,False,87.5,73.9,,,False,False,False,False
c1b6c8fd-25c7-4c38-b3a0-e4df2a4572da,3825747,13,1,00:00:07.894,0,7,10,Interception,2,215,Athletic Club,From Kick Off,322,Eibar,6776.0,David Juncà Reñé,Left Back,34.5,5.8,,,0.0,False,,,,,,,False,,,,,,,False,False,left_to_right,False,34.5,5.8,,,False,False,False,False
3d649c9c-56a2-4b5d-b758-1de5bd8de3bf,3825747,14,1,00:00:14.527,0,14,30,Pass,3,215,Athletic Club,From Throw In,215,Athletic Club,6649.0,Óscar de Marcos Arana,Right Back,83.7,80.0,82.5,71.2,0.752787,False,,,,,,,True,8.881441,-1.706324,Low Pass,Throw-in,6842.0,Iker Muniain Goñi,False,False,left_to_right,False,83.7,80.0,82.5,71.2,False,False,False,False
6e4077e1-05ef-4020-92ed-75151c611479,3825747,15,1,00:00:15.280,0,15,42,Ball Receipt*,3,215,Athletic Club,From Throw In,215,Athletic Club,6842.0,Iker Muniain Goñi,Center Attacking Midfield,82.5,71.2,,,,False,,,,,,,False,,,,,,,False,False,left_to_right,False,82.5,71.2,,,False,False,False,False
08becb9f-9d38-4004-a4ed-830c230af2de,3825747,16,1,00:00:15.280,0,15,43,Carry,3,215,Athletic Club,From Throw In,215,Athletic Club,6842.0,Iker Muniain Goñi,Center Attacking Midfield,82.5,71.2,78.3,79.1,1.276373,False,,,,,,,False,,,,,,,False,False,left_to_right,False,82.5,71.2,78.3,79.1,False,False,False,False
149303b5-8169-47a4-91ce-7f5fdb82ee55,3825747,17,1,00:00:16.556,0,16,30,Pass,3,215,Athletic Club,From Throw In,215,Athletic Club,6842.0,Iker Muniain Goñi,Center Attacking Midfield,78.3,79.1,85.0,77.7,0.86873,False,,,,,,Incomplete,False,6.844706,-0.20599134,Low Pass,,6390.0,Markel Susaeta Laskurain,False,False,left_to_right,False,78.3,79.1,85.0,77.7,False,False,True,True
c25a38f1-70e5-4369-b855-b5ce88dab139,3825747,18,1,00:00:17.425,0,17,42,Ball Receipt*,3,215,Athletic Club,From Throw In,215,Athletic Club,6390.0,Markel Susaeta Laskurain,Right Wing,90.2,76.9,,,,False,,,,,,,False,,,,,,,False,False,left_to_right,False,90.2,76.9,,,False,False,False,False
29f5dac1-92e2-4c5e-9502-de934420a21a,3825747,19,1,00:00:17.425,0,17,10,Interception,3,215,Athletic Club,From Throw In,322,Eibar,24070.0,Saúl Berjón Pérez,Left Midfield,35.1,2.4,,,0.0,False,,,,,,,False,,,,,,,False,False,left_to_right,False,35.1,2.4,,,False,False,False,False
8b67f167-1b86-45f6-a638-54a8d7c73934,3825747,20,1,00:00:17.425,0,17,43,Carry,3,215,Athletic Club,From Throw In,322,Eibar,24070.0,Saúl Berjón Pérez,Left Midfield,35.1,2.4,34.5,1.8,0.657452,True,,,,,,,False,,,,,,,False,False,left_to_right,False,35.1,2.4,34.5,1.8,False,False,False,False
91a135fe-2fd7-4668-933c-e503e0c62c3d,3825747,21,1,00:00:17.633,0,17,17,Pressure,3,215,Athletic Club,From Throw In,215,Athletic Club,6842.0,Iker Muniain Goñi,Center Attacking Midfield,82.4,78.5,,,0.5,False,,,,,,,False,,,,,,,False,False,left_to_right,False,82.4,78.5,,,False,False,False,False
7ecdc2d5-7765-463c-8b82-9e788c13fcd4,3825747,22,1,00:00:18.082,0,18,39,Dribbled Past,3,215,Athletic Club,From Throw In,215,Athletic Club,6842.0,Iker Muniain Goñi,Center Attacking Midfield,85.6,78.3,,,0.0,False,,,,,,,False,,,,,,,False,False,left_to_right,False,85.6,78.3,,,False,False,False,False
6840068f-6fa5-4ccd-97ec-befd1189079b,3825747,23,1,00:00:18.082,0,18,14,Dribble,3,215,Athletic Club,From Throw In,322,Eibar,24070.0,Saúl Berjón Pérez,Left Midfield,34.5,1.8,,,0.0,True,,,,,,,False,,,,,,,False,False,left_to_right,False,34.5,1.8,,,False,False,False,False
3cffc875-9097-472a-b8c0-35e12fc18fae,3825747,24,1,00:00:18.990,0,18,30,Pass,3,215,Athletic Club,From Throw In,215,Athletic Club,6649.0,Óscar de Marcos Arana,Right Back,77.4,79.1,79.7,75.0,0.988267,False,,,,,,,True,4.7010636,-1.0595657,Ground Pass,Recovery,6842.0,Iker Muniain Goñi,False,False,left_to_right,False,77.4,79.1,79.7,75.0,False,False,False,False
f063c9db-30d3-4b06-ac52-fa5e93534913,3825747,25,1,00:00:19.979,0,19,42,Ball Receipt*,3,215,Athletic Club,From Throw In,215,Athletic Club,6842.0,Iker Muniain Goñi,Center Attacking Midfield,79.7,75.0,,,,False,,,,,,,False,,,,,,,False,False,left_to_right,False,79.7,75.0,,,False,False,False,False
3be31976-1ce0-4b8c-9221-f900d395694a,3825747,26,1,00:00:19.979,0,19,43,Carry,3,215,Athletic Club,From Throw In,215,Athletic Club,6842.0,Iker Muniain Goñi,Center Attacking Midfield,79.7,75.0,95.4,71.9,2.948411,True,,,,,,,False,,,,,,,False,False,left_to_right,False,79.7,75.0,95.4,71.9,False,False,False,False
7c3134ad-21e9-4215-a008-10c76d91a62a,3825747,27,1,00:00:20.241,0,20,17,Pressure,3,215,Athletic Club,From Throw In,322,Eibar,6557.0,Adrián González Morales,Left Defensive Midfield,42.9,4.1,,,2.053462,False,,,,,,,False,,,,,,,False,False,left_to_right,False,42.9,4.1,,,False,False,False,False
36ae8d59-c2d6-4421-84bd-a64c63960ddd,3825747,28,1,00:00:22.927,0,22,30,Pass,3,215,Athletic Club,From Throw In,215,Athletic Club,6842.0,Iker Muniain Goñi,Center Attacking Midfield,95.4,71.9,97.0,78.5,1.125056,False,,,,,,,True,6.7911706,1.3329604,Ground Pass,,6390.0,Markel Susaeta Laskurain,False,False,left_to_right,False,95.4,71.9,97.0,78.5,False,False,False,False
1db1cf79-b775-4a04-b87c-8d6fecb87311,3825747,29,1,00:00:23.849,0,23,17,Pressure,3,215,Athletic Club,From Throw In,322,Eibar,24070.0,Saúl Berjón Pérez,Left Midfield,25.4,2.0,,,1.422779,False,,,,,,,False,,,,,,,False,False,left_to_right,False,25.4,2.0,,,False,False,False,False
fc43e5e4-e4d1-47ab-a147-ebeb79894572,3825747,30,1,00:00:24.052,0,24,42,Ball Receipt*,3,215,Athletic Club,From Throw In,215,Athletic Club,6390.0,Markel Susaeta Laskurain,Right Wing,97.0,78.5,,,,True,,,,,,,False,,,,,,,False,False,left_to_right,False,97.0,78.5,,,False,False,False,False
e1c2205b-038f-48f5-800f-45dfe7d70639,3825747,31,1,00:00:24.052,0,24,43,Carry,3,215,Athletic Club,From Throw In,215,Athletic Club,6390.0,Markel Susaeta Laskurain,Right Wing,97.0,78.5,105.2,78.1,2.22225,True,,,,,,,False,,,,,,,False,False,left_to_right,False,97.0,78.5,105.2,78.1,False,False,False,False
c88ce06e-33c3-48a1-998f-ffbac7a13926,3825747,32,1,00:00:25.635,0,25,17,Pressure,3,215,Athletic Club,From Throw In,322,Eibar,6776.0,David Juncà Reñé,Left Back,14.9,5.5,,,0.571372,False,,,,,,,False,,,,,,,False,False,left_to_right,False,14.9,5.5,,,False,False,False,False
a728fe7c-3f69-4017-8e46-c47040efcd5e,3825747,33,1,00:00:26.274,0,26,22,Foul Committed,3,215,Athletic Club,From Throw In,322,Eibar,6776.0,David Juncà Reñé,Left Back,14.9,2.0,,,0.0,False,,,,,,,False,,,,,,,False,False,left_to_right,False,14.9,2.0,,,False,False,False,False
758633fe-5d17-4487-b2a9-f8f4b4f48363,3825747,34,1,00:00:26.274,0,26,21,Foul Won,3,215,Athletic Club,From Throw In,215,Athletic Club,6390.0,Markel Susaeta Laskurain,Right Wing,105.2,78.1,,,0.0,True,,,,,,,False,,,,,,,False,False,left_to_right,False,105.2,78.1,,,False,False,False,False
41346ba0-61f3-4a9d-9ec3-c4b34784d5f3,3825747,35,1,00:01:05.194,1,5,30,Pass,4,215,Athletic Club,From Free Kick,215,Athletic Club,6396.0,Beñat Etxebarria Urkiaga,Left Defensive Midfield,105.2,78.1,110.6,42.3,1.468567,False,,,,,,,True,36.20497,-1.4210869,High Pass,Free Kick,6386.0,Eneko Bóveda Altube,True,False,left_to_right,False,105.2,78.1,110.6,42.3,False,True,False,False
0bdd63bb-6958-4f29-854b-e7786fe3e87f,3825747,36,1,00:01:06.662,1,6,42,Ball Receipt*,4,215,Athletic Club,From Free Kick,215,Athletic Club,6386.0,Eneko Bóveda Altube,Right Center Back,110.6,42.3,,,,False,,,,,,,False,,,,,,,False,False,left_to_right,False,110.6,42.3,,,False,False,False,False
d368ae4a-1ab9-4d72-bbaf-55e896fcd97c,3825747,37,1,00:01:06.662,1,6,4,Duel,4,215,Athletic Club,From Free Kick,322,Eibar,6557.0,Adrián González Morales,Left Defensive Midfield,7.4,39.6,,,0.0,True,,,,,,,False,,,,,,,False,False,left_to_right,False,7.4,39.6,,,False,False,False,False
f3bc8ffc-22bb-4617-be2d-16b1088c8b8f,3825747,38,1,00:01:06.662,1,6,16,Shot,4,215,Athletic Club,From Free Kick,215,Athletic Club,6386.0,Eneko Bóveda Altube,Right Center Back,112.7,40.5,120.0,41.4,0.83271,True,0.088982604,Off T,Head,Normal,Open Play,,False,,,,,,,False,False,left_to_right,False,112.7,40.5,120.0,41.4,False,False,False,False
736f59e1-2613-482c-aed7-b93e4013a9f5,3825747,39,1,00:01:07.495,1,7,23,Goal Keeper,4,215,Athletic Club,From Free Kick,322,Eibar,10763.0,Asier Riesgo Unamuno,Goalkeeper,1.3,40.0,,,0.0,False,,,,,,,False,,,,,,,False,False,left_to_right,False,1.3,40.0,,,False,False,False,False
e81ca4fb-c272-42b6-ac36-84c53b173a68,3825747,40,1,00:01:38.055,1,38,30,Pass,5,322,Eibar,From Goal Kick,322,Eibar,10763.0,Asier Riesgo Unamuno,Goalkeeper,6.0,44.0,68.7,40.5,2.879244,False,,,,,,,True,62.79761,-0.055763498,High Pass,Goal Kick,24070.0,Saúl Berjón Pérez,False,False,left_to_right,False,6.0,44.0,68.7,40.5,False,True,False,False
9a57d645-86ac-4d13-9ba3-12feb26cbb41,3825747,41,1,00:01:40.934,1,40,42,Ball Receipt*,5,322,Eibar,From Goal Kick,322,Eibar,24070.0,Saúl Berjón Pérez,Left Midfield,68.7,40.5,,,,False,,,,,,,False,,,,,,,False,False,left_to_right,False,68.7,40.5,,,False,False,False,False
f1e87caa-352c-4e88-bbc6-8f7c819382a4,3825747,42,1,00:01:40.934,1,40,4,Duel,5,322,Eibar,From Goal Kick,215,Athletic Club,6396.0,Beñat Etxebarria Urkiaga,Left Defensive Midfield,51.2,40.4,,,0.0,True,,,,,,,False,,,,,,,False,False,left_to_right,False,51.2,40.4,,,False,False,False,False
78add5d5-8d7d-46d9-9025-d97aeb93fe21,3825747,43,1,00:01:40.934,1,40,30,Pass,5,322,Eibar,From Goal Kick,322,Eibar,24070.0,Saúl Berjón Pérez,Left Midfield,68.9,39.7,78.5,57.0,2.088561,True,,,,,,Incomplete,False,19.785095,1.0641887,High Pass,,6742.0,Sergio Gontán Gallardo,False,False,left_to_right,False,68.9,39.7,78.5,57.0,False,False,False,True
73111450-43e7-429e-a465-452ccc75304b,3825747,44,1,00:01:43.023,1,43,42,Ball Receipt*,5,322,Eibar,From Goal Kick,322,Eibar,6742.0,Sergio Gontán Gallardo,Right Midfield,76.4,59.1,,,,False,,,,,,,False,,,,,,,False,False,left_to_right,False,76.4,59.1,,,False,False,False,False
f0d43fae-a0e6-4d26-8d4b-eefaf29beb8a,3825747,45,1,00:01:43.023,1,43,30,Pass,5,322,Eibar,From Goal Kick,215,Athletic Club,6789.0,Mikel Balenziaga Oruesagasti,Left Back,41.6,23.1,42.1,32.9,0.676939,False,,,,,,,True,9.812747,1.5198201,Low Pass,Recovery,6389.0,Mikel San José Domínguez,False,False,left_to_right,False,41.6,23.1,42.1,32.9,False,False,False,False
d29b70b9-f9a9-4a3c-8f17-bb2908785f87,3825747,46,1,00:01:43.700,1,43,42,Ball Receipt*,5,322,Eibar,From Goal Kick,215,Athletic Club,6389.0,Mikel San José Domínguez,Right Defensive Midfield,42.1,32.9,,,,False,,,,,,,False,,,,,,,False,False,left_to_right,False,42.1,32.9,,,False,False,False,False
6cd8b0e3-7949-4cc9-acd9-326939bf898f,3825747,47,1,00:01:43.700,1,43,43,Carry,5,322,Eibar,From Goal Kick,215,Athletic Club,6389.0,Mikel San José Domínguez,Right Defensive Midfield,42.1,32.9,42.1,32.9,0.039999,False,,,,,,,False,,,,,,,False,False,left_to_right,False,42.1,32.9,42.1,32.9,False,False,False,False
83eda454-ab82-4258-9e09-4fc958ee1463,3825747,48,1,00:01:43.740,1,43,30,Pass,5,322,Eibar,From Goal Kick,215,Athletic Club,6389.0,Mikel San José Domínguez,Right Defensive Midfield,42.1,32.9,78.3,26.4,2.883827,False,,,,,,Incomplete,False,36.778934,-0.17766479,High Pass,,6394.0,Aritz Aduriz Zubeldia,False,False,left_to_right,False,42.1,32.9,78.3,26.4,False,True,False,True
03d936a3-c1f8-45e9-b2c4-89b89cce0ae6,3825747,49,1,00:01:46.624,1,46,42,Ball Receipt*,5,322,Eibar,From Goal Kick,215,Athletic Club,6394.0,Aritz Aduriz Zubeldia,Center Forward,75.2,27.3,,,,False,,,,,,,False,,,,,,,False,False,left_to_right,False,75.2,27.3,,,False,False,False,False
a17931e7-384c-4401-8e95-931127df647e,3825747,50,1,00:01:46.624,1,46,4,Duel,5,322,Eibar,From Goal Kick,215,Athletic Club,6394.0,Aritz Aduriz Zubeldia,Center Forward,78.3,26.4,,,0.0,True,,,,,,,False,,,,,,,False,False,left_to_right,False,78.3,26.4,,,False,False,False,False
cdfd6fb7-d113-4ec2-a0a8-c1ff14977741,3825747,51,1,00:01:46.624,1,46,9,Clearance,5,322,Eibar,From Goal Kick,322,Eibar,6837.0,Mauro Javier Dos Santos,Right Center Back,41.8,53.7,,,0.0,True,,,,,,,False,,,,,,,False,False,left_to_right,False,41.8,53.7,,,False,False,False,False
9779318d-5399-4f61-b4a7-e12727045844,3825747,52,1,00:01:47.715,1,47,30,Pass,5,322,Eibar,From Goal Kick,215,Athletic Club,6842.0,Iker Muniain Goñi,Center Attacking Midfield,71.2,24.8,115.6,25.2,3.280673,False,,,,,,Incomplete,False,44.401802,0.009008765,Low Pass,Recovery,6666.0,Sabin Merino Zuloaga,False,False,left_to_right,False,71.2,24.8,115.6,25.2,False,True,True,True
9491f624-274b-46bc-8f30-a9e107a634bd,3825747,53,1,00:01:50.996,1,50,42,Ball Receipt*,5,322,Eibar,From Goal Kick,215,Athletic Club,6666.0,Sabin Merino Zuloaga,Left Wing,105.2,25.0,,,,False,,,,,,,False,,,,,,,False,False,left_to_right,False,105.2,25.0,,,False,False,False,False
3d4d3d51-96a6-4c74-b54a-b46af3415066,3825747,54,1,00:01:50.996,1,50,2,Ball Recovery,5,322,Eibar,From Goal Kick,322,Eibar,10763.0,Asier Riesgo Unamuno,Goalkeeper,4.5,54.9,,,0.0,False,,,,,,,False,,,,,,,False,False,left_to_right,False,4.5,54.9,,,False,False,False,False
e73cbe9f-4671-445c-b807-97807940649a,3825747,55,1,00:02:06.047,2,6,30,Pass,5,322,Eibar,From Goal Kick,322,Eibar,10763.0,Asier Riesgo Unamuno,Goalkeeper,16.0,51.1,66.6,61.6,3.947664,False,,,,,,,True,51.677944,0.20460606,High Pass,,6700.0,Sergio Enrich Ametller,False,False,left_to_right,False,16.0,51.1,66.6,61.6,False,True,False,False
dbd86734-66d8-471e-af76-3dfb114f90a0,3825747,56,1,00:02:09.995,2,9,42,Ball Receipt*,5,322,Eibar,From Goal Kick,322,Eibar,6700.0,Sergio Enrich Ametller,Left Center Forward,66.6,61.6,,,,False,,,,,,,False,,,,,,,False,False,left_to_right,False,66.6,61.6,,,False,False,False,False
7972a052-e977-46d4-a8f8-c37d72ed85c7,3825747,57,1,00:02:09.995,2,9,30,Pass,5,322,Eibar,From Goal Kick,322,Eibar,6700.0,Sergio Enrich Ametller,Left Center Forward,66.0,62.0,93.1,78.2,3.655724,False,,,,,,Out,False,31.572931,0.5387899,Low Pass,,24070.0,Saúl Berjón Pérez,False,False,left_to_right,False,66.0,62.0,93.1,78.2,False,False,True,True
4e36aea7-5d08-4e02-84de-14ae190ff907,3825747,58,1,00:02:13.651,2,13,42,Ball Receipt*,5,322,Eibar,From Goal Kick,322,Eibar,24070.0,Saúl Berjón Pérez,Left Midfield,86.2,76.6,,,,False,,,,,,,False,,,,,,,False,False,left_to_right,False,86.2,76.6,,,False,False,False,False
01097a8b-73d5-4e4e-b04e-699ae94a4c59,3825747,59,1,00:02:23.520,2,23,30,Pass,6,215,Athletic Club,From Throw In,215,Athletic Club,6789.0,Mikel Balenziaga Oruesagasti,Left Back,32.9,0.1,48.7,4.2,1.511066,False,,,,,,,True,16.323296,0.25389373,High Pass,Throw-in,6666.0,Sabin Merino Zuloaga,False,False,left_to_right,False,32.9,0.1,48.7,4.2,False,False,False,False
a727805e-e2b0-4435-aabf-b64a1d934a44,3825747,60,1,00:02:25.031,2,25,42,Ball Receipt*,6,215,Athletic Club,From Throw In,215,Athletic Club,6666.0,Sabin Merino Zuloaga,Left Wing,48.7,4.2,,,,False,,,,,,,False,,,,,,,False,False,left_to_right,False,48.7,4.2,,,False,False,False,False
a9acb973-95ba-43aa-8ae9-728b770b3166,3825747,61,1,00:02:25.111,2,25,30,Pass,6,215,Athletic Club,From Throw In,215,Athletic Club,6666.0,Sabin Merino Zuloaga,Left Wing,48.7,4.2,57.2,7.7,1.444467,False,,,,,,Incomplete,False,9.192389,0.39060703,Low Pass,,6394.0,Aritz Aduriz Zubeldia,False,False,left_to_right,False,48.7,4.2,57.2,7.7,False,False,False,True
62a0501b-1780-484b-91b1-a418a7ff4326,3825747,62,1,00:02:26.555,2,26,42,Ball Receipt*,6,215,Athletic Club,From Throw In,215,Athletic Club,6394.0,Aritz Aduriz Zubeldia,Center Forward,57.9,12.7,,,,False,,,,,,,False,,,,,,,False,False,left_to_right,False,57.9,12.7,,,False,False,False,False
9ada4f28-5ed5-4453-873b-5558feaff284,3825747,63,1,00:02:26.555,2,26,30,Pass,6,215,Athletic Club,From Throw In,322,Eibar,6699.0,Ander Capa Rodríguez,Right Back,62.9,72.4,98.0,79.5,3.073895,False,,,,,,Out,False,35.810894,0.19958614,High Pass,Recovery,6566.0,Borja González Tomás,False,False,left_to_right,False,62.9,72.4,98.0,79.5,False,True,True,True
d07fc958-ae35-40b5-ad2e-33da070fb4b5,3825747,64,1,00:02:29.629,2,29,42,Ball Receipt*,6,215,Athletic Club,From Throw In,322,Eibar,6566.0,Borja González Tomás,Right Center Forward,85.8,74.1,,,,False,,,,,,,False,,,,,,,False,False,left_to_right,False,85.8,74.1,,,False,False,False,False
b960a3ba-4cd7-4b5a-85bf-56851e55d4df,3825747,65,1,00:02:32.587,2,32,30,Pass,7,215,Athletic Club,From Throw In,215,Athletic Club,4353.0,Aymeric Laporte,Left Center Back,27.1,0.1,10.8,34.6,2.743682,False,,,,,,,True,38.15678,2.0121732,Low Pass,Throw-in,6662.0,Iago Herrerín Buisán,False,False,left_to_right,False,27.1,0.1,10.8,34.6,False,False,False,False
813719c9-0b89-495f-90d0-a988322a11a1,3825747,66,1,00:02:35.331,2,35,42,Ball Receipt*,7,215,Athletic Club,From Throw In,215,Athletic Club,6662.0,Iago Herrerín Buisán,Goalkeeper,10.8,34.6,,,,False,,,,,,,False,,,,,,,False,False,left_to_right,False,10.8,34.6,,,False,False,False,False
08f90f7f-f245-4144-ab21-c43a0bebe226,3825747,67,1,00:02:36.689,2,36,30,Pass,7,215,Athletic Club,From Throw In,215,Athletic Club,6662.0,Iago Herrerín Buisán,Goalkeeper,10.0,35.4,42.1,75.4,3.401758,False,,,,,,,True,51.28752,0.89453286,Low Pass,,6649.0,Óscar de Marcos Arana,False,False,left_to_right,False,10.0,35.4,42.1,75.4,False,False,False,False
d16c2dc1-340f-4d6c-b797-e480fa3be594,3825747,68,1,00:02:40.091,2,40,42,Ball Receipt*,7,215,Athletic Club,From Throw In,215,Athletic Club,6649.0,Óscar de Marcos Arana,Right Back,42.1,75.4,,,,False,,,,,,,False,,,,,,,False,False,left_to_right,False,42.1,75.4,,,False,False,False,False
90dc7078-7d48-487b-9378-823ffd604cc1,3825747,69,1,00:02:40.091,2,40,43,Carry,7,215,Athletic Club,From Throw In,215,Athletic Club,6649.0,Óscar de Marcos Arana,Right Back,42.1,75.4,48.5,76.8,1.336546,False,,,,,,,False,,,,,,,False,False,left_to_right,False,42.1,75.4,48.5,76.8,False,False,False,False
f6afab5e-32b9-4413-88f3-2b99b1d8ed8b,3825747,70,1,00:02:41.428,2,41,30,Pass,7,215,Athletic Club,From Throw In,215,Athletic Club,6649.0,Óscar de Marcos Arana,Right Back,48.5,76.8,65.2,70.0,1.123212,False,,,,,,,True,18.03136,-0.3866855,Ground Pass,,6390.0,Markel Susaeta Laskurain,False,False,left_to_right,False,48.5,76.8,65.2,70.0,False,False,False,False
5f5b9abe-73b6-482f-82c5-9c2da50e8bae,3825747,71,1,00:02:42.551,2,42,42,Ball Receipt*,7,215,Athletic Club,From Throw In,215,Athletic Club,6390.0,Markel Susaeta Laskurain,Right Wing,65.2,70.0,,,,False,,,,,,,False,,,,,,,False,False,left_to_right,False,65.2,70.0,,,False,False,False,False
62230271-3b64-448c-bcdb-78aea032c769,3825747,72,1,00:02:42.551,2,42,43,Carry,7,215,Athletic Club,From Throw In,215,Athletic Club,6390.0,Markel Susaeta Laskurain,Right Wing,65.2,70.0,66.8,70.2,0.12,False,,,,,,,False,,,,,,,False,False,left_to_right,False,65.2,70.0,66.8,70.2,False,False,False,False
2b73c3a3-2dc2-46b9-aa06-9878a450b721,3825747,73,1,00:02:42.671,2,42,30,Pass,7,215,Athletic Club,From Throw In,215,Athletic Club,6390.0,Markel Susaeta Laskurain,Right Wing,66.8,70.2,77.0,73.9,2.17344,False,,,,,,Incomplete,False,10.850346,0.3479836,Ground Pass,,6649.0,Óscar de Marcos Arana,False,False,left_to_right,False,66.8,70.2,77.0,73.9,False,False,False,True
8751897f-6bb6-454d-8951-489cecfccaaa,3825747,74,1,00:02:44.663,2,44,17,Pressure,7,215,Athletic Club,From Throw In,215,Athletic Club,6649.0,Óscar de Marcos Arana,Right Back,73.9,75.8,,,0.381393,False,,,,,,,False,,,,,,,False,False,left_to_right,False,73.9,75.8,,,False,False,False,False
ce8bad6b-2048-439e-b5b4-82e65cdb539e,3825747,75,1,00:02:44.844,2,44,42,Ball Receipt*,7,215,Athletic Club,From Throw In,215,Athletic Club,6649.0,Óscar de Marcos Arana,Right Back,75.4,75.0,,,,False,,,,,,,False,,,,,,,False,False,left_to_right,False,75.4,75.0,,,False,False,False,False
913eb6a1-5d38-4f0d-a005-a697998a9087,3825747,76,1,00:02:44.844,2,44,30,Pass,7,215,Athletic Club,From Throw In,322,Eibar,6776.0,David Juncà Reñé,Left Back,43.1,6.2,49.5,7.2,0.904227,True,,,,,,Incomplete,False,6.477654,0.15499674,Ground Pass,Interception,6557.0,Adrián González Morales,False,False,left_to_right,False,43.1,6.2,49.5,7.2,False,False,False,True
fac167f7-2df6-4453-bb77-bd6ff89d3cc9,3825747,77,1,00:02:45.748,2,45,42,Ball Receipt*,7,215,Athletic Club,From Throw In,322,Eibar,6557.0,Adrián González Morales,Left Defensive Midfield,52.6,9.5,,,,False,,,,,,,False,,,,,,,False,False,left_to_right,False,52.6,9.5,,,False,False,False,False
203c3c24-c41a-435a-a52b-4375a0323090,3825747,78,1,00:02:45.748,2,45,2,Ball Recovery,7,215,Athletic Club,From Throw In,215,Athletic Club,6390.0,Markel Susaeta Laskurain,Right Wing,70.6,72.9,,,0.0,False,,,,,,,False,,,,,,,False,False,left_to_right,False,70.6,72.9,,,False,False,False,False
c05e5adc-3a13-4efc-b59f-0e0ebec02a72,3825747,79,1,00:02:45.748,2,45,43,Carry,7,215,Athletic Club,From Throw In,215,Athletic Club,6390.0,Markel Susaeta Laskurain,Right Wing,70.6,72.9,84.1,78.1,2.528358,False,,,,,,,False,,,,,,,False,False,left_to_right,False,70.6,72.9,84.1,78.1,False,False,False,False
490d1ba8-23a7-476d-a4e7-0d0240bd3b54,3825747,80,1,00:02:48.277,2,48,30,Pass,7,215,Athletic Club,From Throw In,215,Athletic Club,6390.0,Markel Susaeta Laskurain,Right Wing,84.1,78.1,100.2,72.7,1.083297,False,,,,,,Incomplete,False,16.98146,-0.32361275,Ground Pass,,6649.0,Óscar de Marcos Arana,False,False,left_to_right,False,84.1,78.1,100.2,72.7,False,True,False,True
8e75413f-8a39-4002-ba3a-0f9f766cfef3,3825747,81,1,00:02:49.360,2,49,42,Ball Receipt*,7,215,Athletic Club,From Throw In,215,Athletic Club,6649.0,Óscar de Marcos Arana,Right Back,101.6,70.0,,,,False,,,,,,,False,,,,,,,False,False,left_to_right,False,101.6,70.0,,,False,False,False,False
b0cf3b0d-fa88-4ac5-9cd7-a94478e3d1bd,3825747,82,1,00:02:49.360,2,49,10,Interception,8,322,Eibar,Regular Play,322,Eibar,6776.0,David Juncà Reñé,Left Back,19.9,7.4,,,0.0,False,,,,,,,False,,,,,,,False,False,left_to_right,False,19.9,7.4,,,False,False,False,False
fcfec1a9-0b69-45a1-851f-2dc6285d5d7e,3825747,83,1,00:02:49.360,2,49,43,Carry,8,322,Eibar,Regular Play,322,Eibar,6776.0,David Juncà Reñé,Left Back,19.9,7.4,16.0,0.8,1.615612,False,,,,,,,False,,,,,,,False,False,left_to_right,False,19.9,7.4,16.0,0.8,False,False,False,False
1cfffeb4-49af-4973-b590-60bc4bd0a39e,3825747,84,1,00:02:50.976,2,50,30,Pass,8,322,Eibar,Regular Play,322,Eibar,6776.0,David Juncà Reñé,Left Back,16.0,0.8,42.6,2.0,1.913144,False,,,,,,,True,26.627054,0.045082215,Ground Pass,,24070.0,Saúl Berjón Pérez,False,False,left_to_right,False,16.0,0.8,42.6,2.0,False,False,False,False
14399aaa-964c-48a2-a521-7ff41291c648,3825747,85,1,00:02:52.684,2,52,17,Pressure,8,322,Eibar,Regular Play,215,Athletic Club,6389.0,Mikel San José Domínguez,Right Defensive Midfield,75.0,76.9,,,0.485905,False,,,,,,,False,,,,,,,False,False,left_to_right,False,75.0,76.9,,,False,False,False,False
ea1c6559-62d8-4524-9436-e666229135fe,3825747,86,1,00:02:52.889,2,52,42,Ball Receipt*,8,322,Eibar,Regular Play,322,Eibar,24070.0,Saúl Berjón Pérez,Left Midfield,42.6,2.0,,,,True,,,,,,,False,,,,,,,False,False,left_to_right,False,42.6,2.0,,,False,False,False,False
bdd1e325-af73-4325-96d1-b4be68ae125c,3825747,87,1,00:02:52.889,2,52,43,Carry,8,322,Eibar,Regular Play,322,Eibar,24070.0,Saúl Berjón Pérez,Left Midfield,42.6,2.0,42.2,1.4,0.008822,True,,,,,,,False,,,,,,,False,False,left_to_right,False,42.6,2.0,42.2,1.4,False,False,False,False
f1c977bc-7cf2-4bfe-b693-87da411b2615,3825747,88,1,00:02:52.898,2,52,30,Pass,8,322,Eibar,Regular Play,322,Eibar,24070.0,Saúl Berjón Pérez,Left Midfield,42.2,1.4,35.6,7.6,1.040942,True,,,,,,,True,9.055386,2.3874342,Ground Pass,,6557.0,Adrián González Morales,False,False,left_to_right,False,42.2,1.4,35.6,7.6,False,False,False,False
63daa872-436f-4124-a228-1dfd27da1131,3825747,89,1,00:02:53.939,2,53,42,Ball Receipt*,8,322,Eibar,Regular Play,322,Eibar,6557.0,Adrián González Morales,Left Defensive Midfield,35.6,7.6,,,,False,,,,,,,False,,,,,,,False,False,left_to_right,False,35.6,7.6,,,False,False,False,False
e6ef3e1e-0691-4d39-b344-e4c50cec6dc3,3825747,90,1,00:02:53.939,2,53,43,Carry,8,322,Eibar,Regular Play,322,Eibar,6557.0,Adrián González Morales,Left Defensive Midfield,35.6,7.6,40.6,9.9,1.027964,True,,,,,,,False,,,,,,,False,False,left_to_right,False,35.6,7.6,40.6,9.9,False,False,False,False
171936ae-ab03-4aaa-b450-2fc3fa570335,3825747,91,1,00:02:54.467,2,54,17,Pressure,8,322,Eibar,Regular Play,215,Athletic Club,6842.0,Iker Muniain Goñi,Center Attacking Midfield,83.5,76.4,,,0.725673,False,,,,,,,False,,,,,,,False,False,left_to_right,False,83.5,76.4,,,False,False,False,False
1deeef8c-694f-4843-a895-0afd4e13d56b,3825747,92,1,00:02:54.967,2,54,30,Pass,8,322,Eibar,Regular Play,322,Eibar,6557.0,Adrián González Morales,Left Defensive Midfield,40.6,9.9,42.6,28.7,1.587578,True,,,,,,,True,18.906084,1.4648119,Ground Pass,,6742.0,Sergio Gontán Gallardo,False,False,left_to_right,False,40.6,9.9,42.6,28.7,False,False,False,False
23184705-068b-45e1-a1d4-331de63723b6,3825747,93,1,00:02:55.336,2,55,17,Pressure,8,322,Eibar,Regular Play,215,Athletic Club,6666.0,Sabin Merino Zuloaga,Left Wing,80.2,52.1,,,0.832635,False,,,,,,,False,,,,,,,False,False,left_to_right,False,80.2,52.1,,,False,False,False,False
e39729bd-eb89-4e59-bd5a-f7e18007f6a4,3825747,94,1,00:02:56.145,2,56,17,Pressure,8,322,Eibar,Regular Play,215,Athletic Club,6789.0,Mikel Balenziaga Oruesagasti,Left Back,72.0,47.1,,,0.710277,False,,,,,,,False,,,,,,,False,False,left_to_right,False,72.0,47.1,,,False,False,False,False
c7b4245f-8160-4d34-99af-a156ed0d94b6,3825747,95,1,00:02:56.554,2,56,42,Ball Receipt*,8,322,Eibar,Regular Play,322,Eibar,6742.0,Sergio Gontán Gallardo,Right Midfield,42.6,28.7,,,,True,,,,,,,False,,,,,,,False,False,left_to_right,False,42.6,28.7,,,False,False,False,False
499aecf6-b948-4181-886f-c7ae9cd30bd5,3825747,96,1,00:02:56.554,2,56,43,Carry,8,322,Eibar,Regular Play,322,Eibar,6742.0,Sergio Gontán Gallardo,Right Midfield,42.6,28.7,43.3,31.0,0.203185,True,,,,,,,False,,,,,,,False,False,left_to_right,False,42.6,28.7,43.3,31.0,False,False,False,False
37c379fb-a7ad-4b54-bba1-619f6f619a6d,3825747,97,1,00:02:56.757,2,56,30,Pass,8,322,Eibar,Regular Play,322,Eibar,6742.0,Sergio Gontán Gallardo,Right Midfield,43.3,31.0,77.0,63.2,3.778702,True,,,,,,,True,46.610405,0.76264036,Ground Pass,,6699.0,Ander Capa Rodríguez,False,False,left_to_right,False,43.3,31.0,77.0,63.2,False,True,False,False
895bce38-b44d-4f43-b0a1-98b25eae4c96,3825747,98,1,00:03:00.536,3,0,42,Ball Receipt*,8,322,Eibar,Regular Play,322,Eibar,6699.0,Ander Capa Rodríguez,Right Back,77.0,63.2,,,,False,,,,,,,False,,,,,,,False,False,left_to_right,False,77.0,63.2,,,False,False,False,False
0764a965-c05a-4551-b05e-86c0daa91fb8,3825747,99,1,00:03:00.536,3,0,43,Carry,8,322,Eibar,Regular Play,322,Eibar,6699.0,Ander Capa Rodríguez,Right Back,77.0,63.2,89.7,57.6,1.38235,False,,,,,,,False,,,,,,,False,False,left_to_right,False,77.0,63.2,89.7,57.6,True,False,False,False
571f3b7e-3355-4cc7-89c5-f3a65c5f5e18,3825747,100,1,00:03:01.918,3,1,30,Pass,8,322,Eibar,Regular Play,322,Eibar,6699.0,Ander Capa Rodríguez,Right Back,89.7,57.6,100.3,44.3,0.821036,False,,,,,,,True,17.00735,-0.89789194,Ground Pass,,6700.0,Sergio Enrich Ametller,False,False,left_to_right,False,89.7,57.6,100.3,44.3,False,True,False,False
647bdd55-9962-4e5d-9600-6d3f0f362b5d,3825747,101,1,00:03:02.739,3,2,42,Ball Receipt*,8,322,Eibar,Regular Play,322,Eibar,6700.0,Sergio Enrich Ametller,Left Center Forward,100.3,44.3,,,,False,,,,,,,False,,,,,,,False,False,left_to_right,False,100.3,44.3,,,False,False,False,False
886aac63-e3d7-4456-b308-89836aa0832d,3825747,102,1,00:03:02.739,3,2,30,Pass,8,322,Eibar,Regular Play,322,Eibar,6700.0,Sergio Enrich Ametller,Left Center Forward,99.3,44.9,104.7,31.6,1.142545,False,,,,,,,True,14.354442,-1.1851153,Ground Pass,,6566.0,Borja González Tomás,False,True,left_to_right,False,99.3,44.9,104.7,31.6,False,False,False,False
fcb37994-4661-4638-9e34-183d65e37f39,3825747,103,1,00:03:03.882,3,3,42,Ball Receipt*,8,322,Eibar,Regular Play,322,Eibar,6566.0,Borja González Tomás,Right Center Forward,104.7,31.6,,,,False,,,,,,,False,,,,,,,False,False,left_to_right,False,104.7,31.6,,,False,False,False,False
e552a1e9-8d52-4de3-ac18-a3d374783ef4,3825747,104,1,00:03:03.911,3,3,16,Shot,8,322,Eibar,Regular Play,322,Eibar,6566.0,Borja González Tomás,Right Center Forward,104.8,35.1,120.0,37.5,0.887823,False,0.59366953,Goal,Right Foot,Normal,Open Play,,False,,,,,,,False,False,left_to_right,False,104.8,35.1,120.0,37.5,False,False,False,False
fc1dd662-7418-48a8-9d1e-c8764b764d66,3825747,105,1,00:03:04.799,3,4,23,Goal Keeper,8,322,Eibar,Regular Play,215,Athletic Club,6662.0,Iago Herrerín Buisán,Goalkeeper,6.6,38.9,,,0.0,False,,,,,,,False,,,,,,,False,False,left_to_right,False,6.6,38.9,,,False,False,False,False
b8d4f2d2-8dde-475f-b538-bc37bea73576,3825747,106,1,00:04:02.853,4,2,30,Pass,9,215,Athletic Club,From Kick Off,215,Athletic Club,6394.0,Aritz Aduriz Zubeldia,Center Forward,61.0,40.1,41.6,25.6,2.683144,False,,,,,,,True,24.220034,-2.499743,Ground Pass,Kick Off,4353.0,Aymeric Laporte,False,False,left_to_right,False,61.0,40.1,41.6,25.6,False,False,False,False
601757f4-a1e7-4a6c-91d7-c0277c1cee95,3825747,107,1,00:04:05.536,4,5,42,Ball Receipt*,9,215,Athletic Club,From Kick Off,215,Athletic Club,4353.0,Aymeric Laporte,Left Center Back,41.6,25.6,,,,False,,,,,,,False,,,,,,,False,False,left_to_right,False,41.6,25.6,,,False,False,False,False
8c6aef0c-2cd6-4a09-8e19-23ec84c82ee9,3825747,108,1,00:04:05.676,4,5,30,Pass,9,215,Athletic Club,From Kick Off,215,Athletic Club,4353.0,Aymeric Laporte,Left Center Back,41.8,25.6,35.0,54.2,2.122796,False,,,,,,,True,29.397278,1.8042244,Ground Pass,,6386.0,Eneko Bóveda Altube,False,False,left_to_right,False,41.8,25.6,35.0,54.2,False,False,False,False
3c9adaed-1d4f-4006-b7da-e32a7d8ec7df,3825747,109,1,00:04:07.767,4,7,17,Pressure,9,215,Athletic Club,From Kick Off,322,Eibar,24070.0,Saúl Berjón Pérez,Left Midfield,81.8,22.6,,,0.840858,False,,,,,,,False,,,,,,,False,False,left_to_right,False,81.8,22.6,,,False,False,False,False
f3b433f7-1627-4dc6-bbf1-a9393aab6d7a,3825747,110,1,00:04:07.799,4,7,42,Ball Receipt*,9,215,Athletic Club,From Kick Off,215,Athletic Club,6386.0,Eneko Bóveda Altube,Right Center Back,35.0,54.2,,,,True,,,,,,,False,,,,,,,False,False,left_to_right,False,35.0,54.2,,,False,False,False,False
9e5739fc-1492-41aa-b2e2-179cbecd67bf,3825747,111,1,00:04:07.799,4,7,43,Carry,9,215,Athletic Club,From Kick Off,215,Athletic Club,6386.0,Eneko Bóveda Altube,Right Center Back,35.0,54.2,40.0,53.9,1.689956,True,,,,,,,False,,,,,,,False,False,left_to_right,False,35.0,54.2,40.0,53.9,False,False,False,False
23423cbc-c6b9-4146-b0cc-7e9f9fd29dac,3825747,112,1,00:04:09.489,4,9,30,Pass,9,215,Athletic Club,From Kick Off,215,Athletic Club,6386.0,Eneko Bóveda Altube,Right Center Back,40.0,53.9,46.4,76.4,1.780162,False,,,,,,,True,23.39252,1.293671,Ground Pass,,6649.0,Óscar de Marcos Arana,False,False,left_to_right,False,40.0,53.9,46.4,76.4,False,False,False,False
46b83ac3-110b-4652-b0a7-2b5dc49ee204,3825747,113,1,00:04:11.269,4,11,42,Ball Receipt*,9,215,Athletic Club,From Kick Off,215,Athletic Club,6649.0,Óscar de Marcos Arana,Right Back,46.4,76.4,,,,False,,,,,,,False,,,,,,,False,False,left_to_right,False,46.4,76.4,,,False,False,False,False
bad90e7c-bc24-4f32-8b81-d40dedec15f8,3825747,114,1,00:04:11.269,4,11,43,Carry,9,215,Athletic Club,From Kick Off,215,Athletic Club,6649.0,Óscar de Marcos Arana,Right Back,46.4,76.4,46.6,77.9,0.955085,False,,,,,,,False,,,,,,,False,False,left_to_right,False,46.4,76.4,46.6,77.9,False,False,False,False
3ae2d93d-7538-41f9-a681-88b161f5e854,3825747,115,1,00:04:12.224,4,12,30,Pass,9,215,Athletic Club,From Kick Off,215,Athletic Club,6649.0,Óscar de Marcos Arana,Right Back,46.6,77.9,83.5,80.0,4.112833,False,,,,,,Out,False,36.95971,0.05684925,High Pass,,6390.0,Markel Susaeta Laskurain,False,False,left_to_right,False,46.6,77.9,83.5,80.0,False,True,True,True
f017f9ce-a653-4b7a-9bbd-21423f922966,3825747,116,1,00:04:16.337,4,16,42,Ball Receipt*,9,215,Athletic Club,From Kick Off,215,Athletic Club,6390.0,Markel Susaeta Laskurain,Right Wing,85.6,74.6,,,,False,,,,,,,False,,,,,,,False,False,left_to_right,False,85.6,74.6,,,False,False,False,False
d7e945f3-e1a8-403f-a10b-4885b41f54d8,3825747,117,1,00:04:26.154,4,26,30,Pass,10,322,Eibar,From Throw In,322,Eibar,6776.0,David Juncà Reñé,Left Back,43.3,0.1,57.9,5.7,1.283215,False,,,,,,,True,15.6371355,0.36625555,High Pass,Throw-in,6700.0,Sergio Enrich Ametller,False,False,left_to_right,False,43.3,0.1,57.9,5.7,False,False,False,False
0e7c845a-1a54-414b-aff7-4e5091ec8faf,3825747,118,1,00:04:27.437,4,27,42,Ball Receipt*,10,322,Eibar,From Throw In,322,Eibar,6700.0,Sergio Enrich Ametller,Left Center Forward,57.9,5.7,,,,False,,,,,,,False,,,,,,,False,False,left_to_right,False,57.9,5.7,,,False,False,False,False
e29f1890-f9b4-4c21-8fb6-f6b5735f7116,3825747,119,1,00:04:27.437,4,27,30,Pass,10,322,Eibar,From Throw In,322,Eibar,6700.0,Sergio Enrich Ametller,Left Center Forward,57.9,5.7,66.0,6.4,1.723141,False,,,,,,Incomplete,False,8.130191,0.08620557,High Pass,,24070.0,Saúl Berjón Pérez,False,False,left_to_right,False,57.9,5.7,66.0,6.4,False,False,False,True
fee54f21-047f-4500-9b56-c8e584041288,3825747,120,1,00:04:29.160,4,29,42,Ball Receipt*,10,322,Eibar,From Throw In,322,Eibar,24070.0,Saúl Berjón Pérez,Left Midfield,65.8,8.0,,,,False,,,,,,,False,,,,,,,False,False,left_to_right,False,65.8,8.0,,,False,False,False,False
d51a6f70-d1a7-47b1-bc08-0b5a620bc6a7,3825747,121,1,00:04:29.160,4,29,30,Pass,10,322,Eibar,From Throw In,215,Athletic Club,6389.0,Mikel San José Domínguez,Right Defensive Midfield,54.1,73.7,63.7,76.6,1.500938,False,,,,,,Incomplete,False,10.02846,0.293367,High Pass,Recovery,6390.0,Markel Susaeta Laskurain,False,False,left_to_right,False,54.1,73.7,63.7,76.6,False,False,False,True
52378235-b41a-4a28-be4a-71e9712ed578,3825747,122,1,00:04:30.411,4,30,17,Pressure,10,322,Eibar,From Throw In,215,Athletic Club,6390.0,Markel Susaeta Laskurain,Right Wing,62.3,76.2,,,1.127073,False,,,,,,,False,,,,,,,False,False,left_to_right,False,62.3,76.2,,,False,False,False,False
19db9e5b-9f52-4377-b96b-459c5583115f,3825747,123,1,00:04:30.661,4,30,42,Ball Receipt*,10,322,Eibar,From Throw In,215,Athletic Club,6390.0,Markel Susaeta Laskurain,Right Wing,62.3,74.3,,,,False,,,,,,,False,,,,,,,False,False,left_to_right,False,62.3,74.3,,,False,False,False,False
609eb69d-17b8-47f6-aa28-93579e389526,3825747,124,1,00:04:30.661,4,30,2,Ball Recovery,10,322,Eibar,From Throw In,322,Eibar,6557.0,Adrián González Morales,Left Defensive Midfield,56.4,3.5,,,0.0,True,,,,,,,False,,,,,,,False,False,left_to_right,False,56.4,3.5,,,False,False,False,False
45363afc-7708-44de-8572-2384ec5a2783,3825747,125,1,00:04:30.661,4,30,43,Carry,10,322,Eibar,From Throw In,322,Eibar,6557.0,Adrián González Morales,Left Defensive Midfield,56.4,3.5,56.4,1.4,1.014966,True,,,,,,,False,,,,,,,False,False,left_to_right,False,56.4,3.5,56.4,1.4,False,False,False,False
18bf102f-76c4-43e5-955d-f1d8f2770ba3,3825747,126,1,00:04:31.676,4,31,30,Pass,10,322,Eibar,From Throw In,322,Eibar,6557.0,Adrián González Morales,Left Defensive Midfield,56.4,1.4,53.9,2.2,0.862325,False,,,,,,Incomplete,False,2.624881,2.8318896,Ground Pass,,6776.0,David Juncà Reñé,False,False,left_to_right,False,56.4,1.4,53.9,2.2,False,False,False,True
8dbfd865-948e-43f8-aee0-625c7afe87dc,3825747,127,1,00:04:32.107,4,32,17,Pressure,10,322,Eibar,From Throw In,322,Eibar,6776.0,David Juncà Reñé,Left Back,50.8,1.8,,,0.822095,False,,,,,,,False,,,,,,,False,False,left_to_right,False,50.8,1.8,,,False,False,False,False
4e62ec89-4874-4cef-93ef-c939afe97dd8,3825747,128,1,00:04:32.538,4,32,42,Ball Receipt*,10,322,Eibar,From Throw In,322,Eibar,6776.0,David Juncà Reñé,Left Back,51.0,1.2,,,,False,,,,,,,False,,,,,,,False,False,left_to_right,False,51.0,1.2,,,False,False,False,False
2a889e37-4277-4e1a-9c4a-173deba76527,3825747,129,1,00:04:32.538,4,32,10,Interception,11,215,Athletic Club,Regular Play,215,Athletic Club,6842.0,Iker Muniain Goñi,Center Attacking Midfield,66.2,77.9,,,0.0,True,,,,,,,False,,,,,,,False,False,left_to_right,False,66.2,77.9,,,False,False,False,False
47c4f746-0037-4514-8dbb-61e3fb0e5724,3825747,130,1,00:04:32.538,4,32,43,Carry,11,215,Athletic Club,Regular Play,215,Athletic Club,6842.0,Iker Muniain Goñi,Center Attacking Midfield,66.2,77.9,64.8,78.5,0.587922,True,,,,,,,False,,,,,,,False,False,left_to_right,False,66.2,77.9,64.8,78.5,False,False,False,False
3a580eea-a775-40ff-8f4d-86f6d227fc30,3825747,131,1,00:04:33.126,4,33,22,Foul Committed,11,215,Athletic Club,Regular Play,322,Eibar,6776.0,David Juncà Reñé,Left Back,55.3,1.6,,,0.0,False,,,,,,,False,,,,,,,False,False,left_to_right,False,55.3,1.6,,,False,False,False,False
2667023f-db37-495a-9bff-c199ad16866f,3825747,132,1,00:04:33.126,4,33,21,Foul Won,11,215,Athletic Club,Regular Play,215,Athletic Club,6842.0,Iker Muniain Goñi,Center Attacking Midfield,64.8,78.5,,,0.0,True,,,,,,,False,,,,,,,False,False,left_to_right,False,64.8,78.5,,,False,False,False,False
b1ae27bf-d5ff-499d-8427-9ec0b78d51d7,3825747,133,1,00:04:44.307,4,44,30,Pass,12,215,Athletic Club,From Free Kick,215,Athletic Club,6649.0,Óscar de Marcos Arana,Right Back,64.8,78.5,42.5,60.2,2.275956,False,,,,,,,True,28.84753,-2.4543998,Ground Pass,Free Kick,6386.0,Eneko Bóveda Altube,False,False,left_to_right,False,64.8,78.5,42.5,60.2,False,False,False,False
e4ac877d-faab-4aad-ac5c-f13ee8665a1b,3825747,134,1,00:04:46.583,4,46,42,Ball Receipt*,12,215,Athletic Club,From Free Kick,215,Athletic Club,6386.0,Eneko Bóveda Altube,Right Center Back,42.5,60.2,,,,False,,,,,,,False,,,,,,,False,False,left_to_right,False,42.5,60.2,,,False,False,False,False
e7f2bfde-bb55-4368-b61e-446ebb6d1df8,3825747,135,1,00:04:46.800,4,46,30,Pass,12,215,Athletic Club,From Free Kick,215,Athletic Club,6386.0,Eneko Bóveda Altube,Right Center Back,43.3,58.9,33.9,37.1,1.732796,False,,,,,,,True,23.740261,-1.9779005,Ground Pass,,4353.0,Aymeric Laporte,False,False,left_to_right,False,43.3,58.9,33.9,37.1,False,False,False,False
325c0864-807f-4c1a-900b-c0c0a0a37223,3825747,136,1,00:04:48.533,4,48,42,Ball Receipt*,12,215,Athletic Club,From Free Kick,215,Athletic Club,4353.0,Aymeric Laporte,Left Center Back,33.9,37.1,,,,False,,,,,,,False,,,,,,,False,False,left_to_right,False,33.9,37.1,,,False,False,False,False
f5807a3c-3d14-48cb-b90a-fdfd156bcb74,3825747,137,1,00:04:48.533,4,48,43,Carry,12,215,Athletic Club,From Free Kick,215,Athletic Club,4353.0,Aymeric Laporte,Left Center Back,33.9,37.1,36.2,36.7,3.641807,False,,,,,,,False,,,,,,,False,False,left_to_right,False,33.9,37.1,36.2,36.7,False,False,False,False
75e695fc-8d94-4994-917d-25f4a232828f,3825747,138,1,00:04:52.175,4,52,30,Pass,12,215,Athletic Club,From Free Kick,215,Athletic Club,4353.0,Aymeric Laporte,Left Center Back,36.2,36.7,34.1,61.0,1.366843,False,,,,,,,True,24.390572,1.6570019,Ground Pass,,6386.0,Eneko Bóveda Altube,False,False,left_to_right,False,36.2,36.7,34.1,61.0,False,False,False,False
58036bec-40b5-45d3-89d6-df85c8024b5d,3825747,139,1,00:04:53.542,4,53,42,Ball Receipt*,12,215,Athletic Club,From Free Kick,215,Athletic Club,6386.0,Eneko Bóveda Altube,Right Center Back,34.1,61.0,,,,False,,,,,,,False,,,,,,,False,False,left_to_right,False,34.1,61.0,,,False,False,False,False
ef22d0f5-127b-471c-ad89-2501c9c8779e,3825747,140,1,00:04:53.542,4,53,43,Carry,12,215,Athletic Club,From Free Kick,215,Athletic Club,6386.0,Eneko Bóveda Altube,Right Center Back,34.1,61.0,35.0,60.0,2.066668,False,,,,,,,False,,,,,,,False,False,left_to_right,False,34.1,61.0,35.0,60.0,False,False,False,False
92e2563e-5ab5-40ec-89a7-bdad035aa342,3825747,141,1,00:04:55.608,4,55,30,Pass,12,215,Athletic Club,From Free Kick,215,Athletic Club,6386.0,Eneko Bóveda Altube,Right Center Back,35.0,60.0,45.2,55.8,1.12365,False,,,,,,,True,11.030866,-0.39060703,Ground Pass,,6389.0,Mikel San José Domínguez,False,False,left_to_right,False,35.0,60.0,45.2,55.8,False,False,False,False
6d5a28b7-2601-4485-be6b-7c27b8525698,3825747,142,1,00:04:56.732,4,56,42,Ball Receipt*,12,215,Athletic Club,From Free Kick,215,Athletic Club,6389.0,Mikel San José Domínguez,Right Defensive Midfield,45.2,55.8,,,,False,,,,,,,False,,,,,,,False,False,left_to_right,False,45.2,55.8,,,False,False,False,False
0458255f-e6b6-43a2-bc9c-7b31d3e4d497,3825747,143,1,00:04:56.732,4,56,43,Carry,12,215,Athletic Club,From Free Kick,215,Athletic Club,6389.0,Mikel San José Domínguez,Right Defensive Midfield,45.2,55.8,47.3,61.7,1.41819,False,,,,,,,False,,,,,,,False,False,left_to_right,False,45.2,55.8,47.3,61.7,False,False,False,False
e155a2a1-12f9-440d-97ca-bfecdf1a4f3b,3825747,144,1,00:04:58.150,4,58,30,Pass,12,215,Athletic Club,From Free Kick,215,Athletic Club,6389.0,Mikel San José Domínguez,Right Defensive Midfield,47.3,61.7,57.3,57.9,0.837111,False,,,,,,,True,10.697663,-0.36314702,Ground Pass,,6842.0,Iker Muniain Goñi,False,False,left_to_right,False,47.3,61.7,57.3,57.9,False,False,False,False
b7685a5f-7099-4b21-a9ab-a1952c4d4abf,3825747,145,1,00:04:58.658,4,58,17,Pressure,12,215,Athletic Club,From Free Kick,322,Eibar,6775.0,Daniel García Carrillo,Right Defensive Midfield,59.7,23.5,,,0.537768,False,,,,,,,False,,,,,,,False,False,left_to_right,False,59.7,23.5,,,False,False,False,False
a7966762-d0a1-45ba-8a39-2942134a398c,3825747,146,1,00:04:58.987,4,58,42,Ball Receipt*,12,215,Athletic Club,From Free Kick,215,Athletic Club,6842.0,Iker Muniain Goñi,Center Attacking Midfield,57.3,57.9,,,,True,,,,,,,False,,,,,,,False,False,left_to_right,False,57.3,57.9,,,False,False,False,False
61147c8b-1f0a-497b-bdb2-d3fbd25d2190,3825747,147,1,00:04:58.987,4,58,43,Carry,12,215,Athletic Club,From Free Kick,215,Athletic Club,6842.0,Iker Muniain Goñi,Center Attacking Midfield,57.3,57.9,57.2,58.5,0.216337,True,,,,,,,False,,,,,,,False,False,left_to_right,False,57.3,57.9,57.2,58.5,False,False,False,False
cf3c646a-7ddf-4106-bded-1efdd9a6914e,3825747,148,1,00:04:59.204,4,59,3,Dispossessed,12,215,Athletic Club,From Free Kick,215,Athletic Club,6842.0,Iker Muniain Goñi,Center Attacking Midfield,57.2,58.5,,,0.73815,True,,,,,,,False,,,,,,,False,False,left_to_right,False,57.2,58.5,,,False,False,False,True
29e3c325-7471-45a6-8268-6116c2cd1db2,3825747,149,1,00:04:59.204,4,59,4,Duel,12,215,Athletic Club,From Free Kick,322,Eibar,6775.0,Daniel García Carrillo,Right Defensive Midfield,62.9,21.6,,,0.0,True,,,,,,,False,,,,,,,False,False,left_to_right,False,62.9,21.6,,,False,False,False,False
2a300531-7ff0-4b3b-b0db-72192ea9b191,3825747,150,1,00:05:00.029,5,0,2,Ball Recovery,12,215,Athletic Club,From Free Kick,215,Athletic Club,6389.0,Mikel San José Domínguez,Right Defensive Midfield,48.3,59.6,,,0.0,False,,,,,,,False,,,,,,,False,False,left_to_right,False,48.3,59.6,,,False,False,False,False
344105b7-0c71-4dba-8ac2-b0062d17ed8e,3825747,151,1,00:05:00.029,5,0,43,Carry,12,215,Athletic Club,From Free Kick,215,Athletic Club,6389.0,Mikel San José Domínguez,Right Defensive Midfield,48.3,59.6,49.3,54.2,1.209171,False,,,,,,,False,,,,,,,False,False,left_to_right,False,48.3,59.6,49.3,54.2,False,False,False,False
f2739f18-30fe-48c1-86a0-a343f570d21c,3825747,152,1,00:05:01.238,5,1,30,Pass,12,215,Athletic Club,From Free Kick,215,Athletic Club,6389.0,Mikel San José Domínguez,Right Defensive Midfield,49.3,54.2,38.5,24.2,1.838796,False,,,,,,,True,31.884792,-1.9163519,Ground Pass,,4353.0,Aymeric Laporte,False,False,left_to_right,False,49.3,54.2,38.5,24.2,False,False,False,False
bde58fd0-a0ff-4f2b-ab9e-e9e33854eb0b,3825747,153,1,00:05:03.077,5,3,42,Ball Receipt*,12,215,Athletic Club,From Free Kick,215,Athletic Club,4353.0,Aymeric Laporte,Left Center Back,38.5,24.2,,,,False,,,,,,,False,,,,,,,False,False,left_to_right,False,38.5,24.2,,,False,False,False,False
2cb0a0c8-25dd-4393-8deb-7d5b8c26143f,3825747,154,1,00:05:03.077,5,3,43,Carry,12,215,Athletic Club,From Free Kick,215,Athletic Club,4353.0,Aymeric Laporte,Left Center Back,38.5,24.2,42.9,25.6,0.919998,False,,,,,,,False,,,,,,,False,False,left_to_right,False,38.5,24.2,42.9,25.6,False,False,False,False
9d7c5700-b339-4a99-8ec5-e07edaf0fad9,3825747,155,1,00:05:03.997,5,3,30,Pass,12,215,Athletic Club,From Free Kick,215,Athletic Club,4353.0,Aymeric Laporte,Left Center Back,42.9,25.6,69.8,10.8,1.690112,False,,,,,,Incomplete,False,30.702606,-0.5029859,Ground Pass,,6789.0,Mikel Balenziaga Oruesagasti,False,False,left_to_right,False,42.9,25.6,69.8,10.8,False,True,False,True
ffb99c72-5a6e-448a-9f14-5e862a2c6280,3825747,156,1,00:05:05.687,5,5,42,Ball Receipt*,12,215,Athletic Club,From Free Kick,215,Athletic Club,6789.0,Mikel Balenziaga Oruesagasti,Left Back,69.3,6.0,,,,False,,,,,,,False,,,,,,,False,False,left_to_right,False,69.3,6.0,,,False,False,False,False
6bd78ed9-e58f-4ef5-84eb-f0114611d403,3825747,157,1,00:05:05.687,5,5,30,Pass,13,322,Eibar,Regular Play,322,Eibar,6699.0,Ander Capa Rodríguez,Right Back,50.3,69.3,55.8,63.6,0.74984,False,,,,,,,True,7.9208584,-0.8032534,Ground Pass,Interception,6742.0,Sergio Gontán Gallardo,False,False,left_to_right,False,50.3,69.3,55.8,63.6,False,False,False,False
4af77e09-42b9-47d4-ba4d-70693761ea57,3825747,158,1,00:05:05.989,5,5,17,Pressure,13,322,Eibar,Regular Play,215,Athletic Club,6789.0,Mikel Balenziaga Oruesagasti,Left Back,65.8,12.9,,,0.711551,False,,,,,,,False,,,,,,,False,False,left_to_right,False,65.8,12.9,,,False,False,False,False
16cc9ab7-2238-4443-a9c8-32163f65ca87,3825747,159,1,00:05:06.437,5,6,42,Ball Receipt*,13,322,Eibar,Regular Play,322,Eibar,6742.0,Sergio Gontán Gallardo,Right Midfield,55.8,63.6,,,,True,,,,,,,False,,,,,,,False,False,left_to_right,False,55.8,63.6,,,False,False,False,False
4a344cbf-7f9e-4384-b2a3-24ac1ef4c715,3825747,160,1,00:05:06.437,5,6,43,Carry,13,322,Eibar,Regular Play,322,Eibar,6742.0,Sergio Gontán Gallardo,Right Midfield,55.8,63.6,77.8,72.6,4.482657,True,,,,,,,False,,,,,,,False,False,left_to_right,False,55.8,63.6,77.8,72.6,False,False,False,False
d5b4dcf7-4006-435e-8fe6-2e37a5de49e1,3825747,161,1,00:05:10.920,5,10,30,Pass,13,322,Eibar,Regular Play,322,Eibar,6742.0,Sergio Gontán Gallardo,Right Midfield,77.8,72.6,91.6,74.7,0.879008,False,,,,,,,True,13.958868,0.15101534,Ground Pass,,6699.0,Ander Capa Rodríguez,False,False,left_to_right,False,77.8,72.6,91.6,74.7,False,False,True,False
6e5122ac-ff2c-44fb-abee-04d71b702be9,3825747,162,1,00:05:11.799,5,11,42,Ball Receipt*,13,322,Eibar,Regular Play,322,Eibar,6699.0,Ander Capa Rodríguez,Right Back,91.6,74.7,,,,False,,,,,,,False,,,,,,,False,False,left_to_right,False,91.6,74.7,,,False,False,False,False
27282c25-9027-42c2-a0ae-a3235e71c4b8,3825747,163,1,00:05:11.799,5,11,43,Carry,13,322,Eibar,Regular Play,322,Eibar,6699.0,Ander Capa Rodríguez,Right Back,91.6,74.7,89.1,75.7,1.520051,True,,,,,,,False,,,,,,,False,False,left_to_right,False,91.6,74.7,89.1,75.7,False,False,False,False
60ddeecf-1fbf-48db-a236-6a1e50e98163,3825747,164,1,00:05:12.523,5,12,17,Pressure,13,322,Eibar,Regular Play,215,Athletic Club,6789.0,Mikel Balenziaga Oruesagasti,Left Back,30.0,5.2,,,0.825876,False,,,,,,,False,,,,,,,False,False,left_to_right,False,30.0,5.2,,,False,False,False,False
cd67dee4-bddd-44cc-adb1-06297d48d856,3825747,165,1,00:05:13.319,5,13,30,Pass,13,322,Eibar,Regular Play,322,Eibar,6699.0,Ander Capa Rodríguez,Right Back,89.1,75.7,92.6,75.9,0.110577,True,,,,,,Incomplete,False,3.5057096,0.057080783,Ground Pass,,6742.0,Sergio Gontán Gallardo,False,False,left_to_right,False,89.1,75.7,92.6,75.9,False,False,False,True
4755ae0f-db71-4000-8fea-bb2a82126f1f,3825747,166,1,00:05:13.429,5,13,42,Ball Receipt*,13,322,Eibar,Regular Play,322,Eibar,6742.0,Sergio Gontán Gallardo,Right Midfield,95.3,68.2,,,,False,,,,,,,False,,,,,,,False,False,left_to_right,False,95.3,68.2,,,False,False,False,False
620fa861-3102-4271-a5d1-55ac243a3b43,3825747,167,1,00:05:13.429,5,13,6,Block,13,322,Eibar,Regular Play,215,Athletic Club,6789.0,Mikel Balenziaga Oruesagasti,Left Back,27.5,4.2,,,0.0,False,,,,,,,False,,,,,,,False,False,left_to_right,False,27.5,4.2,,,False,False,False,False
c3b78fd8-3862-48f2-80f0-8b87e7ea6da2,3825747,168,1,00:05:26.185,5,26,30,Pass,14,322,Eibar,From Throw In,322,Eibar,6699.0,Ander Capa Rodríguez,Right Back,93.0,80.0,107.6,64.5,1.536609,False,,,,,,Incomplete,False,21.293427,-0.8152896,High Pass,Throw-in,6742.0,Sergio Gontán Gallardo,False,False,left_to_right,False,93.0,80.0,107.6,64.5,False,True,False,True
19daaeab-c6b4-4fe6-bc65-c82102779c0c,3825747,169,1,00:05:27.722,5,27,42,Ball Receipt*,14,322,Eibar,From Throw In,322,Eibar,6742.0,Sergio Gontán Gallardo,Right Midfield,109.3,61.8,,,,False,,,,,,,False,,,,,,,False,False,left_to_right,False,109.3,61.8,,,False,False,False,False
fd873803-3e6c-4d56-ba16-4ad6f2db1b86,3825747,170,1,00:05:27.722,5,27,30,Pass,15,215,Athletic Club,Regular Play,215,Athletic Club,6789.0,Mikel Balenziaga Oruesagasti,Left Back,12.5,15.6,17.7,15.6,1.516662,False,,,,,,,True,5.2,0.0,High Pass,Interception,6396.0,Beñat Etxebarria Urkiaga,False,False,left_to_right,False,12.5,15.6,17.7,15.6,False,False,False,False
7035794a-7400-48c9-915b-71d69fa8865a,3825747,171,1,00:05:29.238,5,29,42,Ball Receipt*,15,215,Athletic Club,Regular Play,215,Athletic Club,6396.0,Beñat Etxebarria Urkiaga,Left Defensive Midfield,17.7,15.6,,,,False,,,,,,,False,,,,,,,False,False,left_to_right,False,17.7,15.6,,,False,False,False,False
90f5832a-eefb-4507-900d-af624f821acf,3825747,172,1,00:05:29.238,5,29,43,Carry,15,215,Athletic Club,Regular Play,215,Athletic Club,6396.0,Beñat Etxebarria Urkiaga,Left Defensive Midfield,17.7,15.6,16.4,12.1,0.933872,True,,,,,,,False,,,,,,,False,False,left_to_right,False,17.7,15.6,16.4,12.1,False,False,False,False
b3aae13c-898b-4c01-8b9d-3c97cc75cd6d,3825747,173,1,00:05:29.756,5,29,17,Pressure,15,215,Athletic Club,Regular Play,322,Eibar,6775.0,Daniel García Carrillo,Right Defensive Midfield,99.1,66.4,,,0.379971,False,,,,,,,False,,,,,,,False,False,left_to_right,False,99.1,66.4,,,False,False,False,False
8d99c254-5a1a-4e9d-bbd4-f31f6c2913c0,3825747,174,1,00:05:30.172,5,30,30,Pass,15,215,Athletic Club,Regular Play,215,Athletic Club,6396.0,Beñat Etxebarria Urkiaga,Left Defensive Midfield,16.4,12.1,55.4,21.7,1.98219,False,,,,,,,True,40.16416,0.2413555,High Pass,,6394.0,Aritz Aduriz Zubeldia,False,False,left_to_right,False,16.4,12.1,55.4,21.7,False,True,False,False
7a3703cc-fa3d-4ef9-91fc-f4fe0a89d92f,3825747,175,1,00:05:32.154,5,32,42,Ball Receipt*,15,215,Athletic Club,Regular Play,215,Athletic Club,6394.0,Aritz Aduriz Zubeldia,Center Forward,55.4,21.7,,,,False,,,,,,,False,,,,,,,False,False,left_to_right,False,55.4,21.7,,,False,False,False,False
384cf6e4-de28-45d4-80e8-f41c6bddbb5a,3825747,176,1,00:05:32.154,5,32,43,Carry,15,215,Athletic Club,Regular Play,215,Athletic Club,6394.0,Aritz Aduriz Zubeldia,Center Forward,55.4,21.7,56.0,21.9,0.04,False,,,,,,,False,,,,,,,False,False,left_to_right,False,55.4,21.7,56.0,21.9,False,False,False,False
d56ef344-4261-44ad-a847-b0460b10dee1,3825747,177,1,00:05:32.194,5,32,38,Miscontrol,15,215,Athletic Club,Regular Play,215,Athletic Club,6394.0,Aritz Aduriz Zubeldia,Center Forward,56.0,21.9,,,0.0,False,,,,,,,False,,,,,,,False,False,left_to_right,False,56.0,21.9,,,False,False,False,True
1d8f86b8-ec30-4714-8b46-eba786779e61,3825747,178,1,00:05:34.452,5,34,9,Clearance,15,215,Athletic Club,Regular Play,322,Eibar,6778.0,Iván Ramis Barrios,Left Center Back,49.9,50.9,,,0.0,True,,,,,,,False,,,,,,,False,False,left_to_right,False,49.9,50.9,,,False,False,False,False
7491312a-ac20-4553-93fd-f0c2117ecbdd,3825747,179,1,00:05:36.651,5,36,4,Duel,15,215,Athletic Club,Regular Play,215,Athletic Club,6396.0,Beñat Etxebarria Urkiaga,Left Defensive Midfield,39.8,25.2,,,2.034884,True,,,,,,,False,,,,,,,False,False,left_to_right,False,39.8,25.2,,,False,False,False,False
a207bb73-81ff-494b-95c7-701d2ae3886c,3825747,180,1,00:05:36.651,5,36,30,Pass,15,215,Athletic Club,Regular Play,322,Eibar,6700.0,Sergio Enrich Ametller,Left Center Forward,80.3,54.9,83.0,56.1,0.070417,True,,,,,,Incomplete,False,2.9546573,0.41822433,High Pass,Recovery,6742.0,Sergio Gontán Gallardo,False,False,left_to_right,False,80.3,54.9,83.0,56.1,False,False,False,True
10e0630c-4023-42cb-bf04-35795433b84b,3825747,181,1,00:05:36.721,5,36,42,Ball Receipt*,15,215,Athletic Club,Regular Play,322,Eibar,6742.0,Sergio Gontán Gallardo,Right Midfield,86.6,66.3,,,,False,,,,,,,False,,,,,,,False,False,left_to_right,False,86.6,66.3,,,False,False,False,False
e10105a0-6108-41ad-84cc-f81355688754,3825747,182,1,00:05:36.721,5,36,6,Block,15,215,Athletic Club,Regular Play,215,Athletic Club,6396.0,Beñat Etxebarria Urkiaga,Left Defensive Midfield,37.1,24.0,,,0.0,False,,,,,,,False,,,,,,,False,False,left_to_right,False,37.1,24.0,,,False,False,False,False
2be82dd9-24a7-47b9-a2fc-5c4b391a4c47,3825747,183,1,00:05:38.788,5,38,30,Pass,15,215,Athletic Club,Regular Play,215,Athletic Club,6789.0,Mikel Balenziaga Oruesagasti,Left Back,30.8,19.2,42.0,15.2,1.078745,False,,,,,,,True,11.892855,-0.34302393,High Pass,Recovery,6666.0,Sabin Merino Zuloaga,False,False,left_to_right,False,30.8,19.2,42.0,15.2,False,False,False,False
ce37fdbb-83d5-47c3-84ca-aaeb47dd4dce,3825747,184,1,00:05:39.867,5,39,42,Ball Receipt*,15,215,Athletic Club,Regular Play,215,Athletic Club,6666.0,Sabin Merino Zuloaga,Left Wing,42.0,15.2,,,,False,,,,,,,False,,,,,,,False,False,left_to_right,False,42.0,15.2,,,False,False,False,False
afdf65f1-abd3-4dee-8159-30ca6f197abb,3825747,185,1,00:05:39.923,5,39,30,Pass,15,215,Athletic Club,Regular Play,215,Athletic Club,6666.0,Sabin Merino Zuloaga,Left Wing,42.0,15.2,49.5,21.2,0.902473,False,,,,,,,True,9.604687,0.67474097,Low Pass,,6842.0,Iker Muniain Goñi,False,False,left_to_right,False,42.0,15.2,49.5,21.2,False,False,False,False
74135377-22d9-467f-92a9-94b19d405e00,3825747,186,1,00:05:40.826,5,40,42,Ball Receipt*,15,215,Athletic Club,Regular Play,215,Athletic Club,6842.0,Iker Muniain Goñi,Center Attacking Midfield,49.5,21.2,,,,False,,,,,,,False,,,,,,,False,False,left_to_right,False,49.5,21.2,,,False,False,False,False
c536e555-d0d4-4be0-a51b-162bb998fc50,3825747,187,1,00:05:40.826,5,40,43,Carry,15,215,Athletic Club,Regular Play,215,Athletic Club,6842.0,Iker Muniain Goñi,Center Attacking Midfield,49.5,21.2,47.7,21.2,1.020602,False,,,,,,,False,,,,,,,False,False,left_to_right,False,49.5,21.2,47.7,21.2,False,False,False,False
951c3284-d4a0-4ced-a47b-4a855c2a293e,3825747,188,1,00:05:41.846,5,41,30,Pass,15,215,Athletic Club,Regular Play,215,Athletic Club,6842.0,Iker Muniain Goñi,Center Attacking Midfield,47.7,21.2,51.4,7.9,0.640613,False,,,,,,,True,13.805072,-1.2994617,Ground Pass,,6666.0,Sabin Merino Zuloaga,False,False,left_to_right,False,47.7,21.2,51.4,7.9,False,False,False,False
f38acc16-5e49-4ea8-a6fe-4949c4674dd0,3825747,189,1,00:05:42.487,5,42,42,Ball Receipt*,15,215,Athletic Club,Regular Play,215,Athletic Club,6666.0,Sabin Merino Zuloaga,Left Wing,51.4,7.9,,,,False,,,,,,,False,,,,,,,False,False,left_to_right,False,51.4,7.9,,,False,False,False,False
bd07aba4-8a22-4f67-a89c-deecf0fdefc8,3825747,190,1,00:05:42.487,5,42,43,Carry,15,215,Athletic Club,Regular Play,215,Athletic Club,6666.0,Sabin Merino Zuloaga,Left Wing,51.4,7.9,51.4,7.9,0.068298005,False,,,,,,,False,,,,,,,False,False,left_to_right,False,51.4,7.9,51.4,7.9,False,False,False,False
2c282589-f1a5-4f39-9bfd-202cc2be5e94,3825747,191,1,00:05:42.555,5,42,38,Miscontrol,15,215,Athletic Club,Regular Play,215,Athletic Club,6666.0,Sabin Merino Zuloaga,Left Wing,51.4,7.9,,,0.0,False,,,,,,,False,,,,,,,False,False,left_to_right,False,51.4,7.9,,,False,False,False,True
3dcf59e3-dce3-4fb2-89e3-fcbfdc5c9eb7,3825747,192,1,00:05:49.550,5,49,30,Pass,16,322,Eibar,From Throw In,322,Eibar,6699.0,Ander Capa Rodríguez,Right Back,63.1,80.0,57.0,69.1,1.379289,False,,,,,,,True,12.490797,-2.0810053,High Pass,Throw-in,6775.0,Daniel García Carrillo,False,False,left_to_right,False,63.1,80.0,57.0,69.1,False,False,False,False
a9f53ced-05e4-4339-b2d4-37e2a4fcccf0,3825747,193,1,00:05:50.245,5,50,17,Pressure,16,322,Eibar,From Throw In,215,Athletic Club,6842.0,Iker Muniain Goñi,Center Attacking Midfield,58.5,12.1,,,0.74327,False,,,,,,,False,,,,,,,False,False,left_to_right,False,58.5,12.1,,,False,False,False,False
7a999887-0140-4be8-9380-698422e0caf7,3825747,194,1,00:05:50.929,5,50,42,Ball Receipt*,16,322,Eibar,From Throw In,322,Eibar,6775.0,Daniel García Carrillo,Right Defensive Midfield,57.0,69.1,,,,True,,,,,,,False,,,,,,,False,False,left_to_right,False,57.0,69.1,,,False,False,False,False
092a5c68-437c-4391-a9e4-7ea1d903cb79,3825747,195,1,00:05:50.929,5,50,30,Pass,16,322,Eibar,From Throw In,322,Eibar,6775.0,Daniel García Carrillo,Right Defensive Midfield,57.4,70.1,78.9,74.3,1.269678,True,,,,,,Incomplete,False,21.906391,0.19291931,High Pass,,6700.0,Sergio Enrich Ametller,False,False,left_to_right,False,57.4,70.1,78.9,74.3,False,False,False,True
be18ba3b-a70b-4bcb-8dda-cdf28c7a594a,3825747,196,1,00:05:52.199,5,52,42,Ball Receipt*,16,322,Eibar,From Throw In,322,Eibar,6700.0,Sergio Enrich Ametller,Left Center Forward,84.5,70.9,,,,False,,,,,,,False,,,,,,,False,False,left_to_right,False,84.5,70.9,,,False,False,False,False
22886757-f237-4393-a799-79e53c2d1891,3825747,197,1,00:05:52.199,5,52,30,Pass,17,215,Athletic Club,Regular Play,215,Athletic Club,6789.0,Mikel Balenziaga Oruesagasti,Left Back,41.2,5.8,69.7,11.0,3.130181,False,,,,,,,True,28.970503,0.18047097,High Pass,Recovery,6394.0,Aritz Aduriz Zubeldia,False,False,left_to_right,False,41.2,5.8,69.7,11.0,False,True,False,False
d0f8e56e-f852-40ad-a45e-9e95b52df6b1,3825747,198,1,00:05:55.329,5,55,42,Ball Receipt*,17,215,Athletic Club,Regular Play,215,Athletic Club,6394.0,Aritz Aduriz Zubeldia,Center Forward,69.7,11.0,,,,False,,,,,,,False,,,,,,,False,False,left_to_right,False,69.7,11.0,,,False,False,False,False
6065d2e3-44fe-45e1-ad4d-cd0441ac677e,3825747,199,1,00:05:55.369,5,55,4,Duel,17,215,Athletic Club,Regular Play,322,Eibar,6837.0,Mauro Javier Dos Santos,Right Center Back,49.9,68.6,,,0.0,True,,,,,,,False,,,,,,,False,False,left_to_right,False,49.9,68.6,,,False,False,False,False
e6811e1d-531c-4805-a2f7-ff8e21b88c37,3825747,200,1,00:05:55.369,5,55,30,Pass,17,215,Athletic Club,Regular Play,215,Athletic Club,6394.0,Aritz Aduriz Zubeldia,Center Forward,70.2,11.5,89.7,8.8,2.506482,True,,,,,,,True,19.686035,-0.13758674,High Pass,,6842.0,Iker Muniain Goñi,False,False,left_to_right,False,70.2,11.5,89.7,8.8,False,False,True,False
96255a87-8ea1-4a17-b7d4-00751be96f68,3825747,201,1,00:05:57.876,5,57,42,Ball Receipt*,17,215,Athletic Club,Regular Play,215,Athletic Club,6842.0,Iker Muniain Goñi,Center Attacking Midfield,89.7,8.8,,,,False,,,,,,,False,,,,,,,False,False,left_to_right,False,89.7,8.8,,,False,False,False,False
a938525e-3968-42e8-a181-e0947cdda32b,3825747,202,1,00:05:57.876,5,57,43,Carry,17,215,Athletic Club,Regular Play,215,Athletic Club,6842.0,Iker Muniain Goñi,Center Attacking Midfield,89.7,8.8,89.5,7.1,1.565162,True,,,,,,,False,,,,,,,False,False,left_to_right,False,89.7,8.8,89.5,7.1,False,False,False,False
76565e6d-8dfe-4e1c-9c3d-d651a850a08c,3825747,203,1,00:05:58.807,5,58,17,Pressure,17,215,Athletic Club,Regular Play,322,Eibar,6699.0,Ander Capa Rodríguez,Right Back,36.4,72.0,,,0.638484,False,,,,,,,False,,,,,,,False,False,left_to_right,False,36.4,72.0,,,False,False,False,False
31f880a6-9a81-4cfb-8d5a-7ecd613f2402,3825747,204,1,00:05:59.441,5,59,30,Pass,17,215,Athletic Club,Regular Play,215,Athletic Club,6842.0,Iker Muniain Goñi,Center Attacking Midfield,89.5,7.1,86.6,18.5,0.947559,True,,,,,,,True,11.763078,1.8198987,Ground Pass,,6666.0,Sabin Merino Zuloaga,False,False,left_to_right,False,89.5,7.1,86.6,18.5,False,False,False,False
b4f3ae42-d061-4510-b948-d659557d60ec,3825747,205,1,00:06:00.388,6,0,42,Ball Receipt*,17,215,Athletic Club,Regular Play,215,Athletic Club,6666.0,Sabin Merino Zuloaga,Left Wing,86.6,18.5,,,,False,,,,,,,False,,,,,,,False,False,left_to_right,False,86.6,18.5,,,False,False,False,False
96a00778-4b7e-467f-b7e9-d11d81563ec6,3825747,206,1,00:06:00.388,6,0,43,Carry,17,215,Athletic Club,Regular Play,215,Athletic Club,6666.0,Sabin Merino Zuloaga,Left Wing,86.6,18.5,86.6,18.1,0.037927,False,,,,,,,False,,,,,,,False,False,left_to_right,False,86.6,18.5,86.6,18.1,False,False,False,False
fb491cf2-bb33-474f-8145-29cdf1028455,3825747,207,1,00:06:00.426,6,0,38,Miscontrol,17,215,Athletic Club,Regular Play,215,Athletic Club,6666.0,Sabin Merino Zuloaga,Left Wing,86.6,18.1,,,0.0,False,,,,,,,False,,,,,,,False,False,left_to_right,False,86.6,18.1,,,False,False,False,True
ee6753d8-fc53-4e6a-a3eb-4ca2912e4ef0,3825747,208,1,00:06:00.750,6,0,17,Pressure,17,215,Athletic Club,Regular Play,215,Athletic Club,6666.0,Sabin Merino Zuloaga,Left Wing,88.1,17.5,,,0.468549,False,,,,,,,False,,,,,,,False,False,left_to_right,False,88.1,17.5,,,False,False,False,False
040126bd-795f-44c4-b331-c633f35e1310,3825747,209,1,00:06:00.958,6,0,2,Ball Recovery,18,322,Eibar,Regular Play,322,Eibar,6778.0,Iván Ramis Barrios,Left Center Back,26.6,64.9,,,0.0,True,,,,,,,False,,,,,,,False,False,left_to_right,False,26.6,64.9,,,False,False,False,False
ff4759dc-342f-43c2-9a58-114a36e53477,3825747,210,1,00:06:00.958,6,0,43,Carry,18,322,Eibar,Regular Play,322,Eibar,6778.0,Iván Ramis Barrios,Left Center Back,26.6,64.9,27.6,47.8,3.238679,True,,,,,,,False,,,,,,,False,False,left_to_right,False,26.6,64.9,27.6,47.8,False,False,False,False
87b13476-ec35-472c-90f3-95c406f199f7,3825747,211,1,00:06:04.197,6,4,30,Pass,18,322,Eibar,Regular Play,322,Eibar,6778.0,Iván Ramis Barrios,Left Center Back,27.6,47.8,22.6,24.9,0.990668,False,,,,,,,True,23.439497,-1.7857633,Ground Pass,,6776.0,David Juncà Reñé,False,False,left_to_right,False,27.6,47.8,22.6,24.9,False,False,False,False
eaa9a4f6-5ecf-407c-a41b-cdd62f6c89d0,3825747,212,1,00:06:05.188,6,5,42,Ball Receipt*,18,322,Eibar,Regular Play,322,Eibar,6776.0,David Juncà Reñé,Left Back,22.6,24.9,,,,False,,,,,,,False,,,,,,,False,False,left_to_right,False,22.6,24.9,,,False,False,False,False
bd2a263d-a214-45fc-86ad-665e4e4f0338,3825747,213,1,00:06:05.188,6,5,43,Carry,18,322,Eibar,Regular Play,322,Eibar,6776.0,David Juncà Reñé,Left Back,22.6,24.9,34.5,16.6,2.115018,False,,,,,,,False,,,,,,,False,False,left_to_right,False,22.6,24.9,34.5,16.6,False,False,False,False
76fb0cb5-5166-4585-9f25-d423c87e35a2,3825747,214,1,00:06:07.303,6,7,30,Pass,18,322,Eibar,Regular Play,322,Eibar,6776.0,David Juncà Reñé,Left Back,34.5,16.6,73.9,3.7,1.840244,False,,,,,,,True,41.45805,-0.31641117,Low Pass,,24070.0,Saúl Berjón Pérez,False,False,left_to_right,False,34.5,16.6,73.9,3.7,False,True,False,False
1d452b23-13f0-46e6-b167-0313cc196acf,3825747,215,1,00:06:09.143,6,9,42,Ball Receipt*,18,322,Eibar,Regular Play,322,Eibar,24070.0,Saúl Berjón Pérez,Left Midfield,73.9,3.7,,,,False,,,,,,,False,,,,,,,False,False,left_to_right,False,73.9,3.7,,,False,False,False,False
1ce28001-24a4-41ad-8c89-63d59224a501,3825747,216,1,00:06:09.143,6,9,43,Carry,18,322,Eibar,Regular Play,322,Eibar,24070.0,Saúl Berjón Pérez,Left Midfield,73.9,3.7,97.2,6.6,3.518261,False,,,,,,,False,,,,,,,False,False,left_to_right,False,73.9,3.7,97.2,6.6,True,False,False,False
fb991829-bb45-4625-a29c-cdec7c0f949f,3825747,217,1,00:06:12.661,6,12,30,Pass,18,322,Eibar,Regular Play,322,Eibar,24070.0,Saúl Berjón Pérez,Left Midfield,97.2,6.6,115.3,54.7,3.692442,False,,,,,,Incomplete,False,51.3928,1.210887,Ground Pass,,6566.0,Borja González Tomás,False,False,left_to_right,False,97.2,6.6,115.3,54.7,False,True,False,True
0813fa9a-0ebc-4893-a27d-b5de0720c8fa,3825747,218,1,00:06:16.354,6,16,42,Ball Receipt*,18,322,Eibar,Regular Play,322,Eibar,6566.0,Borja González Tomás,Right Center Forward,110.5,37.6,,,,False,,,,,,,False,,,,,,,False,False,left_to_right,False,110.5,37.6,,,False,False,False,False
7db4837f-fffb-4d0f-ab10-bd4b1ce3589c,3825747,219,1,00:06:16.354,6,16,30,Pass,18,322,Eibar,Regular Play,215,Athletic Club,4353.0,Aymeric Laporte,Left Center Back,4.8,25.4,4.6,22.9,0.053973,False,,,,,,,True,2.5079873,-1.6506263,Ground Pass,Recovery,6789.0,Mikel Balenziaga Oruesagasti,False,False,left_to_right,False,4.8,25.4,4.6,22.9,False,False,False,False
160f38b0-ef8c-4ce5-bd62-6d6c680e393e,3825747,220,1,00:06:16.408,6,16,42,Ball Receipt*,18,322,Eibar,Regular Play,215,Athletic Club,6789.0,Mikel Balenziaga Oruesagasti,Left Back,4.6,22.9,,,,False,,,,,,,False,,,,,,,False,False,left_to_right,False,4.6,22.9,,,False,False,False,False
4ea0ecb7-36d8-48a6-941a-f9a392ca1ae8,3825747,221,1,00:06:16.408,6,16,43,Carry,18,322,Eibar,Regular Play,215,Athletic Club,6789.0,Mikel Balenziaga Oruesagasti,Left Back,4.6,22.9,4.8,23.1,0.08,False,,,,,,,False,,,,,,,False,False,left_to_right,False,4.6,22.9,4.8,23.1,False,False,False,False
b111fe7f-7cba-4ef8-a95e-a14a23aa41e8,3825747,222,1,00:06:16.488,6,16,38,Miscontrol,18,322,Eibar,Regular Play,215,Athletic Club,6789.0,Mikel Balenziaga Oruesagasti,Left Back,4.8,23.1,,,0.0,False,,,,,,,False,,,,,,,False,False,left_to_right,False,4.8,23.1,,,False,False,False,True
1753c606-052b-4da4-8fb1-9d703b9e3347,3825747,223,1,00:06:52.365,6,52,30,Pass,19,322,Eibar,From Corner,322,Eibar,24070.0,Saúl Berjón Pérez,Left Midfield,120.0,80.0,111.2,47.2,1.335373,False,,,,,,Incomplete,False,33.959976,-1.8329161,High Pass,Corner,6778.0,Iván Ramis Barrios,False,False,left_to_right,False,120.0,80.0,111.2,47.2,False,True,False,True
4f499a34-03c5-4d7e-8017-cc650e5e529e,3825747,224,1,00:06:53.701,6,53,42,Ball Receipt*,19,322,Eibar,From Corner,322,Eibar,6778.0,Iván Ramis Barrios,Left Center Back,109.9,44.3,,,,False,,,,,,,False,,,,,,,False,False,left_to_right,False,109.9,44.3,,,False,False,False,False
2cc6a7e3-a3a3-4595-9480-45940ddd2a0d,3825747,225,1,00:06:53.701,6,53,9,Clearance,19,322,Eibar,From Corner,215,Athletic Club,6789.0,Mikel Balenziaga Oruesagasti,Left Back,8.9,32.9,,,0.0,True,,,,,,,False,,,,,,,False,False,left_to_right,False,8.9,32.9,,,False,False,False,False
18de492f-55c8-4b5e-b003-32c6ff0c0580,3825747,226,1,00:06:54.259,6,54,9,Clearance,19,322,Eibar,From Corner,215,Athletic Club,6396.0,Beñat Etxebarria Urkiaga,Left Defensive Midfield,12.9,44.8,,,0.0,True,,,,,,,False,,,,,,,False,False,left_to_right,False,12.9,44.8,,,False,False,False,False
177b3aa7-ce9a-42dd-96f6-d96b636bbff0,3825747,227,1,00:06:56.014,6,56,30,Pass,19,322,Eibar,From Corner,322,Eibar,6775.0,Daniel García Carrillo,Right Defensive Midfield,94.1,48.2,118.7,74.9,3.346143,False,,,,,,,True,36.30496,0.826311,High Pass,Recovery,24070.0,Saúl Berjón Pérez,False,False,left_to_right,False,94.1,48.2,118.7,74.9,False,False,False,False
ebcf3d9f-c3ed-4932-bfca-90fbd1717783,3825747,228,1,00:06:59.360,6,59,42,Ball Receipt*,19,322,Eibar,From Corner,322,Eibar,24070.0,Saúl Berjón Pérez,Left Midfield,118.7,74.9,,,,False,,,,,,,False,,,,,,,False,False,left_to_right,False,118.7,74.9,,,False,False,False,False
243e2e9a-66f5-4289-a5eb-74de8110040f,3825747,229,1,00:06:59.360,6,59,43,Carry,19,322,Eibar,From Corner,322,Eibar,24070.0,Saúl Berjón Pérez,Left Midfield,118.7,74.9,117.2,74.7,2.853063,True,,,,,,,False,,,,,,,False,False,left_to_right,False,118.7,74.9,117.2,74.7,False,False,False,False
f8c00f18-c221-475c-8ff0-8c804b3ead75,3825747,230,1,00:07:02.213,7,2,39,Dribbled Past,19,322,Eibar,From Corner,215,Athletic Club,6789.0,Mikel Balenziaga Oruesagasti,Left Back,2.9,5.4,,,0.0,False,,,,,,,False,,,,,,,False,False,left_to_right,False,2.9,5.4,,,False,False,False,False
d1685245-785a-42f1-ad55-ef4b16d7e5d6,3825747,231,1,00:07:02.213,7,2,14,Dribble,19,322,Eibar,From Corner,322,Eibar,24070.0,Saúl Berjón Pérez,Left Midfield,117.2,74.7,,,0.0,True,,,,,,,False,,,,,,,False,False,left_to_right,False,117.2,74.7,,,False,False,False,False
3aab9f8e-4ea6-478c-95b6-51d58a67b47a,3825747,232,1,00:07:02.213,7,2,43,Carry,19,322,Eibar,From Corner,322,Eibar,24070.0,Saúl Berjón Pérez,Left Midfield,117.2,74.7,115.3,70.7,0.472039,True,,,,,,,False,,,,,,,False,False,left_to_right,False,117.2,74.7,115.3,70.7,False,False,False,False
3283531e-ef80-4efb-a178-50660883ab9c,3825747,233,1,00:07:02.685,7,2,3,Dispossessed,19,322,Eibar,From Corner,322,Eibar,24070.0,Saúl Berjón Pérez,Left Midfield,115.3,70.7,,,0.0,True,,,,,,,False,,,,,,,False,False,left_to_right,False,115.3,70.7,,,False,False,False,True
efc37d31-3a06-4730-894c-8a7f660d335f,3825747,234,1,00:07:02.685,7,2,4,Duel,20,215,Athletic Club,Regular Play,215,Athletic Club,6394.0,Aritz Aduriz Zubeldia,Center Forward,4.8,9.4,,,0.0,True,,,,,,,False,,,,,,,False,False,left_to_right,False,4.8,9.4,,,False,False,False,False
5b6a290c-a429-4421-9b87-6f8aa856861d,3825747,235,1,00:07:03.311,7,3,2,Ball Recovery,20,215,Athletic Club,Regular Play,215,Athletic Club,6789.0,Mikel Balenziaga Oruesagasti,Left Back,3.3,5.8,,,0.0,False,,,,,,,False,,,,,,,False,False,left_to_right,False,3.3,5.8,,,False,False,False,False
4ad6718a-a8b8-4ab8-bdb6-d6cb3b022be6,3825747,236,1,00:07:03.311,7,3,43,Carry,20,215,Athletic Club,Regular Play,215,Athletic Club,6789.0,Mikel Balenziaga Oruesagasti,Left Back,3.3,5.8,37.1,6.3,5.837952,False,,,,,,,False,,,,,,,False,False,left_to_right,False,3.3,5.8,37.1,6.3,True,False,False,False
93ab566f-ef5c-475d-aac5-692d9b83bae3,3825747,237,1,00:07:09.149,7,9,30,Pass,20,215,Athletic Club,Regular Play,215,Athletic Club,6789.0,Mikel Balenziaga Oruesagasti,Left Back,37.1,6.3,91.2,21.2,3.429543,False,,,,,,Incomplete,False,56.11435,0.2687528,Low Pass,,6666.0,Sabin Merino Zuloaga,False,False,left_to_right,False,37.1,6.3,91.2,21.2,False,True,True,True
a6e64db5-962c-4b50-81ac-9311fbe3f0b5,3825747,238,1,00:07:12.579,7,12,42,Ball Receipt*,20,215,Athletic Club,Regular Play,215,Athletic Club,6666.0,Sabin Merino Zuloaga,Left Wing,84.3,17.3,,,,False,,,,,,,False,,,,,,,False,False,left_to_right,False,84.3,17.3,,,False,False,False,False
3bb6f78f-a584-4d34-883c-ddb8a92d1e4c,3825747,239,1,00:07:12.579,7,12,9,Clearance,20,215,Athletic Club,Regular Play,322,Eibar,10763.0,Asier Riesgo Unamuno,Goalkeeper,28.9,58.9,,,0.0,True,,,,,,,False,,,,,,,False,False,left_to_right,False,28.9,58.9,,,False,False,False,False
389dc403-39d4-4c4a-b0ad-38534c4c4a0d,3825747,240,1,00:07:16.515,7,16,9,Clearance,20,215,Athletic Club,Regular Play,215,Athletic Club,6789.0,Mikel Balenziaga Oruesagasti,Left Back,42.7,4.8,,,0.0,True,,,,,,,False,,,,,,,False,False,left_to_right,False,42.7,4.8,,,False,False,False,False
2f51a206-978a-4110-8195-dadacd103896,3825747,241,1,00:07:36.967,7,36,30,Pass,21,322,Eibar,From Throw In,322,Eibar,6699.0,Ander Capa Rodríguez,Right Back,69.3,80.0,99.3,65.9,2.636618,False,,,,,,Incomplete,False,33.148304,-0.4393609,High Pass,Throw-in,6742.0,Sergio Gontán Gallardo,False,False,left_to_right,False,69.3,80.0,99.3,65.9,False,True,True,True
d63d45ce-816d-4b91-aec6-bd8937b5236d,3825747,242,1,00:07:39.604,7,39,42,Ball Receipt*,21,322,Eibar,From Throw In,322,Eibar,6742.0,Sergio Gontán Gallardo,Right Midfield,97.0,66.3,,,,False,,,,,,,False,,,,,,,False,False,left_to_right,False,97.0,66.3,,,False,False,False,False
03870927-5737-43a3-bfa3-b4b4fadc125d,3825747,243,1,00:07:39.604,7,39,4,Duel,21,322,Eibar,From Throw In,322,Eibar,6742.0,Sergio Gontán Gallardo,Right Midfield,99.3,65.9,,,0.0,True,,,,,,,False,,,,,,,False,False,left_to_right,False,99.3,65.9,,,False,False,False,False
abe80d3e-4e14-4707-ad5f-1390c75a7028,3825747,244,1,00:07:39.604,7,39,30,Pass,21,322,Eibar,From Throw In,215,Athletic Club,4353.0,Aymeric Laporte,Left Center Back,20.8,14.2,29.1,8.1,1.615276,True,,,,,,,True,10.300486,-0.6337927,High Pass,Recovery,6789.0,Mikel Balenziaga Oruesagasti,False,False,left_to_right,False,20.8,14.2,29.1,8.1,False,False,False,False
42e71468-6834-4e9a-bdfb-9884bc751444,3825747,245,1,00:07:41.219,7,41,42,Ball Receipt*,21,322,Eibar,From Throw In,215,Athletic Club,6789.0,Mikel Balenziaga Oruesagasti,Left Back,29.1,8.1,,,,False,,,,,,,False,,,,,,,False,False,left_to_right,False,29.1,8.1,,,False,False,False,False
d1c16956-6ecf-44a1-a9e9-fb313a09229c,3825747,246,1,00:07:41.219,7,41,43,Carry,21,322,Eibar,From Throw In,215,Athletic Club,6789.0,Mikel Balenziaga Oruesagasti,Left Back,29.1,8.1,29.1,8.1,0.554878,False,,,,,,,False,,,,,,,False,False,left_to_right,False,29.1,8.1,29.1,8.1,False,False,False,False
612dcf18-696b-4740-ae88-93e9c73b9575,3825747,247,1,00:07:41.774,7,41,30,Pass,21,322,Eibar,From Throw In,215,Athletic Club,6789.0,Mikel Balenziaga Oruesagasti,Left Back,29.1,8.1,58.1,19.2,2.909843,False,,,,,,Incomplete,False,31.051731,0.36555535,High Pass,,,,False,False,left_to_right,False,29.1,8.1,58.1,19.2,False,True,False,True
939e0b50-8dde-4a9a-990f-a995717b7c62,3825747,248,1,00:07:44.684,7,44,30,Pass,21,322,Eibar,From Throw In,322,Eibar,6837.0,Mauro Javier Dos Santos,Right Center Back,62.0,60.9,77.6,66.4,1.511363,False,,,,,,,True,16.54116,0.33895728,Ground Pass,Interception,6700.0,Sergio Enrich Ametller,False,False,left_to_right,False,62.0,60.9,77.6,66.4,False,False,False,False
8aa65883-8dc2-4110-9280-146190d161e0,3825747,249,1,00:07:46.195,7,46,42,Ball Receipt*,21,322,Eibar,From Throw In,322,Eibar,6700.0,Sergio Enrich Ametller,Left Center Forward,77.6,66.4,,,,False,,,,,,,False,,,,,,,False,False,left_to_right,False,77.6,66.4,,,False,False,False,False
b7d35ea8-ef33-40e7-9cbd-f42b7928830d,3825747,250,1,00:07:46.195,7,46,30,Pass,21,322,Eibar,From Throw In,322,Eibar,6700.0,Sergio Enrich Ametller,Left Center Forward,77.4,66.3,69.7,61.4,0.697391,False,,,,,,,True,9.1268835,-2.5748634,Ground Pass,,6775.0,Daniel García Carrillo,False,False,left_to_right,False,77.4,66.3,69.7,61.4,False,False,False,False
c6cbacb4-ad6c-4b87-b022-030284d95a81,3825747,251,1,00:07:46.892,7,46,42,Ball Receipt*,21,322,Eibar,From Throw In,322,Eibar,6775.0,Daniel García Carrillo,Right Defensive Midfield,69.7,61.4,,,,False,,,,,,,False,,,,,,,False,False,left_to_right,False,69.7,61.4,,,False,False,False,False
36be846b-7156-4522-b10e-38fc6b917bd9,3825747,252,1,00:07:46.892,7,46,30,Pass,21,322,Eibar,From Throw In,322,Eibar,6775.0,Daniel García Carrillo,Right Defensive Midfield,69.7,61.4,110.5,63.0,3.912313,False,,,,,,Incomplete,False,40.83136,0.0391956,High Pass,,6742.0,Sergio Gontán Gallardo,False,False,left_to_right,False,69.7,61.4,110.5,63.0,False,True,True,True
3510c13e-1e78-4fa3-9fd0-081217c09e92,3825747,253,1,00:07:49.902,7,49,17,Pressure,21,322,Eibar,From Throw In,322,Eibar,6742.0,Sergio Gontán Gallardo,Right Midfield,106.0,62.4,,,0.876481,False,,,,,,,False,,,,,,,False,False,left_to_right,False,106.0,62.4,,,False,False,False,False
f5b2cfda-728a-4df3-9b8e-9bcd90d0162a,3825747,254,1,00:07:50.805,7,50,42,Ball Receipt*,21,322,Eibar,From Throw In,322,Eibar,6742.0,Sergio Gontán Gallardo,Right Midfield,107.2,62.8,,,,False,,,,,,,False,,,,,,,False,False,left_to_right,False,107.2,62.8,,,False,False,False,False
c74738c2-cfab-400b-abe1-706306bb40be,3825747,255,1,00:07:50.805,7,50,30,Pass,22,215,Athletic Club,Regular Play,215,Athletic Club,6789.0,Mikel Balenziaga Oruesagasti,Left Back,9.6,17.1,3.1,30.6,1.329673,False,,,,,,,True,14.983324,2.0195196,Ground Pass,Interception,6662.0,Iago Herrerín Buisán,False,False,left_to_right,False,9.6,17.1,3.1,30.6,False,False,False,False
4b24945c-7281-4bd7-b4b9-0e7ff995146d,3825747,256,1,00:07:52.134,7,52,42,Ball Receipt*,22,215,Athletic Club,Regular Play,215,Athletic Club,6662.0,Iago Herrerín Buisán,Goalkeeper,3.1,30.6,,,,False,,,,,,,False,,,,,,,False,False,left_to_right,False,3.1,30.6,,,False,False,False,False
0336e1aa-7456-4813-bb4c-36d0153e01b2,3825747,257,1,00:07:52.134,7,52,43,Carry,22,215,Athletic Club,Regular Play,215,Athletic Club,6662.0,Iago Herrerín Buisán,Goalkeeper,3.1,30.6,2.9,30.2,2.371846,False,,,,,,,False,,,,,,,False,False,left_to_right,False,3.1,30.6,2.9,30.2,False,False,False,False
bed1c13f-3e86-4847-b718-faa89ccbd0f3,3825747,258,1,00:07:54.506,7,54,30,Pass,22,215,Athletic Club,Regular Play,215,Athletic Club,6662.0,Iago Herrerín Buisán,Goalkeeper,2.9,30.2,51.2,18.5,2.677729,False,,,,,,,True,49.69688,-0.23765814,High Pass,,6394.0,Aritz Aduriz Zubeldia,False,False,left_to_right,False,2.9,30.2,51.2,18.5,False,True,False,False
ba8af87a-f539-4287-8337-20e0884f0982,3825747,259,1,00:07:57.184,7,57,42,Ball Receipt*,22,215,Athletic Club,Regular Play,215,Athletic Club,6394.0,Aritz Aduriz Zubeldia,Center Forward,51.2,18.5,,,,False,,,,,,,False,,,,,,,False,False,left_to_right,False,51.2,18.5,,,False,False,False,False
bfefff8d-2874-475b-b688-025d50ba511d,3825747,260,1,00:07:57.264,7,57,4,Duel,22,215,Athletic Club,Regular Play,322,Eibar,6837.0,Mauro Javier Dos Santos,Right Center Back,68.7,62.6,,,0.0,True,,,,,,,False,,,,,,,False,False,left_to_right,False,68.7,62.6,,,False,False,False,False
fd6113ca-b8b7-4109-972c-7e5171b5bdb3,3825747,261,1,00:07:57.264,7,57,30,Pass,22,215,Athletic Club,Regular Play,215,Athletic Club,6394.0,Aritz Aduriz Zubeldia,Center Forward,51.4,17.5,59.7,21.5,0.660435,True,,,,,,,True,9.213577,0.44908553,Low Pass,,6842.0,Iker Muniain Goñi,False,False,left_to_right,False,51.4,17.5,59.7,21.5,False,False,False,False
9e644426-1996-4cf2-99b3-4d41a7b15677,3825747,262,1,00:07:57.924,7,57,42,Ball Receipt*,22,215,Athletic Club,Regular Play,215,Athletic Club,6842.0,Iker Muniain Goñi,Center Attacking Midfield,59.7,21.5,,,,False,,,,,,,False,,,,,,,False,False,left_to_right,False,59.7,21.5,,,False,False,False,False
0aa7d706-8e9b-422f-8aba-22b5f03a28f8,3825747,263,1,00:07:57.924,7,57,43,Carry,22,215,Athletic Club,Regular Play,215,Athletic Club,6842.0,Iker Muniain Goñi,Center Attacking Midfield,59.7,21.5,70.8,21.2,2.176364,False,,,,,,,False,,,,,,,False,False,left_to_right,False,59.7,21.5,70.8,21.2,False,False,False,False
4b96496e-c3a1-4d91-89fb-b940db9ca8c7,3825747,264,1,00:08:00.101,8,0,38,Miscontrol,22,215,Athletic Club,Regular Play,215,Athletic Club,6842.0,Iker Muniain Goñi,Center Attacking Midfield,70.8,21.2,,,0.0,False,,,,,,,False,,,,,,,False,False,left_to_right,False,70.8,21.2,,,False,False,False,True
dde2e603-4618-496b-bcf5-4ec3c0946541,3825747,265,1,00:08:00.863,8,0,17,Pressure,22,215,Athletic Club,Regular Play,322,Eibar,6699.0,Ander Capa Rodríguez,Right Back,36.0,60.3,,,0.550289,False,,,,,,,False,,,,,,,False,False,left_to_right,False,36.0,60.3,,,False,False,False,False
73a17061-5eb8-42ad-805c-f8439e0b3b3e,3825747,266,1,00:08:00.930,8,0,17,Pressure,22,215,Athletic Club,Regular Play,215,Athletic Club,6842.0,Iker Muniain Goñi,Center Attacking Midfield,76.4,21.4,,,0.588883,True,,,,,,,False,,,,,,,False,False,left_to_right,False,76.4,21.4,,,False,False,False,False
460f1256-840d-49dd-ab20-fcc03759634a,3825747,267,1,00:08:01.453,8,1,9,Clearance,22,215,Athletic Club,Regular Play,322,Eibar,6699.0,Ander Capa Rodríguez,Right Back,37.4,56.1,,,0.0,True,,,,,,,False,,,,,,,False,False,left_to_right,False,37.4,56.1,,,False,False,False,False
0c1ca43b-c1d7-4397-86fc-568d35bba9e3,3825747,268,1,00:08:03.439,8,3,2,Ball Recovery,22,215,Athletic Club,Regular Play,215,Athletic Club,6394.0,Aritz Aduriz Zubeldia,Center Forward,68.9,31.5,,,0.0,False,,,,,,,False,,,,,,,False,False,left_to_right,False,68.9,31.5,,,False,False,False,False
e7379194-028e-4a51-ae5e-37b8d176d85d,3825747,269,1,00:08:03.439,8,3,43,Carry,22,215,Athletic Club,Regular Play,215,Athletic Club,6394.0,Aritz Aduriz Zubeldia,Center Forward,68.9,31.5,71.2,38.5,1.423271,False,,,,,,,False,,,,,,,False,False,left_to_right,False,68.9,31.5,71.2,38.5,False,False,False,False
be8e01b9-6e14-4b72-9978-f2e8facd6a5a,3825747,270,1,00:08:04.862,8,4,30,Pass,22,215,Athletic Club,Regular Play,215,Athletic Club,6394.0,Aritz Aduriz Zubeldia,Center Forward,71.2,38.5,55.4,44.6,1.854727,False,,,,,,,True,16.936647,2.773147,Ground Pass,,6389.0,Mikel San José Domínguez,False,False,left_to_right,False,71.2,38.5,55.4,44.6,False,False,False,False
09a660a3-367e-4c12-a2e4-3d799cfc2efb,3825747,271,1,00:08:06.717,8,6,42,Ball Receipt*,22,215,Athletic Club,Regular Play,215,Athletic Club,6389.0,Mikel San José Domínguez,Right Defensive Midfield,55.4,44.6,,,,False,,,,,,,False,,,,,,,False,False,left_to_right,False,55.4,44.6,,,False,False,False,False
78faa441-2a5b-4ad8-98e6-b2fe163d70eb,3825747,272,1,00:08:06.717,8,6,43,Carry,22,215,Athletic Club,Regular Play,215,Athletic Club,6389.0,Mikel San José Domínguez,Right Defensive Midfield,55.4,44.6,53.5,56.0,1.794673,False,,,,,,,False,,,,,,,False,False,left_to_right,False,55.4,44.6,53.5,56.0,False,False,False,False
d8a9caec-8127-4ece-be2f-1328d48810f3,3825747,273,1,00:08:08.512,8,8,30,Pass,22,215,Athletic Club,Regular Play,215,Athletic Club,6389.0,Mikel San José Domínguez,Right Defensive Midfield,53.5,56.0,50.4,74.1,1.514969,False,,,,,,,True,18.36355,1.7404213,Ground Pass,,6649.0,Óscar de Marcos Arana,False,False,left_to_right,False,53.5,56.0,50.4,74.1,False,False,False,False
5c658d94-5041-4eab-a89a-3c708e4b52e2,3825747,274,1,00:08:10.027,8,10,42,Ball Receipt*,22,215,Athletic Club,Regular Play,215,Athletic Club,6649.0,Óscar de Marcos Arana,Right Back,50.4,74.1,,,,False,,,,,,,False,,,,,,,False,False,left_to_right,False,50.4,74.1,,,False,False,False,False
1092d198-6e00-4fd3-b1bf-b6e6c7036381,3825747,275,1,00:08:10.027,8,10,43,Carry,22,215,Athletic Club,Regular Play,215,Athletic Club,6649.0,Óscar de Marcos Arana,Right Back,50.4,74.1,51.4,74.8,1.122727,False,,,,,,,False,,,,,,,False,False,left_to_right,False,50.4,74.1,51.4,74.8,False,False,False,False
fc415b01-270c-4b4c-9798-1b6e5f4b687b,3825747,276,1,00:08:11.149,8,11,30,Pass,22,215,Athletic Club,Regular Play,215,Athletic Club,6649.0,Óscar de Marcos Arana,Right Back,51.4,74.8,78.3,66.6,1.24411,False,,,,,,,True,28.122055,-0.29588455,Ground Pass,,6394.0,Aritz Aduriz Zubeldia,False,False,left_to_right,False,51.4,74.8,78.3,66.6,False,True,False,False
d8a2223e-9da9-4051-b996-6172a103c60b,3825747,277,1,00:08:12.393,8,12,42,Ball Receipt*,22,215,Athletic Club,Regular Play,215,Athletic Club,6394.0,Aritz Aduriz Zubeldia,Center Forward,78.3,66.6,,,,False,,,,,,,False,,,,,,,False,False,left_to_right,False,78.3,66.6,,,False,False,False,False
e5fad2a6-b242-4cbd-a6da-4301d90f2675,3825747,278,1,00:08:12.393,8,12,43,Carry,22,215,Athletic Club,Regular Play,215,Athletic Club,6394.0,Aritz Aduriz Zubeldia,Center Forward,78.3,66.6,77.5,70.6,2.721505,False,,,,,,,False,,,,,,,False,False,left_to_right,False,78.3,66.6,77.5,70.6,False,False,False,False
86f141ac-328b-488d-b6b8-6f10007effb9,3825747,279,1,00:08:15.115,8,15,30,Pass,22,215,Athletic Club,Regular Play,215,Athletic Club,6394.0,Aritz Aduriz Zubeldia,Center Forward,77.5,70.6,76.2,79.1,1.029061,False,,,,,,,True,8.598837,1.7225615,Ground Pass,,6649.0,Óscar de Marcos Arana,False,False,left_to_right,False,77.5,70.6,76.2,79.1,False,False,False,False
dc5b9971-2e61-4b2d-a5fa-058c187f26d7,3825747,280,1,00:08:16.144,8,16,42,Ball Receipt*,22,215,Athletic Club,Regular Play,215,Athletic Club,6649.0,Óscar de Marcos Arana,Right Back,76.2,79.1,,,,False,,,,,,,False,,,,,,,False,False,left_to_right,False,76.2,79.1,,,False,False,False,False
7bff9549-3e48-4ec4-927e-2355f7ccd90c,3825747,281,1,00:08:16.144,8,16,43,Carry,22,215,Athletic Club,Regular Play,215,Athletic Club,6649.0,Óscar de Marcos Arana,Right Back,76.2,79.1,77.7,77.1,0.872992,False,,,,,,,False,,,,,,,False,False,left_to_right,False,76.2,79.1,77.7,77.1,False,False,False,False
4d013f45-7f90-450d-b17d-5e2c4a39fa59,3825747,282,1,00:08:17.017,8,17,30,Pass,22,215,Athletic Club,Regular Play,215,Athletic Club,6649.0,Óscar de Marcos Arana,Right Back,77.7,77.1,69.8,72.3,1.236327,False,,,,,,,True,9.2439165,-2.5956073,Ground Pass,,6842.0,Iker Muniain Goñi,False,False,left_to_right,False,77.7,77.1,69.8,72.3,False,False,False,False
ae6fe788-68db-4d3c-a15b-117d9603adbc,3825747,283,1,00:08:18.253,8,18,42,Ball Receipt*,22,215,Athletic Club,Regular Play,215,Athletic Club,6842.0,Iker Muniain Goñi,Center Attacking Midfield,69.8,72.3,,,,False,,,,,,,False,,,,,,,False,False,left_to_right,False,69.8,72.3,,,False,False,False,False
fa3223fc-a6c2-4cfe-9f36-90bf866ba0c6,3825747,284,1,00:08:18.253,8,18,43,Carry,22,215,Athletic Club,Regular Play,215,Athletic Club,6842.0,Iker Muniain Goñi,Center Attacking Midfield,69.8,72.3,69.5,76.9,1.800235,False,,,,,,,False,,,,,,,False,False,left_to_right,False,69.8,72.3,69.5,76.9,False,False,False,False
94e60c90-8889-49ed-84bb-49e05f821629,3825747,285,1,00:08:20.054,8,20,30,Pass,22,215,Athletic Club,Regular Play,215,Athletic Club,6842.0,Iker Muniain Goñi,Center Attacking Midfield,69.5,76.9,48.7,66.2,2.295925,False,,,,,,,True,23.39081,-2.6664734,Ground Pass,,6386.0,Eneko Bóveda Altube,False,False,left_to_right,False,69.5,76.9,48.7,66.2,False,False,False,False
090e9976-0125-44ad-ab9d-3a64f619e7e0,3825747,286,1,00:08:22.349,8,22,42,Ball Receipt*,22,215,Athletic Club,Regular Play,215,Athletic Club,6386.0,Eneko Bóveda Altube,Right Center Back,48.7,66.2,,,,False,,,,,,,False,,,,,,,False,False,left_to_right,False,48.7,66.2,,,False,False,False,False
7a4abcb8-3e0a-485c-98cd-f1d6a8fdf24b,3825747,287,1,00:08:22.349,8,22,43,Carry,22,215,Athletic Club,Regular Play,215,Athletic Club,6386.0,Eneko Bóveda Altube,Right Center Back,48.7,66.2,48.7,66.2,0.305931,False,,,,,,,False,,,,,,,False,False,left_to_right,False,48.7,66.2,48.7,66.2,False,False,False,False
5a95df92-b513-4c1c-9e91-b2cc6665384e,3825747,288,1,00:08:22.655,8,22,30,Pass,22,215,Athletic Club,Regular Play,215,Athletic Club,6386.0,Eneko Bóveda Altube,Right Center Back,48.7,66.2,50.6,31.5,2.56671,False,,,,,,,True,34.75198,-1.5160959,Ground Pass,,4353.0,Aymeric Laporte,False,False,left_to_right,False,48.7,66.2,50.6,31.5,False,False,False,False
bdc9de76-1c99-42f7-bdbf-b1bfe97bd4d8,3825747,289,1,00:08:25.222,8,25,42,Ball Receipt*,22,215,Athletic Club,Regular Play,215,Athletic Club,4353.0,Aymeric Laporte,Left Center Back,50.6,31.5,,,,False,,,,,,,False,,,,,,,False,False,left_to_right,False,50.6,31.5,,,False,False,False,False
a29349e4-4258-4514-bec8-b84207f0d14d,3825747,290,1,00:08:25.222,8,25,43,Carry,22,215,Athletic Club,Regular Play,215,Athletic Club,4353.0,Aymeric Laporte,Left Center Back,50.6,31.5,50.6,31.5,0.16,False,,,,,,,False,,,,,,,False,False,left_to_right,False,50.6,31.5,50.6,31.5,False,False,False,False
da8653e1-2a5c-42e3-af5d-09a23956c762,3825747,291,1,00:08:25.382,8,25,30,Pass,22,215,Athletic Club,Regular Play,215,Athletic Club,4353.0,Aymeric Laporte,Left Center Back,50.6,31.5,28.3,67.9,2.790219,False,,,,,,,True,42.68782,2.1204562,Ground Pass,,6386.0,Eneko Bóveda Altube,False,False,left_to_right,False,50.6,31.5,28.3,67.9,False,False,False,False
f625464d-af58-4d39-a3f5-e65ac7103c63,3825747,292,1,00:08:28.172,8,28,42,Ball Receipt*,22,215,Athletic Club,Regular Play,215,Athletic Club,6386.0,Eneko Bóveda Altube,Right Center Back,28.3,67.9,,,,False,,,,,,,False,,,,,,,False,False,left_to_right,False,28.3,67.9,,,False,False,False,False
6f577228-8060-4585-8257-d3fff3af414d,3825747,293,1,00:08:28.172,8,28,43,Carry,22,215,Athletic Club,Regular Play,215,Athletic Club,6386.0,Eneko Bóveda Altube,Right Center Back,28.3,67.9,28.5,67.9,1.079011,False,,,,,,,False,,,,,,,False,False,left_to_right,False,28.3,67.9,28.5,67.9,False,False,False,False
cca2e69e-b5c4-4b83-a038-e0e7ad4fbcde,3825747,294,1,00:08:29.251,8,29,30,Pass,22,215,Athletic Club,Regular Play,215,Athletic Club,6386.0,Eneko Bóveda Altube,Right Center Back,28.5,67.9,14.4,45.8,2.48769,False,,,,,,,True,26.214882,-2.1386957,Ground Pass,,6662.0,Iago Herrerín Buisán,False,False,left_to_right,False,28.5,67.9,14.4,45.8,False,False,False,False
407ba1bc-5481-411e-b24d-f0ca051e92e3,3825747,295,1,00:08:31.739,8,31,42,Ball Receipt*,22,215,Athletic Club,Regular Play,215,Athletic Club,6662.0,Iago Herrerín Buisán,Goalkeeper,14.4,45.8,,,,False,,,,,,,False,,,,,,,False,False,left_to_right,False,14.4,45.8,,,False,False,False,False
730efde0-96cd-4b47-97d0-abe2359b9e80,3825747,296,1,00:08:31.739,8,31,43,Carry,22,215,Athletic Club,Regular Play,215,Athletic Club,6662.0,Iago Herrerín Buisán,Goalkeeper,14.4,45.8,14.3,45.2,1.005959,False,,,,,,,False,,,,,,,False,False,left_to_right,False,14.4,45.8,14.3,45.2,False,False,False,False
1a67905d-8e8e-4ae7-b2bc-78c879681601,3825747,297,1,00:08:32.745,8,32,30,Pass,22,215,Athletic Club,Regular Play,215,Athletic Club,6662.0,Iago Herrerín Buisán,Goalkeeper,14.3,45.2,29.1,12.1,1.736409,False,,,,,,,True,36.258102,-1.1503317,Ground Pass,,4353.0,Aymeric Laporte,False,False,left_to_right,False,14.3,45.2,29.1,12.1,False,False,False,False
436d25c0-5e77-4a57-958f-aee4c58fb73a,3825747,298,1,00:08:34.481,8,34,42,Ball Receipt*,22,215,Athletic Club,Regular Play,215,Athletic Club,4353.0,Aymeric Laporte,Left Center Back,29.1,12.1,,,,False,,,,,,,False,,,,,,,False,False,left_to_right,False,29.1,12.1,,,False,False,False,False
9f25ceb0-9bad-40be-92b4-04311823b969,3825747,299,1,00:08:34.481,8,34,43,Carry,22,215,Athletic Club,Regular Play,215,Athletic Club,4353.0,Aymeric Laporte,Left Center Back,29.1,12.1,35.0,7.3,2.443444,False,,,,,,,False,,,,,,,False,False,left_to_right,False,29.1,12.1,35.0,7.3,False,False,False,False
da0fc4d4-a967-434d-9576-78d67908e564,3825747,300,1,00:08:36.925,8,36,30,Pass,22,215,Athletic Club,Regular Play,215,Athletic Club,4353.0,Aymeric Laporte,Left Center Back,35.0,7.3,71.8,14.6,2.172859,False,,,,,,,True,37.517063,0.19582735,High Pass,,6666.0,Sabin Merino Zuloaga,False,False,left_to_right,False,35.0,7.3,71.8,14.6,False,True,False,False
30722a86-3cca-4088-9992-923c7c0ca5e3,3825747,301,1,00:08:39.098,8,39,42,Ball Receipt*,22,215,Athletic Club,Regular Play,215,Athletic Club,6666.0,Sabin Merino Zuloaga,Left Wing,71.8,14.6,,,,False,,,,,,,False,,,,,,,False,False,left_to_right,False,71.8,14.6,,,False,False,False,False
a97bc197-d586-4728-8f7f-4a3ae0c89434,3825747,302,1,00:08:39.138,8,39,4,Duel,22,215,Athletic Club,Regular Play,322,Eibar,6837.0,Mauro Javier Dos Santos,Right Center Back,48.7,64.7,,,0.0,True,,,,,,,False,,,,,,,False,False,left_to_right,False,48.7,64.7,,,False,False,False,False
4549e2b8-72ba-4bca-8f42-206dceefe9b4,3825747,303,1,00:08:39.138,8,39,30,Pass,22,215,Athletic Club,Regular Play,215,Athletic Club,6666.0,Sabin Merino Zuloaga,Left Wing,71.4,15.4,65.8,26.2,1.475296,True,,,,,,,True,12.165525,2.0491488,High Pass,,6842.0,Iker Muniain Goñi,False,False,left_to_right,False,71.4,15.4,65.8,26.2,False,False,False,False
769b8e66-c7bc-4a3e-be18-4468ac37a3e7,3825747,304,1,00:08:40.613,8,40,42,Ball Receipt*,22,215,Athletic Club,Regular Play,215,Athletic Club,6842.0,Iker Muniain Goñi,Center Attacking Midfield,65.8,26.2,,,,False,,,,,,,False,,,,,,,False,False,left_to_right,False,65.8,26.2,,,False,False,False,False
d7a4e367-e50b-4a36-bd9e-ae65343f1d75,3825747,305,1,00:08:40.613,8,40,43,Carry,22,215,Athletic Club,Regular Play,215,Athletic Club,6842.0,Iker Muniain Goñi,Center Attacking Midfield,65.8,26.2,65.8,25.6,0.530213,False,,,,,,,False,,,,,,,False,False,left_to_right,False,65.8,26.2,65.8,25.6,False,False,False,False
fd80e461-63f6-4743-862e-fd026cea041e,3825747,306,1,00:08:41.143,8,41,30,Pass,22,215,Athletic Club,Regular Play,215,Athletic Club,6842.0,Iker Muniain Goñi,Center Attacking Midfield,65.8,25.6,60.8,26.2,0.830213,False,,,,,,,True,5.0358715,3.0221636,Ground Pass,,6396.0,Beñat Etxebarria Urkiaga,False,False,left_to_right,False,65.8,25.6,60.8,26.2,False,False,False,False
18542db8-1819-475f-b09b-84a81f22eb34,3825747,307,1,00:08:41.973,8,41,42,Ball Receipt*,22,215,Athletic Club,Regular Play,215,Athletic Club,6396.0,Beñat Etxebarria Urkiaga,Left Defensive Midfield,60.8,26.2,,,,False,,,,,,,False,,,,,,,False,False,left_to_right,False,60.8,26.2,,,False,False,False,False
73abb881-dbe5-4249-9ea2-96960631dfdc,3825747,308,1,00:08:41.973,8,41,43,Carry,22,215,Athletic Club,Regular Play,215,Athletic Club,6396.0,Beñat Etxebarria Urkiaga,Left Defensive Midfield,60.8,26.2,88.1,55.0,4.688765,False,,,,,,,False,,,,,,,False,False,left_to_right,False,60.8,26.2,88.1,55.0,True,False,False,False
a0a65f3a-f793-49d6-9c30-919f728916ca,3825747,309,1,00:08:46.662,8,46,30,Pass,22,215,Athletic Club,Regular Play,215,Athletic Club,6396.0,Beñat Etxebarria Urkiaga,Left Defensive Midfield,88.1,55.0,108.9,61.7,1.666756,False,,,,,,,True,21.852459,0.31162065,Ground Pass,,6649.0,Óscar de Marcos Arana,False,False,left_to_right,False,88.1,55.0,108.9,61.7,False,True,False,False
1e4dad0b-b3ac-4566-ba2a-ccc1c7d06c03,3825747,310,1,00:08:48.329,8,48,42,Ball Receipt*,22,215,Athletic Club,Regular Play,215,Athletic Club,6649.0,Óscar de Marcos Arana,Right Back,108.9,61.7,,,,False,,,,,,,False,,,,,,,False,False,left_to_right,False,108.9,61.7,,,False,False,False,False
b9b96164-f2b2-4dea-ba74-d9aade01b047,3825747,311,1,00:08:48.329,8,48,43,Carry,22,215,Athletic Club,Regular Play,215,Athletic Club,6649.0,Óscar de Marcos Arana,Right Back,108.9,61.7,108.9,61.9,0.085988,False,,,,,,,False,,,,,,,False,False,left_to_right,False,108.9,61.7,108.9,61.9,False,False,False,False
68ecce35-f4a9-4cf8-9f84-c84c4b54c903,3825747,312,1,00:08:48.415,8,48,30,Pass,22,215,Athletic Club,Regular Play,215,Athletic Club,6649.0,Óscar de Marcos Arana,Right Back,108.9,61.9,110.2,58.9,0.093601,False,,,,,,Incomplete,False,3.2695565,-1.1618885,Low Pass,,6394.0,Aritz Aduriz Zubeldia,False,False,left_to_right,False,108.9,61.9,110.2,58.9,False,False,False,True
1ed52846-499a-46c1-891f-9ce8db2f2a35,3825747,313,1,00:08:48.508,8,48,42,Ball Receipt*,22,215,Athletic Club,Regular Play,215,Athletic Club,6394.0,Aritz Aduriz Zubeldia,Center Forward,110.8,47.5,,,,False,,,,,,,False,,,,,,,False,False,left_to_right,False,110.8,47.5,,,False,False,False,False
c7491d82-4044-4343-9ae8-9d1e95c227a9,3825747,314,1,00:08:48.508,8,48,6,Block,22,215,Athletic Club,Regular Play,322,Eibar,6776.0,David Juncà Reñé,Left Back,9.9,21.2,,,0.0,False,,,,,,,False,,,,,,,False,False,left_to_right,False,9.9,21.2,,,False,False,False,False
c239fc3c-dbc0-4487-8420-9ac544e67a01,3825747,315,1,00:09:17.550,9,17,30,Pass,23,215,Athletic Club,From Corner,215,Athletic Club,6396.0,Beñat Etxebarria Urkiaga,Left Defensive Midfield,120.0,80.0,112.7,46.7,1.424441,False,,,,,,Incomplete,False,34.090763,-1.7866018,High Pass,Corner,,,False,False,left_to_right,False,120.0,80.0,112.7,46.7,False,True,False,True
879ceadc-00a1-446c-97eb-bf290ea938b1,3825747,316,1,00:09:18.975,9,18,4,Duel,23,215,Athletic Club,From Corner,215,Athletic Club,6394.0,Aritz Aduriz Zubeldia,Center Forward,112.7,46.7,,,0.0,True,,,,,,,False,,,,,,,False,False,left_to_right,False,112.7,46.7,,,False,False,False,False
acfbdd76-2ffa-4df9-8d9c-79ab5f0e3345,3825747,317,1,00:09:18.975,9,18,9,Clearance,23,215,Athletic Club,From Corner,322,Eibar,6566.0,Borja González Tomás,Right Center Forward,7.4,33.4,,,0.0,True,,,,,,,False,,,,,,,False,False,left_to_right,False,7.4,33.4,,,False,False,False,False
ed819d16-4508-47a4-9025-8970d359f0da,3825747,318,1,00:09:22.072,9,22,2,Ball Recovery,24,322,Eibar,Regular Play,322,Eibar,6742.0,Sergio Gontán Gallardo,Right Midfield,21.6,60.7,,,0.0,False,,,,,,,False,,,,,,,False,False,left_to_right,False,21.6,60.7,,,False,False,False,False
dbbef306-ea5b-474d-9fa7-7630d3cf2287,3825747,319,1,00:09:22.072,9,22,43,Carry,24,322,Eibar,Regular Play,322,Eibar,6742.0,Sergio Gontán Gallardo,Right Midfield,21.6,60.7,19.5,53.9,1.716966,False,,,,,,,False,,,,,,,False,False,left_to_right,False,21.6,60.7,19.5,53.9,False,False,False,False
81055f2f-d07d-440c-a1ac-866a91904288,3825747,320,1,00:09:23.789,9,23,30,Pass,24,322,Eibar,Regular Play,322,Eibar,6742.0,Sergio Gontán Gallardo,Right Midfield,19.5,53.9,49.3,48.6,1.968308,False,,,,,,,True,30.26764,-0.1760119,High Pass,,24070.0,Saúl Berjón Pérez,False,False,left_to_right,False,19.5,53.9,49.3,48.6,False,True,False,False
794b8089-9c57-47a3-9f06-825097a76f13,3825747,321,1,00:09:25.524,9,25,17,Pressure,24,322,Eibar,Regular Play,215,Athletic Club,6649.0,Óscar de Marcos Arana,Right Back,69.1,34.6,,,0.450006,False,,,,,,,False,,,,,,,False,False,left_to_right,False,69.1,34.6,,,False,False,False,False
92d01cb9-51b3-448e-a954-3dba98818c56,3825747,322,1,00:09:25.757,9,25,42,Ball Receipt*,24,322,Eibar,Regular Play,322,Eibar,24070.0,Saúl Berjón Pérez,Left Midfield,49.3,48.6,,,,True,,,,,,,False,,,,,,,False,False,left_to_right,False,49.3,48.6,,,False,False,False,False
2028a9c8-1782-415f-b886-79f8a24abdaf,3825747,323,1,00:09:25.757,9,25,30,Pass,24,322,Eibar,Regular Play,322,Eibar,24070.0,Saúl Berjón Pérez,Left Midfield,49.3,48.0,42.2,39.9,0.782547,True,,,,,,,True,10.771258,-2.2904997,Low Pass,,6700.0,Sergio Enrich Ametller,False,False,left_to_right,False,49.3,48.0,42.2,39.9,False,False,False,False
63f98b55-279c-44ab-8f3c-28b4d371285b,3825747,324,1,00:09:26.540,9,26,42,Ball Receipt*,24,322,Eibar,Regular Play,322,Eibar,6700.0,Sergio Enrich Ametller,Left Center Forward,42.2,39.9,,,,False,,,,,,,False,,,,,,,False,False,left_to_right,False,42.2,39.9,,,False,False,False,False
78a98a51-a726-48dd-890d-32bdb5d6f4cc,3825747,325,1,00:09:26.540,9,26,43,Carry,24,322,Eibar,Regular Play,322,Eibar,6700.0,Sergio Enrich Ametller,Left Center Forward,42.2,39.9,61.2,34.1,2.430576,True,,,,,,,False,,,,,,,False,False,left_to_right,False,42.2,39.9,61.2,34.1,False,False,False,False
40cddb5a-e0e8-4921-a43b-38ad03aaeabf,3825747,326,1,00:09:27.801,9,27,17,Pressure,24,322,Eibar,Regular Play,215,Athletic Club,6390.0,Markel Susaeta Laskurain,Right Wing,70.4,42.3,,,1.263612,False,,,,,,,False,,,,,,,False,False,left_to_right,False,70.4,42.3,,,False,False,False,False
b769cf29-cbe7-4986-a48e-ddfdf58c7b0b,3825747,327,1,00:09:28.970,9,28,30,Pass,24,322,Eibar,Regular Play,322,Eibar,6700.0,Sergio Enrich Ametller,Left Center Forward,61.2,34.1,94.9,70.9,3.598577,True,,,,,,,True,49.899197,0.8293415,High Pass,,6566.0,Borja González Tomás,False,False,left_to_right,False,61.2,34.1,94.9,70.9,False,True,True,False
81723ea5-9975-4dbd-aeee-7bece1475bfe,3825747,328,1,00:09:32.569,9,32,42,Ball Receipt*,24,322,Eibar,Regular Play,322,Eibar,6566.0,Borja González Tomás,Right Center Forward,94.9,70.9,,,,False,,,,,,,False,,,,,,,False,False,left_to_right,False,94.9,70.9,,,False,False,False,False
762cebff-654d-42df-9c4d-59741f843df6,3825747,329,1,00:09:32.569,9,32,43,Carry,24,322,Eibar,Regular Play,322,Eibar,6566.0,Borja González Tomás,Right Center Forward,94.9,70.9,94.5,72.0,0.914977,False,,,,,,,False,,,,,,,False,False,left_to_right,False,94.9,70.9,94.5,72.0,False,False,False,False
62280f07-519a-48ec-a888-d75d4314b3c9,3825747,330,1,00:09:33.484,9,33,30,Pass,24,322,Eibar,Regular Play,322,Eibar,6566.0,Borja González Tomás,Right Center Forward,94.5,72.0,98.9,66.3,0.196497,False,,,,,,Incomplete,False,7.2006946,-0.9134072,Low Pass,,6742.0,Sergio Gontán Gallardo,False,False,left_to_right,False,94.5,72.0,98.9,66.3,False,False,False,True
f9b33a74-4dc2-4175-b634-9efb4068aaca,3825747,331,1,00:09:33.680,9,33,42,Ball Receipt*,24,322,Eibar,Regular Play,322,Eibar,6742.0,Sergio Gontán Gallardo,Right Midfield,98.0,56.2,,,,False,,,,,,,False,,,,,,,False,False,left_to_right,False,98.0,56.2,,,False,False,False,False
a0192ff8-6d8e-43da-9793-b268a973e765,3825747,332,1,00:09:33.680,9,33,6,Block,24,322,Eibar,Regular Play,215,Athletic Club,6386.0,Eneko Bóveda Altube,Right Center Back,21.2,13.8,,,0.0,False,,,,,,,False,,,,,,,False,False,left_to_right,False,21.2,13.8,,,False,False,False,False
74a5e3e5-5504-4973-88e6-ccfa65841ae3,3825747,333,1,00:09:53.121,9,53,30,Pass,25,322,Eibar,From Throw In,322,Eibar,6699.0,Ander Capa Rodríguez,Right Back,93.0,80.0,96.0,62.6,1.336289,False,,,,,,,True,17.656727,-1.4000611,Low Pass,Throw-in,6742.0,Sergio Gontán Gallardo,False,False,left_to_right,False,93.0,80.0,96.0,62.6,False,True,False,False
683b0ce1-8378-4892-8449-4b1c14143ad3,3825747,334,1,00:09:54.286,9,54,17,Pressure,25,322,Eibar,From Throw In,215,Athletic Club,6666.0,Sabin Merino Zuloaga,Left Wing,22.5,21.7,,,1.794954,False,,,,,,,False,,,,,,,False,False,left_to_right,False,22.5,21.7,,,False,False,False,False
d13d083c-6530-40a9-8416-90aa02148ce0,3825747,335,1,00:09:54.340,9,54,17,Pressure,25,322,Eibar,From Throw In,215,Athletic Club,6389.0,Mikel San José Domínguez,Right Defensive Midfield,22.7,13.3,,,1.516952,False,,,,,,,False,,,,,,,False,False,left_to_right,False,22.7,13.3,,,False,False,False,False
41244500-edba-4a58-818e-f8117f129b60,3825747,336,1,00:09:54.457,9,54,42,Ball Receipt*,25,322,Eibar,From Throw In,322,Eibar,6742.0,Sergio Gontán Gallardo,Right Midfield,96.0,62.6,,,,True,,,,,,,False,,,,,,,False,False,left_to_right,False,96.0,62.6,,,False,False,False,False
634d5ca5-4a6c-4341-b336-a52fd92c4f78,3825747,337,1,00:09:54.457,9,54,43,Carry,25,322,Eibar,From Throw In,322,Eibar,6742.0,Sergio Gontán Gallardo,Right Midfield,96.0,62.6,97.8,63.0,1.131517,True,,,,,,,False,,,,,,,False,False,left_to_right,False,96.0,62.6,97.8,63.0,False,False,False,False
63a90b54-8497-482b-b07e-0589776a603c,3825747,338,1,00:09:55.589,9,55,39,Dribbled Past,25,322,Eibar,From Throw In,215,Athletic Club,6389.0,Mikel San José Domínguez,Right Defensive Midfield,22.3,17.1,,,0.0,False,,,,,,,False,,,,,,,False,False,left_to_right,False,22.3,17.1,,,False,False,False,False
f30cc14d-2c17-4b97-b5ab-d091e990c701,3825747,339,1,00:09:55.589,9,55,14,Dribble,25,322,Eibar,From Throw In,322,Eibar,6742.0,Sergio Gontán Gallardo,Right Midfield,97.8,63.0,,,0.0,True,,,,,,,False,,,,,,,False,False,left_to_right,False,97.8,63.0,,,False,False,False,False
be217d32-fc27-4215-a013-eb1ee8d9e4dd,3825747,340,1,00:09:55.589,9,55,43,Carry,25,322,Eibar,From Throw In,322,Eibar,6742.0,Sergio Gontán Gallardo,Right Midfield,97.8,63.0,99.9,51.6,2.218555,True,,,,,,,False,,,,,,,False,False,left_to_right,False,97.8,63.0,99.9,51.6,True,False,False,False
c0d8e21a-09db-48ba-b498-66e9ed985a60,3825747,341,1,00:09:57.135,9,57,17,Pressure,25,322,Eibar,From Throw In,215,Athletic Club,4353.0,Aymeric Laporte,Left Center Back,19.5,21.9,,,0.886856,False,,,,,,,False,,,,,,,False,False,left_to_right,False,19.5,21.9,,,False,False,False,False
df1fd548-d33c-41a5-ab3f-82b6edcefba3,3825747,342,1,00:09:57.807,9,57,30,Pass,25,322,Eibar,From Throw In,322,Eibar,6742.0,Sergio Gontán Gallardo,Right Midfield,99.9,51.6,85.3,43.0,1.235575,True,,,,,,,True,16.944616,-2.60927,Ground Pass,,6557.0,Adrián González Morales,True,False,left_to_right,False,99.9,51.6,85.3,43.0,False,False,False,False
e021e57f-8430-4721-989a-9b70ce98f417,3825747,343,1,00:09:59.043,9,59,42,Ball Receipt*,25,322,Eibar,From Throw In,322,Eibar,6557.0,Adrián González Morales,Left Defensive Midfield,85.3,43.0,,,,False,,,,,,,False,,,,,,,False,False,left_to_right,False,85.3,43.0,,,False,False,False,False
1e531813-3c8a-4e47-9f0f-e808f3c01ab4,3825747,344,1,00:09:59.043,9,59,43,Carry,25,322,Eibar,From Throw In,322,Eibar,6557.0,Adrián González Morales,Left Defensive Midfield,85.3,43.0,89.5,44.4,1.065046,False,,,,,,,False,,,,,,,False,False,left_to_right,False,85.3,43.0,89.5,44.4,False,False,False,False
50e802ff-50ed-4e56-87b1-8e42af8d1c6c,3825747,345,1,00:10:00.108,10,0,16,Shot,25,322,Eibar,From Throw In,322,Eibar,6557.0,Adrián González Morales,Left Defensive Midfield,89.5,44.4,93.8,43.4,0.160578,False,0.021972213,Blocked,Left Foot,Normal,Open Play,,False,,,,,,,False,False,left_to_right,False,89.5,44.4,93.8,43.4,False,False,False,False
6fe01ed8-db7f-48ea-9e2d-086119c8ec72,3825747,346,1,00:10:00.269,10,0,6,Block,25,322,Eibar,From Throw In,215,Athletic Club,6396.0,Beñat Etxebarria Urkiaga,Left Defensive Midfield,26.3,36.7,,,0.0,False,,,,,,,False,,,,,,,False,False,left_to_right,False,26.3,36.7,,,False,False,False,False
33b6a5b1-10a2-4b6e-8d6b-a9298875f8e7,3825747,347,1,00:10:00.309,10,0,23,Goal Keeper,25,322,Eibar,From Throw In,215,Athletic Club,6662.0,Iago Herrerín Buisán,Goalkeeper,2.2,40.0,,,0.0,False,,,,,,,False,,,,,,,False,False,left_to_right,False,2.2,40.0,,,False,False,False,False
b33e7293-d335-4f31-a6ee-19d7236dc62d,3825747,348,1,00:10:02.905,10,2,2,Ball Recovery,26,215,Athletic Club,Regular Play,215,Athletic Club,6662.0,Iago Herrerín Buisán,Goalkeeper,4.3,54.2,,,0.0,False,,,,,,,False,,,,,,,False,False,left_to_right,False,4.3,54.2,,,False,False,False,False
97695f97-dc8a-4944-926d-e89bbf21e09c,3825747,349,1,00:10:02.905,10,2,43,Carry,26,215,Athletic Club,Regular Play,215,Athletic Club,6662.0,Iago Herrerín Buisán,Goalkeeper,4.3,54.2,15.6,50.6,12.108938,False,,,,,,,False,,,,,,,False,False,left_to_right,False,4.3,54.2,15.6,50.6,False,False,False,False
1fc7c063-5946-4ba4-9554-132f4da6b497,3825747,350,1,00:10:15.014,10,15,30,Pass,26,215,Athletic Club,Regular Play,215,Athletic Club,6662.0,Iago Herrerín Buisán,Goalkeeper,15.6,50.6,84.7,53.9,3.008666,False,,,,,,,True,69.17876,0.04772062,High Pass,,6390.0,Markel Susaeta Laskurain,False,False,left_to_right,False,15.6,50.6,84.7,53.9,False,True,True,False
d4ea3b48-6ed4-4d37-b091-16dbecb91e71,3825747,351,1,00:10:18.023,10,18,42,Ball Receipt*,26,215,Athletic Club,Regular Play,215,Athletic Club,6390.0,Markel Susaeta Laskurain,Right Wing,84.7,53.9,,,,False,,,,,,,False,,,,,,,False,False,left_to_right,False,84.7,53.9,,,False,False,False,False
9d1d2199-7be5-4349-a2b6-52ce95edef58,3825747,352,1,00:10:18.023,10,18,43,Carry,26,215,Athletic Club,Regular Play,215,Athletic Club,6390.0,Markel Susaeta Laskurain,Right Wing,84.7,53.9,85.8,53.1,0.085019,False,,,,,,,False,,,,,,,False,False,left_to_right,False,84.7,53.9,85.8,53.1,False,False,False,False
e2b6dc35-a8e9-4f9e-8cfa-dc91542baab8,3825747,353,1,00:10:18.108,10,18,38,Miscontrol,26,215,Athletic Club,Regular Play,215,Athletic Club,6390.0,Markel Susaeta Laskurain,Right Wing,85.8,53.1,,,0.0,False,,,,,,,False,,,,,,,False,False,left_to_right,False,85.8,53.1,,,False,False,False,True
1ab59608-5b86-402d-97a5-14efb2093c63,3825747,354,1,00:10:19.271,10,19,17,Pressure,26,215,Athletic Club,Regular Play,215,Athletic Club,6390.0,Markel Susaeta Laskurain,Right Wing,88.9,56.2,,,1.114074,False,,,,,,,False,,,,,,,False,False,left_to_right,False,88.9,56.2,,,False,False,False,False
6fb5151d-cf61-4a28-925a-5b87657b1c34,3825747,355,1,00:10:20.351,10,20,9,Clearance,26,215,Athletic Club,Regular Play,322,Eibar,6837.0,Mauro Javier Dos Santos,Right Center Back,34.3,32.0,,,0.0,True,,,,,,,False,,,,,,,False,False,left_to_right,False,34.3,32.0,,,False,False,False,False
da8cacb8-b355-4324-9bce-e36bab0d3742,3825747,356,1,00:10:23.261,10,23,4,Duel,26,215,Athletic Club,Regular Play,215,Athletic Club,6394.0,Aritz Aduriz Zubeldia,Center Forward,77.0,56.4,,,0.0,True,,,,,,,False,,,,,,,False,False,left_to_right,False,77.0,56.4,,,False,False,False,False
b0582680-9e0d-4b3d-a1c3-a186675de3b1,3825747,357,1,00:10:23.261,10,23,30,Pass,26,215,Athletic Club,Regular Play,322,Eibar,6557.0,Adrián González Morales,Left Defensive Midfield,43.1,23.7,53.5,14.1,2.04922,True,,,,,,Incomplete,False,14.153445,-0.7454195,High Pass,Recovery,24070.0,Saúl Berjón Pérez,False,False,left_to_right,False,43.1,23.7,53.5,14.1,False,False,False,True
31e7e913-6c07-4961-855f-3a5626b5730a,3825747,358,1,00:10:25.310,10,25,42,Ball Receipt*,26,215,Athletic Club,Regular Play,322,Eibar,24070.0,Saúl Berjón Pérez,Left Midfield,55.4,15.3,,,,False,,,,,,,False,,,,,,,False,False,left_to_right,False,55.4,15.3,,,False,False,False,False
77d4f7d2-71d5-4a98-ba84-9593b06d5810,3825747,359,1,00:10:25.310,10,25,30,Pass,26,215,Athletic Club,Regular Play,215,Athletic Club,6649.0,Óscar de Marcos Arana,Right Back,66.6,66.0,70.8,55.8,1.616107,False,,,,,,,True,11.030866,-1.1801893,Low Pass,Recovery,6389.0,Mikel San José Domínguez,False,False,left_to_right,False,66.6,66.0,70.8,55.8,False,False,False,False
4745ec01-63ed-47fb-af13-f8ebc1c32531,3825747,360,1,00:10:26.926,10,26,42,Ball Receipt*,26,215,Athletic Club,Regular Play,215,Athletic Club,6389.0,Mikel San José Domínguez,Right Defensive Midfield,70.8,55.8,,,,False,,,,,,,False,,,,,,,False,False,left_to_right,False,70.8,55.8,,,False,False,False,False
10c4e8f7-9761-47ee-99d3-2c770b4304a6,3825747,361,1,00:10:26.926,10,26,43,Carry,26,215,Athletic Club,Regular Play,215,Athletic Club,6389.0,Mikel San José Domínguez,Right Defensive Midfield,70.8,55.8,71.2,55.8,0.198721,False,,,,,,,False,,,,,,,False,False,left_to_right,False,70.8,55.8,71.2,55.8,False,False,False,False
27f68b21-d004-4f91-ae94-b5ebd3f61b0c,3825747,362,1,00:10:27.125,10,27,30,Pass,26,215,Athletic Club,Regular Play,215,Athletic Club,6389.0,Mikel San José Domínguez,Right Defensive Midfield,71.2,55.8,80.2,52.1,0.721218,False,,,,,,,True,9.730879,-0.3900481,Low Pass,,6842.0,Iker Muniain Goñi,False,False,left_to_right,False,71.2,55.8,80.2,52.1,False,False,True,False
c4e6ed62-8e24-4b83-b55c-79e93b685057,3825747,363,1,00:10:27.846,10,27,42,Ball Receipt*,26,215,Athletic Club,Regular Play,215,Athletic Club,6842.0,Iker Muniain Goñi,Center Attacking Midfield,80.2,52.1,,,,False,,,,,,,False,,,,,,,False,False,left_to_right,False,80.2,52.1,,,False,False,False,False
e289a5aa-8e51-4157-a170-0d91fe85f409,3825747,364,1,00:10:27.846,10,27,43,Carry,26,215,Athletic Club,Regular Play,215,Athletic Club,6842.0,Iker Muniain Goñi,Center Attacking Midfield,80.2,52.1,81.2,51.9,1.144137,False,,,,,,,False,,,,,,,False,False,left_to_right,False,80.2,52.1,81.2,51.9,False,False,False,False
b2222742-e8ee-40e9-b967-729edb4b320a,3825747,365,1,00:10:28.990,10,28,30,Pass,26,215,Athletic Club,Regular Play,215,Athletic Club,6842.0,Iker Muniain Goñi,Center Attacking Midfield,81.2,51.9,92.0,47.5,0.579968,False,,,,,,Incomplete,False,11.661903,-0.38687572,Ground Pass,,6390.0,Markel Susaeta Laskurain,False,False,left_to_right,False,81.2,51.9,92.0,47.5,False,True,False,True
58cf13ba-5bfa-47a3-9e42-79ad47472675,3825747,366,1,00:10:29.570,10,29,42,Ball Receipt*,26,215,Athletic Club,Regular Play,215,Athletic Club,6390.0,Markel Susaeta Laskurain,Right Wing,96.8,41.0,,,,False,,,,,,,False,,,,,,,False,False,left_to_right,False,96.8,41.0,,,False,False,False,False
76f03bda-8816-4ff5-836b-102897fef1fa,3825747,367,1,00:10:29.570,10,29,10,Interception,26,215,Athletic Club,Regular Play,322,Eibar,6837.0,Mauro Javier Dos Santos,Right Center Back,28.1,32.6,,,0.0,False,,,,,,,False,,,,,,,False,False,left_to_right,False,28.1,32.6,,,False,False,False,False
faa09d51-448c-483e-8a46-07f23a112833,3825747,368,1,00:10:31.168,10,31,23,Goal Keeper,27,322,Eibar,From Keeper,322,Eibar,10763.0,Asier Riesgo Unamuno,Goalkeeper,13.3,35.5,,,0.0,False,,,,,,,False,,,,,,,False,False,left_to_right,False,13.3,35.5,,,False,False,False,False
2b8e68d3-67e0-480a-9e0c-c3c5f291fca8,3825747,369,1,00:10:35.365,10,35,30,Pass,27,322,Eibar,From Keeper,322,Eibar,10763.0,Asier Riesgo Unamuno,Goalkeeper,15.2,35.1,55.1,0.3,8.002082,False,,,,,,Out,False,52.94384,-0.71723086,High Pass,,6700.0,Sergio Enrich Ametller,False,False,left_to_right,False,15.2,35.1,55.1,0.3,False,True,False,True
382fd63b-a502-4780-a65f-4359e75cad8e,3825747,370,1,00:10:43.367,10,43,42,Ball Receipt*,27,322,Eibar,From Keeper,322,Eibar,6700.0,Sergio Enrich Ametller,Left Center Forward,63.1,3.3,,,,False,,,,,,,False,,,,,,,False,False,left_to_right,False,63.1,3.3,,,False,False,False,False
5cf9cd76-fa9b-4e62-ae29-865a7e9a7081,3825747,371,1,00:10:50.296,10,50,30,Pass,28,215,Athletic Club,From Throw In,215,Athletic Club,6649.0,Óscar de Marcos Arana,Right Back,62.3,80.0,37.9,74.1,3.074738,False,,,,,,,True,25.103188,-2.9043434,Low Pass,Throw-in,6386.0,Eneko Bóveda Altube,False,False,left_to_right,False,62.3,80.0,37.9,74.1,False,False,False,False
478048ac-a2cb-431a-9a0f-1786eb993768,3825747,372,1,00:10:53.371,10,53,42,Ball Receipt*,28,215,Athletic Club,From Throw In,215,Athletic Club,6386.0,Eneko Bóveda Altube,Right Center Back,37.9,74.1,,,,False,,,,,,,False,,,,,,,False,False,left_to_right,False,37.9,74.1,,,False,False,False,False
bdc51d03-8c3f-43b4-a942-1d5b440fb01d,3825747,373,1,00:10:55.074,10,55,30,Pass,28,215,Athletic Club,From Throw In,215,Athletic Club,6386.0,Eneko Bóveda Altube,Right Center Back,33.7,71.9,43.9,61.4,1.073206,False,,,,,,,True,14.638647,-0.7998899,Ground Pass,,6396.0,Beñat Etxebarria Urkiaga,False,False,left_to_right,False,33.7,71.9,43.9,61.4,False,False,False,False
cb647ac0-30f9-49ff-97b6-c08b4851eebb,3825747,374,1,00:10:56.147,10,56,42,Ball Receipt*,28,215,Athletic Club,From Throw In,215,Athletic Club,6396.0,Beñat Etxebarria Urkiaga,Left Defensive Midfield,43.9,61.4,,,,False,,,,,,,False,,,,,,,False,False,left_to_right,False,43.9,61.4,,,False,False,False,False
dfcb05bd-0bfc-4755-be53-d3e6b7cbca59,3825747,375,1,00:10:56.147,10,56,43,Carry,28,215,Athletic Club,From Throw In,215,Athletic Club,6396.0,Beñat Etxebarria Urkiaga,Left Defensive Midfield,43.9,61.4,39.5,61.2,1.142378,False,,,,,,,False,,,,,,,False,False,left_to_right,False,43.9,61.4,39.5,61.2,False,False,False,False
ecce4035-5b76-4179-b97f-6888c313f1df,3825747,376,1,00:10:57.289,10,57,30,Pass,28,215,Athletic Club,From Throw In,215,Athletic Club,6396.0,Beñat Etxebarria Urkiaga,Left Defensive Midfield,39.5,61.2,13.7,48.3,2.129799,False,,,,,,,True,28.845278,-2.6779451,Ground Pass,,6662.0,Iago Herrerín Buisán,False,False,left_to_right,False,39.5,61.2,13.7,48.3,False,False,False,False
9ac53106-7bb0-41ba-a43b-6143bf97e535,3825747,377,1,00:10:59.419,10,59,42,Ball Receipt*,28,215,Athletic Club,From Throw In,215,Athletic Club,6662.0,Iago Herrerín Buisán,Goalkeeper,13.7,48.3,,,,False,,,,,,,False,,,,,,,False,False,left_to_right,False,13.7,48.3,,,False,False,False,False
dd2184ff-4f8d-4c04-aad2-9c2c08d10f7d,3825747,378,1,00:10:59.419,10,59,43,Carry,28,215,Athletic Club,From Throw In,215,Athletic Club,6662.0,Iago Herrerín Buisán,Goalkeeper,13.7,48.3,16.2,49.1,1.602067,False,,,,,,,False,,,,,,,False,False,left_to_right,False,13.7,48.3,16.2,49.1,False,False,False,False
a23a46e8-dd73-42a3-9473-f43b646f61be,3825747,379,1,00:11:01.021,11,1,30,Pass,28,215,Athletic Club,From Throw In,215,Athletic Club,6662.0,Iago Herrerín Buisán,Goalkeeper,16.2,49.1,33.5,74.6,1.614493,False,,,,,,,True,30.814608,0.9746931,Ground Pass,,6386.0,Eneko Bóveda Altube,False,False,left_to_right,False,16.2,49.1,33.5,74.6,False,False,False,False
64483343-8f95-493a-ad72-9052237caac0,3825747,380,1,00:11:02.636,11,2,42,Ball Receipt*,28,215,Athletic Club,From Throw In,215,Athletic Club,6386.0,Eneko Bóveda Altube,Right Center Back,33.5,74.6,,,,False,,,,,,,False,,,,,,,False,False,left_to_right,False,33.5,74.6,,,False,False,False,False
7a38215a-025e-4dcf-b7cd-b43859e8a8ad,3825747,381,1,00:11:02.636,11,2,43,Carry,28,215,Athletic Club,From Throw In,215,Athletic Club,6386.0,Eneko Bóveda Altube,Right Center Back,33.5,74.6,42.1,77.1,2.860249,False,,,,,,,False,,,,,,,False,False,left_to_right,False,33.5,74.6,42.1,77.1,False,False,False,False
c82f6b3d-b3fc-4483-b7b8-a87aeeb79340,3825747,382,1,00:11:05.496,11,5,30,Pass,28,215,Athletic Club,From Throw In,215,Athletic Club,6386.0,Eneko Bóveda Altube,Right Center Back,42.1,77.1,33.7,68.1,1.168271,False,,,,,,,True,12.31097,-2.3217254,Ground Pass,,6396.0,Beñat Etxebarria Urkiaga,False,False,left_to_right,False,42.1,77.1,33.7,68.1,False,False,False,False
401cd2be-f063-4453-9526-fc3779f957af,3825747,383,1,00:11:06.664,11,6,42,Ball Receipt*,28,215,Athletic Club,From Throw In,215,Athletic Club,6396.0,Beñat Etxebarria Urkiaga,Left Defensive Midfield,33.7,68.1,,,,False,,,,,,,False,,,,,,,False,False,left_to_right,False,33.7,68.1,,,False,False,False,False
63a31104-544a-4594-b901-c18c41f7e5d6,3825747,384,1,00:11:06.664,11,6,43,Carry,28,215,Athletic Club,From Throw In,215,Athletic Club,6396.0,Beñat Etxebarria Urkiaga,Left Defensive Midfield,33.7,68.1,35.8,72.1,1.135643,False,,,,,,,False,,,,,,,False,False,left_to_right,False,33.7,68.1,35.8,72.1,False,False,False,False
bd0a3f7f-28e5-4187-ab32-68fa823148f9,3825747,385,1,00:11:07.800,11,7,30,Pass,28,215,Athletic Club,From Throw In,215,Athletic Club,6396.0,Beñat Etxebarria Urkiaga,Left Defensive Midfield,35.8,72.1,27.5,78.5,1.166058,False,,,,,,,True,10.480935,2.4847336,Ground Pass,,6386.0,Eneko Bóveda Altube,False,False,left_to_right,False,35.8,72.1,27.5,78.5,False,False,False,False
b4cebac9-605a-4056-a4e5-4b72aa63f23e,3825747,386,1,00:11:08.966,11,8,42,Ball Receipt*,28,215,Athletic Club,From Throw In,215,Athletic Club,6386.0,Eneko Bóveda Altube,Right Center Back,27.5,78.5,,,,False,,,,,,,False,,,,,,,False,False,left_to_right,False,27.5,78.5,,,False,False,False,False
802531d3-7a2a-4c9d-b1cd-058e04bd804d,3825747,387,1,00:11:08.966,11,8,43,Carry,28,215,Athletic Club,From Throw In,215,Athletic Club,6386.0,Eneko Bóveda Altube,Right Center Back,27.5,78.5,27.5,78.5,0.199999,False,,,,,,,False,,,,,,,False,False,left_to_right,False,27.5,78.5,27.5,78.5,False,False,False,False
dc2799cf-90a9-44e2-9938-04bdae025c21,3825747,388,1,00:11:09.166,11,9,30,Pass,28,215,Athletic Club,From Throw In,215,Athletic Club,6386.0,Eneko Bóveda Altube,Right Center Back,27.5,78.5,20.0,36.4,3.373139,False,,,,,,,True,42.762833,-1.7470942,Ground Pass,,4353.0,Aymeric Laporte,False,False,left_to_right,False,27.5,78.5,20.0,36.4,False,False,False,False
0226f766-f9d4-4bd0-95b1-e5736dcbd2f9,3825747,389,1,00:11:12.539,11,12,42,Ball Receipt*,28,215,Athletic Club,From Throw In,215,Athletic Club,4353.0,Aymeric Laporte,Left Center Back,20.0,36.4,,,,False,,,,,,,False,,,,,,,False,False,left_to_right,False,20.0,36.4,,,False,False,False,False
288e2526-c163-4783-a1ae-7a8f5f4a410f,3825747,390,1,00:11:12.539,11,12,43,Carry,28,215,Athletic Club,From Throw In,215,Athletic Club,4353.0,Aymeric Laporte,Left Center Back,20.0,36.4,57.7,15.6,6.689875,False,,,,,,,False,,,,,,,False,False,left_to_right,False,20.0,36.4,57.7,15.6,True,False,False,False
50aa332b-34bf-46d4-9538-d1c8bf2407fe,3825747,391,1,00:11:19.229,11,19,30,Pass,28,215,Athletic Club,From Throw In,215,Athletic Club,4353.0,Aymeric Laporte,Left Center Back,57.7,15.6,77.7,5.2,1.74199,False,,,,,,,True,22.542404,-0.47951928,Ground Pass,,6789.0,Mikel Balenziaga Oruesagasti,False,False,left_to_right,False,57.7,15.6,77.7,5.2,False,False,False,False
9a63c6c2-ebc9-47fc-a99f-3c07c9fe7f67,3825747,392,1,00:11:20.971,11,20,42,Ball Receipt*,28,215,Athletic Club,From Throw In,215,Athletic Club,6789.0,Mikel Balenziaga Oruesagasti,Left Back,77.7,5.2,,,,False,,,,,,,False,,,,,,,False,False,left_to_right,False,77.7,5.2,,,False,False,False,False
e4d19438-7840-4771-9570-73930962b1ed,3825747,393,1,00:11:20.971,11,20,43,Carry,28,215,Athletic Club,From Throw In,215,Athletic Club,6789.0,Mikel Balenziaga Oruesagasti,Left Back,77.7,5.2,77.7,5.2,0.119999,False,,,,,,,False,,,,,,,False,False,left_to_right,False,77.7,5.2,77.7,5.2,False,False,False,False
3992ee36-3a6a-4185-bb94-db64e5fa85a2,3825747,394,1,00:11:21.091,11,21,30,Pass,28,215,Athletic Club,From Throw In,215,Athletic Club,6789.0,Mikel Balenziaga Oruesagasti,Left Back,77.7,5.2,85.6,16.9,0.997631,False,,,,,,,True,14.117365,0.97689986,Ground Pass,,6666.0,Sabin Merino Zuloaga,False,False,left_to_right,False,77.7,5.2,85.6,16.9,False,False,True,False
b4a8cf7d-5e7e-442c-9c1c-a0c6d4da8d2f,3825747,395,1,00:11:22.089,11,22,42,Ball Receipt*,28,215,Athletic Club,From Throw In,215,Athletic Club,6666.0,Sabin Merino Zuloaga,Left Wing,85.6,16.9,,,,False,,,,,,,False,,,,,,,False,False,left_to_right,False,85.6,16.9,,,False,False,False,False
5a2469ed-2f5f-4a56-b41c-b82ea536f2ad,3825747,396,1,00:11:22.089,11,22,43,Carry,28,215,Athletic Club,From Throw In,215,Athletic Club,6666.0,Sabin Merino Zuloaga,Left Wing,85.6,16.9,77.7,16.3,1.63068,False,,,,,,,False,,,,,,,False,False,left_to_right,False,85.6,16.9,77.7,16.3,False,False,False,False
7d507b79-ae34-43e5-9e1f-8616c51227e7,3825747,397,1,00:11:23.719,11,23,30,Pass,28,215,Athletic Club,From Throw In,215,Athletic Club,6666.0,Sabin Merino Zuloaga,Left Wing,77.7,16.3,70.2,26.5,1.099722,False,,,,,,,True,12.660568,2.204819,Ground Pass,,6396.0,Beñat Etxebarria Urkiaga,False,False,left_to_right,False,77.7,16.3,70.2,26.5,False,False,False,False
4d55c1c9-e8fa-4e9f-9658-ff4fece63974,3825747,398,1,00:11:24.819,11,24,42,Ball Receipt*,28,215,Athletic Club,From Throw In,215,Athletic Club,6396.0,Beñat Etxebarria Urkiaga,Left Defensive Midfield,70.2,26.5,,,,False,,,,,,,False,,,,,,,False,False,left_to_right,False,70.2,26.5,,,False,False,False,False
85a8f9a9-e918-4d94-91e5-d8c84b8ede24,3825747,399,1,00:11:24.819,11,24,43,Carry,28,215,Athletic Club,From Throw In,215,Athletic Club,6396.0,Beñat Etxebarria Urkiaga,Left Defensive Midfield,70.2,26.5,70.6,27.3,0.849558,False,,,,,,,False,,,,,,,False,False,left_to_right,False,70.2,26.5,70.6,27.3,False,False,False,False
10fbc036-9dd3-4c86-b5e9-68d62b2d26e7,3825747,400,1,00:11:25.669,11,25,30,Pass,28,215,Athletic Club,From Throw In,215,Athletic Club,6396.0,Beñat Etxebarria Urkiaga,Left Defensive Midfield,70.6,27.3,102.6,49.6,1.822528,False,,,,,,,True,39.00372,0.6086256,Ground Pass,,6394.0,Aritz Aduriz Zubeldia,False,False,left_to_right,False,70.6,27.3,102.6,49.6,False,True,True,False
1f52b09e-6be8-4708-b28b-5f98984d7534,3825747,401,1,00:11:27.491,11,27,42,Ball Receipt*,28,215,Athletic Club,From Throw In,215,Athletic Club,6394.0,Aritz Aduriz Zubeldia,Center Forward,102.6,49.6,,,,False,,,,,,,False,,,,,,,False,False,left_to_right,False,102.6,49.6,,,False,False,False,False
4196bd89-68d0-41f1-89b5-d959f37f9975,3825747,402,1,00:11:27.491,11,27,43,Carry,28,215,Athletic Club,From Throw In,215,Athletic Club,6394.0,Aritz Aduriz Zubeldia,Center Forward,102.6,49.6,103.9,47.7,1.984613,True,,,,,,,False,,,,,,,False,False,left_to_right,False,102.6,49.6,103.9,47.7,False,False,False,False
9f5fe2ab-e141-4e4c-b1a5-c424b6cb0ae4,3825747,403,1,00:11:28.832,11,28,17,Pressure,28,215,Athletic Club,From Throw In,322,Eibar,6778.0,Iván Ramis Barrios,Left Center Back,13.9,31.0,,,0.66085,False,,,,,,,False,,,,,,,False,False,left_to_right,False,13.9,31.0,,,False,False,False,False
41078b1c-5daa-441e-92bc-c0dea9c265ea,3825747,404,1,00:11:29.476,11,29,38,Miscontrol,28,215,Athletic Club,From Throw In,215,Athletic Club,6394.0,Aritz Aduriz Zubeldia,Center Forward,103.9,47.7,,,0.0,True,,,,,,,False,,,,,,,False,False,left_to_right,False,103.9,47.7,,,False,False,False,True
4c73529b-409d-4374-8600-628e92f1d184,3825747,405,1,00:11:30.064,11,30,2,Ball Recovery,28,215,Athletic Club,From Throw In,322,Eibar,6837.0,Mauro Javier Dos Santos,Right Center Back,15.8,39.1,,,0.0,False,,,,,,,False,,,,,,,False,False,left_to_right,False,15.8,39.1,,,False,False,False,False
26fe3427-e1eb-4524-bcde-dc898cdf507a,3825747,406,1,00:11:30.064,11,30,43,Carry,28,215,Athletic Club,From Throw In,322,Eibar,6837.0,Mauro Javier Dos Santos,Right Center Back,15.8,39.1,12.8,40.3,1.365525,False,,,,,,,False,,,,,,,False,False,left_to_right,False,15.8,39.1,12.8,40.3,False,False,False,False
605e6b4c-b5ae-412f-8e8e-bf9480e1b5dd,3825747,407,1,00:11:31.430,11,31,30,Pass,28,215,Athletic Club,From Throw In,322,Eibar,6837.0,Mauro Javier Dos Santos,Right Center Back,12.8,40.3,36.3,79.2,3.447696,False,,,,,,Out,False,45.44733,1.0273579,High Pass,,,,False,False,left_to_right,False,12.8,40.3,36.3,79.2,False,False,False,True
9c6e2637-ccb6-444b-9ed8-ece444cd1e30,3825747,408,1,00:11:36.554,11,36,30,Pass,29,215,Athletic Club,From Throw In,215,Athletic Club,6789.0,Mikel Balenziaga Oruesagasti,Left Back,84.7,0.1,77.9,13.1,0.886464,False,,,,,,,True,14.67106,2.0527346,Low Pass,Throw-in,6396.0,Beñat Etxebarria Urkiaga,False,False,left_to_right,False,84.7,0.1,77.9,13.1,False,False,False,False
96af2ad8-2fb7-4a34-973c-f2dfb81d9363,3825747,409,1,00:11:37.441,11,37,42,Ball Receipt*,29,215,Athletic Club,From Throw In,215,Athletic Club,6396.0,Beñat Etxebarria Urkiaga,Left Defensive Midfield,77.9,13.1,,,,False,,,,,,,False,,,,,,,False,False,left_to_right,False,77.9,13.1,,,False,False,False,False
d1ddef9c-b0c4-4f10-ba0f-d2f011eb8c30,3825747,410,1,00:11:37.441,11,37,43,Carry,29,215,Athletic Club,From Throw In,215,Athletic Club,6396.0,Beñat Etxebarria Urkiaga,Left Defensive Midfield,77.9,13.1,78.1,13.7,0.821416,True,,,,,,,False,,,,,,,False,False,left_to_right,False,77.9,13.1,78.1,13.7,False,False,False,False
23b1df73-4bc1-4e89-8d0a-90cde3b7bdc2,3825747,411,1,00:11:37.680,11,37,17,Pressure,29,215,Athletic Club,From Throw In,322,Eibar,6742.0,Sergio Gontán Gallardo,Right Midfield,37.7,68.6,,,0.601132,False,,,,,,,False,,,,,,,False,False,left_to_right,False,37.7,68.6,,,False,False,False,False
718b0a32-b4ab-49b1-9113-f81da2a38d75,3825747,412,1,00:11:38.262,11,38,30,Pass,29,215,Athletic Club,From Throw In,215,Athletic Club,6396.0,Beñat Etxebarria Urkiaga,Left Defensive Midfield,78.1,13.7,91.2,4.8,1.565576,True,,,,,,,True,15.837297,-0.59675896,Ground Pass,,6789.0,Mikel Balenziaga Oruesagasti,False,False,left_to_right,False,78.1,13.7,91.2,4.8,False,False,True,False
2920a074-1b2a-480a-a0de-ae8aa2e81161,3825747,413,1,00:11:39.828,11,39,42,Ball Receipt*,29,215,Athletic Club,From Throw In,215,Athletic Club,6789.0,Mikel Balenziaga Oruesagasti,Left Back,91.2,4.8,,,,False,,,,,,,False,,,,,,,False,False,left_to_right,False,91.2,4.8,,,False,False,False,False
ab2bb100-7241-4b53-951c-20a0e7cd9beb,3825747,414,1,00:11:39.828,11,39,43,Carry,29,215,Athletic Club,From Throw In,215,Athletic Club,6789.0,Mikel Balenziaga Oruesagasti,Left Back,91.2,4.8,98.5,4.8,1.316029,False,,,,,,,False,,,,,,,False,False,left_to_right,False,91.2,4.8,98.5,4.8,False,False,False,False
1121bb90-9ad2-4fd5-bc08-2e05db781d51,3825747,415,1,00:11:41.144,11,41,30,Pass,29,215,Athletic Club,From Throw In,215,Athletic Club,6789.0,Mikel Balenziaga Oruesagasti,Left Back,98.5,4.8,99.3,67.3,5.002067,False,,,,,,,True,62.50512,1.557997,High Pass,,6649.0,Óscar de Marcos Arana,False,False,left_to_right,False,98.5,4.8,99.3,67.3,False,False,False,False
399c6c7d-c216-46d2-816b-3295574556cc,3825747,416,1,00:11:46.146,11,46,42,Ball Receipt*,29,215,Athletic Club,From Throw In,215,Athletic Club,6649.0,Óscar de Marcos Arana,Right Back,99.3,67.3,,,,False,,,,,,,False,,,,,,,False,False,left_to_right,False,99.3,67.3,,,False,False,False,False
f6015d0b-8f7c-4567-9949-6ca5c369d2e8,3825747,417,1,00:11:46.146,11,46,43,Carry,29,215,Athletic Club,From Throw In,215,Athletic Club,6649.0,Óscar de Marcos Arana,Right Back,99.3,67.3,102.9,67.7,1.317991,False,,,,,,,False,,,,,,,False,False,left_to_right,False,99.3,67.3,102.9,67.7,False,False,False,False
fecccad1-a256-487d-be6a-7099fd60492c,3825747,418,1,00:11:47.464,11,47,30,Pass,29,215,Athletic Club,From Throw In,215,Athletic Club,6649.0,Óscar de Marcos Arana,Right Back,102.9,67.7,108.3,37.5,1.135117,False,,,,,,,True,30.678984,-1.3938583,High Pass,,6394.0,Aritz Aduriz Zubeldia,False,True,left_to_right,False,102.9,67.7,108.3,37.5,False,True,False,False
b2e403db-404e-4387-810e-60f2a4534248,3825747,419,1,00:11:48.599,11,48,42,Ball Receipt*,29,215,Athletic Club,From Throw In,215,Athletic Club,6394.0,Aritz Aduriz Zubeldia,Center Forward,108.3,37.5,,,,False,,,,,,,False,,,,,,,False,False,left_to_right,False,108.3,37.5,,,False,False,False,False
60676f7e-7d5b-41c6-b410-313c54870750,3825747,420,1,00:11:48.663,11,48,16,Shot,29,215,Athletic Club,From Throw In,215,Athletic Club,6394.0,Aritz Aduriz Zubeldia,Center Forward,109.1,40.0,120.0,36.9,0.873082,False,0.12317463,Goal,Right Foot,Overhead Kick,Open Play,,False,,,,,,,False,False,left_to_right,False,109.1,40.0,120.0,36.9,False,False,False,False
c2e4acbe-b3a8-49d7-b54f-b92ffe9e3d0c,3825747,421,1,00:11:49.537,11,49,23,Goal Keeper,29,215,Athletic Club,From Throw In,322,Eibar,10763.0,Asier Riesgo Unamuno,Goalkeeper,1.5,39.4,,,0.0,False,,,,,,,False,,,,,,,False,False,left_to_right,False,1.5,39.4,,,False,False,False,False
a9273620-a81a-4433-9a49-3cfc511d1a0d,3825747,422,1,00:12:18.469,12,18,30,Pass,30,322,Eibar,From Kick Off,322,Eibar,6566.0,Borja González Tomás,Right Center Forward,60.0,40.0,34.3,30.1,2.13062,False,,,,,,,True,27.540878,-2.7738974,Ground Pass,Kick Off,6775.0,Daniel García Carrillo,False,False,left_to_right,False,60.0,40.0,34.3,30.1,False,False,False,False
7d0f0eee-f714-4d53-8b6c-d172738f2ae3,3825747,423,1,00:12:20.600,12,20,42,Ball Receipt*,30,322,Eibar,From Kick Off,322,Eibar,6775.0,Daniel García Carrillo,Right Defensive Midfield,34.3,30.1,,,,False,,,,,,,False,,,,,,,False,False,left_to_right,False,34.3,30.1,,,False,False,False,False
5c9b04a6-2359-42c3-a399-36601416a77d,3825747,424,1,00:12:22.600,12,22,30,Pass,30,322,Eibar,From Kick Off,322,Eibar,6775.0,Daniel García Carrillo,Right Defensive Midfield,34.3,30.1,41.8,0.1,4.867598,False,,,,,,Injury Clearance,False,30.923292,-1.3258177,High Pass,,,,False,False,left_to_right,False,34.3,30.1,41.8,0.1,False,False,False,True
94f6607f-5368-42ce-ba50-00bbed4e8a87,3825747,425,1,00:12:36.370,12,36,40,Injury Stoppage,30,322,Eibar,From Kick Off,322,Eibar,6778.0,Iván Ramis Barrios,Left Center Back,,,,,0.0,False,,,,,,,False,,,,,,,False,False,left_to_right,False,,,,,False,False,False,False
32167211-13b2-47e1-9276-601f7f70c29d,3825747,426,1,00:12:51.347,12,51,40,Injury Stoppage,30,322,Eibar,From Kick Off,215,Athletic Club,6842.0,Iker Muniain Goñi,Center Attacking Midfield,,,,,0.0,False,,,,,,,False,,,,,,,False,False,left_to_right,False,,,,,False,False,False,False
2d6f9dda-e3f8-48fb-98e5-27cb8a45e140,3825747,427,1,00:13:41.174,13,41,19,Substitution,30,322,Eibar,From Kick Off,322,Eibar,6778.0,Iván Ramis Barrios,Left Center Back,,,,,0.0,False,,,,,,,False,,,,,,,False,False,left_to_right,False,,,,,False,False,False,False
c6e64796-52c5-4069-8e7f-3c3fac01cc1c,3825747,428,1,00:13:54.394,13,54,30,Pass,31,215,Athletic Club,From Throw In,215,Athletic Club,6390.0,Markel Susaeta Laskurain,Right Wing,76.0,80.0,105.6,50.8,4.571526,False,,,,,,Injury Clearance,False,41.578842,-0.77859557,Low Pass,Throw-in,,,False,False,left_to_right,False,76.0,80.0,105.6,50.8,False,True,True,True
82017dbd-39e8-427f-8c0e-4b8f9837879b,3825747,429,1,00:13:55.779,13,55,2,Ball Recovery,31,215,Athletic Club,From Throw In,322,Eibar,10763.0,Asier Riesgo Unamuno,Goalkeeper,9.5,31.4,,,0.0,False,,,,,,,False,,,,,,,False,False,left_to_right,False,9.5,31.4,,,False,False,False,False
f7c80aae-174a-466b-8dae-ace68f1c2928,3825747,430,1,00:14:05.937,14,5,30,Pass,31,215,Athletic Club,From Throw In,322,Eibar,10763.0,Asier Riesgo Unamuno,Goalkeeper,14.9,30.9,28.9,11.6,1.646459,False,,,,,,,True,23.843029,-0.9432335,Ground Pass,,27239.0,Aleksandar Pantić,False,False,left_to_right,False,14.9,30.9,28.9,11.6,False,False,False,False
c820c207-ebdb-4b70-9982-b1e0ff75954d,3825747,431,1,00:14:07.583,14,7,42,Ball Receipt*,31,215,Athletic Club,From Throw In,322,Eibar,27239.0,Aleksandar Pantić,Left Center Back,28.9,11.6,,,,False,,,,,,,False,,,,,,,False,False,left_to_right,False,28.9,11.6,,,False,False,False,False
11be30f9-e217-4bad-962b-195b0a5ab735,3825747,432,1,00:14:07.583,14,7,43,Carry,31,215,Athletic Club,From Throw In,322,Eibar,27239.0,Aleksandar Pantić,Left Center Back,28.9,11.6,43.3,10.1,4.169358,False,,,,,,,False,,,,,,,False,False,left_to_right,False,28.9,11.6,43.3,10.1,False,False,False,False
2724d8b4-a86d-49e2-b102-0a751084045c,3825747,433,1,00:14:11.753,14,11,30,Pass,31,215,Athletic Club,From Throw In,322,Eibar,27239.0,Aleksandar Pantić,Left Center Back,43.3,10.1,111.0,27.4,4.023782,False,,,,,,Incomplete,False,69.87546,0.25018513,High Pass,,6566.0,Borja González Tomás,False,False,left_to_right,False,43.3,10.1,111.0,27.4,False,True,True,True
d9d90f31-8204-4d4a-a76a-fa56a82f5543,3825747,434,1,00:14:15.777,14,15,42,Ball Receipt*,31,215,Athletic Club,From Throw In,322,Eibar,6566.0,Borja González Tomás,Right Center Forward,82.4,13.9,,,,False,,,,,,,False,,,,,,,False,False,left_to_right,False,82.4,13.9,,,False,False,False,False
a18d82b6-f6fe-42b3-ad35-b7910a900f76,3825747,435,1,00:14:15.777,14,15,2,Ball Recovery,31,215,Athletic Club,From Throw In,215,Athletic Club,6662.0,Iago Herrerín Buisán,Goalkeeper,9.1,52.7,,,0.0,False,,,,,,,False,,,,,,,False,False,left_to_right,False,9.1,52.7,,,False,False,False,False
36ce0b74-73b8-412f-b52a-35e02f1ddacc,3825747,436,1,00:14:15.777,14,15,43,Carry,31,215,Athletic Club,From Throw In,215,Athletic Club,6662.0,Iago Herrerín Buisán,Goalkeeper,9.1,52.7,13.9,47.7,7.418803,False,,,,,,,False,,,,,,,False,False,left_to_right,False,9.1,52.7,13.9,47.7,False,False,False,False
480a1939-4590-45a1-9924-f3a1d065e08a,3825747,437,1,00:14:23.195,14,23,30,Pass,31,215,Athletic Club,From Throw In,215,Athletic Club,6662.0,Iago Herrerín Buisán,Goalkeeper,13.9,47.7,20.2,23.3,1.565909,False,,,,,,,True,25.2002,-1.3181181,Ground Pass,,4353.0,Aymeric Laporte,False,False,left_to_right,False,13.9,47.7,20.2,23.3,False,False,False,False
b8bfd01b-bf84-4ba3-87ac-a47554dfe219,3825747,438,1,00:14:24.761,14,24,42,Ball Receipt*,31,215,Athletic Club,From Throw In,215,Athletic Club,4353.0,Aymeric Laporte,Left Center Back,20.2,23.3,,,,False,,,,,,,False,,,,,,,False,False,left_to_right,False,20.2,23.3,,,False,False,False,False
1c0eb59e-884a-4aae-a8dc-d9c844239ed2,3825747,439,1,00:14:24.761,14,24,43,Carry,31,215,Athletic Club,From Throw In,215,Athletic Club,4353.0,Aymeric Laporte,Left Center Back,20.2,23.3,27.5,18.7,5.947277,False,,,,,,,False,,,,,,,False,False,left_to_right,False,20.2,23.3,27.5,18.7,False,False,False,False
2bc0e13a-8867-46bd-a791-a839482b7ebc,3825747,440,1,00:14:30.709,14,30,30,Pass,31,215,Athletic Club,From Throw In,215,Athletic Club,4353.0,Aymeric Laporte,Left Center Back,27.5,18.7,78.1,14.8,2.27491,False,,,,,,,True,50.750072,-0.07692302,High Pass,,6394.0,Aritz Aduriz Zubeldia,False,False,left_to_right,False,27.5,18.7,78.1,14.8,False,True,False,False
71479ee9-94ec-420e-9da0-e355cda7dcd6,3825747,441,1,00:14:32.983,14,32,42,Ball Receipt*,31,215,Athletic Club,From Throw In,215,Athletic Club,6394.0,Aritz Aduriz Zubeldia,Center Forward,78.1,14.8,,,,False,,,,,,,False,,,,,,,False,False,left_to_right,False,78.1,14.8,,,False,False,False,False
17169445-adf0-4621-8cf5-70fc83ac7cf8,3825747,442,1,00:14:32.983,14,32,43,Carry,31,215,Athletic Club,From Throw In,215,Athletic Club,6394.0,Aritz Aduriz Zubeldia,Center Forward,78.1,14.8,78.1,14.8,0.119999,False,,,,,,,False,,,,,,,False,False,left_to_right,False,78.1,14.8,78.1,14.8,False,False,False,False
a4fe1865-31ca-4f20-99d4-db6fb579e7d4,3825747,443,1,00:14:33.103,14,33,30,Pass,31,215,Athletic Club,From Throw In,215,Athletic Club,6394.0,Aritz Aduriz Zubeldia,Center Forward,78.1,14.8,104.9,4.4,2.563395,False,,,,,,,True,28.747173,-0.37017083,Low Pass,,6666.0,Sabin Merino Zuloaga,False,False,left_to_right,False,78.1,14.8,104.9,4.4,False,False,True,False
ee4870ac-e074-4422-83fd-db57029a1a05,3825747,444,1,00:14:35.667,14,35,42,Ball Receipt*,31,215,Athletic Club,From Throw In,215,Athletic Club,6666.0,Sabin Merino Zuloaga,Left Wing,104.9,4.4,,,,False,,,,,,,False,,,,,,,False,False,left_to_right,False,104.9,4.4,,,False,False,False,False
3cd6cf85-70eb-4294-bc4a-5955013fb8ff,3825747,445,1,00:14:35.667,14,35,43,Carry,31,215,Athletic Club,From Throw In,215,Athletic Club,6666.0,Sabin Merino Zuloaga,Left Wing,104.9,4.4,111.0,15.4,3.897099,False,,,,,,,False,,,,,,,False,False,left_to_right,False,104.9,4.4,111.0,15.4,True,False,False,False
7acfb43a-5841-4a6b-9076-ac7647863078,3825747,446,1,00:14:39.564,14,39,30,Pass,31,215,Athletic Club,From Throw In,215,Athletic Club,6666.0,Sabin Merino Zuloaga,Left Wing,111.0,15.4,108.9,39.6,1.422364,False,,,,,,Incomplete,False,24.290945,1.6573564,High Pass,,,,False,False,left_to_right,False,111.0,15.4,108.9,39.6,False,True,False,True
bd185f90-ca91-4175-b4c6-d1787c457e53,3825747,447,1,00:14:40.986,14,40,9,Clearance,31,215,Athletic Club,From Throw In,322,Eibar,27239.0,Aleksandar Pantić,Left Center Back,11.2,40.5,,,0.0,True,,,,,,,False,,,,,,,False,False,left_to_right,False,11.2,40.5,,,False,False,False,False
a6119d62-f20b-4fab-a426-609971933e7d,3825747,448,1,00:14:43.611,14,43,2,Ball Recovery,31,215,Athletic Club,From Throw In,215,Athletic Club,6389.0,Mikel San José Domínguez,Right Defensive Midfield,77.4,48.3,,,0.0,False,,,,,,,False,,,,,,,False,False,left_to_right,False,77.4,48.3,,,False,False,False,False
e4352a54-260d-4259-97b3-7b42d17cc099,3825747,449,1,00:14:43.611,14,43,43,Carry,31,215,Athletic Club,From Throw In,215,Athletic Club,6389.0,Mikel San José Domínguez,Right Defensive Midfield,77.4,48.3,82.9,56.2,1.63626,False,,,,,,,False,,,,,,,False,False,left_to_right,False,77.4,48.3,82.9,56.2,False,False,False,False
35225f41-bf3a-499a-bb0c-404042af51fc,3825747,450,1,00:14:45.247,14,45,30,Pass,31,215,Athletic Club,From Throw In,215,Athletic Club,6389.0,Mikel San José Domínguez,Right Defensive Midfield,82.9,56.2,98.9,66.2,1.251883,False,,,,,,Incomplete,False,18.867962,0.5585993,Ground Pass,,6649.0,Óscar de Marcos Arana,False,False,left_to_right,False,82.9,56.2,98.9,66.2,False,False,False,True
20a7c0fe-b796-48b2-abc1-45732c5c7a23,3825747,451,1,00:14:46.499,14,46,42,Ball Receipt*,31,215,Athletic Club,From Throw In,215,Athletic Club,6649.0,Óscar de Marcos Arana,Right Back,95.2,72.9,,,,False,,,,,,,False,,,,,,,False,False,left_to_right,False,95.2,72.9,,,False,False,False,False
49bc8381-139b-41de-aa76-77ebc150b85f,3825747,452,1,00:14:46.499,14,46,30,Pass,32,322,Eibar,Regular Play,322,Eibar,6776.0,David Juncà Reñé,Left Back,21.2,13.9,37.6,8.7,0.912624,False,,,,,,,True,17.20465,-0.30704573,Ground Pass,Interception,24070.0,Saúl Berjón Pérez,False,False,left_to_right,False,21.2,13.9,37.6,8.7,False,False,False,False
827fae8c-8ff4-4a95-9d26-8486a5e5ed60,3825747,453,1,00:14:47.411,14,47,42,Ball Receipt*,32,322,Eibar,Regular Play,322,Eibar,24070.0,Saúl Berjón Pérez,Left Midfield,37.6,8.7,,,,False,,,,,,,False,,,,,,,False,False,left_to_right,False,37.6,8.7,,,False,False,False,False
5e4c4b91-5b78-4d82-8b40-3f94fa45c1ae,3825747,454,1,00:14:47.411,14,47,43,Carry,32,322,Eibar,Regular Play,322,Eibar,24070.0,Saúl Berjón Pérez,Left Midfield,37.6,8.7,41.8,3.9,1.462926,True,,,,,,,False,,,,,,,False,False,left_to_right,False,37.6,8.7,41.8,3.9,False,False,False,False
88f3fbbf-ad65-4487-bfc8-c60794bb4802,3825747,455,1,00:14:47.651,14,47,17,Pressure,32,322,Eibar,Regular Play,215,Athletic Club,6389.0,Mikel San José Domínguez,Right Defensive Midfield,76.2,70.6,,,1.103384,False,,,,,,,False,,,,,,,False,False,left_to_right,False,76.2,70.6,,,False,False,False,False
4302db2c-6510-4bf8-bd80-23ee3c674953,3825747,456,1,00:14:48.874,14,48,3,Dispossessed,32,322,Eibar,Regular Play,322,Eibar,24070.0,Saúl Berjón Pérez,Left Midfield,41.8,3.9,,,0.0,True,,,,,,,False,,,,,,,False,False,left_to_right,False,41.8,3.9,,,False,False,False,True
ee9696e6-8be4-4c78-b451-a0f1f467aaa7,3825747,457,1,00:14:48.874,14,48,4,Duel,32,322,Eibar,Regular Play,215,Athletic Club,6389.0,Mikel San José Domínguez,Right Defensive Midfield,78.3,76.2,,,0.0,True,,,,,,,False,,,,,,,False,False,left_to_right,False,78.3,76.2,,,False,False,False,False
f5d54028-a57a-4935-b0b2-63f20d765b05,3825747,458,1,00:15:00.964,15,0,30,Pass,33,322,Eibar,From Throw In,322,Eibar,6776.0,David Juncà Reñé,Left Back,41.6,0.1,70.4,6.4,5.325233,False,,,,,,Incomplete,False,29.48101,0.2153577,Low Pass,Throw-in,6700.0,Sergio Enrich Ametller,False,False,left_to_right,False,41.6,0.1,70.4,6.4,False,True,False,True
ae83ead7-b597-46f1-9cd2-10ef4f929cac,3825747,459,1,00:15:06.290,15,6,42,Ball Receipt*,33,322,Eibar,From Throw In,322,Eibar,6700.0,Sergio Enrich Ametller,Left Center Forward,70.3,4.3,,,,False,,,,,,,False,,,,,,,False,False,left_to_right,False,70.3,4.3,,,False,False,False,False
db24082f-cb69-4f60-bf5f-a7dfa4db61b5,3825747,460,1,00:15:06.290,15,6,30,Pass,33,322,Eibar,From Throw In,215,Athletic Club,4353.0,Aymeric Laporte,Left Center Back,49.7,73.7,58.1,67.5,0.837211,False,,,,,,Incomplete,False,10.440307,-0.63583845,Low Pass,Recovery,6842.0,Iker Muniain Goñi,False,False,left_to_right,False,49.7,73.7,58.1,67.5,False,False,False,True
8517d61e-5b9f-46cf-831d-d2f00b88a3fa,3825747,461,1,00:15:07.127,15,7,42,Ball Receipt*,33,322,Eibar,From Throw In,215,Athletic Club,6842.0,Iker Muniain Goñi,Center Attacking Midfield,63.9,64.4,,,,False,,,,,,,False,,,,,,,False,False,left_to_right,False,63.9,64.4,,,False,False,False,False
9ed22994-d769-4804-84ff-2235b64b1c90,3825747,462,1,00:15:07.127,15,7,2,Ball Recovery,33,322,Eibar,From Throw In,322,Eibar,6557.0,Adrián González Morales,Left Defensive Midfield,62.0,12.6,,,0.0,False,,,,,,,False,,,,,,,False,False,left_to_right,False,62.0,12.6,,,False,False,False,False
d863f4f2-6f4f-49fb-bb94-1f84f4e5bf0b,3825747,463,1,00:15:07.127,15,7,43,Carry,33,322,Eibar,From Throw In,322,Eibar,6557.0,Adrián González Morales,Left Defensive Midfield,62.0,12.6,62.9,9.7,0.90046,True,,,,,,,False,,,,,,,False,False,left_to_right,False,62.0,12.6,62.9,9.7,False,False,False,False
7e895284-c272-4abb-9de6-e2398027b47a,3825747,464,1,00:15:07.265,15,7,17,Pressure,33,322,Eibar,From Throw In,215,Athletic Club,6390.0,Markel Susaeta Laskurain,Right Wing,56.4,72.7,,,0.62207,False,,,,,,,False,,,,,,,False,False,left_to_right,False,56.4,72.7,,,False,False,False,False
32d2633f-e0f0-4d8b-be5e-4b9127795b05,3825747,465,1,00:15:08.027,15,8,3,Dispossessed,33,322,Eibar,From Throw In,322,Eibar,6557.0,Adrián González Morales,Left Defensive Midfield,62.9,9.7,,,0.0,True,,,,,,,False,,,,,,,False,False,left_to_right,False,62.9,9.7,,,False,False,False,True
f5e1a1f9-185b-43eb-b13e-d64d6b1ee957,3825747,466,1,00:15:08.027,15,8,4,Duel,33,322,Eibar,From Throw In,215,Athletic Club,6390.0,Markel Susaeta Laskurain,Right Wing,57.2,70.4,,,0.0,True,,,,,,,False,,,,,,,False,False,left_to_right,False,57.2,70.4,,,False,False,False,False
5f29308a-1874-413a-88c3-f4062eaa6f75,3825747,467,1,00:15:09.508,15,9,30,Pass,33,322,Eibar,From Throw In,215,Athletic Club,6389.0,Mikel San José Domínguez,Right Defensive Midfield,50.0,62.5,62.9,40.2,1.616211,False,,,,,,,True,25.762375,-1.0463542,Ground Pass,Recovery,6666.0,Sabin Merino Zuloaga,False,False,left_to_right,False,50.0,62.5,62.9,40.2,False,False,False,False
10eeba62-adb3-4773-8a7a-1dede2c60d8b,3825747,468,1,00:15:11.124,15,11,42,Ball Receipt*,33,322,Eibar,From Throw In,215,Athletic Club,6666.0,Sabin Merino Zuloaga,Left Wing,62.9,40.2,,,,False,,,,,,,False,,,,,,,False,False,left_to_right,False,62.9,40.2,,,False,False,False,False
5abbb106-a5fa-4c9c-b988-c26428b4b18e,3825747,469,1,00:15:11.124,15,11,43,Carry,33,322,Eibar,From Throw In,215,Athletic Club,6666.0,Sabin Merino Zuloaga,Left Wing,62.9,40.2,63.9,38.7,0.579757,False,,,,,,,False,,,,,,,False,False,left_to_right,False,62.9,40.2,63.9,38.7,False,False,False,False
f5ae6571-30b1-4c8e-bb86-32c7f9e5a24a,3825747,470,1,00:15:11.704,15,11,30,Pass,33,322,Eibar,From Throw In,215,Athletic Club,6666.0,Sabin Merino Zuloaga,Left Wing,63.9,38.7,43.7,20.4,2.662494,False,,,,,,Incomplete,False,27.256742,-2.4055052,Ground Pass,,6789.0,Mikel Balenziaga Oruesagasti,False,False,left_to_right,False,63.9,38.7,43.7,20.4,False,False,False,True
4bf8010d-9df4-4a55-a21e-f7a3916092d4,3825747,471,1,00:15:14.367,15,14,42,Ball Receipt*,33,322,Eibar,From Throw In,215,Athletic Club,6789.0,Mikel Balenziaga Oruesagasti,Left Back,44.6,26.2,,,,False,,,,,,,False,,,,,,,False,False,left_to_right,False,44.6,26.2,,,False,False,False,False
4e494e7b-cf3d-472c-ae18-0f7a56c2f893,3825747,472,1,00:15:14.367,15,14,2,Ball Recovery,33,322,Eibar,From Throw In,322,Eibar,6566.0,Borja González Tomás,Right Center Forward,76.4,59.7,,,0.0,False,,,,,,,False,,,,,,,False,False,left_to_right,False,76.4,59.7,,,False,False,False,False
0b05b19d-96db-4244-9019-e426b3c5627d,3825747,473,1,00:15:14.367,15,14,43,Carry,33,322,Eibar,From Throw In,322,Eibar,6566.0,Borja González Tomás,Right Center Forward,76.4,59.7,80.3,71.4,2.896262,True,,,,,,,False,,,,,,,False,False,left_to_right,False,76.4,59.7,80.3,71.4,False,False,False,False
d9a1f570-0c78-4e94-b39d-becfa15fa222,3825747,474,1,00:15:17.072,15,17,17,Pressure,33,322,Eibar,From Throw In,215,Athletic Club,6789.0,Mikel Balenziaga Oruesagasti,Left Back,36.8,13.8,,,0.452091,False,,,,,,,False,,,,,,,False,False,left_to_right,False,36.8,13.8,,,False,False,False,False
42420a05-ac28-4bbf-ae16-5ada2b085001,3825747,475,1,00:15:17.263,15,17,30,Pass,33,322,Eibar,From Throw In,322,Eibar,6566.0,Borja González Tomás,Right Center Forward,80.3,71.4,65.3,66.4,1.244547,True,,,,,,,True,15.811388,-2.819842,Ground Pass,,6699.0,Ander Capa Rodríguez,False,False,left_to_right,False,80.3,71.4,65.3,66.4,False,False,False,False
a5f094c1-eb73-428b-8e67-de044bb400f0,3825747,476,1,00:15:18.507,15,18,42,Ball Receipt*,33,322,Eibar,From Throw In,322,Eibar,6699.0,Ander Capa Rodríguez,Right Back,65.3,66.4,,,,False,,,,,,,False,,,,,,,False,False,left_to_right,False,65.3,66.4,,,False,False,False,False
8c699042-08b8-460e-9131-a74791dd6204,3825747,477,1,00:15:18.507,15,18,30,Pass,33,322,Eibar,From Throw In,322,Eibar,6699.0,Ander Capa Rodríguez,Right Back,65.3,66.4,80.3,66.1,0.667471,False,,,,,,Incomplete,False,15.002999,-0.019997334,Low Pass,,6742.0,Sergio Gontán Gallardo,False,False,left_to_right,False,65.3,66.4,80.3,66.1,False,False,True,True
3711a798-e434-4575-b7f7-ad5ce50c31f7,3825747,478,1,00:15:19.175,15,19,42,Ball Receipt*,33,322,Eibar,From Throw In,322,Eibar,6742.0,Sergio Gontán Gallardo,Right Midfield,92.8,63.8,,,,False,,,,,,,False,,,,,,,False,False,left_to_right,False,92.8,63.8,,,False,False,False,False
ac0feba1-c4d0-4316-a415-e39a17717646,3825747,479,1,00:15:19.175,15,19,10,Interception,34,215,Athletic Club,Regular Play,215,Athletic Club,6396.0,Beñat Etxebarria Urkiaga,Left Defensive Midfield,39.8,14.0,,,0.0,False,,,,,,,False,,,,,,,False,False,left_to_right,False,39.8,14.0,,,False,False,False,False
092d7291-a3e3-4a55-9fae-ad474ebdb3c3,3825747,480,1,00:15:19.175,15,19,43,Carry,34,215,Athletic Club,Regular Play,215,Athletic Club,6396.0,Beñat Etxebarria Urkiaga,Left Defensive Midfield,39.8,14.0,52.0,25.6,4.161627,True,,,,,,,False,,,,,,,False,False,left_to_right,False,39.8,14.0,52.0,25.6,False,False,False,False
6823c297-bb20-44c2-9dd0-cc43f6263db2,3825747,481,1,00:15:22.345,15,22,17,Pressure,34,215,Athletic Club,Regular Play,322,Eibar,6775.0,Daniel García Carrillo,Right Defensive Midfield,62.6,54.9,,,0.803746,False,,,,,,,False,,,,,,,False,False,left_to_right,False,62.6,54.9,,,False,False,False,False
29d72ee2-542d-459b-ae16-69c9ac46d874,3825747,482,1,00:15:23.336,15,23,30,Pass,34,215,Athletic Club,Regular Play,215,Athletic Club,6396.0,Beñat Etxebarria Urkiaga,Left Defensive Midfield,52.0,25.6,51.8,41.9,1.134702,False,,,,,,,True,16.301228,1.5830656,Ground Pass,,6390.0,Markel Susaeta Laskurain,False,False,left_to_right,False,52.0,25.6,51.8,41.9,False,False,False,False
0e96bdc2-07e8-4f7a-a79a-d998adcb7c6d,3825747,483,1,00:15:24.471,15,24,42,Ball Receipt*,34,215,Athletic Club,Regular Play,215,Athletic Club,6390.0,Markel Susaeta Laskurain,Right Wing,51.8,41.9,,,,False,,,,,,,False,,,,,,,False,False,left_to_right,False,51.8,41.9,,,False,False,False,False
61caa079-a944-4957-b16a-c9beb6762346,3825747,484,1,00:15:24.471,15,24,43,Carry,34,215,Athletic Club,Regular Play,215,Athletic Club,6390.0,Markel Susaeta Laskurain,Right Wing,51.8,41.9,55.6,48.5,2.128446,False,,,,,,,False,,,,,,,False,False,left_to_right,False,51.8,41.9,55.6,48.5,False,False,False,False
0160ee15-4fb5-4117-b2b9-c3941f75c38d,3825747,485,1,00:15:26.600,15,26,30,Pass,34,215,Athletic Club,Regular Play,215,Athletic Club,6390.0,Markel Susaeta Laskurain,Right Wing,55.6,48.5,70.6,74.4,1.872991,False,,,,,,,True,29.930086,1.0458484,Ground Pass,,6649.0,Óscar de Marcos Arana,False,False,left_to_right,False,55.6,48.5,70.6,74.4,False,False,False,False
0ee7be1d-00a9-416c-8d62-627e688a5e70,3825747,486,1,00:15:28.473,15,28,42,Ball Receipt*,34,215,Athletic Club,Regular Play,215,Athletic Club,6649.0,Óscar de Marcos Arana,Right Back,70.6,74.4,,,,False,,,,,,,False,,,,,,,False,False,left_to_right,False,70.6,74.4,,,False,False,False,False
160527bb-faf7-4332-b360-5c5c4fbcaa66,3825747,487,1,00:15:28.473,15,28,43,Carry,34,215,Athletic Club,Regular Play,215,Athletic Club,6649.0,Óscar de Marcos Arana,Right Back,70.6,74.4,78.3,77.9,2.185201,False,,,,,,,False,,,,,,,False,False,left_to_right,False,70.6,74.4,78.3,77.9,False,False,False,False
9ea7007a-ae95-4e50-a5cc-5499f31a0fab,3825747,488,1,00:15:30.658,15,30,30,Pass,34,215,Athletic Club,Regular Play,215,Athletic Club,6649.0,Óscar de Marcos Arana,Right Back,78.3,77.9,70.4,72.7,1.049603,False,,,,,,,True,9.457801,-2.5594552,Ground Pass,,6390.0,Markel Susaeta Laskurain,False,False,left_to_right,False,78.3,77.9,70.4,72.7,False,False,False,False
a86fe54d-936d-470e-a70d-a0d731d88f79,3825747,489,1,00:15:31.707,15,31,42,Ball Receipt*,34,215,Athletic Club,Regular Play,215,Athletic Club,6390.0,Markel Susaeta Laskurain,Right Wing,70.4,72.7,,,,False,,,,,,,False,,,,,,,False,False,left_to_right,False,70.4,72.7,,,False,False,False,False
b2d42a59-8cc8-4c43-af3e-93908e7b5e1e,3825747,490,1,00:15:31.707,15,31,43,Carry,34,215,Athletic Club,Regular Play,215,Athletic Club,6390.0,Markel Susaeta Laskurain,Right Wing,70.4,72.7,70.8,71.4,0.96707,False,,,,,,,False,,,,,,,False,False,left_to_right,False,70.4,72.7,70.8,71.4,False,False,False,False
268b1fe9-92dc-415a-b821-2f897e62928f,3825747,491,1,00:15:32.674,15,32,30,Pass,34,215,Athletic Club,Regular Play,215,Athletic Club,6390.0,Markel Susaeta Laskurain,Right Wing,70.8,71.4,57.5,54.2,1.313404,False,,,,,,,True,21.742355,-2.2290158,Ground Pass,,6389.0,Mikel San José Domínguez,False,False,left_to_right,False,70.8,71.4,57.5,54.2,False,False,False,False
0de465ff-3247-49ed-8305-994af1e5d506,3825747,492,1,00:15:33.988,15,33,42,Ball Receipt*,34,215,Athletic Club,Regular Play,215,Athletic Club,6389.0,Mikel San José Domínguez,Right Defensive Midfield,57.5,54.2,,,,False,,,,,,,False,,,,,,,False,False,left_to_right,False,57.5,54.2,,,False,False,False,False
9f3b9d36-6d1a-4c84-9015-acc2c638e3cc,3825747,493,1,00:15:33.988,15,33,43,Carry,34,215,Athletic Club,Regular Play,215,Athletic Club,6389.0,Mikel San José Domínguez,Right Defensive Midfield,57.5,54.2,58.9,53.1,1.478447,False,,,,,,,False,,,,,,,False,False,left_to_right,False,57.5,54.2,58.9,53.1,False,False,False,False
fe4ab2de-20d3-471e-84f2-28b83868f7f3,3825747,494,1,00:15:35.466,15,35,30,Pass,34,215,Athletic Club,Regular Play,215,Athletic Club,6389.0,Mikel San José Domínguez,Right Defensive Midfield,58.9,53.1,51.2,26.4,1.541218,False,,,,,,,True,27.788128,-1.8515675,Ground Pass,,4353.0,Aymeric Laporte,False,False,left_to_right,False,58.9,53.1,51.2,26.4,False,False,False,False
4d0145cd-65e6-492f-9994-db8f25db5f02,3825747,495,1,00:15:37.008,15,37,42,Ball Receipt*,34,215,Athletic Club,Regular Play,215,Athletic Club,4353.0,Aymeric Laporte,Left Center Back,51.2,26.4,,,,False,,,,,,,False,,,,,,,False,False,left_to_right,False,51.2,26.4,,,False,False,False,False
189427b0-207e-4b13-8567-25aed17b3bbf,3825747,496,1,00:15:37.008,15,37,43,Carry,34,215,Athletic Club,Regular Play,215,Athletic Club,4353.0,Aymeric Laporte,Left Center Back,51.2,26.4,51.6,25.0,3.164461,False,,,,,,,False,,,,,,,False,False,left_to_right,False,51.2,26.4,51.6,25.0,False,False,False,False
f030c36e-e41c-4b08-aa22-d280d73957bc,3825747,497,1,00:15:40.172,15,40,30,Pass,34,215,Athletic Club,Regular Play,215,Athletic Club,4353.0,Aymeric Laporte,Left Center Back,51.6,25.0,77.0,25.0,0.928888,False,,,,,,,True,25.4,0.0,Low Pass,,6842.0,Iker Muniain Goñi,False,False,left_to_right,False,51.6,25.0,77.0,25.0,False,True,False,False
16f3d0cd-d8dc-4647-a073-94ced03e36dd,3825747,498,1,00:15:41.101,15,41,42,Ball Receipt*,34,215,Athletic Club,Regular Play,215,Athletic Club,6842.0,Iker Muniain Goñi,Center Attacking Midfield,77.0,25.0,,,,False,,,,,,,False,,,,,,,False,False,left_to_right,False,77.0,25.0,,,False,False,False,False
2dc0b767-047b-477d-8843-b99ad9ed3f48,3825747,499,1,00:15:41.101,15,41,43,Carry,34,215,Athletic Club,Regular Play,215,Athletic Club,6842.0,Iker Muniain Goñi,Center Attacking Midfield,77.0,25.0,67.7,21.4,1.75242,False,,,,,,,False,,,,,,,False,False,left_to_right,False,77.0,25.0,67.7,21.4,False,False,False,False
67edfb33-94d1-4715-a51d-8ddc9dde4f40,3825747,500,1,00:15:42.853,15,42,30,Pass,34,215,Athletic Club,Regular Play,215,Athletic Club,6842.0,Iker Muniain Goñi,Center Attacking Midfield,67.7,21.4,61.4,27.9,1.026808,False,,,,,,,True,9.052072,2.3405707,Ground Pass,,6396.0,Beñat Etxebarria Urkiaga,False,False,left_to_right,False,67.7,21.4,61.4,27.9,False,False,False,False
6e1c0f63-029e-4768-b88e-2d84f5ccaf21,3825747,501,1,00:15:43.880,15,43,42,Ball Receipt*,34,215,Athletic Club,Regular Play,215,Athletic Club,6396.0,Beñat Etxebarria Urkiaga,Left Defensive Midfield,61.4,27.9,,,,False,,,,,,,False,,,,,,,False,False,left_to_right,False,61.4,27.9,,,False,False,False,False
751fc00f-a3ab-478d-8d60-21f2920a9811,3825747,502,1,00:15:43.880,15,43,43,Carry,34,215,Athletic Club,Regular Play,215,Athletic Club,6396.0,Beñat Etxebarria Urkiaga,Left Defensive Midfield,61.4,27.9,63.7,27.9,1.621647,False,,,,,,,False,,,,,,,False,False,left_to_right,False,61.4,27.9,63.7,27.9,False,False,False,False
4aec26c6-6c9c-4f37-b318-afba8d8b1d43,3825747,503,1,00:15:45.502,15,45,30,Pass,34,215,Athletic Club,Regular Play,215,Athletic Club,6396.0,Beñat Etxebarria Urkiaga,Left Defensive Midfield,63.7,27.9,108.7,0.4,3.764208,False,,,,,,Out,False,52.737556,-0.5485494,High Pass,,6789.0,Mikel Balenziaga Oruesagasti,False,False,left_to_right,False,63.7,27.9,108.7,0.4,False,True,True,True
63af673a-da20-45bb-8324-0bbef7597b20,3825747,504,1,00:15:49.266,15,49,42,Ball Receipt*,34,215,Athletic Club,Regular Play,215,Athletic Club,6789.0,Mikel Balenziaga Oruesagasti,Left Back,104.7,2.1,,,,False,,,,,,,False,,,,,,,False,False,left_to_right,False,104.7,2.1,,,False,False,False,False
04bf734a-7723-43f4-9ae5-a625265a752e,3825747,505,1,00:16:03.962,16,3,30,Pass,35,322,Eibar,From Throw In,322,Eibar,6699.0,Ander Capa Rodríguez,Right Back,15.8,80.0,40.2,73.6,2.675619,False,,,,,,Incomplete,False,25.225384,-0.2565166,High Pass,Throw-in,6700.0,Sergio Enrich Ametller,False,False,left_to_right,False,15.8,80.0,40.2,73.6,False,False,False,True
32f393a9-93e2-46ad-b1af-5e04821b16b1,3825747,506,1,00:16:06.637,16,6,42,Ball Receipt*,35,322,Eibar,From Throw In,322,Eibar,6700.0,Sergio Enrich Ametller,Left Center Forward,37.0,74.5,,,,False,,,,,,,False,,,,,,,False,False,left_to_right,False,37.0,74.5,,,False,False,False,False
bd13c028-5808-4fee-b347-5e76a0ee77b4,3825747,507,1,00:16:06.637,16,6,30,Pass,35,322,Eibar,From Throw In,215,Athletic Club,6389.0,Mikel San José Domínguez,Right Defensive Midfield,79.9,6.5,84.9,13.7,1.61308,True,,,,,,Incomplete,False,8.765842,0.96380866,High Pass,Recovery,6842.0,Iker Muniain Goñi,False,False,left_to_right,False,79.9,6.5,84.9,13.7,False,False,True,True
3313fb87-0ca9-4c10-b8ac-3358b1f97401,3825747,508,1,00:16:06.637,16,6,4,Duel,35,322,Eibar,From Throw In,322,Eibar,6700.0,Sergio Enrich Ametller,Left Center Forward,40.2,73.6,,,0.0,True,,,,,,,False,,,,,,,False,False,left_to_right,False,40.2,73.6,,,False,False,False,False
294786f1-7159-4f44-a549-7480de28ba26,3825747,509,1,00:16:07.491,16,7,17,Pressure,35,322,Eibar,From Throw In,215,Athletic Club,6389.0,Mikel San José Domínguez,Right Defensive Midfield,81.8,11.2,,,0.758779,False,,,,,,,False,,,,,,,False,False,left_to_right,False,81.8,11.2,,,False,False,False,False
cc8813fd-680f-4e66-b5cd-63fde617060e,3825747,510,1,00:16:08.251,16,8,42,Ball Receipt*,35,322,Eibar,From Throw In,215,Athletic Club,6842.0,Iker Muniain Goñi,Center Attacking Midfield,86.2,12.7,,,,False,,,,,,,False,,,,,,,False,False,left_to_right,False,86.2,12.7,,,False,False,False,False
af982905-a6fa-4002-928d-1c1ca1598a5d,3825747,511,1,00:16:08.251,16,8,30,Pass,35,322,Eibar,From Throw In,322,Eibar,6775.0,Daniel García Carrillo,Right Defensive Midfield,35.2,66.4,48.1,67.2,0.94477,False,,,,,,Unknown,False,12.924783,0.061936185,High Pass,Recovery,,,False,False,left_to_right,False,35.2,66.4,48.1,67.2,False,False,False,True
19f12ace-350e-45a7-829d-d4fd2dc12dfd,3825747,512,1,00:16:09.195,16,9,22,Foul Committed,35,322,Eibar,From Throw In,215,Athletic Club,6389.0,Mikel San José Domínguez,Right Defensive Midfield,83.1,13.8,,,0.0,False,,,,,,,False,,,,,,,False,False,left_to_right,False,83.1,13.8,,,False,False,False,False
e8ed6f07-1da9-4a62-ba13-0c151be76349,3825747,513,1,00:16:09.195,16,9,21,Foul Won,35,322,Eibar,From Throw In,322,Eibar,6775.0,Daniel García Carrillo,Right Defensive Midfield,37.0,66.3,,,0.0,True,,,,,,,False,,,,,,,False,False,left_to_right,False,37.0,66.3,,,False,False,False,False
a31503b2-2d81-4380-85c3-7d4c32ce4da4,3825747,514,1,00:16:26.188,16,26,30,Pass,36,322,Eibar,From Free Kick,322,Eibar,6775.0,Daniel García Carrillo,Right Defensive Midfield,47.4,61.2,40.2,27.8,1.820497,False,,,,,,,True,34.167236,-1.7831161,Ground Pass,Free Kick,27239.0,Aleksandar Pantić,False,False,left_to_right,False,47.4,61.2,40.2,27.8,False,False,False,False
2bb028bd-126f-4036-9fef-dfc87ec7b504,3825747,515,1,00:16:28.008,16,28,42,Ball Receipt*,36,322,Eibar,From Free Kick,322,Eibar,27239.0,Aleksandar Pantić,Left Center Back,40.2,27.8,,,,False,,,,,,,False,,,,,,,False,False,left_to_right,False,40.2,27.8,,,False,False,False,False
4e29d89f-9194-41ab-b23e-f4c1a15552c1,3825747,516,1,00:16:28.008,16,28,43,Carry,36,322,Eibar,From Free Kick,322,Eibar,27239.0,Aleksandar Pantić,Left Center Back,40.2,27.8,42.9,26.0,1.180641,False,,,,,,,False,,,,,,,False,False,left_to_right,False,40.2,27.8,42.9,26.0,False,False,False,False
76f503d9-0dad-4c1b-b4c2-aa77acfbb0bc,3825747,517,1,00:16:29.189,16,29,30,Pass,36,322,Eibar,From Free Kick,322,Eibar,27239.0,Aleksandar Pantić,Left Center Back,42.9,26.0,55.6,26.0,1.207635,False,,,,,,,True,12.7,0.0,Ground Pass,,6557.0,Adrián González Morales,False,False,left_to_right,False,42.9,26.0,55.6,26.0,False,False,False,False
d4cc1935-c39c-4238-a106-b2fa6b782bd2,3825747,518,1,00:16:30.397,16,30,42,Ball Receipt*,36,322,Eibar,From Free Kick,322,Eibar,6557.0,Adrián González Morales,Left Defensive Midfield,55.6,26.0,,,,False,,,,,,,False,,,,,,,False,False,left_to_right,False,55.6,26.0,,,False,False,False,False
7c053c42-42c7-4995-95e4-7d50206b3f1d,3825747,519,1,00:16:30.397,16,30,43,Carry,36,322,Eibar,From Free Kick,322,Eibar,6557.0,Adrián González Morales,Left Defensive Midfield,55.6,26.0,57.2,21.8,1.824656,False,,,,,,,False,,,,,,,False,False,left_to_right,False,55.6,26.0,57.2,21.8,False,False,False,False
0010b259-b2ea-469c-bdc9-8d5bebdb5fed,3825747,520,1,00:16:32.221,16,32,30,Pass,36,322,Eibar,From Free Kick,322,Eibar,6557.0,Adrián González Morales,Left Defensive Midfield,57.2,21.8,115.5,19.5,4.636716,False,,,,,,Incomplete,False,58.345352,-0.039430667,High Pass,,6776.0,David Juncà Reñé,False,False,left_to_right,False,57.2,21.8,115.5,19.5,False,True,True,True
ba4564bc-2666-4cab-8738-6cfc11560434,3825747,521,1,00:16:36.858,16,36,42,Ball Receipt*,36,322,Eibar,From Free Kick,322,Eibar,6776.0,David Juncà Reñé,Left Back,100.5,7.2,,,,False,,,,,,,False,,,,,,,False,False,left_to_right,False,100.5,7.2,,,False,False,False,False
d350db35-c309-41df-8fde-2f3b7647deb4,3825747,522,1,00:16:36.858,16,36,2,Ball Recovery,37,215,Athletic Club,Regular Play,215,Athletic Club,6662.0,Iago Herrerín Buisán,Goalkeeper,4.6,60.6,,,0.0,False,,,,,,,False,,,,,,,False,False,left_to_right,False,4.6,60.6,,,False,False,False,False
a990365c-4de6-42c0-aa11-bb55791fbece,3825747,523,1,00:16:36.858,16,36,43,Carry,37,215,Athletic Club,Regular Play,215,Athletic Club,6662.0,Iago Herrerín Buisán,Goalkeeper,4.6,60.6,15.6,49.1,13.358168,False,,,,,,,False,,,,,,,False,False,left_to_right,False,4.6,60.6,15.6,49.1,False,False,False,False
22c052f4-c5a3-48a3-8fcb-db95db78bfe3,3825747,524,1,00:16:50.216,16,50,30,Pass,37,215,Athletic Club,Regular Play,215,Athletic Club,6662.0,Iago Herrerín Buisán,Goalkeeper,15.6,49.1,54.1,12.9,2.854319,False,,,,,,,True,52.84591,-0.75461805,High Pass,,6789.0,Mikel Balenziaga Oruesagasti,False,False,left_to_right,False,15.6,49.1,54.1,12.9,False,True,False,False
30b6aafa-f8e8-4ae4-81b4-8677e066ae86,3825747,525,1,00:16:53.070,16,53,42,Ball Receipt*,37,215,Athletic Club,Regular Play,215,Athletic Club,6789.0,Mikel Balenziaga Oruesagasti,Left Back,54.1,12.9,,,,False,,,,,,,False,,,,,,,False,False,left_to_right,False,54.1,12.9,,,False,False,False,False
cbbb993d-52c9-42c1-b970-e01afb1ffc57,3825747,526,1,00:16:53.070,16,53,43,Carry,37,215,Athletic Club,Regular Play,215,Athletic Club,6789.0,Mikel Balenziaga Oruesagasti,Left Back,54.1,12.9,48.7,14.0,1.610945,False,,,,,,,False,,,,,,,False,False,left_to_right,False,54.1,12.9,48.7,14.0,False,False,False,False
dbefad51-4269-4887-9959-d050a7cafa9b,3825747,527,1,00:16:54.681,16,54,30,Pass,37,215,Athletic Club,Regular Play,215,Athletic Club,6789.0,Mikel Balenziaga Oruesagasti,Left Back,48.7,14.0,48.9,30.6,1.211876,False,,,,,,,True,16.601204,1.5587487,Ground Pass,,6396.0,Beñat Etxebarria Urkiaga,False,False,left_to_right,False,48.7,14.0,48.9,30.6,False,False,False,False
074b5028-4101-4136-a11d-e95b130a466e,3825747,528,1,00:16:55.893,16,55,42,Ball Receipt*,37,215,Athletic Club,Regular Play,215,Athletic Club,6396.0,Beñat Etxebarria Urkiaga,Left Defensive Midfield,48.9,30.6,,,,False,,,,,,,False,,,,,,,False,False,left_to_right,False,48.9,30.6,,,False,False,False,False
4aa77f87-9dbd-4b2a-b987-64c0ca6eb37d,3825747,529,1,00:16:55.893,16,55,43,Carry,37,215,Athletic Club,Regular Play,215,Athletic Club,6396.0,Beñat Etxebarria Urkiaga,Left Defensive Midfield,48.9,30.6,50.4,28.1,0.726486,False,,,,,,,False,,,,,,,False,False,left_to_right,False,48.9,30.6,50.4,28.1,False,False,False,False
99d51283-c337-4e3e-aa5d-0870f0d4920e,3825747,530,1,00:16:56.620,16,56,30,Pass,37,215,Athletic Club,Regular Play,215,Athletic Club,6396.0,Beñat Etxebarria Urkiaga,Left Defensive Midfield,50.4,28.1,69.8,30.6,1.086262,False,,,,,,,True,19.56042,0.12815967,Ground Pass,,6842.0,Iker Muniain Goñi,False,False,left_to_right,False,50.4,28.1,69.8,30.6,False,True,False,False
d91d418c-f1ca-4902-8026-b4a8ae513901,3825747,531,1,00:16:57.706,16,57,42,Ball Receipt*,37,215,Athletic Club,Regular Play,215,Athletic Club,6842.0,Iker Muniain Goñi,Center Attacking Midfield,69.8,30.6,,,,False,,,,,,,False,,,,,,,False,False,left_to_right,False,69.8,30.6,,,False,False,False,False
b8d6f1d0-2283-43b6-81fb-445f1b598b1d,3825747,532,1,00:16:57.706,16,57,43,Carry,37,215,Athletic Club,Regular Play,215,Athletic Club,6842.0,Iker Muniain Goñi,Center Attacking Midfield,69.8,30.6,69.7,36.0,2.269923,False,,,,,,,False,,,,,,,False,False,left_to_right,False,69.8,30.6,69.7,36.0,False,False,False,False
156248b1-49d3-41fb-85db-da0f8343904b,3825747,533,1,00:16:59.976,16,59,30,Pass,37,215,Athletic Club,Regular Play,215,Athletic Club,6842.0,Iker Muniain Goñi,Center Attacking Midfield,69.7,36.0,92.4,70.6,2.58306,False,,,,,,Incomplete,False,41.38176,0.99016625,Low Pass,,6649.0,Óscar de Marcos Arana,False,False,left_to_right,False,69.7,36.0,92.4,70.6,False,False,True,True
0599b35d-08e5-4c8b-bdcc-a44d4bd91b90,3825747,534,1,00:17:02.559,17,2,42,Ball Receipt*,37,215,Athletic Club,Regular Play,215,Athletic Club,6649.0,Óscar de Marcos Arana,Right Back,78.1,72.9,,,,False,,,,,,,False,,,,,,,False,False,left_to_right,False,78.1,72.9,,,False,False,False,False
09c3d3b0-3609-4cb7-92ad-c912a1a5aa34,3825747,535,1,00:17:02.559,17,2,2,Ball Recovery,38,322,Eibar,Regular Play,322,Eibar,6776.0,David Juncà Reñé,Left Back,27.7,9.5,,,0.0,False,,,,,,,False,,,,,,,False,False,left_to_right,False,27.7,9.5,,,False,False,False,False
5b51bd82-7953-4969-86b6-ea6fccae54f5,3825747,536,1,00:17:02.559,17,2,43,Carry,38,322,Eibar,Regular Play,322,Eibar,6776.0,David Juncà Reñé,Left Back,27.7,9.5,40.4,3.2,3.314577,False,,,,,,,False,,,,,,,False,False,left_to_right,False,27.7,9.5,40.4,3.2,False,False,False,False
8f82a751-b7e1-4fe1-aa5d-4ba5f70ab305,3825747,537,1,00:17:05.874,17,5,30,Pass,38,322,Eibar,Regular Play,322,Eibar,6776.0,David Juncà Reñé,Left Back,40.4,3.2,54.9,19.7,1.104611,False,,,,,,,True,21.965883,0.849825,Ground Pass,,24070.0,Saúl Berjón Pérez,False,False,left_to_right,False,40.4,3.2,54.9,19.7,False,False,False,False
88ac25f2-e852-4ebb-84f5-4b03f3f42098,3825747,538,1,00:17:06.978,17,6,42,Ball Receipt*,38,322,Eibar,Regular Play,322,Eibar,24070.0,Saúl Berjón Pérez,Left Midfield,54.9,19.7,,,,False,,,,,,,False,,,,,,,False,False,left_to_right,False,54.9,19.7,,,False,False,False,False
7b9eca23-a662-48ff-b349-185ddaf364c7,3825747,539,1,00:17:06.978,17,6,43,Carry,38,322,Eibar,Regular Play,322,Eibar,24070.0,Saúl Berjón Pérez,Left Midfield,54.9,19.7,52.4,21.0,0.825887,True,,,,,,,False,,,,,,,False,False,left_to_right,False,54.9,19.7,52.4,21.0,False,False,False,False
ceb4d06f-8a32-4c1b-8c44-5e6ae09ee0d6,3825747,540,1,00:17:07.237,17,7,17,Pressure,38,322,Eibar,Regular Play,215,Athletic Club,6389.0,Mikel San José Domínguez,Right Defensive Midfield,61.4,57.3,,,0.597842,False,,,,,,,False,,,,,,,False,False,left_to_right,False,61.4,57.3,,,False,False,False,False
65bf235f-07af-4e66-87dc-d1c9ebd57728,3825747,541,1,00:17:07.804,17,7,30,Pass,38,322,Eibar,Regular Play,322,Eibar,24070.0,Saúl Berjón Pérez,Left Midfield,52.4,21.0,53.9,23.5,0.150811,True,,,,,,Incomplete,False,2.9154758,1.0303768,Low Pass,,6566.0,Borja González Tomás,False,False,left_to_right,False,52.4,21.0,53.9,23.5,False,False,False,True
bbce3bed-52ac-4c2b-a4b0-53048429057a,3825747,542,1,00:17:07.955,17,7,42,Ball Receipt*,38,322,Eibar,Regular Play,322,Eibar,6566.0,Borja González Tomás,Right Center Forward,66.2,57.0,,,,False,,,,,,,False,,,,,,,False,False,left_to_right,False,66.2,57.0,,,False,False,False,False
314efe18-2f8a-4ec6-bdc8-ed672b6e7dcc,3825747,543,1,00:17:07.955,17,7,6,Block,38,322,Eibar,Regular Play,215,Athletic Club,6389.0,Mikel San José Domínguez,Right Defensive Midfield,66.2,56.6,,,0.0,False,,,,,,,False,,,,,,,False,False,left_to_right,False,66.2,56.6,,,False,False,False,False
ce7c20ae-f719-49c3-986a-587e07b471dd,3825747,544,1,00:17:08.891,17,8,17,Pressure,38,322,Eibar,Regular Play,322,Eibar,6837.0,Mauro Javier Dos Santos,Right Center Back,33.5,36.6,,,0.285213,False,,,,,,,False,,,,,,,False,False,left_to_right,False,33.5,36.6,,,False,False,False,False
0975609f-d8b1-4d7f-8a96-21ecd90090df,3825747,545,1,00:17:09.211,17,9,2,Ball Recovery,38,322,Eibar,Regular Play,215,Athletic Club,6394.0,Aritz Aduriz Zubeldia,Center Forward,82.9,44.1,,,0.0,False,,,,,,,False,,,,,,,False,False,left_to_right,False,82.9,44.1,,,False,False,False,False
64feb561-08f8-46e2-8a89-7ec4d65b6d10,3825747,546,1,00:17:10.081,17,10,30,Pass,38,322,Eibar,Regular Play,322,Eibar,6775.0,Daniel García Carrillo,Right Defensive Midfield,41.0,35.9,37.0,63.0,2.239809,False,,,,,,,True,27.393612,1.7173398,Low Pass,Recovery,6699.0,Ander Capa Rodríguez,False,False,left_to_right,False,41.0,35.9,37.0,63.0,False,False,False,False
b652e80f-5ef2-4440-bdc3-e437352dea6e,3825747,547,1,00:17:12.321,17,12,42,Ball Receipt*,38,322,Eibar,Regular Play,322,Eibar,6699.0,Ander Capa Rodríguez,Right Back,37.0,63.0,,,,False,,,,,,,False,,,,,,,False,False,left_to_right,False,37.0,63.0,,,False,False,False,False
983230f3-da4e-464b-ba43-2fc5fec96338,3825747,548,1,00:17:12.321,17,12,43,Carry,38,322,Eibar,Regular Play,322,Eibar,6699.0,Ander Capa Rodríguez,Right Back,37.0,63.0,37.0,63.0,0.205253,False,,,,,,,False,,,,,,,False,False,left_to_right,False,37.0,63.0,37.0,63.0,False,False,False,False
ec923c45-8911-474e-a192-718f7ff75226,3825747,549,1,00:17:12.526,17,12,30,Pass,38,322,Eibar,Regular Play,322,Eibar,6699.0,Ander Capa Rodríguez,Right Back,37.0,63.0,62.8,56.2,1.592379,False,,,,,,,True,26.68108,-0.25770524,Ground Pass,,6700.0,Sergio Enrich Ametller,False,False,left_to_right,False,37.0,63.0,62.8,56.2,False,True,False,False
ec499907-1d68-4ffa-9499-7e924a1bb3eb,3825747,550,1,00:17:14.119,17,14,42,Ball Receipt*,38,322,Eibar,Regular Play,322,Eibar,6700.0,Sergio Enrich Ametller,Left Center Forward,62.8,56.2,,,,False,,,,,,,False,,,,,,,False,False,left_to_right,False,62.8,56.2,,,False,False,False,False
efa4adf5-9e95-4f6e-9bb7-43aafdcc79a9,3825747,551,1,00:17:14.119,17,14,43,Carry,38,322,Eibar,Regular Play,322,Eibar,6700.0,Sergio Enrich Ametller,Left Center Forward,62.8,56.2,56.4,52.4,0.403008,False,,,,,,,False,,,,,,,False,False,left_to_right,False,62.8,56.2,56.4,52.4,False,False,False,False
d4c74d7c-9f98-409a-b450-31a69e893505,3825747,552,1,00:17:14.522,17,14,30,Pass,38,322,Eibar,Regular Play,322,Eibar,6700.0,Sergio Enrich Ametller,Left Center Forward,56.4,52.4,49.1,49.1,0.80329,False,,,,,,,True,8.011242,-2.7170312,Low Pass,,6775.0,Daniel García Carrillo,False,False,left_to_right,False,56.4,52.4,49.1,49.1,False,False,False,False
e174c064-f736-4b60-95e6-d49311446064,3825747,553,1,00:17:15.092,17,15,17,Pressure,38,322,Eibar,Regular Play,215,Athletic Club,6842.0,Iker Muniain Goñi,Center Attacking Midfield,73.1,34.0,,,2.456872,False,,,,,,,False,,,,,,,False,False,left_to_right,False,73.1,34.0,,,False,False,False,False
90d369a5-4ba6-48c9-90ca-6b687fc79e5c,3825747,554,1,00:17:15.325,17,15,42,Ball Receipt*,38,322,Eibar,Regular Play,322,Eibar,6775.0,Daniel García Carrillo,Right Defensive Midfield,49.1,49.1,,,,True,,,,,,,False,,,,,,,False,False,left_to_right,False,49.1,49.1,,,False,False,False,False
4448be19-cfc5-4f14-bc43-1805e0aa632a,3825747,555,1,00:17:15.325,17,15,43,Carry,38,322,Eibar,Regular Play,322,Eibar,6775.0,Daniel García Carrillo,Right Defensive Midfield,49.1,49.1,50.8,58.4,2.468504,True,,,,,,,False,,,,,,,False,False,left_to_right,False,49.1,49.1,50.8,58.4,False,False,False,False
e28c6de0-b43c-42d2-8048-08f3e19cfb87,3825747,556,1,00:17:17.478,17,17,17,Pressure,38,322,Eibar,Regular Play,215,Athletic Club,6666.0,Sabin Merino Zuloaga,Left Wing,68.1,17.5,,,0.49809,False,,,,,,,False,,,,,,,False,False,left_to_right,False,68.1,17.5,,,False,False,False,False
eaebb2b9-49f0-4b22-993c-adcbf44020b8,3825747,557,1,00:17:17.794,17,17,30,Pass,38,322,Eibar,Regular Play,322,Eibar,6775.0,Daniel García Carrillo,Right Defensive Midfield,50.8,58.4,63.5,72.8,2.273541,True,,,,,,,True,19.20026,0.8480467,Ground Pass,,6742.0,Sergio Gontán Gallardo,False,False,left_to_right,False,50.8,58.4,63.5,72.8,False,False,False,False
c7521075-e566-4353-867f-d58b23480e3b,3825747,558,1,00:17:20.067,17,20,42,Ball Receipt*,38,322,Eibar,Regular Play,322,Eibar,6742.0,Sergio Gontán Gallardo,Right Midfield,63.5,72.8,,,,False,,,,,,,False,,,,,,,False,False,left_to_right,False,63.5,72.8,,,False,False,False,False
5438c225-2b73-4337-847f-886002a2235d,3825747,559,1,00:17:20.067,17,20,43,Carry,38,322,Eibar,Regular Play,322,Eibar,6742.0,Sergio Gontán Gallardo,Right Midfield,63.5,72.8,63.5,72.6,0.759398,True,,,,,,,False,,,,,,,False,False,left_to_right,False,63.5,72.8,63.5,72.6,False,False,False,False
978a42cc-93c6-4ba8-b26e-e9eaa784803f,3825747,560,1,00:17:20.234,17,20,17,Pressure,38,322,Eibar,Regular Play,215,Athletic Club,6789.0,Mikel Balenziaga Oruesagasti,Left Back,53.3,9.2,,,1.301262,False,,,,,,,False,,,,,,,False,False,left_to_right,False,53.3,9.2,,,False,False,False,False
c334de4b-fcbb-4f1e-882c-800a68f0a67f,3825747,561,1,00:17:20.728,17,20,17,Pressure,38,322,Eibar,Regular Play,215,Athletic Club,6666.0,Sabin Merino Zuloaga,Left Wing,59.7,10.6,,,0.907184,False,,,,,,,False,,,,,,,False,False,left_to_right,False,59.7,10.6,,,False,False,False,False
a680946c-c946-497c-b634-f5c1a51e79c4,3825747,562,1,00:17:20.826,17,20,39,Dribbled Past,38,322,Eibar,Regular Play,215,Athletic Club,6666.0,Sabin Merino Zuloaga,Left Wing,56.6,7.5,,,0.0,False,,,,,,,False,,,,,,,False,False,left_to_right,False,56.6,7.5,,,False,False,False,False
03353fe6-2fc5-4638-804d-d63f21172e68,3825747,563,1,00:17:20.826,17,20,14,Dribble,38,322,Eibar,Regular Play,322,Eibar,6742.0,Sergio Gontán Gallardo,Right Midfield,63.5,72.6,,,0.0,True,,,,,,,False,,,,,,,False,False,left_to_right,False,63.5,72.6,,,False,False,False,False
37dca8e3-1ff8-4c79-9777-80893210651c,3825747,564,1,00:17:20.826,17,20,43,Carry,38,322,Eibar,Regular Play,322,Eibar,6742.0,Sergio Gontán Gallardo,Right Midfield,63.5,72.6,63.1,73.6,0.644375,True,,,,,,,False,,,,,,,False,False,left_to_right,False,63.5,72.6,63.1,73.6,False,False,False,False
582baffd-8272-41f2-bccf-56f18f0efd2c,3825747,565,1,00:17:21.471,17,21,30,Pass,38,322,Eibar,Regular Play,322,Eibar,6742.0,Sergio Gontán Gallardo,Right Midfield,63.1,73.6,62.6,60.5,0.566004,True,,,,,,,True,13.109538,-1.6089457,Ground Pass,,6775.0,Daniel García Carrillo,False,False,left_to_right,False,63.1,73.6,62.6,60.5,False,False,False,False
bba3a2b5-9a94-4d0f-abb2-4fdb38c309af,3825747,566,1,00:17:22.037,17,22,42,Ball Receipt*,38,322,Eibar,Regular Play,322,Eibar,6775.0,Daniel García Carrillo,Right Defensive Midfield,62.6,60.5,,,,False,,,,,,,False,,,,,,,False,False,left_to_right,False,62.6,60.5,,,False,False,False,False
838adcbf-c3ec-4007-b18d-0cf2e95eec4e,3825747,567,1,00:17:22.037,17,22,43,Carry,38,322,Eibar,Regular Play,322,Eibar,6775.0,Daniel García Carrillo,Right Defensive Midfield,62.6,60.5,62.6,58.9,0.896929,True,,,,,,,False,,,,,,,False,False,left_to_right,False,62.6,60.5,62.6,58.9,False,False,False,False
3559a2b3-79a0-4448-acc5-9c8d34dcabdb,3825747,568,1,00:17:22.196,17,22,17,Pressure,38,322,Eibar,Regular Play,215,Athletic Club,6396.0,Beñat Etxebarria Urkiaga,Left Defensive Midfield,57.2,16.2,,,0.899796,False,,,,,,,False,,,,,,,False,False,left_to_right,False,57.2,16.2,,,False,False,False,False
13c0b4ab-c283-42ed-aaa5-ca8b0f78a0d8,3825747,569,1,00:17:22.934,17,22,30,Pass,38,322,Eibar,Regular Play,322,Eibar,6775.0,Daniel García Carrillo,Right Defensive Midfield,62.6,58.9,94.1,62.4,2.879131,True,,,,,,Incomplete,False,31.693848,0.11065722,Ground Pass,,6566.0,Borja González Tomás,False,False,left_to_right,False,62.6,58.9,94.1,62.4,False,True,True,True
de461645-195e-4327-bab9-06cfc481155d,3825747,570,1,00:17:25.813,17,25,42,Ball Receipt*,38,322,Eibar,Regular Play,322,Eibar,6566.0,Borja González Tomás,Right Center Forward,91.6,64.9,,,,False,,,,,,,False,,,,,,,False,False,left_to_right,False,91.6,64.9,,,False,False,False,False
dfab1493-dd67-4c97-91b3-4d71bdb3e22d,3825747,571,1,00:17:25.813,17,25,30,Pass,39,215,Athletic Club,Regular Play,215,Athletic Club,4353.0,Aymeric Laporte,Left Center Back,26.0,17.7,7.5,37.5,1.411225,False,,,,,,,True,27.097786,2.322265,Ground Pass,Recovery,6662.0,Iago Herrerín Buisán,False,False,left_to_right,False,26.0,17.7,7.5,37.5,False,False,False,False
ae4346ce-17ec-4550-b168-808a1d571a21,3825747,572,1,00:17:27.224,17,27,42,Ball Receipt*,39,215,Athletic Club,Regular Play,215,Athletic Club,6662.0,Iago Herrerín Buisán,Goalkeeper,7.5,37.5,,,,False,,,,,,,False,,,,,,,False,False,left_to_right,False,7.5,37.5,,,False,False,False,False
d0ad87d0-2a2d-4bad-a892-6bf4363d16df,3825747,573,1,00:17:27.224,17,27,43,Carry,39,215,Athletic Club,Regular Play,215,Athletic Club,6662.0,Iago Herrerín Buisán,Goalkeeper,7.5,37.5,7.9,37.9,1.905757,False,,,,,,,False,,,,,,,False,False,left_to_right,False,7.5,37.5,7.9,37.9,False,False,False,False
6d44d094-57a5-4802-95cf-db2c15c82b72,3825747,574,1,00:17:29.130,17,29,30,Pass,39,215,Athletic Club,Regular Play,215,Athletic Club,6662.0,Iago Herrerín Buisán,Goalkeeper,7.9,37.9,65.4,17.3,2.805484,False,,,,,,,True,61.07872,-0.34401512,High Pass,,6666.0,Sabin Merino Zuloaga,False,False,left_to_right,False,7.9,37.9,65.4,17.3,False,True,False,False
dfcc3686-8d46-4d66-a562-57ad3460c8e7,3825747,575,1,00:17:31.935,17,31,42,Ball Receipt*,39,215,Athletic Club,Regular Play,215,Athletic Club,6666.0,Sabin Merino Zuloaga,Left Wing,65.4,17.3,,,,False,,,,,,,False,,,,,,,False,False,left_to_right,False,65.4,17.3,,,False,False,False,False
212c7c4e-99ce-4b5f-a26f-4d669edfa5b5,3825747,576,1,00:17:31.975,17,31,30,Pass,39,215,Athletic Club,Regular Play,215,Athletic Club,6666.0,Sabin Merino Zuloaga,Left Wing,65.4,17.3,85.8,14.4,2.665901,False,,,,,,Incomplete,False,20.605097,-0.14121072,Low Pass,,6842.0,Iker Muniain Goñi,False,False,left_to_right,False,65.4,17.3,85.8,14.4,False,True,True,True
2722f3b8-1615-4a39-8d0b-61b600035fb5,3825747,577,1,00:17:34.641,17,34,42,Ball Receipt*,39,215,Athletic Club,Regular Play,215,Athletic Club,6842.0,Iker Muniain Goñi,Center Attacking Midfield,82.9,16.7,,,,False,,,,,,,False,,,,,,,False,False,left_to_right,False,82.9,16.7,,,False,False,False,False
6398172f-4d3a-445c-9dad-05234f2df436,3825747,578,1,00:17:34.641,17,34,2,Ball Recovery,39,215,Athletic Club,Regular Play,322,Eibar,6699.0,Ander Capa Rodríguez,Right Back,34.3,65.7,,,0.0,False,,,,,,,False,,,,,,,False,False,left_to_right,False,34.3,65.7,,,False,False,False,False
d893daaf-0c53-42c2-ba6d-e143ea5da769,3825747,579,1,00:17:34.641,17,34,43,Carry,39,215,Athletic Club,Regular Play,322,Eibar,6699.0,Ander Capa Rodríguez,Right Back,34.3,65.7,35.6,76.1,1.410582,False,,,,,,,False,,,,,,,False,False,left_to_right,False,34.3,65.7,35.6,76.1,False,False,False,False
d1bc5755-f9a6-4fb1-a5fc-566d8a0abdc9,3825747,580,1,00:17:36.052,17,36,30,Pass,39,215,Athletic Club,Regular Play,322,Eibar,6699.0,Ander Capa Rodríguez,Right Back,35.6,76.1,108.9,63.9,6.046905,False,,,,,,Incomplete,False,74.30834,-0.16492744,High Pass,,6566.0,Borja González Tomás,False,False,left_to_right,False,35.6,76.1,108.9,63.9,False,True,True,True
eff8fe98-33cb-4c2e-a508-013fe2cb7726,3825747,581,1,00:17:42.099,17,42,42,Ball Receipt*,39,215,Athletic Club,Regular Play,322,Eibar,6566.0,Borja González Tomás,Right Center Forward,71.6,53.7,,,,False,,,,,,,False,,,,,,,False,False,left_to_right,False,71.6,53.7,,,False,False,False,False
547f38f1-8c1f-4d4f-97e2-7e55878f2142,3825747,582,1,00:17:42.099,17,42,2,Ball Recovery,39,215,Athletic Club,Regular Play,215,Athletic Club,6662.0,Iago Herrerín Buisán,Goalkeeper,11.2,16.2,,,0.0,False,,,,,,,False,,,,,,,False,False,left_to_right,False,11.2,16.2,,,False,False,False,False
262958c1-ad10-4990-add2-656a92a2f52d,3825747,583,1,00:17:47.203,17,47,30,Pass,39,215,Athletic Club,Regular Play,215,Athletic Club,6662.0,Iago Herrerín Buisán,Goalkeeper,13.1,16.2,29.3,56.4,1.851691,False,,,,,,,True,43.341434,1.1877192,Ground Pass,,6389.0,Mikel San José Domínguez,False,False,left_to_right,False,13.1,16.2,29.3,56.4,False,False,False,False
98e3010c-c871-4643-bbed-7c3901a968b4,3825747,584,1,00:17:49.055,17,49,42,Ball Receipt*,39,215,Athletic Club,Regular Play,215,Athletic Club,6389.0,Mikel San José Domínguez,Right Defensive Midfield,29.3,56.4,,,,False,,,,,,,False,,,,,,,False,False,left_to_right,False,29.3,56.4,,,False,False,False,False
bc95fb30-4ea5-4be4-96c9-1edcb2bd44e8,3825747,585,1,00:17:50.704,17,50,30,Pass,39,215,Athletic Club,Regular Play,215,Athletic Club,6389.0,Mikel San José Domínguez,Right Defensive Midfield,27.0,47.9,42.7,36.4,1.362608,False,,,,,,,True,19.461243,-0.63219637,Ground Pass,,6396.0,Beñat Etxebarria Urkiaga,False,False,left_to_right,False,27.0,47.9,42.7,36.4,False,False,False,False
70a9afed-451b-4ef2-a1e2-63bab0c7ff4a,3825747,586,1,00:17:52.066,17,52,42,Ball Receipt*,39,215,Athletic Club,Regular Play,215,Athletic Club,6396.0,Beñat Etxebarria Urkiaga,Left Defensive Midfield,42.7,36.4,,,,False,,,,,,,False,,,,,,,False,False,left_to_right,False,42.7,36.4,,,False,False,False,False
39c187ff-182c-4fc2-a832-24ff798f923c,3825747,587,1,00:17:52.145,17,52,17,Pressure,39,215,Athletic Club,Regular Play,322,Eibar,6775.0,Daniel García Carrillo,Right Defensive Midfield,75.3,43.0,,,0.617225,False,,,,,,,False,,,,,,,False,False,left_to_right,False,75.3,43.0,,,False,False,False,False
3c236eee-3958-4de6-9432-c0f7ddd48b48,3825747,588,1,00:17:52.797,17,52,30,Pass,39,215,Athletic Club,Regular Play,215,Athletic Club,6396.0,Beñat Etxebarria Urkiaga,Left Defensive Midfield,38.3,36.2,26.0,15.0,1.631866,False,,,,,,,True,24.509794,-2.0965214,Low Pass,,4353.0,Aymeric Laporte,False,False,left_to_right,False,38.3,36.2,26.0,15.0,False,False,False,False
db7ac231-a8fd-4ebf-959e-36f3081fac91,3825747,589,1,00:17:54.429,17,54,42,Ball Receipt*,39,215,Athletic Club,Regular Play,215,Athletic Club,4353.0,Aymeric Laporte,Left Center Back,26.0,15.0,,,,False,,,,,,,False,,,,,,,False,False,left_to_right,False,26.0,15.0,,,False,False,False,False
188de6fc-16ab-4127-931f-b21a547ca764,3825747,590,1,00:17:54.429,17,54,43,Carry,39,215,Athletic Club,Regular Play,215,Athletic Club,4353.0,Aymeric Laporte,Left Center Back,26.0,15.0,36.4,13.7,2.515602,False,,,,,,,False,,,,,,,False,False,left_to_right,False,26.0,15.0,36.4,13.7,False,False,False,False
f9643778-1035-4f1f-b672-2a4815c79edd,3825747,591,1,00:17:56.944,17,56,30,Pass,39,215,Athletic Club,Regular Play,215,Athletic Club,4353.0,Aymeric Laporte,Left Center Back,36.4,13.7,57.9,21.7,1.211605,False,,,,,,,True,22.94014,0.35621965,Ground Pass,,6842.0,Iker Muniain Goñi,False,False,left_to_right,False,36.4,13.7,57.9,21.7,False,True,False,False
39d6e9c9-e663-4cd3-975b-a6bd2c9f9b44,3825747,592,1,00:17:58.156,17,58,42,Ball Receipt*,39,215,Athletic Club,Regular Play,215,Athletic Club,6842.0,Iker Muniain Goñi,Center Attacking Midfield,57.9,21.7,,,,False,,,,,,,False,,,,,,,False,False,left_to_right,False,57.9,21.7,,,False,False,False,False
bf5b8f51-e6e9-46c0-abe4-41832817e4f9,3825747,593,1,00:17:58.156,17,58,43,Carry,39,215,Athletic Club,Regular Play,215,Athletic Club,6842.0,Iker Muniain Goñi,Center Attacking Midfield,57.9,21.7,57.9,21.7,0.08,False,,,,,,,False,,,,,,,False,False,left_to_right,False,57.9,21.7,57.9,21.7,False,False,False,False
835e73d9-7677-421b-8517-0c83b5b957f8,3825747,594,1,00:17:58.236,17,58,30,Pass,39,215,Athletic Club,Regular Play,215,Athletic Club,6842.0,Iker Muniain Goñi,Center Attacking Midfield,57.9,21.7,54.8,29.2,1.067635,False,,,,,,,True,8.1154175,1.9627439,Ground Pass,,6396.0,Beñat Etxebarria Urkiaga,False,False,left_to_right,False,57.9,21.7,54.8,29.2,False,False,False,False
17195b27-4f3e-4572-b489-243f83081c77,3825747,595,1,00:17:59.304,17,59,42,Ball Receipt*,39,215,Athletic Club,Regular Play,215,Athletic Club,6396.0,Beñat Etxebarria Urkiaga,Left Defensive Midfield,54.8,29.2,,,,False,,,,,,,False,,,,,,,False,False,left_to_right,False,54.8,29.2,,,False,False,False,False
98685b6d-23e9-4082-b0e3-6743ed55f27e,3825747,596,1,00:17:59.304,17,59,43,Carry,39,215,Athletic Club,Regular Play,215,Athletic Club,6396.0,Beñat Etxebarria Urkiaga,Left Defensive Midfield,54.8,29.2,54.8,29.2,0.115448,False,,,,,,,False,,,,,,,False,False,left_to_right,False,54.8,29.2,54.8,29.2,False,False,False,False
7d5ce58d-8efb-4941-8172-9ac77cff8161,3825747,597,1,00:17:59.419,17,59,30,Pass,39,215,Athletic Club,Regular Play,215,Athletic Club,6396.0,Beñat Etxebarria Urkiaga,Left Defensive Midfield,54.8,29.2,57.0,19.8,0.951195,False,,,,,,,True,9.654015,-1.340892,Ground Pass,,6842.0,Iker Muniain Goñi,False,False,left_to_right,False,54.8,29.2,57.0,19.8,False,False,False,False
f33a0b7f-0563-42ac-91f6-d75c383f95a3,3825747,598,1,00:17:59.892,17,59,17,Pressure,39,215,Athletic Club,Regular Play,322,Eibar,6742.0,Sergio Gontán Gallardo,Right Midfield,63.5,63.6,,,0.528254,False,,,,,,,False,,,,,,,False,False,left_to_right,False,63.5,63.6,,,False,False,False,False
e8386cc6-02f0-4c8c-94a0-440d778e34be,3825747,599,1,00:18:00.370,18,0,42,Ball Receipt*,39,215,Athletic Club,Regular Play,215,Athletic Club,6842.0,Iker Muniain Goñi,Center Attacking Midfield,57.0,19.8,,,,True,,,,,,,False,,,,,,,False,False,left_to_right,False,57.0,19.8,,,False,False,False,False
f9dc00d3-2d20-4de6-87c0-2be6c5923beb,3825747,600,1,00:18:00.370,18,0,43,Carry,39,215,Athletic Club,Regular Play,215,Athletic Club,6842.0,Iker Muniain Goñi,Center Attacking Midfield,57.0,19.8,57.7,20.2,0.12,True,,,,,,,False,,,,,,,False,False,left_to_right,False,57.0,19.8,57.7,20.2,False,False,False,False
56c33b0a-16df-4984-bc6e-261d5192bcc5,3825747,601,1,00:18:00.490,18,0,30,Pass,39,215,Athletic Club,Regular Play,215,Athletic Club,6842.0,Iker Muniain Goñi,Center Attacking Midfield,57.7,20.2,48.3,56.6,1.674023,False,,,,,,,True,37.594147,1.8235167,Low Pass,,6386.0,Eneko Bóveda Altube,False,False,left_to_right,False,57.7,20.2,48.3,56.6,False,False,False,False
bb77622d-a4c5-44be-a215-fd13a08a1a56,3825747,602,1,00:18:02.164,18,2,42,Ball Receipt*,39,215,Athletic Club,Regular Play,215,Athletic Club,6386.0,Eneko Bóveda Altube,Right Center Back,48.3,56.6,,,,False,,,,,,,False,,,,,,,False,False,left_to_right,False,48.3,56.6,,,False,False,False,False
5d0be4e9-e1db-4347-9dd3-edf5038cb6e5,3825747,603,1,00:18:02.164,18,2,43,Carry,39,215,Athletic Club,Regular Play,215,Athletic Club,6386.0,Eneko Bóveda Altube,Right Center Back,48.3,56.6,48.1,56.4,0.08,False,,,,,,,False,,,,,,,False,False,left_to_right,False,48.3,56.6,48.1,56.4,False,False,False,False
5a8b5781-2bc6-481a-a459-c2b1ed5b2d45,3825747,604,1,00:18:02.244,18,2,30,Pass,39,215,Athletic Club,Regular Play,215,Athletic Club,6386.0,Eneko Bóveda Altube,Right Center Back,48.1,56.4,50.8,58.1,0.14289,False,,,,,,Incomplete,False,3.1906111,0.56192154,Low Pass,,6649.0,Óscar de Marcos Arana,False,False,left_to_right,False,48.1,56.4,50.8,58.1,False,False,False,True
6c90c53b-118c-483c-8aa4-0bae8e7420e1,3825747,605,1,00:18:02.387,18,2,42,Ball Receipt*,39,215,Athletic Club,Regular Play,215,Athletic Club,6649.0,Óscar de Marcos Arana,Right Back,69.8,52.1,,,,False,,,,,,,False,,,,,,,False,False,left_to_right,False,69.8,52.1,,,False,False,False,False
764e5d13-24cb-4402-a8b7-63899bd451e9,3825747,606,1,00:18:02.387,18,2,6,Block,39,215,Athletic Club,Regular Play,322,Eibar,24070.0,Saúl Berjón Pérez,Left Midfield,69.3,22.0,,,0.0,False,,,,,,,False,,,,,,,False,False,left_to_right,False,69.3,22.0,,,False,False,False,False
c8fc37a1-ae8b-445d-92c5-b378a4c90893,3825747,607,1,00:18:04.984,18,4,2,Ball Recovery,39,215,Athletic Club,Regular Play,322,Eibar,24070.0,Saúl Berjón Pérez,Left Midfield,93.1,23.5,,,0.0,False,,,,,,,False,,,,,,,False,False,left_to_right,False,93.1,23.5,,,False,False,False,False
2569d8d8-4033-4569-b1c4-b182846590f1,3825747,608,1,00:18:04.984,18,4,43,Carry,39,215,Athletic Club,Regular Play,322,Eibar,24070.0,Saúl Berjón Pérez,Left Midfield,93.1,23.5,108.3,32.8,2.233213,False,,,,,,,False,,,,,,,False,False,left_to_right,False,93.1,23.5,108.3,32.8,True,False,False,False
46709f43-629f-4cae-8dca-ba7a85988d74,3825747,609,1,00:18:07.217,18,7,16,Shot,39,215,Athletic Club,Regular Play,322,Eibar,24070.0,Saúl Berjón Pérez,Left Midfield,108.3,32.8,120.0,37.5,0.805627,False,0.41648012,Post,Right Foot,Normal,Open Play,,False,,,,,,,False,False,left_to_right,False,108.3,32.8,120.0,37.5,False,False,False,False
213075ad-0d6a-4932-b517-7bdbb71c1df5,3825747,610,1,00:18:08.023,18,8,23,Goal Keeper,39,215,Athletic Club,Regular Play,215,Athletic Club,6662.0,Iago Herrerín Buisán,Goalkeeper,5.0,43.2,,,0.0,False,,,,,,,False,,,,,,,False,False,left_to_right,False,5.0,43.2,,,False,False,False,False
4ca036ca-c58d-41e3-b88e-30da58190600,3825747,611,1,00:18:09.248,18,9,2,Ball Recovery,39,215,Athletic Club,Regular Play,322,Eibar,6700.0,Sergio Enrich Ametller,Left Center Forward,104.5,49.9,,,0.0,False,,,,,,,False,,,,,,,False,False,left_to_right,False,104.5,49.9,,,False,False,False,False
062555aa-8756-46cb-88d2-cf3bccda28cc,3825747,612,1,00:18:09.387,18,9,17,Pressure,39,215,Athletic Club,Regular Play,215,Athletic Club,6789.0,Mikel Balenziaga Oruesagasti,Left Back,18.1,28.7,,,1.035703,False,,,,,,,False,,,,,,,False,False,left_to_right,False,18.1,28.7,,,False,False,False,False
fb939e2a-160a-4427-9473-5e88712a38e0,3825747,613,1,00:18:10.795,18,10,2,Ball Recovery,39,215,Athletic Club,Regular Play,215,Athletic Club,6789.0,Mikel Balenziaga Oruesagasti,Left Back,11.4,30.8,,,0.0,False,,,,,,,False,,,,,,,False,False,left_to_right,False,11.4,30.8,,,False,False,False,False
0955e7df-a551-4516-bf6e-b72a31d63506,3825747,614,1,00:18:10.795,18,10,43,Carry,39,215,Athletic Club,Regular Play,215,Athletic Club,6789.0,Mikel Balenziaga Oruesagasti,Left Back,11.4,30.8,8.7,23.7,1.580328,False,,,,,,,False,,,,,,,False,False,left_to_right,False,11.4,30.8,8.7,23.7,False,False,False,False
93d88147-431d-45ad-9cb2-1d2046a5c538,3825747,615,1,00:18:12.375,18,12,30,Pass,39,215,Athletic Club,Regular Play,215,Athletic Club,6789.0,Mikel Balenziaga Oruesagasti,Left Back,8.7,23.7,42.0,8.7,1.97935,False,,,,,,Incomplete,False,36.522457,-0.42322847,High Pass,,6842.0,Iker Muniain Goñi,False,False,left_to_right,False,8.7,23.7,42.0,8.7,False,True,False,True
9251ba6f-2d87-41ad-89ed-c29ea57efb0e,3825747,616,1,00:18:14.354,18,14,42,Ball Receipt*,39,215,Athletic Club,Regular Play,215,Athletic Club,6842.0,Iker Muniain Goñi,Center Attacking Midfield,45.0,8.1,,,,False,,,,,,,False,,,,,,,False,False,left_to_right,False,45.0,8.1,,,False,False,False,False
a0a6d735-f637-49e5-a649-f749fbb617b0,3825747,617,1,00:18:14.354,18,14,10,Interception,39,215,Athletic Club,Regular Play,322,Eibar,6699.0,Ander Capa Rodríguez,Right Back,78.1,71.4,,,0.0,False,,,,,,,False,,,,,,,False,False,left_to_right,False,78.1,71.4,,,False,False,False,False
af30e1b3-4988-46d0-bcb2-32660db3d437,3825747,618,1,00:18:18.910,18,18,30,Pass,40,215,Athletic Club,From Throw In,215,Athletic Club,6842.0,Iker Muniain Goñi,Center Attacking Midfield,44.1,0.1,39.8,18.7,1.964835,False,,,,,,,True,19.090574,1.7979878,Low Pass,Throw-in,6396.0,Beñat Etxebarria Urkiaga,False,False,left_to_right,False,44.1,0.1,39.8,18.7,False,False,False,False
2b75b815-0b57-41e5-9654-5c26204089fe,3825747,619,1,00:18:20.875,18,20,42,Ball Receipt*,40,215,Athletic Club,From Throw In,215,Athletic Club,6396.0,Beñat Etxebarria Urkiaga,Left Defensive Midfield,39.8,18.7,,,,False,,,,,,,False,,,,,,,False,False,left_to_right,False,39.8,18.7,,,False,False,False,False
d4d02383-cba5-481c-98dd-c6c151bc1130,3825747,620,1,00:18:21.020,18,21,30,Pass,40,215,Athletic Club,From Throw In,215,Athletic Club,6396.0,Beñat Etxebarria Urkiaga,Left Defensive Midfield,38.9,22.1,47.0,6.2,1.430659,False,,,,,,,True,17.844326,-1.0996301,High Pass,,6842.0,Iker Muniain Goñi,False,False,left_to_right,False,38.9,22.1,47.0,6.2,False,False,False,False
bc8e6177-c2c0-429b-aa9e-9ec17e6666bb,3825747,621,1,00:18:22.450,18,22,42,Ball Receipt*,40,215,Athletic Club,From Throw In,215,Athletic Club,6842.0,Iker Muniain Goñi,Center Attacking Midfield,47.0,6.2,,,,False,,,,,,,False,,,,,,,False,False,left_to_right,False,47.0,6.2,,,False,False,False,False
8a7b4b16-4957-4d65-a32e-c7f7241cbeb6,3825747,622,1,00:18:22.450,18,22,43,Carry,40,215,Athletic Club,From Throw In,215,Athletic Club,6842.0,Iker Muniain Goñi,Center Attacking Midfield,47.0,6.2,47.5,7.5,1.043043,False,,,,,,,False,,,,,,,False,False,left_to_right,False,47.0,6.2,47.5,7.5,False,False,False,False
741542db-6d08-4b36-ad0f-c6afc5a955cb,3825747,623,1,00:18:23.493,18,23,30,Pass,40,215,Athletic Club,From Throw In,215,Athletic Club,6842.0,Iker Muniain Goñi,Center Attacking Midfield,47.5,7.5,43.1,24.8,1.119336,False,,,,,,,True,17.85077,1.819851,Ground Pass,,6396.0,Beñat Etxebarria Urkiaga,False,False,left_to_right,False,47.5,7.5,43.1,24.8,False,False,False,False
6bb3f47b-1a6a-4c1a-b7ae-46854fdca8f0,3825747,624,1,00:18:24.613,18,24,42,Ball Receipt*,40,215,Athletic Club,From Throw In,215,Athletic Club,6396.0,Beñat Etxebarria Urkiaga,Left Defensive Midfield,43.1,24.8,,,,False,,,,,,,False,,,,,,,False,False,left_to_right,False,43.1,24.8,,,False,False,False,False
aa1aec30-9f4c-4f02-be90-0d87b3b84c9f,3825747,625,1,00:18:24.613,18,24,43,Carry,40,215,Athletic Club,From Throw In,215,Athletic Club,6396.0,Beñat Etxebarria Urkiaga,Left Defensive Midfield,43.1,24.8,50.8,34.0,3.088265,False,,,,,,,False,,,,,,,False,False,left_to_right,False,43.1,24.8,50.8,34.0,False,False,False,False
8fd8b5f2-329a-4c00-bc4b-725ff0ff635d,3825747,626,1,00:18:27.701,18,27,30,Pass,40,215,Athletic Club,From Throw In,215,Athletic Club,6396.0,Beñat Etxebarria Urkiaga,Left Defensive Midfield,50.8,34.0,71.6,8.5,2.483886,False,,,,,,,True,32.907295,-0.8865635,High Pass,,6666.0,Sabin Merino Zuloaga,False,False,left_to_right,False,50.8,34.0,71.6,8.5,False,False,False,False
bd2746db-d2d5-46a5-9204-bad5499f9dcc,3825747,627,1,00:18:30.185,18,30,42,Ball Receipt*,40,215,Athletic Club,From Throw In,215,Athletic Club,6666.0,Sabin Merino Zuloaga,Left Wing,71.6,8.5,,,,False,,,,,,,False,,,,,,,False,False,left_to_right,False,71.6,8.5,,,False,False,False,False
fa08d97a-bbc6-4870-bbf6-6103594ab6af,3825747,628,1,00:18:30.185,18,30,43,Carry,40,215,Athletic Club,From Throw In,215,Athletic Club,6666.0,Sabin Merino Zuloaga,Left Wing,71.6,8.5,87.2,12.1,2.987348,True,,,,,,,False,,,,,,,False,False,left_to_right,False,71.6,8.5,87.2,12.1,True,False,False,False
4f80957f-57de-4196-b5c8-2d0a81e90c65,3825747,629,1,00:18:32.144,18,32,17,Pressure,40,215,Athletic Club,From Throw In,322,Eibar,6699.0,Ander Capa Rodríguez,Right Back,33.3,63.0,,,0.783221,False,,,,,,,False,,,,,,,False,False,left_to_right,False,33.3,63.0,,,False,False,False,False
4f97f015-0d37-4e97-9321-39c93f15eae2,3825747,630,1,00:18:33.172,18,33,3,Dispossessed,40,215,Athletic Club,From Throw In,215,Athletic Club,6666.0,Sabin Merino Zuloaga,Left Wing,87.2,12.1,,,0.0,True,,,,,,,False,,,,,,,False,False,left_to_right,False,87.2,12.1,,,False,False,False,True
b81289a1-4f79-428c-9993-e108d2f2dc6b,3825747,631,1,00:18:33.172,18,33,4,Duel,41,322,Eibar,Regular Play,322,Eibar,6699.0,Ander Capa Rodríguez,Right Back,32.9,68.0,,,0.0,True,,,,,,,False,,,,,,,False,False,left_to_right,False,32.9,68.0,,,False,False,False,False
9ed29daa-a92e-4bca-8129-16af97a8d8e9,3825747,632,1,00:18:33.172,18,33,43,Carry,41,322,Eibar,Regular Play,322,Eibar,6699.0,Ander Capa Rodríguez,Right Back,32.9,68.0,34.1,74.7,2.000148,True,,,,,,,False,,,,,,,False,False,left_to_right,False,32.9,68.0,34.1,74.7,False,False,False,False
b30777cd-9f1b-4218-8dd0-0215a9ebf6af,3825747,633,1,00:18:34.634,18,34,17,Pressure,41,322,Eibar,Regular Play,215,Athletic Club,6842.0,Iker Muniain Goñi,Center Attacking Midfield,81.4,6.3,,,0.550696,False,,,,,,,False,,,,,,,False,False,left_to_right,False,81.4,6.3,,,False,False,False,False
8661ef7d-9dc3-4851-8b2b-6020cc362df5,3825747,634,1,00:18:35.172,18,35,30,Pass,41,322,Eibar,Regular Play,322,Eibar,6699.0,Ander Capa Rodríguez,Right Back,34.1,74.7,37.6,63.8,0.758832,True,,,,,,,True,11.448144,-1.260095,Ground Pass,,6742.0,Sergio Gontán Gallardo,False,False,left_to_right,False,34.1,74.7,37.6,63.8,False,False,False,False
f9dc9232-1e08-4be4-a0d1-e63548fc715b,3825747,635,1,00:18:35.931,18,35,42,Ball Receipt*,41,322,Eibar,Regular Play,322,Eibar,6742.0,Sergio Gontán Gallardo,Right Midfield,37.6,63.8,,,,False,,,,,,,False,,,,,,,False,False,left_to_right,False,37.6,63.8,,,False,False,False,False
434f3075-9946-449b-a377-69c774711e64,3825747,636,1,00:18:35.931,18,35,43,Carry,41,322,Eibar,Regular Play,322,Eibar,6742.0,Sergio Gontán Gallardo,Right Midfield,37.6,63.8,42.6,67.2,1.332749,False,,,,,,,False,,,,,,,False,False,left_to_right,False,37.6,63.8,42.6,67.2,False,False,False,False
218560da-7842-4557-8d74-80f80cd756f3,3825747,637,1,00:18:37.264,18,37,30,Pass,41,322,Eibar,Regular Play,322,Eibar,6742.0,Sergio Gontán Gallardo,Right Midfield,42.6,67.2,62.0,58.9,1.139932,False,,,,,,,True,21.100948,-0.40426952,Ground Pass,,6700.0,Sergio Enrich Ametller,False,False,left_to_right,False,42.6,67.2,62.0,58.9,False,True,False,False
c3801ebd-4233-4d45-b645-ab6f5781e46b,3825747,638,1,00:18:38.404,18,38,42,Ball Receipt*,41,322,Eibar,Regular Play,322,Eibar,6700.0,Sergio Enrich Ametller,Left Center Forward,62.0,58.9,,,,False,,,,,,,False,,,,,,,False,False,left_to_right,False,62.0,58.9,,,False,False,False,False
d00a21c4-a4f7-4860-b65a-ed2e96d0afd1,3825747,639,1,00:18:38.404,18,38,43,Carry,41,322,Eibar,Regular Play,322,Eibar,6700.0,Sergio Enrich Ametller,Left Center Forward,62.0,58.9,61.8,59.3,0.91364,True,,,,,,,False,,,,,,,False,False,left_to_right,False,62.0,58.9,61.8,59.3,False,False,False,False
7a369062-e4c8-4d78-a126-d649c87ab305,3825747,640,1,00:18:38.610,18,38,17,Pressure,41,322,Eibar,Regular Play,215,Athletic Club,4353.0,Aymeric Laporte,Left Center Back,55.2,22.9,,,1.042981,False,,,,,,,False,,,,,,,False,False,left_to_right,False,55.2,22.9,,,False,False,False,False
ba1585f5-378e-4a0b-a7c7-0bbb789909d3,3825747,641,1,00:18:39.318,18,39,30,Pass,41,322,Eibar,Regular Play,322,Eibar,6700.0,Sergio Enrich Ametller,Left Center Forward,61.8,59.3,54.1,70.9,1.239413,True,,,,,,,True,13.923002,2.156807,Ground Pass,,6742.0,Sergio Gontán Gallardo,False,False,left_to_right,False,61.8,59.3,54.1,70.9,False,False,False,False
17a88ec9-327e-4519-8990-2b23642ca5cf,3825747,642,1,00:18:40.557,18,40,42,Ball Receipt*,41,322,Eibar,Regular Play,322,Eibar,6742.0,Sergio Gontán Gallardo,Right Midfield,54.1,70.9,,,,False,,,,,,,False,,,,,,,False,False,left_to_right,False,54.1,70.9,,,False,False,False,False
d6d3ce71-0d3b-4c19-8bbd-77424ae5b95e,3825747,643,1,00:18:40.557,18,40,43,Carry,41,322,Eibar,Regular Play,322,Eibar,6742.0,Sergio Gontán Gallardo,Right Midfield,54.1,70.9,58.7,70.7,1.601576,True,,,,,,,False,,,,,,,False,False,left_to_right,False,54.1,70.9,58.7,70.7,False,False,False,False
9244443f-ee5b-4447-a36d-1d2255feead7,3825747,644,1,00:18:41.261,18,41,17,Pressure,41,322,Eibar,Regular Play,215,Athletic Club,6666.0,Sabin Merino Zuloaga,Left Wing,65.2,12.5,,,0.884697,False,,,,,,,False,,,,,,,False,False,left_to_right,False,65.2,12.5,,,False,False,False,False
0b123870-d5ad-46bd-b9a1-9f85001655be,3825747,645,1,00:18:42.159,18,42,22,Foul Committed,41,322,Eibar,Regular Play,215,Athletic Club,6666.0,Sabin Merino Zuloaga,Left Wing,61.4,9.4,,,0.0,False,,,,,,,False,,,,,,,False,False,left_to_right,False,61.4,9.4,,,False,False,False,False
0f57b9bc-8828-43ba-a143-9e28fa7785a1,3825747,646,1,00:18:42.159,18,42,21,Foul Won,41,322,Eibar,Regular Play,322,Eibar,6742.0,Sergio Gontán Gallardo,Right Midfield,58.7,70.7,,,0.0,True,,,,,,,False,,,,,,,False,False,left_to_right,False,58.7,70.7,,,False,False,False,False
308208b9-1d3e-404c-8778-55bfb3f2a3be,3825747,647,1,00:19:00.674,19,0,30,Pass,42,322,Eibar,From Free Kick,322,Eibar,6837.0,Mauro Javier Dos Santos,Right Center Back,64.1,71.4,119.3,54.3,3.377048,False,,,,,,Out,False,57.787975,-0.30040732,High Pass,Free Kick,6566.0,Borja González Tomás,False,False,left_to_right,False,64.1,71.4,119.3,54.3,False,True,True,True
a3ec3f1d-2b2c-4e02-a392-726ae56445e7,3825747,648,1,00:19:04.051,19,4,42,Ball Receipt*,42,322,Eibar,From Free Kick,322,Eibar,6566.0,Borja González Tomás,Right Center Forward,105.7,56.6,,,,False,,,,,,,False,,,,,,,False,False,left_to_right,False,105.7,56.6,,,False,False,False,False
bea709b1-4b83-4814-be46-4929dfd70b1b,3825747,649,1,00:19:20.852,19,20,30,Pass,43,215,Athletic Club,From Goal Kick,215,Athletic Club,6662.0,Iago Herrerín Buisán,Goalkeeper,7.0,36.1,78.1,39.0,5.125992,False,,,,,,,True,71.15912,0.04076503,High Pass,Goal Kick,6394.0,Aritz Aduriz Zubeldia,False,False,left_to_right,False,7.0,36.1,78.1,39.0,False,True,False,False
c8b7b01e-8610-4033-bec1-00febb764135,3825747,650,1,00:19:25.978,19,25,42,Ball Receipt*,43,215,Athletic Club,From Goal Kick,215,Athletic Club,6394.0,Aritz Aduriz Zubeldia,Center Forward,78.1,39.0,,,,False,,,,,,,False,,,,,,,False,False,left_to_right,False,78.1,39.0,,,False,False,False,False
d9d09329-563a-4b74-8399-a9de2eb2e7ef,3825747,651,1,00:19:26.105,19,26,30,Pass,43,215,Athletic Club,From Goal Kick,215,Athletic Club,6394.0,Aritz Aduriz Zubeldia,Center Forward,78.1,39.0,99.7,37.5,1.795562,True,,,,,,Incomplete,False,21.652021,-0.069333136,Low Pass,,6390.0,Markel Susaeta Laskurain,False,False,left_to_right,False,78.1,39.0,99.7,37.5,False,True,True,True
aa148f48-8fb7-4be7-94cf-0e8924caba8d,3825747,652,1,00:19:26.105,19,26,4,Duel,43,215,Athletic Club,From Goal Kick,322,Eibar,6837.0,Mauro Javier Dos Santos,Right Center Back,42.0,41.1,,,0.0,True,,,,,,,False,,,,,,,False,False,left_to_right,False,42.0,41.1,,,False,False,False,False
1f0624e5-9cd1-4eeb-b8f4-cb6b049ce4f0,3825747,653,1,00:19:27.901,19,27,42,Ball Receipt*,43,215,Athletic Club,From Goal Kick,215,Athletic Club,6390.0,Markel Susaeta Laskurain,Right Wing,100.4,41.2,,,,False,,,,,,,False,,,,,,,False,False,left_to_right,False,100.4,41.2,,,False,False,False,False
f00fd78a-3e52-4108-8a4a-6c4d3a72a9a1,3825747,654,1,00:19:27.901,19,27,9,Clearance,43,215,Athletic Club,From Goal Kick,322,Eibar,27239.0,Aleksandar Pantić,Left Center Back,20.4,42.6,,,0.0,True,,,,,,,False,,,,,,,False,False,left_to_right,False,20.4,42.6,,,False,False,False,False
f8134778-a228-40c7-b3f5-331643bf0764,3825747,655,1,00:19:53.733,19,53,30,Pass,44,215,Athletic Club,From Corner,215,Athletic Club,6396.0,Beñat Etxebarria Urkiaga,Left Defensive Midfield,120.0,0.1,114.5,8.3,2.030546,False,,,,,,,True,9.873702,2.161608,Ground Pass,Corner,6842.0,Iker Muniain Goñi,False,False,left_to_right,False,120.0,0.1,114.5,8.3,False,False,False,False
0da14a41-437c-4158-9c23-f054c3f695ca,3825747,656,1,00:19:55.764,19,55,42,Ball Receipt*,44,215,Athletic Club,From Corner,215,Athletic Club,6842.0,Iker Muniain Goñi,Center Attacking Midfield,114.5,8.3,,,,False,,,,,,,False,,,,,,,False,False,left_to_right,False,114.5,8.3,,,False,False,False,False
bc63af19-7ef8-49cf-b394-95f4ce1f16a2,3825747,657,1,00:19:56.149,19,56,30,Pass,44,215,Athletic Club,From Corner,215,Athletic Club,6842.0,Iker Muniain Goñi,Center Attacking Midfield,114.7,7.9,103.7,11.2,1.491622,False,,,,,,,True,11.484337,2.8501358,Ground Pass,,6396.0,Beñat Etxebarria Urkiaga,False,False,left_to_right,False,114.7,7.9,103.7,11.2,False,False,False,False
a3441d0e-f97d-4c46-80ae-6d877d8c9433,3825747,658,1,00:19:57.640,19,57,42,Ball Receipt*,44,215,Athletic Club,From Corner,215,Athletic Club,6396.0,Beñat Etxebarria Urkiaga,Left Defensive Midfield,103.7,11.2,,,,False,,,,,,,False,,,,,,,False,False,left_to_right,False,103.7,11.2,,,False,False,False,False
db9c8e4c-9b9e-42a9-ba9e-690c53c14aee,3825747,659,1,00:19:57.640,19,57,43,Carry,44,215,Athletic Club,From Corner,215,Athletic Club,6396.0,Beñat Etxebarria Urkiaga,Left Defensive Midfield,103.7,11.2,103.5,11.0,0.12,False,,,,,,,False,,,,,,,False,False,left_to_right,False,103.7,11.2,103.5,11.0,False,False,False,False
8622c64e-a6d1-4cd0-978b-6a1ff535642e,3825747,660,1,00:19:57.760,19,57,30,Pass,44,215,Athletic Club,From Corner,215,Athletic Club,6396.0,Beñat Etxebarria Urkiaga,Left Defensive Midfield,103.5,11.0,112.6,25.0,1.142238,False,,,,,,,True,16.697605,0.9944211,Ground Pass,,6390.0,Markel Susaeta Laskurain,False,False,left_to_right,False,103.5,11.0,112.6,25.0,False,True,False,False
4e162313-a41e-49c6-b50b-71bd9a9f2d57,3825747,661,1,00:19:58.903,19,58,42,Ball Receipt*,44,215,Athletic Club,From Corner,215,Athletic Club,6390.0,Markel Susaeta Laskurain,Right Wing,112.6,25.0,,,,False,,,,,,,False,,,,,,,False,False,left_to_right,False,112.6,25.0,,,False,False,False,False
8703ab86-348e-4bbf-a539-2b2ac44d6fd2,3825747,662,1,00:19:58.903,19,58,43,Carry,44,215,Athletic Club,From Corner,215,Athletic Club,6390.0,Markel Susaeta Laskurain,Right Wing,112.6,25.0,116.6,25.6,0.455806,False,,,,,,,False,,,,,,,False,False,left_to_right,False,112.6,25.0,116.6,25.6,False,False,False,False
841e53aa-c59b-438b-acbb-6e6ed01d2a5d,3825747,663,1,00:19:59.358,19,59,30,Pass,44,215,Athletic Club,From Corner,215,Athletic Club,6390.0,Markel Susaeta Laskurain,Right Wing,116.6,25.6,116.6,29.6,0.109397,False,,,,,,Incomplete,False,4.0,1.5707964,Low Pass,,,,False,False,left_to_right,False,116.6,25.6,116.6,29.6,False,True,False,True
bf0ec84d-671c-47c5-80d1-9f7daecffa53,3825747,664,1,00:19:59.468,19,59,6,Block,44,215,Athletic Club,From Corner,322,Eibar,6566.0,Borja González Tomás,Right Center Forward,3.5,50.5,,,0.0,False,,,,,,,False,,,,,,,False,False,left_to_right,False,3.5,50.5,,,False,False,False,False
95bf7b35-a89c-43ef-89b2-26403cf9162c,3825747,665,1,00:20:01.466,20,1,2,Ball Recovery,44,215,Athletic Club,From Corner,215,Athletic Club,6842.0,Iker Muniain Goñi,Center Attacking Midfield,105.2,9.8,,,0.0,False,,,,,,,False,,,,,,,False,False,left_to_right,False,105.2,9.8,,,False,False,False,False
7ae90968-0b65-443a-8009-4f0c5b279ec9,3825747,666,1,00:20:01.466,20,1,43,Carry,44,215,Athletic Club,From Corner,215,Athletic Club,6842.0,Iker Muniain Goñi,Center Attacking Midfield,105.2,9.8,99.3,4.4,1.54167,False,,,,,,,False,,,,,,,False,False,left_to_right,False,105.2,9.8,99.3,4.4,False,False,False,False
d3a3006f-caef-4418-8ea4-c102593d4ff8,3825747,667,1,00:20:03.008,20,3,30,Pass,44,215,Athletic Club,From Corner,215,Athletic Club,6842.0,Iker Muniain Goñi,Center Attacking Midfield,99.3,4.4,82.7,12.7,1.636141,False,,,,,,,True,18.559364,2.6779451,Ground Pass,,6396.0,Beñat Etxebarria Urkiaga,False,False,left_to_right,False,99.3,4.4,82.7,12.7,False,False,False,False
0e252821-83e4-4012-820d-4825d49f482d,3825747,668,1,00:20:04.644,20,4,42,Ball Receipt*,44,215,Athletic Club,From Corner,215,Athletic Club,6396.0,Beñat Etxebarria Urkiaga,Left Defensive Midfield,82.7,12.7,,,,False,,,,,,,False,,,,,,,False,False,left_to_right,False,82.7,12.7,,,False,False,False,False
bba1061e-6b6d-44b4-8121-8c1be42d9045,3825747,669,1,00:20:04.644,20,4,43,Carry,44,215,Athletic Club,From Corner,215,Athletic Club,6396.0,Beñat Etxebarria Urkiaga,Left Defensive Midfield,82.7,12.7,81.2,15.0,1.65265,False,,,,,,,False,,,,,,,False,False,left_to_right,False,82.7,12.7,81.2,15.0,False,False,False,False
d60f1558-87b6-4306-91b1-bf63652986fc,3825747,670,1,00:20:06.296,20,6,30,Pass,44,215,Athletic Club,From Corner,215,Athletic Club,6396.0,Beñat Etxebarria Urkiaga,Left Defensive Midfield,81.2,15.0,109.1,36.7,1.248353,False,,,,,,,True,35.34544,0.66104317,High Pass,,6389.0,Mikel San José Domínguez,True,False,left_to_right,False,81.2,15.0,109.1,36.7,False,True,False,False
683cc1a9-dd0b-48fb-997b-46c6e8c69efa,3825747,671,1,00:20:07.545,20,7,42,Ball Receipt*,44,215,Athletic Club,From Corner,215,Athletic Club,6389.0,Mikel San José Domínguez,Right Defensive Midfield,109.1,36.7,,,,False,,,,,,,False,,,,,,,False,False,left_to_right,False,109.1,36.7,,,False,False,False,False
b2ba6f1d-51f0-4244-af2e-8153cff96ec5,3825747,672,1,00:20:07.593,20,7,16,Shot,44,215,Athletic Club,From Corner,215,Athletic Club,6389.0,Mikel San José Domínguez,Right Defensive Midfield,107.2,38.8,120.0,47.5,1.527103,False,0.08310148,Off T,Head,Normal,Open Play,,False,,,,,,,False,False,left_to_right,False,107.2,38.8,120.0,47.5,False,False,False,False
6a1b180f-88a5-4f1c-b17c-5e1eb09a826e,3825747,673,1,00:20:09.120,20,9,23,Goal Keeper,44,215,Athletic Club,From Corner,322,Eibar,10763.0,Asier Riesgo Unamuno,Goalkeeper,3.8,39.8,,,0.0,False,,,,,,,False,,,,,,,False,False,left_to_right,False,3.8,39.8,,,False,False,False,False
b4911d38-e0a8-4046-b7e7-084677948e11,3825747,674,1,00:20:40.964,20,40,30,Pass,45,322,Eibar,From Goal Kick,322,Eibar,10763.0,Asier Riesgo Unamuno,Goalkeeper,6.0,44.0,62.6,37.8,2.737983,False,,,,,,,True,56.938564,-0.10910563,High Pass,Goal Kick,6776.0,David Juncà Reñé,False,False,left_to_right,False,6.0,44.0,62.6,37.8,False,True,False,False
811665bf-fe2d-49dc-8687-8686670277e7,3825747,675,1,00:20:43.702,20,43,42,Ball Receipt*,45,322,Eibar,From Goal Kick,322,Eibar,6776.0,David Juncà Reñé,Left Back,62.6,37.8,,,,False,,,,,,,False,,,,,,,False,False,left_to_right,False,62.6,37.8,,,False,False,False,False
4cc227ae-64a9-4dce-a60f-2a2a623c74d9,3825747,676,1,00:20:43.702,20,43,30,Pass,45,322,Eibar,From Goal Kick,322,Eibar,6776.0,David Juncà Reñé,Left Back,62.8,37.8,76.0,59.5,2.152416,False,,,,,,,True,25.39941,1.0243,High Pass,,6742.0,Sergio Gontán Gallardo,False,False,left_to_right,False,62.8,37.8,76.0,59.5,False,False,False,False
edb92511-7de6-475c-8b37-5d32227d7129,3825747,677,1,00:20:45.854,20,45,42,Ball Receipt*,45,322,Eibar,From Goal Kick,322,Eibar,6742.0,Sergio Gontán Gallardo,Right Midfield,76.0,59.5,,,,False,,,,,,,False,,,,,,,False,False,left_to_right,False,76.0,59.5,,,False,False,False,False
9d6f525b-74d7-4cc4-b5f4-efb5ae0890bb,3825747,678,1,00:20:45.854,20,45,30,Pass,45,322,Eibar,From Goal Kick,322,Eibar,6742.0,Sergio Gontán Gallardo,Right Midfield,76.2,59.3,79.1,58.9,0.163255,False,,,,,,Incomplete,False,2.9274561,-0.13706617,Low Pass,,6700.0,Sergio Enrich Ametller,False,False,left_to_right,False,76.2,59.3,79.1,58.9,False,False,False,True
9008117c-061a-480c-a881-a4a1d3928a46,3825747,679,1,00:20:46.017,20,46,42,Ball Receipt*,45,322,Eibar,From Goal Kick,322,Eibar,6700.0,Sergio Enrich Ametller,Left Center Forward,78.9,55.1,,,,False,,,,,,,False,,,,,,,False,False,left_to_right,False,78.9,55.1,,,False,False,False,False
4e6f50df-32c1-4d0b-ae82-5e5e832c6580,3825747,680,1,00:20:46.017,20,46,6,Block,45,322,Eibar,From Goal Kick,215,Athletic Club,6789.0,Mikel Balenziaga Oruesagasti,Left Back,41.0,21.2,,,0.0,False,,,,,,,False,,,,,,,False,False,left_to_right,False,41.0,21.2,,,False,False,False,False
f9f8b2bb-857b-4ba2-949f-a0da64ae8937,3825747,681,1,00:20:47.618,20,47,17,Pressure,45,322,Eibar,From Goal Kick,322,Eibar,6742.0,Sergio Gontán Gallardo,Right Midfield,72.8,63.0,,,0.645015,False,,,,,,,False,,,,,,,False,False,left_to_right,False,72.8,63.0,,,False,False,False,False
d6c907d9-63bf-4f25-823d-ba8440e7e7f7,3825747,682,1,00:20:47.820,20,47,2,Ball Recovery,46,215,Athletic Club,Regular Play,215,Athletic Club,6789.0,Mikel Balenziaga Oruesagasti,Left Back,50.0,17.7,,,0.0,True,,,,,,,False,,,,,,,False,False,left_to_right,False,50.0,17.7,,,False,False,False,False
905f7159-0f9e-4f86-92c3-9efc65952a61,3825747,683,1,00:20:47.820,20,47,43,Carry,46,215,Athletic Club,Regular Play,215,Athletic Club,6789.0,Mikel Balenziaga Oruesagasti,Left Back,50.0,17.7,49.5,16.7,0.848045,True,,,,,,,False,,,,,,,False,False,left_to_right,False,50.0,17.7,49.5,16.7,False,False,False,False
656c03d8-dc1f-4bb8-a91c-52d10c3a6f28,3825747,684,1,00:20:48.668,20,48,22,Foul Committed,46,215,Athletic Club,Regular Play,322,Eibar,6742.0,Sergio Gontán Gallardo,Right Midfield,70.6,63.4,,,0.0,False,,,,,,,False,,,,,,,False,False,left_to_right,False,70.6,63.4,,,False,False,False,False
6f3fe976-845d-47a3-b7b7-3be1ce2ce719,3825747,685,1,00:20:48.668,20,48,21,Foul Won,46,215,Athletic Club,Regular Play,215,Athletic Club,6789.0,Mikel Balenziaga Oruesagasti,Left Back,49.5,16.7,,,0.0,True,,,,,,,False,,,,,,,False,False,left_to_right,False,49.5,16.7,,,False,False,False,False
3f366717-3bb4-4e93-808c-a600b661eb85,3825747,686,1,00:20:57.801,20,57,30,Pass,47,215,Athletic Club,From Free Kick,215,Athletic Club,6389.0,Mikel San José Domínguez,Right Defensive Midfield,50.6,21.4,41.2,11.9,1.211814,False,,,,,,,True,13.364505,-2.3509035,Ground Pass,Free Kick,4353.0,Aymeric Laporte,False,False,left_to_right,False,50.6,21.4,41.2,11.9,False,False,False,False
4bddbc6d-7ac2-4b17-ade6-95fb8e146f07,3825747,687,1,00:20:59.013,20,59,42,Ball Receipt*,47,215,Athletic Club,From Free Kick,215,Athletic Club,4353.0,Aymeric Laporte,Left Center Back,41.2,11.9,,,,False,,,,,,,False,,,,,,,False,False,left_to_right,False,41.2,11.9,,,False,False,False,False
2d3fa94e-4bef-4edb-ab47-0892ba4da645,3825747,688,1,00:20:59.013,20,59,43,Carry,47,215,Athletic Club,From Free Kick,215,Athletic Club,4353.0,Aymeric Laporte,Left Center Back,41.2,11.9,43.3,14.8,1.58784,False,,,,,,,False,,,,,,,False,False,left_to_right,False,41.2,11.9,43.3,14.8,False,False,False,False
045d5d57-0932-4c67-8201-7cdc8065a315,3825747,689,1,00:21:00.601,21,0,30,Pass,47,215,Athletic Club,From Free Kick,215,Athletic Club,4353.0,Aymeric Laporte,Left Center Back,43.3,14.8,64.8,75.6,2.731909,False,,,,,,,True,64.489456,1.2309016,High Pass,,6649.0,Óscar de Marcos Arana,False,False,left_to_right,False,43.3,14.8,64.8,75.6,False,False,False,False
e6ba02d3-8c64-486c-8faf-5bbe09b0885f,3825747,690,1,00:21:03.332,21,3,42,Ball Receipt*,47,215,Athletic Club,From Free Kick,215,Athletic Club,6649.0,Óscar de Marcos Arana,Right Back,64.8,75.6,,,,False,,,,,,,False,,,,,,,False,False,left_to_right,False,64.8,75.6,,,False,False,False,False
8cb95e99-c013-4939-8c1f-1e6e41e9cf40,3825747,691,1,00:21:03.332,21,3,43,Carry,47,215,Athletic Club,From Free Kick,215,Athletic Club,6649.0,Óscar de Marcos Arana,Right Back,64.8,75.6,86.6,72.1,3.317807,False,,,,,,,False,,,,,,,False,False,left_to_right,False,64.8,75.6,86.6,72.1,True,False,False,False
b35fe60e-d08d-4b6e-a5f8-3b9fa09e31d2,3825747,692,1,00:21:06.650,21,6,30,Pass,47,215,Athletic Club,From Free Kick,215,Athletic Club,6649.0,Óscar de Marcos Arana,Right Back,86.6,72.1,100.8,65.6,0.937985,False,,,,,,Incomplete,False,15.616978,-0.42927718,Ground Pass,,6390.0,Markel Susaeta Laskurain,False,False,left_to_right,False,86.6,72.1,100.8,65.6,False,True,False,True
9cbd24a1-ade9-4a85-9dc4-04d26e97d4c8,3825747,693,1,00:21:07.588,21,7,42,Ball Receipt*,47,215,Athletic Club,From Free Kick,215,Athletic Club,6390.0,Markel Susaeta Laskurain,Right Wing,102.6,63.5,,,,False,,,,,,,False,,,,,,,False,False,left_to_right,False,102.6,63.5,,,False,False,False,False
751009bb-878f-4ddd-a48c-b384951806ba,3825747,694,1,00:21:07.588,21,7,10,Interception,47,215,Athletic Club,From Free Kick,322,Eibar,6776.0,David Juncà Reñé,Left Back,19.3,14.5,,,0.0,False,,,,,,,False,,,,,,,False,False,left_to_right,False,19.3,14.5,,,False,False,False,False
8e4dad6e-34d2-4218-9767-ff6ade6caf60,3825747,695,1,00:21:07.588,21,7,43,Carry,47,215,Athletic Club,From Free Kick,322,Eibar,6776.0,David Juncà Reñé,Left Back,19.3,14.5,16.0,3.2,1.635158,True,,,,,,,False,,,,,,,False,False,left_to_right,False,19.3,14.5,16.0,3.2,False,False,False,False
1c3df14a-8b40-4e6f-8ad9-b52fb5f56fe5,3825747,696,1,00:21:07.885,21,7,17,Pressure,47,215,Athletic Club,From Free Kick,215,Athletic Club,6390.0,Markel Susaeta Laskurain,Right Wing,103.9,63.5,,,1.682051,False,,,,,,,False,,,,,,,False,False,left_to_right,False,103.9,63.5,,,False,False,False,False
5e4a5ffd-fb78-4b8a-94ce-199d06c44982,3825747,697,1,00:21:08.846,21,8,17,Pressure,47,215,Athletic Club,From Free Kick,215,Athletic Club,6649.0,Óscar de Marcos Arana,Right Back,100.6,74.1,,,0.88396,False,,,,,,,False,,,,,,,False,False,left_to_right,False,100.6,74.1,,,False,False,False,False
7e0abd06-c231-47ca-bd00-dbcfe796cc4e,3825747,698,1,00:21:09.223,21,9,22,Foul Committed,47,215,Athletic Club,From Free Kick,215,Athletic Club,6390.0,Markel Susaeta Laskurain,Right Wing,104.1,76.9,,,0.0,False,,,,,,,False,,,,,,,False,False,left_to_right,False,104.1,76.9,,,False,False,False,False
117b8277-e960-49e9-a2d2-5e5a0e11ff16,3825747,699,1,00:21:09.223,21,9,21,Foul Won,47,215,Athletic Club,From Free Kick,322,Eibar,6776.0,David Juncà Reñé,Left Back,16.0,3.2,,,0.0,True,,,,,,,False,,,,,,,False,False,left_to_right,False,16.0,3.2,,,False,False,False,False
f1277234-4aa8-43d4-88ce-9048ca9ce6f9,3825747,700,1,00:21:38.988,21,38,30,Pass,48,322,Eibar,From Free Kick,322,Eibar,10763.0,Asier Riesgo Unamuno,Goalkeeper,23.3,3.5,86.0,13.4,3.282761,False,,,,,,Incomplete,False,63.47677,0.15660188,High Pass,Free Kick,6700.0,Sergio Enrich Ametller,False,False,left_to_right,False,23.3,3.5,86.0,13.4,False,True,True,True
dc55b71a-b87e-459a-9cdf-14c6e9a20c66,3825747,701,1,00:21:42.271,21,42,42,Ball Receipt*,48,322,Eibar,From Free Kick,322,Eibar,6700.0,Sergio Enrich Ametller,Left Center Forward,83.7,13.2,,,,False,,,,,,,False,,,,,,,False,False,left_to_right,False,83.7,13.2,,,False,False,False,False
b75196fa-7034-4f2c-8e4d-45a6104358cc,3825747,702,1,00:21:42.271,21,42,4,Duel,48,322,Eibar,From Free Kick,322,Eibar,6700.0,Sergio Enrich Ametller,Left Center Forward,86.0,13.4,,,0.0,True,,,,,,,False,,,,,,,False,False,left_to_right,False,86.0,13.4,,,False,False,False,False
f974bcad-987d-462f-9ca5-28fba6127d58,3825747,703,1,00:21:42.271,21,42,30,Pass,49,215,Athletic Club,Regular Play,215,Athletic Club,6389.0,Mikel San José Domínguez,Right Defensive Midfield,34.1,66.7,21.2,76.6,2.676267,True,,,,,,,True,16.260996,2.487022,Low Pass,Recovery,6649.0,Óscar de Marcos Arana,False,False,left_to_right,False,34.1,66.7,21.2,76.6,False,False,False,False
29eed484-28f0-490a-b643-bf664f9a3040,3825747,704,1,00:21:44.947,21,44,42,Ball Receipt*,49,215,Athletic Club,Regular Play,215,Athletic Club,6649.0,Óscar de Marcos Arana,Right Back,21.2,76.6,,,,False,,,,,,,False,,,,,,,False,False,left_to_right,False,21.2,76.6,,,False,False,False,False
64210c4f-38b2-4a3a-b621-a4b1f1aa0513,3825747,705,1,00:21:44.947,21,44,43,Carry,49,215,Athletic Club,Regular Play,215,Athletic Club,6649.0,Óscar de Marcos Arana,Right Back,21.2,76.6,21.2,76.6,0.351523,False,,,,,,,False,,,,,,,False,False,left_to_right,False,21.2,76.6,21.2,76.6,False,False,False,False
fb84ffc9-c67b-44bb-a8ee-1f3d42a8b55f,3825747,706,1,00:21:45.299,21,45,30,Pass,49,215,Athletic Club,Regular Play,215,Athletic Club,6649.0,Óscar de Marcos Arana,Right Back,21.2,76.6,60.6,80.0,3.756894,False,,,,,,Out,False,39.54643,0.08608116,High Pass,,6394.0,Aritz Aduriz Zubeldia,False,False,left_to_right,False,21.2,76.6,60.6,80.0,False,True,False,True
b60c8805-fbd0-4400-b869-d3cd7ee33f6f,3825747,707,1,00:21:49.056,21,49,42,Ball Receipt*,49,215,Athletic Club,Regular Play,215,Athletic Club,6394.0,Aritz Aduriz Zubeldia,Center Forward,66.4,71.2,,,,False,,,,,,,False,,,,,,,False,False,left_to_right,False,66.4,71.2,,,False,False,False,False
5246a526-09e7-49d9-9b46-937fb02f6959,3825747,708,1,00:22:00.584,22,0,30,Pass,50,322,Eibar,From Throw In,322,Eibar,6776.0,David Juncà Reñé,Left Back,71.4,0.1,85.8,9.9,1.396082,False,,,,,,Incomplete,False,17.41838,0.5975565,High Pass,Throw-in,6566.0,Borja González Tomás,False,False,left_to_right,False,71.4,0.1,85.8,9.9,False,True,True,True
4c5ee24c-52f7-44ac-8f41-d7f65c1feda1,3825747,709,1,00:22:01.981,22,1,42,Ball Receipt*,50,322,Eibar,From Throw In,322,Eibar,6566.0,Borja González Tomás,Right Center Forward,86.6,10.3,,,,False,,,,,,,False,,,,,,,False,False,left_to_right,False,86.6,10.3,,,False,False,False,False
3c3726f7-7b72-46e1-ae6f-d2206e53a077,3825747,710,1,00:22:01.981,22,1,30,Pass,51,215,Athletic Club,Regular Play,215,Athletic Club,6389.0,Mikel San José Domínguez,Right Defensive Midfield,34.3,70.2,27.7,66.9,1.681534,False,,,,,,,True,7.3790245,-2.6779451,Ground Pass,Interception,6386.0,Eneko Bóveda Altube,False,False,left_to_right,False,34.3,70.2,27.7,66.9,False,False,False,False
f6e9f002-7714-4491-8e36-b4c522c8c0a1,3825747,711,1,00:22:03.662,22,3,42,Ball Receipt*,51,215,Athletic Club,Regular Play,215,Athletic Club,6386.0,Eneko Bóveda Altube,Right Center Back,27.7,66.9,,,,False,,,,,,,False,,,,,,,False,False,left_to_right,False,27.7,66.9,,,False,False,False,False
fd6dbc1b-4d2a-43a6-87a0-767d033fbc90,3825747,712,1,00:22:03.662,22,3,43,Carry,51,215,Athletic Club,Regular Play,215,Athletic Club,6386.0,Eneko Bóveda Altube,Right Center Back,27.7,66.9,27.9,65.8,0.239999,False,,,,,,,False,,,,,,,False,False,left_to_right,False,27.7,66.9,27.9,65.8,False,False,False,False
889d31d2-17d1-424e-a732-44150a36b0a1,3825747,713,1,00:22:03.902,22,3,30,Pass,51,215,Athletic Club,Regular Play,215,Athletic Club,6386.0,Eneko Bóveda Altube,Right Center Back,27.9,65.8,10.8,43.9,2.257297,False,,,,,,,True,27.785248,-2.2337334,Ground Pass,,6662.0,Iago Herrerín Buisán,False,False,left_to_right,False,27.9,65.8,10.8,43.9,False,False,False,False
b27a2615-dbfb-450e-99d3-0005dd6171e6,3825747,714,1,00:22:06.159,22,6,42,Ball Receipt*,51,215,Athletic Club,Regular Play,215,Athletic Club,6662.0,Iago Herrerín Buisán,Goalkeeper,10.8,43.9,,,,False,,,,,,,False,,,,,,,False,False,left_to_right,False,10.8,43.9,,,False,False,False,False
22a9bb0b-ada2-4793-8016-dac548793acf,3825747,715,1,00:22:06.159,22,6,43,Carry,51,215,Athletic Club,Regular Play,215,Athletic Club,6662.0,Iago Herrerín Buisán,Goalkeeper,10.8,43.9,4.8,47.3,3.244559,True,,,,,,,False,,,,,,,False,False,left_to_right,False,10.8,43.9,4.8,47.3,False,False,False,False
54a03175-d9b1-4b42-905a-236763919003,3825747,716,1,00:22:08.476,22,8,17,Pressure,51,215,Athletic Club,Regular Play,322,Eibar,6700.0,Sergio Enrich Ametller,Left Center Forward,106.0,24.1,,,0.911194,False,,,,,,,False,,,,,,,False,False,left_to_right,False,106.0,24.1,,,False,False,False,False
2969d1c7-cabb-4b27-b8df-51674752b8bc,3825747,717,1,00:22:09.404,22,9,30,Pass,51,215,Athletic Club,Regular Play,215,Athletic Club,6662.0,Iago Herrerín Buisán,Goalkeeper,4.8,47.3,49.5,30.2,2.544365,False,,,,,,,True,47.85917,-0.36537364,High Pass,,6666.0,Sabin Merino Zuloaga,False,False,left_to_right,False,4.8,47.3,49.5,30.2,False,True,False,False
7bf5d2f6-4795-4f56-98e0-63889f1463ad,3825747,718,1,00:22:11.948,22,11,42,Ball Receipt*,51,215,Athletic Club,Regular Play,215,Athletic Club,6666.0,Sabin Merino Zuloaga,Left Wing,49.5,30.2,,,,False,,,,,,,False,,,,,,,False,False,left_to_right,False,49.5,30.2,,,False,False,False,False
7c13deb9-a5a0-4d3c-bc17-7b8651533f69,3825747,719,1,00:22:12.052,22,12,30,Pass,51,215,Athletic Club,Regular Play,215,Athletic Club,6666.0,Sabin Merino Zuloaga,Left Wing,49.5,30.2,62.2,43.5,1.525728,False,,,,,,,True,18.389671,0.80847096,High Pass,,6842.0,Iker Muniain Goñi,False,False,left_to_right,False,49.5,30.2,62.2,43.5,False,False,False,False
6dd26983-ced0-41c4-8b76-ef0a68ab3e71,3825747,720,1,00:22:13.578,22,13,42,Ball Receipt*,51,215,Athletic Club,Regular Play,215,Athletic Club,6842.0,Iker Muniain Goñi,Center Attacking Midfield,62.2,43.5,,,,False,,,,,,,False,,,,,,,False,False,left_to_right,False,62.2,43.5,,,False,False,False,False
2b2f5aa7-400d-4ac5-ad4e-31cced2ca69b,3825747,721,1,00:22:13.658,22,13,30,Pass,51,215,Athletic Club,Regular Play,215,Athletic Club,6842.0,Iker Muniain Goñi,Center Attacking Midfield,62.2,43.5,64.8,52.9,1.209971,False,,,,,,,True,9.752948,1.3009472,High Pass,,6394.0,Aritz Aduriz Zubeldia,False,False,left_to_right,False,62.2,43.5,64.8,52.9,False,False,False,False
deb8a81c-f34b-4f90-8756-2c2fd49db309,3825747,722,1,00:22:14.694,22,14,17,Pressure,51,215,Athletic Club,Regular Play,322,Eibar,27239.0,Aleksandar Pantić,Left Center Back,52.0,27.8,,,0.195618,False,,,,,,,False,,,,,,,False,False,left_to_right,False,52.0,27.8,,,False,False,False,False
a96b171c-ef89-4086-aba9-64b8cf6b4e57,3825747,723,1,00:22:14.868,22,14,42,Ball Receipt*,51,215,Athletic Club,Regular Play,215,Athletic Club,6394.0,Aritz Aduriz Zubeldia,Center Forward,64.8,52.9,,,,True,,,,,,,False,,,,,,,False,False,left_to_right,False,64.8,52.9,,,False,False,False,False
256f565f-4a80-4bf5-8a7c-e5a8ba68fb11,3825747,724,1,00:22:14.868,22,14,43,Carry,51,215,Athletic Club,Regular Play,215,Athletic Club,6394.0,Aritz Aduriz Zubeldia,Center Forward,64.8,52.9,65.0,52.5,0.04,True,,,,,,,False,,,,,,,False,False,left_to_right,False,64.8,52.9,65.0,52.5,False,False,False,False
733f7734-5b45-4c64-aa43-39b2c7ee59d4,3825747,725,1,00:22:14.908,22,14,30,Pass,51,215,Athletic Club,Regular Play,215,Athletic Club,6394.0,Aritz Aduriz Zubeldia,Center Forward,65.0,52.5,59.8,55.6,0.519052,False,,,,,,,True,6.0539246,2.604006,Low Pass,,6390.0,Markel Susaeta Laskurain,False,False,left_to_right,False,65.0,52.5,59.8,55.6,False,False,False,False
6ad8bf1e-6eb4-4e94-a5fb-2d3dcfc220f4,3825747,726,1,00:22:15.427,22,15,42,Ball Receipt*,51,215,Athletic Club,Regular Play,215,Athletic Club,6390.0,Markel Susaeta Laskurain,Right Wing,59.8,55.6,,,,False,,,,,,,False,,,,,,,False,False,left_to_right,False,59.8,55.6,,,False,False,False,False
447578eb-cf31-4b5a-a97f-d45bc310c5cc,3825747,727,1,00:22:15.427,22,15,43,Carry,51,215,Athletic Club,Regular Play,215,Athletic Club,6390.0,Markel Susaeta Laskurain,Right Wing,59.8,55.6,59.7,55.6,0.12,False,,,,,,,False,,,,,,,False,False,left_to_right,False,59.8,55.6,59.7,55.6,False,False,False,False
12b50ecc-a513-495d-963e-f636841ecb9c,3825747,728,1,00:22:15.547,22,15,38,Miscontrol,51,215,Athletic Club,Regular Play,215,Athletic Club,6390.0,Markel Susaeta Laskurain,Right Wing,59.7,55.6,,,0.0,False,,,,,,,False,,,,,,,False,False,left_to_right,False,59.7,55.6,,,False,False,False,True
6f2f9f21-d38c-4c96-9470-3084cd53749b,3825747,729,1,00:22:20.258,22,20,6,Block,51,215,Athletic Club,Regular Play,215,Athletic Club,6649.0,Óscar de Marcos Arana,Right Back,51.4,67.1,,,0.0,False,,,,,,,False,,,,,,,False,False,left_to_right,False,51.4,67.1,,,False,False,False,False
ebac7727-9bf9-4928-b9a6-5944ab8ecd7f,3825747,730,1,00:22:20.804,22,20,17,Pressure,51,215,Athletic Club,Regular Play,215,Athletic Club,6390.0,Markel Susaeta Laskurain,Right Wing,56.4,67.5,,,0.55593,False,,,,,,,False,,,,,,,False,False,left_to_right,False,56.4,67.5,,,False,False,False,False
9187506c-d74c-4089-9bd0-795997358790,3825747,731,1,00:22:20.883,22,20,17,Pressure,51,215,Athletic Club,Regular Play,322,Eibar,24070.0,Saúl Berjón Pérez,Left Midfield,60.6,9.7,,,0.5,True,,,,,,,False,,,,,,,False,False,left_to_right,False,60.6,9.7,,,False,False,False,False
ceb8cf19-541b-4326-8f23-bc9bc2579144,3825747,732,1,00:22:21.379,22,21,2,Ball Recovery,51,215,Athletic Club,Regular Play,215,Athletic Club,6390.0,Markel Susaeta Laskurain,Right Wing,55.6,70.6,,,0.0,True,,,,,,,False,,,,,,,False,False,left_to_right,False,55.6,70.6,,,False,False,False,False
8472de5b-7a08-4b69-a5a7-73dbb0757e10,3825747,733,1,00:22:21.379,22,21,43,Carry,51,215,Athletic Club,Regular Play,215,Athletic Club,6390.0,Markel Susaeta Laskurain,Right Wing,55.6,70.6,57.3,72.5,0.021221,True,,,,,,,False,,,,,,,False,False,left_to_right,False,55.6,70.6,57.3,72.5,False,False,False,False
44dd0b73-e7a4-422d-9945-9277c83ba86c,3825747,734,1,00:22:21.400,22,21,14,Dribble,51,215,Athletic Club,Regular Play,215,Athletic Club,6390.0,Markel Susaeta Laskurain,Right Wing,57.3,72.5,,,0.0,True,,,,,,,False,,,,,,,False,False,left_to_right,False,57.3,72.5,,,False,False,False,False
8771a8a1-084e-451a-b8c7-c0144c192962,3825747,735,1,00:22:21.400,22,21,4,Duel,51,215,Athletic Club,Regular Play,322,Eibar,24070.0,Saúl Berjón Pérez,Left Midfield,62.8,7.6,,,0.0,True,,,,,,,False,,,,,,,False,False,left_to_right,False,62.8,7.6,,,False,False,False,False
c413f6a2-bd06-4c30-b003-465f8f000c75,3825747,736,1,00:22:35.127,22,35,30,Pass,52,215,Athletic Club,From Throw In,215,Athletic Club,6649.0,Óscar de Marcos Arana,Right Back,28.5,80.0,14.1,68.5,2.80277,False,,,,,,,True,18.42851,-2.467699,Low Pass,Throw-in,6386.0,Eneko Bóveda Altube,False,False,left_to_right,False,28.5,80.0,14.1,68.5,False,False,False,False
26f34b08-25ca-408d-954b-c2438563b349,3825747,737,1,00:22:37.930,22,37,42,Ball Receipt*,52,215,Athletic Club,From Throw In,215,Athletic Club,6386.0,Eneko Bóveda Altube,Right Center Back,14.1,68.5,,,,False,,,,,,,False,,,,,,,False,False,left_to_right,False,14.1,68.5,,,False,False,False,False
26d52fd5-4876-47b5-8635-dc05bf7d436b,3825747,738,1,00:22:38.401,22,38,30,Pass,52,215,Athletic Club,From Throw In,215,Athletic Club,6386.0,Eneko Bóveda Altube,Right Center Back,14.1,71.6,51.4,67.9,1.952688,False,,,,,,Incomplete,False,37.483063,-0.09887226,High Pass,,6394.0,Aritz Aduriz Zubeldia,False,False,left_to_right,False,14.1,71.6,51.4,67.9,False,True,False,True
7c6495d4-261c-4616-b25b-3cc6939e89c4,3825747,739,1,00:22:40.353,22,40,42,Ball Receipt*,52,215,Athletic Club,From Throw In,215,Athletic Club,6394.0,Aritz Aduriz Zubeldia,Center Forward,62.0,68.5,,,,False,,,,,,,False,,,,,,,False,False,left_to_right,False,62.0,68.5,,,False,False,False,False
13a04909-a164-47f7-8f27-a24f4aa2d9bd,3825747,740,1,00:22:40.353,22,40,30,Pass,52,215,Athletic Club,From Throw In,322,Eibar,6775.0,Daniel García Carrillo,Right Defensive Midfield,68.7,12.2,84.7,5.8,1.106349,False,,,,,,,True,17.232527,-0.38050637,Low Pass,Recovery,6557.0,Adrián González Morales,False,False,left_to_right,False,68.7,12.2,84.7,5.8,False,False,True,False
e1f3d801-6491-420f-8b42-9f15322b4d98,3825747,741,1,00:22:41.460,22,41,42,Ball Receipt*,52,215,Athletic Club,From Throw In,322,Eibar,6557.0,Adrián González Morales,Left Defensive Midfield,84.7,5.8,,,,False,,,,,,,False,,,,,,,False,False,left_to_right,False,84.7,5.8,,,False,False,False,False
4da80947-68c9-43e7-8669-feaaa94ac6a1,3825747,742,1,00:22:41.460,22,41,43,Carry,52,215,Athletic Club,From Throw In,322,Eibar,6557.0,Adrián González Morales,Left Defensive Midfield,84.7,5.8,84.5,5.5,0.750433,False,,,,,,,False,,,,,,,False,False,left_to_right,False,84.7,5.8,84.5,5.5,False,False,False,False
fd660a9e-a8ce-4911-a6bd-afa819db3f62,3825747,743,1,00:22:42.210,22,42,38,Miscontrol,52,215,Athletic Club,From Throw In,322,Eibar,6557.0,Adrián González Morales,Left Defensive Midfield,84.5,5.5,,,0.0,False,,,,,,,False,,,,,,,False,False,left_to_right,False,84.5,5.5,,,False,False,False,True
3108a884-31ae-43b9-9278-5ecec0f9e33e,3825747,744,1,00:22:42.663,22,42,17,Pressure,52,215,Athletic Club,From Throw In,322,Eibar,6557.0,Adrián González Morales,Left Defensive Midfield,79.3,3.9,,,1.095202,False,,,,,,,False,,,,,,,False,False,left_to_right,False,79.3,3.9,,,False,False,False,False
cca50c33-a29c-478f-a358-fb36aa418205,3825747,745,1,00:22:54.730,22,54,30,Pass,53,215,Athletic Club,From Throw In,215,Athletic Club,6649.0,Óscar de Marcos Arana,Right Back,46.2,80.0,52.7,68.5,1.320613,False,,,,,,,True,13.209845,-1.056345,Low Pass,Throw-in,6396.0,Beñat Etxebarria Urkiaga,False,False,left_to_right,False,46.2,80.0,52.7,68.5,False,False,False,False
f876677c-cbed-42a9-b72c-585912b4492c,3825747,746,1,00:22:56.050,22,56,42,Ball Receipt*,53,215,Athletic Club,From Throw In,215,Athletic Club,6396.0,Beñat Etxebarria Urkiaga,Left Defensive Midfield,52.7,68.5,,,,False,,,,,,,False,,,,,,,False,False,left_to_right,False,52.7,68.5,,,False,False,False,False
a7aa3a08-9fb8-43d5-b615-aad08ffc8a97,3825747,747,1,00:22:56.050,22,56,43,Carry,53,215,Athletic Club,From Throw In,215,Athletic Club,6396.0,Beñat Etxebarria Urkiaga,Left Defensive Midfield,52.7,68.5,53.1,68.5,0.679236,False,,,,,,,False,,,,,,,False,False,left_to_right,False,52.7,68.5,53.1,68.5,False,False,False,False
372c1cc5-b900-407c-8e3f-4feb86a01d6d,3825747,748,1,00:22:56.730,22,56,30,Pass,53,215,Athletic Club,From Throw In,215,Athletic Club,6396.0,Beñat Etxebarria Urkiaga,Left Defensive Midfield,53.1,68.5,62.7,28.5,2.821197,False,,,,,,,True,41.13587,-1.3352513,High Pass,,6789.0,Mikel Balenziaga Oruesagasti,False,False,left_to_right,False,53.1,68.5,62.7,28.5,False,False,False,False
c74c387a-6f5f-4153-aaa3-e982cdcf1e00,3825747,749,1,00:22:59.551,22,59,42,Ball Receipt*,53,215,Athletic Club,From Throw In,215,Athletic Club,6789.0,Mikel Balenziaga Oruesagasti,Left Back,62.7,28.5,,,,False,,,,,,,False,,,,,,,False,False,left_to_right,False,62.7,28.5,,,False,False,False,False
ccce76cf-8510-4696-a641-662bc4930dab,3825747,750,1,00:22:59.551,22,59,43,Carry,53,215,Athletic Club,From Throw In,215,Athletic Club,6789.0,Mikel Balenziaga Oruesagasti,Left Back,62.7,28.5,83.9,23.7,3.037399,True,,,,,,,False,,,,,,,False,False,left_to_right,False,62.7,28.5,83.9,23.7,True,False,False,False
63893710-12c1-4f22-ac10-07640f78437e,3825747,751,1,00:23:01.436,23,1,17,Pressure,53,215,Athletic Club,From Throw In,322,Eibar,6775.0,Daniel García Carrillo,Right Defensive Midfield,44.1,47.8,,,1.159826,False,,,,,,,False,,,,,,,False,False,left_to_right,False,44.1,47.8,,,False,False,False,False
c7800ce4-cba8-4b72-8afb-adbf28d6febd,3825747,752,1,00:23:02.588,23,2,30,Pass,53,215,Athletic Club,From Throw In,215,Athletic Club,6789.0,Mikel Balenziaga Oruesagasti,Left Back,83.9,23.7,97.9,8.1,2.051606,True,,,,,,,True,20.960917,-0.83939964,Ground Pass,,6666.0,Sabin Merino Zuloaga,False,False,left_to_right,False,83.9,23.7,97.9,8.1,False,False,False,False
b098b597-4bbe-463e-8126-9cc78bba1302,3825747,753,1,00:23:04.640,23,4,42,Ball Receipt*,53,215,Athletic Club,From Throw In,215,Athletic Club,6666.0,Sabin Merino Zuloaga,Left Wing,97.9,8.1,,,,False,,,,,,,False,,,,,,,False,False,left_to_right,False,97.9,8.1,,,False,False,False,False
62220234-f3cf-41e1-8663-f98ca27aa5d2,3825747,754,1,00:23:04.640,23,4,43,Carry,53,215,Athletic Club,From Throw In,215,Athletic Club,6666.0,Sabin Merino Zuloaga,Left Wing,97.9,8.1,98.3,12.5,3.532109,False,,,,,,,False,,,,,,,False,False,left_to_right,False,97.9,8.1,98.3,12.5,False,False,False,False
f61ae8b9-e13a-41ec-b3f7-dda95a7107f6,3825747,755,1,00:23:08.172,23,8,30,Pass,53,215,Athletic Club,From Throw In,215,Athletic Club,6666.0,Sabin Merino Zuloaga,Left Wing,98.3,12.5,111.6,25.2,1.064237,False,,,,,,,True,18.389671,0.76232535,Ground Pass,,6842.0,Iker Muniain Goñi,False,False,left_to_right,False,98.3,12.5,111.6,25.2,False,True,False,False
ab9e500f-80b4-4dc4-8471-ebe661916556,3825747,756,1,00:23:09.236,23,9,42,Ball Receipt*,53,215,Athletic Club,From Throw In,215,Athletic Club,6842.0,Iker Muniain Goñi,Center Attacking Midfield,111.6,25.2,,,,False,,,,,,,False,,,,,,,False,False,left_to_right,False,111.6,25.2,,,False,False,False,False
3a97d7ec-cb78-429a-b251-5208a25eed8d,3825747,757,1,00:23:09.236,23,9,43,Carry,53,215,Athletic Club,From Throw In,215,Athletic Club,6842.0,Iker Muniain Goñi,Center Attacking Midfield,111.6,25.2,117.7,15.0,1.812222,False,,,,,,,False,,,,,,,False,False,left_to_right,False,111.6,25.2,117.7,15.0,False,False,False,False
b268da2b-0e9a-44c5-8c3f-d181c3d5be91,3825747,758,1,00:23:11.048,23,11,30,Pass,53,215,Athletic Club,From Throw In,215,Athletic Club,6842.0,Iker Muniain Goñi,Center Attacking Midfield,117.7,15.0,112.2,6.2,1.510759,False,,,,,,,True,10.377379,-2.1293957,Ground Pass,,6789.0,Mikel Balenziaga Oruesagasti,False,False,left_to_right,False,117.7,15.0,112.2,6.2,False,False,False,False
f091bcdd-ba32-4039-be72-b7b5c59d6770,3825747,759,1,00:23:12.559,23,12,42,Ball Receipt*,53,215,Athletic Club,From Throw In,215,Athletic Club,6789.0,Mikel Balenziaga Oruesagasti,Left Back,112.2,6.2,,,,False,,,,,,,False,,,,,,,False,False,left_to_right,False,112.2,6.2,,,False,False,False,False
e6c90c6e-48e5-44e1-ba44-b1393a308b6f,3825747,760,1,00:23:12.559,23,12,43,Carry,53,215,Athletic Club,From Throw In,215,Athletic Club,6789.0,Mikel Balenziaga Oruesagasti,Left Back,112.2,6.2,113.5,8.5,0.405172,False,,,,,,,False,,,,,,,False,False,left_to_right,False,112.2,6.2,113.5,8.5,False,False,False,False
f30bfdba-2dc4-4186-b75f-36cc7dde4cb8,3825747,761,1,00:23:12.964,23,12,30,Pass,53,215,Athletic Club,From Throw In,215,Athletic Club,6789.0,Mikel Balenziaga Oruesagasti,Left Back,113.5,8.5,116.2,43.5,2.158116,False,,,,,,Incomplete,False,35.10399,1.493806,High Pass,,,,False,False,left_to_right,False,113.5,8.5,116.2,43.5,False,True,False,True
712fa82a-d427-47f5-8e5d-059b1ec5d222,3825747,762,1,00:23:15.122,23,15,23,Goal Keeper,54,322,Eibar,From Keeper,322,Eibar,10763.0,Asier Riesgo Unamuno,Goalkeeper,3.9,36.6,,,0.0,False,,,,,,,False,,,,,,,False,False,left_to_right,False,3.9,36.6,,,False,False,False,False
fcc6fb59-7399-4188-8a48-f37873614f0d,3825747,763,1,00:23:15.122,23,15,43,Carry,54,322,Eibar,From Keeper,322,Eibar,10763.0,Asier Riesgo Unamuno,Goalkeeper,3.9,36.6,16.0,46.4,13.380869,False,,,,,,,False,,,,,,,False,False,left_to_right,False,3.9,36.6,16.0,46.4,False,False,False,False
5908a3ee-f942-42aa-b50b-7ef7fbe88457,3825747,764,1,00:23:28.503,23,28,30,Pass,54,322,Eibar,From Keeper,322,Eibar,10763.0,Asier Riesgo Unamuno,Goalkeeper,16.0,46.4,91.8,78.4,7.160984,False,,,,,,Out,False,82.277824,0.39946574,High Pass,,6700.0,Sergio Enrich Ametller,False,False,left_to_right,False,16.0,46.4,91.8,78.4,False,True,True,True
85f8cf05-d931-4862-984f-f6e693bfc7a6,3825747,765,1,00:23:35.664,23,35,42,Ball Receipt*,54,322,Eibar,From Keeper,322,Eibar,6700.0,Sergio Enrich Ametller,Left Center Forward,83.3,76.4,,,,False,,,,,,,False,,,,,,,False,False,left_to_right,False,83.3,76.4,,,False,False,False,False
8eb99738-94ff-4fed-9404-e53bcf3dfc07,3825747,766,1,00:23:40.340,23,40,30,Pass,55,215,Athletic Club,From Throw In,215,Athletic Club,6789.0,Mikel Balenziaga Oruesagasti,Left Back,31.8,0.1,49.3,4.8,1.486997,False,,,,,,,True,18.120155,0.26237985,High Pass,Throw-in,6666.0,Sabin Merino Zuloaga,False,False,left_to_right,False,31.8,0.1,49.3,4.8,False,False,False,False
5c9f4f26-c5fb-4e2a-92d6-947aed42db12,3825747,767,1,00:23:41.827,23,41,42,Ball Receipt*,55,215,Athletic Club,From Throw In,215,Athletic Club,6666.0,Sabin Merino Zuloaga,Left Wing,49.3,4.8,,,,False,,,,,,,False,,,,,,,False,False,left_to_right,False,49.3,4.8,,,False,False,False,False
152fc718-cccf-4fff-8d25-332b45d0828e,3825747,768,1,00:23:41.907,23,41,30,Pass,55,215,Athletic Club,From Throw In,215,Athletic Club,6666.0,Sabin Merino Zuloaga,Left Wing,49.8,4.4,55.4,18.3,1.959359,False,,,,,,Incomplete,False,14.98566,1.1878116,High Pass,,6394.0,Aritz Aduriz Zubeldia,False,False,left_to_right,False,49.8,4.4,55.4,18.3,False,False,False,True
e549941e-07ab-4cb9-9a0b-9ed0a51b44aa,3825747,769,1,00:23:43.866,23,43,42,Ball Receipt*,55,215,Athletic Club,From Throw In,215,Athletic Club,6394.0,Aritz Aduriz Zubeldia,Center Forward,58.7,17.5,,,,False,,,,,,,False,,,,,,,False,False,left_to_right,False,58.7,17.5,,,False,False,False,False
3eb8bf6f-4f96-485f-8c06-40bfa7d2fab9,3825747,770,1,00:23:43.866,23,43,30,Pass,55,215,Athletic Club,From Throw In,322,Eibar,6557.0,Adrián González Morales,Left Defensive Midfield,64.7,61.8,62.9,73.0,0.780784,False,,,,,,,True,11.34372,1.730148,Low Pass,Recovery,6699.0,Ander Capa Rodríguez,False,False,left_to_right,False,64.7,61.8,62.9,73.0,False,False,False,False
95f6ed95-e7e1-4ab3-8f31-e564d5f1a250,3825747,771,1,00:23:44.647,23,44,42,Ball Receipt*,55,215,Athletic Club,From Throw In,322,Eibar,6699.0,Ander Capa Rodríguez,Right Back,62.9,73.0,,,,False,,,,,,,False,,,,,,,False,False,left_to_right,False,62.9,73.0,,,False,False,False,False
b3c4be26-1a29-43d8-a057-45818b7a9e87,3825747,772,1,00:23:44.647,23,44,30,Pass,55,215,Athletic Club,From Throw In,322,Eibar,6699.0,Ander Capa Rodríguez,Right Back,63.1,72.6,86.6,62.6,3.101363,False,,,,,,Incomplete,False,25.539186,-0.4023211,High Pass,,6566.0,Borja González Tomás,False,False,left_to_right,False,63.1,72.6,86.6,62.6,False,True,True,True
fde351f1-d15b-4703-b23c-aa5d852f6d80,3825747,773,1,00:23:47.748,23,47,42,Ball Receipt*,55,215,Athletic Club,From Throw In,322,Eibar,6566.0,Borja González Tomás,Right Center Forward,84.7,62.4,,,,False,,,,,,,False,,,,,,,False,False,left_to_right,False,84.7,62.4,,,False,False,False,False
8d4b69d9-664a-4ef0-bb23-18d557a91087,3825747,774,1,00:23:47.748,23,47,4,Duel,55,215,Athletic Club,From Throw In,322,Eibar,6566.0,Borja González Tomás,Right Center Forward,86.6,62.6,,,0.0,True,,,,,,,False,,,,,,,False,False,left_to_right,False,86.6,62.6,,,False,False,False,False
9b05550d-d314-4200-ac9a-f4e3de0071a2,3825747,775,1,00:23:47.748,23,47,9,Clearance,55,215,Athletic Club,From Throw In,215,Athletic Club,4353.0,Aymeric Laporte,Left Center Back,33.5,17.5,,,0.0,True,,,,,,,False,,,,,,,False,False,left_to_right,False,33.5,17.5,,,False,False,False,False
1330a80e-37b4-49ff-91c1-83db6828e98e,3825747,776,1,00:23:48.980,23,48,30,Pass,55,215,Athletic Club,From Throw In,322,Eibar,6742.0,Sergio Gontán Gallardo,Right Midfield,83.3,65.5,110.5,47.8,2.593411,False,,,,,,Incomplete,False,32.451965,-0.57689196,High Pass,Recovery,6700.0,Sergio Enrich Ametller,False,False,left_to_right,False,83.3,65.5,110.5,47.8,False,True,False,True
74493623-00b0-43de-9ca3-335155671d9a,3825747,777,1,00:23:51.573,23,51,42,Ball Receipt*,55,215,Athletic Club,From Throw In,322,Eibar,6700.0,Sergio Enrich Ametller,Left Center Forward,107.8,48.2,,,,False,,,,,,,False,,,,,,,False,False,left_to_right,False,107.8,48.2,,,False,False,False,False
894a79c7-61a0-448b-895e-7da94ef92d35,3825747,778,1,00:23:51.573,23,51,2,Ball Recovery,55,215,Athletic Club,From Throw In,215,Athletic Club,6662.0,Iago Herrerín Buisán,Goalkeeper,9.6,32.3,,,0.0,False,,,,,,,False,,,,,,,False,False,left_to_right,False,9.6,32.3,,,False,False,False,False
b4060680-f975-44d3-a4ce-2cbe3c84616c,3825747,779,1,00:23:51.573,23,51,43,Carry,55,215,Athletic Club,From Throw In,215,Athletic Club,6662.0,Iago Herrerín Buisán,Goalkeeper,9.6,32.3,14.6,32.1,14.068227,False,,,,,,,False,,,,,,,False,False,left_to_right,False,9.6,32.3,14.6,32.1,False,False,False,False
3a237934-af0e-4e0b-b3cf-da316be77264,3825747,780,1,00:24:05.641,24,5,30,Pass,55,215,Athletic Club,From Throw In,215,Athletic Club,6662.0,Iago Herrerín Buisán,Goalkeeper,14.6,32.1,75.2,24.6,2.788347,False,,,,,,Incomplete,False,61.062344,-0.12313623,High Pass,,6666.0,Sabin Merino Zuloaga,False,False,left_to_right,False,14.6,32.1,75.2,24.6,False,True,False,True
0022cc6d-58fc-4692-a391-895f5cb9d28e,3825747,781,1,00:24:08.430,24,8,42,Ball Receipt*,55,215,Athletic Club,From Throw In,215,Athletic Club,6666.0,Sabin Merino Zuloaga,Left Wing,78.5,13.7,,,,False,,,,,,,False,,,,,,,False,False,left_to_right,False,78.5,13.7,,,False,False,False,False
df22274a-1a21-481e-b46a-6590c9a69cc1,3825747,782,1,00:24:08.430,24,8,30,Pass,55,215,Athletic Club,From Throw In,322,Eibar,6837.0,Mauro Javier Dos Santos,Right Center Back,44.9,55.5,87.4,78.6,3.726569,False,,,,,,Out,False,48.3721,0.49786183,High Pass,Recovery,,,False,False,left_to_right,False,44.9,55.5,87.4,78.6,False,True,True,True
8f06d23d-d2af-498b-aee8-5a29457d9af2,3825747,783,1,00:24:14.535,24,14,30,Pass,56,215,Athletic Club,From Throw In,215,Athletic Club,4353.0,Aymeric Laporte,Left Center Back,33.7,0.1,10.6,21.2,2.375504,False,,,,,,,True,31.286098,2.4014125,Low Pass,Throw-in,6662.0,Iago Herrerín Buisán,False,False,left_to_right,False,33.7,0.1,10.6,21.2,False,False,False,False
4ed52af3-7640-4917-9198-8be9807961f5,3825747,784,1,00:24:16.910,24,16,42,Ball Receipt*,56,215,Athletic Club,From Throw In,215,Athletic Club,6662.0,Iago Herrerín Buisán,Goalkeeper,10.6,21.2,,,,False,,,,,,,False,,,,,,,False,False,left_to_right,False,10.6,21.2,,,False,False,False,False
9b2deaf2-2231-4eed-980b-141b50a85a21,3825747,785,1,00:24:16.910,24,16,43,Carry,56,215,Athletic Club,From Throw In,215,Athletic Club,6662.0,Iago Herrerín Buisán,Goalkeeper,10.6,21.2,10.0,21.7,0.119999,False,,,,,,,False,,,,,,,False,False,left_to_right,False,10.6,21.2,10.0,21.7,False,False,False,False
6d33e83a-aecf-411b-a224-bc9afabc2180,3825747,786,1,00:24:17.030,24,17,30,Pass,56,215,Athletic Club,From Throw In,215,Athletic Club,6662.0,Iago Herrerín Buisán,Goalkeeper,10.0,21.7,20.8,8.1,1.470095,False,,,,,,,True,17.366634,-0.8996525,Ground Pass,,4353.0,Aymeric Laporte,False,False,left_to_right,False,10.0,21.7,20.8,8.1,False,False,False,False
a7a97f62-0494-4f39-bd60-d6ace0917a3c,3825747,787,1,00:24:18.500,24,18,42,Ball Receipt*,56,215,Athletic Club,From Throw In,215,Athletic Club,4353.0,Aymeric Laporte,Left Center Back,20.8,8.1,,,,False,,,,,,,False,,,,,,,False,False,left_to_right,False,20.8,8.1,,,False,False,False,False
74910ef9-b5d6-40ca-b715-3937624fb663,3825747,788,1,00:24:18.500,24,18,43,Carry,56,215,Athletic Club,From Throw In,215,Athletic Club,4353.0,Aymeric Laporte,Left Center Back,20.8,8.1,21.2,8.1,1.638459,True,,,,,,,False,,,,,,,False,False,left_to_right,False,20.8,8.1,21.2,8.1,False,False,False,False
9a249c23-d6f1-4059-947c-bba185c3e6a4,3825747,789,1,00:24:18.831,24,18,17,Pressure,56,215,Athletic Club,From Throw In,322,Eibar,6742.0,Sergio Gontán Gallardo,Right Midfield,93.5,73.4,,,0.653017,False,,,,,,,False,,,,,,,False,False,left_to_right,False,93.5,73.4,,,False,False,False,False
b99d922e-48d6-4cc9-b91d-4b532ea4d322,3825747,790,1,00:24:20.139,24,20,22,Foul Committed,56,215,Athletic Club,From Throw In,322,Eibar,6742.0,Sergio Gontán Gallardo,Right Midfield,98.9,72.0,,,0.0,False,,,,,,,False,,,,,,,False,False,left_to_right,False,98.9,72.0,,,False,False,False,False
161db40f-42a4-495e-809d-bd6634ef7d87,3825747,791,1,00:24:20.139,24,20,21,Foul Won,56,215,Athletic Club,From Throw In,215,Athletic Club,4353.0,Aymeric Laporte,Left Center Back,21.2,8.1,,,0.0,True,,,,,,,False,,,,,,,False,False,left_to_right,False,21.2,8.1,,,False,False,False,False
f916d354-2191-4c23-b70e-67fc6945fe6e,3825747,792,1,00:25:10.985,25,10,30,Pass,57,215,Athletic Club,From Free Kick,215,Athletic Club,6662.0,Iago Herrerín Buisán,Goalkeeper,20.8,11.7,77.4,28.5,3.450299,False,,,,,,Incomplete,False,59.040665,0.2885366,High Pass,Free Kick,6394.0,Aritz Aduriz Zubeldia,False,False,left_to_right,False,20.8,11.7,77.4,28.5,False,True,False,True
149352d5-245c-40ff-a915-ec5b35a14e28,3825747,793,1,00:25:14.435,25,14,42,Ball Receipt*,57,215,Athletic Club,From Free Kick,215,Athletic Club,6394.0,Aritz Aduriz Zubeldia,Center Forward,76.0,28.5,,,,False,,,,,,,False,,,,,,,False,False,left_to_right,False,76.0,28.5,,,False,False,False,False
c519ae00-7c4a-4a07-8613-37f9566343df,3825747,794,1,00:25:14.435,25,14,4,Duel,57,215,Athletic Club,From Free Kick,215,Athletic Club,6394.0,Aritz Aduriz Zubeldia,Center Forward,77.4,28.5,,,0.0,True,,,,,,,False,,,,,,,False,False,left_to_right,False,77.4,28.5,,,False,False,False,False
cfddf230-f499-4da8-8eff-32b7654e1397,3825747,795,1,00:25:14.435,25,14,9,Clearance,57,215,Athletic Club,From Free Kick,322,Eibar,6837.0,Mauro Javier Dos Santos,Right Center Back,42.7,51.6,,,0.0,True,,,,,,,False,,,,,,,False,False,left_to_right,False,42.7,51.6,,,False,False,False,False
5deb5ceb-2643-4ad3-9a03-57628b66dc0a,3825747,796,1,00:25:15.956,25,15,30,Pass,57,215,Athletic Club,From Free Kick,215,Athletic Club,6666.0,Sabin Merino Zuloaga,Left Wing,83.9,29.2,91.0,29.2,1.364954,False,,,,,,Incomplete,False,7.1,0.0,High Pass,Recovery,6842.0,Iker Muniain Goñi,False,False,left_to_right,False,83.9,29.2,91.0,29.2,False,False,False,True
37346b95-0f1c-49aa-8056-6f30289a9df5,3825747,797,1,00:25:17.321,25,17,42,Ball Receipt*,57,215,Athletic Club,From Free Kick,215,Athletic Club,6842.0,Iker Muniain Goñi,Center Attacking Midfield,90.0,25.4,,,,False,,,,,,,False,,,,,,,False,False,left_to_right,False,90.0,25.4,,,False,False,False,False
9615cda2-ccc6-4e46-ab18-0b123edbffe9,3825747,798,1,00:25:17.321,25,17,4,Duel,57,215,Athletic Club,From Free Kick,215,Athletic Club,6842.0,Iker Muniain Goñi,Center Attacking Midfield,91.0,29.2,,,0.0,True,,,,,,,False,,,,,,,False,False,left_to_right,False,91.0,29.2,,,False,False,False,False
802d3f17-c51f-44c7-b3bb-3bd26e151a49,3825747,799,1,00:25:17.321,25,17,30,Pass,58,322,Eibar,Regular Play,322,Eibar,6699.0,Ander Capa Rodríguez,Right Back,29.1,50.9,29.5,55.9,1.545548,True,,,,,,,True,5.0159745,1.4909663,High Pass,Recovery,6775.0,Daniel García Carrillo,False,False,left_to_right,False,29.1,50.9,29.5,55.9,False,False,False,False
bfc47296-b896-4507-a5fe-040a29982cbf,3825747,800,1,00:25:18.290,25,18,17,Pressure,58,322,Eibar,Regular Play,215,Athletic Club,6666.0,Sabin Merino Zuloaga,Left Wing,86.2,26.2,,,0.659438,False,,,,,,,False,,,,,,,False,False,left_to_right,False,86.2,26.2,,,False,False,False,False
0bdd28aa-8008-47c8-9bda-1ff44d34bc88,3825747,801,1,00:25:18.867,25,18,42,Ball Receipt*,58,322,Eibar,Regular Play,322,Eibar,6775.0,Daniel García Carrillo,Right Defensive Midfield,29.5,55.9,,,,True,,,,,,,False,,,,,,,False,False,left_to_right,False,29.5,55.9,,,False,False,False,False
da6d40b4-f332-4078-ac7b-cf45642064cb,3825747,802,1,00:25:18.867,25,18,30,Pass,58,322,Eibar,Regular Play,322,Eibar,6775.0,Daniel García Carrillo,Right Defensive Midfield,30.4,56.4,61.6,58.6,2.797976,True,,,,,,,True,31.277468,0.070396304,High Pass,,6700.0,Sergio Enrich Ametller,False,False,left_to_right,False,30.4,56.4,61.6,58.6,False,True,False,False
101a010e-3f84-4394-9738-4b47868517fb,3825747,803,1,00:25:21.665,25,21,42,Ball Receipt*,58,322,Eibar,Regular Play,322,Eibar,6700.0,Sergio Enrich Ametller,Left Center Forward,61.6,58.6,,,,False,,,,,,,False,,,,,,,False,False,left_to_right,False,61.6,58.6,,,False,False,False,False
d9a71886-351f-483c-b68c-ec6e72268096,3825747,804,1,00:25:21.667,25,21,4,Duel,58,322,Eibar,Regular Play,215,Athletic Club,6389.0,Mikel San José Domínguez,Right Defensive Midfield,57.9,21.4,,,0.0,True,,,,,,,False,,,,,,,False,False,left_to_right,False,57.9,21.4,,,False,False,False,False
156ec3d6-986c-4caf-b0e2-77a6fb0d38ba,3825747,805,1,00:25:21.667,25,21,30,Pass,58,322,Eibar,Regular Play,322,Eibar,6700.0,Sergio Enrich Ametller,Left Center Forward,62.2,58.7,66.8,69.1,2.283312,True,,,,,,,True,11.371895,1.1543577,High Pass,,6742.0,Sergio Gontán Gallardo,False,False,left_to_right,False,62.2,58.7,66.8,69.1,False,False,False,False
19b0204b-b533-40f8-b95a-de6868a995df,3825747,806,1,00:25:23.950,25,23,42,Ball Receipt*,58,322,Eibar,Regular Play,322,Eibar,6742.0,Sergio Gontán Gallardo,Right Midfield,66.8,69.1,,,,False,,,,,,,False,,,,,,,False,False,left_to_right,False,66.8,69.1,,,False,False,False,False
ec4a04cb-0f33-4fe5-b370-8cce300eb76e,3825747,807,1,00:25:23.950,25,23,43,Carry,58,322,Eibar,Regular Play,322,Eibar,6742.0,Sergio Gontán Gallardo,Right Midfield,66.8,69.1,70.8,72.0,3.648209,True,,,,,,,False,,,,,,,False,False,left_to_right,False,66.8,69.1,70.8,72.0,False,False,False,False
2ad71f48-1c46-435a-8bbc-3b317c1fe41f,3825747,808,1,00:25:24.241,25,24,17,Pressure,58,322,Eibar,Regular Play,215,Athletic Club,6789.0,Mikel Balenziaga Oruesagasti,Left Back,53.7,14.0,,,0.996966,False,,,,,,,False,,,,,,,False,False,left_to_right,False,53.7,14.0,,,False,False,False,False
dcc02580-81be-4c7f-8d2f-90d7d7bb1a31,3825747,809,1,00:25:27.599,25,27,30,Pass,58,322,Eibar,Regular Play,322,Eibar,6742.0,Sergio Gontán Gallardo,Right Midfield,70.8,72.0,105.8,65.1,3.879033,False,,,,,,Incomplete,False,35.67366,-0.1946468,Ground Pass,,6700.0,Sergio Enrich Ametller,False,False,left_to_right,False,70.8,72.0,105.8,65.1,False,True,True,True
4800297e-61ce-439a-ab23-57933c9fc9c8,3825747,810,1,00:25:31.478,25,31,42,Ball Receipt*,58,322,Eibar,Regular Play,322,Eibar,6700.0,Sergio Enrich Ametller,Left Center Forward,96.8,65.5,,,,False,,,,,,,False,,,,,,,False,False,left_to_right,False,96.8,65.5,,,False,False,False,False
4325645d-e512-48e7-ad40-eb8b4620a628,3825747,811,1,00:25:31.478,25,31,23,Goal Keeper,58,322,Eibar,Regular Play,215,Athletic Club,6662.0,Iago Herrerín Buisán,Goalkeeper,14.3,15.0,,,0.0,False,,,,,,,False,,,,,,,False,False,left_to_right,False,14.3,15.0,,,False,False,False,False
9fdfba4a-1d82-421d-9a67-b868d3a0563c,3825747,812,1,00:25:33.791,25,33,2,Ball Recovery,59,215,Athletic Club,Regular Play,215,Athletic Club,6394.0,Aritz Aduriz Zubeldia,Center Forward,56.6,12.3,,,0.0,False,,,,,,,False,,,,,,,False,False,left_to_right,False,56.6,12.3,,,False,False,False,False
f514d892-5ad3-44ce-9dd5-c2cf6a73ef1d,3825747,813,1,00:25:33.791,25,33,43,Carry,59,215,Athletic Club,Regular Play,215,Athletic Club,6394.0,Aritz Aduriz Zubeldia,Center Forward,56.6,12.3,62.0,12.3,1.82528,False,,,,,,,False,,,,,,,False,False,left_to_right,False,56.6,12.3,62.0,12.3,False,False,False,False
47af5f77-f7ef-49c7-aecf-a814cb734696,3825747,814,1,00:25:35.617,25,35,30,Pass,59,215,Athletic Club,Regular Play,215,Athletic Club,6394.0,Aritz Aduriz Zubeldia,Center Forward,62.0,12.3,73.3,12.7,0.35451,False,,,,,,Incomplete,False,11.307077,0.035383455,Ground Pass,,6666.0,Sabin Merino Zuloaga,False,False,left_to_right,False,62.0,12.3,73.3,12.7,False,False,False,True
cf1cff54-7bbe-4e28-93f7-8be71b8d8c05,3825747,815,1,00:25:35.971,25,35,42,Ball Receipt*,59,215,Athletic Club,Regular Play,215,Athletic Club,6666.0,Sabin Merino Zuloaga,Left Wing,78.7,10.0,,,,False,,,,,,,False,,,,,,,False,False,left_to_right,False,78.7,10.0,,,False,False,False,False
66cfa1ac-7add-454d-8fb8-18d3d95978cd,3825747,816,1,00:25:35.971,25,35,10,Interception,59,215,Athletic Club,Regular Play,322,Eibar,6699.0,Ander Capa Rodríguez,Right Back,46.8,67.4,,,0.0,False,,,,,,,False,,,,,,,False,False,left_to_right,False,46.8,67.4,,,False,False,False,False
9b2aa221-9041-4a5a-94c3-48b76d2f4ff8,3825747,817,1,00:25:39.448,25,39,9,Clearance,59,215,Athletic Club,Regular Play,322,Eibar,10763.0,Asier Riesgo Unamuno,Goalkeeper,4.7,64.9,,,0.0,True,,,,,,,False,,,,,,,False,False,left_to_right,False,4.7,64.9,,,False,False,False,False
b652e3b9-efd7-4030-aed6-475cfabf77de,3825747,818,1,00:25:45.652,25,45,30,Pass,59,215,Athletic Club,Regular Play,215,Athletic Club,4353.0,Aymeric Laporte,Left Center Back,41.0,27.5,14.4,45.2,2.55628,False,,,,,,,True,31.950743,2.5544581,Low Pass,Recovery,6662.0,Iago Herrerín Buisán,False,False,left_to_right,False,41.0,27.5,14.4,45.2,False,False,False,False
801be8f2-2f87-4433-a5be-156bd5e0c4ac,3825747,819,1,00:25:48.209,25,48,42,Ball Receipt*,59,215,Athletic Club,Regular Play,215,Athletic Club,6662.0,Iago Herrerín Buisán,Goalkeeper,14.4,45.2,,,,False,,,,,,,False,,,,,,,False,False,left_to_right,False,14.4,45.2,,,False,False,False,False
d870d350-6453-402f-94a2-65932fb56f33,3825747,820,1,00:25:48.209,25,48,43,Carry,59,215,Athletic Club,Regular Play,215,Athletic Club,6662.0,Iago Herrerín Buisán,Goalkeeper,14.4,45.2,14.6,46.9,2.552209,True,,,,,,,False,,,,,,,False,False,left_to_right,False,14.4,45.2,14.6,46.9,False,False,False,False
65a5ee96-89f6-48b3-a9bf-c4fc922a2f71,3825747,821,1,00:25:49.751,25,49,17,Pressure,59,215,Athletic Club,Regular Play,322,Eibar,6566.0,Borja González Tomás,Right Center Forward,103.5,38.4,,,0.91396,False,,,,,,,False,,,,,,,False,False,left_to_right,False,103.5,38.4,,,False,False,False,False
99fa5cba-0fce-468a-ac93-58a90a5ace6d,3825747,822,1,00:25:50.761,25,50,30,Pass,59,215,Athletic Club,Regular Play,215,Athletic Club,6662.0,Iago Herrerín Buisán,Goalkeeper,14.6,46.9,66.0,26.5,3.120016,False,,,,,,Incomplete,False,55.30027,-0.37782001,High Pass,,6394.0,Aritz Aduriz Zubeldia,False,False,left_to_right,False,14.6,46.9,66.0,26.5,False,True,False,True
c2b09707-0919-4826-ae8e-8ae4c52b697f,3825747,823,1,00:25:53.881,25,53,42,Ball Receipt*,59,215,Athletic Club,Regular Play,215,Athletic Club,6394.0,Aritz Aduriz Zubeldia,Center Forward,66.0,28.5,,,,False,,,,,,,False,,,,,,,False,False,left_to_right,False,66.0,28.5,,,False,False,False,False
5fd4aa2b-35a5-421b-b7fb-b8e9f970fef0,3825747,824,1,00:25:53.881,25,53,4,Duel,59,215,Athletic Club,Regular Play,215,Athletic Club,6394.0,Aritz Aduriz Zubeldia,Center Forward,66.0,26.5,,,0.0,True,,,,,,,False,,,,,,,False,False,left_to_right,False,66.0,26.5,,,False,False,False,False
568626d2-30bd-4d8e-a886-c96efa11d2e3,3825747,825,1,00:25:53.881,25,53,30,Pass,59,215,Athletic Club,Regular Play,322,Eibar,6699.0,Ander Capa Rodríguez,Right Back,54.1,53.6,64.7,59.3,1.272334,True,,,,,,Incomplete,False,12.035364,0.4933786,High Pass,Recovery,6742.0,Sergio Gontán Gallardo,False,False,left_to_right,False,54.1,53.6,64.7,59.3,False,False,False,True
2f710813-8f42-4e63-a8d7-0c9a8182fe16,3825747,826,1,00:25:55.153,25,55,42,Ball Receipt*,59,215,Athletic Club,Regular Play,322,Eibar,6742.0,Sergio Gontán Gallardo,Right Midfield,61.6,58.2,,,,False,,,,,,,False,,,,,,,False,False,left_to_right,False,61.6,58.2,,,False,False,False,False
1e0e598f-4829-42fc-9a00-d7fba2a38040,3825747,827,1,00:25:55.153,25,55,30,Pass,59,215,Athletic Club,Regular Play,215,Athletic Club,6789.0,Mikel Balenziaga Oruesagasti,Left Back,55.4,20.8,71.8,30.4,1.435307,False,,,,,,,True,19.003159,0.5295896,High Pass,Recovery,6842.0,Iker Muniain Goñi,False,False,left_to_right,False,55.4,20.8,71.8,30.4,False,True,False,False
fa398c4b-728f-4b66-8c45-d8714af4af13,3825747,828,1,00:25:56.589,25,56,42,Ball Receipt*,59,215,Athletic Club,Regular Play,215,Athletic Club,6842.0,Iker Muniain Goñi,Center Attacking Midfield,71.8,30.4,,,,False,,,,,,,False,,,,,,,False,False,left_to_right,False,71.8,30.4,,,False,False,False,False
afb3fdc6-7d14-4397-a4f4-bf7af77c108a,3825747,829,1,00:25:56.589,25,56,43,Carry,59,215,Athletic Club,Regular Play,215,Athletic Club,6842.0,Iker Muniain Goñi,Center Attacking Midfield,71.8,30.4,72.5,30.4,0.093279004,False,,,,,,,False,,,,,,,False,False,left_to_right,False,71.8,30.4,72.5,30.4,False,False,False,False
7df484cd-a64a-484c-aecb-2107395ce16b,3825747,830,1,00:25:56.682,25,56,30,Pass,59,215,Athletic Club,Regular Play,215,Athletic Club,6842.0,Iker Muniain Goñi,Center Attacking Midfield,72.5,30.4,64.5,25.0,0.80152,False,,,,,,,True,9.651943,-2.547843,Low Pass,,6394.0,Aritz Aduriz Zubeldia,False,False,left_to_right,False,72.5,30.4,64.5,25.0,False,False,False,False
2a761436-d01a-4ace-acc1-ae713698b826,3825747,831,1,00:25:57.483,25,57,42,Ball Receipt*,59,215,Athletic Club,Regular Play,215,Athletic Club,6394.0,Aritz Aduriz Zubeldia,Center Forward,64.5,25.0,,,,False,,,,,,,False,,,,,,,False,False,left_to_right,False,64.5,25.0,,,False,False,False,False
a8742b0c-fe90-4c2d-9e44-7d20e5bc0bfa,3825747,832,1,00:25:57.483,25,57,43,Carry,59,215,Athletic Club,Regular Play,215,Athletic Club,6394.0,Aritz Aduriz Zubeldia,Center Forward,64.5,25.0,64.5,25.0,0.040000003,False,,,,,,,False,,,,,,,False,False,left_to_right,False,64.5,25.0,64.5,25.0,False,False,False,False
af738f35-f231-410a-b5ba-9386c9947131,3825747,833,1,00:25:57.523,25,57,30,Pass,59,215,Athletic Club,Regular Play,215,Athletic Club,6394.0,Aritz Aduriz Zubeldia,Center Forward,64.5,25.0,92.5,20.2,1.978461,False,,,,,,,True,28.40845,-0.16977827,High Pass,,6666.0,Sabin Merino Zuloaga,False,False,left_to_right,False,64.5,25.0,92.5,20.2,False,True,True,False
cb9443bc-4da7-444b-9b4e-225360c7f5c0,3825747,834,1,00:25:59.502,25,59,42,Ball Receipt*,59,215,Athletic Club,Regular Play,215,Athletic Club,6666.0,Sabin Merino Zuloaga,Left Wing,92.5,20.2,,,,False,,,,,,,False,,,,,,,False,False,left_to_right,False,92.5,20.2,,,False,False,False,False
490e231f-66b3-4a90-8eca-d07a09dcb8fc,3825747,835,1,00:25:59.502,25,59,43,Carry,59,215,Athletic Club,Regular Play,215,Athletic Club,6666.0,Sabin Merino Zuloaga,Left Wing,92.5,20.2,106.4,25.0,1.547302,False,,,,,,,False,,,,,,,False,False,left_to_right,False,92.5,20.2,106.4,25.0,True,False,False,False
862cb1c6-ae0d-404c-ac17-63e4effaf954,3825747,836,1,00:26:01.049,26,1,38,Miscontrol,59,215,Athletic Club,Regular Play,215,Athletic Club,6666.0,Sabin Merino Zuloaga,Left Wing,106.4,25.0,,,0.0,False,,,,,,,False,,,,,,,False,False,left_to_right,False,106.4,25.0,,,False,False,False,True
3d8ec72d-d9e4-4a1c-8ece-837239ffcdda,3825747,837,1,00:26:01.974,26,1,9,Clearance,59,215,Athletic Club,Regular Play,322,Eibar,6699.0,Ander Capa Rodríguez,Right Back,11.4,50.7,,,0.0,True,,,,,,,False,,,,,,,False,False,left_to_right,False,11.4,50.7,,,False,False,False,False
266b35a8-7aec-4ada-b140-c355952d3f24,3825747,838,1,00:26:02.128,26,2,6,Block,59,215,Athletic Club,Regular Play,322,Eibar,6699.0,Ander Capa Rodríguez,Right Back,9.9,50.5,,,0.0,False,,,,,,,False,,,,,,,False,False,left_to_right,False,9.9,50.5,,,False,False,False,False
e9a8b965-600b-4f62-95b4-2964592e8dc3,3825747,839,1,00:26:02.716,26,2,9,Clearance,59,215,Athletic Club,Regular Play,322,Eibar,27239.0,Aleksandar Pantić,Left Center Back,7.4,45.5,,,0.0,True,,,,,,,False,,,,,,,False,False,left_to_right,False,7.4,45.5,,,False,False,False,False
b5c5554b-c0e3-460f-b562-f6af935ad10c,3825747,840,1,00:26:33.649,26,33,30,Pass,60,215,Athletic Club,From Corner,215,Athletic Club,6396.0,Beñat Etxebarria Urkiaga,Left Defensive Midfield,120.0,0.1,117.4,29.6,0.908829,False,,,,,,,True,29.614355,1.6587048,High Pass,Corner,6666.0,Sabin Merino Zuloaga,False,True,left_to_right,False,120.0,0.1,117.4,29.6,False,True,False,False
b5d00d94-fca9-4692-885d-6843d5dfb9c7,3825747,841,1,00:26:34.546,26,34,42,Ball Receipt*,60,215,Athletic Club,From Corner,215,Athletic Club,6666.0,Sabin Merino Zuloaga,Left Wing,117.4,29.6,,,,False,,,,,,,False,,,,,,,False,False,left_to_right,False,117.4,29.6,,,False,False,False,False
557a7261-872e-4fd6-84eb-c24886258484,3825747,842,1,00:26:34.546,26,34,16,Shot,60,215,Athletic Club,From Corner,215,Athletic Club,6666.0,Sabin Merino Zuloaga,Left Wing,118.8,30.7,120.0,42.8,1.01918,False,0.015306678,Goal,Head,Normal,Open Play,,False,,,,,,,False,False,left_to_right,False,118.8,30.7,120.0,42.8,False,False,False,False
d5b61c52-de3b-449f-8403-1ec47dbd99c5,3825747,843,1,00:26:35.565,26,35,23,Goal Keeper,60,215,Athletic Club,From Corner,322,Eibar,10763.0,Asier Riesgo Unamuno,Goalkeeper,1.1,40.8,,,0.0,False,,,,,,,False,,,,,,,False,False,left_to_right,False,1.1,40.8,,,False,False,False,False
68bc73b9-d9b7-47be-a788-ebdf6f22ebbe,3825747,844,1,00:27:34.750,27,34,30,Pass,61,322,Eibar,From Kick Off,322,Eibar,6700.0,Sergio Enrich Ametller,Left Center Forward,60.0,40.0,59.5,41.4,0.612099,False,,,,,,,True,1.4866068,1.9138203,Ground Pass,Kick Off,6566.0,Borja González Tomás,False,False,left_to_right,False,60.0,40.0,59.5,41.4,False,False,False,False
5c48b6a6-c592-4e10-a750-cd58f7082990,3825747,845,1,00:27:35.362,27,35,42,Ball Receipt*,61,322,Eibar,From Kick Off,322,Eibar,6566.0,Borja González Tomás,Right Center Forward,59.5,41.4,,,,False,,,,,,,False,,,,,,,False,False,left_to_right,False,59.5,41.4,,,False,False,False,False
e98cf51a-265b-4d7b-8ce5-7290576c6564,3825747,846,1,00:27:35.362,27,35,30,Pass,61,322,Eibar,From Kick Off,322,Eibar,6566.0,Borja González Tomás,Right Center Forward,59.5,41.4,47.9,33.2,1.05334,False,,,,,,,True,14.205632,-2.5262532,Ground Pass,,6557.0,Adrián González Morales,False,False,left_to_right,False,59.5,41.4,47.9,33.2,False,False,False,False
dace946e-4e48-488a-9110-bf23a5ed9fff,3825747,847,1,00:27:36.415,27,36,42,Ball Receipt*,61,322,Eibar,From Kick Off,322,Eibar,6557.0,Adrián González Morales,Left Defensive Midfield,47.9,33.2,,,,False,,,,,,,False,,,,,,,False,False,left_to_right,False,47.9,33.2,,,False,False,False,False
94485405-9432-440f-b032-f0838c163284,3825747,848,1,00:27:36.415,27,36,43,Carry,61,322,Eibar,From Kick Off,322,Eibar,6557.0,Adrián González Morales,Left Defensive Midfield,47.9,33.2,46.0,29.3,1.0685,False,,,,,,,False,,,,,,,False,False,left_to_right,False,47.9,33.2,46.0,29.3,False,False,False,False
73f43c27-d036-4831-8723-f000d566864c,3825747,849,1,00:27:37.484,27,37,30,Pass,61,322,Eibar,From Kick Off,322,Eibar,6557.0,Adrián González Morales,Left Defensive Midfield,46.0,29.3,44.5,10.7,0.839999,False,,,,,,,True,18.660385,-1.6512673,Ground Pass,,6776.0,David Juncà Reñé,False,False,left_to_right,False,46.0,29.3,44.5,10.7,False,False,False,False
f80becff-b49d-42c5-9cf5-bb87073c0b84,3825747,850,1,00:27:38.324,27,38,42,Ball Receipt*,61,322,Eibar,From Kick Off,322,Eibar,6776.0,David Juncà Reñé,Left Back,44.5,10.7,,,,False,,,,,,,False,,,,,,,False,False,left_to_right,False,44.5,10.7,,,False,False,False,False
69ac7705-df64-46a5-94a0-9d2a5394c6a7,3825747,851,1,00:27:38.324,27,38,43,Carry,61,322,Eibar,From Kick Off,322,Eibar,6776.0,David Juncà Reñé,Left Back,44.5,10.7,43.7,8.9,0.781332,False,,,,,,,False,,,,,,,False,False,left_to_right,False,44.5,10.7,43.7,8.9,False,False,False,False
48b5fda7-1575-4fe3-8bf7-9cc43d7aa7ff,3825747,852,1,00:27:39.105,27,39,30,Pass,61,322,Eibar,From Kick Off,322,Eibar,6776.0,David Juncà Reñé,Left Back,43.7,8.9,56.4,1.2,1.684211,False,,,,,,,True,14.851936,-0.5450384,Ground Pass,,24070.0,Saúl Berjón Pérez,False,False,left_to_right,False,43.7,8.9,56.4,1.2,False,False,False,False
ff298556-552a-4bc1-82c7-ab31974004b3,3825747,853,1,00:27:40.789,27,40,42,Ball Receipt*,61,322,Eibar,From Kick Off,322,Eibar,24070.0,Saúl Berjón Pérez,Left Midfield,56.4,1.2,,,,False,,,,,,,False,,,,,,,False,False,left_to_right,False,56.4,1.2,,,False,False,False,False
d4df94b1-b5a1-4961-94fe-3e5676e36f3c,3825747,854,1,00:27:40.789,27,40,43,Carry,61,322,Eibar,From Kick Off,322,Eibar,24070.0,Saúl Berjón Pérez,Left Midfield,56.4,1.2,56.4,1.2,0.217808,False,,,,,,,False,,,,,,,False,False,left_to_right,False,56.4,1.2,56.4,1.2,False,False,False,False
5cbe3503-f135-43e3-8933-44d6168a7b8c,3825747,855,1,00:27:41.007,27,41,30,Pass,61,322,Eibar,From Kick Off,322,Eibar,24070.0,Saúl Berjón Pérez,Left Midfield,56.4,1.2,61.4,9.5,0.823464,False,,,,,,,True,9.689685,1.0286069,Ground Pass,,6776.0,David Juncà Reñé,False,False,left_to_right,False,56.4,1.2,61.4,9.5,False,False,False,False
601a53a8-7e61-4f45-b1cf-40152b780c6c,3825747,856,1,00:27:41.831,27,41,42,Ball Receipt*,61,322,Eibar,From Kick Off,322,Eibar,6776.0,David Juncà Reñé,Left Back,61.4,9.5,,,,False,,,,,,,False,,,,,,,False,False,left_to_right,False,61.4,9.5,,,False,False,False,False
a3f5e0e6-94c0-49e5-94c8-43052ff37f9e,3825747,857,1,00:27:41.831,27,41,43,Carry,61,322,Eibar,From Kick Off,322,Eibar,6776.0,David Juncà Reñé,Left Back,61.4,9.5,61.4,9.5,0.13478,False,,,,,,,False,,,,,,,False,False,left_to_right,False,61.4,9.5,61.4,9.5,False,False,False,False
105b05ac-b391-4e71-a4dd-e202d19af711,3825747,858,1,00:27:41.965,27,41,30,Pass,61,322,Eibar,From Kick Off,322,Eibar,6776.0,David Juncà Reñé,Left Back,61.4,9.5,53.9,2.4,1.071169,False,,,,,,,True,10.327633,-2.383585,Ground Pass,,24070.0,Saúl Berjón Pérez,False,False,left_to_right,False,61.4,9.5,53.9,2.4,False,False,False,False
8f895f82-0d3f-4b30-bfa1-8c1aba209b20,3825747,859,1,00:27:43.037,27,43,42,Ball Receipt*,61,322,Eibar,From Kick Off,322,Eibar,24070.0,Saúl Berjón Pérez,Left Midfield,53.9,2.4,,,,False,,,,,,,False,,,,,,,False,False,left_to_right,False,53.9,2.4,,,False,False,False,False
bb6e381c-e18a-46ce-a2fb-e4116d9180ae,3825747,860,1,00:27:43.037,27,43,43,Carry,61,322,Eibar,From Kick Off,322,Eibar,24070.0,Saúl Berjón Pérez,Left Midfield,53.9,2.4,49.1,1.8,1.153354,False,,,,,,,False,,,,,,,False,False,left_to_right,False,53.9,2.4,49.1,1.8,False,False,False,False
b8bc774f-f4b6-4e60-94b5-ddb540862962,3825747,861,1,00:27:44.190,27,44,30,Pass,61,322,Eibar,From Kick Off,322,Eibar,24070.0,Saúl Berjón Pérez,Left Midfield,49.1,1.8,49.1,23.9,1.147817,False,,,,,,Incomplete,False,22.1,1.5707964,Ground Pass,,6775.0,Daniel García Carrillo,False,False,left_to_right,False,49.1,1.8,49.1,23.9,False,False,False,True
c88f009e-c6c3-4526-859a-af0a2949ea27,3825747,862,1,00:27:45.338,27,45,42,Ball Receipt*,61,322,Eibar,From Kick Off,322,Eibar,6775.0,Daniel García Carrillo,Right Defensive Midfield,48.7,26.2,,,,False,,,,,,,False,,,,,,,False,False,left_to_right,False,48.7,26.2,,,False,False,False,False
2951aafd-ba4f-4a71-98bb-a944c7e4090a,3825747,863,1,00:27:45.338,27,45,10,Interception,61,322,Eibar,From Kick Off,215,Athletic Club,6396.0,Beñat Etxebarria Urkiaga,Left Defensive Midfield,71.0,56.2,,,0.0,False,,,,,,,False,,,,,,,False,False,left_to_right,False,71.0,56.2,,,False,False,False,False
212aca65-68cc-41b4-8bd2-aaacedd74544,3825747,864,1,00:27:48.412,27,48,2,Ball Recovery,61,322,Eibar,From Kick Off,322,Eibar,6837.0,Mauro Javier Dos Santos,Right Center Back,28.3,53.6,,,0.0,False,,,,,,,False,,,,,,,False,False,left_to_right,False,28.3,53.6,,,False,False,False,False
43ae10d4-258e-4aba-94e4-a0bd49175745,3825747,865,1,00:27:48.412,27,48,43,Carry,61,322,Eibar,From Kick Off,322,Eibar,6837.0,Mauro Javier Dos Santos,Right Center Back,28.3,53.6,50.4,62.8,6.504123,False,,,,,,,False,,,,,,,False,False,left_to_right,False,28.3,53.6,50.4,62.8,False,False,False,False
9f9bd924-8f7e-439a-8f0d-d0cff46be3ee,3825747,866,1,00:27:54.916,27,54,30,Pass,61,322,Eibar,From Kick Off,322,Eibar,6837.0,Mauro Javier Dos Santos,Right Center Back,50.4,62.8,85.2,8.7,3.508289,False,,,,,,,True,64.32612,-0.99917865,High Pass,,24070.0,Saúl Berjón Pérez,False,False,left_to_right,False,50.4,62.8,85.2,8.7,False,True,True,False
9434fbf3-353f-4ceb-a08e-c49c9bb93a4e,3825747,867,1,00:27:58.225,27,58,17,Pressure,61,322,Eibar,From Kick Off,215,Athletic Club,6649.0,Óscar de Marcos Arana,Right Back,34.1,70.6,,,1.296831,False,,,,,,,False,,,,,,,False,False,left_to_right,False,34.1,70.6,,,False,False,False,False
c7bc43cb-ce7a-4794-9e3f-49b4beffed6a,3825747,868,1,00:27:58.424,27,58,42,Ball Receipt*,61,322,Eibar,From Kick Off,322,Eibar,24070.0,Saúl Berjón Pérez,Left Midfield,85.2,8.7,,,,True,,,,,,,False,,,,,,,False,False,left_to_right,False,85.2,8.7,,,False,False,False,False
45605e1f-77df-41c6-bc2b-a26e1c15c3a5,3825747,869,1,00:27:58.424,27,58,38,Miscontrol,61,322,Eibar,From Kick Off,322,Eibar,24070.0,Saúl Berjón Pérez,Left Midfield,85.8,8.0,,,0.0,True,,,,,,,False,,,,,,,False,False,left_to_right,False,85.8,8.0,,,False,False,False,True
d1ddde80-ee79-453c-b252-11d8137469f8,3825747,870,1,00:28:04.741,28,4,30,Pass,62,215,Athletic Club,From Throw In,215,Athletic Club,6649.0,Óscar de Marcos Arana,Right Back,19.4,80.0,10.7,72.1,0.581502,False,,,,,,,True,11.7515955,-2.40435,Low Pass,Throw-in,6386.0,Eneko Bóveda Altube,False,False,left_to_right,False,19.4,80.0,10.7,72.1,False,False,False,False
b8d16dcc-d839-4303-920b-0b5e291c4ad9,3825747,871,1,00:28:05.322,28,5,42,Ball Receipt*,62,215,Athletic Club,From Throw In,215,Athletic Club,6386.0,Eneko Bóveda Altube,Right Center Back,10.7,72.1,,,,False,,,,,,,False,,,,,,,False,False,left_to_right,False,10.7,72.1,,,False,False,False,False
99d22804-78b0-4d1f-bb8f-8faa6a999c20,3825747,872,1,00:28:05.322,28,5,43,Carry,62,215,Athletic Club,From Throw In,215,Athletic Club,6386.0,Eneko Bóveda Altube,Right Center Back,10.7,72.1,11.0,72.4,0.262092,False,,,,,,,False,,,,,,,False,False,left_to_right,False,10.7,72.1,11.0,72.4,False,False,False,False
d13f9f13-3e65-4df9-a662-b1d5a9a8cf03,3825747,873,1,00:28:05.584,28,5,30,Pass,62,215,Athletic Club,From Throw In,215,Athletic Club,6386.0,Eneko Bóveda Altube,Right Center Back,11.0,72.4,18.1,77.1,1.039069,False,,,,,,,True,8.514693,0.5847453,Low Pass,,6649.0,Óscar de Marcos Arana,False,False,left_to_right,False,11.0,72.4,18.1,77.1,False,False,False,False
fccbd91b-fa87-4675-b899-28a53315998a,3825747,874,1,00:28:06.623,28,6,42,Ball Receipt*,62,215,Athletic Club,From Throw In,215,Athletic Club,6649.0,Óscar de Marcos Arana,Right Back,18.1,77.1,,,,False,,,,,,,False,,,,,,,False,False,left_to_right,False,18.1,77.1,,,False,False,False,False
b0e78585-ec00-45a1-90d4-8e85e2ccfcde,3825747,875,1,00:28:06.623,28,6,43,Carry,62,215,Athletic Club,From Throw In,215,Athletic Club,6649.0,Óscar de Marcos Arana,Right Back,18.1,77.1,19.1,76.5,0.159999,False,,,,,,,False,,,,,,,False,False,left_to_right,False,18.1,77.1,19.1,76.5,False,False,False,False
c47a8e70-e805-42d8-b78f-295525523152,3825747,876,1,00:28:06.783,28,6,30,Pass,62,215,Athletic Club,From Throw In,215,Athletic Club,6649.0,Óscar de Marcos Arana,Right Back,19.1,76.5,10.7,70.3,1.291798,False,,,,,,,True,10.440307,-2.5057542,Ground Pass,,6386.0,Eneko Bóveda Altube,False,False,left_to_right,False,19.1,76.5,10.7,70.3,False,False,False,False
32f0e995-3457-44ec-b798-5c55e67ba309,3825747,877,1,00:28:08.075,28,8,42,Ball Receipt*,62,215,Athletic Club,From Throw In,215,Athletic Club,6386.0,Eneko Bóveda Altube,Right Center Back,10.7,70.3,,,,False,,,,,,,False,,,,,,,False,False,left_to_right,False,10.7,70.3,,,False,False,False,False
9a74c405-b697-46cc-bda1-35de2aad810a,3825747,878,1,00:28:08.075,28,8,43,Carry,62,215,Athletic Club,From Throw In,215,Athletic Club,6386.0,Eneko Bóveda Altube,Right Center Back,10.7,70.3,9.4,69.7,0.619537,False,,,,,,,False,,,,,,,False,False,left_to_right,False,10.7,70.3,9.4,69.7,False,False,False,False
21137e0d-c09d-45f0-9933-3adf242d1451,3825747,879,1,00:28:08.695,28,8,30,Pass,62,215,Athletic Club,From Throw In,215,Athletic Club,6386.0,Eneko Bóveda Altube,Right Center Back,9.4,69.7,4.4,53.6,1.126397,False,,,,,,,True,16.858528,-1.8719119,Ground Pass,,6662.0,Iago Herrerín Buisán,False,False,left_to_right,False,9.4,69.7,4.4,53.6,False,False,False,False
97f0b1fa-2264-43c6-b0b1-397d7f8e8014,3825747,880,1,00:28:09.821,28,9,42,Ball Receipt*,62,215,Athletic Club,From Throw In,215,Athletic Club,6662.0,Iago Herrerín Buisán,Goalkeeper,4.4,53.6,,,,False,,,,,,,False,,,,,,,False,False,left_to_right,False,4.4,53.6,,,False,False,False,False
108e2726-a618-414f-99e7-a19d2c5f17e8,3825747,881,1,00:28:09.821,28,9,43,Carry,62,215,Athletic Club,From Throw In,215,Athletic Club,6662.0,Iago Herrerín Buisán,Goalkeeper,4.4,53.6,7.4,53.9,0.159999,False,,,,,,,False,,,,,,,False,False,left_to_right,False,4.4,53.6,7.4,53.9,False,False,False,False
5e9ff0eb-8a5d-4e24-bcc2-ae735238fc31,3825747,882,1,00:28:09.981,28,9,30,Pass,62,215,Athletic Club,From Throw In,215,Athletic Club,6662.0,Iago Herrerín Buisán,Goalkeeper,7.4,53.9,55.0,71.1,2.784909,False,,,,,,Incomplete,False,50.61225,0.34674534,High Pass,,6390.0,Markel Susaeta Laskurain,False,False,left_to_right,False,7.4,53.9,55.0,71.1,False,True,False,True
eeb4114a-944b-4e80-b26d-93f93b37f0e7,3825747,883,1,00:28:12.766,28,12,42,Ball Receipt*,62,215,Athletic Club,From Throw In,215,Athletic Club,6390.0,Markel Susaeta Laskurain,Right Wing,54.4,70.6,,,,False,,,,,,,False,,,,,,,False,False,left_to_right,False,54.4,70.6,,,False,False,False,False
94c19074-6b87-483d-9b9b-8ad5a8c15eef,3825747,884,1,00:28:12.766,28,12,4,Duel,62,215,Athletic Club,From Throw In,215,Athletic Club,6390.0,Markel Susaeta Laskurain,Right Wing,55.0,71.1,,,0.0,True,,,,,,,False,,,,,,,False,False,left_to_right,False,55.0,71.1,,,False,False,False,False
f92374c1-6575-4522-abea-0d4e951fb4f0,3825747,885,1,00:28:12.766,28,12,30,Pass,62,215,Athletic Club,From Throw In,322,Eibar,6776.0,David Juncà Reñé,Left Back,65.1,9.0,76.2,8.4,1.587368,True,,,,,,Incomplete,False,11.116204,-0.0540015,Low Pass,Recovery,24070.0,Saúl Berjón Pérez,False,False,left_to_right,False,65.1,9.0,76.2,8.4,False,False,False,True
d69bca3e-9d18-47ac-82c1-ed4b8314302c,3825747,886,1,00:28:14.353,28,14,42,Ball Receipt*,62,215,Athletic Club,From Throw In,322,Eibar,24070.0,Saúl Berjón Pérez,Left Midfield,77.4,9.0,,,,False,,,,,,,False,,,,,,,False,False,left_to_right,False,77.4,9.0,,,False,False,False,False
9d762603-2cbd-424c-8234-f79c7710e1f7,3825747,887,1,00:28:14.353,28,14,10,Interception,62,215,Athletic Club,From Throw In,215,Athletic Club,6649.0,Óscar de Marcos Arana,Right Back,43.9,71.7,,,0.0,False,,,,,,,False,,,,,,,False,False,left_to_right,False,43.9,71.7,,,False,False,False,False
cb7988fd-8128-47ae-aafc-52c71bc575b8,3825747,888,1,00:28:14.353,28,14,43,Carry,62,215,Athletic Club,From Throw In,215,Athletic Club,6649.0,Óscar de Marcos Arana,Right Back,43.9,71.7,56.7,70.3,1.567179,False,,,,,,,False,,,,,,,False,False,left_to_right,False,43.9,71.7,56.7,70.3,False,False,False,False
782bf1ce-559a-4419-b411-1411eb750063,3825747,889,1,00:28:15.921,28,15,30,Pass,62,215,Athletic Club,From Throw In,215,Athletic Club,6649.0,Óscar de Marcos Arana,Right Back,56.7,70.3,64.0,67.9,1.114365,False,,,,,,,True,7.6843996,-0.31763536,Low Pass,,6394.0,Aritz Aduriz Zubeldia,False,False,left_to_right,False,56.7,70.3,64.0,67.9,False,False,False,False
60de3209-710c-48b5-9ee5-8ba3fc34aa1e,3825747,890,1,00:28:16.507,28,16,17,Pressure,62,215,Athletic Club,From Throw In,322,Eibar,27239.0,Aleksandar Pantić,Left Center Back,53.4,12.2,,,0.545634,False,,,,,,,False,,,,,,,False,False,left_to_right,False,53.4,12.2,,,False,False,False,False
470c3c05-5d91-4bdb-b5b9-70b867ea8394,3825747,891,1,00:28:17.035,28,17,42,Ball Receipt*,62,215,Athletic Club,From Throw In,215,Athletic Club,6394.0,Aritz Aduriz Zubeldia,Center Forward,64.0,67.9,,,,True,,,,,,,False,,,,,,,False,False,left_to_right,False,64.0,67.9,,,False,False,False,False
b783232c-d627-4ce9-aca1-230dc2369fd0,3825747,892,1,00:28:17.035,28,17,43,Carry,62,215,Athletic Club,From Throw In,215,Athletic Club,6394.0,Aritz Aduriz Zubeldia,Center Forward,64.0,67.9,64.0,71.4,0.320359,True,,,,,,,False,,,,,,,False,False,left_to_right,False,64.0,67.9,64.0,71.4,False,False,False,False
93a929b2-b32a-45aa-b505-b4280af0c0d6,3825747,893,1,00:28:17.355,28,17,22,Foul Committed,62,215,Athletic Club,From Throw In,322,Eibar,27239.0,Aleksandar Pantić,Left Center Back,56.1,8.7,,,0.0,False,,,,,,,False,,,,,,,False,False,left_to_right,False,56.1,8.7,,,False,False,False,False
17ec0ac7-e415-4c1b-b8c1-c37f50cee452,3825747,894,1,00:28:17.355,28,17,21,Foul Won,62,215,Athletic Club,From Throw In,215,Athletic Club,6394.0,Aritz Aduriz Zubeldia,Center Forward,64.0,71.4,,,0.0,True,,,,,,,False,,,,,,,False,False,left_to_right,False,64.0,71.4,,,False,False,False,False
c0db3430-9381-41ac-b441-251cb09c12b2,3825747,895,1,00:28:21.191,28,21,30,Pass,63,215,Athletic Club,From Free Kick,215,Athletic Club,6649.0,Óscar de Marcos Arana,Right Back,61.3,70.3,102.0,52.9,3.035924,False,,,,,,Incomplete,False,44.263416,-0.40400183,Low Pass,Free Kick,6390.0,Markel Susaeta Laskurain,False,False,left_to_right,False,61.3,70.3,102.0,52.9,False,True,True,True
7341c958-6e80-4bcf-9b73-1f798bcd5fec,3825747,896,1,00:28:24.129,28,24,17,Pressure,63,215,Athletic Club,From Free Kick,215,Athletic Club,6390.0,Markel Susaeta Laskurain,Right Wing,98.5,53.6,,,0.159999,False,,,,,,,False,,,,,,,False,False,left_to_right,False,98.5,53.6,,,False,False,False,False
08b62c4b-36be-497b-a3e8-b66bcaa30251,3825747,897,1,00:28:24.227,28,24,42,Ball Receipt*,63,215,Athletic Club,From Free Kick,215,Athletic Club,6390.0,Markel Susaeta Laskurain,Right Wing,99.9,54.3,,,,False,,,,,,,False,,,,,,,False,False,left_to_right,False,99.9,54.3,,,False,False,False,False
7fa166de-a5a4-43e2-a2b1-8f4310ddefe8,3825747,898,1,00:28:24.227,28,24,30,Pass,63,215,Athletic Club,From Free Kick,322,Eibar,6837.0,Mauro Javier Dos Santos,Right Center Back,18.1,27.2,9.4,41.3,1.630708,True,,,,,,,True,16.56804,2.1236374,Ground Pass,Recovery,10763.0,Asier Riesgo Unamuno,False,False,left_to_right,False,18.1,27.2,9.4,41.3,False,False,False,False
03a03c65-b1cd-4a14-912b-6b778aa979f9,3825747,899,1,00:28:25.858,28,25,42,Ball Receipt*,63,215,Athletic Club,From Free Kick,322,Eibar,10763.0,Asier Riesgo Unamuno,Goalkeeper,9.4,41.3,,,,False,,,,,,,False,,,,,,,False,False,left_to_right,False,9.4,41.3,,,False,False,False,False
de1d7d54-015b-46f1-97e8-3a081846550d,3825747,900,1,00:28:25.858,28,25,30,Pass,63,215,Athletic Club,From Free Kick,322,Eibar,10763.0,Asier Riesgo Unamuno,Goalkeeper,10.5,38.6,64.8,25.8,3.7304,False,,,,,,Incomplete,False,55.78826,-0.23150122,High Pass,,6700.0,Sergio Enrich Ametller,False,False,left_to_right,False,10.5,38.6,64.8,25.8,False,True,False,True
ee548e07-7258-4ed4-8e8d-e8cd2094a357,3825747,901,1,00:28:29.588,28,29,42,Ball Receipt*,63,215,Athletic Club,From Free Kick,322,Eibar,6700.0,Sergio Enrich Ametller,Left Center Forward,66.5,25.8,,,,False,,,,,,,False,,,,,,,False,False,left_to_right,False,66.5,25.8,,,False,False,False,False
1e1a8789-6c99-49be-90c0-9a5e78d7006b,3825747,902,1,00:28:29.588,28,29,30,Pass,63,215,Athletic Club,From Free Kick,215,Athletic Club,6386.0,Eneko Bóveda Altube,Right Center Back,55.3,54.3,67.0,31.6,1.669614,False,,,,,,,True,25.537815,-1.0948901,Low Pass,Recovery,6666.0,Sabin Merino Zuloaga,False,False,left_to_right,False,55.3,54.3,67.0,31.6,False,False,False,False
c06be223-3cdd-4edb-9bc1-e248fc82b743,3825747,903,1,00:28:31.258,28,31,42,Ball Receipt*,63,215,Athletic Club,From Free Kick,215,Athletic Club,6666.0,Sabin Merino Zuloaga,Left Wing,67.0,31.6,,,,False,,,,,,,False,,,,,,,False,False,left_to_right,False,67.0,31.6,,,False,False,False,False
3843b4af-7976-43f5-a54f-dc94971d4d30,3825747,904,1,00:28:31.258,28,31,43,Carry,63,215,Athletic Club,From Free Kick,215,Athletic Club,6666.0,Sabin Merino Zuloaga,Left Wing,67.0,31.6,64.3,27.1,0.989222,False,,,,,,,False,,,,,,,False,False,left_to_right,False,67.0,31.6,64.3,27.1,False,False,False,False
b6660d0f-4eb6-403c-9a09-729c8394c508,3825747,905,1,00:28:32.247,28,32,30,Pass,63,215,Athletic Club,From Free Kick,215,Athletic Club,6666.0,Sabin Merino Zuloaga,Left Wing,64.3,27.1,55.0,20.0,1.701327,False,,,,,,,True,11.700427,-2.4895446,Ground Pass,,6789.0,Mikel Balenziaga Oruesagasti,False,False,left_to_right,False,64.3,27.1,55.0,20.0,False,False,False,False
eb742430-4c0b-40b6-a048-d41541e0fee0,3825747,906,1,00:28:33.948,28,33,42,Ball Receipt*,63,215,Athletic Club,From Free Kick,215,Athletic Club,6789.0,Mikel Balenziaga Oruesagasti,Left Back,55.0,20.0,,,,False,,,,,,,False,,,,,,,False,False,left_to_right,False,55.0,20.0,,,False,False,False,False
dc592308-71d7-4914-b6d5-73a99c83dfae,3825747,907,1,00:28:33.948,28,33,43,Carry,63,215,Athletic Club,From Free Kick,215,Athletic Club,6789.0,Mikel Balenziaga Oruesagasti,Left Back,55.0,20.0,56.3,17.8,1.128796,False,,,,,,,False,,,,,,,False,False,left_to_right,False,55.0,20.0,56.3,17.8,False,False,False,False
126343f6-a1ce-4ab6-afa7-946d6316bc9d,3825747,908,1,00:28:35.077,28,35,30,Pass,63,215,Athletic Club,From Free Kick,215,Athletic Club,6789.0,Mikel Balenziaga Oruesagasti,Left Back,56.3,17.8,56.6,26.0,0.980926,False,,,,,,,True,8.205486,1.5342273,Ground Pass,,6396.0,Beñat Etxebarria Urkiaga,False,False,left_to_right,False,56.3,17.8,56.6,26.0,False,False,False,False
a63c3c51-dced-4185-bac0-c411716111f2,3825747,909,1,00:28:36.058,28,36,42,Ball Receipt*,63,215,Athletic Club,From Free Kick,215,Athletic Club,6396.0,Beñat Etxebarria Urkiaga,Left Defensive Midfield,56.6,26.0,,,,False,,,,,,,False,,,,,,,False,False,left_to_right,False,56.6,26.0,,,False,False,False,False
e49d22b6-f0f6-4392-a834-77353348e96e,3825747,910,1,00:28:36.058,28,36,43,Carry,63,215,Athletic Club,From Free Kick,215,Athletic Club,6396.0,Beñat Etxebarria Urkiaga,Left Defensive Midfield,56.6,26.0,56.6,26.0,0.159998,False,,,,,,,False,,,,,,,False,False,left_to_right,False,56.6,26.0,56.6,26.0,False,False,False,False
a708f53a-38b9-44df-9c55-f2093a44110a,3825747,911,1,00:28:36.218,28,36,30,Pass,63,215,Athletic Club,From Free Kick,215,Athletic Club,6396.0,Beñat Etxebarria Urkiaga,Left Defensive Midfield,56.6,26.0,35.2,20.3,1.991307,False,,,,,,,True,22.146105,-2.8812811,Low Pass,,4353.0,Aymeric Laporte,False,False,left_to_right,False,56.6,26.0,35.2,20.3,False,False,False,False
bc5a8f67-1144-4d78-846d-6ad53dec7782,3825747,912,1,00:28:38.210,28,38,42,Ball Receipt*,63,215,Athletic Club,From Free Kick,215,Athletic Club,4353.0,Aymeric Laporte,Left Center Back,35.2,20.3,,,,False,,,,,,,False,,,,,,,False,False,left_to_right,False,35.2,20.3,,,False,False,False,False
e2eb20d7-b898-441d-8e34-44111d61438c,3825747,913,1,00:28:38.210,28,38,43,Carry,63,215,Athletic Club,From Free Kick,215,Athletic Club,4353.0,Aymeric Laporte,Left Center Back,35.2,20.3,35.9,21.8,2.688901,False,,,,,,,False,,,,,,,False,False,left_to_right,False,35.2,20.3,35.9,21.8,False,False,False,False
b58af0fb-ae32-467a-850e-103af9f39030,3825747,914,1,00:28:40.898,28,40,30,Pass,63,215,Athletic Club,From Free Kick,215,Athletic Club,4353.0,Aymeric Laporte,Left Center Back,35.9,21.8,43.0,39.8,1.163404,False,,,,,,,True,19.349676,1.1950884,Ground Pass,,6389.0,Mikel San José Domínguez,False,False,left_to_right,False,35.9,21.8,43.0,39.8,False,False,False,False
91458392-205a-4ca5-bd27-92889c09896a,3825747,915,1,00:28:42.062,28,42,42,Ball Receipt*,63,215,Athletic Club,From Free Kick,215,Athletic Club,6389.0,Mikel San José Domínguez,Right Defensive Midfield,43.0,39.8,,,,False,,,,,,,False,,,,,,,False,False,left_to_right,False,43.0,39.8,,,False,False,False,False
15d47de9-62b3-4fc7-9017-ca19e33635e5,3825747,916,1,00:28:42.062,28,42,43,Carry,63,215,Athletic Club,From Free Kick,215,Athletic Club,6389.0,Mikel San José Domínguez,Right Defensive Midfield,43.0,39.8,43.3,39.8,0.12,False,,,,,,,False,,,,,,,False,False,left_to_right,False,43.0,39.8,43.3,39.8,False,False,False,False
56e05897-73ba-4cf8-90ec-78e931ce1ebd,3825747,917,1,00:28:42.182,28,42,30,Pass,63,215,Athletic Club,From Free Kick,215,Athletic Club,6389.0,Mikel San José Domínguez,Right Defensive Midfield,43.3,39.8,34.3,22.4,1.29565,False,,,,,,,True,19.589794,-2.0481417,Ground Pass,,4353.0,Aymeric Laporte,False,False,left_to_right,False,43.3,39.8,34.3,22.4,False,False,False,False
b7c461b9-076d-484c-a938-bb9010ffa995,3825747,918,1,00:28:43.477,28,43,42,Ball Receipt*,63,215,Athletic Club,From Free Kick,215,Athletic Club,4353.0,Aymeric Laporte,Left Center Back,34.3,22.4,,,,False,,,,,,,False,,,,,,,False,False,left_to_right,False,34.3,22.4,,,False,False,False,False
d2b922b7-79c8-474d-9555-f01e4dc0fbd2,3825747,919,1,00:28:43.477,28,43,43,Carry,63,215,Athletic Club,From Free Kick,215,Athletic Club,4353.0,Aymeric Laporte,Left Center Back,34.3,22.4,34.3,22.4,0.094147,False,,,,,,,False,,,,,,,False,False,left_to_right,False,34.3,22.4,34.3,22.4,False,False,False,False
b1937f3d-8791-464e-99eb-41f2508f6707,3825747,920,1,00:28:43.572,28,43,30,Pass,63,215,Athletic Club,From Free Kick,215,Athletic Club,4353.0,Aymeric Laporte,Left Center Back,34.3,22.4,49.6,24.5,0.794854,False,,,,,,,True,15.443445,0.1364026,Ground Pass,,6396.0,Beñat Etxebarria Urkiaga,False,False,left_to_right,False,34.3,22.4,49.6,24.5,False,False,False,False
73d55fd9-88cc-4ff3-8304-fc1c07c0673c,3825747,921,1,00:28:44.366,28,44,42,Ball Receipt*,63,215,Athletic Club,From Free Kick,215,Athletic Club,6396.0,Beñat Etxebarria Urkiaga,Left Defensive Midfield,49.6,24.5,,,,False,,,,,,,False,,,,,,,False,False,left_to_right,False,49.6,24.5,,,False,False,False,False
8a6046a4-3dd1-4f78-82d3-d76cd2973320,3825747,922,1,00:28:44.366,28,44,43,Carry,63,215,Athletic Club,From Free Kick,215,Athletic Club,6396.0,Beñat Etxebarria Urkiaga,Left Defensive Midfield,49.6,24.5,47.9,23.8,0.08,False,,,,,,,False,,,,,,,False,False,left_to_right,False,49.6,24.5,47.9,23.8,False,False,False,False
46d40968-f5a3-4433-9055-f521403139c2,3825747,923,1,00:28:44.446,28,44,30,Pass,63,215,Athletic Club,From Free Kick,215,Athletic Club,6396.0,Beñat Etxebarria Urkiaga,Left Defensive Midfield,47.9,23.8,48.2,5.9,1.492866,False,,,,,,,True,17.902514,-1.5540382,Low Pass,,6789.0,Mikel Balenziaga Oruesagasti,False,False,left_to_right,False,47.9,23.8,48.2,5.9,False,False,False,False
57dc3164-d80e-4d57-b132-451837ccf4c2,3825747,924,1,00:28:45.939,28,45,42,Ball Receipt*,63,215,Athletic Club,From Free Kick,215,Athletic Club,6789.0,Mikel Balenziaga Oruesagasti,Left Back,48.2,5.9,,,,False,,,,,,,False,,,,,,,False,False,left_to_right,False,48.2,5.9,,,False,False,False,False
462af66a-2e21-442c-bcec-d557367ae1ad,3825747,925,1,00:28:45.939,28,45,43,Carry,63,215,Athletic Club,From Free Kick,215,Athletic Club,6789.0,Mikel Balenziaga Oruesagasti,Left Back,48.2,5.9,49.0,5.3,0.19165,True,,,,,,,False,,,,,,,False,False,left_to_right,False,48.2,5.9,49.0,5.3,False,False,False,False
6b258d2a-83f1-461e-9879-a2dc929b2544,3825747,926,1,00:28:46.025,28,46,17,Pressure,63,215,Athletic Club,From Free Kick,322,Eibar,6775.0,Daniel García Carrillo,Right Defensive Midfield,70.5,71.1,,,0.767993,False,,,,,,,False,,,,,,,False,False,left_to_right,False,70.5,71.1,,,False,False,False,False
c22720f3-dd22-4e43-a2e4-068b3a23d0c8,3825747,927,1,00:28:46.131,28,46,38,Miscontrol,63,215,Athletic Club,From Free Kick,215,Athletic Club,6789.0,Mikel Balenziaga Oruesagasti,Left Back,49.0,5.3,,,0.0,True,,,,,,,False,,,,,,,False,False,left_to_right,False,49.0,5.3,,,False,False,False,True
0c717a29-0eaf-4006-96e1-5036008d3666,3825747,928,1,00:28:46.442,28,46,17,Pressure,63,215,Athletic Club,From Free Kick,215,Athletic Club,6789.0,Mikel Balenziaga Oruesagasti,Left Back,50.6,6.3,,,0.453938,True,,,,,,,False,,,,,,,False,False,left_to_right,False,50.6,6.3,,,False,False,False,False
bb6f829b-6fd7-4394-b426-5ddf0ba4add3,3825747,929,1,00:28:46.793,28,46,9,Clearance,63,215,Athletic Club,From Free Kick,322,Eibar,6775.0,Daniel García Carrillo,Right Defensive Midfield,69.9,76.0,,,0.0,True,,,,,,,False,,,,,,,False,False,left_to_right,False,69.9,76.0,,,False,False,False,False
2923286c-cd02-401c-b0c0-cfe8df5adfee,3825747,930,1,00:28:56.745,28,56,30,Pass,64,215,Athletic Club,From Throw In,215,Athletic Club,6789.0,Mikel Balenziaga Oruesagasti,Left Back,52.0,0.1,23.5,12.1,2.95093,False,,,,,,,True,30.923292,2.7430701,Low Pass,Throw-in,4353.0,Aymeric Laporte,False,False,left_to_right,False,52.0,0.1,23.5,12.1,False,False,False,False
b82cd3f6-dbb4-499e-a90e-d97dde126396,3825747,931,1,00:28:59.696,28,59,42,Ball Receipt*,64,215,Athletic Club,From Throw In,215,Athletic Club,4353.0,Aymeric Laporte,Left Center Back,23.5,12.1,,,,False,,,,,,,False,,,,,,,False,False,left_to_right,False,23.5,12.1,,,False,False,False,False
420a1caa-6ad1-4139-b5da-9f487a79b627,3825747,932,1,00:28:59.810,28,59,30,Pass,64,215,Athletic Club,From Throw In,215,Athletic Club,4353.0,Aymeric Laporte,Left Center Back,23.5,12.1,15.5,26.0,1.634838,False,,,,,,,True,16.037767,2.093036,Ground Pass,,6662.0,Iago Herrerín Buisán,False,False,left_to_right,False,23.5,12.1,15.5,26.0,False,False,False,False
724c34d6-9599-41b8-a339-19caff4ad4c1,3825747,933,1,00:29:01.445,29,1,42,Ball Receipt*,64,215,Athletic Club,From Throw In,215,Athletic Club,6662.0,Iago Herrerín Buisán,Goalkeeper,15.5,26.0,,,,False,,,,,,,False,,,,,,,False,False,left_to_right,False,15.5,26.0,,,False,False,False,False
b33d8efe-2e7e-42ce-92b9-434abac4c80b,3825747,934,1,00:29:01.445,29,1,43,Carry,64,215,Athletic Club,From Throw In,215,Athletic Club,6662.0,Iago Herrerín Buisán,Goalkeeper,15.5,26.0,12.8,37.1,3.718789,False,,,,,,,False,,,,,,,False,False,left_to_right,False,15.5,26.0,12.8,37.1,False,False,False,False
ee585ceb-4ea7-4b27-ba81-513e7d4d96ad,3825747,935,1,00:29:05.164,29,5,30,Pass,64,215,Athletic Club,From Throw In,215,Athletic Club,6662.0,Iago Herrerín Buisán,Goalkeeper,12.8,37.1,64.0,52.6,2.769103,False,,,,,,,True,53.494766,0.2939635,High Pass,,6394.0,Aritz Aduriz Zubeldia,False,False,left_to_right,False,12.8,37.1,64.0,52.6,False,True,False,False
61f88c1a-9098-43e3-a5a4-da471b79027c,3825747,936,1,00:29:07.933,29,7,42,Ball Receipt*,64,215,Athletic Club,From Throw In,215,Athletic Club,6394.0,Aritz Aduriz Zubeldia,Center Forward,64.0,52.6,,,,False,,,,,,,False,,,,,,,False,False,left_to_right,False,64.0,52.6,,,False,False,False,False
490018d5-d0ef-4876-83b3-9289c4c3f386,3825747,937,1,00:29:07.973,29,7,4,Duel,64,215,Athletic Club,From Throw In,322,Eibar,27239.0,Aleksandar Pantić,Left Center Back,55.8,27.5,,,0.0,True,,,,,,,False,,,,,,,False,False,left_to_right,False,55.8,27.5,,,False,False,False,False
27d430c4-ac36-411f-a59c-abf35fb7de43,3825747,938,1,00:29:07.973,29,7,30,Pass,64,215,Athletic Club,From Throw In,215,Athletic Club,6394.0,Aritz Aduriz Zubeldia,Center Forward,64.3,52.6,70.0,52.0,1.98,True,,,,,,,True,5.731492,-0.104876935,Low Pass,,6842.0,Iker Muniain Goñi,False,False,left_to_right,False,64.3,52.6,70.0,52.0,False,False,False,False
759a197a-4249-429c-b166-c956b089835f,3825747,939,1,00:29:09.953,29,9,42,Ball Receipt*,64,215,Athletic Club,From Throw In,215,Athletic Club,6842.0,Iker Muniain Goñi,Center Attacking Midfield,70.0,52.0,,,,False,,,,,,,False,,,,,,,False,False,left_to_right,False,70.0,52.0,,,False,False,False,False
720b5135-8ac5-4958-87ea-25da1d455d80,3825747,940,1,00:29:09.953,29,9,43,Carry,64,215,Athletic Club,From Throw In,215,Athletic Club,6842.0,Iker Muniain Goñi,Center Attacking Midfield,70.0,52.0,70.3,52.0,0.113086,False,,,,,,,False,,,,,,,False,False,left_to_right,False,70.0,52.0,70.3,52.0,False,False,False,False
15a6151d-b149-424b-b6bc-0ab0a78f0799,3825747,941,1,00:29:10.066,29,10,30,Pass,64,215,Athletic Club,From Throw In,215,Athletic Club,6842.0,Iker Muniain Goñi,Center Attacking Midfield,70.3,52.0,70.0,57.0,0.502796,False,,,,,,Incomplete,False,5.0089917,1.6307244,Low Pass,,6394.0,Aritz Aduriz Zubeldia,False,False,left_to_right,False,70.3,52.0,70.0,57.0,False,False,False,True
7b7eaf3f-d7db-4b21-aa8b-d5887dd190bc,3825747,942,1,00:29:10.569,29,10,42,Ball Receipt*,64,215,Athletic Club,From Throw In,215,Athletic Club,6394.0,Aritz Aduriz Zubeldia,Center Forward,70.3,62.7,,,,False,,,,,,,False,,,,,,,False,False,left_to_right,False,70.3,62.7,,,False,False,False,False
08066931-661d-47ad-a37c-3917e99b28af,3825747,943,1,00:29:10.569,29,10,10,Interception,64,215,Athletic Club,From Throw In,322,Eibar,27239.0,Aleksandar Pantić,Left Center Back,50.1,23.1,,,0.0,False,,,,,,,False,,,,,,,False,False,left_to_right,False,50.1,23.1,,,False,False,False,False
e31bc06a-313b-4ca6-bd35-96f238116f2e,3825747,944,1,00:29:13.845,29,13,2,Ball Recovery,64,215,Athletic Club,From Throw In,215,Athletic Club,6842.0,Iker Muniain Goñi,Center Attacking Midfield,75.4,76.8,,,0.0,False,,,,,,,False,,,,,,,False,False,left_to_right,False,75.4,76.8,,,False,False,False,False
d4f32521-3e0a-455f-9b1e-ac78a2df3c56,3825747,945,1,00:29:13.845,29,13,43,Carry,64,215,Athletic Club,From Throw In,215,Athletic Club,6842.0,Iker Muniain Goñi,Center Attacking Midfield,75.4,76.8,77.4,67.6,4.068873,False,,,,,,,False,,,,,,,False,False,left_to_right,False,75.4,76.8,77.4,67.6,False,False,False,False
856fee1a-3553-46d2-8100-1f59c237f467,3825747,946,1,00:29:17.914,29,17,30,Pass,64,215,Athletic Club,From Throw In,215,Athletic Club,6842.0,Iker Muniain Goñi,Center Attacking Midfield,77.4,67.6,62.1,55.6,1.615217,False,,,,,,,True,19.444536,-2.47649,Ground Pass,,6389.0,Mikel San José Domínguez,False,False,left_to_right,False,77.4,67.6,62.1,55.6,False,False,False,False
2f8067a0-5710-450a-ba63-08a8068a5cc6,3825747,947,1,00:29:19.529,29,19,42,Ball Receipt*,64,215,Athletic Club,From Throw In,215,Athletic Club,6389.0,Mikel San José Domínguez,Right Defensive Midfield,62.1,55.6,,,,False,,,,,,,False,,,,,,,False,False,left_to_right,False,62.1,55.6,,,False,False,False,False
1713a9ac-f487-4174-a3b0-e545ab681c4a,3825747,948,1,00:29:19.529,29,19,43,Carry,64,215,Athletic Club,From Throw In,215,Athletic Club,6389.0,Mikel San José Domínguez,Right Defensive Midfield,62.1,55.6,57.0,56.6,1.789839,False,,,,,,,False,,,,,,,False,False,left_to_right,False,62.1,55.6,57.0,56.6,False,False,False,False
9c6a5c7a-6167-46dd-9b59-56468f9539ee,3825747,949,1,00:29:21.319,29,21,30,Pass,64,215,Athletic Club,From Throw In,215,Athletic Club,6389.0,Mikel San José Domínguez,Right Defensive Midfield,57.0,56.6,43.6,66.0,2.316168,False,,,,,,,True,16.368261,2.5298657,Ground Pass,,6386.0,Eneko Bóveda Altube,False,False,left_to_right,False,57.0,56.6,43.6,66.0,False,False,False,False
88de7b85-9050-4532-b575-0b235b6b629d,3825747,950,1,00:29:23.635,29,23,42,Ball Receipt*,64,215,Athletic Club,From Throw In,215,Athletic Club,6386.0,Eneko Bóveda Altube,Right Center Back,43.6,66.0,,,,False,,,,,,,False,,,,,,,False,False,left_to_right,False,43.6,66.0,,,False,False,False,False
67fe33c6-6f48-44ba-91b1-073723cfb4f9,3825747,951,1,00:29:23.635,29,23,43,Carry,64,215,Athletic Club,From Throw In,215,Athletic Club,6386.0,Eneko Bóveda Altube,Right Center Back,43.6,66.0,43.0,64.6,0.763943,False,,,,,,,False,,,,,,,False,False,left_to_right,False,43.6,66.0,43.0,64.6,False,False,False,False
2b3a8de4-cc81-4119-920a-42bbf59c137a,3825747,952,1,00:29:24.399,29,24,30,Pass,64,215,Athletic Club,From Throw In,215,Athletic Club,6386.0,Eneko Bóveda Altube,Right Center Back,43.0,64.6,14.4,50.5,2.659903,False,,,,,,,True,31.886831,-2.6835551,Ground Pass,,6662.0,Iago Herrerín Buisán,False,False,left_to_right,False,43.0,64.6,14.4,50.5,False,False,False,False
c6096ec8-5a3c-4f00-899c-616018b56a47,3825747,953,1,00:29:27.059,29,27,42,Ball Receipt*,64,215,Athletic Club,From Throw In,215,Athletic Club,6662.0,Iago Herrerín Buisán,Goalkeeper,14.4,50.5,,,,False,,,,,,,False,,,,,,,False,False,left_to_right,False,14.4,50.5,,,False,False,False,False
4d4273f1-b75a-4cb2-8743-0a87d3beaddf,3825747,954,1,00:29:27.059,29,27,43,Carry,64,215,Athletic Club,From Throw In,215,Athletic Club,6662.0,Iago Herrerín Buisán,Goalkeeper,14.4,50.5,14.4,50.5,0.119999,False,,,,,,,False,,,,,,,False,False,left_to_right,False,14.4,50.5,14.4,50.5,False,False,False,False
94eed895-553d-4dfe-aec6-2cc53dafbca1,3825747,955,1,00:29:27.179,29,27,30,Pass,64,215,Athletic Club,From Throw In,215,Athletic Club,6662.0,Iago Herrerín Buisán,Goalkeeper,14.4,50.5,92.8,30.1,5.315744,False,,,,,,Incomplete,False,81.01062,-0.25455922,High Pass,,6666.0,Sabin Merino Zuloaga,False,False,left_to_right,False,14.4,50.5,92.8,30.1,False,True,True,True
d0f80b1c-932e-4572-8d46-ccb1a8f4dd2b,3825747,956,1,00:29:32.494,29,32,42,Ball Receipt*,64,215,Athletic Club,From Throw In,215,Athletic Club,6666.0,Sabin Merino Zuloaga,Left Wing,91.5,28.9,,,,False,,,,,,,False,,,,,,,False,False,left_to_right,False,91.5,28.9,,,False,False,False,False
535d1c13-e905-4af0-96e1-87319295097e,3825747,957,1,00:29:32.494,29,32,4,Duel,64,215,Athletic Club,From Throw In,215,Athletic Club,6666.0,Sabin Merino Zuloaga,Left Wing,92.8,30.1,,,0.0,True,,,,,,,False,,,,,,,False,False,left_to_right,False,92.8,30.1,,,False,False,False,False
d417c079-0e30-41a1-a842-a15842d0dbce,3825747,958,1,00:29:32.494,29,32,30,Pass,64,215,Athletic Club,From Throw In,322,Eibar,6699.0,Ander Capa Rodríguez,Right Back,27.3,50.0,10.1,39.8,1.151771,True,,,,,,,True,19.997,-2.606319,High Pass,Recovery,10763.0,Asier Riesgo Unamuno,False,False,left_to_right,False,27.3,50.0,10.1,39.8,False,False,False,False
6b3d8d28-e1cd-4908-b76d-8b8488380769,3825747,959,1,00:29:33.646,29,33,42,Ball Receipt*,64,215,Athletic Club,From Throw In,322,Eibar,10763.0,Asier Riesgo Unamuno,Goalkeeper,10.1,39.8,,,,False,,,,,,,False,,,,,,,False,False,left_to_right,False,10.1,39.8,,,False,False,False,False
d6483a4c-08fb-4e16-8760-1fcd92805412,3825747,960,1,00:29:33.646,29,33,43,Carry,64,215,Athletic Club,From Throw In,322,Eibar,10763.0,Asier Riesgo Unamuno,Goalkeeper,10.1,39.8,13.6,35.6,11.519143,False,,,,,,,False,,,,,,,False,False,left_to_right,False,10.1,39.8,13.6,35.6,False,False,False,False
90758037-1020-41c4-8b72-59459a0ad976,3825747,961,1,00:29:45.165,29,45,30,Pass,64,215,Athletic Club,From Throw In,322,Eibar,10763.0,Asier Riesgo Unamuno,Goalkeeper,13.6,35.6,77.6,32.2,5.087031,False,,,,,,Incomplete,False,64.09025,-0.05307511,High Pass,,24070.0,Saúl Berjón Pérez,False,False,left_to_right,False,13.6,35.6,77.6,32.2,False,True,False,True
3ddfa580-7eaf-4137-ab7d-c45ba9ea00ed,3825747,962,1,00:29:50.252,29,50,42,Ball Receipt*,64,215,Athletic Club,From Throw In,322,Eibar,24070.0,Saúl Berjón Pérez,Left Midfield,76.2,32.9,,,,False,,,,,,,False,,,,,,,False,False,left_to_right,False,76.2,32.9,,,False,False,False,False
d207773f-5e41-445d-9664-0b1a2e0dce10,3825747,963,1,00:29:50.252,29,50,30,Pass,64,215,Athletic Club,From Throw In,215,Athletic Club,6386.0,Eneko Bóveda Altube,Right Center Back,42.5,47.9,43.9,58.9,0.856337,False,,,,,,,True,11.088733,1.4442042,High Pass,Recovery,6390.0,Markel Susaeta Laskurain,False,False,left_to_right,False,42.5,47.9,43.9,58.9,False,False,False,False
4f4d29cc-66e3-4663-92fa-5882cff73ea9,3825747,964,1,00:29:51.109,29,51,42,Ball Receipt*,64,215,Athletic Club,From Throw In,215,Athletic Club,6390.0,Markel Susaeta Laskurain,Right Wing,43.9,58.9,,,,False,,,,,,,False,,,,,,,False,False,left_to_right,False,43.9,58.9,,,False,False,False,False
9daf6433-4c2c-4757-a412-2c91b4007358,3825747,965,1,00:29:51.189,29,51,30,Pass,64,215,Athletic Club,From Throw In,215,Athletic Club,6390.0,Markel Susaeta Laskurain,Right Wing,43.9,58.9,41.9,49.0,1.873347,False,,,,,,,True,10.1,-1.7701336,High Pass,,6389.0,Mikel San José Domínguez,False,False,left_to_right,False,43.9,58.9,41.9,49.0,False,False,False,False
df948c5f-465c-46e3-99cd-712304fd45c5,3825747,966,1,00:29:53.062,29,53,42,Ball Receipt*,64,215,Athletic Club,From Throw In,215,Athletic Club,6389.0,Mikel San José Domínguez,Right Defensive Midfield,41.9,49.0,,,,False,,,,,,,False,,,,,,,False,False,left_to_right,False,41.9,49.0,,,False,False,False,False
8cd575d7-e5d8-40fe-91e7-58966088d0ef,3825747,967,1,00:29:53.062,29,53,43,Carry,64,215,Athletic Club,From Throw In,215,Athletic Club,6389.0,Mikel San José Domínguez,Right Defensive Midfield,41.9,49.0,42.5,48.2,0.131016,False,,,,,,,False,,,,,,,False,False,left_to_right,False,41.9,49.0,42.5,48.2,False,False,False,False
8ef13c17-92a3-4f77-8099-29fe492cca6d,3825747,968,1,00:29:53.193,29,53,30,Pass,64,215,Athletic Club,From Throw In,215,Athletic Club,6389.0,Mikel San José Domínguez,Right Defensive Midfield,42.5,48.2,57.4,43.3,1.419478,False,,,,,,,True,15.685024,-0.31771833,High Pass,,6842.0,Iker Muniain Goñi,False,False,left_to_right,False,42.5,48.2,57.4,43.3,False,False,False,False
72a0386d-87f6-4d2e-90e7-2a564dca0fdb,3825747,969,1,00:29:54.613,29,54,42,Ball Receipt*,64,215,Athletic Club,From Throw In,215,Athletic Club,6842.0,Iker Muniain Goñi,Center Attacking Midfield,57.4,43.3,,,,False,,,,,,,False,,,,,,,False,False,left_to_right,False,57.4,43.3,,,False,False,False,False
f8ec9671-250c-40f8-98fc-86bbf6f92f54,3825747,970,1,00:29:54.613,29,54,43,Carry,64,215,Athletic Club,From Throw In,215,Athletic Club,6842.0,Iker Muniain Goñi,Center Attacking Midfield,57.4,43.3,57.7,43.3,0.04,False,,,,,,,False,,,,,,,False,False,left_to_right,False,57.4,43.3,57.7,43.3,False,False,False,False
c3c2a966-029a-4e8b-befd-0955caa971e0,3825747,971,1,00:29:54.653,29,54,30,Pass,64,215,Athletic Club,From Throw In,215,Athletic Club,6842.0,Iker Muniain Goñi,Center Attacking Midfield,57.7,43.3,75.4,34.6,1.982123,False,,,,,,Incomplete,False,19.722576,-0.456845,Low Pass,,6666.0,Sabin Merino Zuloaga,False,False,left_to_right,False,57.7,43.3,75.4,34.6,False,True,False,True
41d72de2-13ba-4695-a968-c50b6f9dba22,3825747,972,1,00:29:56.635,29,56,42,Ball Receipt*,64,215,Athletic Club,From Throw In,215,Athletic Club,6666.0,Sabin Merino Zuloaga,Left Wing,72.7,32.8,,,,False,,,,,,,False,,,,,,,False,False,left_to_right,False,72.7,32.8,,,False,False,False,False
4e51cf0a-1583-469d-a4bb-b045c2e95920,3825747,973,1,00:29:56.635,29,56,30,Pass,64,215,Athletic Club,From Throw In,322,Eibar,6837.0,Mauro Javier Dos Santos,Right Center Back,44.7,45.5,86.3,30.5,2.984514,False,,,,,,Incomplete,False,44.221714,-0.3460662,High Pass,Recovery,6700.0,Sergio Enrich Ametller,False,False,left_to_right,False,44.7,45.5,86.3,30.5,False,True,True,True
3287ab2b-62ae-4de9-afce-bb0d1e5ebc4e,3825747,974,1,00:29:59.619,29,59,42,Ball Receipt*,64,215,Athletic Club,From Throw In,322,Eibar,6700.0,Sergio Enrich Ametller,Left Center Forward,86.3,32.6,,,,False,,,,,,,False,,,,,,,False,False,left_to_right,False,86.3,32.6,,,False,False,False,False
e2de97ee-6cfe-4f3d-b072-561fbf8b8a53,3825747,975,1,00:29:59.619,29,59,30,Pass,64,215,Athletic Club,From Throw In,215,Athletic Club,6386.0,Eneko Bóveda Altube,Right Center Back,33.8,49.6,35.5,47.2,1.549799,True,,,,,,Incomplete,False,2.9410882,-0.95449936,Low Pass,Recovery,6389.0,Mikel San José Domínguez,False,False,left_to_right,False,33.8,49.6,35.5,47.2,False,False,False,True
bc8a6da8-03ee-4bc3-8959-7655ac778835,3825747,976,1,00:29:59.619,29,59,4,Duel,64,215,Athletic Club,From Throw In,322,Eibar,6700.0,Sergio Enrich Ametller,Left Center Forward,86.3,30.5,,,0.0,True,,,,,,,False,,,,,,,False,False,left_to_right,False,86.3,30.5,,,False,False,False,False
b3e6ef0e-e876-45ab-aa77-8fd76c994df2,3825747,977,1,00:30:00.881,30,0,17,Pressure,64,215,Athletic Club,From Throw In,215,Athletic Club,6389.0,Mikel San José Domínguez,Right Defensive Midfield,37.3,46.3,,,0.312279,False,,,,,,,False,,,,,,,False,False,left_to_right,False,37.3,46.3,,,False,False,False,False
5a0289b5-c7c8-4d9d-8f42-5a521c70d4f2,3825747,978,1,00:30:01.169,30,1,42,Ball Receipt*,64,215,Athletic Club,From Throw In,215,Athletic Club,6389.0,Mikel San José Domínguez,Right Defensive Midfield,37.0,46.3,,,,False,,,,,,,False,,,,,,,False,False,left_to_right,False,37.0,46.3,,,False,False,False,False
6cc8688c-c8a7-459d-8148-bb6d5e863631,3825747,979,1,00:30:01.169,30,1,30,Pass,64,215,Athletic Club,From Throw In,322,Eibar,6700.0,Sergio Enrich Ametller,Left Center Forward,84.6,32.9,84.6,34.6,0.22424,True,,,,,,Incomplete,False,1.7,1.5707964,Low Pass,Recovery,6775.0,Daniel García Carrillo,False,False,left_to_right,False,84.6,32.9,84.6,34.6,False,False,False,True
07474866-e5c6-46da-b1c7-2e4f37291640,3825747,980,1,00:30:01.393,30,1,42,Ball Receipt*,64,215,Athletic Club,From Throw In,322,Eibar,6775.0,Daniel García Carrillo,Right Defensive Midfield,86.0,42.5,,,,False,,,,,,,False,,,,,,,False,False,left_to_right,False,86.0,42.5,,,False,False,False,False
8556282b-4b64-4cb8-bbe8-ea2f566b6db8,3825747,981,1,00:30:01.393,30,1,6,Block,64,215,Athletic Club,From Throw In,215,Athletic Club,6389.0,Mikel San José Domínguez,Right Defensive Midfield,35.5,45.5,,,0.0,False,,,,,,,False,,,,,,,False,False,left_to_right,False,35.5,45.5,,,False,False,False,False
70952b2d-ce86-4139-a897-19f25db9e2f2,3825747,982,1,00:30:03.219,30,3,2,Ball Recovery,64,215,Athletic Club,From Throw In,215,Athletic Club,4353.0,Aymeric Laporte,Left Center Back,26.2,42.5,,,0.0,False,,,,,,,False,,,,,,,False,False,left_to_right,False,26.2,42.5,,,False,False,False,False
71540b92-532f-41be-8d5c-5a443072291d,3825747,983,1,00:30:03.219,30,3,43,Carry,64,215,Athletic Club,From Throw In,215,Athletic Club,4353.0,Aymeric Laporte,Left Center Back,26.2,42.5,26.2,42.5,1.689424,False,,,,,,,False,,,,,,,False,False,left_to_right,False,26.2,42.5,26.2,42.5,False,False,False,False
4d07e565-7423-47f9-bb99-9245be8efe6a,3825747,984,1,00:30:04.908,30,4,30,Pass,64,215,Athletic Club,From Throw In,215,Athletic Club,4353.0,Aymeric Laporte,Left Center Back,26.2,42.5,9.4,45.6,1.860004,False,,,,,,,True,17.083618,2.9591215,Ground Pass,,6662.0,Iago Herrerín Buisán,False,False,left_to_right,False,26.2,42.5,9.4,45.6,False,False,False,False
f99bdeef-53b1-4b65-80fb-decc655cce9b,3825747,985,1,00:30:06.768,30,6,42,Ball Receipt*,64,215,Athletic Club,From Throw In,215,Athletic Club,6662.0,Iago Herrerín Buisán,Goalkeeper,9.4,45.6,,,,False,,,,,,,False,,,,,,,False,False,left_to_right,False,9.4,45.6,,,False,False,False,False
b9dd06f2-71c2-4d19-b212-dbdb765d773e,3825747,986,1,00:30:06.768,30,6,43,Carry,64,215,Athletic Club,From Throw In,215,Athletic Club,6662.0,Iago Herrerín Buisán,Goalkeeper,9.4,45.6,9.4,45.6,0.0968,False,,,,,,,False,,,,,,,False,False,left_to_right,False,9.4,45.6,9.4,45.6,False,False,False,False
6b5f887e-081e-4d13-9578-cdd908124d2f,3825747,987,1,00:30:06.865,30,6,30,Pass,64,215,Athletic Club,From Throw In,215,Athletic Club,6662.0,Iago Herrerín Buisán,Goalkeeper,9.4,45.6,64.3,25.7,3.178286,False,,,,,,,True,58.39538,-0.34774685,High Pass,,6666.0,Sabin Merino Zuloaga,False,False,left_to_right,False,9.4,45.6,64.3,25.7,False,True,False,False
4329ddb8-f3bb-4933-91f4-4ea63d815312,3825747,988,1,00:30:10.043,30,10,42,Ball Receipt*,64,215,Athletic Club,From Throw In,215,Athletic Club,6666.0,Sabin Merino Zuloaga,Left Wing,64.3,25.7,,,,False,,,,,,,False,,,,,,,False,False,left_to_right,False,64.3,25.7,,,False,False,False,False
58174de6-93ff-41a1-9189-d60d1181cd41,3825747,989,1,00:30:10.043,30,10,43,Carry,64,215,Athletic Club,From Throw In,215,Athletic Club,6666.0,Sabin Merino Zuloaga,Left Wing,64.3,25.7,65.7,25.1,0.08,False,,,,,,,False,,,,,,,False,False,left_to_right,False,64.3,25.7,65.7,25.1,False,False,False,False
23f59ee3-b1fe-4035-8f6c-d905df812e27,3825747,990,1,00:30:10.123,30,10,30,Pass,64,215,Athletic Club,From Throw In,215,Athletic Club,6666.0,Sabin Merino Zuloaga,Left Wing,65.7,25.1,63.7,19.1,0.314679,False,,,,,,,True,6.3245554,-1.8925469,Low Pass,,6842.0,Iker Muniain Goñi,False,False,left_to_right,False,65.7,25.1,63.7,19.1,False,False,False,False
c3f6f917-9d4e-42d8-8022-15a7a94da046,3825747,991,1,00:30:10.438,30,10,42,Ball Receipt*,64,215,Athletic Club,From Throw In,215,Athletic Club,6842.0,Iker Muniain Goñi,Center Attacking Midfield,63.7,19.1,,,,False,,,,,,,False,,,,,,,False,False,left_to_right,False,63.7,19.1,,,False,False,False,False
39501c09-7fb9-4112-bfe4-cbda5cfa2d6b,3825747,992,1,00:30:10.438,30,10,43,Carry,64,215,Athletic Club,From Throw In,215,Athletic Club,6842.0,Iker Muniain Goñi,Center Attacking Midfield,63.7,19.1,66.7,9.3,2.361714,False,,,,,,,False,,,,,,,False,False,left_to_right,False,63.7,19.1,66.7,9.3,False,False,False,False
d4f76a90-b21a-49bf-b00a-379da574b1cb,3825747,993,1,00:30:12.800,30,12,30,Pass,64,215,Athletic Club,From Throw In,215,Athletic Club,6842.0,Iker Muniain Goñi,Center Attacking Midfield,66.7,9.3,77.1,7.7,1.55069,False,,,,,,Incomplete,False,10.522357,-0.15264933,Ground Pass,,6666.0,Sabin Merino Zuloaga,False,False,left_to_right,False,66.7,9.3,77.1,7.7,False,False,False,True
55954eaa-2bb5-47cb-bb39-57f7a61fb278,3825747,994,1,00:30:14.350,30,14,42,Ball Receipt*,64,215,Athletic Club,From Throw In,215,Athletic Club,6666.0,Sabin Merino Zuloaga,Left Wing,79.0,8.0,,,,False,,,,,,,False,,,,,,,False,False,left_to_right,False,79.0,8.0,,,False,False,False,False
0b2dc984-b282-4b3a-acb8-f533697b5420,3825747,995,1,00:30:14.350,30,14,30,Pass,64,215,Athletic Club,From Throw In,322,Eibar,6699.0,Ander Capa Rodríguez,Right Back,43.0,72.4,40.9,69.4,0.215163,False,,,,,,Incomplete,False,3.6619668,-2.1815224,Ground Pass,Interception,6775.0,Daniel García Carrillo,False,False,left_to_right,False,43.0,72.4,40.9,69.4,False,False,False,True
3b865d17-aa4e-425a-82b8-921ce1835e69,3825747,996,1,00:30:14.566,30,14,42,Ball Receipt*,64,215,Athletic Club,From Throw In,322,Eibar,6775.0,Daniel García Carrillo,Right Defensive Midfield,42.3,58.0,,,,False,,,,,,,False,,,,,,,False,False,left_to_right,False,42.3,58.0,,,False,False,False,False
f078eab2-4ff2-405d-a18d-33eee9f7cc0e,3825747,997,1,00:30:14.566,30,14,6,Block,64,215,Athletic Club,From Throw In,215,Athletic Club,6666.0,Sabin Merino Zuloaga,Left Wing,79.2,10.7,,,0.0,False,,,,,,,False,,,,,,,False,False,left_to_right,False,79.2,10.7,,,False,False,False,False
41129d7c-e1c6-4962-bd9e-c628ab374700,3825747,998,1,00:30:16.334,30,16,2,Ball Recovery,64,215,Athletic Club,From Throw In,215,Athletic Club,6666.0,Sabin Merino Zuloaga,Left Wing,91.2,10.1,,,0.0,False,,,,,,,False,,,,,,,False,False,left_to_right,False,91.2,10.1,,,False,False,False,False
9eb26728-1cec-4696-8509-7cd0482bd2d8,3825747,999,1,00:30:16.334,30,16,43,Carry,64,215,Athletic Club,From Throw In,215,Athletic Club,6666.0,Sabin Merino Zuloaga,Left Wing,91.2,10.1,93.6,12.1,2.05585,False,,,,,,,False,,,,,,,False,False,left_to_right,False,91.2,10.1,93.6,12.1,False,False,False,False
d019184b-f73d-48cd-a398-d548a8cd6f2d,3825747,1000,1,00:30:18.390,30,18,30,Pass,64,215,Athletic Club,From Throw In,215,Athletic Club,6666.0,Sabin Merino Zuloaga,Left Wing,93.6,12.1,84.9,30.8,1.338445,False,,,,,,,True,20.624743,2.0062518,Ground Pass,,6396.0,Beñat Etxebarria Urkiaga,False,False,left_to_right,False,93.6,12.1,84.9,30.8,False,False,False,False
d0fd3165-426e-4921-a9a3-1996ddd1c637,3825747,1001,1,00:30:19.728,30,19,42,Ball Receipt*,64,215,Athletic Club,From Throw In,215,Athletic Club,6396.0,Beñat Etxebarria Urkiaga,Left Defensive Midfield,84.9,30.8,,,,False,,,,,,,False,,,,,,,False,False,left_to_right,False,84.9,30.8,,,False,False,False,False
ba1121a6-9c06-426a-9171-21ce86be5476,3825747,1002,1,00:30:19.728,30,19,43,Carry,64,215,Athletic Club,From Throw In,215,Athletic Club,6396.0,Beñat Etxebarria Urkiaga,Left Defensive Midfield,84.9,30.8,85.2,30.8,0.812438,False,,,,,,,False,,,,,,,False,False,left_to_right,False,84.9,30.8,85.2,30.8,False,False,False,False
ee20f8f5-a61a-42e5-98eb-39bc3ee3d82f,3825747,1003,1,00:30:20.541,30,20,30,Pass,64,215,Athletic Club,From Throw In,215,Athletic Club,6396.0,Beñat Etxebarria Urkiaga,Left Defensive Midfield,85.2,30.8,99.6,25.7,0.721815,False,,,,,,,True,15.276452,-0.34038195,Ground Pass,,6842.0,Iker Muniain Goñi,False,False,left_to_right,False,85.2,30.8,99.6,25.7,False,True,False,False
301bd1ef-f9aa-4fe8-8ec9-e1417fb5bd77,3825747,1004,1,00:30:21.263,30,21,42,Ball Receipt*,64,215,Athletic Club,From Throw In,215,Athletic Club,6842.0,Iker Muniain Goñi,Center Attacking Midfield,99.6,25.7,,,,False,,,,,,,False,,,,,,,False,False,left_to_right,False,99.6,25.7,,,False,False,False,False
efa8c367-119f-4bfa-8b85-1be7a8e4d265,3825747,1005,1,00:30:21.263,30,21,43,Carry,64,215,Athletic Club,From Throw In,215,Athletic Club,6842.0,Iker Muniain Goñi,Center Attacking Midfield,99.6,25.7,98.5,20.5,2.578019,True,,,,,,,False,,,,,,,False,False,left_to_right,False,99.6,25.7,98.5,20.5,False,False,False,False
4939c6d4-c038-4b57-999a-e3ef53a28749,3825747,1006,1,00:30:22.836,30,22,17,Pressure,64,215,Athletic Club,From Throw In,322,Eibar,6775.0,Daniel García Carrillo,Right Defensive Midfield,20.8,53.6,,,0.971084,False,,,,,,,False,,,,,,,False,False,left_to_right,False,20.8,53.6,,,False,False,False,False
0e9a9cb6-c817-44a3-a92a-f412d6e4c821,3825747,1007,1,00:30:23.841,30,23,3,Dispossessed,64,215,Athletic Club,From Throw In,215,Athletic Club,6842.0,Iker Muniain Goñi,Center Attacking Midfield,98.5,20.5,,,0.0,True,,,,,,,False,,,,,,,False,False,left_to_right,False,98.5,20.5,,,False,False,False,True
1756cb12-14d6-4e9e-9d79-359a985cc627,3825747,1008,1,00:30:23.841,30,23,4,Duel,64,215,Athletic Club,From Throw In,322,Eibar,6775.0,Daniel García Carrillo,Right Defensive Midfield,21.6,59.6,,,0.0,True,,,,,,,False,,,,,,,False,False,left_to_right,False,21.6,59.6,,,False,False,False,False
dcda5587-afcc-4024-aee9-f15cffd49b3f,3825747,1009,1,00:30:25.008,30,25,2,Ball Recovery,64,215,Athletic Club,From Throw In,215,Athletic Club,6666.0,Sabin Merino Zuloaga,Left Wing,100.5,14.3,,,0.0,False,,,,,,,False,,,,,,,False,False,left_to_right,False,100.5,14.3,,,False,False,False,False
e32972e4-d776-43d9-ac7f-8799aa3c39b4,3825747,1010,1,00:30:25.008,30,25,43,Carry,64,215,Athletic Club,From Throw In,215,Athletic Club,6666.0,Sabin Merino Zuloaga,Left Wing,100.5,14.3,97.5,22.1,0.24322,True,,,,,,,False,,,,,,,False,False,left_to_right,False,100.5,14.3,97.5,22.1,False,False,False,False
4b231c33-f28d-42cf-8009-f38207d31cd6,3825747,1011,1,00:30:25.251,30,25,22,Foul Committed,64,215,Athletic Club,From Throw In,322,Eibar,6775.0,Daniel García Carrillo,Right Defensive Midfield,22.6,58.0,,,0.0,False,,,,,,,False,,,,,,,False,False,left_to_right,False,22.6,58.0,,,False,False,False,False
0d0fbc92-5def-4886-8904-65ff02c5d48d,3825747,1012,1,00:30:25.251,30,25,21,Foul Won,64,215,Athletic Club,From Throw In,215,Athletic Club,6842.0,Iker Muniain Goñi,Center Attacking Midfield,97.5,22.1,,,0.0,True,,,,,,,False,,,,,,,False,False,left_to_right,False,97.5,22.1,,,False,False,False,False
33ae6521-c7ad-4bad-a3f0-b95749712a73,3825747,1013,1,00:30:25.251,30,25,43,Carry,64,215,Athletic Club,From Throw In,215,Athletic Club,6842.0,Iker Muniain Goñi,Center Attacking Midfield,97.5,22.1,99.9,11.0,0.26285,True,,,,,,,False,,,,,,,False,False,left_to_right,False,97.5,22.1,99.9,11.0,False,False,False,False
21ce6c60-d1da-4353-a548-40f903824813,3825747,1014,1,00:30:25.514,30,25,30,Pass,64,215,Athletic Club,From Throw In,215,Athletic Club,6842.0,Iker Muniain Goñi,Center Attacking Midfield,99.9,11.0,91.5,10.7,1.285986,False,,,,,,,True,8.405355,-3.1058936,Ground Pass,,6789.0,Mikel Balenziaga Oruesagasti,False,False,left_to_right,False,99.9,11.0,91.5,10.7,False,False,False,False
716400cc-f09e-401a-885a-1395016dad29,3825747,1015,1,00:30:26.800,30,26,42,Ball Receipt*,64,215,Athletic Club,From Throw In,215,Athletic Club,6789.0,Mikel Balenziaga Oruesagasti,Left Back,91.5,10.7,,,,False,,,,,,,False,,,,,,,False,False,left_to_right,False,91.5,10.7,,,False,False,False,False
d42e0f01-a89f-4886-b623-4bb4bd350e94,3825747,1016,1,00:30:26.800,30,26,43,Carry,64,215,Athletic Club,From Throw In,215,Athletic Club,6789.0,Mikel Balenziaga Oruesagasti,Left Back,91.5,10.7,91.8,16.1,2.973493,True,,,,,,,False,,,,,,,False,False,left_to_right,False,91.5,10.7,91.8,16.1,False,False,False,False
451901c3-15e9-4a17-ae35-5ee156bda8b9,3825747,1017,1,00:30:28.721,30,28,17,Pressure,64,215,Athletic Club,From Throw In,322,Eibar,6742.0,Sergio Gontán Gallardo,Right Midfield,28.6,68.5,,,1.515033,False,,,,,,,False,,,,,,,False,False,left_to_right,False,28.6,68.5,,,False,False,False,False
21300f62-ff9a-4a6a-b2eb-60630ec52d79,3825747,1018,1,00:30:29.773,30,29,39,Dribbled Past,64,215,Athletic Club,From Throw In,322,Eibar,6742.0,Sergio Gontán Gallardo,Right Midfield,28.3,64.0,,,0.0,False,,,,,,,False,,,,,,,False,False,left_to_right,False,28.3,64.0,,,False,False,False,False
aa15750a-0ab9-4df6-ab44-64ad0b8052ce,3825747,1019,1,00:30:29.773,30,29,14,Dribble,64,215,Athletic Club,From Throw In,215,Athletic Club,6789.0,Mikel Balenziaga Oruesagasti,Left Back,91.8,16.1,,,0.0,True,,,,,,,False,,,,,,,False,False,left_to_right,False,91.8,16.1,,,False,False,False,False
faf59da4-3a7d-4bb4-a93f-6f5fe85772d9,3825747,1020,1,00:30:29.773,30,29,43,Carry,64,215,Athletic Club,From Throw In,215,Athletic Club,6789.0,Mikel Balenziaga Oruesagasti,Left Back,91.8,16.1,91.8,16.4,0.399427,True,,,,,,,False,,,,,,,False,False,left_to_right,False,91.8,16.1,91.8,16.4,False,False,False,False
1848261e-469c-4000-83ab-35cc17254215,3825747,1021,1,00:30:30.173,30,30,38,Miscontrol,64,215,Athletic Club,From Throw In,215,Athletic Club,6789.0,Mikel Balenziaga Oruesagasti,Left Back,91.8,16.4,,,0.0,True,,,,,,,False,,,,,,,False,False,left_to_right,False,91.8,16.4,,,False,False,False,True
d5e27e49-9157-4361-a0de-0d720debbd42,3825747,1022,1,00:30:30.594,30,30,17,Pressure,64,215,Athletic Club,From Throw In,215,Athletic Club,6789.0,Mikel Balenziaga Oruesagasti,Left Back,92.2,18.8,,,0.279999,False,,,,,,,False,,,,,,,False,False,left_to_right,False,92.2,18.8,,,False,False,False,False
7fc75bae-2c2a-4dbf-b9dc-57a22d64c679,3825747,1023,1,00:30:30.878,30,30,9,Clearance,64,215,Athletic Club,From Throw In,322,Eibar,6775.0,Daniel García Carrillo,Right Defensive Midfield,27.9,60.1,,,0.0,True,,,,,,,False,,,,,,,False,False,left_to_right,False,27.9,60.1,,,False,False,False,False
ef85cff6-fb80-4bb8-84c3-39d141df9e16,3825747,1024,1,00:30:33.182,30,33,30,Pass,64,215,Athletic Club,From Throw In,215,Athletic Club,6396.0,Beñat Etxebarria Urkiaga,Left Defensive Midfield,79.0,6.3,77.8,8.3,0.040126,False,,,,,,Incomplete,False,2.3323808,2.1112158,Ground Pass,Recovery,,,False,False,left_to_right,False,79.0,6.3,77.8,8.3,False,False,False,True
31e31df7-6c0d-46f6-90af-d9a2e6a2410b,3825747,1025,1,00:30:33.222,30,33,6,Block,64,215,Athletic Club,From Throw In,322,Eibar,6700.0,Sergio Enrich Ametller,Left Center Forward,42.3,71.8,,,0.0,False,,,,,,,False,,,,,,,False,False,left_to_right,False,42.3,71.8,,,False,False,False,False
33dd2f4b-0cde-4569-8514-028b0d814ccd,3825747,1026,1,00:30:38.736,30,38,30,Pass,65,215,Athletic Club,From Throw In,215,Athletic Club,6789.0,Mikel Balenziaga Oruesagasti,Left Back,83.1,0.1,57.0,15.4,3.289531,False,,,,,,,True,30.253925,2.6113768,Low Pass,Throw-in,4353.0,Aymeric Laporte,False,False,left_to_right,False,83.1,0.1,57.0,15.4,False,False,False,False
0d3d8baf-3251-44ad-b805-edb1180c8d0f,3825747,1027,1,00:30:42.026,30,42,42,Ball Receipt*,65,215,Athletic Club,From Throw In,215,Athletic Club,4353.0,Aymeric Laporte,Left Center Back,57.0,15.4,,,,False,,,,,,,False,,,,,,,False,False,left_to_right,False,57.0,15.4,,,False,False,False,False
bd3bc214-312e-4474-a22f-9ecc373f0995,3825747,1028,1,00:30:42.026,30,42,43,Carry,65,215,Athletic Club,From Throw In,215,Athletic Club,4353.0,Aymeric Laporte,Left Center Back,57.0,15.4,57.0,15.4,0.751443,False,,,,,,,False,,,,,,,False,False,left_to_right,False,57.0,15.4,57.0,15.4,False,False,False,False
c31cbe8a-0f3a-4f55-9969-5ac4f0f1c4f8,3825747,1029,1,00:30:42.777,30,42,30,Pass,65,215,Athletic Club,From Throw In,215,Athletic Club,4353.0,Aymeric Laporte,Left Center Back,57.0,15.4,65.1,26.0,1.042838,False,,,,,,,True,13.34054,0.9183,Ground Pass,,6389.0,Mikel San José Domínguez,False,False,left_to_right,False,57.0,15.4,65.1,26.0,False,False,False,False
ab4f0a6f-3e67-409a-9b7a-55197e63ed62,3825747,1030,1,00:30:43.820,30,43,42,Ball Receipt*,65,215,Athletic Club,From Throw In,215,Athletic Club,6389.0,Mikel San José Domínguez,Right Defensive Midfield,65.1,26.0,,,,False,,,,,,,False,,,,,,,False,False,left_to_right,False,65.1,26.0,,,False,False,False,False
d4e9be9f-7c7c-4a13-9bad-d9e3d65360d8,3825747,1031,1,00:30:43.820,30,43,43,Carry,65,215,Athletic Club,From Throw In,215,Athletic Club,6389.0,Mikel San José Domínguez,Right Defensive Midfield,65.1,26.0,65.1,26.2,0.976287,False,,,,,,,False,,,,,,,False,False,left_to_right,False,65.1,26.0,65.1,26.2,False,False,False,False
c11f064e-d3f3-4d30-8ec8-c74be618b386,3825747,1032,1,00:30:44.796,30,44,30,Pass,65,215,Athletic Club,From Throw In,215,Athletic Club,6389.0,Mikel San José Domínguez,Right Defensive Midfield,65.1,26.2,63.4,12.7,1.177625,False,,,,,,,True,13.606616,-1.6960629,Ground Pass,,6396.0,Beñat Etxebarria Urkiaga,False,False,left_to_right,False,65.1,26.2,63.4,12.7,False,False,False,False
83ce6455-d30b-4e99-838e-4365d1c709be,3825747,1033,1,00:30:45.974,30,45,42,Ball Receipt*,65,215,Athletic Club,From Throw In,215,Athletic Club,6396.0,Beñat Etxebarria Urkiaga,Left Defensive Midfield,63.4,12.7,,,,False,,,,,,,False,,,,,,,False,False,left_to_right,False,63.4,12.7,,,False,False,False,False
d66b243d-5e31-4d7b-8bca-2e17f7015b03,3825747,1034,1,00:30:45.974,30,45,43,Carry,65,215,Athletic Club,From Throw In,215,Athletic Club,6396.0,Beñat Etxebarria Urkiaga,Left Defensive Midfield,63.4,12.7,65.1,14.0,0.586108,True,,,,,,,False,,,,,,,False,False,left_to_right,False,63.4,12.7,65.1,14.0,False,False,False,False
c2323e3d-63a5-4a55-9a35-3039f31b37b7,3825747,1035,1,00:30:46.014,30,46,17,Pressure,65,215,Athletic Club,From Throw In,322,Eibar,6742.0,Sergio Gontán Gallardo,Right Midfield,55.1,66.4,,,0.506053,False,,,,,,,False,,,,,,,False,False,left_to_right,False,55.1,66.4,,,False,False,False,False
87158aed-ae6f-4857-bdce-c3c8830e0bdf,3825747,1036,1,00:30:46.560,30,46,3,Dispossessed,65,215,Athletic Club,From Throw In,215,Athletic Club,6396.0,Beñat Etxebarria Urkiaga,Left Defensive Midfield,65.1,14.0,,,1.952827,True,,,,,,,False,,,,,,,False,False,left_to_right,False,65.1,14.0,,,False,False,False,True
bafef12b-d13d-4c66-8194-36e46b00b517,3825747,1037,1,00:30:46.560,30,46,4,Duel,65,215,Athletic Club,From Throw In,322,Eibar,6742.0,Sergio Gontán Gallardo,Right Midfield,55.0,66.1,,,0.0,True,,,,,,,False,,,,,,,False,False,left_to_right,False,55.0,66.1,,,False,False,False,False
35b20099-1d4f-48d4-9b07-1bef4b4d5f87,3825747,1038,1,00:30:49.944,30,49,30,Pass,65,215,Athletic Club,From Throw In,215,Athletic Club,4353.0,Aymeric Laporte,Left Center Back,28.1,10.7,13.1,37.3,1.680109,False,,,,,,,True,30.537846,2.0842562,Ground Pass,Recovery,6662.0,Iago Herrerín Buisán,False,False,left_to_right,False,28.1,10.7,13.1,37.3,False,False,False,False
4f09b6c1-767f-424b-950a-23b89b5aea2a,3825747,1039,1,00:30:51.624,30,51,42,Ball Receipt*,65,215,Athletic Club,From Throw In,215,Athletic Club,6662.0,Iago Herrerín Buisán,Goalkeeper,13.1,37.3,,,,False,,,,,,,False,,,,,,,False,False,left_to_right,False,13.1,37.3,,,False,False,False,False
5315cd8b-230a-4b3a-96e9-20244adbac60,3825747,1040,1,00:30:51.624,30,51,43,Carry,65,215,Athletic Club,From Throw In,215,Athletic Club,6662.0,Iago Herrerín Buisán,Goalkeeper,13.1,37.3,13.1,40.3,3.171427,False,,,,,,,False,,,,,,,False,False,left_to_right,False,13.1,37.3,13.1,40.3,False,False,False,False
2e125a53-062a-4dd3-82d2-016220b57841,3825747,1041,1,00:30:54.795,30,54,30,Pass,65,215,Athletic Club,From Throw In,215,Athletic Club,6662.0,Iago Herrerín Buisán,Goalkeeper,13.1,40.3,65.0,51.2,2.499114,False,,,,,,Incomplete,False,53.032253,0.20701064,High Pass,,6394.0,Aritz Aduriz Zubeldia,False,False,left_to_right,False,13.1,40.3,65.0,51.2,False,True,False,True
d018d6da-7bb8-4ae8-82af-3f53548b7b1d,3825747,1042,1,00:30:57.294,30,57,42,Ball Receipt*,65,215,Athletic Club,From Throw In,215,Athletic Club,6394.0,Aritz Aduriz Zubeldia,Center Forward,64.0,49.6,,,,False,,,,,,,False,,,,,,,False,False,left_to_right,False,64.0,49.6,,,False,False,False,False
2648b935-dae9-4045-97e2-34136b826771,3825747,1043,1,00:30:57.294,30,57,4,Duel,65,215,Athletic Club,From Throw In,215,Athletic Club,6394.0,Aritz Aduriz Zubeldia,Center Forward,65.0,51.2,,,0.0,True,,,,,,,False,,,,,,,False,False,left_to_right,False,65.0,51.2,,,False,False,False,False
f5ba9498-e114-42b0-ac7a-a84dce57ea79,3825747,1044,1,00:30:57.294,30,57,30,Pass,66,322,Eibar,Regular Play,322,Eibar,27239.0,Aleksandar Pantić,Left Center Back,55.1,28.9,62.7,41.3,1.738153,True,,,,,,,True,14.543727,1.0209432,High Pass,Recovery,6775.0,Daniel García Carrillo,False,False,left_to_right,False,55.1,28.9,62.7,41.3,False,False,False,False
a0aae1bf-ffa5-4fd3-addb-ad89d141bdde,3825747,1045,1,00:30:59.032,30,59,42,Ball Receipt*,66,322,Eibar,Regular Play,322,Eibar,6775.0,Daniel García Carrillo,Right Defensive Midfield,62.7,41.3,,,,False,,,,,,,False,,,,,,,False,False,left_to_right,False,62.7,41.3,,,False,False,False,False
fce65d07-d896-4c8b-a447-682a5ba79124,3825747,1046,1,00:30:59.079,30,59,30,Pass,66,322,Eibar,Regular Play,322,Eibar,6775.0,Daniel García Carrillo,Right Defensive Midfield,63.1,40.9,74.9,34.1,1.971007,False,,,,,,Unknown,False,13.619104,-0.52278906,High Pass,,6700.0,Sergio Enrich Ametller,False,False,left_to_right,False,63.1,40.9,74.9,34.1,False,False,False,True
8f8e3c61-e70d-4e17-8c5c-0a6938a1391a,3825747,1047,1,00:31:00.127,31,0,17,Pressure,66,322,Eibar,Regular Play,215,Athletic Club,6389.0,Mikel San José Domínguez,Right Defensive Midfield,46.0,45.6,,,0.842717,False,,,,,,,False,,,,,,,False,False,left_to_right,False,46.0,45.6,,,False,False,False,False
a8c2bb3e-5d95-45bf-8034-92a4c2fb1055,3825747,1048,1,00:31:01.027,31,1,42,Ball Receipt*,66,322,Eibar,Regular Play,322,Eibar,6700.0,Sergio Enrich Ametller,Left Center Forward,74.9,35.2,,,,False,,,,,,,False,,,,,,,False,False,left_to_right,False,74.9,35.2,,,False,False,False,False
4cf80b7f-7f07-4aeb-9002-7b652dc0952e,3825747,1049,1,00:31:01.027,31,1,22,Foul Committed,66,322,Eibar,Regular Play,215,Athletic Club,6389.0,Mikel San José Domínguez,Right Defensive Midfield,44.9,46.0,,,0.0,False,,,,,,,False,,,,,,,False,False,left_to_right,False,44.9,46.0,,,False,False,False,False
a00be3f2-9b68-401a-9e6b-d25acd36fc80,3825747,1050,1,00:31:01.027,31,1,21,Foul Won,66,322,Eibar,Regular Play,322,Eibar,6700.0,Sergio Enrich Ametller,Left Center Forward,75.2,34.1,,,0.0,True,,,,,,,False,,,,,,,False,False,left_to_right,False,75.2,34.1,,,False,False,False,False
b1ce620e-015b-4361-83d2-97c88e56e6df,3825747,1051,1,00:31:31.754,31,31,30,Pass,67,322,Eibar,From Free Kick,322,Eibar,24070.0,Saúl Berjón Pérez,Left Midfield,79.8,31.8,94.4,70.8,3.31434,False,,,,,,,True,41.643246,1.2125877,Ground Pass,Free Kick,6699.0,Ander Capa Rodríguez,False,False,left_to_right,False,79.8,31.8,94.4,70.8,False,False,True,False
ad9114dd-e7a0-4b20-9d8c-f5cd743d15b5,3825747,1052,1,00:31:35.068,31,35,42,Ball Receipt*,67,322,Eibar,From Free Kick,322,Eibar,6699.0,Ander Capa Rodríguez,Right Back,94.4,70.8,,,,False,,,,,,,False,,,,,,,False,False,left_to_right,False,94.4,70.8,,,False,False,False,False
7bf41a65-a33f-4427-a69e-d7d9c7573b6b,3825747,1053,1,00:31:35.068,31,35,43,Carry,67,322,Eibar,From Free Kick,322,Eibar,6699.0,Ander Capa Rodríguez,Right Back,94.4,70.8,101.0,68.1,1.173431,False,,,,,,,False,,,,,,,False,False,left_to_right,False,94.4,70.8,101.0,68.1,False,False,False,False
695ab355-46ff-424e-ac25-11488efb1b16,3825747,1054,1,00:31:36.242,31,36,30,Pass,67,322,Eibar,From Free Kick,322,Eibar,6699.0,Ander Capa Rodríguez,Right Back,101.0,68.1,110.0,36.8,1.709572,False,,,,,,Incomplete,False,32.568237,-1.2908096,High Pass,,6557.0,Adrián González Morales,False,False,left_to_right,False,101.0,68.1,110.0,36.8,False,True,False,True
e0216208-5263-4db7-b668-1c7d71a8767f,3825747,1055,1,00:31:37.951,31,37,42,Ball Receipt*,67,322,Eibar,From Free Kick,322,Eibar,6557.0,Adrián González Morales,Left Defensive Midfield,110.0,38.3,,,,False,,,,,,,False,,,,,,,False,False,left_to_right,False,110.0,38.3,,,False,False,False,False
4fd93c03-6095-4b65-87cd-0a87655c84f4,3825747,1056,1,00:31:37.951,31,37,9,Clearance,67,322,Eibar,From Free Kick,215,Athletic Club,6389.0,Mikel San José Domínguez,Right Defensive Midfield,10.1,43.3,,,0.0,True,,,,,,,False,,,,,,,False,False,left_to_right,False,10.1,43.3,,,False,False,False,False
7aca1ea1-7c7c-4160-97a8-ef8d5e5197cb,3825747,1057,1,00:31:39.401,31,39,2,Ball Recovery,67,322,Eibar,From Free Kick,322,Eibar,6566.0,Borja González Tomás,Right Center Forward,106.1,25.8,,,0.0,False,,,,,,,False,,,,,,,False,False,left_to_right,False,106.1,25.8,,,False,False,False,False
d1a3192a-c002-46e9-977e-a8ee1cd3fff7,3825747,1058,1,00:31:39.401,31,39,43,Carry,67,322,Eibar,From Free Kick,322,Eibar,6566.0,Borja González Tomás,Right Center Forward,106.1,25.8,107.5,24.7,0.559458,False,,,,,,,False,,,,,,,False,False,left_to_right,False,106.1,25.8,107.5,24.7,False,False,False,False
943ba892-6d67-416b-a641-dda73c62fb35,3825747,1059,1,00:31:39.960,31,39,16,Shot,67,322,Eibar,From Free Kick,322,Eibar,6566.0,Borja González Tomás,Right Center Forward,107.5,24.7,109.0,27.5,0.112663,False,0.034219347,Blocked,Right Foot,Half Volley,Open Play,,False,,,,,,,False,False,left_to_right,False,107.5,24.7,109.0,27.5,False,False,False,False
41daf968-3e64-4577-b964-92f28c485202,3825747,1060,1,00:31:40.073,31,40,6,Block,67,322,Eibar,From Free Kick,215,Athletic Club,6386.0,Eneko Bóveda Altube,Right Center Back,11.1,52.6,,,0.0,False,,,,,,,False,,,,,,,False,False,left_to_right,False,11.1,52.6,,,False,False,False,False
6741224d-2393-49a5-8fc9-2ca17d94a44c,3825747,1061,1,00:31:40.865,31,40,23,Goal Keeper,67,322,Eibar,From Free Kick,215,Athletic Club,6662.0,Iago Herrerín Buisán,Goalkeeper,1.5,42.9,,,0.0,False,,,,,,,False,,,,,,,False,False,left_to_right,False,1.5,42.9,,,False,False,False,False
f37e2f63-9530-428d-b38a-497eb3d066de,3825747,1062,1,00:31:43.705,31,43,2,Ball Recovery,67,322,Eibar,From Free Kick,322,Eibar,6742.0,Sergio Gontán Gallardo,Right Midfield,116.0,73.4,,,0.0,False,,,,,,,False,,,,,,,False,False,left_to_right,False,116.0,73.4,,,False,False,False,False
d428d561-2596-4894-a00c-b362b56a4f5b,3825747,1063,1,00:31:43.705,31,43,43,Carry,67,322,Eibar,From Free Kick,322,Eibar,6742.0,Sergio Gontán Gallardo,Right Midfield,116.0,73.4,115.1,68.1,1.250762,True,,,,,,,False,,,,,,,False,False,left_to_right,False,116.0,73.4,115.1,68.1,False,False,False,False
e382ef04-4077-43b6-b6e8-f29e3b88c0bd,3825747,1064,1,00:31:44.004,31,44,17,Pressure,67,322,Eibar,From Free Kick,215,Athletic Club,6666.0,Sabin Merino Zuloaga,Left Wing,5.0,11.0,,,0.603385,False,,,,,,,False,,,,,,,False,False,left_to_right,False,5.0,11.0,,,False,False,False,False
3e9b73a2-7cae-4718-afc4-f000a96141ff,3825747,1065,1,00:31:44.956,31,44,39,Dribbled Past,67,322,Eibar,From Free Kick,215,Athletic Club,6666.0,Sabin Merino Zuloaga,Left Wing,5.0,12.0,,,0.0,False,,,,,,,False,,,,,,,False,False,left_to_right,False,5.0,12.0,,,False,False,False,False
2cdd1cff-e241-43e2-a865-9ef02ba52fa9,3825747,1066,1,00:31:44.956,31,44,14,Dribble,67,322,Eibar,From Free Kick,322,Eibar,6742.0,Sergio Gontán Gallardo,Right Midfield,115.1,68.1,,,0.0,True,,,,,,,False,,,,,,,False,False,left_to_right,False,115.1,68.1,,,False,False,False,False
d12a6a97-8fdc-4fd6-83af-e5875f195fe4,3825747,1067,1,00:31:44.956,31,44,43,Carry,67,322,Eibar,From Free Kick,322,Eibar,6742.0,Sergio Gontán Gallardo,Right Midfield,115.1,68.1,105.4,66.7,1.483706,True,,,,,,,False,,,,,,,False,False,left_to_right,False,115.1,68.1,105.4,66.7,False,False,False,False
b80caa03-37a6-45bc-b51e-99d93f5afde2,3825747,1068,1,00:31:46.439,31,46,30,Pass,67,322,Eibar,From Free Kick,322,Eibar,6742.0,Sergio Gontán Gallardo,Right Midfield,105.4,66.7,115.7,24.2,2.46191,False,,,,,,,True,43.73031,-1.3330277,High Pass,,6566.0,Borja González Tomás,False,False,left_to_right,False,105.4,66.7,115.7,24.2,False,True,False,False
d2857236-eaed-4b50-8502-f631d7436511,3825747,1069,1,00:31:48.901,31,48,42,Ball Receipt*,67,322,Eibar,From Free Kick,322,Eibar,6566.0,Borja González Tomás,Right Center Forward,115.7,24.2,,,,False,,,,,,,False,,,,,,,False,False,left_to_right,False,115.7,24.2,,,False,False,False,False
ded55fa1-8860-4043-8baf-ebfa8a19bfad,3825747,1070,1,00:31:48.935,31,48,30,Pass,67,322,Eibar,From Free Kick,322,Eibar,6566.0,Borja González Tomás,Right Center Forward,115.7,24.2,120.0,34.9,0.208645,False,,,,,,Out,False,11.531695,1.1886797,High Pass,,6700.0,Sergio Enrich Ametller,False,False,left_to_right,False,115.7,24.2,120.0,34.9,False,True,False,True
b1ea16cf-2602-4e5b-9978-265694c8953a,3825747,1071,1,00:31:49.143,31,49,42,Ball Receipt*,67,322,Eibar,From Free Kick,322,Eibar,6700.0,Sergio Enrich Ametller,Left Center Forward,114.8,40.9,,,,False,,,,,,,False,,,,,,,False,False,left_to_right,False,114.8,40.9,,,False,False,False,False
d90be59a-a0ec-4936-9428-9050d54f0478,3825747,1072,1,00:32:13.464,32,13,30,Pass,68,215,Athletic Club,From Goal Kick,215,Athletic Club,6662.0,Iago Herrerín Buisán,Goalkeeper,7.0,44.1,74.8,61.0,3.671196,False,,,,,,,True,69.87453,0.24428447,High Pass,Goal Kick,6394.0,Aritz Aduriz Zubeldia,False,False,left_to_right,False,7.0,44.1,74.8,61.0,False,True,False,False
75e14c3c-00c1-41b2-b4f6-8cfdeeb537ed,3825747,1073,1,00:32:17.135,32,17,42,Ball Receipt*,68,215,Athletic Club,From Goal Kick,215,Athletic Club,6394.0,Aritz Aduriz Zubeldia,Center Forward,74.8,61.0,,,,False,,,,,,,False,,,,,,,False,False,left_to_right,False,74.8,61.0,,,False,False,False,False
25ba68f4-0051-49c0-a662-b4fb38f7591c,3825747,1074,1,00:32:17.215,32,17,4,Duel,68,215,Athletic Club,From Goal Kick,322,Eibar,6776.0,David Juncà Reñé,Left Back,47.7,19.4,,,0.0,True,,,,,,,False,,,,,,,False,False,left_to_right,False,47.7,19.4,,,False,False,False,False
62baedbc-5ffd-49bd-8c29-b0200c11bd66,3825747,1075,1,00:32:17.215,32,17,38,Miscontrol,68,215,Athletic Club,From Goal Kick,215,Athletic Club,6394.0,Aritz Aduriz Zubeldia,Center Forward,72.4,60.7,,,0.0,True,,,,,,,False,,,,,,,False,False,left_to_right,False,72.4,60.7,,,False,False,False,True
6a898879-734f-4c85-b10d-6acaa6bfe3dc,3825747,1076,1,00:32:19.851,32,19,2,Ball Recovery,68,215,Athletic Club,From Goal Kick,322,Eibar,27239.0,Aleksandar Pantić,Left Center Back,27.9,7.7,,,0.0,False,,,,,,,False,,,,,,,False,False,left_to_right,False,27.9,7.7,,,False,False,False,False
2a8938ca-4dd4-44e1-8065-d21a20e3005c,3825747,1077,1,00:32:19.851,32,19,43,Carry,68,215,Athletic Club,From Goal Kick,322,Eibar,27239.0,Aleksandar Pantić,Left Center Back,27.9,7.7,27.6,7.1,1.121782,False,,,,,,,False,,,,,,,False,False,left_to_right,False,27.9,7.7,27.6,7.1,False,False,False,False
f31cd892-d7d2-44cb-b978-299973b39d6b,3825747,1078,1,00:32:20.973,32,20,30,Pass,68,215,Athletic Club,From Goal Kick,322,Eibar,27239.0,Aleksandar Pantić,Left Center Back,27.6,7.1,42.0,0.1,0.831415,False,,,,,,Out,False,16.011246,-0.4524749,High Pass,,24070.0,Saúl Berjón Pérez,False,False,left_to_right,False,27.6,7.1,42.0,0.1,False,False,False,True
3300b541-68a1-4956-93cd-8e6278b51182,3825747,1079,1,00:32:21.804,32,21,42,Ball Receipt*,68,215,Athletic Club,From Goal Kick,322,Eibar,24070.0,Saúl Berjón Pérez,Left Midfield,62.7,4.7,,,,False,,,,,,,False,,,,,,,False,False,left_to_right,False,62.7,4.7,,,False,False,False,False
c6158b60-9871-461b-aede-b41098c8804f,3825747,1080,1,00:32:26.253,32,26,30,Pass,69,215,Athletic Club,From Throw In,215,Athletic Club,6394.0,Aritz Aduriz Zubeldia,Center Forward,87.4,80.0,99.6,72.7,1.45188,False,,,,,,,True,14.217243,-0.53921324,Low Pass,Throw-in,6390.0,Markel Susaeta Laskurain,False,False,left_to_right,False,87.4,80.0,99.6,72.7,False,True,False,False
b561c1b3-dfa7-44e6-aba7-1964bf5087fb,3825747,1081,1,00:32:27.705,32,27,42,Ball Receipt*,69,215,Athletic Club,From Throw In,215,Athletic Club,6390.0,Markel Susaeta Laskurain,Right Wing,99.6,72.7,,,,False,,,,,,,False,,,,,,,False,False,left_to_right,False,99.6,72.7,,,False,False,False,False
bba00e4d-df2b-416b-b120-fdb526803bad,3825747,1082,1,00:32:29.412,32,29,17,Pressure,69,215,Athletic Club,From Throw In,322,Eibar,27239.0,Aleksandar Pantić,Left Center Back,20.5,5.7,,,0.367314,False,,,,,,,False,,,,,,,False,False,left_to_right,False,20.5,5.7,,,False,False,False,False
17476a2f-6020-4bed-9ee4-576c6f692668,3825747,1083,1,00:32:30.280,32,30,22,Foul Committed,69,215,Athletic Club,From Throw In,322,Eibar,27239.0,Aleksandar Pantić,Left Center Back,20.2,3.3,,,0.0,False,,,,,,,False,,,,,,,False,False,left_to_right,False,20.2,3.3,,,False,False,False,False
969c40e1-40b3-4a8f-978f-3a894e68b673,3825747,1084,1,00:32:30.280,32,30,21,Foul Won,69,215,Athletic Club,From Throw In,215,Athletic Club,6390.0,Markel Susaeta Laskurain,Right Wing,99.9,76.8,,,0.0,True,,,,,,,False,,,,,,,False,False,left_to_right,False,99.9,76.8,,,False,False,False,False
ffacfe89-4dd0-4cdb-8886-85dde6fada74,3825747,1085,1,00:33:13.934,33,13,30,Pass,70,215,Athletic Club,From Free Kick,215,Athletic Club,6396.0,Beñat Etxebarria Urkiaga,Left Defensive Midfield,103.5,75.1,112.6,46.0,1.059813,False,,,,,,Incomplete,False,30.48967,-1.2677158,High Pass,Free Kick,,,False,False,left_to_right,False,103.5,75.1,112.6,46.0,False,True,False,True
326c4830-9a0e-441c-bbef-fd9f268b0a90,3825747,1086,1,00:33:14.994,33,14,4,Duel,70,215,Athletic Club,From Free Kick,215,Athletic Club,6394.0,Aritz Aduriz Zubeldia,Center Forward,112.6,46.0,,,0.0,True,,,,,,,False,,,,,,,False,False,left_to_right,False,112.6,46.0,,,False,False,False,False
071c9dbe-ee6a-4abd-bfd6-7c848dc7f976,3825747,1087,1,00:33:14.994,33,14,30,Pass,70,215,Athletic Club,From Free Kick,322,Eibar,6700.0,Sergio Enrich Ametller,Left Center Forward,7.5,34.1,8.2,32.2,0.099476,True,,,,,,Incomplete,False,2.0248456,-1.217806,Low Pass,Recovery,6775.0,Daniel García Carrillo,False,False,left_to_right,False,7.5,34.1,8.2,32.2,False,False,False,True
29cabfc7-28bc-4614-8b7d-3b329283f64a,3825747,1088,1,00:33:15.093,33,15,42,Ball Receipt*,70,215,Athletic Club,From Free Kick,322,Eibar,6775.0,Daniel García Carrillo,Right Defensive Midfield,8.2,33.8,,,,False,,,,,,,False,,,,,,,False,False,left_to_right,False,8.2,33.8,,,False,False,False,False
f19717ea-483a-4b2e-a95f-424f75b45137,3825747,1089,1,00:33:15.093,33,15,6,Block,70,215,Athletic Club,From Free Kick,215,Athletic Club,6394.0,Aritz Aduriz Zubeldia,Center Forward,111.9,47.9,,,0.0,False,,,,,,,False,,,,,,,False,False,left_to_right,False,111.9,47.9,,,False,False,False,False
60378dcc-f969-4a90-83d0-79d37d4dd3f1,3825747,1090,1,00:33:53.234,33,53,30,Pass,71,322,Eibar,From Goal Kick,322,Eibar,10763.0,Asier Riesgo Unamuno,Goalkeeper,6.0,36.0,67.2,6.8,2.505388,False,,,,,,,True,67.80914,-0.44518006,High Pass,Goal Kick,6776.0,David Juncà Reñé,False,False,left_to_right,False,6.0,36.0,67.2,6.8,False,True,False,False
1e7d2327-9f25-48e1-b8c8-c187953cb218,3825747,1091,1,00:33:55.739,33,55,42,Ball Receipt*,71,322,Eibar,From Goal Kick,322,Eibar,6776.0,David Juncà Reñé,Left Back,67.2,6.8,,,,False,,,,,,,False,,,,,,,False,False,left_to_right,False,67.2,6.8,,,False,False,False,False
9fb081b7-4cbc-4b9c-8712-14dc54335f85,3825747,1092,1,00:33:55.739,33,55,4,Duel,71,322,Eibar,From Goal Kick,215,Athletic Club,6390.0,Markel Susaeta Laskurain,Right Wing,52.9,73.3,,,0.0,True,,,,,,,False,,,,,,,False,False,left_to_right,False,52.9,73.3,,,False,False,False,False
1a9cc5aa-0644-4298-afce-1bef3266a1d2,3825747,1093,1,00:33:55.739,33,55,30,Pass,71,322,Eibar,From Goal Kick,322,Eibar,6776.0,David Juncà Reñé,Left Back,67.2,6.8,76.8,11.4,1.670503,True,,,,,,Incomplete,False,10.645186,0.44684246,High Pass,,6700.0,Sergio Enrich Ametller,False,False,left_to_right,False,67.2,6.8,76.8,11.4,False,False,False,True
783b6aab-7111-46d2-920d-c6b75fda260d,3825747,1094,1,00:33:57.410,33,57,42,Ball Receipt*,71,322,Eibar,From Goal Kick,322,Eibar,6700.0,Sergio Enrich Ametller,Left Center Forward,77.9,12.8,,,,False,,,,,,,False,,,,,,,False,False,left_to_right,False,77.9,12.8,,,False,False,False,False
21756f16-c14d-4539-ace5-e5f305e9167c,3825747,1095,1,00:33:57.410,33,57,30,Pass,71,322,Eibar,From Goal Kick,215,Athletic Club,6389.0,Mikel San José Domínguez,Right Defensive Midfield,43.3,68.7,74.1,42.8,2.953745,False,,,,,,Incomplete,False,40.24239,-0.6991926,High Pass,Recovery,,,False,False,left_to_right,False,43.3,68.7,74.1,42.8,False,True,False,True
c26b7873-3bf5-4fa4-9946-96fba185f6cf,3825747,1096,1,00:34:00.364,34,0,30,Pass,71,322,Eibar,From Goal Kick,322,Eibar,6837.0,Mauro Javier Dos Santos,Right Center Back,46.0,37.3,60.7,36.2,2.624823,False,,,,,,Incomplete,False,14.741099,-0.07469073,High Pass,Recovery,6775.0,Daniel García Carrillo,False,False,left_to_right,False,46.0,37.3,60.7,36.2,False,False,False,True
a5bcb267-1f26-4562-9837-c924735c5bf8,3825747,1097,1,00:34:02.989,34,2,42,Ball Receipt*,71,322,Eibar,From Goal Kick,322,Eibar,6775.0,Daniel García Carrillo,Right Defensive Midfield,60.0,34.1,,,,False,,,,,,,False,,,,,,,False,False,left_to_right,False,60.0,34.1,,,False,False,False,False
b57a7246-b7ab-4c60-96b2-8a3b09419bbd,3825747,1098,1,00:34:02.989,34,2,30,Pass,72,215,Athletic Club,Regular Play,215,Athletic Club,6842.0,Iker Muniain Goñi,Center Attacking Midfield,59.4,43.9,57.4,41.2,0.686179,False,,,,,,,True,3.3600595,-2.2083452,Ground Pass,Recovery,6396.0,Beñat Etxebarria Urkiaga,False,False,left_to_right,False,59.4,43.9,57.4,41.2,False,False,False,False
5832daf6-eec3-45aa-b47c-533bfb24f501,3825747,1099,1,00:34:03.675,34,3,42,Ball Receipt*,72,215,Athletic Club,Regular Play,215,Athletic Club,6396.0,Beñat Etxebarria Urkiaga,Left Defensive Midfield,57.4,41.2,,,,False,,,,,,,False,,,,,,,False,False,left_to_right,False,57.4,41.2,,,False,False,False,False
450bb851-f88e-4209-a734-dc9553d96854,3825747,1100,1,00:34:03.675,34,3,43,Carry,72,215,Athletic Club,Regular Play,215,Athletic Club,6396.0,Beñat Etxebarria Urkiaga,Left Defensive Midfield,57.4,41.2,57.0,39.5,0.233275,False,,,,,,,False,,,,,,,False,False,left_to_right,False,57.4,41.2,57.0,39.5,False,False,False,False
3b82369d-e83b-48c1-bd38-1c79cba60868,3825747,1101,1,00:34:03.908,34,3,30,Pass,72,215,Athletic Club,Regular Play,215,Athletic Club,6396.0,Beñat Etxebarria Urkiaga,Left Defensive Midfield,57.0,39.5,64.6,34.9,0.658755,False,,,,,,,True,8.883693,-0.54428047,Ground Pass,,6666.0,Sabin Merino Zuloaga,False,False,left_to_right,False,57.0,39.5,64.6,34.9,False,False,False,False
e20bd809-82a0-48c4-b396-db924df14bd2,3825747,1102,1,00:34:04.567,34,4,42,Ball Receipt*,72,215,Athletic Club,Regular Play,215,Athletic Club,6666.0,Sabin Merino Zuloaga,Left Wing,64.6,34.9,,,,False,,,,,,,False,,,,,,,False,False,left_to_right,False,64.6,34.9,,,False,False,False,False
8bedfb55-4ef6-412a-bc81-ce2990ad8a7a,3825747,1103,1,00:34:04.567,34,4,43,Carry,72,215,Athletic Club,Regular Play,215,Athletic Club,6666.0,Sabin Merino Zuloaga,Left Wing,64.6,34.9,64.0,33.5,0.199998,False,,,,,,,False,,,,,,,False,False,left_to_right,False,64.6,34.9,64.0,33.5,False,False,False,False
03ce8b08-e652-41ca-9d62-7001e7f4f097,3825747,1104,1,00:34:04.767,34,4,30,Pass,72,215,Athletic Club,Regular Play,215,Athletic Club,6666.0,Sabin Merino Zuloaga,Left Wing,64.0,33.5,55.3,23.8,0.822369,False,,,,,,,True,13.029965,-2.3019001,Ground Pass,,6789.0,Mikel Balenziaga Oruesagasti,False,False,left_to_right,False,64.0,33.5,55.3,23.8,False,False,False,False
f78f3033-1678-4bbd-a8de-8e0d2ce97395,3825747,1105,1,00:34:05.589,34,5,42,Ball Receipt*,72,215,Athletic Club,Regular Play,215,Athletic Club,6789.0,Mikel Balenziaga Oruesagasti,Left Back,55.3,23.8,,,,False,,,,,,,False,,,,,,,False,False,left_to_right,False,55.3,23.8,,,False,False,False,False
2e6d460d-e62e-4d69-a7e8-79e53304fdc1,3825747,1106,1,00:34:05.589,34,5,43,Carry,72,215,Athletic Club,Regular Play,215,Athletic Club,6789.0,Mikel Balenziaga Oruesagasti,Left Back,55.3,23.8,57.7,23.2,0.93118,False,,,,,,,False,,,,,,,False,False,left_to_right,False,55.3,23.8,57.7,23.2,False,False,False,False
940f0641-1508-446e-b757-a5bc57a2ca8a,3825747,1107,1,00:34:06.520,34,6,30,Pass,72,215,Athletic Club,Regular Play,215,Athletic Club,6789.0,Mikel Balenziaga Oruesagasti,Left Back,57.7,23.2,55.6,26.8,0.380758,False,,,,,,,True,4.167733,2.0988708,Ground Pass,,6396.0,Beñat Etxebarria Urkiaga,False,False,left_to_right,False,57.7,23.2,55.6,26.8,False,False,False,False
4d7f8988-9baf-47ca-96a6-55293ed7c9a8,3825747,1108,1,00:34:06.901,34,6,42,Ball Receipt*,72,215,Athletic Club,Regular Play,215,Athletic Club,6396.0,Beñat Etxebarria Urkiaga,Left Defensive Midfield,55.6,26.8,,,,False,,,,,,,False,,,,,,,False,False,left_to_right,False,55.6,26.8,,,False,False,False,False
8cb57c20-28c8-457b-82c3-2f766af87fb0,3825747,1109,1,00:34:06.901,34,6,43,Carry,72,215,Athletic Club,Regular Play,215,Athletic Club,6396.0,Beñat Etxebarria Urkiaga,Left Defensive Midfield,55.6,26.8,55.3,25.1,1.3816,True,,,,,,,False,,,,,,,False,False,left_to_right,False,55.6,26.8,55.3,25.1,False,False,False,False
aa16def9-4bed-4e6b-aee0-acb84edd5ae2,3825747,1110,1,00:34:07.102,34,7,17,Pressure,72,215,Athletic Club,Regular Play,322,Eibar,6700.0,Sergio Enrich Ametller,Left Center Forward,64.8,52.6,,,1.057819,False,,,,,,,False,,,,,,,False,False,left_to_right,False,64.8,52.6,,,False,False,False,False
f8a39194-f715-47d3-83ea-2f77dfcd0aef,3825747,1111,1,00:34:08.283,34,8,30,Pass,72,215,Athletic Club,Regular Play,215,Athletic Club,6396.0,Beñat Etxebarria Urkiaga,Left Defensive Midfield,55.3,25.1,65.4,8.6,1.787354,False,,,,,,,True,19.3458,-1.0215118,Low Pass,,6789.0,Mikel Balenziaga Oruesagasti,False,False,left_to_right,False,55.3,25.1,65.4,8.6,False,False,False,False
7b4d721a-2735-472a-95ed-e608deb06145,3825747,1112,1,00:34:10.070,34,10,42,Ball Receipt*,72,215,Athletic Club,Regular Play,215,Athletic Club,6789.0,Mikel Balenziaga Oruesagasti,Left Back,65.4,8.6,,,,False,,,,,,,False,,,,,,,False,False,left_to_right,False,65.4,8.6,,,False,False,False,False
101dc3aa-aeb9-406e-b39a-70eed9b72ed1,3825747,1113,1,00:34:10.070,34,10,43,Carry,72,215,Athletic Club,Regular Play,215,Athletic Club,6789.0,Mikel Balenziaga Oruesagasti,Left Back,65.4,8.6,65.4,8.6,0.705977,False,,,,,,,False,,,,,,,False,False,left_to_right,False,65.4,8.6,65.4,8.6,False,False,False,False
ddd8e282-2c89-461f-8ff1-c0a97676b8ee,3825747,1114,1,00:34:10.776,34,10,30,Pass,72,215,Athletic Club,Regular Play,215,Athletic Club,6789.0,Mikel Balenziaga Oruesagasti,Left Back,65.4,8.6,78.1,10.1,1.266154,False,,,,,,,True,12.788276,0.11756557,Low Pass,,6396.0,Beñat Etxebarria Urkiaga,False,False,left_to_right,False,65.4,8.6,78.1,10.1,False,False,False,False
cce4aea6-fc8f-45d7-a57b-404c5e9c1384,3825747,1115,1,00:34:11.732,34,11,17,Pressure,72,215,Athletic Club,Regular Play,322,Eibar,6775.0,Daniel García Carrillo,Right Defensive Midfield,43.3,67.4,,,0.702167,False,,,,,,,False,,,,,,,False,False,left_to_right,False,43.3,67.4,,,False,False,False,False
bbc68d76-a73d-475b-85df-47c8376fe259,3825747,1116,1,00:34:12.042,34,12,42,Ball Receipt*,72,215,Athletic Club,Regular Play,215,Athletic Club,6396.0,Beñat Etxebarria Urkiaga,Left Defensive Midfield,78.1,10.1,,,,True,,,,,,,False,,,,,,,False,False,left_to_right,False,78.1,10.1,,,False,False,False,False
7240a5d6-4ce3-4d5e-9ce3-d04f3429de33,3825747,1117,1,00:34:12.042,34,12,43,Carry,72,215,Athletic Club,Regular Play,215,Athletic Club,6396.0,Beñat Etxebarria Urkiaga,Left Defensive Midfield,78.1,10.1,78.7,9.7,0.20507,True,,,,,,,False,,,,,,,False,False,left_to_right,False,78.1,10.1,78.7,9.7,False,False,False,False
fe62d295-189b-4eac-9647-443d231a35bf,3825747,1118,1,00:34:12.247,34,12,39,Dribbled Past,72,215,Athletic Club,Regular Play,322,Eibar,6775.0,Daniel García Carrillo,Right Defensive Midfield,41.4,70.4,,,0.0,False,,,,,,,False,,,,,,,False,False,left_to_right,False,41.4,70.4,,,False,False,False,False
ae9de37b-e7c5-4bc6-a4d0-b4dca6facc2f,3825747,1119,1,00:34:12.247,34,12,14,Dribble,72,215,Athletic Club,Regular Play,215,Athletic Club,6396.0,Beñat Etxebarria Urkiaga,Left Defensive Midfield,78.7,9.7,,,0.0,True,,,,,,,False,,,,,,,False,False,left_to_right,False,78.7,9.7,,,False,False,False,False
81d1c212-ba0e-497d-936a-32531a81a9b4,3825747,1120,1,00:34:12.247,34,12,43,Carry,72,215,Athletic Club,Regular Play,215,Athletic Club,6396.0,Beñat Etxebarria Urkiaga,Left Defensive Midfield,78.7,9.7,84.9,10.7,0.939573,True,,,,,,,False,,,,,,,False,False,left_to_right,False,78.7,9.7,84.9,10.7,False,False,False,False
85da0353-b823-435f-859e-b4018ff2f427,3825747,1121,1,00:34:13.187,34,13,38,Miscontrol,72,215,Athletic Club,Regular Play,215,Athletic Club,6396.0,Beñat Etxebarria Urkiaga,Left Defensive Midfield,84.9,10.7,,,0.0,False,,,,,,,False,,,,,,,False,False,left_to_right,False,84.9,10.7,,,False,False,False,True
269b2070-050c-4eaf-85f5-24308757be4f,3825747,1122,1,00:34:13.883,34,13,17,Pressure,72,215,Athletic Club,Regular Play,322,Eibar,6699.0,Ander Capa Rodríguez,Right Back,24.6,71.8,,,1.149419,False,,,,,,,False,,,,,,,False,False,left_to_right,False,24.6,71.8,,,False,False,False,False
70d1bdf4-c5e7-4d07-acab-4b7e5ab7236e,3825747,1123,1,00:34:15.055,34,15,9,Clearance,72,215,Athletic Club,Regular Play,322,Eibar,6699.0,Ander Capa Rodríguez,Right Back,24.3,70.0,,,0.0,True,,,,,,,False,,,,,,,False,False,left_to_right,False,24.3,70.0,,,False,False,False,False
fe6c40eb-a6e3-4242-81a9-7d1f1f453085,3825747,1124,1,00:34:15.126,34,15,6,Block,72,215,Athletic Club,Regular Play,215,Athletic Club,6396.0,Beñat Etxebarria Urkiaga,Left Defensive Midfield,95.8,9.4,,,0.0,False,,,,,,,False,,,,,,,False,False,left_to_right,False,95.8,9.4,,,False,False,False,False
f33fc742-2ca3-4025-b30d-e9488a5665ba,3825747,1125,1,00:34:30.980,34,30,30,Pass,73,322,Eibar,From Throw In,322,Eibar,6699.0,Ander Capa Rodríguez,Right Back,26.8,80.0,49.5,67.4,1.95766,False,,,,,,,True,25.962473,-0.5067244,High Pass,Throw-in,6700.0,Sergio Enrich Ametller,False,False,left_to_right,False,26.8,80.0,49.5,67.4,False,True,False,False
92533adf-7a54-4db2-b892-017f9ec9de36,3825747,1126,1,00:34:32.938,34,32,42,Ball Receipt*,73,322,Eibar,From Throw In,322,Eibar,6700.0,Sergio Enrich Ametller,Left Center Forward,49.5,67.4,,,,False,,,,,,,False,,,,,,,False,False,left_to_right,False,49.5,67.4,,,False,False,False,False
2e0446b1-f84f-4b59-b616-0a77119a6c97,3825747,1127,1,00:34:32.938,34,32,4,Duel,73,322,Eibar,From Throw In,215,Athletic Club,6389.0,Mikel San José Domínguez,Right Defensive Midfield,70.6,12.7,,,0.0,True,,,,,,,False,,,,,,,False,False,left_to_right,False,70.6,12.7,,,False,False,False,False
439df49d-11d2-4dda-834c-6107b807cd13,3825747,1128,1,00:34:32.938,34,32,30,Pass,73,322,Eibar,From Throw In,322,Eibar,6700.0,Sergio Enrich Ametller,Left Center Forward,49.5,67.4,38.4,67.7,1.82179,True,,,,,,Incomplete,False,11.1040535,3.1145723,High Pass,,6775.0,Daniel García Carrillo,False,False,left_to_right,False,49.5,67.4,38.4,67.7,False,False,False,True
3feec7d7-7cf0-44aa-9f26-a5b86f5b6773,3825747,1129,1,00:34:34.760,34,34,42,Ball Receipt*,73,322,Eibar,From Throw In,322,Eibar,6775.0,Daniel García Carrillo,Right Defensive Midfield,34.3,67.4,,,,False,,,,,,,False,,,,,,,False,False,left_to_right,False,34.3,67.4,,,False,False,False,False
f968a4b4-4c3e-4232-8c01-8f989a8f4a73,3825747,1130,1,00:34:34.760,34,34,30,Pass,73,322,Eibar,From Throw In,215,Athletic Club,6842.0,Iker Muniain Goñi,Center Attacking Midfield,81.7,12.4,77.8,23.2,1.706225,False,,,,,,Incomplete,False,11.482595,1.9173352,High Pass,Recovery,6396.0,Beñat Etxebarria Urkiaga,False,False,left_to_right,False,81.7,12.4,77.8,23.2,False,False,False,True
869be462-6cb9-444e-8ae6-c115ef4d2b9a,3825747,1131,1,00:34:36.466,34,36,42,Ball Receipt*,73,322,Eibar,From Throw In,215,Athletic Club,6396.0,Beñat Etxebarria Urkiaga,Left Defensive Midfield,78.1,26.8,,,,False,,,,,,,False,,,,,,,False,False,left_to_right,False,78.1,26.8,,,False,False,False,False
6161460d-c457-496a-affa-fa8cb10cd0f3,3825747,1132,1,00:34:36.466,34,36,2,Ball Recovery,73,322,Eibar,From Throw In,322,Eibar,6557.0,Adrián González Morales,Left Defensive Midfield,42.3,56.9,,,0.0,False,,,,,,,False,,,,,,,False,False,left_to_right,False,42.3,56.9,,,False,False,False,False
f8d2dd07-5fbb-489b-9092-56faea70c360,3825747,1133,1,00:34:36.466,34,36,43,Carry,73,322,Eibar,From Throw In,322,Eibar,6557.0,Adrián González Morales,Left Defensive Midfield,42.3,56.9,43.6,54.4,0.769803,False,,,,,,,False,,,,,,,False,False,left_to_right,False,42.3,56.9,43.6,54.4,False,False,False,False
f7e63926-3ee1-4314-98cf-1da317a4b8bb,3825747,1134,1,00:34:37.236,34,37,30,Pass,73,322,Eibar,From Throw In,322,Eibar,6557.0,Adrián González Morales,Left Defensive Midfield,43.6,54.4,42.7,11.1,3.343336,False,,,,,,,True,43.309353,-1.5915786,High Pass,,6776.0,David Juncà Reñé,False,False,left_to_right,False,43.6,54.4,42.7,11.1,False,False,False,False
d5179e64-3dc5-4005-a711-d4346292c9f4,3825747,1135,1,00:34:40.579,34,40,42,Ball Receipt*,73,322,Eibar,From Throw In,322,Eibar,6776.0,David Juncà Reñé,Left Back,42.7,11.1,,,,False,,,,,,,False,,,,,,,False,False,left_to_right,False,42.7,11.1,,,False,False,False,False
d774be84-3d93-4ddd-b858-1e3e0229d695,3825747,1136,1,00:34:40.579,34,40,43,Carry,73,322,Eibar,From Throw In,322,Eibar,6776.0,David Juncà Reñé,Left Back,42.7,11.1,51.3,6.8,2.089567,False,,,,,,,False,,,,,,,False,False,left_to_right,False,42.7,11.1,51.3,6.8,False,False,False,False
55d1de25-55e7-4a26-9efa-2f0b725ffcde,3825747,1137,1,00:34:42.669,34,42,30,Pass,73,322,Eibar,From Throw In,322,Eibar,6776.0,David Juncà Reñé,Left Back,51.3,6.8,71.4,14.7,2.216335,False,,,,,,Incomplete,False,21.59676,0.37448752,Ground Pass,,24070.0,Saúl Berjón Pérez,False,False,left_to_right,False,51.3,6.8,71.4,14.7,False,True,False,True
a3652142-f7ea-4d62-8214-48b8cd77248e,3825747,1138,1,00:34:44.885,34,44,42,Ball Receipt*,73,322,Eibar,From Throw In,322,Eibar,24070.0,Saúl Berjón Pérez,Left Midfield,76.5,15.5,,,,False,,,,,,,False,,,,,,,False,False,left_to_right,False,76.5,15.5,,,False,False,False,False
08f80321-69bb-4a14-bf55-302eda406311,3825747,1139,1,00:34:44.885,34,44,2,Ball Recovery,74,215,Athletic Club,Regular Play,215,Athletic Club,6649.0,Óscar de Marcos Arana,Right Back,48.7,65.4,,,0.0,False,,,,,,,False,,,,,,,False,False,left_to_right,False,48.7,65.4,,,False,False,False,False
41e99abe-83e7-49ad-a158-85e7bff709c2,3825747,1140,1,00:34:44.885,34,44,43,Carry,74,215,Athletic Club,Regular Play,215,Athletic Club,6649.0,Óscar de Marcos Arana,Right Back,48.7,65.4,58.3,61.0,1.365284,False,,,,,,,False,,,,,,,False,False,left_to_right,False,48.7,65.4,58.3,61.0,False,False,False,False
61d1345b-baf2-4186-89ce-a70a9263af8b,3825747,1141,1,00:34:46.250,34,46,30,Pass,74,215,Athletic Club,Regular Play,215,Athletic Club,6649.0,Óscar de Marcos Arana,Right Back,58.3,61.0,56.6,71.1,0.860178,False,,,,,,,True,10.24207,1.7375501,Ground Pass,,6390.0,Markel Susaeta Laskurain,False,False,left_to_right,False,58.3,61.0,56.6,71.1,False,False,False,False
e35f8bd9-21de-4e49-973d-bdf916a8b8e7,3825747,1142,1,00:34:47.111,34,47,42,Ball Receipt*,74,215,Athletic Club,Regular Play,215,Athletic Club,6390.0,Markel Susaeta Laskurain,Right Wing,56.6,71.1,,,,False,,,,,,,False,,,,,,,False,False,left_to_right,False,56.6,71.1,,,False,False,False,False
bd8bb410-8637-455c-a79e-9a4e74b44338,3825747,1143,1,00:34:47.111,34,47,43,Carry,74,215,Athletic Club,Regular Play,215,Athletic Club,6390.0,Markel Susaeta Laskurain,Right Wing,56.6,71.1,65.4,65.7,4.147326,False,,,,,,,False,,,,,,,False,False,left_to_right,False,56.6,71.1,65.4,65.7,False,False,False,False
85d0d4a8-920a-427f-96fe-7bbaa5c8dd3d,3825747,1144,1,00:34:51.258,34,51,30,Pass,74,215,Athletic Club,Regular Play,215,Athletic Club,6390.0,Markel Susaeta Laskurain,Right Wing,65.4,65.7,58.0,62.4,0.68329,False,,,,,,,True,8.1024685,-2.7221153,Ground Pass,,6396.0,Beñat Etxebarria Urkiaga,False,False,left_to_right,False,65.4,65.7,58.0,62.4,False,False,False,False
370ad30f-b6e3-40cf-95dd-3413d42b7cd4,3825747,1145,1,00:34:51.941,34,51,42,Ball Receipt*,74,215,Athletic Club,Regular Play,215,Athletic Club,6396.0,Beñat Etxebarria Urkiaga,Left Defensive Midfield,58.0,62.4,,,,False,,,,,,,False,,,,,,,False,False,left_to_right,False,58.0,62.4,,,False,False,False,False
6ea07129-e64f-4fed-8a72-998b85f26f65,3825747,1146,1,00:34:51.941,34,51,43,Carry,74,215,Athletic Club,Regular Play,215,Athletic Club,6396.0,Beñat Etxebarria Urkiaga,Left Defensive Midfield,58.0,62.4,58.0,62.4,0.2,False,,,,,,,False,,,,,,,False,False,left_to_right,False,58.0,62.4,58.0,62.4,False,False,False,False
07e69330-029b-4a4d-89e3-230cb4d5235b,3825747,1147,1,00:34:52.141,34,52,30,Pass,74,215,Athletic Club,Regular Play,215,Athletic Club,6396.0,Beñat Etxebarria Urkiaga,Left Defensive Midfield,58.0,62.4,41.2,68.7,2.739002,False,,,,,,,True,17.942408,2.782822,Ground Pass,,6386.0,Eneko Bóveda Altube,False,False,left_to_right,False,58.0,62.4,41.2,68.7,False,False,False,False
db8552a6-da27-42da-9440-205bb2aeaf1e,3825747,1148,1,00:34:54.880,34,54,42,Ball Receipt*,74,215,Athletic Club,Regular Play,215,Athletic Club,6386.0,Eneko Bóveda Altube,Right Center Back,41.2,68.7,,,,False,,,,,,,False,,,,,,,False,False,left_to_right,False,41.2,68.7,,,False,False,False,False
f5232bbe-3f1a-49d0-b0f5-c2ba7dea0c0a,3825747,1149,1,00:34:54.880,34,54,43,Carry,74,215,Athletic Club,Regular Play,215,Athletic Club,6386.0,Eneko Bóveda Altube,Right Center Back,41.2,68.7,34.6,68.4,0.468404,False,,,,,,,False,,,,,,,False,False,left_to_right,False,41.2,68.7,34.6,68.4,False,False,False,False
9366b3fb-29d7-421e-bfde-84cd41638af0,3825747,1150,1,00:34:55.349,34,55,30,Pass,74,215,Athletic Club,Regular Play,215,Athletic Club,6386.0,Eneko Bóveda Altube,Right Center Back,34.6,68.4,12.8,53.2,1.923855,False,,,,,,,True,26.57593,-2.5327163,Ground Pass,,6662.0,Iago Herrerín Buisán,False,False,left_to_right,False,34.6,68.4,12.8,53.2,False,False,False,False
76051fcf-70b8-4f49-8067-0e52326ffe55,3825747,1151,1,00:34:57.272,34,57,42,Ball Receipt*,74,215,Athletic Club,Regular Play,215,Athletic Club,6662.0,Iago Herrerín Buisán,Goalkeeper,12.8,53.2,,,,False,,,,,,,False,,,,,,,False,False,left_to_right,False,12.8,53.2,,,False,False,False,False
90d770aa-0acf-4889-8812-f589e8596a99,3825747,1152,1,00:34:57.272,34,57,43,Carry,74,215,Athletic Club,Regular Play,215,Athletic Club,6662.0,Iago Herrerín Buisán,Goalkeeper,12.8,53.2,12.8,53.2,1.198182,False,,,,,,,False,,,,,,,False,False,left_to_right,False,12.8,53.2,12.8,53.2,False,False,False,False
38ae294c-efc7-4fab-aafc-a3b838633714,3825747,1153,1,00:34:58.471,34,58,30,Pass,74,215,Athletic Club,Regular Play,215,Athletic Club,6662.0,Iago Herrerín Buisán,Goalkeeper,12.8,53.2,73.0,63.0,3.150815,False,,,,,,,True,60.99246,0.1613751,High Pass,,6394.0,Aritz Aduriz Zubeldia,False,False,left_to_right,False,12.8,53.2,73.0,63.0,False,True,False,False
7c1b6f09-5fa2-4d5f-9720-2a81117d9c3f,3825747,1154,1,00:35:01.621,35,1,42,Ball Receipt*,74,215,Athletic Club,Regular Play,215,Athletic Club,6394.0,Aritz Aduriz Zubeldia,Center Forward,73.0,63.0,,,,False,,,,,,,False,,,,,,,False,False,left_to_right,False,73.0,63.0,,,False,False,False,False
811ff29e-21b4-4346-b5b8-24a44975b370,3825747,1155,1,00:35:01.621,35,1,43,Carry,74,215,Athletic Club,Regular Play,215,Athletic Club,6394.0,Aritz Aduriz Zubeldia,Center Forward,73.0,63.0,73.0,63.0,0.079999,False,,,,,,,False,,,,,,,False,False,left_to_right,False,73.0,63.0,73.0,63.0,False,False,False,False
b9131fad-1197-4040-80e5-f8deacf86ea8,3825747,1156,1,00:35:01.701,35,1,30,Pass,74,215,Athletic Club,Regular Play,215,Athletic Club,6394.0,Aritz Aduriz Zubeldia,Center Forward,73.0,63.0,78.7,50.9,0.880027,False,,,,,,,True,13.37535,-1.1305559,Low Pass,,6842.0,Iker Muniain Goñi,False,False,left_to_right,False,73.0,63.0,78.7,50.9,False,False,False,False
524a4c36-83f9-4f12-b69c-bd7f3f524c6d,3825747,1157,1,00:35:02.582,35,2,42,Ball Receipt*,74,215,Athletic Club,Regular Play,215,Athletic Club,6842.0,Iker Muniain Goñi,Center Attacking Midfield,78.7,50.9,,,,False,,,,,,,False,,,,,,,False,False,left_to_right,False,78.7,50.9,,,False,False,False,False
18227a94-4775-4af6-86c5-d58806af3641,3825747,1158,1,00:35:02.582,35,2,43,Carry,74,215,Athletic Club,Regular Play,215,Athletic Club,6842.0,Iker Muniain Goñi,Center Attacking Midfield,78.7,50.9,78.7,50.9,1.448728,False,,,,,,,False,,,,,,,False,False,left_to_right,False,78.7,50.9,78.7,50.9,False,False,False,False
ab828a8c-be03-48a8-9fed-ce68037db996,3825747,1159,1,00:35:04.030,35,4,30,Pass,74,215,Athletic Club,Regular Play,215,Athletic Club,6842.0,Iker Muniain Goñi,Center Attacking Midfield,78.7,50.9,66.1,44.9,1.403163,False,,,,,,,True,13.955644,-2.6971734,Ground Pass,,6396.0,Beñat Etxebarria Urkiaga,False,False,left_to_right,False,78.7,50.9,66.1,44.9,False,False,False,False
013fb46d-a9b4-4dc6-9430-6ebabacfcfb8,3825747,1160,1,00:35:05.433,35,5,42,Ball Receipt*,74,215,Athletic Club,Regular Play,215,Athletic Club,6396.0,Beñat Etxebarria Urkiaga,Left Defensive Midfield,66.1,44.9,,,,False,,,,,,,False,,,,,,,False,False,left_to_right,False,66.1,44.9,,,False,False,False,False
d3488c55-4362-45ba-bbea-8ccdfd83aec0,3825747,1161,1,00:35:05.433,35,5,43,Carry,74,215,Athletic Club,Regular Play,215,Athletic Club,6396.0,Beñat Etxebarria Urkiaga,Left Defensive Midfield,66.1,44.9,66.1,44.9,1.006522,False,,,,,,,False,,,,,,,False,False,left_to_right,False,66.1,44.9,66.1,44.9,False,False,False,False
b0166be1-aa65-4d12-bd68-6bd25dc7f451,3825747,1162,1,00:35:06.440,35,6,30,Pass,74,215,Athletic Club,Regular Play,215,Athletic Club,6396.0,Beñat Etxebarria Urkiaga,Left Defensive Midfield,66.1,44.9,73.5,11.3,2.595892,False,,,,,,,True,34.40523,-1.3540189,High Pass,,6789.0,Mikel Balenziaga Oruesagasti,False,False,left_to_right,False,66.1,44.9,73.5,11.3,False,False,False,False
19ab822b-e9cb-4ed2-b0b9-848da8dfbc85,3825747,1163,1,00:35:09.036,35,9,42,Ball Receipt*,74,215,Athletic Club,Regular Play,215,Athletic Club,6789.0,Mikel Balenziaga Oruesagasti,Left Back,73.5,11.3,,,,False,,,,,,,False,,,,,,,False,False,left_to_right,False,73.5,11.3,,,False,False,False,False
6af64520-50b2-4e12-a8b7-d57c755aab23,3825747,1164,1,00:35:09.036,35,9,43,Carry,74,215,Athletic Club,Regular Play,215,Athletic Club,6789.0,Mikel Balenziaga Oruesagasti,Left Back,73.5,11.3,78.7,9.3,2.336427,False,,,,,,,False,,,,,,,False,False,left_to_right,False,73.5,11.3,78.7,9.3,False,False,False,False
0a5cc247-c243-453b-aca8-d766bcbdef06,3825747,1165,1,00:35:11.372,35,11,30,Pass,74,215,Athletic Club,Regular Play,215,Athletic Club,6789.0,Mikel Balenziaga Oruesagasti,Left Back,78.7,9.3,77.4,20.3,0.803047,False,,,,,,,True,11.076551,1.6884325,Ground Pass,,6842.0,Iker Muniain Goñi,False,False,left_to_right,False,78.7,9.3,77.4,20.3,False,False,False,False
012037e4-663b-41b1-a16f-a2095423e683,3825747,1166,1,00:35:12.175,35,12,42,Ball Receipt*,74,215,Athletic Club,Regular Play,215,Athletic Club,6842.0,Iker Muniain Goñi,Center Attacking Midfield,77.4,20.3,,,,False,,,,,,,False,,,,,,,False,False,left_to_right,False,77.4,20.3,,,False,False,False,False
3c51211b-03f8-4656-80ec-4be860e4dfaa,3825747,1167,1,00:35:12.175,35,12,43,Carry,74,215,Athletic Club,Regular Play,215,Athletic Club,6842.0,Iker Muniain Goñi,Center Attacking Midfield,77.4,20.3,77.4,18.4,1.885631,False,,,,,,,False,,,,,,,False,False,left_to_right,False,77.4,20.3,77.4,18.4,False,False,False,False
8c6e5958-df23-49dc-9575-bb186981040b,3825747,1168,1,00:35:14.061,35,14,30,Pass,74,215,Athletic Club,Regular Play,215,Athletic Club,6842.0,Iker Muniain Goñi,Center Attacking Midfield,77.4,18.4,52.0,16.7,1.533605,False,,,,,,,True,25.456825,-3.0747633,Ground Pass,,4353.0,Aymeric Laporte,False,False,left_to_right,False,77.4,18.4,52.0,16.7,False,False,False,False
c813eb10-0e49-49dc-b65a-5c4a95cc4292,3825747,1169,1,00:35:15.595,35,15,42,Ball Receipt*,74,215,Athletic Club,Regular Play,215,Athletic Club,4353.0,Aymeric Laporte,Left Center Back,52.0,16.7,,,,False,,,,,,,False,,,,,,,False,False,left_to_right,False,52.0,16.7,,,False,False,False,False
423c0bc2-d456-4aa3-9747-586d7f392d6e,3825747,1170,1,00:35:15.595,35,15,43,Carry,74,215,Athletic Club,Regular Play,215,Athletic Club,4353.0,Aymeric Laporte,Left Center Back,52.0,16.7,55.3,15.8,0.191415,False,,,,,,,False,,,,,,,False,False,left_to_right,False,52.0,16.7,55.3,15.8,False,False,False,False
1ea77c99-a654-4c38-8ab1-56e82e94522a,3825747,1171,1,00:35:15.786,35,15,30,Pass,74,215,Athletic Club,Regular Play,215,Athletic Club,4353.0,Aymeric Laporte,Left Center Back,55.3,15.8,69.4,13.7,0.937339,False,,,,,,,True,14.255526,-0.14784937,Low Pass,,6842.0,Iker Muniain Goñi,False,False,left_to_right,False,55.3,15.8,69.4,13.7,False,False,False,False
8c93fd0a-7672-4991-8db7-a20c62b720ee,3825747,1172,1,00:35:16.723,35,16,42,Ball Receipt*,74,215,Athletic Club,Regular Play,215,Athletic Club,6842.0,Iker Muniain Goñi,Center Attacking Midfield,69.4,13.7,,,,False,,,,,,,False,,,,,,,False,False,left_to_right,False,69.4,13.7,,,False,False,False,False
dc15f16c-766c-4d1e-85f4-e8f47920331e,3825747,1173,1,00:35:16.723,35,16,43,Carry,74,215,Athletic Club,Regular Play,215,Athletic Club,6842.0,Iker Muniain Goñi,Center Attacking Midfield,69.4,13.7,64.3,12.7,1.444026,True,,,,,,,False,,,,,,,False,False,left_to_right,False,69.4,13.7,64.3,12.7,False,False,False,False
20ab6564-2ca8-4566-8848-b3256f3e3d60,3825747,1174,1,00:35:16.943,35,16,17,Pressure,74,215,Athletic Club,Regular Play,322,Eibar,6775.0,Daniel García Carrillo,Right Defensive Midfield,48.0,64.7,,,1.192996,False,,,,,,,False,,,,,,,False,False,left_to_right,False,48.0,64.7,,,False,False,False,False
f3690958-8c2a-4a08-a598-ca5e48576a7d,3825747,1175,1,00:35:18.167,35,18,30,Pass,74,215,Athletic Club,Regular Play,215,Athletic Club,6842.0,Iker Muniain Goñi,Center Attacking Midfield,64.3,12.7,49.9,13.1,1.347527,False,,,,,,,True,14.405555,3.113822,Ground Pass,,4353.0,Aymeric Laporte,False,False,left_to_right,False,64.3,12.7,49.9,13.1,False,False,False,False
bfdf675b-5161-4ed4-aa2d-f784ff75d45a,3825747,1176,1,00:35:19.515,35,19,42,Ball Receipt*,74,215,Athletic Club,Regular Play,215,Athletic Club,4353.0,Aymeric Laporte,Left Center Back,49.9,13.1,,,,False,,,,,,,False,,,,,,,False,False,left_to_right,False,49.9,13.1,,,False,False,False,False
c26645c3-a78c-428d-999f-371ddc7b62e0,3825747,1177,1,00:35:19.515,35,19,43,Carry,74,215,Athletic Club,Regular Play,215,Athletic Club,4353.0,Aymeric Laporte,Left Center Back,49.9,13.1,55.6,15.1,5.004602,False,,,,,,,False,,,,,,,False,False,left_to_right,False,49.9,13.1,55.6,15.1,False,False,False,False
137468d7-32b9-43fa-8155-d49dbd076cdc,3825747,1178,1,00:35:24.519,35,24,30,Pass,74,215,Athletic Club,Regular Play,215,Athletic Club,4353.0,Aymeric Laporte,Left Center Back,55.6,15.1,68.8,55.6,2.161212,False,,,,,,,True,42.596832,1.2557272,Low Pass,,6390.0,Markel Susaeta Laskurain,False,False,left_to_right,False,55.6,15.1,68.8,55.6,False,False,False,False
ab65d4e1-fe5b-4b89-96f7-d62f89cae5d8,3825747,1179,1,00:35:26.681,35,26,42,Ball Receipt*,74,215,Athletic Club,Regular Play,215,Athletic Club,6390.0,Markel Susaeta Laskurain,Right Wing,68.8,55.6,,,,False,,,,,,,False,,,,,,,False,False,left_to_right,False,68.8,55.6,,,False,False,False,False
01f7ca17-8dbe-4b8b-aeb2-a158f0a1c137,3825747,1180,1,00:35:26.681,35,26,43,Carry,74,215,Athletic Club,Regular Play,215,Athletic Club,6390.0,Markel Susaeta Laskurain,Right Wing,68.8,55.6,83.1,58.6,2.705567,False,,,,,,,False,,,,,,,False,False,left_to_right,False,68.8,55.6,83.1,58.6,False,False,False,False
ab79c5a3-b064-49c8-a39c-b197fff61dfd,3825747,1181,1,00:35:29.386,35,29,30,Pass,74,215,Athletic Club,Regular Play,215,Athletic Club,6390.0,Markel Susaeta Laskurain,Right Wing,83.1,58.6,102.9,65.3,1.538233,False,,,,,,Incomplete,False,20.90287,0.3262891,Ground Pass,,6649.0,Óscar de Marcos Arana,False,False,left_to_right,False,83.1,58.6,102.9,65.3,False,True,False,True
a514493e-ed22-4e16-bb97-f28f8b40ea5e,3825747,1182,1,00:35:30.924,35,30,42,Ball Receipt*,74,215,Athletic Club,Regular Play,215,Athletic Club,6649.0,Óscar de Marcos Arana,Right Back,103.9,66.4,,,,False,,,,,,,False,,,,,,,False,False,left_to_right,False,103.9,66.4,,,False,False,False,False
4441fc48-bbd6-47b6-9740-b8fa16f5dbfc,3825747,1183,1,00:35:30.924,35,30,10,Interception,74,215,Athletic Club,Regular Play,322,Eibar,6776.0,David Juncà Reñé,Left Back,17.2,14.8,,,0.0,False,,,,,,,False,,,,,,,False,False,left_to_right,False,17.2,14.8,,,False,False,False,False
b5d85cda-d686-4fb4-9a2c-0384b9b25a25,3825747,1184,1,00:35:45.694,35,45,30,Pass,75,215,Athletic Club,From Throw In,215,Athletic Club,6649.0,Óscar de Marcos Arana,Right Back,77.1,80.0,67.6,74.7,0.998807,False,,,,,,,True,10.878419,-2.6327085,Low Pass,Throw-in,6386.0,Eneko Bóveda Altube,False,False,left_to_right,False,77.1,80.0,67.6,74.7,False,False,False,False
1e1691c6-7510-497f-bcc4-644efd2e0677,3825747,1185,1,00:35:46.693,35,46,42,Ball Receipt*,75,215,Athletic Club,From Throw In,215,Athletic Club,6386.0,Eneko Bóveda Altube,Right Center Back,67.6,74.7,,,,False,,,,,,,False,,,,,,,False,False,left_to_right,False,67.6,74.7,,,False,False,False,False
0bde8a28-13d3-4305-808d-b30813dd64d4,3825747,1186,1,00:35:46.693,35,46,43,Carry,75,215,Athletic Club,From Throw In,215,Athletic Club,6386.0,Eneko Bóveda Altube,Right Center Back,67.6,74.7,67.6,74.7,0.872033,False,,,,,,,False,,,,,,,False,False,left_to_right,False,67.6,74.7,67.6,74.7,False,False,False,False
17eceb59-6e52-401b-849c-403d186c89aa,3825747,1187,1,00:35:47.565,35,47,30,Pass,75,215,Athletic Club,From Throw In,215,Athletic Club,6386.0,Eneko Bóveda Altube,Right Center Back,67.6,74.7,67.6,66.0,0.84375,False,,,,,,,True,8.7,-1.5707964,Ground Pass,,6389.0,Mikel San José Domínguez,False,False,left_to_right,False,67.6,74.7,67.6,66.0,False,False,False,False
5bf30f3c-6c94-43d7-9219-8e3451d82209,3825747,1188,1,00:35:48.409,35,48,42,Ball Receipt*,75,215,Athletic Club,From Throw In,215,Athletic Club,6389.0,Mikel San José Domínguez,Right Defensive Midfield,67.6,66.0,,,,False,,,,,,,False,,,,,,,False,False,left_to_right,False,67.6,66.0,,,False,False,False,False
137c547a-8490-4a48-a9a3-61007a7fa7a2,3825747,1189,1,00:35:48.409,35,48,43,Carry,75,215,Athletic Club,From Throw In,215,Athletic Club,6389.0,Mikel San José Domínguez,Right Defensive Midfield,67.6,66.0,77.1,66.4,1.637519,False,,,,,,,False,,,,,,,False,False,left_to_right,False,67.6,66.0,77.1,66.4,False,False,False,False
4fe6fe39-b943-4bf6-bf8a-ac9295eef01a,3825747,1190,1,00:35:50.046,35,50,30,Pass,75,215,Athletic Club,From Throw In,215,Athletic Club,6389.0,Mikel San José Domínguez,Right Defensive Midfield,77.1,66.4,105.6,67.0,2.330497,False,,,,,,,True,28.506315,0.021049522,High Pass,,6394.0,Aritz Aduriz Zubeldia,False,False,left_to_right,False,77.1,66.4,105.6,67.0,False,True,True,False
5cfd4b94-d822-4af1-a0e6-9f37787c9bda,3825747,1191,1,00:35:52.377,35,52,42,Ball Receipt*,75,215,Athletic Club,From Throw In,215,Athletic Club,6394.0,Aritz Aduriz Zubeldia,Center Forward,105.6,67.0,,,,False,,,,,,,False,,,,,,,False,False,left_to_right,False,105.6,67.0,,,False,False,False,False
aa2bbd56-d2a1-4290-9913-af77bba630c3,3825747,1192,1,00:35:52.377,35,52,43,Carry,75,215,Athletic Club,From Throw In,215,Athletic Club,6394.0,Aritz Aduriz Zubeldia,Center Forward,105.6,67.0,114.0,67.0,2.254773,False,,,,,,,False,,,,,,,False,False,left_to_right,False,105.6,67.0,114.0,67.0,False,False,False,False
04e34e21-f6ab-4966-bc1f-66cf46f3c267,3825747,1193,1,00:35:54.631,35,54,30,Pass,75,215,Athletic Club,From Throw In,215,Athletic Club,6394.0,Aritz Aduriz Zubeldia,Center Forward,114.0,67.0,110.0,47.9,0.584664,False,,,,,,,True,19.514353,-1.7772368,Ground Pass,,6390.0,Markel Susaeta Laskurain,False,False,left_to_right,False,114.0,67.0,110.0,47.9,False,True,False,False
9c9a5aa7-7a39-4584-9007-0fef6b8d4503,3825747,1194,1,00:35:55.216,35,55,42,Ball Receipt*,75,215,Athletic Club,From Throw In,215,Athletic Club,6390.0,Markel Susaeta Laskurain,Right Wing,110.0,47.9,,,,False,,,,,,,False,,,,,,,False,False,left_to_right,False,110.0,47.9,,,False,False,False,False
5cde7ff9-5e0e-4a4b-8ff3-67baf06bae84,3825747,1195,1,00:35:55.216,35,55,43,Carry,75,215,Athletic Club,From Throw In,215,Athletic Club,6390.0,Markel Susaeta Laskurain,Right Wing,110.0,47.9,110.7,46.3,0.12,False,,,,,,,False,,,,,,,False,False,left_to_right,False,110.0,47.9,110.7,46.3,False,False,False,False
955552c8-e659-47ae-956a-e11719656971,3825747,1196,1,00:35:55.336,35,55,38,Miscontrol,75,215,Athletic Club,From Throw In,215,Athletic Club,6390.0,Markel Susaeta Laskurain,Right Wing,110.7,46.3,,,0.0,False,,,,,,,False,,,,,,,False,False,left_to_right,False,110.7,46.3,,,False,False,False,True
fe17e99b-78d9-41c9-8b3d-4e1d2d7b8958,3825747,1197,1,00:35:56.680,35,56,2,Ball Recovery,76,322,Eibar,Regular Play,322,Eibar,10763.0,Asier Riesgo Unamuno,Goalkeeper,3.7,37.1,,,0.0,False,,,,,,,False,,,,,,,False,False,left_to_right,False,3.7,37.1,,,False,False,False,False
bce273b7-9fbe-45c9-ac0d-36ab1559949b,3825747,1198,1,00:35:59.488,35,59,30,Pass,76,322,Eibar,Regular Play,322,Eibar,10763.0,Asier Riesgo Unamuno,Goalkeeper,8.2,37.9,32.7,60.7,2.869773,False,,,,,,,True,33.467747,0.7494728,Low Pass,,6699.0,Ander Capa Rodríguez,False,False,left_to_right,False,8.2,37.9,32.7,60.7,False,False,False,False
425561f4-542d-4bc6-8e22-bd6ecd5fd350,3825747,1199,1,00:36:02.358,36,2,42,Ball Receipt*,76,322,Eibar,Regular Play,322,Eibar,6699.0,Ander Capa Rodríguez,Right Back,32.7,60.7,,,,False,,,,,,,False,,,,,,,False,False,left_to_right,False,32.7,60.7,,,False,False,False,False
ea92bc45-1198-401c-8b5d-a7b6b9b7916c,3825747,1200,1,00:36:03.985,36,3,30,Pass,76,322,Eibar,Regular Play,322,Eibar,6699.0,Ander Capa Rodríguez,Right Back,42.3,63.1,77.6,68.8,2.648494,False,,,,,,,True,35.757236,0.16009125,Ground Pass,,6742.0,Sergio Gontán Gallardo,False,False,left_to_right,False,42.3,63.1,77.6,68.8,False,True,False,False
8f457798-a902-45b2-9d85-c2044972a285,3825747,1201,1,00:36:06.634,36,6,42,Ball Receipt*,76,322,Eibar,Regular Play,322,Eibar,6742.0,Sergio Gontán Gallardo,Right Midfield,77.6,68.8,,,,False,,,,,,,False,,,,,,,False,False,left_to_right,False,77.6,68.8,,,False,False,False,False
72b0c26d-a9c7-47c5-8b94-9dff2108e397,3825747,1202,1,00:36:06.634,36,6,43,Carry,76,322,Eibar,Regular Play,322,Eibar,6742.0,Sergio Gontán Gallardo,Right Midfield,77.6,68.8,73.2,70.4,1.799615,False,,,,,,,False,,,,,,,False,False,left_to_right,False,77.6,68.8,73.2,70.4,False,False,False,False
98d8a26a-7ed0-4631-ac67-e7bbbb2bddb8,3825747,1203,1,00:36:08.434,36,8,14,Dribble,76,322,Eibar,Regular Play,322,Eibar,6742.0,Sergio Gontán Gallardo,Right Midfield,73.2,70.4,,,0.0,True,,,,,,,False,,,,,,,False,False,left_to_right,False,73.2,70.4,,,False,False,False,False
b693f8ee-7fdc-44b2-8531-175743ea5606,3825747,1204,1,00:36:08.434,36,8,4,Duel,77,215,Athletic Club,Regular Play,215,Athletic Club,6396.0,Beñat Etxebarria Urkiaga,Left Defensive Midfield,46.9,9.7,,,0.0,True,,,,,,,False,,,,,,,False,False,left_to_right,False,46.9,9.7,,,False,False,False,False
cb053623-8ef9-496c-b27b-6602c6d14f83,3825747,1205,1,00:36:08.434,36,8,43,Carry,77,215,Athletic Club,Regular Play,215,Athletic Club,6396.0,Beñat Etxebarria Urkiaga,Left Defensive Midfield,46.9,9.7,44.2,8.3,1.377641,False,,,,,,,False,,,,,,,False,False,left_to_right,False,46.9,9.7,44.2,8.3,False,False,False,False
7e655b57-be83-4ef7-ad10-5cb34600d1ad,3825747,1206,1,00:36:09.811,36,9,30,Pass,77,215,Athletic Club,Regular Play,215,Athletic Club,6396.0,Beñat Etxebarria Urkiaga,Left Defensive Midfield,44.2,8.3,28.4,24.8,2.185537,False,,,,,,,True,22.844912,2.334526,Ground Pass,,4353.0,Aymeric Laporte,False,False,left_to_right,False,44.2,8.3,28.4,24.8,False,False,False,False
303b2adb-b7da-4313-9e6f-2131e15293f6,3825747,1207,1,00:36:11.747,36,11,17,Pressure,77,215,Athletic Club,Regular Play,322,Eibar,6700.0,Sergio Enrich Ametller,Left Center Forward,91.7,53.0,,,0.346027,False,,,,,,,False,,,,,,,False,False,left_to_right,False,91.7,53.0,,,False,False,False,False
73d238db-699b-4c76-99f5-f153fa681b03,3825747,1208,1,00:36:11.997,36,11,42,Ball Receipt*,77,215,Athletic Club,Regular Play,215,Athletic Club,4353.0,Aymeric Laporte,Left Center Back,28.4,24.8,,,,True,,,,,,,False,,,,,,,False,False,left_to_right,False,28.4,24.8,,,False,False,False,False
f48b6c4e-8161-4111-8fee-5eabc78c966a,3825747,1209,1,00:36:11.997,36,11,43,Carry,77,215,Athletic Club,Regular Play,215,Athletic Club,4353.0,Aymeric Laporte,Left Center Back,28.4,24.8,27.5,24.8,0.161689,True,,,,,,,False,,,,,,,False,False,left_to_right,False,28.4,24.8,27.5,24.8,False,False,False,False
81a1f94d-25af-4677-83c4-84ea01db3d8d,3825747,1210,1,00:36:12.158,36,12,30,Pass,77,215,Athletic Club,Regular Play,215,Athletic Club,4353.0,Aymeric Laporte,Left Center Back,27.5,24.8,11.7,38.5,1.634848,False,,,,,,,True,20.912437,2.427261,Ground Pass,,6662.0,Iago Herrerín Buisán,False,False,left_to_right,False,27.5,24.8,11.7,38.5,False,False,False,False
98486698-4077-4b5d-9c97-eaf24a3d8e09,3825747,1211,1,00:36:13.793,36,13,42,Ball Receipt*,77,215,Athletic Club,Regular Play,215,Athletic Club,6662.0,Iago Herrerín Buisán,Goalkeeper,11.7,38.5,,,,False,,,,,,,False,,,,,,,False,False,left_to_right,False,11.7,38.5,,,False,False,False,False
0066aeb4-12ab-4d96-a0fe-56048652bc87,3825747,1212,1,00:36:13.793,36,13,43,Carry,77,215,Athletic Club,Regular Play,215,Athletic Club,6662.0,Iago Herrerín Buisán,Goalkeeper,11.7,38.5,15.1,41.2,1.777808,False,,,,,,,False,,,,,,,False,False,left_to_right,False,11.7,38.5,15.1,41.2,False,False,False,False
9a32e47d-3308-4fd7-ae72-793d0253e454,3825747,1213,1,00:36:15.571,36,15,30,Pass,77,215,Athletic Club,Regular Play,215,Athletic Club,6662.0,Iago Herrerín Buisán,Goalkeeper,15.1,41.2,66.4,52.3,3.149513,False,,,,,,Incomplete,False,52.48714,0.21308933,High Pass,,,,False,False,left_to_right,False,15.1,41.2,66.4,52.3,False,True,False,True
f3f40d6b-1004-4e48-b62b-a31b76ad9315,3825747,1214,1,00:36:18.721,36,18,30,Pass,77,215,Athletic Club,Regular Play,322,Eibar,27239.0,Aleksandar Pantić,Left Center Back,53.7,27.8,54.4,28.1,1.269821,True,,,,,,Incomplete,False,0.7615773,0.4048918,High Pass,Recovery,,,False,False,left_to_right,False,53.7,27.8,54.4,28.1,False,False,False,True
55bfba9d-4c0b-4ebe-835c-459cdd2cb993,3825747,1215,1,00:36:18.721,36,18,4,Duel,77,215,Athletic Club,Regular Play,215,Athletic Club,6390.0,Markel Susaeta Laskurain,Right Wing,66.4,52.3,,,0.0,True,,,,,,,False,,,,,,,False,False,left_to_right,False,66.4,52.3,,,False,False,False,False
25bd9f8f-f217-4883-82c9-58f8057d7ac1,3825747,1216,1,00:36:19.990,36,19,2,Ball Recovery,77,215,Athletic Club,Regular Play,215,Athletic Club,6389.0,Mikel San José Domínguez,Right Defensive Midfield,65.7,52.0,,,0.0,False,,,,,,,False,,,,,,,False,False,left_to_right,False,65.7,52.0,,,False,False,False,False
2cffb6dc-2d23-4211-9cd9-5a88bfd2258d,3825747,1217,1,00:36:19.990,36,19,43,Carry,77,215,Athletic Club,Regular Play,215,Athletic Club,6389.0,Mikel San José Domínguez,Right Defensive Midfield,65.7,52.0,51.7,51.7,1.44041,False,,,,,,,False,,,,,,,False,False,left_to_right,False,65.7,52.0,51.7,51.7,False,False,False,False
ed728542-6bbb-4110-8262-fb350945b188,3825747,1218,1,00:36:21.431,36,21,30,Pass,77,215,Athletic Club,Regular Play,215,Athletic Club,6389.0,Mikel San José Domínguez,Right Defensive Midfield,51.7,51.7,42.7,53.9,1.451558,False,,,,,,,True,9.264988,2.9018495,Ground Pass,,6386.0,Eneko Bóveda Altube,False,False,left_to_right,False,51.7,51.7,42.7,53.9,False,False,False,False
237888aa-7aaf-4c14-ad68-5d0de188a681,3825747,1219,1,00:36:22.882,36,22,42,Ball Receipt*,77,215,Athletic Club,Regular Play,215,Athletic Club,6386.0,Eneko Bóveda Altube,Right Center Back,42.7,53.9,,,,False,,,,,,,False,,,,,,,False,False,left_to_right,False,42.7,53.9,,,False,False,False,False
1ec303c0-843f-4a30-8f2e-020e27d41e80,3825747,1220,1,00:36:22.882,36,22,43,Carry,77,215,Athletic Club,Regular Play,215,Athletic Club,6386.0,Eneko Bóveda Altube,Right Center Back,42.7,53.9,33.8,58.3,2.685927,True,,,,,,,False,,,,,,,False,False,left_to_right,False,42.7,53.9,33.8,58.3,False,False,False,False
1003efcf-05b0-46d8-8d97-9e6e8c272f28,3825747,1221,1,00:36:24.349,36,24,17,Pressure,77,215,Athletic Club,Regular Play,322,Eibar,6700.0,Sergio Enrich Ametller,Left Center Forward,79.8,22.8,,,1.196844,False,,,,,,,False,,,,,,,False,False,left_to_right,False,79.8,22.8,,,False,False,False,False
6258244c-c1d0-4b0b-b19b-923460b3381b,3825747,1222,1,00:36:25.568,36,25,30,Pass,77,215,Athletic Club,Regular Play,215,Athletic Club,6386.0,Eneko Bóveda Altube,Right Center Back,33.8,58.3,10.1,51.3,1.882403,False,,,,,,,True,24.712143,-2.8543994,Ground Pass,,6662.0,Iago Herrerín Buisán,False,False,left_to_right,False,33.8,58.3,10.1,51.3,False,False,False,False
fb862a71-038d-4823-a1e7-8f80134da891,3825747,1223,1,00:36:27.451,36,27,42,Ball Receipt*,77,215,Athletic Club,Regular Play,215,Athletic Club,6662.0,Iago Herrerín Buisán,Goalkeeper,10.1,51.3,,,,False,,,,,,,False,,,,,,,False,False,left_to_right,False,10.1,51.3,,,False,False,False,False
c80ba398-ee79-4f1d-ac01-548cd9384d5b,3825747,1224,1,00:36:27.451,36,27,43,Carry,77,215,Athletic Club,Regular Play,215,Athletic Club,6662.0,Iago Herrerín Buisán,Goalkeeper,10.1,51.3,11.0,50.2,2.292194,False,,,,,,,False,,,,,,,False,False,left_to_right,False,10.1,51.3,11.0,50.2,False,False,False,False
c692b588-df94-42e9-91eb-bb77adf21ece,3825747,1225,1,00:36:29.743,36,29,30,Pass,77,215,Athletic Club,Regular Play,215,Athletic Club,6662.0,Iago Herrerín Buisán,Goalkeeper,11.0,50.2,55.6,18.1,3.164219,False,,,,,,,True,54.950615,-0.6238458,High Pass,,6666.0,Sabin Merino Zuloaga,False,False,left_to_right,False,11.0,50.2,55.6,18.1,False,True,False,False
8a1cfd2e-57d5-4b39-a221-0bdeab37e056,3825747,1226,1,00:36:32.907,36,32,42,Ball Receipt*,77,215,Athletic Club,Regular Play,215,Athletic Club,6666.0,Sabin Merino Zuloaga,Left Wing,55.6,18.1,,,,False,,,,,,,False,,,,,,,False,False,left_to_right,False,55.6,18.1,,,False,False,False,False
efc502d8-b8f6-4ea6-8612-a1663b49d2fa,3825747,1227,1,00:36:32.947,36,32,30,Pass,77,215,Athletic Club,Regular Play,215,Athletic Club,6666.0,Sabin Merino Zuloaga,Left Wing,57.7,18.8,52.6,10.7,1.363139,False,,,,,,,True,9.571834,-2.1327178,Low Pass,,6789.0,Mikel Balenziaga Oruesagasti,False,False,left_to_right,False,57.7,18.8,52.6,10.7,False,False,False,False
c8a673e5-6007-4a13-be4b-ac746700e539,3825747,1228,1,00:36:34.310,36,34,42,Ball Receipt*,77,215,Athletic Club,Regular Play,215,Athletic Club,6789.0,Mikel Balenziaga Oruesagasti,Left Back,52.6,10.7,,,,False,,,,,,,False,,,,,,,False,False,left_to_right,False,52.6,10.7,,,False,False,False,False
a7f61167-fccb-48c8-ab01-b647222129fd,3825747,1229,1,00:36:34.310,36,34,43,Carry,77,215,Athletic Club,Regular Play,215,Athletic Club,6789.0,Mikel Balenziaga Oruesagasti,Left Back,52.6,10.7,57.0,12.1,3.237088,True,,,,,,,False,,,,,,,False,False,left_to_right,False,52.6,10.7,57.0,12.1,False,False,False,False
132d5a4d-b49b-4163-a44f-b118c8a6382e,3825747,1230,1,00:36:35.213,36,35,17,Pressure,77,215,Athletic Club,Regular Play,322,Eibar,6742.0,Sergio Gontán Gallardo,Right Midfield,63.4,65.8,,,0.782867,False,,,,,,,False,,,,,,,False,False,left_to_right,False,63.4,65.8,,,False,False,False,False
e207841a-bafb-4e2c-8914-5489c27fd746,3825747,1231,1,00:36:36.721,36,36,17,Pressure,77,215,Athletic Club,Regular Play,322,Eibar,6742.0,Sergio Gontán Gallardo,Right Midfield,63.8,68.5,,,0.773396,False,,,,,,,False,,,,,,,False,False,left_to_right,False,63.8,68.5,,,False,False,False,False
588445a8-df02-420f-9158-f75db8f2901e,3825747,1232,1,00:36:37.547,36,37,30,Pass,77,215,Athletic Club,Regular Play,215,Athletic Club,6789.0,Mikel Balenziaga Oruesagasti,Left Back,57.0,12.1,41.2,13.7,1.31562,False,,,,,,,True,15.880806,3.0406709,Ground Pass,,4353.0,Aymeric Laporte,False,False,left_to_right,False,57.0,12.1,41.2,13.7,False,False,False,False
daf1e127-2f0f-419e-b4d4-875c90ed7d7a,3825747,1233,1,00:36:38.863,36,38,42,Ball Receipt*,77,215,Athletic Club,Regular Play,215,Athletic Club,4353.0,Aymeric Laporte,Left Center Back,41.2,13.7,,,,False,,,,,,,False,,,,,,,False,False,left_to_right,False,41.2,13.7,,,False,False,False,False
9472740b-4231-4728-9b3c-daac04557aa8,3825747,1234,1,00:36:38.863,36,38,43,Carry,77,215,Athletic Club,Regular Play,215,Athletic Club,4353.0,Aymeric Laporte,Left Center Back,41.2,13.7,41.2,13.4,1.729775,False,,,,,,,False,,,,,,,False,False,left_to_right,False,41.2,13.7,41.2,13.4,False,False,False,False
f7150ed8-59bf-4913-845d-d335b33ea781,3825747,1235,1,00:36:40.593,36,40,30,Pass,77,215,Athletic Club,Regular Play,215,Athletic Club,4353.0,Aymeric Laporte,Left Center Back,41.2,13.4,68.1,14.8,1.603097,False,,,,,,Incomplete,False,26.936407,0.051997695,High Pass,,,,False,False,left_to_right,False,41.2,13.4,68.1,14.8,False,True,False,True
f7bc0cbc-8027-4435-9807-0f467c865bd8,3825747,1236,1,00:36:42.196,36,42,30,Pass,77,215,Athletic Club,Regular Play,322,Eibar,6699.0,Ander Capa Rodríguez,Right Back,52.0,65.3,81.2,60.7,3.24197,False,,,,,,Incomplete,False,29.560108,-0.15625013,Low Pass,Interception,6566.0,Borja González Tomás,False,False,left_to_right,False,52.0,65.3,81.2,60.7,False,True,True,True
e4e2cd9a-0064-4acc-8746-45dc9a226035,3825747,1237,1,00:36:45.438,36,45,42,Ball Receipt*,77,215,Athletic Club,Regular Play,322,Eibar,6566.0,Borja González Tomás,Right Center Forward,74.8,63.4,,,,False,,,,,,,False,,,,,,,False,False,left_to_right,False,74.8,63.4,,,False,False,False,False
e871fdc0-bf10-4289-aa95-d0a43dc38aae,3825747,1238,1,00:36:45.438,36,45,2,Ball Recovery,77,215,Athletic Club,Regular Play,215,Athletic Club,4353.0,Aymeric Laporte,Left Center Back,38.9,19.4,,,0.0,False,,,,,,,False,,,,,,,False,False,left_to_right,False,38.9,19.4,,,False,False,False,False
f540abd9-8647-451f-a95b-51e9549e2860,3825747,1239,1,00:36:45.438,36,45,43,Carry,77,215,Athletic Club,Regular Play,215,Athletic Club,4353.0,Aymeric Laporte,Left Center Back,38.9,19.4,40.9,22.1,0.519977,False,,,,,,,False,,,,,,,False,False,left_to_right,False,38.9,19.4,40.9,22.1,False,False,False,False
36d4da41-f5b2-4b3b-83ad-63c12f69e806,3825747,1240,1,00:36:45.958,36,45,30,Pass,77,215,Athletic Club,Regular Play,215,Athletic Club,4353.0,Aymeric Laporte,Left Center Back,40.9,22.1,27.2,53.2,2.040625,False,,,,,,,True,33.983818,1.9857341,Ground Pass,,6386.0,Eneko Bóveda Altube,False,False,left_to_right,False,40.9,22.1,27.2,53.2,False,False,False,False
4c02ca6f-4d67-4da9-8c49-95e057ddb72d,3825747,1241,1,00:36:47.998,36,47,42,Ball Receipt*,77,215,Athletic Club,Regular Play,215,Athletic Club,6386.0,Eneko Bóveda Altube,Right Center Back,27.2,53.2,,,,False,,,,,,,False,,,,,,,False,False,left_to_right,False,27.2,53.2,,,False,False,False,False
900510da-35f3-4d0b-9630-725e3243a163,3825747,1242,1,00:36:47.998,36,47,43,Carry,77,215,Athletic Club,Regular Play,215,Athletic Club,6386.0,Eneko Bóveda Altube,Right Center Back,27.2,53.2,56.6,64.9,5.78002,False,,,,,,,False,,,,,,,False,False,left_to_right,False,27.2,53.2,56.6,64.9,True,False,False,False
ddf5d7a7-a742-4be0-897c-6c5f764d54ac,3825747,1243,1,00:36:53.778,36,53,30,Pass,77,215,Athletic Club,Regular Play,215,Athletic Club,6386.0,Eneko Bóveda Altube,Right Center Back,56.6,64.9,67.8,75.4,1.14714,False,,,,,,,True,15.352199,0.7531513,Ground Pass,,6649.0,Óscar de Marcos Arana,False,False,left_to_right,False,56.6,64.9,67.8,75.4,False,False,False,False
a165aacd-ac61-4de9-826c-bd7aac56bc9d,3825747,1244,1,00:36:54.926,36,54,42,Ball Receipt*,77,215,Athletic Club,Regular Play,215,Athletic Club,6649.0,Óscar de Marcos Arana,Right Back,67.8,75.4,,,,False,,,,,,,False,,,,,,,False,False,left_to_right,False,67.8,75.4,,,False,False,False,False
f2d04ab2-d30d-4dfc-9377-bf94a8943ed1,3825747,1245,1,00:36:54.926,36,54,43,Carry,77,215,Athletic Club,Regular Play,215,Athletic Club,6649.0,Óscar de Marcos Arana,Right Back,67.8,75.4,66.4,74.7,1.047157,True,,,,,,,False,,,,,,,False,False,left_to_right,False,67.8,75.4,66.4,74.7,False,False,False,False
9d6ce6d4-bce0-4f9d-8b42-f64bafe46628,3825747,1246,1,00:36:55.208,36,55,17,Pressure,77,215,Athletic Club,Regular Play,322,Eibar,24070.0,Saúl Berjón Pérez,Left Midfield,49.8,4.7,,,0.663737,False,,,,,,,False,,,,,,,False,False,left_to_right,False,49.8,4.7,,,False,False,False,False
7350d081-a5fd-4e06-970d-b56e54ec4ab0,3825747,1247,1,00:36:55.973,36,55,30,Pass,77,215,Athletic Club,Regular Play,215,Athletic Club,6649.0,Óscar de Marcos Arana,Right Back,66.4,74.7,46.6,71.4,2.060095,False,,,,,,,True,20.073116,-2.976444,Ground Pass,,6386.0,Eneko Bóveda Altube,False,False,left_to_right,False,66.4,74.7,46.6,71.4,False,False,False,False
d5555ced-bf66-4f50-9002-7bec8de861d9,3825747,1248,1,00:36:58.033,36,58,42,Ball Receipt*,77,215,Athletic Club,Regular Play,215,Athletic Club,6386.0,Eneko Bóveda Altube,Right Center Back,46.6,71.4,,,,False,,,,,,,False,,,,,,,False,False,left_to_right,False,46.6,71.4,,,False,False,False,False
1365dabc-fcec-4a37-abee-be9532c257d4,3825747,1249,1,00:36:58.033,36,58,43,Carry,77,215,Athletic Club,Regular Play,215,Athletic Club,6386.0,Eneko Bóveda Altube,Right Center Back,46.6,71.4,44.6,69.7,1.5868,False,,,,,,,False,,,,,,,False,False,left_to_right,False,46.6,71.4,44.6,69.7,False,False,False,False
445149e4-3720-46e1-a373-f7aedb1636cd,3825747,1250,1,00:36:59.620,36,59,30,Pass,77,215,Athletic Club,Regular Play,215,Athletic Club,6386.0,Eneko Bóveda Altube,Right Center Back,44.6,69.7,35.9,59.7,1.227305,False,,,,,,,True,13.25481,-2.2867875,Ground Pass,,6389.0,Mikel San José Domínguez,False,False,left_to_right,False,44.6,69.7,35.9,59.7,False,False,False,False
e8d5777c-6104-48bf-a7c0-e1526286c10f,3825747,1251,1,00:37:00.847,37,0,42,Ball Receipt*,77,215,Athletic Club,Regular Play,215,Athletic Club,6389.0,Mikel San José Domínguez,Right Defensive Midfield,35.9,59.7,,,,False,,,,,,,False,,,,,,,False,False,left_to_right,False,35.9,59.7,,,False,False,False,False
5bf079b1-0665-431c-8226-08710bd8f5e6,3825747,1252,1,00:37:00.847,37,0,43,Carry,77,215,Athletic Club,Regular Play,215,Athletic Club,6389.0,Mikel San José Domínguez,Right Defensive Midfield,35.9,59.7,35.9,59.7,0.16,False,,,,,,,False,,,,,,,False,False,left_to_right,False,35.9,59.7,35.9,59.7,False,False,False,False
a8231e5f-cc6f-4123-9e98-446bdcf60202,3825747,1253,1,00:37:01.007,37,1,30,Pass,77,215,Athletic Club,Regular Play,215,Athletic Club,6389.0,Mikel San José Domínguez,Right Defensive Midfield,35.9,59.7,52.6,53.9,0.643047,False,,,,,,,True,17.678518,-0.33427227,Ground Pass,,6396.0,Beñat Etxebarria Urkiaga,False,False,left_to_right,False,35.9,59.7,52.6,53.9,False,False,False,False
e71931e0-a264-4948-9d20-822ebbb6e01d,3825747,1254,1,00:37:01.650,37,1,42,Ball Receipt*,77,215,Athletic Club,Regular Play,215,Athletic Club,6396.0,Beñat Etxebarria Urkiaga,Left Defensive Midfield,52.6,53.9,,,,False,,,,,,,False,,,,,,,False,False,left_to_right,False,52.6,53.9,,,False,False,False,False
7cb2b1b5-29ae-4b9d-a1d1-83c534c79750,3825747,1255,1,00:37:01.650,37,1,43,Carry,77,215,Athletic Club,Regular Play,215,Athletic Club,6396.0,Beñat Etxebarria Urkiaga,Left Defensive Midfield,52.6,53.9,52.6,53.9,0.119999,False,,,,,,,False,,,,,,,False,False,left_to_right,False,52.6,53.9,52.6,53.9,False,False,False,False
5af48b69-dabf-45b6-a5f6-341a18464191,3825747,1256,1,00:37:01.770,37,1,30,Pass,77,215,Athletic Club,Regular Play,215,Athletic Club,6396.0,Beñat Etxebarria Urkiaga,Left Defensive Midfield,52.6,53.9,16.4,49.0,3.803256,False,,,,,,,True,36.530125,-3.0070512,Low Pass,,6662.0,Iago Herrerín Buisán,False,False,left_to_right,False,52.6,53.9,16.4,49.0,False,False,False,False
e2a17bac-8d10-4bee-9f2f-255d16b87a88,3825747,1257,1,00:37:05.573,37,5,42,Ball Receipt*,77,215,Athletic Club,Regular Play,215,Athletic Club,6662.0,Iago Herrerín Buisán,Goalkeeper,16.4,49.0,,,,False,,,,,,,False,,,,,,,False,False,left_to_right,False,16.4,49.0,,,False,False,False,False
44378091-915f-437e-b611-031ff76fad5f,3825747,1258,1,00:37:05.573,37,5,43,Carry,77,215,Athletic Club,Regular Play,215,Athletic Club,6662.0,Iago Herrerín Buisán,Goalkeeper,16.4,49.0,15.8,49.0,0.840746,False,,,,,,,False,,,,,,,False,False,left_to_right,False,16.4,49.0,15.8,49.0,False,False,False,False
72a459d7-d7ba-4556-8c6d-e937530be7b4,3825747,1259,1,00:37:06.414,37,6,30,Pass,77,215,Athletic Club,Regular Play,215,Athletic Club,6662.0,Iago Herrerín Buisán,Goalkeeper,15.8,49.0,23.8,59.7,1.288626,False,,,,,,,True,13.360015,0.92879224,Ground Pass,,6389.0,Mikel San José Domínguez,False,False,left_to_right,False,15.8,49.0,23.8,59.7,False,False,False,False
342a8aaf-3b32-427c-ad2d-2f12e9e054ef,3825747,1260,1,00:37:07.703,37,7,42,Ball Receipt*,77,215,Athletic Club,Regular Play,215,Athletic Club,6389.0,Mikel San José Domínguez,Right Defensive Midfield,23.8,59.7,,,,False,,,,,,,False,,,,,,,False,False,left_to_right,False,23.8,59.7,,,False,False,False,False
1e1a0758-c582-4545-9ccf-1a7482a44965,3825747,1261,1,00:37:07.703,37,7,43,Carry,77,215,Athletic Club,Regular Play,215,Athletic Club,6389.0,Mikel San José Domínguez,Right Defensive Midfield,23.8,59.7,27.8,65.3,2.583404,False,,,,,,,False,,,,,,,False,False,left_to_right,False,23.8,59.7,27.8,65.3,False,False,False,False
df0cac51-6599-444d-8858-29a116a727df,3825747,1262,1,00:37:10.286,37,10,30,Pass,77,215,Athletic Club,Regular Play,215,Athletic Club,6389.0,Mikel San José Domínguez,Right Defensive Midfield,27.8,65.3,41.6,49.9,1.331437,False,,,,,,,True,20.678492,-0.84013796,Ground Pass,,6396.0,Beñat Etxebarria Urkiaga,False,False,left_to_right,False,27.8,65.3,41.6,49.9,False,False,False,False
330b630c-4675-4fef-bb09-6bcecbc17a5c,3825747,1263,1,00:37:11.617,37,11,42,Ball Receipt*,77,215,Athletic Club,Regular Play,215,Athletic Club,6396.0,Beñat Etxebarria Urkiaga,Left Defensive Midfield,41.6,49.9,,,,False,,,,,,,False,,,,,,,False,False,left_to_right,False,41.6,49.9,,,False,False,False,False
0808fe05-9468-430c-82b2-c10761d38786,3825747,1264,1,00:37:11.617,37,11,43,Carry,77,215,Athletic Club,Regular Play,215,Athletic Club,6396.0,Beñat Etxebarria Urkiaga,Left Defensive Midfield,41.6,49.9,41.6,49.9,0.12,False,,,,,,,False,,,,,,,False,False,left_to_right,False,41.6,49.9,41.6,49.9,False,False,False,False
f6b35a1d-6374-4a45-bbab-72316d0edcbd,3825747,1265,1,00:37:11.737,37,11,30,Pass,77,215,Athletic Club,Regular Play,215,Athletic Club,6396.0,Beñat Etxebarria Urkiaga,Left Defensive Midfield,41.6,49.9,10.7,48.3,2.312098,False,,,,,,,True,30.941397,-3.089859,Ground Pass,,6662.0,Iago Herrerín Buisán,False,False,left_to_right,False,41.6,49.9,10.7,48.3,False,False,False,False
3d2b1863-8641-4060-a4f5-0303a333ab93,3825747,1266,1,00:37:14.050,37,14,42,Ball Receipt*,77,215,Athletic Club,Regular Play,215,Athletic Club,6662.0,Iago Herrerín Buisán,Goalkeeper,10.7,48.3,,,,False,,,,,,,False,,,,,,,False,False,left_to_right,False,10.7,48.3,,,False,False,False,False
ead311b6-fcd3-4377-9a06-3b7af93538ac,3825747,1267,1,00:37:14.050,37,14,43,Carry,77,215,Athletic Club,Regular Play,215,Athletic Club,6662.0,Iago Herrerín Buisán,Goalkeeper,10.7,48.3,10.7,48.6,0.989287,False,,,,,,,False,,,,,,,False,False,left_to_right,False,10.7,48.3,10.7,48.6,False,False,False,False
1963a80a-b8b0-4fd9-8cf4-e5bba1ba1fc8,3825747,1268,1,00:37:15.039,37,15,30,Pass,77,215,Athletic Club,Regular Play,215,Athletic Club,6662.0,Iago Herrerín Buisán,Goalkeeper,10.7,48.6,46.0,5.9,2.342144,False,,,,,,,True,55.401985,-0.8799868,High Pass,,6789.0,Mikel Balenziaga Oruesagasti,False,False,left_to_right,False,10.7,48.6,46.0,5.9,False,True,False,False
11a9b36a-c648-4e1c-9c25-75be43c4c6db,3825747,1269,1,00:37:17.381,37,17,42,Ball Receipt*,77,215,Athletic Club,Regular Play,215,Athletic Club,6789.0,Mikel Balenziaga Oruesagasti,Left Back,46.0,5.9,,,,False,,,,,,,False,,,,,,,False,False,left_to_right,False,46.0,5.9,,,False,False,False,False
a86a0ca3-fa03-46b6-925d-37610bb427f9,3825747,1270,1,00:37:17.381,37,17,43,Carry,77,215,Athletic Club,Regular Play,215,Athletic Club,6789.0,Mikel Balenziaga Oruesagasti,Left Back,46.0,5.9,47.9,14.8,1.512158,False,,,,,,,False,,,,,,,False,False,left_to_right,False,46.0,5.9,47.9,14.8,False,False,False,False
8d617a72-e7e4-40dc-9dda-e43ed7765300,3825747,1271,1,00:37:18.893,37,18,30,Pass,77,215,Athletic Club,Regular Play,215,Athletic Club,6789.0,Mikel Balenziaga Oruesagasti,Left Back,47.9,14.8,28.1,18.1,1.490422,False,,,,,,,True,20.073116,2.976444,Ground Pass,,4353.0,Aymeric Laporte,False,False,left_to_right,False,47.9,14.8,28.1,18.1,False,False,False,False
1bb6f4cd-6abc-4de2-9c22-1b89142652eb,3825747,1272,1,00:37:20.384,37,20,42,Ball Receipt*,77,215,Athletic Club,Regular Play,215,Athletic Club,4353.0,Aymeric Laporte,Left Center Back,28.1,18.1,,,,False,,,,,,,False,,,,,,,False,False,left_to_right,False,28.1,18.1,,,False,False,False,False
044fef44-bdbe-49c0-bdee-b8a336624508,3825747,1273,1,00:37:20.384,37,20,43,Carry,77,215,Athletic Club,Regular Play,215,Athletic Club,4353.0,Aymeric Laporte,Left Center Back,28.1,18.1,28.1,18.1,2.78099,False,,,,,,,False,,,,,,,False,False,left_to_right,False,28.1,18.1,28.1,18.1,False,False,False,False
1eeab737-eb12-43db-bafc-3f07d7953344,3825747,1274,1,00:37:23.165,37,23,30,Pass,77,215,Athletic Club,Regular Play,215,Athletic Club,4353.0,Aymeric Laporte,Left Center Back,28.1,18.1,105.6,42.8,3.503303,False,,,,,,Incomplete,False,81.34089,0.30853203,High Pass,,6390.0,Markel Susaeta Laskurain,False,False,left_to_right,False,28.1,18.1,105.6,42.8,False,True,True,True
3e33198f-dc79-4876-b3df-102e44f9e231,3825747,1275,1,00:37:26.668,37,26,42,Ball Receipt*,77,215,Athletic Club,Regular Play,215,Athletic Club,6390.0,Markel Susaeta Laskurain,Right Wing,94.2,38.2,,,,False,,,,,,,False,,,,,,,False,False,left_to_right,False,94.2,38.2,,,False,False,False,False
a468ef35-935c-4bd8-8946-f92c87d5880c,3825747,1276,1,00:37:26.668,37,26,2,Ball Recovery,78,322,Eibar,Regular Play,322,Eibar,10763.0,Asier Riesgo Unamuno,Goalkeeper,14.5,37.3,,,0.0,False,,,,,,,False,,,,,,,False,False,left_to_right,False,14.5,37.3,,,False,False,False,False
cf1ddcc8-2d87-40f6-b362-2722d66b0c79,3825747,1277,1,00:37:26.668,37,26,43,Carry,78,322,Eibar,Regular Play,322,Eibar,10763.0,Asier Riesgo Unamuno,Goalkeeper,14.5,37.3,17.5,43.9,12.110937,False,,,,,,,False,,,,,,,False,False,left_to_right,False,14.5,37.3,17.5,43.9,False,False,False,False
f64a0b5c-d6cf-445f-a8b4-9d4e8a48f770,3825747,1278,1,00:37:38.779,37,38,30,Pass,78,322,Eibar,Regular Play,322,Eibar,10763.0,Asier Riesgo Unamuno,Goalkeeper,17.5,43.9,77.6,52.3,3.876218,False,,,,,,Incomplete,False,60.68418,0.13886747,High Pass,,6700.0,Sergio Enrich Ametller,False,False,left_to_right,False,17.5,43.9,77.6,52.3,False,True,False,True
67b744d9-2d6f-410d-8b5e-271b858e6da6,3825747,1279,1,00:37:42.655,37,42,42,Ball Receipt*,78,322,Eibar,Regular Play,322,Eibar,6700.0,Sergio Enrich Ametller,Left Center Forward,75.5,52.3,,,,False,,,,,,,False,,,,,,,False,False,left_to_right,False,75.5,52.3,,,False,False,False,False
b7ec6134-e6d1-4749-be56-4554a6f3332a,3825747,1280,1,00:37:42.655,37,42,30,Pass,78,322,Eibar,Regular Play,215,Athletic Club,4353.0,Aymeric Laporte,Left Center Back,42.5,27.8,61.6,49.0,3.161063,False,,,,,,Incomplete,False,28.535067,0.8374603,High Pass,Recovery,,,False,False,left_to_right,False,42.5,27.8,61.6,49.0,False,False,False,True
f0d63a95-e689-42cc-b00e-3642b2d0878e,3825747,1281,1,00:37:45.816,37,45,30,Pass,78,322,Eibar,Regular Play,322,Eibar,27239.0,Aleksandar Pantić,Left Center Back,58.5,31.1,47.7,14.4,2.357259,False,,,,,,,True,19.887936,-2.1448529,Low Pass,Recovery,6776.0,David Juncà Reñé,False,False,left_to_right,False,58.5,31.1,47.7,14.4,False,False,False,False
29eaba94-a7a0-407d-8235-7b1257bc7388,3825747,1282,1,00:37:48.173,37,48,42,Ball Receipt*,78,322,Eibar,Regular Play,322,Eibar,6776.0,David Juncà Reñé,Left Back,47.7,14.4,,,,False,,,,,,,False,,,,,,,False,False,left_to_right,False,47.7,14.4,,,False,False,False,False
f628d059-7820-4cdc-ac7f-a2fc0c486f00,3825747,1283,1,00:37:48.173,37,48,43,Carry,78,322,Eibar,Regular Play,322,Eibar,6776.0,David Juncà Reñé,Left Back,47.7,14.4,46.3,6.5,0.379384,False,,,,,,,False,,,,,,,False,False,left_to_right,False,47.7,14.4,46.3,6.5,False,False,False,False
c2ac9fdf-c2e3-44e3-b0f9-4e7d9232c248,3825747,1284,1,00:37:48.553,37,48,30,Pass,78,322,Eibar,Regular Play,322,Eibar,6776.0,David Juncà Reñé,Left Back,46.3,6.5,70.2,6.8,2.0,False,,,,,,,True,23.901882,0.012551642,Ground Pass,,24070.0,Saúl Berjón Pérez,False,False,left_to_right,False,46.3,6.5,70.2,6.8,False,True,False,False
c05690e1-0f68-45b9-91f3-14a3b35a8733,3825747,1285,1,00:37:50.553,37,50,42,Ball Receipt*,78,322,Eibar,Regular Play,322,Eibar,24070.0,Saúl Berjón Pérez,Left Midfield,70.2,6.8,,,,False,,,,,,,False,,,,,,,False,False,left_to_right,False,70.2,6.8,,,False,False,False,False
ad30801e-48bf-4ffe-bdeb-1cb130b9306b,3825747,1286,1,00:37:50.553,37,50,43,Carry,78,322,Eibar,Regular Play,322,Eibar,24070.0,Saúl Berjón Pérez,Left Midfield,70.2,6.8,68.1,9.0,2.489055,True,,,,,,,False,,,,,,,False,False,left_to_right,False,70.2,6.8,68.1,9.0,False,False,False,False
6c8a766e-8865-4364-823f-f786e2bef078,3825747,1287,1,00:37:50.567,37,50,17,Pressure,78,322,Eibar,Regular Play,215,Athletic Club,6649.0,Óscar de Marcos Arana,Right Back,47.9,71.4,,,2.068284,False,,,,,,,False,,,,,,,False,False,left_to_right,False,47.9,71.4,,,False,False,False,False
39824f8e-1922-4003-9f47-1c217e6dca50,3825747,1288,1,00:37:51.720,37,51,17,Pressure,78,322,Eibar,Regular Play,215,Athletic Club,6390.0,Markel Susaeta Laskurain,Right Wing,54.0,74.1,,,0.991841,False,,,,,,,False,,,,,,,False,False,left_to_right,False,54.0,74.1,,,False,False,False,False
ab10bf64-dde9-45c6-95b8-14216dd8a16e,3825747,1289,1,00:37:53.042,37,53,30,Pass,78,322,Eibar,Regular Play,322,Eibar,24070.0,Saúl Berjón Pérez,Left Midfield,68.1,9.0,65.4,17.1,0.3052,False,,,,,,Incomplete,False,8.53815,1.8925469,Ground Pass,,6557.0,Adrián González Morales,False,False,left_to_right,False,68.1,9.0,65.4,17.1,False,False,False,True
edfc3967-3aa5-4501-ba09-ee879157dec4,3825747,1290,1,00:37:53.347,37,53,42,Ball Receipt*,78,322,Eibar,Regular Play,322,Eibar,6557.0,Adrián González Morales,Left Defensive Midfield,63.4,20.1,,,,False,,,,,,,False,,,,,,,False,False,left_to_right,False,63.4,20.1,,,False,False,False,False
29c1e9a3-34f0-4c7a-a91d-c4f554cd6c2e,3825747,1291,1,00:37:53.347,37,53,10,Interception,78,322,Eibar,Regular Play,215,Athletic Club,6389.0,Mikel San José Domínguez,Right Defensive Midfield,54.7,63.0,,,0.0,False,,,,,,,False,,,,,,,False,False,left_to_right,False,54.7,63.0,,,False,False,False,False
b1f351e7-bcae-4c54-aeeb-002e6255928a,3825747,1292,1,00:37:53.873,37,53,17,Pressure,78,322,Eibar,Regular Play,215,Athletic Club,6389.0,Mikel San José Domínguez,Right Defensive Midfield,57.7,58.9,,,0.418318,False,,,,,,,False,,,,,,,False,False,left_to_right,False,57.7,58.9,,,False,False,False,False
786da4d1-8f67-48ca-9df0-5d5afd568d76,3825747,1293,1,00:37:54.097,37,54,30,Pass,78,322,Eibar,Regular Play,322,Eibar,6557.0,Adrián González Morales,Left Defensive Midfield,62.4,21.2,49.8,6.3,1.421165,True,,,,,,,True,19.513329,-2.2727523,Low Pass,Recovery,6776.0,David Juncà Reñé,False,False,left_to_right,False,62.4,21.2,49.8,6.3,False,False,False,False
67c680f8-faa5-4bed-aa28-7072735d8c5e,3825747,1294,1,00:37:55.518,37,55,42,Ball Receipt*,78,322,Eibar,Regular Play,322,Eibar,6776.0,David Juncà Reñé,Left Back,49.8,6.3,,,,False,,,,,,,False,,,,,,,False,False,left_to_right,False,49.8,6.3,,,False,False,False,False
96f5bdec-06c1-4fc7-afe7-3c8d5adcf175,3825747,1295,1,00:37:55.518,37,55,43,Carry,78,322,Eibar,Regular Play,322,Eibar,6776.0,David Juncà Reñé,Left Back,49.8,6.3,42.3,6.8,1.065028,False,,,,,,,False,,,,,,,False,False,left_to_right,False,49.8,6.3,42.3,6.8,False,False,False,False
efe05a9e-0205-42f0-a7ae-e49c6a2af3b6,3825747,1296,1,00:37:56.583,37,56,30,Pass,78,322,Eibar,Regular Play,322,Eibar,6776.0,David Juncà Reñé,Left Back,42.3,6.8,42.0,21.2,1.039337,False,,,,,,,True,14.403125,1.5916266,Ground Pass,,27239.0,Aleksandar Pantić,False,False,left_to_right,False,42.3,6.8,42.0,21.2,False,False,False,False
db68f925-b0e7-4634-94f0-4243c0e2c1c0,3825747,1297,1,00:37:57.622,37,57,42,Ball Receipt*,78,322,Eibar,Regular Play,322,Eibar,27239.0,Aleksandar Pantić,Left Center Back,42.0,21.2,,,,False,,,,,,,False,,,,,,,False,False,left_to_right,False,42.0,21.2,,,False,False,False,False
57023b72-2c38-4db7-a327-f4082f27169a,3825747,1298,1,00:37:58.307,37,58,30,Pass,78,322,Eibar,Regular Play,322,Eibar,27239.0,Aleksandar Pantić,Left Center Back,42.7,22.1,58.8,12.0,2.71444,False,,,,,,,True,19.005789,-0.5602725,Ground Pass,,24070.0,Saúl Berjón Pérez,False,False,left_to_right,False,42.7,22.1,58.8,12.0,False,False,False,False
7efd15b1-ff6e-4a79-a8be-11daf4613bb4,3825747,1299,1,00:38:01.021,38,1,42,Ball Receipt*,78,322,Eibar,Regular Play,322,Eibar,24070.0,Saúl Berjón Pérez,Left Midfield,58.8,12.0,,,,False,,,,,,,False,,,,,,,False,False,left_to_right,False,58.8,12.0,,,False,False,False,False
f0ad3b43-f9b4-4cec-af77-652104a5fe09,3825747,1300,1,00:38:02.341,38,2,30,Pass,78,322,Eibar,Regular Play,322,Eibar,24070.0,Saúl Berjón Pérez,Left Midfield,57.4,16.4,66.5,65.3,2.561336,False,,,,,,,True,49.73952,1.3868068,High Pass,,6699.0,Ander Capa Rodríguez,False,False,left_to_right,False,57.4,16.4,66.5,65.3,False,False,False,False
85bec899-a332-48fb-9a87-aa29fda5f537,3825747,1301,1,00:38:04.902,38,4,42,Ball Receipt*,78,322,Eibar,Regular Play,322,Eibar,6699.0,Ander Capa Rodríguez,Right Back,66.5,65.3,,,,False,,,,,,,False,,,,,,,False,False,left_to_right,False,66.5,65.3,,,False,False,False,False
17ee4433-0bec-4d6e-9c4d-797c04c80c33,3825747,1302,1,00:38:04.902,38,4,43,Carry,78,322,Eibar,Regular Play,322,Eibar,6699.0,Ander Capa Rodríguez,Right Back,66.5,65.3,77.6,69.4,2.12772,False,,,,,,,False,,,,,,,False,False,left_to_right,False,66.5,65.3,77.6,69.4,False,False,False,False
efe625fe-fb44-4ead-86aa-ebbaee5a6b81,3825747,1303,1,00:38:07.030,38,7,30,Pass,78,322,Eibar,Regular Play,322,Eibar,6699.0,Ander Capa Rodríguez,Right Back,77.6,69.4,72.9,63.7,0.91182,False,,,,,,,True,7.387828,-2.2603354,Ground Pass,,6742.0,Sergio Gontán Gallardo,False,False,left_to_right,False,77.6,69.4,72.9,63.7,False,False,False,False
b2f4ce8a-f95e-4737-b8f9-5bea546d1afa,3825747,1304,1,00:38:07.942,38,7,42,Ball Receipt*,78,322,Eibar,Regular Play,322,Eibar,6742.0,Sergio Gontán Gallardo,Right Midfield,72.9,63.7,,,,False,,,,,,,False,,,,,,,False,False,left_to_right,False,72.9,63.7,,,False,False,False,False
f31e7ad1-b46b-44a3-8aaf-82979f3ecdf3,3825747,1305,1,00:38:07.942,38,7,43,Carry,78,322,Eibar,Regular Play,322,Eibar,6742.0,Sergio Gontán Gallardo,Right Midfield,72.9,63.7,77.9,60.7,1.116638,False,,,,,,,False,,,,,,,False,False,left_to_right,False,72.9,63.7,77.9,60.7,False,False,False,False
023ee150-cf67-44b7-8343-967e659eaf35,3825747,1306,1,00:38:09.058,38,9,30,Pass,78,322,Eibar,Regular Play,322,Eibar,6742.0,Sergio Gontán Gallardo,Right Midfield,77.9,60.7,110.0,47.9,2.616136,False,,,,,,Incomplete,False,34.557922,-0.3794317,Ground Pass,,6700.0,Sergio Enrich Ametller,False,False,left_to_right,False,77.9,60.7,110.0,47.9,False,True,True,True
7689ab26-7be3-45e6-8c5f-af9bd68d7498,3825747,1307,1,00:38:11.674,38,11,42,Ball Receipt*,78,322,Eibar,Regular Play,322,Eibar,6700.0,Sergio Enrich Ametller,Left Center Forward,93.3,46.0,,,,False,,,,,,,False,,,,,,,False,False,left_to_right,False,93.3,46.0,,,False,False,False,False
7ea85c1c-1807-426e-ade3-2db516ac7f06,3825747,1308,1,00:38:11.674,38,11,2,Ball Recovery,79,215,Athletic Club,Regular Play,215,Athletic Club,6662.0,Iago Herrerín Buisán,Goalkeeper,10.1,32.2,,,0.0,False,,,,,,,False,,,,,,,False,False,left_to_right,False,10.1,32.2,,,False,False,False,False
67f837ce-acd2-474b-b012-76d647658c82,3825747,1309,1,00:38:11.674,38,11,43,Carry,79,215,Athletic Club,Regular Play,215,Athletic Club,6662.0,Iago Herrerín Buisán,Goalkeeper,10.1,32.2,13.7,41.8,11.800217,False,,,,,,,False,,,,,,,False,False,left_to_right,False,10.1,32.2,13.7,41.8,False,False,False,False
52c0efdc-351d-41ce-acb6-4059ef9c0c1f,3825747,1310,1,00:38:23.475,38,23,30,Pass,79,215,Athletic Club,Regular Play,215,Athletic Club,6662.0,Iago Herrerín Buisán,Goalkeeper,13.7,41.8,78.4,47.5,3.306988,False,,,,,,Incomplete,False,64.9506,0.08787205,High Pass,,6394.0,Aritz Aduriz Zubeldia,False,False,left_to_right,False,13.7,41.8,78.4,47.5,False,True,False,True
60312e74-4986-4505-a95f-c8960ad36128,3825747,1311,1,00:38:26.782,38,26,42,Ball Receipt*,79,215,Athletic Club,Regular Play,215,Athletic Club,6394.0,Aritz Aduriz Zubeldia,Center Forward,76.5,46.9,,,,False,,,,,,,False,,,,,,,False,False,left_to_right,False,76.5,46.9,,,False,False,False,False
326a9b3e-fc82-4afe-bd39-b227767a11df,3825747,1312,1,00:38:26.782,38,26,4,Duel,79,215,Athletic Club,Regular Play,215,Athletic Club,6394.0,Aritz Aduriz Zubeldia,Center Forward,78.4,47.5,,,0.0,True,,,,,,,False,,,,,,,False,False,left_to_right,False,78.4,47.5,,,False,False,False,False
f75ba7af-b18b-4546-b145-874bf131c392,3825747,1313,1,00:38:26.782,38,26,30,Pass,79,215,Athletic Club,Regular Play,322,Eibar,27239.0,Aleksandar Pantić,Left Center Back,41.7,32.6,52.0,52.0,2.389616,True,,,,,,Incomplete,False,21.964745,1.0827137,High Pass,Recovery,6742.0,Sergio Gontán Gallardo,False,False,left_to_right,False,41.7,32.6,52.0,52.0,False,False,False,True
6041e1d5-7799-47bf-8334-49bde97db062,3825747,1314,1,00:38:29.171,38,29,42,Ball Receipt*,79,215,Athletic Club,Regular Play,322,Eibar,6742.0,Sergio Gontán Gallardo,Right Midfield,54.7,53.6,,,,False,,,,,,,False,,,,,,,False,False,left_to_right,False,54.7,53.6,,,False,False,False,False
e51b5958-5a58-448b-a453-4ed1c8593e79,3825747,1315,1,00:38:29.171,38,29,2,Ball Recovery,79,215,Athletic Club,Regular Play,215,Athletic Club,6396.0,Beñat Etxebarria Urkiaga,Left Defensive Midfield,68.1,28.1,,,0.0,False,,,,,,,False,,,,,,,False,False,left_to_right,False,68.1,28.1,,,False,False,False,False
e5b80795-4056-408f-b45a-11531f8e2c08,3825747,1316,1,00:38:29.171,38,29,43,Carry,79,215,Athletic Club,Regular Play,215,Athletic Club,6396.0,Beñat Etxebarria Urkiaga,Left Defensive Midfield,68.1,28.1,70.0,28.9,1.007866,True,,,,,,,False,,,,,,,False,False,left_to_right,False,68.1,28.1,70.0,28.9,False,False,False,False
1a2c578f-5da8-44ad-a784-8177c4cfe4bc,3825747,1317,1,00:38:29.432,38,29,17,Pressure,79,215,Athletic Club,Regular Play,322,Eibar,6775.0,Daniel García Carrillo,Right Defensive Midfield,49.8,51.4,,,0.539737,False,,,,,,,False,,,,,,,False,False,left_to_right,False,49.8,51.4,,,False,False,False,False
39dee6eb-350e-4e64-ac10-96c17a27e5c4,3825747,1318,1,00:38:30.179,38,30,22,Foul Committed,79,215,Athletic Club,Regular Play,322,Eibar,6775.0,Daniel García Carrillo,Right Defensive Midfield,50.1,51.2,,,0.0,False,,,,,,,False,,,,,,,False,False,left_to_right,False,50.1,51.2,,,False,False,False,False
3f784cae-25d4-4b1e-9f0b-1bd06d47a5e9,3825747,1319,1,00:38:30.179,38,30,21,Foul Won,79,215,Athletic Club,Regular Play,215,Athletic Club,6396.0,Beñat Etxebarria Urkiaga,Left Defensive Midfield,70.0,28.9,,,0.0,True,,,,,,,False,,,,,,,False,False,left_to_right,False,70.0,28.9,,,False,False,False,False
d78479b8-bbf4-46ca-8549-3633a9264588,3825747,1320,1,00:38:40.164,38,40,30,Pass,80,215,Athletic Club,From Free Kick,215,Athletic Club,6396.0,Beñat Etxebarria Urkiaga,Left Defensive Midfield,71.4,31.1,105.0,44.2,2.697476,False,,,,,,Incomplete,False,36.063416,0.37175274,High Pass,Free Kick,6394.0,Aritz Aduriz Zubeldia,False,False,left_to_right,False,71.4,31.1,105.0,44.2,False,True,True,True
3bfab088-1e3d-433b-97f1-3378c7297e6f,3825747,1321,1,00:38:42.861,38,42,42,Ball Receipt*,80,215,Athletic Club,From Free Kick,215,Athletic Club,6394.0,Aritz Aduriz Zubeldia,Center Forward,100.5,43.3,,,,False,,,,,,,False,,,,,,,False,False,left_to_right,False,100.5,43.3,,,False,False,False,False
34cd2c17-c216-44e8-a940-5f98ba3ba224,3825747,1322,1,00:38:42.861,38,42,2,Ball Recovery,80,215,Athletic Club,From Free Kick,322,Eibar,10763.0,Asier Riesgo Unamuno,Goalkeeper,15.1,35.9,,,0.0,False,,,,,,,False,,,,,,,False,False,left_to_right,False,15.1,35.9,,,False,False,False,False
c7c1b28d-bfdf-4567-b365-0cfa6c9053d9,3825747,1323,1,00:38:42.861,38,42,43,Carry,80,215,Athletic Club,From Free Kick,322,Eibar,10763.0,Asier Riesgo Unamuno,Goalkeeper,15.1,35.9,16.2,49.0,12.209776,False,,,,,,,False,,,,,,,False,False,left_to_right,False,15.1,35.9,16.2,49.0,False,False,False,False
3935892c-3b3f-4caf-919d-e1c243c7a8d8,3825747,1324,1,00:38:55.071,38,55,30,Pass,80,215,Athletic Club,From Free Kick,322,Eibar,10763.0,Asier Riesgo Unamuno,Goalkeeper,16.2,49.0,62.4,56.6,2.311354,False,,,,,,Incomplete,False,46.820934,0.16304193,High Pass,,6742.0,Sergio Gontán Gallardo,False,False,left_to_right,False,16.2,49.0,62.4,56.6,False,True,False,True
b724c377-410d-475b-a873-ebdc7a7cd047,3825747,1325,1,00:38:57.382,38,57,42,Ball Receipt*,80,215,Athletic Club,From Free Kick,322,Eibar,6742.0,Sergio Gontán Gallardo,Right Midfield,70.8,63.1,,,,False,,,,,,,False,,,,,,,False,False,left_to_right,False,70.8,63.1,,,False,False,False,False
d5a2ba21-78d1-4c99-9eaa-ef256448d57b,3825747,1326,1,00:38:57.382,38,57,2,Ball Recovery,80,215,Athletic Club,From Free Kick,215,Athletic Club,6396.0,Beñat Etxebarria Urkiaga,Left Defensive Midfield,57.7,23.5,,,0.0,False,,,,,,,False,,,,,,,False,False,left_to_right,False,57.7,23.5,,,False,False,False,False
f1b61ff8-2323-4450-abea-9faff84827f8,3825747,1327,1,00:38:57.382,38,57,43,Carry,80,215,Athletic Club,From Free Kick,215,Athletic Club,6396.0,Beñat Etxebarria Urkiaga,Left Defensive Midfield,57.7,23.5,56.7,23.2,1.24667,False,,,,,,,False,,,,,,,False,False,left_to_right,False,57.7,23.5,56.7,23.2,False,False,False,False
6ec02b48-2eb9-4161-a21d-48ec86d54b3b,3825747,1328,1,00:38:58.629,38,58,30,Pass,80,215,Athletic Club,From Free Kick,215,Athletic Club,6396.0,Beñat Etxebarria Urkiaga,Left Defensive Midfield,56.7,23.2,90.6,9.3,1.237404,False,,,,,,,True,36.63905,-0.3891225,Low Pass,,6666.0,Sabin Merino Zuloaga,False,False,left_to_right,False,56.7,23.2,90.6,9.3,False,True,True,False
536b2109-5949-491f-953e-8519c857bb97,3825747,1329,1,00:38:59.866,38,59,42,Ball Receipt*,80,215,Athletic Club,From Free Kick,215,Athletic Club,6666.0,Sabin Merino Zuloaga,Left Wing,90.6,9.3,,,,False,,,,,,,False,,,,,,,False,False,left_to_right,False,90.6,9.3,,,False,False,False,False
55ecd9f0-cb45-42c1-a882-3622e1ab1b1e,3825747,1330,1,00:38:59.866,38,59,43,Carry,80,215,Athletic Club,From Free Kick,215,Athletic Club,6666.0,Sabin Merino Zuloaga,Left Wing,90.6,9.3,102.3,18.8,2.849031,True,,,,,,,False,,,,,,,False,False,left_to_right,False,90.6,9.3,102.3,18.8,True,False,False,False
81cffc0c-2053-4cb0-ae2b-57297e8ce4c6,3825747,1331,1,00:39:01.892,39,1,17,Pressure,80,215,Athletic Club,From Free Kick,322,Eibar,6699.0,Ander Capa Rodríguez,Right Back,20.2,59.6,,,0.641196,False,,,,,,,False,,,,,,,False,False,left_to_right,False,20.2,59.6,,,False,False,False,False
e9754a8b-d082-4e5a-8de8-39abb8750fe6,3825747,1332,1,00:39:02.715,39,2,3,Dispossessed,80,215,Athletic Club,From Free Kick,215,Athletic Club,6666.0,Sabin Merino Zuloaga,Left Wing,102.3,18.8,,,0.0,True,,,,,,,False,,,,,,,False,False,left_to_right,False,102.3,18.8,,,False,False,False,True
9953ae04-810c-45ad-9a53-6f3c726dec73,3825747,1333,1,00:39:02.715,39,2,4,Duel,80,215,Athletic Club,From Free Kick,322,Eibar,6699.0,Ander Capa Rodríguez,Right Back,17.8,61.3,,,0.0,True,,,,,,,False,,,,,,,False,False,left_to_right,False,17.8,61.3,,,False,False,False,False
1a0e6670-4764-47c0-a281-9b3f2997e3c9,3825747,1334,1,00:39:04.800,39,4,2,Ball Recovery,80,215,Athletic Club,From Free Kick,322,Eibar,6837.0,Mauro Javier Dos Santos,Right Center Back,15.1,70.0,,,0.0,False,,,,,,,False,,,,,,,False,False,left_to_right,False,15.1,70.0,,,False,False,False,False
1361f340-2789-489b-89ba-8f75998fe22a,3825747,1335,1,00:39:04.800,39,4,43,Carry,80,215,Athletic Club,From Free Kick,322,Eibar,6837.0,Mauro Javier Dos Santos,Right Center Back,15.1,70.0,18.9,70.7,2.177781,False,,,,,,,False,,,,,,,False,False,left_to_right,False,15.1,70.0,18.9,70.7,False,False,False,False
81f755d8-308e-44ed-979e-41511a74d0bd,3825747,1336,1,00:39:06.978,39,6,30,Pass,80,215,Athletic Club,From Free Kick,322,Eibar,6837.0,Mauro Javier Dos Santos,Right Center Back,18.9,70.7,37.3,79.2,1.44424,False,,,,,,Out,False,20.268448,0.43275237,High Pass,,6742.0,Sergio Gontán Gallardo,False,False,left_to_right,False,18.9,70.7,37.3,79.2,False,False,False,True
c371b56c-c3a3-44f7-bf3b-d6190861cbef,3825747,1337,1,00:39:08.422,39,8,42,Ball Receipt*,80,215,Athletic Club,From Free Kick,322,Eibar,6742.0,Sergio Gontán Gallardo,Right Midfield,37.3,76.8,,,,False,,,,,,,False,,,,,,,False,False,left_to_right,False,37.3,76.8,,,False,False,False,False
8e2d81de-731d-4a79-8687-69f13136a0a3,3825747,1338,1,00:39:10.159,39,10,30,Pass,81,215,Athletic Club,From Throw In,215,Athletic Club,6789.0,Mikel Balenziaga Oruesagasti,Left Back,79.2,0.1,83.1,12.4,2.573577,False,,,,,,,True,12.903488,1.2637506,Low Pass,Throw-in,6842.0,Iker Muniain Goñi,False,False,left_to_right,False,79.2,0.1,83.1,12.4,False,False,True,False
7049ebb0-482a-4fd8-a8c1-75801303849c,3825747,1339,1,00:39:12.659,39,12,17,Pressure,81,215,Athletic Club,From Throw In,322,Eibar,6742.0,Sergio Gontán Gallardo,Right Midfield,36.0,67.0,,,0.61108,False,,,,,,,False,,,,,,,False,False,left_to_right,False,36.0,67.0,,,False,False,False,False
45da85a8-72cf-44f5-9f4e-bf0987c03705,3825747,1340,1,00:39:12.733,39,12,42,Ball Receipt*,81,215,Athletic Club,From Throw In,215,Athletic Club,6842.0,Iker Muniain Goñi,Center Attacking Midfield,83.1,12.4,,,,True,,,,,,,False,,,,,,,False,False,left_to_right,False,83.1,12.4,,,False,False,False,False
b2f02a5b-c943-4a63-890f-860582c7f1ed,3825747,1341,1,00:39:14.597,39,14,22,Foul Committed,81,215,Athletic Club,From Throw In,322,Eibar,6742.0,Sergio Gontán Gallardo,Right Midfield,36.0,67.0,,,0.0,False,,,,,,,False,,,,,,,False,False,left_to_right,False,36.0,67.0,,,False,False,False,False
0c53b246-0822-4bc3-8777-215873fd32f7,3825747,1342,1,00:39:14.597,39,14,21,Foul Won,81,215,Athletic Club,From Throw In,215,Athletic Club,6842.0,Iker Muniain Goñi,Center Attacking Midfield,84.1,13.1,,,0.0,True,,,,,,,False,,,,,,,False,False,left_to_right,False,84.1,13.1,,,False,False,False,False
f28b8587-1bdf-4cf2-9be0-a94ced91a603,3825747,1343,1,00:39:50.020,39,50,30,Pass,82,215,Athletic Club,From Free Kick,215,Athletic Club,6396.0,Beñat Etxebarria Urkiaga,Left Defensive Midfield,87.9,16.7,110.0,44.2,1.585938,False,,,,,,,True,35.27974,0.89384204,High Pass,Free Kick,4353.0,Aymeric Laporte,False,True,left_to_right,False,87.9,16.7,110.0,44.2,False,True,False,False
544851a4-a3d1-413f-bb5c-90ac38641b52,3825747,1344,1,00:39:51.606,39,51,42,Ball Receipt*,82,215,Athletic Club,From Free Kick,215,Athletic Club,4353.0,Aymeric Laporte,Left Center Back,110.0,44.2,,,,False,,,,,,,False,,,,,,,False,False,left_to_right,False,110.0,44.2,,,False,False,False,False
86329bf7-257e-4424-91d4-b9d33ced6d6f,3825747,1345,1,00:39:51.646,39,51,16,Shot,82,215,Athletic Club,From Free Kick,215,Athletic Club,4353.0,Aymeric Laporte,Left Center Back,110.6,41.6,120.0,37.7,0.810245,False,0.11242039,Goal,Head,Normal,Open Play,,False,,,,,,,False,False,left_to_right,False,110.6,41.6,120.0,37.7,False,False,False,False
e56acab8-c366-4b85-9dd7-88f3d212893a,3825747,1346,1,00:39:52.456,39,52,23,Goal Keeper,82,215,Athletic Club,From Free Kick,322,Eibar,10763.0,Asier Riesgo Unamuno,Goalkeeper,4.2,39.4,,,0.0,False,,,,,,,False,,,,,,,False,False,left_to_right,False,4.2,39.4,,,False,False,False,False
f68f5d17-d77b-4190-9c79-08a31acebf7b,3825747,1347,1,00:40:48.397,40,48,30,Pass,83,322,Eibar,From Kick Off,322,Eibar,6700.0,Sergio Enrich Ametller,Left Center Forward,60.0,40.0,46.8,34.1,3.055592,False,,,,,,,True,14.458562,-2.7212615,Ground Pass,Kick Off,6557.0,Adrián González Morales,False,False,left_to_right,False,60.0,40.0,46.8,34.1,False,False,False,False
33f94a24-6074-4d90-8a1e-0ff9e03b0541,3825747,1348,1,00:40:51.452,40,51,42,Ball Receipt*,83,322,Eibar,From Kick Off,322,Eibar,6557.0,Adrián González Morales,Left Defensive Midfield,46.8,34.1,,,,False,,,,,,,False,,,,,,,False,False,left_to_right,False,46.8,34.1,,,False,False,False,False
766b0ddd-3417-430a-bd96-ee1c3603e9a6,3825747,1349,1,00:40:51.452,40,51,30,Pass,83,322,Eibar,From Kick Off,322,Eibar,6557.0,Adrián González Morales,Left Defensive Midfield,46.8,34.1,46.3,40.3,0.662309,False,,,,,,,True,6.2201285,1.6512673,Ground Pass,,6775.0,Daniel García Carrillo,False,False,left_to_right,False,46.8,34.1,46.3,40.3,False,False,False,False
1ec6d6ba-5c1e-4652-a4e5-e6de917d76d2,3825747,1350,1,00:40:52.115,40,52,42,Ball Receipt*,83,322,Eibar,From Kick Off,322,Eibar,6775.0,Daniel García Carrillo,Right Defensive Midfield,46.3,40.3,,,,False,,,,,,,False,,,,,,,False,False,left_to_right,False,46.3,40.3,,,False,False,False,False
0c06a62c-c55e-4bb9-bd5a-c3168c0904a3,3825747,1351,1,00:40:52.115,40,52,43,Carry,83,322,Eibar,From Kick Off,322,Eibar,6775.0,Daniel García Carrillo,Right Defensive Midfield,46.3,40.3,44.7,43.6,2.594974,True,,,,,,,False,,,,,,,False,False,left_to_right,False,46.3,40.3,44.7,43.6,False,False,False,False
506144fa-5a47-4611-b22a-0f800e07ace8,3825747,1352,1,00:40:54.231,40,54,17,Pressure,83,322,Eibar,From Kick Off,215,Athletic Club,6842.0,Iker Muniain Goñi,Center Attacking Midfield,73.0,37.3,,,0.697838,False,,,,,,,False,,,,,,,False,False,left_to_right,False,73.0,37.3,,,False,False,False,False
a73bc44b-0e97-4a87-b927-e6c8b9e6c9a0,3825747,1353,1,00:40:54.710,40,54,30,Pass,83,322,Eibar,From Kick Off,322,Eibar,6775.0,Daniel García Carrillo,Right Defensive Midfield,44.7,43.6,50.4,68.8,1.557817,True,,,,,,,True,25.836601,1.3483491,Ground Pass,,6699.0,Ander Capa Rodríguez,False,False,left_to_right,False,44.7,43.6,50.4,68.8,False,False,False,False
2ef7623a-ca97-44ce-9e80-0a0680505d90,3825747,1354,1,00:40:56.268,40,56,42,Ball Receipt*,83,322,Eibar,From Kick Off,322,Eibar,6699.0,Ander Capa Rodríguez,Right Back,50.4,68.8,,,,False,,,,,,,False,,,,,,,False,False,left_to_right,False,50.4,68.8,,,False,False,False,False
d27dba4c-ce3a-4615-bde8-ec4196acf81a,3825747,1355,1,00:40:56.268,40,56,43,Carry,83,322,Eibar,From Kick Off,322,Eibar,6699.0,Ander Capa Rodríguez,Right Back,50.4,68.8,50.1,71.8,0.601951,False,,,,,,,False,,,,,,,False,False,left_to_right,False,50.4,68.8,50.1,71.8,False,False,False,False
4dd1cc12-7992-4600-9615-e6b175c9af9a,3825747,1356,1,00:40:56.870,40,56,30,Pass,83,322,Eibar,From Kick Off,322,Eibar,6699.0,Ander Capa Rodríguez,Right Back,50.1,71.8,69.5,79.5,1.650791,False,,,,,,Out,False,20.87223,0.37783733,Ground Pass,,6742.0,Sergio Gontán Gallardo,False,False,left_to_right,False,50.1,71.8,69.5,79.5,False,False,False,True
60bda4bb-3235-4d96-a58c-c9c082ac09f3,3825747,1357,1,00:40:58.520,40,58,42,Ball Receipt*,83,322,Eibar,From Kick Off,322,Eibar,6742.0,Sergio Gontán Gallardo,Right Midfield,71.4,73.0,,,,False,,,,,,,False,,,,,,,False,False,left_to_right,False,71.4,73.0,,,False,False,False,False
997b8c0c-d252-4051-bc4b-376d74dab18f,3825747,1358,1,00:41:07.238,41,7,30,Pass,84,215,Athletic Club,From Throw In,215,Athletic Club,6789.0,Mikel Balenziaga Oruesagasti,Left Back,53.6,0.1,70.8,14.3,1.433383,False,,,,,,Incomplete,False,22.30426,0.6901459,High Pass,Throw-in,6666.0,Sabin Merino Zuloaga,False,False,left_to_right,False,53.6,0.1,70.8,14.3,False,True,False,True
6edacb8a-bcf5-4963-a48d-6f828d31af05,3825747,1359,1,00:41:08.672,41,8,42,Ball Receipt*,84,215,Athletic Club,From Throw In,215,Athletic Club,6666.0,Sabin Merino Zuloaga,Left Wing,69.4,13.4,,,,False,,,,,,,False,,,,,,,False,False,left_to_right,False,69.4,13.4,,,False,False,False,False
161b8aea-9e62-4f55-8999-a3ab9ceaf6a3,3825747,1360,1,00:41:08.672,41,8,9,Clearance,84,215,Athletic Club,From Throw In,322,Eibar,6699.0,Ander Capa Rodríguez,Right Back,49.3,65.8,,,0.0,True,,,,,,,False,,,,,,,False,False,left_to_right,False,49.3,65.8,,,False,False,False,False
78a27799-a1cb-4399-84ef-1580e89df923,3825747,1361,1,00:41:21.839,41,21,30,Pass,85,215,Athletic Club,From Throw In,215,Athletic Club,6789.0,Mikel Balenziaga Oruesagasti,Left Back,78.7,0.1,80.8,11.3,0.703943,False,,,,,,,True,11.395174,1.3854483,Low Pass,Throw-in,6842.0,Iker Muniain Goñi,False,False,left_to_right,False,78.7,0.1,80.8,11.3,False,False,True,False
c2538879-5d79-46c0-ac5a-84d366696b30,3825747,1362,1,00:41:22.543,41,22,42,Ball Receipt*,85,215,Athletic Club,From Throw In,215,Athletic Club,6842.0,Iker Muniain Goñi,Center Attacking Midfield,80.8,11.3,,,,False,,,,,,,False,,,,,,,False,False,left_to_right,False,80.8,11.3,,,False,False,False,False
29c4b6c4-b9a3-480d-b8e5-9f85748e3f96,3825747,1363,1,00:41:22.543,41,22,43,Carry,85,215,Athletic Club,From Throw In,215,Athletic Club,6842.0,Iker Muniain Goñi,Center Attacking Midfield,80.8,11.3,80.8,11.6,0.08,False,,,,,,,False,,,,,,,False,False,left_to_right,False,80.8,11.3,80.8,11.6,False,False,False,False
cc946e64-3820-4628-8f8f-2a0ea112f542,3825747,1364,1,00:41:22.623,41,22,30,Pass,85,215,Athletic Club,From Throw In,215,Athletic Club,6842.0,Iker Muniain Goñi,Center Attacking Midfield,80.8,11.6,79.8,6.3,0.568791,False,,,,,,,True,5.3935146,-1.7572832,Low Pass,,6789.0,Mikel Balenziaga Oruesagasti,False,False,left_to_right,False,80.8,11.6,79.8,6.3,False,False,False,False
395feaea-691e-49fb-919f-990bb6092184,3825747,1365,1,00:41:23.192,41,23,42,Ball Receipt*,85,215,Athletic Club,From Throw In,215,Athletic Club,6789.0,Mikel Balenziaga Oruesagasti,Left Back,79.8,6.3,,,,False,,,,,,,False,,,,,,,False,False,left_to_right,False,79.8,6.3,,,False,False,False,False
7701b711-a799-43ff-bb04-a8686839f958,3825747,1366,1,00:41:23.192,41,23,43,Carry,85,215,Athletic Club,From Throw In,215,Athletic Club,6789.0,Mikel Balenziaga Oruesagasti,Left Back,79.8,6.3,79.8,6.3,0.04,False,,,,,,,False,,,,,,,False,False,left_to_right,False,79.8,6.3,79.8,6.3,False,False,False,False
d34d76a9-2d63-472d-8c86-76129bb68172,3825747,1367,1,00:41:23.232,41,23,30,Pass,85,215,Athletic Club,From Throw In,215,Athletic Club,6789.0,Mikel Balenziaga Oruesagasti,Left Back,79.8,6.3,94.8,17.8,1.142924,False,,,,,,,True,18.901058,0.6540827,High Pass,,6666.0,Sabin Merino Zuloaga,False,False,left_to_right,False,79.8,6.3,94.8,17.8,False,True,True,False
40cf0a56-5223-4557-b973-daf9c7b8d0cc,3825747,1368,1,00:41:24.375,41,24,42,Ball Receipt*,85,215,Athletic Club,From Throw In,215,Athletic Club,6666.0,Sabin Merino Zuloaga,Left Wing,94.8,17.8,,,,False,,,,,,,False,,,,,,,False,False,left_to_right,False,94.8,17.8,,,False,False,False,False
5aafb2a1-587f-435c-bda0-f9371b9c1663,3825747,1369,1,00:41:24.455,41,24,30,Pass,85,215,Athletic Club,From Throw In,215,Athletic Club,6666.0,Sabin Merino Zuloaga,Left Wing,93.9,17.7,93.9,30.5,0.887792,False,,,,,,Incomplete,False,12.8,1.5707964,Low Pass,,6394.0,Aritz Aduriz Zubeldia,False,False,left_to_right,False,93.9,17.7,93.9,30.5,False,False,False,True
d9c6592c-9e40-4bb6-9467-df35b4741a52,3825747,1370,1,00:41:25.343,41,25,42,Ball Receipt*,85,215,Athletic Club,From Throw In,215,Athletic Club,6394.0,Aritz Aduriz Zubeldia,Center Forward,90.3,34.1,,,,False,,,,,,,False,,,,,,,False,False,left_to_right,False,90.3,34.1,,,False,False,False,False
b805521e-a006-4c87-9ae9-b241cee20dad,3825747,1371,1,00:41:25.343,41,25,9,Clearance,85,215,Athletic Club,From Throw In,322,Eibar,6837.0,Mauro Javier Dos Santos,Right Center Back,26.2,49.6,,,0.0,True,,,,,,,False,,,,,,,False,False,left_to_right,False,26.2,49.6,,,False,False,False,False
ce16eefa-4602-47eb-b521-80fad9ac4866,3825747,1372,1,00:41:27.923,41,27,30,Pass,85,215,Athletic Club,From Throw In,215,Athletic Club,6389.0,Mikel San José Domínguez,Right Defensive Midfield,64.6,28.4,65.1,43.9,2.129459,False,,,,,,,True,15.508062,1.5385494,Low Pass,Recovery,6390.0,Markel Susaeta Laskurain,False,False,left_to_right,False,64.6,28.4,65.1,43.9,False,False,False,False
2247257c-1f26-483a-827c-ab0777cc09e1,3825747,1373,1,00:41:30.053,41,30,42,Ball Receipt*,85,215,Athletic Club,From Throw In,215,Athletic Club,6390.0,Markel Susaeta Laskurain,Right Wing,65.1,43.9,,,,False,,,,,,,False,,,,,,,False,False,left_to_right,False,65.1,43.9,,,False,False,False,False
fab347d8-5485-41fc-a889-5ecf47b578c7,3825747,1374,1,00:41:30.053,41,30,43,Carry,85,215,Athletic Club,From Throw In,215,Athletic Club,6390.0,Markel Susaeta Laskurain,Right Wing,65.1,43.9,65.1,43.9,0.260845,False,,,,,,,False,,,,,,,False,False,left_to_right,False,65.1,43.9,65.1,43.9,False,False,False,False
4780d3ff-5650-488c-8ac7-a9a336e61032,3825747,1375,1,00:41:30.314,41,30,30,Pass,85,215,Athletic Club,From Throw In,215,Athletic Club,6390.0,Markel Susaeta Laskurain,Right Wing,65.1,43.9,66.1,54.7,0.725484,False,,,,,,,True,10.846197,1.478467,Ground Pass,,6649.0,Óscar de Marcos Arana,False,False,left_to_right,False,65.1,43.9,66.1,54.7,False,False,False,False
ef3577c1-193e-4910-ab48-d33ad5bb23d7,3825747,1376,1,00:41:31.039,41,31,42,Ball Receipt*,85,215,Athletic Club,From Throw In,215,Athletic Club,6649.0,Óscar de Marcos Arana,Right Back,66.1,54.7,,,,False,,,,,,,False,,,,,,,False,False,left_to_right,False,66.1,54.7,,,False,False,False,False
4fbd0be0-963e-4815-a5ee-f59c23719079,3825747,1377,1,00:41:31.039,41,31,43,Carry,85,215,Athletic Club,From Throw In,215,Athletic Club,6649.0,Óscar de Marcos Arana,Right Back,66.1,54.7,99.6,73.0,6.416115,True,,,,,,,False,,,,,,,False,False,left_to_right,False,66.1,54.7,99.6,73.0,True,False,False,False
cb24c671-9f02-415a-a555-fab4fc526c14,3825747,1378,1,00:41:33.075,41,33,17,Pressure,85,215,Athletic Club,From Throw In,322,Eibar,6557.0,Adrián González Morales,Left Defensive Midfield,43.0,14.4,,,3.055354,False,,,,,,,False,,,,,,,False,False,left_to_right,False,43.0,14.4,,,False,False,False,False
43ac30bb-8fce-43fd-85c7-e9ba0c77112c,3825747,1379,1,00:41:37.455,41,37,30,Pass,85,215,Athletic Club,From Throw In,215,Athletic Club,6649.0,Óscar de Marcos Arana,Right Back,99.6,73.0,111.9,63.0,0.956897,False,,,,,,Pass Offside,False,15.852129,-0.68262255,Ground Pass,,6390.0,Markel Susaeta Laskurain,False,False,left_to_right,False,99.6,73.0,111.9,63.0,False,True,False,True
37e603d9-cdad-4add-be33-6b548f3001f0,3825747,1380,1,00:41:38.412,41,38,42,Ball Receipt*,85,215,Athletic Club,From Throw In,215,Athletic Club,6390.0,Markel Susaeta Laskurain,Right Wing,111.9,63.0,,,,False,,,,,,,False,,,,,,,False,False,left_to_right,False,111.9,63.0,,,False,False,False,False
d0525b6f-b7e8-427a-ae24-324439e021f1,3825747,1381,1,00:42:09.548,42,9,30,Pass,86,322,Eibar,From Free Kick,322,Eibar,10763.0,Asier Riesgo Unamuno,Goalkeeper,14.2,24.2,86.9,19.7,3.275288,False,,,,,,Incomplete,False,72.839134,-0.06181934,High Pass,Free Kick,6700.0,Sergio Enrich Ametller,False,False,left_to_right,False,14.2,24.2,86.9,19.7,False,True,True,True
fea8b373-27bc-480f-8cec-5ef3900edddb,3825747,1382,1,00:42:12.823,42,12,42,Ball Receipt*,86,322,Eibar,From Free Kick,322,Eibar,6700.0,Sergio Enrich Ametller,Left Center Forward,69.5,21.8,,,,False,,,,,,,False,,,,,,,False,False,left_to_right,False,69.5,21.8,,,False,False,False,False
0c0f3431-3bce-4479-8ac8-968614548052,3825747,1383,1,00:42:12.823,42,12,30,Pass,87,215,Athletic Club,From Counter,215,Athletic Club,6386.0,Eneko Bóveda Altube,Right Center Back,33.2,60.4,83.5,53.2,3.364575,False,,,,,,,True,50.812695,-0.14217538,High Pass,Recovery,6394.0,Aritz Aduriz Zubeldia,False,False,left_to_right,False,33.2,60.4,83.5,53.2,False,True,True,False
8a53bf40-8e38-4379-978d-f483a81069d7,3825747,1384,1,00:42:16.188,42,16,42,Ball Receipt*,87,215,Athletic Club,From Counter,215,Athletic Club,6394.0,Aritz Aduriz Zubeldia,Center Forward,83.5,53.2,,,,False,,,,,,,False,,,,,,,False,False,left_to_right,False,83.5,53.2,,,False,False,False,False
1f5f22f6-9b5d-45c8-933d-202c96c973a1,3825747,1385,1,00:42:16.302,42,16,30,Pass,87,215,Athletic Club,From Counter,215,Athletic Club,6394.0,Aritz Aduriz Zubeldia,Center Forward,83.5,53.2,96.3,55.3,2.867135,True,,,,,,Incomplete,False,12.971122,0.16261382,Low Pass,,,,False,False,left_to_right,False,83.5,53.2,96.3,55.3,False,True,False,True
61f0b522-0dac-425e-ab55-6cd0b5367e2e,3825747,1386,1,00:42:16.302,42,16,4,Duel,87,215,Athletic Club,Regular Play,322,Eibar,27239.0,Aleksandar Pantić,Left Center Back,36.6,26.9,,,0.0,True,,,,,,,False,,,,,,,False,False,left_to_right,False,36.6,26.9,,,False,False,False,False
29aad321-4dfa-4b8b-acc7-0ddb8b30fe31,3825747,1387,1,00:42:18.643,42,18,17,Pressure,87,215,Athletic Club,Regular Play,215,Athletic Club,6842.0,Iker Muniain Goñi,Center Attacking Midfield,95.2,55.3,,,1.45927,False,,,,,,,False,,,,,,,False,False,left_to_right,False,95.2,55.3,,,False,False,False,False
8b378652-0cea-4989-b0cd-144186cd0fe8,3825747,1388,1,00:42:19.170,42,19,2,Ball Recovery,88,322,Eibar,Regular Play,322,Eibar,6837.0,Mauro Javier Dos Santos,Right Center Back,23.8,24.8,,,0.0,True,,,,,,,False,,,,,,,False,False,left_to_right,False,23.8,24.8,,,False,False,False,False
eefcc53b-2dfb-4ed7-baf2-093f8538e862,3825747,1389,1,00:42:19.170,42,19,43,Carry,88,322,Eibar,Regular Play,322,Eibar,6837.0,Mauro Javier Dos Santos,Right Center Back,23.8,24.8,21.5,24.2,1.905201,True,,,,,,,False,,,,,,,False,False,left_to_right,False,23.8,24.8,21.5,24.2,False,False,False,False
cf895749-6cdc-42bc-9376-c3effaaa8e50,3825747,1390,1,00:42:21.075,42,21,39,Dribbled Past,88,322,Eibar,Regular Play,215,Athletic Club,6842.0,Iker Muniain Goñi,Center Attacking Midfield,98.6,55.9,,,0.0,False,,,,,,,False,,,,,,,False,False,left_to_right,False,98.6,55.9,,,False,False,False,False
4cb4d63d-3170-4994-be6f-cd4c8023ac72,3825747,1391,1,00:42:21.075,42,21,14,Dribble,88,322,Eibar,Regular Play,322,Eibar,6837.0,Mauro Javier Dos Santos,Right Center Back,21.5,24.2,,,0.0,True,,,,,,,False,,,,,,,False,False,left_to_right,False,21.5,24.2,,,False,False,False,False
3ca55f37-adc5-482f-a9c3-d7f6e8c97114,3825747,1392,1,00:42:21.075,42,21,43,Carry,88,322,Eibar,Regular Play,322,Eibar,6837.0,Mauro Javier Dos Santos,Right Center Back,21.5,24.2,28.3,31.9,2.006254,True,,,,,,,False,,,,,,,False,False,left_to_right,False,21.5,24.2,28.3,31.9,False,False,False,False
c405cca8-0e59-4561-9e02-e8fe19b0b4dd,3825747,1393,1,00:42:23.081,42,23,30,Pass,88,322,Eibar,Regular Play,322,Eibar,6837.0,Mauro Javier Dos Santos,Right Center Back,28.3,31.9,60.0,34.6,1.965635,False,,,,,,,True,31.814777,0.084968425,High Pass,,6566.0,Borja González Tomás,False,False,left_to_right,False,28.3,31.9,60.0,34.6,False,True,False,False
098d651c-5ca8-4eb4-a8df-1b6ed3abc5db,3825747,1394,1,00:42:25.047,42,25,42,Ball Receipt*,88,322,Eibar,Regular Play,322,Eibar,6566.0,Borja González Tomás,Right Center Forward,60.0,34.6,,,,False,,,,,,,False,,,,,,,False,False,left_to_right,False,60.0,34.6,,,False,False,False,False
a8bf2522-8b65-466e-8ff4-392a1997a78c,3825747,1395,1,00:42:26.298,42,26,30,Pass,88,322,Eibar,Regular Play,322,Eibar,6566.0,Borja González Tomás,Right Center Forward,60.0,34.5,52.3,50.3,1.359148,False,,,,,,,True,17.576405,2.0242662,Low Pass,,6775.0,Daniel García Carrillo,False,False,left_to_right,False,60.0,34.5,52.3,50.3,False,False,False,False
bd64aac2-1700-418c-902a-92f37e25458c,3825747,1396,1,00:42:27.657,42,27,42,Ball Receipt*,88,322,Eibar,Regular Play,322,Eibar,6775.0,Daniel García Carrillo,Right Defensive Midfield,52.3,50.3,,,,False,,,,,,,False,,,,,,,False,False,left_to_right,False,52.3,50.3,,,False,False,False,False
128f3150-2618-43b4-a211-cc7853f1d7db,3825747,1397,1,00:42:27.657,42,27,43,Carry,88,322,Eibar,Regular Play,322,Eibar,6775.0,Daniel García Carrillo,Right Defensive Midfield,52.3,50.3,54.7,54.1,1.260191,True,,,,,,,False,,,,,,,False,False,left_to_right,False,52.3,50.3,54.7,54.1,False,False,False,False
b202cd80-31b9-4f13-98a1-092d778b4871,3825747,1398,1,00:42:28.434,42,28,17,Pressure,88,322,Eibar,Regular Play,215,Athletic Club,6396.0,Beñat Etxebarria Urkiaga,Left Defensive Midfield,63.1,27.1,,,0.674023,False,,,,,,,False,,,,,,,False,False,left_to_right,False,63.1,27.1,,,False,False,False,False
f2f9fb3d-fe97-40a8-9a47-1732b19cb2c7,3825747,1399,1,00:42:28.918,42,28,30,Pass,88,322,Eibar,Regular Play,322,Eibar,6775.0,Daniel García Carrillo,Right Defensive Midfield,54.7,54.1,72.2,66.1,1.506797,True,,,,,,,True,21.219095,0.60107374,Ground Pass,,6742.0,Sergio Gontán Gallardo,False,False,left_to_right,False,54.7,54.1,72.2,66.1,False,False,False,False
68600b6a-0a28-4819-914b-6391f3223776,3825747,1400,1,00:42:30.424,42,30,42,Ball Receipt*,88,322,Eibar,Regular Play,322,Eibar,6742.0,Sergio Gontán Gallardo,Right Midfield,72.2,66.1,,,,False,,,,,,,False,,,,,,,False,False,left_to_right,False,72.2,66.1,,,False,False,False,False
cac4139b-d2f6-4a1f-8c73-42a48c05d3da,3825747,1401,1,00:42:30.424,42,30,43,Carry,88,322,Eibar,Regular Play,322,Eibar,6742.0,Sergio Gontán Gallardo,Right Midfield,72.2,66.1,73.2,68.0,1.233507,True,,,,,,,False,,,,,,,False,False,left_to_right,False,72.2,66.1,73.2,68.0,False,False,False,False
7980a65e-4048-40bc-99fa-01fef172051a,3825747,1402,1,00:42:30.648,42,30,17,Pressure,88,322,Eibar,Regular Play,215,Athletic Club,6789.0,Mikel Balenziaga Oruesagasti,Left Back,46.6,14.8,,,0.929593,False,,,,,,,False,,,,,,,False,False,left_to_right,False,46.6,14.8,,,False,False,False,False
dd4c7d97-da30-4e78-989a-9f42216c27df,3825747,1403,1,00:42:31.658,42,31,3,Dispossessed,88,322,Eibar,Regular Play,322,Eibar,6742.0,Sergio Gontán Gallardo,Right Midfield,73.2,68.0,,,0.0,True,,,,,,,False,,,,,,,False,False,left_to_right,False,73.2,68.0,,,False,False,False,True
9027bf96-135c-46f5-af7a-5d7d851ae5df,3825747,1404,1,00:42:31.658,42,31,4,Duel,89,215,Athletic Club,Regular Play,215,Athletic Club,6789.0,Mikel Balenziaga Oruesagasti,Left Back,46.9,12.1,,,0.0,True,,,,,,,False,,,,,,,False,False,left_to_right,False,46.9,12.1,,,False,False,False,False
cc0231d4-3b8e-4901-9cd2-ad324cc83aad,3825747,1405,1,00:42:31.658,42,31,43,Carry,89,215,Athletic Club,Regular Play,215,Athletic Club,6789.0,Mikel Balenziaga Oruesagasti,Left Back,46.9,12.1,49.9,12.4,1.911715,True,,,,,,,False,,,,,,,False,False,left_to_right,False,46.9,12.1,49.9,12.4,False,False,False,False
d1cb48d3-5628-4920-9d6d-eca5f8f28351,3825747,1406,1,00:42:32.868,42,32,17,Pressure,89,215,Athletic Club,Regular Play,322,Eibar,6742.0,Sergio Gontán Gallardo,Right Midfield,72.5,68.0,,,0.677808,False,,,,,,,False,,,,,,,False,False,left_to_right,False,72.5,68.0,,,False,False,False,False
67d200ed-980f-4db5-9541-dc0cbb1abc19,3825747,1407,1,00:42:33.570,42,33,30,Pass,89,215,Athletic Club,Regular Play,215,Athletic Club,6789.0,Mikel Balenziaga Oruesagasti,Left Back,49.9,12.4,49.0,23.2,0.893043,False,,,,,,,True,10.837435,1.6539376,Ground Pass,,6396.0,Beñat Etxebarria Urkiaga,False,False,left_to_right,False,49.9,12.4,49.0,23.2,False,False,False,False
3b75685a-0395-41f2-9de4-282311d83e9b,3825747,1408,1,00:42:34.463,42,34,42,Ball Receipt*,89,215,Athletic Club,Regular Play,215,Athletic Club,6396.0,Beñat Etxebarria Urkiaga,Left Defensive Midfield,49.0,23.2,,,,False,,,,,,,False,,,,,,,False,False,left_to_right,False,49.0,23.2,,,False,False,False,False
bb4e4e8d-50d3-48d9-acf4-e9879ac4e160,3825747,1409,1,00:42:34.463,42,34,43,Carry,89,215,Athletic Club,Regular Play,215,Athletic Club,6396.0,Beñat Etxebarria Urkiaga,Left Defensive Midfield,49.0,23.2,49.3,23.2,0.648409,False,,,,,,,False,,,,,,,False,False,left_to_right,False,49.0,23.2,49.3,23.2,False,False,False,False
cab19c83-30e1-4109-a5ed-861526012907,3825747,1410,1,00:42:35.111,42,35,30,Pass,89,215,Athletic Club,Regular Play,215,Athletic Club,6396.0,Beñat Etxebarria Urkiaga,Left Defensive Midfield,49.3,23.2,57.0,25.4,0.73645,False,,,,,,,True,8.008121,0.27829966,Ground Pass,,6842.0,Iker Muniain Goñi,False,False,left_to_right,False,49.3,23.2,57.0,25.4,False,False,False,False
b0db14f9-e40a-489d-a663-2e9175242e89,3825747,1411,1,00:42:35.847,42,35,42,Ball Receipt*,89,215,Athletic Club,Regular Play,215,Athletic Club,6842.0,Iker Muniain Goñi,Center Attacking Midfield,57.0,25.4,,,,False,,,,,,,False,,,,,,,False,False,left_to_right,False,57.0,25.4,,,False,False,False,False
ad63d6af-d864-48ad-b138-f6430419b704,3825747,1412,1,00:42:35.847,42,35,43,Carry,89,215,Athletic Club,Regular Play,215,Athletic Club,6842.0,Iker Muniain Goñi,Center Attacking Midfield,57.0,25.4,64.6,26.8,1.320796,False,,,,,,,False,,,,,,,False,False,left_to_right,False,57.0,25.4,64.6,26.8,False,False,False,False
41f6ed56-9af8-4561-b0ec-1ed317d1eec1,3825747,1413,1,00:42:37.168,42,37,30,Pass,89,215,Athletic Club,Regular Play,215,Athletic Club,6842.0,Iker Muniain Goñi,Center Attacking Midfield,64.6,26.8,65.1,42.5,1.308114,False,,,,,,,True,15.70796,1.53896,Ground Pass,,6390.0,Markel Susaeta Laskurain,False,False,left_to_right,False,64.6,26.8,65.1,42.5,False,False,False,False
cc120cc7-f138-46fe-9589-db3b6bd8b6d7,3825747,1414,1,00:42:38.476,42,38,42,Ball Receipt*,89,215,Athletic Club,Regular Play,215,Athletic Club,6390.0,Markel Susaeta Laskurain,Right Wing,65.1,42.5,,,,False,,,,,,,False,,,,,,,False,False,left_to_right,False,65.1,42.5,,,False,False,False,False
29e7fada-384b-4fd5-877c-62f0f428786d,3825747,1415,1,00:42:38.476,42,38,43,Carry,89,215,Athletic Club,Regular Play,215,Athletic Club,6390.0,Markel Susaeta Laskurain,Right Wing,65.1,42.5,73.8,44.9,1.026238,False,,,,,,,False,,,,,,,False,False,left_to_right,False,65.1,42.5,73.8,44.9,False,False,False,False
cf789b5a-db60-460c-9ff4-2cfa4a236af0,3825747,1416,1,00:42:39.503,42,39,30,Pass,89,215,Athletic Club,Regular Play,215,Athletic Club,6390.0,Markel Susaeta Laskurain,Right Wing,73.8,44.9,109.2,24.1,3.518069,False,,,,,,,True,41.058495,-0.5312301,Ground Pass,,6394.0,Aritz Aduriz Zubeldia,False,False,left_to_right,False,73.8,44.9,109.2,24.1,False,True,True,False
04ef4b12-d687-42f8-bb24-e75db17ca7a7,3825747,1417,1,00:42:43.021,42,43,42,Ball Receipt*,89,215,Athletic Club,Regular Play,215,Athletic Club,6394.0,Aritz Aduriz Zubeldia,Center Forward,109.2,24.1,,,,False,,,,,,,False,,,,,,,False,False,left_to_right,False,109.2,24.1,,,False,False,False,False
89186135-2815-4402-baa8-6740aa74a622,3825747,1418,1,00:42:43.021,42,43,43,Carry,89,215,Athletic Club,Regular Play,215,Athletic Club,6394.0,Aritz Aduriz Zubeldia,Center Forward,109.2,24.1,113.3,25.1,0.544438,False,,,,,,,False,,,,,,,False,False,left_to_right,False,109.2,24.1,113.3,25.1,False,False,False,False
f92f5969-df29-4cf0-97a4-2bc66c6d8ebf,3825747,1419,1,00:42:43.565,42,43,30,Pass,89,215,Athletic Club,Regular Play,215,Athletic Club,6394.0,Aritz Aduriz Zubeldia,Center Forward,113.3,25.1,107.7,41.8,1.521757,False,,,,,,Incomplete,False,17.613914,1.8943422,High Pass,,6842.0,Iker Muniain Goñi,False,False,left_to_right,False,113.3,25.1,107.7,41.8,False,False,False,True
b6f6bf05-a60e-4975-9521-3a7e5205a0ef,3825747,1420,1,00:42:45.087,42,45,42,Ball Receipt*,89,215,Athletic Club,Regular Play,215,Athletic Club,6842.0,Iker Muniain Goñi,Center Attacking Midfield,107.7,47.2,,,,False,,,,,,,False,,,,,,,False,False,left_to_right,False,107.7,47.2,,,False,False,False,False
a0d9653f-b168-4c41-880e-43b119d8a2a1,3825747,1421,1,00:42:45.087,42,45,30,Pass,90,322,Eibar,Regular Play,322,Eibar,6557.0,Adrián González Morales,Left Defensive Midfield,12.4,38.3,3.4,37.1,1.180342,False,,,,,,,True,9.079648,-3.009041,Low Pass,Recovery,10763.0,Asier Riesgo Unamuno,False,False,left_to_right,False,12.4,38.3,3.4,37.1,False,False,False,False
a3ec5bfa-5f87-4040-a582-91fae0e4301c,3825747,1422,1,00:42:46.267,42,46,42,Ball Receipt*,90,322,Eibar,Regular Play,322,Eibar,10763.0,Asier Riesgo Unamuno,Goalkeeper,3.4,37.1,,,,False,,,,,,,False,,,,,,,False,False,left_to_right,False,3.4,37.1,,,False,False,False,False
219ef4ff-6e8c-4710-9601-f8cd701cb3d7,3825747,1423,1,00:42:46.267,42,46,43,Carry,90,322,Eibar,Regular Play,322,Eibar,10763.0,Asier Riesgo Unamuno,Goalkeeper,3.4,37.1,13.6,50.6,5.598455,False,,,,,,,False,,,,,,,False,False,left_to_right,False,3.4,37.1,13.6,50.6,False,False,False,False
7510406c-5d25-4d98-8803-48c7cf3cd7a2,3825747,1424,1,00:42:51.866,42,51,30,Pass,90,322,Eibar,Regular Play,322,Eibar,10763.0,Asier Riesgo Unamuno,Goalkeeper,13.6,50.6,35.5,71.5,2.379083,False,,,,,,,True,30.27243,0.76203793,High Pass,,6699.0,Ander Capa Rodríguez,False,False,left_to_right,False,13.6,50.6,35.5,71.5,False,False,False,False
1c6a78ad-8da1-4dcd-adaa-b88cc0c52a3a,3825747,1425,1,00:42:54.245,42,54,42,Ball Receipt*,90,322,Eibar,Regular Play,322,Eibar,6699.0,Ander Capa Rodríguez,Right Back,35.5,71.5,,,,False,,,,,,,False,,,,,,,False,False,left_to_right,False,35.5,71.5,,,False,False,False,False
6262f8e4-0993-4b55-826a-7e381310b593,3825747,1426,1,00:42:54.245,42,54,43,Carry,90,322,Eibar,Regular Play,322,Eibar,6699.0,Ander Capa Rodríguez,Right Back,35.5,71.5,42.3,70.8,6.915674,False,,,,,,,False,,,,,,,False,False,left_to_right,False,35.5,71.5,42.3,70.8,False,False,False,False
904b6174-ace0-442b-8dd5-0f65ddbc85e5,3825747,1427,1,00:43:01.160,43,1,30,Pass,90,322,Eibar,Regular Play,322,Eibar,6699.0,Ander Capa Rodríguez,Right Back,42.3,70.8,85.8,79.1,2.332287,False,,,,,,Out,False,44.28476,0.1885384,High Pass,,6742.0,Sergio Gontán Gallardo,False,False,left_to_right,False,42.3,70.8,85.8,79.1,False,True,True,True
ce27d616-32ca-4a87-a5e9-0f3e50866811,3825747,1428,1,00:43:03.493,43,3,42,Ball Receipt*,90,322,Eibar,Regular Play,322,Eibar,6742.0,Sergio Gontán Gallardo,Right Midfield,73.8,71.5,,,,False,,,,,,,False,,,,,,,False,False,left_to_right,False,73.8,71.5,,,False,False,False,False
51c0b86f-84d3-4883-9f78-611ea4a5bfe7,3825747,1429,1,00:43:07.398,43,7,30,Pass,91,215,Athletic Club,From Throw In,215,Athletic Club,6789.0,Mikel Balenziaga Oruesagasti,Left Back,41.6,0.1,22.7,11.0,1.903137,False,,,,,,,True,21.817883,2.618467,Low Pass,Throw-in,4353.0,Aymeric Laporte,False,False,left_to_right,False,41.6,0.1,22.7,11.0,False,False,False,False
382b83be-8701-4246-9f58-53619413dc0a,3825747,1430,1,00:43:09.301,43,9,42,Ball Receipt*,91,215,Athletic Club,From Throw In,215,Athletic Club,4353.0,Aymeric Laporte,Left Center Back,22.7,11.0,,,,False,,,,,,,False,,,,,,,False,False,left_to_right,False,22.7,11.0,,,False,False,False,False
c22da182-c104-44be-8bb2-a553ae2048fb,3825747,1431,1,00:43:09.301,43,9,43,Carry,91,215,Athletic Club,From Throw In,215,Athletic Club,4353.0,Aymeric Laporte,Left Center Back,22.7,11.0,22.7,11.0,1.409695,False,,,,,,,False,,,,,,,False,False,left_to_right,False,22.7,11.0,22.7,11.0,False,False,False,False
90002d85-422b-4967-a7cc-48c9c7081bbb,3825747,1432,1,00:43:10.711,43,10,30,Pass,91,215,Athletic Club,From Throw In,215,Athletic Club,4353.0,Aymeric Laporte,Left Center Back,22.7,11.0,8.0,23.2,1.985576,False,,,,,,,True,19.103142,2.4488652,Ground Pass,,6662.0,Iago Herrerín Buisán,False,False,left_to_right,False,22.7,11.0,8.0,23.2,False,False,False,False
2936ae3a-a5a7-499f-b86e-d8bae57e68d2,3825747,1433,1,00:43:12.696,43,12,42,Ball Receipt*,91,215,Athletic Club,From Throw In,215,Athletic Club,6662.0,Iago Herrerín Buisán,Goalkeeper,8.0,23.2,,,,False,,,,,,,False,,,,,,,False,False,left_to_right,False,8.0,23.2,,,False,False,False,False
e5f046b7-50a4-406f-9e3e-03143af4b820,3825747,1434,1,00:43:12.696,43,12,43,Carry,91,215,Athletic Club,From Throw In,215,Athletic Club,6662.0,Iago Herrerín Buisán,Goalkeeper,8.0,23.2,8.0,23.2,0.119999,False,,,,,,,False,,,,,,,False,False,left_to_right,False,8.0,23.2,8.0,23.2,False,False,False,False
4a1f2173-f58e-4806-a0cd-094b56bca379,3825747,1435,1,00:43:12.816,43,12,30,Pass,91,215,Athletic Club,From Throw In,215,Athletic Club,6662.0,Iago Herrerín Buisán,Goalkeeper,8.0,23.2,56.3,40.9,3.729183,False,,,,,,,True,51.441032,0.35126227,High Pass,,6390.0,Markel Susaeta Laskurain,False,False,left_to_right,False,8.0,23.2,56.3,40.9,False,True,False,False
eccac1a8-81ac-4907-8ec3-da8a2752eb0f,3825747,1436,1,00:43:16.545,43,16,42,Ball Receipt*,91,215,Athletic Club,From Throw In,215,Athletic Club,6390.0,Markel Susaeta Laskurain,Right Wing,56.3,40.9,,,,False,,,,,,,False,,,,,,,False,False,left_to_right,False,56.3,40.9,,,False,False,False,False
9e9cf2a7-fe1a-48c5-a0eb-eae8fc9e3914,3825747,1437,1,00:43:16.585,43,16,4,Duel,91,215,Athletic Club,From Throw In,322,Eibar,6557.0,Adrián González Morales,Left Defensive Midfield,63.5,39.2,,,0.0,True,,,,,,,False,,,,,,,False,False,left_to_right,False,63.5,39.2,,,False,False,False,False
a05ee5f8-b84e-4c76-9e4b-181a934fb483,3825747,1438,1,00:43:16.585,43,16,30,Pass,91,215,Athletic Club,From Throw In,215,Athletic Club,6390.0,Markel Susaeta Laskurain,Right Wing,56.6,40.9,67.3,43.6,1.111694,True,,,,,,Incomplete,False,11.035398,0.24717647,Low Pass,,6842.0,Iker Muniain Goñi,False,False,left_to_right,False,56.6,40.9,67.3,43.6,False,False,False,True
f479d3ec-703a-4449-b492-fe461b4e7bfb,3825747,1439,1,00:43:17.697,43,17,42,Ball Receipt*,91,215,Athletic Club,From Throw In,215,Athletic Club,6842.0,Iker Muniain Goñi,Center Attacking Midfield,63.7,40.9,,,,False,,,,,,,False,,,,,,,False,False,left_to_right,False,63.7,40.9,,,False,False,False,False
273d0a07-d6e4-4cb1-bf42-c0a0249079ef,3825747,1440,1,00:43:17.697,43,17,30,Pass,91,215,Athletic Club,From Throw In,322,Eibar,27239.0,Aleksandar Pantić,Left Center Back,52.8,36.5,56.4,23.5,1.529143,False,,,,,,,True,13.489255,-1.3006431,Low Pass,Recovery,6776.0,David Juncà Reñé,False,False,left_to_right,False,52.8,36.5,56.4,23.5,False,False,False,False
cc51ea11-ce86-424e-b17d-08526157d054,3825747,1441,1,00:43:19.226,43,19,42,Ball Receipt*,91,215,Athletic Club,From Throw In,322,Eibar,6776.0,David Juncà Reñé,Left Back,56.4,23.5,,,,False,,,,,,,False,,,,,,,False,False,left_to_right,False,56.4,23.5,,,False,False,False,False
ad882b44-bbaa-4865-a174-2ef4e89b183e,3825747,1442,1,00:43:19.226,43,19,43,Carry,91,215,Athletic Club,From Throw In,322,Eibar,6776.0,David Juncà Reñé,Left Back,56.4,23.5,64.2,12.0,2.290802,False,,,,,,,False,,,,,,,False,False,left_to_right,False,56.4,23.5,64.2,12.0,False,False,False,False
3f1f644e-9910-4d81-a33b-ec51d360d40e,3825747,1443,1,00:43:21.517,43,21,30,Pass,91,215,Athletic Club,From Throw In,322,Eibar,6776.0,David Juncà Reñé,Left Back,64.2,12.0,84.6,13.4,1.37205,False,,,,,,Incomplete,False,20.447983,0.06852002,Ground Pass,,24070.0,Saúl Berjón Pérez,False,False,left_to_right,False,64.2,12.0,84.6,13.4,False,True,True,True
2df6a7f0-ba81-41fa-9643-ced63451ed32,3825747,1444,1,00:43:22.889,43,22,42,Ball Receipt*,91,215,Athletic Club,From Throw In,322,Eibar,24070.0,Saúl Berjón Pérez,Left Midfield,87.6,14.1,,,,False,,,,,,,False,,,,,,,False,False,left_to_right,False,87.6,14.1,,,False,False,False,False
3eb5ba62-ba92-4a3c-85b5-1052a001f4f0,3825747,1445,1,00:43:22.889,43,22,10,Interception,91,215,Athletic Club,From Throw In,215,Athletic Club,6649.0,Óscar de Marcos Arana,Right Back,35.5,66.7,,,0.0,False,,,,,,,False,,,,,,,False,False,left_to_right,False,35.5,66.7,,,False,False,False,False
2a0aab79-3d91-4fe0-b9ed-698104f24eb1,3825747,1446,1,00:43:22.889,43,22,43,Carry,91,215,Athletic Club,From Throw In,215,Athletic Club,6649.0,Óscar de Marcos Arana,Right Back,35.5,66.7,42.2,73.8,2.232597,False,,,,,,,False,,,,,,,False,False,left_to_right,False,35.5,66.7,42.2,73.8,False,False,False,False
dba7daba-a901-43c3-b797-fb7ae3ae4f18,3825747,1447,1,00:43:25.122,43,25,30,Pass,91,215,Athletic Club,From Throw In,215,Athletic Club,6649.0,Óscar de Marcos Arana,Right Back,42.2,73.8,62.7,74.7,2.173247,False,,,,,,,True,20.519747,0.043874264,Ground Pass,,6842.0,Iker Muniain Goñi,False,False,left_to_right,False,42.2,73.8,62.7,74.7,False,False,False,False
7d83bc55-74db-42c7-a6fb-df59473f9d7f,3825747,1448,1,00:43:27.295,43,27,42,Ball Receipt*,91,215,Athletic Club,From Throw In,215,Athletic Club,6842.0,Iker Muniain Goñi,Center Attacking Midfield,62.7,74.7,,,,False,,,,,,,False,,,,,,,False,False,left_to_right,False,62.7,74.7,,,False,False,False,False
4ab4f5b6-0a9d-4dad-bcc5-e58ab4544d75,3825747,1449,1,00:43:27.295,43,27,43,Carry,91,215,Athletic Club,From Throw In,215,Athletic Club,6842.0,Iker Muniain Goñi,Center Attacking Midfield,62.7,74.7,70.0,73.8,1.730608,True,,,,,,,False,,,,,,,False,False,left_to_right,False,62.7,74.7,70.0,73.8,False,False,False,False
5ebb16b4-0896-43d1-9c43-9b44799627e0,3825747,1450,1,00:43:27.911,43,27,17,Pressure,91,215,Athletic Club,From Throw In,322,Eibar,6557.0,Adrián González Morales,Left Defensive Midfield,51.3,5.7,,,0.866765,False,,,,,,,False,,,,,,,False,False,left_to_right,False,51.3,5.7,,,False,False,False,False
8faee85a-57b6-494c-8492-7ed82b9a0e29,3825747,1451,1,00:43:28.926,43,28,17,Pressure,91,215,Athletic Club,From Throw In,322,Eibar,6776.0,David Juncà Reñé,Left Back,50.4,5.7,,,0.584717,False,,,,,,,False,,,,,,,False,False,left_to_right,False,50.4,5.7,,,False,False,False,False
f9bf191a-8ab6-4a77-b132-44586307d7e0,3825747,1452,1,00:43:29.026,43,29,38,Miscontrol,91,215,Athletic Club,From Throw In,215,Athletic Club,6842.0,Iker Muniain Goñi,Center Attacking Midfield,70.0,73.8,,,0.0,True,,,,,,,False,,,,,,,False,False,left_to_right,False,70.0,73.8,,,False,False,False,True
b0bfde94-63c8-4cd9-973f-5355ceb9306f,3825747,1453,1,00:43:30.536,43,30,17,Pressure,91,215,Athletic Club,From Throw In,215,Athletic Club,6842.0,Iker Muniain Goñi,Center Attacking Midfield,69.4,71.1,,,1.658517,False,,,,,,,False,,,,,,,False,False,left_to_right,False,69.4,71.1,,,False,False,False,False
4b1b676c-2011-4232-8d88-2d88a7e4f132,3825747,1454,1,00:43:30.803,43,30,2,Ball Recovery,92,322,Eibar,Regular Play,322,Eibar,6776.0,David Juncà Reñé,Left Back,52.5,10.4,,,0.0,True,,,,,,,False,,,,,,,False,False,left_to_right,False,52.5,10.4,,,False,False,False,False
931785d9-087e-4208-9924-9239c1432aa9,3825747,1455,1,00:43:30.803,43,30,43,Carry,92,322,Eibar,Regular Play,322,Eibar,6776.0,David Juncà Reñé,Left Back,52.5,10.4,54.0,11.4,1.36312,True,,,,,,,False,,,,,,,False,False,left_to_right,False,52.5,10.4,54.0,11.4,False,False,False,False
204e1e46-6a8a-4ba9-8911-356ed13dafdc,3825747,1456,1,00:43:32.166,43,32,22,Foul Committed,92,322,Eibar,Regular Play,215,Athletic Club,6842.0,Iker Muniain Goñi,Center Attacking Midfield,66.1,68.7,,,0.0,False,,,,,,,False,,,,,,,False,False,left_to_right,False,66.1,68.7,,,False,False,False,False
ced23f96-42e8-4da8-b9bf-a912f94e4836,3825747,1457,1,00:43:32.166,43,32,21,Foul Won,92,322,Eibar,Regular Play,322,Eibar,6776.0,David Juncà Reñé,Left Back,54.0,11.4,,,0.0,True,,,,,,,False,,,,,,,False,False,left_to_right,False,54.0,11.4,,,False,False,False,False
4169bf69-07d6-40ff-85bd-f85b42767a28,3825747,1458,1,00:43:42.186,43,42,30,Pass,93,322,Eibar,From Free Kick,322,Eibar,6557.0,Adrián González Morales,Left Defensive Midfield,56.4,12.5,49.3,18.2,1.283437,False,,,,,,,True,9.104943,2.4651365,Ground Pass,Free Kick,27239.0,Aleksandar Pantić,False,False,left_to_right,False,56.4,12.5,49.3,18.2,False,False,False,False
64c88f19-14d3-491b-8f54-320f3ad2eeb5,3825747,1459,1,00:43:43.470,43,43,42,Ball Receipt*,93,322,Eibar,From Free Kick,322,Eibar,27239.0,Aleksandar Pantić,Left Center Back,49.3,18.2,,,,False,,,,,,,False,,,,,,,False,False,left_to_right,False,49.3,18.2,,,False,False,False,False
5c58be22-62ee-420e-8499-fa8c254266f9,3825747,1460,1,00:43:43.470,43,43,43,Carry,93,322,Eibar,From Free Kick,322,Eibar,27239.0,Aleksandar Pantić,Left Center Back,49.3,18.2,54.7,21.2,3.734595,False,,,,,,,False,,,,,,,False,False,left_to_right,False,49.3,18.2,54.7,21.2,False,False,False,False
de68bb04-ff40-4837-ae26-2825b347ed26,3825747,1461,1,00:43:47.204,43,47,30,Pass,93,322,Eibar,From Free Kick,322,Eibar,27239.0,Aleksandar Pantić,Left Center Back,54.7,21.2,77.9,14.7,1.164431,False,,,,,,Incomplete,False,24.09336,-0.27316856,Ground Pass,,24070.0,Saúl Berjón Pérez,False,False,left_to_right,False,54.7,21.2,77.9,14.7,False,True,False,True
269f3775-911f-4f8e-98fc-37ee682347b9,3825747,1462,1,00:43:48.369,43,48,42,Ball Receipt*,93,322,Eibar,From Free Kick,322,Eibar,24070.0,Saúl Berjón Pérez,Left Midfield,82.5,11.4,,,,False,,,,,,,False,,,,,,,False,False,left_to_right,False,82.5,11.4,,,False,False,False,False
a89aad59-8688-4ed3-a61d-5839ace3bc08,3825747,1463,1,00:43:48.369,43,48,10,Interception,93,322,Eibar,From Free Kick,215,Athletic Club,6649.0,Óscar de Marcos Arana,Right Back,42.2,65.4,,,0.0,False,,,,,,,False,,,,,,,False,False,left_to_right,False,42.2,65.4,,,False,False,False,False
eda73eb3-1857-4e2d-9836-c2b8b02f072c,3825747,1464,1,00:43:48.369,43,48,43,Carry,93,322,Eibar,From Free Kick,215,Athletic Club,6649.0,Óscar de Marcos Arana,Right Back,42.2,65.4,49.3,64.6,1.019191,False,,,,,,,False,,,,,,,False,False,left_to_right,False,42.2,65.4,49.3,64.6,False,False,False,False
81a9cc37-6e69-4270-b823-00cfd2e4cfa0,3825747,1465,1,00:43:49.388,43,49,30,Pass,93,322,Eibar,From Free Kick,215,Athletic Club,6649.0,Óscar de Marcos Arana,Right Back,49.3,64.6,86.8,80.0,2.578605,False,,,,,,Out,False,40.538994,0.38966784,Low Pass,,6394.0,Aritz Aduriz Zubeldia,False,False,left_to_right,False,49.3,64.6,86.8,80.0,False,True,True,True
bc536d54-fe0b-41ab-8486-adb2d8ffd9ae,3825747,1466,1,00:43:51.966,43,51,42,Ball Receipt*,93,322,Eibar,From Free Kick,215,Athletic Club,6394.0,Aritz Aduriz Zubeldia,Center Forward,84.9,77.7,,,,False,,,,,,,False,,,,,,,False,False,left_to_right,False,84.9,77.7,,,False,False,False,False
f8dd7b90-f189-447d-82bd-e5c38eeae9af,3825747,1467,1,00:44:07.503,44,7,30,Pass,94,322,Eibar,From Throw In,322,Eibar,6776.0,David Juncà Reñé,Left Back,43.6,0.1,49.0,8.4,1.297136,False,,,,,,,True,9.90202,0.99399775,High Pass,Throw-in,6557.0,Adrián González Morales,False,False,left_to_right,False,43.6,0.1,49.0,8.4,False,False,False,False
b189a4c3-ee51-41c6-a5ef-61c646e52d86,3825747,1468,1,00:44:08.800,44,8,42,Ball Receipt*,94,322,Eibar,From Throw In,322,Eibar,6557.0,Adrián González Morales,Left Defensive Midfield,49.0,8.4,,,,False,,,,,,,False,,,,,,,False,False,left_to_right,False,49.0,8.4,,,False,False,False,False
ddef794c-dd87-4c59-859f-1270c1c0fbfc,3825747,1469,1,00:44:08.800,44,8,43,Carry,94,322,Eibar,From Throw In,322,Eibar,6557.0,Adrián González Morales,Left Defensive Midfield,49.0,8.4,49.0,8.4,0.073859,False,,,,,,,False,,,,,,,False,False,left_to_right,False,49.0,8.4,49.0,8.4,False,False,False,False
eb986339-17c1-4b58-a100-be553d3c546c,3825747,1470,1,00:44:08.874,44,8,30,Pass,94,322,Eibar,From Throw In,322,Eibar,6557.0,Adrián González Morales,Left Defensive Midfield,49.0,8.4,47.7,3.8,0.685636,False,,,,,,,True,4.7801676,-1.8462224,Low Pass,,6776.0,David Juncà Reñé,False,False,left_to_right,False,49.0,8.4,47.7,3.8,False,False,False,False
793c2bea-04c8-444b-a0b2-7a61a7f44f90,3825747,1471,1,00:44:09.560,44,9,42,Ball Receipt*,94,322,Eibar,From Throw In,322,Eibar,6776.0,David Juncà Reñé,Left Back,47.7,3.8,,,,False,,,,,,,False,,,,,,,False,False,left_to_right,False,47.7,3.8,,,False,False,False,False
698c0eb3-f699-49b4-97c1-4cc14c93e2cb,3825747,1472,1,00:44:09.560,44,9,30,Pass,94,322,Eibar,From Throw In,322,Eibar,6776.0,David Juncà Reñé,Left Back,47.7,3.8,89.3,22.8,5.128694,False,,,,,,,True,45.733578,0.4284371,High Pass,,6700.0,Sergio Enrich Ametller,False,False,left_to_right,False,47.7,3.8,89.3,22.8,False,True,True,False
995261d7-9a8c-4b2c-9aa8-1508514ec898,3825747,1473,1,00:44:14.688,44,14,42,Ball Receipt*,94,322,Eibar,From Throw In,322,Eibar,6700.0,Sergio Enrich Ametller,Left Center Forward,89.3,22.8,,,,False,,,,,,,False,,,,,,,False,False,left_to_right,False,89.3,22.8,,,False,False,False,False
7c77f700-76cc-43d8-aff2-27a7eea93949,3825747,1474,1,00:44:14.688,44,14,30,Pass,94,322,Eibar,From Throw In,322,Eibar,6700.0,Sergio Enrich Ametller,Left Center Forward,89.3,22.8,95.9,24.5,0.685339,False,,,,,,,True,6.8154235,0.25209597,Low Pass,,24070.0,Saúl Berjón Pérez,False,False,left_to_right,False,89.3,22.8,95.9,24.5,False,False,False,False
ebfd74b9-b44b-4028-821a-04ecd8fb2d4d,3825747,1475,1,00:44:15.374,44,15,42,Ball Receipt*,94,322,Eibar,From Throw In,322,Eibar,24070.0,Saúl Berjón Pérez,Left Midfield,95.9,24.5,,,,False,,,,,,,False,,,,,,,False,False,left_to_right,False,95.9,24.5,,,False,False,False,False
73652c58-b2fc-4e4d-a3a9-e4f23fef872c,3825747,1476,1,00:44:15.374,44,15,43,Carry,94,322,Eibar,From Throw In,322,Eibar,24070.0,Saúl Berjón Pérez,Left Midfield,95.9,24.5,97.4,25.4,0.478328,False,,,,,,,False,,,,,,,False,False,left_to_right,False,95.9,24.5,97.4,25.4,False,False,False,False
89cfc8cc-b77f-4401-afdf-ed546a7b1c42,3825747,1477,1,00:44:15.852,44,15,38,Miscontrol,94,322,Eibar,From Throw In,322,Eibar,24070.0,Saúl Berjón Pérez,Left Midfield,97.4,25.4,,,0.0,False,,,,,,,False,,,,,,,False,False,left_to_right,False,97.4,25.4,,,False,False,False,True
a17efead-a8ed-4908-8cc8-991cad0c732c,3825747,1478,1,00:44:16.053,44,16,17,Pressure,94,322,Eibar,From Throw In,322,Eibar,24070.0,Saúl Berjón Pérez,Left Midfield,96.9,25.1,,,0.438156,False,,,,,,,False,,,,,,,False,False,left_to_right,False,96.9,25.1,,,False,False,False,False
72d72d6b-2d7a-4fca-b749-dcd3963aa52c,3825747,1479,1,00:44:16.544,44,16,9,Clearance,94,322,Eibar,From Throw In,215,Athletic Club,4353.0,Aymeric Laporte,Left Center Back,25.4,57.7,,,0.0,True,,,,,,,False,,,,,,,False,False,left_to_right,False,25.4,57.7,,,False,False,False,False
3f25be31-0704-40d9-86bd-e30448bd37f6,3825747,1480,1,00:44:17.051,44,17,30,Pass,94,322,Eibar,From Throw In,322,Eibar,6700.0,Sergio Enrich Ametller,Left Center Forward,95.9,22.4,93.3,28.1,0.858707,False,,,,,,,True,6.264982,1.9987448,Low Pass,Recovery,24070.0,Saúl Berjón Pérez,False,False,left_to_right,False,95.9,22.4,93.3,28.1,False,False,False,False
b47c4ca5-76fb-4cbd-8d19-375bf59639b0,3825747,1481,1,00:44:17.909,44,17,42,Ball Receipt*,94,322,Eibar,From Throw In,322,Eibar,24070.0,Saúl Berjón Pérez,Left Midfield,93.3,28.1,,,,False,,,,,,,False,,,,,,,False,False,left_to_right,False,93.3,28.1,,,False,False,False,False
0a3ec330-8efe-4aa0-94cc-3b6adbf7d835,3825747,1482,1,00:44:17.909,44,17,30,Pass,94,322,Eibar,From Throw In,322,Eibar,24070.0,Saúl Berjón Pérez,Left Midfield,93.3,28.1,89.3,28.1,0.274137,False,,,,,,Incomplete,False,4.0,3.1415927,Low Pass,,6775.0,Daniel García Carrillo,False,False,left_to_right,False,93.3,28.1,89.3,28.1,False,False,False,True
07c13bd9-6465-4063-a237-4f4fe0425fca,3825747,1483,1,00:44:18.184,44,18,42,Ball Receipt*,94,322,Eibar,From Throw In,322,Eibar,6775.0,Daniel García Carrillo,Right Defensive Midfield,82.8,26.9,,,,False,,,,,,,False,,,,,,,False,False,left_to_right,False,82.8,26.9,,,False,False,False,False
5bf49169-a602-41e2-bfcf-0d03322432ff,3825747,1484,1,00:44:18.184,44,18,6,Block,94,322,Eibar,From Throw In,215,Athletic Club,6396.0,Beñat Etxebarria Urkiaga,Left Defensive Midfield,30.8,52.0,,,0.0,False,,,,,,,False,,,,,,,False,False,left_to_right,False,30.8,52.0,,,False,False,False,False
5bf1c703-8ab7-4042-9a6f-1b208906efa3,3825747,1485,1,00:44:19.373,44,19,9,Clearance,94,322,Eibar,From Throw In,215,Athletic Club,6386.0,Eneko Bóveda Altube,Right Center Back,23.5,53.9,,,0.0,True,,,,,,,False,,,,,,,False,False,left_to_right,False,23.5,53.9,,,False,False,False,False
9b9b857b-6669-4db4-89f6-7d080de4872a,3825747,1486,1,00:44:23.540,44,23,2,Ball Recovery,94,322,Eibar,From Throw In,322,Eibar,6699.0,Ander Capa Rodríguez,Right Back,55.1,57.1,,,0.0,False,,,,,,,False,,,,,,,False,False,left_to_right,False,55.1,57.1,,,False,False,False,False
0b415571-8ee5-4a6d-8365-2291b3f81f24,3825747,1487,1,00:44:23.540,44,23,43,Carry,94,322,Eibar,From Throw In,322,Eibar,6699.0,Ander Capa Rodríguez,Right Back,55.1,57.1,55.1,61.3,0.60437,True,,,,,,,False,,,,,,,False,False,left_to_right,False,55.1,57.1,55.1,61.3,False,False,False,False
116e4000-a003-47e3-aadc-77cecef66d8a,3825747,1488,1,00:44:24.014,44,24,17,Pressure,94,322,Eibar,From Throw In,215,Athletic Club,6666.0,Sabin Merino Zuloaga,Left Wing,62.7,23.0,,,1.001605,False,,,,,,,False,,,,,,,False,False,left_to_right,False,62.7,23.0,,,False,False,False,False
edc0d394-3c28-42ec-87cb-ba3e4b701aa9,3825747,1489,1,00:44:24.144,44,24,38,Miscontrol,94,322,Eibar,From Throw In,322,Eibar,6699.0,Ander Capa Rodríguez,Right Back,55.1,61.3,,,0.0,True,,,,,,,False,,,,,,,False,False,left_to_right,False,55.1,61.3,,,False,False,False,True
2a773707-b8cf-4ade-a4a7-242697433645,3825747,1490,1,00:44:25.161,44,25,17,Pressure,94,322,Eibar,From Throw In,322,Eibar,6699.0,Ander Capa Rodríguez,Right Back,55.1,62.0,,,0.874702,False,,,,,,,False,,,,,,,False,False,left_to_right,False,55.1,62.0,,,False,False,False,False
a231b7e3-6215-47cb-bbc5-f6ba3c3458c6,3825747,1491,1,00:44:25.849,44,25,2,Ball Recovery,95,215,Athletic Club,Regular Play,215,Athletic Club,6666.0,Sabin Merino Zuloaga,Left Wing,65.0,17.0,,,0.0,True,,,,,,,False,,,,,,,False,False,left_to_right,False,65.0,17.0,,,False,False,False,False
ba617c48-4628-446f-8348-253ff202c3ed,3825747,1492,1,00:44:25.849,44,25,43,Carry,95,215,Athletic Club,Regular Play,215,Athletic Club,6666.0,Sabin Merino Zuloaga,Left Wing,65.0,17.0,65.0,17.0,0.575736,True,,,,,,,False,,,,,,,False,False,left_to_right,False,65.0,17.0,65.0,17.0,False,False,False,False
d770f120-020d-4562-a72d-da12b1e78ae3,3825747,1493,1,00:44:26.425,44,26,22,Foul Committed,95,215,Athletic Club,Regular Play,322,Eibar,6699.0,Ander Capa Rodríguez,Right Back,55.1,63.1,,,0.0,False,,,,,,,False,,,,,,,False,False,left_to_right,False,55.1,63.1,,,False,False,False,False
901d635c-6a6e-4ef0-b004-563920e04315,3825747,1494,1,00:44:26.425,44,26,21,Foul Won,95,215,Athletic Club,Regular Play,215,Athletic Club,6666.0,Sabin Merino Zuloaga,Left Wing,65.0,17.0,,,0.0,True,,,,,,,False,,,,,,,False,False,left_to_right,False,65.0,17.0,,,False,False,False,False
76eaba25-2f64-485b-873c-4cd8aeab7fcc,3825747,1495,1,00:44:47.773,44,47,30,Pass,96,215,Athletic Club,From Free Kick,215,Athletic Club,6396.0,Beñat Etxebarria Urkiaga,Left Defensive Midfield,68.1,19.7,103.9,52.6,2.693021,False,,,,,,,True,48.6215,0.7432107,High Pass,Free Kick,6394.0,Aritz Aduriz Zubeldia,False,False,left_to_right,False,68.1,19.7,103.9,52.6,False,True,True,False
a62ce0cc-0942-4a55-8b81-085bb2eae9e4,3825747,1496,1,00:44:50.466,44,50,42,Ball Receipt*,96,215,Athletic Club,From Free Kick,215,Athletic Club,6394.0,Aritz Aduriz Zubeldia,Center Forward,103.9,52.6,,,,False,,,,,,,False,,,,,,,False,False,left_to_right,False,103.9,52.6,,,False,False,False,False
99f8c97a-50a4-4ea5-81c0-72d6dcdc99a4,3825747,1497,1,00:44:50.506,44,50,4,Duel,96,215,Athletic Club,From Free Kick,322,Eibar,27239.0,Aleksandar Pantić,Left Center Back,16.2,27.2,,,0.0,True,,,,,,,False,,,,,,,False,False,left_to_right,False,16.2,27.2,,,False,False,False,False
215b573b-b905-4340-8d00-642e768782ae,3825747,1498,1,00:44:50.506,44,50,30,Pass,96,215,Athletic Club,From Free Kick,215,Athletic Club,6394.0,Aritz Aduriz Zubeldia,Center Forward,103.9,52.9,105.0,38.8,1.134294,True,,,,,,,True,14.142842,-1.4929398,Low Pass,,6389.0,Mikel San José Domínguez,False,False,left_to_right,False,103.9,52.9,105.0,38.8,False,True,False,False
5e36a27b-ac98-43ec-b7c1-7464c5f87d48,3825747,1499,1,00:44:51.640,44,51,42,Ball Receipt*,96,215,Athletic Club,From Free Kick,215,Athletic Club,6389.0,Mikel San José Domínguez,Right Defensive Midfield,105.0,38.8,,,,False,,,,,,,False,,,,,,,False,False,left_to_right,False,105.0,38.8,,,False,False,False,False
d7e9d4af-e836-457c-bd70-955616c9723d,3825747,1500,1,00:44:51.640,44,51,43,Carry,96,215,Athletic Club,From Free Kick,215,Athletic Club,6389.0,Mikel San José Domínguez,Right Defensive Midfield,105.0,38.8,105.0,38.8,0.199999,False,,,,,,,False,,,,,,,False,False,left_to_right,False,105.0,38.8,105.0,38.8,False,False,False,False
916521fa-2103-4145-aaf1-272b24a5b972,3825747,1501,1,00:44:51.840,44,51,30,Pass,96,215,Athletic Club,From Free Kick,215,Athletic Club,6389.0,Mikel San José Domínguez,Right Defensive Midfield,105.0,38.8,107.0,25.1,1.420223,False,,,,,,,True,13.845216,-1.4258349,High Pass,,6666.0,Sabin Merino Zuloaga,False,False,left_to_right,False,105.0,38.8,107.0,25.1,False,False,False,False
235e4c08-dc44-4d0b-8990-c3c91c770b34,3825747,1502,1,00:44:53.260,44,53,42,Ball Receipt*,96,215,Athletic Club,From Free Kick,215,Athletic Club,6666.0,Sabin Merino Zuloaga,Left Wing,107.0,25.1,,,,False,,,,,,,False,,,,,,,False,False,left_to_right,False,107.0,25.1,,,False,False,False,False
d4a99f22-c0c1-4faf-bac5-c74c2a8a5e38,3825747,1503,1,00:44:53.260,44,53,43,Carry,96,215,Athletic Club,From Free Kick,215,Athletic Club,6666.0,Sabin Merino Zuloaga,Left Wing,107.0,25.1,111.9,28.9,0.924396,True,,,,,,,False,,,,,,,False,False,left_to_right,False,107.0,25.1,111.9,28.9,True,False,False,False
e2d43f4e-d79e-4828-9c26-4b44808267b6,3825747,1504,1,00:44:53.514,44,53,17,Pressure,96,215,Athletic Club,From Free Kick,322,Eibar,6699.0,Ander Capa Rodríguez,Right Back,8.2,51.2,,,0.659859,False,,,,,,,False,,,,,,,False,False,left_to_right,False,8.2,51.2,,,False,False,False,False
f2ab6320-d692-47d3-b687-29c1a7417e7d,3825747,1505,1,00:44:54.185,44,54,30,Pass,96,215,Athletic Club,From Free Kick,215,Athletic Club,6666.0,Sabin Merino Zuloaga,Left Wing,111.9,28.9,108.3,38.8,1.227819,False,,,,,,Incomplete,False,10.53423,1.9195673,Low Pass,,6394.0,Aritz Aduriz Zubeldia,False,False,left_to_right,False,111.9,28.9,108.3,38.8,False,False,False,True
643273fb-c58d-419e-b6f7-1832e67b157a,3825747,1506,1,00:44:55.412,44,55,42,Ball Receipt*,96,215,Athletic Club,From Free Kick,215,Athletic Club,6394.0,Aritz Aduriz Zubeldia,Center Forward,108.3,43.6,,,,False,,,,,,,False,,,,,,,False,False,left_to_right,False,108.3,43.6,,,False,False,False,False
a5dce6f6-002a-416b-8257-e5f896908d9a,3825747,1507,1,00:44:55.412,44,55,9,Clearance,96,215,Athletic Club,From Free Kick,322,Eibar,6837.0,Mauro Javier Dos Santos,Right Center Back,11.8,41.3,,,0.0,True,,,,,,,False,,,,,,,False,False,left_to_right,False,11.8,41.3,,,False,False,False,False
dbf9c9be-5d35-4bc6-be6c-0e2cd4ce90b6,3825747,1508,1,00:44:57.241,44,57,30,Pass,96,215,Athletic Club,From Free Kick,322,Eibar,6742.0,Sergio Gontán Gallardo,Right Midfield,26.2,57.4,37.6,50.0,1.295727,False,,,,,,Incomplete,False,13.591173,-0.57575834,High Pass,Recovery,6700.0,Sergio Enrich Ametller,False,False,left_to_right,False,26.2,57.4,37.6,50.0,False,False,False,True
596653dd-e6c1-411b-a9a9-063bd797e43d,3825747,1509,1,00:44:58.536,44,58,42,Ball Receipt*,96,215,Athletic Club,From Free Kick,322,Eibar,6700.0,Sergio Enrich Ametller,Left Center Forward,41.7,53.6,,,,False,,,,,,,False,,,,,,,False,False,left_to_right,False,41.7,53.6,,,False,False,False,False
a93bbc5b-97f9-4843-8aac-7f4df8f394ed,3825747,1510,1,00:44:58.536,44,58,2,Ball Recovery,96,215,Athletic Club,From Free Kick,215,Athletic Club,6396.0,Beñat Etxebarria Urkiaga,Left Defensive Midfield,82.5,30.1,,,0.0,False,,,,,,,False,,,,,,,False,False,left_to_right,False,82.5,30.1,,,False,False,False,False
821b9516-624a-4e3b-80d3-70d4d6be5494,3825747,1511,1,00:44:58.536,44,58,43,Carry,96,215,Athletic Club,From Free Kick,215,Athletic Club,6396.0,Beñat Etxebarria Urkiaga,Left Defensive Midfield,82.5,30.1,82.8,11.3,5.390433,True,,,,,,,False,,,,,,,False,False,left_to_right,False,82.5,30.1,82.8,11.3,False,False,False,False
0f175401-2dfa-4ed9-ba97-afd56be15a28,3825747,1512,1,00:44:59.520,44,59,17,Pressure,96,215,Athletic Club,From Free Kick,322,Eibar,6700.0,Sergio Enrich Ametller,Left Center Forward,41.7,60.7,,,1.158458,False,,,,,,,False,,,,,,,False,False,left_to_right,False,41.7,60.7,,,False,False,False,False
486155c3-7dd6-465d-817b-4d95122964b7,3825747,1513,1,00:45:00.393,45,0,17,Pressure,96,215,Athletic Club,From Free Kick,322,Eibar,6742.0,Sergio Gontán Gallardo,Right Midfield,39.0,59.8,,,0.51104,False,,,,,,,False,,,,,,,False,False,left_to_right,False,39.0,59.8,,,False,False,False,False
809e8ad4-a97b-45bb-ac82-746d36cadb7c,3825747,1514,1,00:45:03.517,45,3,17,Pressure,96,215,Athletic Club,From Free Kick,322,Eibar,6700.0,Sergio Enrich Ametller,Left Center Forward,37.0,66.1,,,0.260652,False,,,,,,,False,,,,,,,False,False,left_to_right,False,37.0,66.1,,,False,False,False,False
b3c2a214-3024-486a-bee8-23e85a1a94b0,3825747,1515,1,00:45:03.927,45,3,3,Dispossessed,96,215,Athletic Club,From Free Kick,215,Athletic Club,6396.0,Beñat Etxebarria Urkiaga,Left Defensive Midfield,82.8,11.3,,,0.0,True,,,,,,,False,,,,,,,False,False,left_to_right,False,82.8,11.3,,,False,False,False,True
dfc0a17d-f5a9-4246-82b6-5238990bc1bf,3825747,1516,1,00:45:03.927,45,3,4,Duel,96,215,Athletic Club,From Free Kick,322,Eibar,6700.0,Sergio Enrich Ametller,Left Center Forward,37.3,68.8,,,0.0,True,,,,,,,False,,,,,,,False,False,left_to_right,False,37.3,68.8,,,False,False,False,False
1e462aa6-b93f-4a60-be36-53b50a1995a3,3825747,1517,1,00:45:04.219,45,4,2,Ball Recovery,96,215,Athletic Club,From Free Kick,215,Athletic Club,6789.0,Mikel Balenziaga Oruesagasti,Left Back,82.8,9.4,,,0.0,False,,,,,,,False,,,,,,,False,False,left_to_right,False,82.8,9.4,,,False,False,False,False
bfa38b62-16d2-47ee-a656-0e690c13f2e5,3825747,1518,1,00:45:04.219,45,4,43,Carry,96,215,Athletic Club,From Free Kick,215,Athletic Club,6789.0,Mikel Balenziaga Oruesagasti,Left Back,82.8,9.4,81.9,7.1,2.14614,True,,,,,,,False,,,,,,,False,False,left_to_right,False,82.8,9.4,81.9,7.1,False,False,False,False
f882c86b-ec03-44ea-807a-7b8855c21378,3825747,1519,1,00:45:05.221,45,5,17,Pressure,96,215,Athletic Club,From Free Kick,322,Eibar,6700.0,Sergio Enrich Ametller,Left Center Forward,35.5,71.1,,,1.078549,False,,,,,,,False,,,,,,,False,False,left_to_right,False,35.5,71.1,,,False,False,False,False
de239da1-241c-48b9-af86-2b21c69bf297,3825747,1520,1,00:45:06.365,45,6,30,Pass,96,215,Athletic Club,From Free Kick,215,Athletic Club,6789.0,Mikel Balenziaga Oruesagasti,Left Back,81.9,7.1,84.4,7.1,0.075047,False,,,,,,Incomplete,False,2.5,0.0,Ground Pass,,,,False,False,left_to_right,False,81.9,7.1,84.4,7.1,False,False,False,True
1882db77-2a31-4845-a72a-0653fa5346d2,3825747,1521,1,00:45:06.440,45,6,6,Block,96,215,Athletic Club,From Free Kick,322,Eibar,6700.0,Sergio Enrich Ametller,Left Center Forward,35.7,73.0,,,0.0,False,,,,,,,False,,,,,,,False,False,left_to_right,False,35.7,73.0,,,False,False,False,False
c5976b41-593b-4b74-9bfc-727cef28da66,3825747,1522,1,00:45:14.917,45,14,30,Pass,97,215,Athletic Club,From Throw In,215,Athletic Club,6789.0,Mikel Balenziaga Oruesagasti,Left Back,82.8,0.1,76.8,19.1,1.458092,False,,,,,,,True,19.924858,1.8766752,Low Pass,Throw-in,6390.0,Markel Susaeta Laskurain,False,False,left_to_right,False,82.8,0.1,76.8,19.1,False,False,False,False
840bd41e-61db-4588-bac8-62465a873ff3,3825747,1523,1,00:45:16.376,45,16,42,Ball Receipt*,97,215,Athletic Club,From Throw In,215,Athletic Club,6390.0,Markel Susaeta Laskurain,Right Wing,76.8,19.1,,,,False,,,,,,,False,,,,,,,False,False,left_to_right,False,76.8,19.1,,,False,False,False,False
c04d2945-5101-47ff-8d3c-5ebce128425a,3825747,1524,1,00:45:16.376,45,16,43,Carry,97,215,Athletic Club,From Throw In,215,Athletic Club,6390.0,Markel Susaeta Laskurain,Right Wing,76.8,19.1,77.8,20.8,0.955122,True,,,,,,,False,,,,,,,False,False,left_to_right,False,76.8,19.1,77.8,20.8,False,False,False,False
d9ed978b-ab2d-4c87-b7d9-02725375fd72,3825747,1525,1,00:45:16.784,45,16,17,Pressure,97,215,Athletic Club,From Throw In,322,Eibar,24070.0,Saúl Berjón Pérez,Left Midfield,46.0,59.6,,,0.385078,False,,,,,,,False,,,,,,,False,False,left_to_right,False,46.0,59.6,,,False,False,False,False
b145dcbb-711c-4e57-9bd7-f52d5118c60c,3825747,1526,1,00:45:17.331,45,17,14,Dribble,97,215,Athletic Club,From Throw In,215,Athletic Club,6390.0,Markel Susaeta Laskurain,Right Wing,77.8,20.8,,,0.0,True,,,,,,,False,,,,,,,False,False,left_to_right,False,77.8,20.8,,,False,False,False,False
264a3d7d-0ad8-44ac-80cc-a5a6e676dbf9,3825747,1527,1,00:45:17.331,45,17,4,Duel,97,215,Athletic Club,From Throw In,322,Eibar,24070.0,Saúl Berjón Pérez,Left Midfield,42.3,59.3,,,0.0,True,,,,,,,False,,,,,,,False,False,left_to_right,False,42.3,59.3,,,False,False,False,False
45c6c836-069b-4eb8-b9e3-f74cb25409f8,3825747,1528,1,00:45:18.537,45,18,2,Ball Recovery,97,215,Athletic Club,From Throw In,215,Athletic Club,6842.0,Iker Muniain Goñi,Center Attacking Midfield,84.4,26.2,,,0.0,False,,,,,,,False,,,,,,,False,False,left_to_right,False,84.4,26.2,,,False,False,False,False
31e18eee-22cb-48dc-a84d-6da806e74cff,3825747,1529,1,00:45:18.537,45,18,43,Carry,97,215,Athletic Club,From Throw In,215,Athletic Club,6842.0,Iker Muniain Goñi,Center Attacking Midfield,84.4,26.2,95.0,31.7,2.015804,False,,,,,,,False,,,,,,,False,False,left_to_right,False,84.4,26.2,95.0,31.7,True,False,False,False
43cd8264-baa2-4845-a8fe-7cc56062a169,3825747,1530,1,00:45:20.553,45,20,16,Shot,97,215,Athletic Club,From Throw In,215,Athletic Club,6842.0,Iker Muniain Goñi,Center Attacking Midfield,95.0,31.7,116.5,41.8,1.13882,False,0.031286992,Saved,Right Foot,Normal,Open Play,,False,,,,,,,False,False,left_to_right,False,95.0,31.7,116.5,41.8,False,False,False,False
a98f9ed4-3dba-4151-b0e0-d20d1ba14786,3825747,1531,1,00:45:21.691,45,21,23,Goal Keeper,98,322,Eibar,Regular Play,322,Eibar,10763.0,Asier Riesgo Unamuno,Goalkeeper,3.6,40.5,,,0.0,False,,,,,,,False,,,,,,,False,False,left_to_right,False,3.6,40.5,,,False,False,False,False
993e69a6-8f86-4275-a0b8-e54a453e352a,3825747,1532,1,00:45:26.782,45,26,30,Pass,99,322,Eibar,From Keeper,322,Eibar,10763.0,Asier Riesgo Unamuno,Goalkeeper,14.2,34.6,30.3,29.6,2.186521,False,,,,,,,True,16.858528,-0.30111557,Ground Pass,,6557.0,Adrián González Morales,False,False,left_to_right,False,14.2,34.6,30.3,29.6,False,False,False,False
c93d2680-a304-4755-ae51-5fd164c8a4a3,3825747,1533,1,00:45:28.969,45,28,42,Ball Receipt*,99,322,Eibar,From Keeper,322,Eibar,6557.0,Adrián González Morales,Left Defensive Midfield,30.3,29.6,,,,False,,,,,,,False,,,,,,,False,False,left_to_right,False,30.3,29.6,,,False,False,False,False
4394ee19-0ce4-4f57-87a7-7254c6ba2d02,3825747,1534,1,00:45:30.073,45,30,30,Pass,100,322,Eibar,Regular Play,322,Eibar,6557.0,Adrián González Morales,Left Defensive Midfield,30.9,24.5,44.7,5.0,1.534549,False,,,,,,,True,23.889118,-0.9549264,Low Pass,,6776.0,David Juncà Reñé,False,False,left_to_right,False,30.9,24.5,44.7,5.0,False,False,False,False
3f49ae45-d56c-48fb-94eb-81abbdd66fda,3825747,1535,1,00:45:31.607,45,31,42,Ball Receipt*,100,322,Eibar,Regular Play,322,Eibar,6776.0,David Juncà Reñé,Left Back,44.7,5.0,,,,False,,,,,,,False,,,,,,,False,False,left_to_right,False,44.7,5.0,,,False,False,False,False
72c88ff4-f74f-4347-a2c8-2a2c96e7d2ca,3825747,1536,1,00:45:31.607,45,31,43,Carry,100,322,Eibar,Regular Play,322,Eibar,6776.0,David Juncà Reñé,Left Back,44.7,5.0,31.9,12.8,3.87278,True,,,,,,,False,,,,,,,False,False,left_to_right,False,44.7,5.0,31.9,12.8,False,False,False,False
d982436e-1bb3-4c9e-a312-203e72c627b4,3825747,1537,1,00:45:34.914,45,34,17,Pressure,100,322,Eibar,Regular Play,215,Athletic Club,6390.0,Markel Susaeta Laskurain,Right Wing,86.8,67.6,,,0.769263,False,,,,,,,False,,,,,,,False,False,left_to_right,False,86.8,67.6,,,False,False,False,False
a01f2ecb-6bea-43f4-8f48-fc89728c79c8,3825747,1538,1,00:45:35.480,45,35,30,Pass,101,322,Eibar,Regular Play,322,Eibar,6776.0,David Juncà Reñé,Left Back,31.9,12.8,18.9,12.2,1.467217,True,,,,,,,True,13.013839,-3.0954716,Ground Pass,,27239.0,Aleksandar Pantić,False,False,left_to_right,False,31.9,12.8,18.9,12.2,False,False,False,False
d1ef14a2-1e02-4ab4-a49e-3b495bfcc171,3825747,1539,1,00:45:36.947,45,36,42,Ball Receipt*,101,322,Eibar,Regular Play,322,Eibar,27239.0,Aleksandar Pantić,Left Center Back,18.9,12.2,,,,False,,,,,,,False,,,,,,,False,False,left_to_right,False,18.9,12.2,,,False,False,False,False
e193b53c-e65f-42b8-bbae-20929a6c62d1,3825747,1540,1,00:45:36.947,45,36,43,Carry,101,322,Eibar,Regular Play,322,Eibar,27239.0,Aleksandar Pantić,Left Center Back,18.9,12.2,24.1,5.0,1.65039,False,,,,,,,False,,,,,,,False,False,left_to_right,False,18.9,12.2,24.1,5.0,False,False,False,False
6b9e2711-fec9-44d5-b83b-98b31c720da6,3825747,1541,1,00:45:38.598,45,38,30,Pass,102,322,Eibar,Regular Play,322,Eibar,27239.0,Aleksandar Pantić,Left Center Back,24.1,5.0,54.7,9.5,1.746026,False,,,,,,,True,30.929113,0.14601226,Low Pass,,24070.0,Saúl Berjón Pérez,False,False,left_to_right,False,24.1,5.0,54.7,9.5,False,True,False,False
6b29a027-63de-40a5-9e67-41df639a3964,3825747,1542,1,00:45:40.344,45,40,42,Ball Receipt*,102,322,Eibar,Regular Play,322,Eibar,24070.0,Saúl Berjón Pérez,Left Midfield,54.7,9.5,,,,False,,,,,,,False,,,,,,,False,False,left_to_right,False,54.7,9.5,,,False,False,False,False
2847ed1e-cee4-4243-8cc1-21f938d41ca0,3825747,1543,1,00:45:40.344,45,40,43,Carry,102,322,Eibar,Regular Play,322,Eibar,24070.0,Saúl Berjón Pérez,Left Midfield,54.7,9.5,54.7,9.5,0.074573,False,,,,,,,False,,,,,,,False,False,left_to_right,False,54.7,9.5,54.7,9.5,False,False,False,False
a0243d44-9874-437c-8425-682e5bdb6f48,3825747,1544,1,00:45:40.418,45,40,30,Pass,103,322,Eibar,Regular Play,322,Eibar,24070.0,Saúl Berjón Pérez,Left Midfield,54.7,9.5,48.7,18.5,0.937212,False,,,,,,,True,10.816654,2.158799,Ground Pass,,6557.0,Adrián González Morales,False,False,left_to_right,False,54.7,9.5,48.7,18.5,False,False,False,False
a924a242-ed1a-42bb-aa85-3d1f73824eb4,3825747,1545,1,00:45:41.355,45,41,42,Ball Receipt*,103,322,Eibar,Regular Play,322,Eibar,6557.0,Adrián González Morales,Left Defensive Midfield,48.7,18.5,,,,False,,,,,,,False,,,,,,,False,False,left_to_right,False,48.7,18.5,,,False,False,False,False
a160e66e-b339-4b57-b7e9-9223079e75be,3825747,1546,1,00:45:41.355,45,41,43,Carry,103,322,Eibar,Regular Play,322,Eibar,6557.0,Adrián González Morales,Left Defensive Midfield,48.7,18.5,48.7,18.5,1.200374,False,,,,,,,False,,,,,,,False,False,left_to_right,False,48.7,18.5,48.7,18.5,False,False,False,False
24be2c78-3341-4dbb-88b4-1a6c6d449a5b,3825747,1547,1,00:45:42.556,45,42,30,Pass,104,322,Eibar,Regular Play,322,Eibar,6557.0,Adrián González Morales,Left Defensive Midfield,48.7,18.5,48.7,35.9,1.382514,False,,,,,,,True,17.4,1.5707964,Ground Pass,,6775.0,Daniel García Carrillo,False,False,left_to_right,False,48.7,18.5,48.7,35.9,False,False,False,False
31160339-784d-4ca1-a517-cac8fa8532bf,3825747,1548,1,00:45:43.938,45,43,42,Ball Receipt*,104,322,Eibar,Regular Play,322,Eibar,6775.0,Daniel García Carrillo,Right Defensive Midfield,48.7,35.9,,,,False,,,,,,,False,,,,,,,False,False,left_to_right,False,48.7,35.9,,,False,False,False,False
78e428cd-7de5-4aae-bd69-f3bb76276af2,3825747,1549,1,00:45:43.938,45,43,43,Carry,104,322,Eibar,Regular Play,322,Eibar,6775.0,Daniel García Carrillo,Right Defensive Midfield,48.7,35.9,48.3,35.9,0.596445,False,,,,,,,False,,,,,,,False,False,left_to_right,False,48.7,35.9,48.3,35.9,False,False,False,False
5baddd6c-c124-419b-ac7e-eefc61794bb0,3825747,1550,1,00:45:44.535,45,44,30,Pass,105,322,Eibar,Regular Play,322,Eibar,6775.0,Daniel García Carrillo,Right Defensive Midfield,48.3,35.9,52.5,67.7,2.155842,False,,,,,,,True,32.07616,1.4394809,Ground Pass,,6699.0,Ander Capa Rodríguez,False,False,left_to_right,False,48.3,35.9,52.5,67.7,False,False,False,False
906ea1f7-33b7-42a6-a9c5-455e65083de0,3825747,1551,1,00:45:46.691,45,46,42,Ball Receipt*,105,322,Eibar,Regular Play,322,Eibar,6699.0,Ander Capa Rodríguez,Right Back,52.5,67.7,,,,False,,,,,,,False,,,,,,,False,False,left_to_right,False,52.5,67.7,,,False,False,False,False
c2aca880-655d-4ca2-afa8-49dca4aca1e3,3825747,1552,1,00:45:46.691,45,46,43,Carry,105,322,Eibar,Regular Play,322,Eibar,6699.0,Ander Capa Rodríguez,Right Back,52.5,67.7,55.5,68.1,0.80539,False,,,,,,,False,,,,,,,False,False,left_to_right,False,52.5,67.7,55.5,68.1,False,False,False,False
92dfd7a7-7e9d-4e5b-904f-de94e8404106,3825747,1553,1,00:45:47.496,45,47,30,Pass,106,322,Eibar,Regular Play,322,Eibar,6699.0,Ander Capa Rodríguez,Right Back,55.5,68.1,68.4,70.7,1.161623,False,,,,,,,True,13.159408,0.19888587,Ground Pass,,6742.0,Sergio Gontán Gallardo,False,False,left_to_right,False,55.5,68.1,68.4,70.7,False,False,False,False
ef3e30e9-646e-43e7-84d0-66d2c6ab7539,3825747,1554,1,00:45:48.529,45,48,17,Pressure,106,322,Eibar,Regular Play,215,Athletic Club,6789.0,Mikel Balenziaga Oruesagasti,Left Back,48.4,10.1,,,0.687288,False,,,,,,,False,,,,,,,False,False,left_to_right,False,48.4,10.1,,,False,False,False,False
b0dcb5a3-ee55-485b-81b5-740f58412a96,3825747,1555,1,00:45:48.658,45,48,42,Ball Receipt*,106,322,Eibar,Regular Play,322,Eibar,6742.0,Sergio Gontán Gallardo,Right Midfield,68.4,70.7,,,,True,,,,,,,False,,,,,,,False,False,left_to_right,False,68.4,70.7,,,False,False,False,False
47a5725a-1496-4abd-9465-2de22daa19b4,3825747,1556,1,00:45:48.658,45,48,43,Carry,106,322,Eibar,Regular Play,322,Eibar,6742.0,Sergio Gontán Gallardo,Right Midfield,68.4,70.7,69.1,69.1,0.379171,True,,,,,,,False,,,,,,,False,False,left_to_right,False,68.4,70.7,69.1,69.1,False,False,False,False
78eaf85c-85dd-4b09-9ff3-e7533049b6d0,3825747,1557,1,00:45:49.037,45,49,30,Pass,107,322,Eibar,Regular Play,322,Eibar,6742.0,Sergio Gontán Gallardo,Right Midfield,69.1,69.1,53.4,68.5,0.879525,True,,,,,,,True,15.711461,-3.1033947,Ground Pass,,6699.0,Ander Capa Rodríguez,False,False,left_to_right,False,69.1,69.1,53.4,68.5,False,False,False,False
319ece7e-582e-42c5-b88c-46b0ea603139,3825747,1558,1,00:45:49.916,45,49,42,Ball Receipt*,107,322,Eibar,Regular Play,322,Eibar,6699.0,Ander Capa Rodríguez,Right Back,53.4,68.5,,,,False,,,,,,,False,,,,,,,False,False,left_to_right,False,53.4,68.5,,,False,False,False,False
6ec7994c-8d9a-401d-9c52-79d49aad427c,3825747,1559,1,00:45:49.916,45,49,43,Carry,107,322,Eibar,Regular Play,322,Eibar,6699.0,Ander Capa Rodríguez,Right Back,53.4,68.5,55.0,68.1,2.247937,False,,,,,,,False,,,,,,,False,False,left_to_right,False,53.4,68.5,55.0,68.1,False,False,False,False
18dd52c4-8faa-42ff-898e-9f5b6330b0bd,3825747,1560,1,00:45:52.164,45,52,30,Pass,108,322,Eibar,Regular Play,322,Eibar,6699.0,Ander Capa Rodríguez,Right Back,55.0,68.1,61.2,57.4,0.789772,False,,,,,,,True,12.366487,-1.0456322,Ground Pass,,6775.0,Daniel García Carrillo,False,False,left_to_right,False,55.0,68.1,61.2,57.4,False,False,False,False
95562d4f-5631-40dd-a6d4-764383dbdf20,3825747,1561,1,00:45:52.954,45,52,42,Ball Receipt*,108,322,Eibar,Regular Play,322,Eibar,6775.0,Daniel García Carrillo,Right Defensive Midfield,61.2,57.4,,,,False,,,,,,,False,,,,,,,False,False,left_to_right,False,61.2,57.4,,,False,False,False,False
ada49641-2e09-4816-b54d-77b161de1b38,3825747,1562,1,00:45:52.954,45,52,30,Pass,109,322,Eibar,Regular Play,322,Eibar,6775.0,Daniel García Carrillo,Right Defensive Midfield,61.2,57.4,72.2,55.6,1.563558,False,,,,,,,True,11.146299,-0.16219883,Ground Pass,,6742.0,Sergio Gontán Gallardo,False,False,left_to_right,False,61.2,57.4,72.2,55.6,False,False,False,False
3b19d5a0-21e1-47ee-880f-c94752a86712,3825747,1563,1,00:45:54.518,45,54,42,Ball Receipt*,109,322,Eibar,Regular Play,322,Eibar,6742.0,Sergio Gontán Gallardo,Right Midfield,72.2,55.6,,,,False,,,,,,,False,,,,,,,False,False,left_to_right,False,72.2,55.6,,,False,False,False,False
1dacd193-e322-434b-a151-fc32887ca945,3825747,1564,1,00:45:54.518,45,54,30,Pass,110,322,Eibar,Regular Play,322,Eibar,6742.0,Sergio Gontán Gallardo,Right Midfield,72.9,55.0,63.1,43.0,1.035149,False,,,,,,,True,15.493224,-2.2556176,Ground Pass,,6557.0,Adrián González Morales,False,False,left_to_right,False,72.9,55.0,63.1,43.0,False,False,False,False
143f99b6-6b91-46d4-b061-d544a136d113,3825747,1565,1,00:45:55.553,45,55,42,Ball Receipt*,110,322,Eibar,Regular Play,322,Eibar,6557.0,Adrián González Morales,Left Defensive Midfield,63.1,43.0,,,,False,,,,,,,False,,,,,,,False,False,left_to_right,False,63.1,43.0,,,False,False,False,False
8b028669-7c36-4fc8-9ffe-4db463def94b,3825747,1566,1,00:45:55.553,45,55,43,Carry,110,322,Eibar,Regular Play,322,Eibar,6557.0,Adrián González Morales,Left Defensive Midfield,63.1,43.0,62.7,42.8,1.399516,False,,,,,,,False,,,,,,,False,False,left_to_right,False,63.1,43.0,62.7,42.8,False,False,False,False
d3be741f-9c85-400b-be29-04615b06546b,3825747,1567,1,00:45:56.952,45,56,30,Pass,111,322,Eibar,Regular Play,322,Eibar,6557.0,Adrián González Morales,Left Defensive Midfield,62.7,42.8,67.8,7.7,1.775706,False,,,,,,,True,35.46858,-1.4265069,Low Pass,,6776.0,David Juncà Reñé,False,False,left_to_right,False,62.7,42.8,67.8,7.7,False,False,False,False
04e7a272-99c4-4e5d-b820-3119f66e2a62,3825747,1568,1,00:00:00.201,0,0,42,Ball Receipt*,111,322,Eibar,Regular Play,322,Eibar,6776.0,David Juncà Reñé,Left Back,67.8,7.7,,,,False,,,,,,,False,,,,,,,False,False,left_to_right,False,67.8,7.7,,,False,False,False,False
67aea053-43d1-4366-9d0c-4eaccd027f20,3825747,1569,1,00:46:01.684,46,1,34,Half End,111,322,Eibar,Regular Play,215,Athletic Club,,,,,,,,0.0,False,,,,,,,False,,,,,,,False,False,left_to_right,False,,,,,False,False,False,False
7a392ffb-6ad0-471d-b00d-8d3044d33c88,3825747,1570,1,00:46:01.684,46,1,34,Half End,111,322,Eibar,Regular Play,322,Eibar,,,,,,,,0.0,False,,,,,,,False,,,,,,,False,False,left_to_right,False,,,,,False,False,False,False
4269c3cc-d581-4e87-8b08-6f47f64eaa6d,3825747,1571,2,00:00:00.000,45,0,18,Half Start,111,322,Eibar,Regular Play,322,Eibar,,,,,,,,0.0,False,,,,,,,False,,,,,,,False,False,left_to_right,False,,,,,False,False,False,False
d8f42f05-8e0d-4ec4-a3b4-eef5675e0bdb,3825747,1572,2,00:00:00.000,45,0,18,Half Start,111,322,Eibar,Regular Play,215,Athletic Club,,,,,,,,0.0,False,,,,,,,False,,,,,,,False,False,left_to_right,False,,,,,False,False,False,False
0e7e1880-3cf5-4edb-ae59-88a3dd0c72e5,3825747,1573,2,00:00:00.000,45,0,19,Substitution,111,322,Eibar,Regular Play,322,Eibar,6557.0,Adrián González Morales,Left Defensive Midfield,,,,,0.0,False,,,,,,,False,,,,,,,False,False,left_to_right,False,,,,,False,False,False,False
c944b466-6536-4218-a6d7-936ff3ee48aa,3825747,1574,2,00:00:00.201,45,0,30,Pass,112,322,Eibar,From Kick Off,322,Eibar,6700.0,Sergio Enrich Ametller,Left Center Forward,61.0,40.1,60.4,44.2,0.478825,False,,,,,,,True,4.14367,1.7161063,Ground Pass,Kick Off,6566.0,Borja González Tomás,False,False,left_to_right,False,61.0,40.1,60.4,44.2,False,False,False,False
c44e5a8e-d0a7-4753-9881-3c86d4be1528,3825747,1575,2,00:00:00.680,45,0,42,Ball Receipt*,112,322,Eibar,From Kick Off,322,Eibar,6566.0,Borja González Tomás,Right Center Forward,60.4,44.2,,,,False,,,,,,,False,,,,,,,False,False,left_to_right,False,60.4,44.2,,,False,False,False,False
0ef5b095-2ccf-422e-bd04-5a75bf9b8693,3825747,1576,2,00:00:00.680,45,0,30,Pass,112,322,Eibar,From Kick Off,322,Eibar,6566.0,Borja González Tomás,Right Center Forward,60.0,42.7,49.3,40.0,1.426697,False,,,,,,,True,11.035398,-2.894416,Ground Pass,,6775.0,Daniel García Carrillo,False,False,left_to_right,False,60.0,42.7,49.3,40.0,False,False,False,False
2ce6644a-f4d1-4d03-8965-ea14046533b5,3825747,1577,2,00:00:02.106,45,2,42,Ball Receipt*,112,322,Eibar,From Kick Off,322,Eibar,6775.0,Daniel García Carrillo,Right Defensive Midfield,49.3,40.0,,,,False,,,,,,,False,,,,,,,False,False,left_to_right,False,49.3,40.0,,,False,False,False,False
3dd6f700-7977-4a40-a276-0986d3f99407,3825747,1578,2,00:00:03.476,45,3,30,Pass,112,322,Eibar,From Kick Off,322,Eibar,6775.0,Daniel García Carrillo,Right Defensive Midfield,54.9,38.8,78.5,12.5,2.434161,False,,,,,,Incomplete,False,35.336243,-0.8394537,High Pass,,24070.0,Saúl Berjón Pérez,False,False,left_to_right,False,54.9,38.8,78.5,12.5,False,False,False,True
b7f262db-f307-41c5-8d9d-2c43d47977f7,3825747,1579,2,00:00:05.910,45,5,42,Ball Receipt*,112,322,Eibar,From Kick Off,322,Eibar,24070.0,Saúl Berjón Pérez,Left Midfield,75.6,5.0,,,,False,,,,,,,False,,,,,,,False,False,left_to_right,False,75.6,5.0,,,False,False,False,False
501dd7ea-cf9f-4617-b416-748833d5bed2,3825747,1580,2,00:00:05.910,45,5,10,Interception,112,322,Eibar,From Kick Off,215,Athletic Club,6649.0,Óscar de Marcos Arana,Right Back,41.6,67.6,,,0.0,False,,,,,,,False,,,,,,,False,False,left_to_right,False,41.6,67.6,,,False,False,False,False
0ee2688c-c0de-4ba5-83ce-4ea6b3c6cbda,3825747,1581,2,00:00:15.822,45,15,30,Pass,113,322,Eibar,From Throw In,322,Eibar,6776.0,David Juncà Reñé,Left Back,56.0,0.1,54.9,16.3,1.110178,False,,,,,,,True,16.237303,1.6385934,Low Pass,Throw-in,6712.0,Gonzalo Escalante,False,False,left_to_right,False,56.0,0.1,54.9,16.3,False,False,False,False
8358248b-96a1-4f92-bc47-9dc724517979,3825747,1582,2,00:00:16.932,45,16,42,Ball Receipt*,113,322,Eibar,From Throw In,322,Eibar,6712.0,Gonzalo Escalante,Left Defensive Midfield,54.9,16.3,,,,False,,,,,,,False,,,,,,,False,False,left_to_right,False,54.9,16.3,,,False,False,False,False
58ea08bb-b9f6-42a1-8812-4b32efab0197,3825747,1583,2,00:00:16.932,45,16,43,Carry,113,322,Eibar,From Throw In,322,Eibar,6712.0,Gonzalo Escalante,Left Defensive Midfield,54.9,16.3,54.1,12.5,1.054886,True,,,,,,,False,,,,,,,False,False,left_to_right,False,54.9,16.3,54.1,12.5,False,False,False,False
58313b46-cbf6-48d6-a678-3afd142e4fde,3825747,1584,2,00:00:17.601,45,17,17,Pressure,113,322,Eibar,From Throw In,215,Athletic Club,6842.0,Iker Muniain Goñi,Center Attacking Midfield,65.2,63.8,,,0.534572,False,,,,,,,False,,,,,,,False,False,left_to_right,False,65.2,63.8,,,False,False,False,False
d97acf18-071c-4734-81bb-403d652d5572,3825747,1585,2,00:00:17.987,45,17,30,Pass,113,322,Eibar,From Throw In,322,Eibar,6712.0,Gonzalo Escalante,Left Defensive Midfield,54.1,12.5,50.8,7.7,0.769461,True,,,,,,,True,5.8249464,-2.1730838,Ground Pass,,6776.0,David Juncà Reñé,False,False,left_to_right,False,54.1,12.5,50.8,7.7,False,False,False,False
52e7c2f1-ad29-4d17-8c70-7caf0927bcfb,3825747,1586,2,00:00:18.756,45,18,42,Ball Receipt*,113,322,Eibar,From Throw In,322,Eibar,6776.0,David Juncà Reñé,Left Back,50.8,7.7,,,,False,,,,,,,False,,,,,,,False,False,left_to_right,False,50.8,7.7,,,False,False,False,False
3f8f8307-e9ba-4adc-a66e-af5560c7bb5e,3825747,1587,2,00:00:18.756,45,18,43,Carry,113,322,Eibar,From Throw In,322,Eibar,6776.0,David Juncà Reñé,Left Back,50.8,7.7,50.8,7.7,0.08,False,,,,,,,False,,,,,,,False,False,left_to_right,False,50.8,7.7,50.8,7.7,False,False,False,False
d08a6b4d-9375-433b-804b-7c599cdc177e,3825747,1588,2,00:00:18.836,45,18,30,Pass,113,322,Eibar,From Throw In,322,Eibar,6776.0,David Juncà Reñé,Left Back,50.8,7.7,68.5,27.3,2.290829,False,,,,,,Incomplete,False,26.409279,0.8362925,High Pass,,,,False,False,left_to_right,False,50.8,7.7,68.5,27.3,False,True,False,True
93b53be8-75e2-4a5d-958d-5b727632f273,3825747,1589,2,00:00:21.127,45,21,30,Pass,113,322,Eibar,From Throw In,215,Athletic Club,6396.0,Beñat Etxebarria Urkiaga,Left Defensive Midfield,51.6,52.8,62.0,45.9,1.869411,False,,,,,,,True,12.480785,-0.5857804,High Pass,Interception,6666.0,Sabin Merino Zuloaga,False,False,left_to_right,False,51.6,52.8,62.0,45.9,False,False,False,False
babda8a0-e9a1-4794-bb01-3a9232608579,3825747,1590,2,00:00:22.997,45,22,42,Ball Receipt*,113,322,Eibar,From Throw In,215,Athletic Club,6666.0,Sabin Merino Zuloaga,Left Wing,62.0,45.9,,,,False,,,,,,,False,,,,,,,False,False,left_to_right,False,62.0,45.9,,,False,False,False,False
5e5908b6-e571-4e00-8c23-a3807bdc31c5,3825747,1591,2,00:00:22.997,45,22,4,Duel,113,322,Eibar,From Throw In,322,Eibar,6775.0,Daniel García Carrillo,Right Defensive Midfield,58.1,34.2,,,0.0,True,,,,,,,False,,,,,,,False,False,left_to_right,False,58.1,34.2,,,False,False,False,False
fa8109de-f46c-4361-8c09-d0c65fd190e7,3825747,1592,2,00:00:22.997,45,22,30,Pass,113,322,Eibar,From Throw In,215,Athletic Club,6666.0,Sabin Merino Zuloaga,Left Wing,62.0,45.9,74.9,49.9,1.883664,True,,,,,,Incomplete,False,13.505924,0.3006764,High Pass,,6394.0,Aritz Aduriz Zubeldia,False,False,left_to_right,False,62.0,45.9,74.9,49.9,False,False,False,True
c48af372-80bf-4e43-a7f2-8ee552496917,3825747,1593,2,00:00:24.880,45,24,42,Ball Receipt*,113,322,Eibar,From Throw In,215,Athletic Club,6394.0,Aritz Aduriz Zubeldia,Center Forward,68.3,45.7,,,,False,,,,,,,False,,,,,,,False,False,left_to_right,False,68.3,45.7,,,False,False,False,False
633dea6f-b4eb-46e9-b870-fb21633811fb,3825747,1594,2,00:00:24.880,45,24,30,Pass,113,322,Eibar,From Throw In,322,Eibar,27239.0,Aleksandar Pantić,Left Center Back,45.2,30.2,67.0,67.8,2.830662,False,,,,,,,True,43.462627,1.0453718,High Pass,Recovery,6742.0,Sergio Gontán Gallardo,False,False,left_to_right,False,45.2,30.2,67.0,67.8,False,False,False,False
f41f381c-79c0-43c4-92e1-82947eea83b7,3825747,1595,2,00:00:27.711,45,27,42,Ball Receipt*,113,322,Eibar,From Throw In,322,Eibar,6742.0,Sergio Gontán Gallardo,Right Midfield,67.0,67.8,,,,False,,,,,,,False,,,,,,,False,False,left_to_right,False,67.0,67.8,,,False,False,False,False
a0857ca5-fbb8-408f-b977-154584aa3d8b,3825747,1596,2,00:00:27.711,45,27,43,Carry,113,322,Eibar,From Throw In,322,Eibar,6742.0,Sergio Gontán Gallardo,Right Midfield,67.0,67.8,85.2,78.0,5.042806,True,,,,,,,False,,,,,,,False,False,left_to_right,False,67.0,67.8,85.2,78.0,False,False,False,False
bdb673d3-64c5-48c1-8d91-066b88dc4234,3825747,1597,2,00:00:28.372,45,28,17,Pressure,113,322,Eibar,From Throw In,215,Athletic Club,6789.0,Mikel Balenziaga Oruesagasti,Left Back,53.1,12.3,,,0.339999,False,,,,,,,False,,,,,,,False,False,left_to_right,False,53.1,12.3,,,False,False,False,False
2c09df78-02c1-4346-a6d4-53354a00a766,3825747,1598,2,00:00:32.412,45,32,17,Pressure,113,322,Eibar,From Throw In,215,Athletic Club,6789.0,Mikel Balenziaga Oruesagasti,Left Back,39.3,3.6,,,0.342051,False,,,,,,,False,,,,,,,False,False,left_to_right,False,39.3,3.6,,,False,False,False,False
480e294a-63bc-4c05-ae53-c1dc825e2574,3825747,1599,2,00:00:32.754,45,32,14,Dribble,113,322,Eibar,From Throw In,322,Eibar,6742.0,Sergio Gontán Gallardo,Right Midfield,85.2,78.0,,,0.0,True,,,,,,,False,,,,,,,False,False,left_to_right,False,85.2,78.0,,,False,False,False,False
f290775c-b3e3-4363-a00d-f4dcf07b83b3,3825747,1600,2,00:00:32.754,45,32,4,Duel,113,322,Eibar,From Throw In,215,Athletic Club,6789.0,Mikel Balenziaga Oruesagasti,Left Back,34.9,2.1,,,0.0,True,,,,,,,False,,,,,,,False,False,left_to_right,False,34.9,2.1,,,False,False,False,False
509fbb04-ac5c-46b1-9f2b-755fdf3235b4,3825747,1601,2,00:00:49.419,45,49,30,Pass,114,322,Eibar,From Throw In,322,Eibar,6699.0,Ander Capa Rodríguez,Right Back,88.1,80.0,100.4,54.0,1.770936,False,,,,,,,True,28.76265,-1.1289182,High Pass,Throw-in,6700.0,Sergio Enrich Ametller,False,False,left_to_right,False,88.1,80.0,100.4,54.0,False,True,False,False
5526454d-c549-4fb8-bbb8-379d2a629969,3825747,1602,2,00:00:51.190,45,51,42,Ball Receipt*,114,322,Eibar,From Throw In,322,Eibar,6700.0,Sergio Enrich Ametller,Left Center Forward,100.4,54.0,,,,False,,,,,,,False,,,,,,,False,False,left_to_right,False,100.4,54.0,,,False,False,False,False
2e0364e8-5712-47d8-9b97-73c8ca51dc1b,3825747,1603,2,00:00:51.190,45,51,30,Pass,114,322,Eibar,From Throw In,322,Eibar,6700.0,Sergio Enrich Ametller,Left Center Forward,100.4,54.0,111.0,48.2,1.077901,False,,,,,,Incomplete,False,12.083046,-0.50066775,High Pass,,6742.0,Sergio Gontán Gallardo,False,False,left_to_right,False,100.4,54.0,111.0,48.2,False,True,False,True
6d653824-ad48-4366-b3c3-84524db4e0b1,3825747,1604,2,00:00:52.268,45,52,42,Ball Receipt*,114,322,Eibar,From Throw In,322,Eibar,6742.0,Sergio Gontán Gallardo,Right Midfield,105.8,53.8,,,,False,,,,,,,False,,,,,,,False,False,left_to_right,False,105.8,53.8,,,False,False,False,False
00811166-88cd-4bc3-afde-f4d1f7031a07,3825747,1605,2,00:00:52.268,45,52,30,Pass,115,215,Athletic Club,Regular Play,215,Athletic Club,4353.0,Aymeric Laporte,Left Center Back,9.1,31.9,6.8,39.5,1.23967,False,,,,,,,True,7.940403,1.8646656,Low Pass,Interception,6662.0,Iago Herrerín Buisán,False,False,left_to_right,False,9.1,31.9,6.8,39.5,False,False,False,False
6745d095-a036-4885-9c53-8294570326a2,3825747,1606,2,00:00:53.508,45,53,42,Ball Receipt*,115,215,Athletic Club,Regular Play,215,Athletic Club,6662.0,Iago Herrerín Buisán,Goalkeeper,6.8,39.5,,,,False,,,,,,,False,,,,,,,False,False,left_to_right,False,6.8,39.5,,,False,False,False,False
44cc2eff-484f-45bd-8935-c5acdc126815,3825747,1607,2,00:01:05.283,46,5,30,Pass,115,215,Athletic Club,Regular Play,215,Athletic Club,6662.0,Iago Herrerín Buisán,Goalkeeper,12.2,47.8,31.8,63.8,0.543809,False,,,,,,,True,25.301384,0.68461716,Ground Pass,,6649.0,Óscar de Marcos Arana,False,False,left_to_right,False,12.2,47.8,31.8,63.8,False,False,False,False
42183916-c2d0-4812-914e-3ed2638ab2ed,3825747,1608,2,00:01:05.826,46,5,42,Ball Receipt*,115,215,Athletic Club,Regular Play,215,Athletic Club,6649.0,Óscar de Marcos Arana,Right Back,31.8,63.8,,,,False,,,,,,,False,,,,,,,False,False,left_to_right,False,31.8,63.8,,,False,False,False,False
90f34a5f-c2ea-43a1-b1bd-b8b94ceb396a,3825747,1609,2,00:01:06.750,46,6,30,Pass,115,215,Athletic Club,Regular Play,215,Athletic Club,6649.0,Óscar de Marcos Arana,Right Back,37.2,63.8,72.9,34.0,2.165572,False,,,,,,,True,46.50301,-0.69556427,High Pass,,6842.0,Iker Muniain Goñi,False,False,left_to_right,False,37.2,63.8,72.9,34.0,False,True,False,False
cf6261d6-8b85-4279-95be-8ec283cd5aa2,3825747,1610,2,00:01:08.915,46,8,42,Ball Receipt*,115,215,Athletic Club,Regular Play,215,Athletic Club,6842.0,Iker Muniain Goñi,Center Attacking Midfield,72.9,34.0,,,,False,,,,,,,False,,,,,,,False,False,left_to_right,False,72.9,34.0,,,False,False,False,False
9a3cea66-0fab-4eaa-b277-ceb6af21ac2c,3825747,1611,2,00:01:08.915,46,8,30,Pass,115,215,Athletic Club,Regular Play,215,Athletic Club,6842.0,Iker Muniain Goñi,Center Attacking Midfield,72.9,34.0,61.2,37.6,0.997209,False,,,,,,,True,12.241323,2.8430936,Low Pass,,6396.0,Beñat Etxebarria Urkiaga,False,False,left_to_right,False,72.9,34.0,61.2,37.6,False,False,False,False
94fe19ce-c23a-42ca-aee9-ea3c31ec9755,3825747,1612,2,00:01:09.912,46,9,42,Ball Receipt*,115,215,Athletic Club,Regular Play,215,Athletic Club,6396.0,Beñat Etxebarria Urkiaga,Left Defensive Midfield,61.2,37.6,,,,False,,,,,,,False,,,,,,,False,False,left_to_right,False,61.2,37.6,,,False,False,False,False
cddbac1a-82d5-4655-95e9-d8fd183860ca,3825747,1613,2,00:01:09.912,46,9,43,Carry,115,215,Athletic Club,Regular Play,215,Athletic Club,6396.0,Beñat Etxebarria Urkiaga,Left Defensive Midfield,61.2,37.6,62.6,40.9,2.619482,True,,,,,,,False,,,,,,,False,False,left_to_right,False,61.2,37.6,62.6,40.9,False,False,False,False
6539c55d-ba93-42b0-ae18-8359187e042f,3825747,1614,2,00:01:10.544,46,10,17,Pressure,115,215,Athletic Club,Regular Play,322,Eibar,6742.0,Sergio Gontán Gallardo,Right Midfield,58.1,43.1,,,1.103845,False,,,,,,,False,,,,,,,False,False,left_to_right,False,58.1,43.1,,,False,False,False,False
16e095c6-5cd6-4038-9d53-db4f96e43c0e,3825747,1615,2,00:01:12.006,46,12,17,Pressure,115,215,Athletic Club,Regular Play,322,Eibar,6712.0,Gonzalo Escalante,Left Defensive Midfield,55.6,41.9,,,0.457814,False,,,,,,,False,,,,,,,False,False,left_to_right,False,55.6,41.9,,,False,False,False,False
50c6c7cd-8994-49be-b34f-1376a8175cae,3825747,1616,2,00:01:12.532,46,12,30,Pass,115,215,Athletic Club,Regular Play,215,Athletic Club,6396.0,Beñat Etxebarria Urkiaga,Left Defensive Midfield,62.6,40.9,72.4,69.7,1.7877,False,,,,,,Incomplete,False,30.421703,1.2428088,Low Pass,,6390.0,Markel Susaeta Laskurain,False,False,left_to_right,False,62.6,40.9,72.4,69.7,False,False,False,True
868c376b-8014-433e-9ca8-54685fe52d1e,3825747,1617,2,00:01:14.320,46,14,42,Ball Receipt*,115,215,Athletic Club,Regular Play,215,Athletic Club,6390.0,Markel Susaeta Laskurain,Right Wing,67.9,56.3,,,,False,,,,,,,False,,,,,,,False,False,left_to_right,False,67.9,56.3,,,False,False,False,False
8063f052-d75c-4ebb-afef-86e75e82062c,3825747,1618,2,00:01:14.320,46,14,2,Ball Recovery,116,322,Eibar,Regular Play,322,Eibar,24070.0,Saúl Berjón Pérez,Left Midfield,47.7,10.4,,,0.0,False,,,,,,,False,,,,,,,False,False,left_to_right,False,47.7,10.4,,,False,False,False,False
09272a22-9303-41d1-b1be-ad926232a79c,3825747,1619,2,00:01:14.320,46,14,43,Carry,116,322,Eibar,Regular Play,322,Eibar,24070.0,Saúl Berjón Pérez,Left Midfield,47.7,10.4,47.4,13.3,1.729105,True,,,,,,,False,,,,,,,False,False,left_to_right,False,47.7,10.4,47.4,13.3,False,False,False,False
6de3aca1-7f47-4033-b5a8-b1514c7ae9a0,3825747,1620,2,00:01:15.687,46,15,17,Pressure,116,322,Eibar,Regular Play,215,Athletic Club,6390.0,Markel Susaeta Laskurain,Right Wing,72.7,66.8,,,0.49209,False,,,,,,,False,,,,,,,False,False,left_to_right,False,72.7,66.8,,,False,False,False,False
3ee54dac-e0eb-4dd5-9f32-4d0bf14df694,3825747,1621,2,00:01:16.049,46,16,30,Pass,116,322,Eibar,Regular Play,322,Eibar,24070.0,Saúl Berjón Pérez,Left Midfield,47.4,13.3,42.7,14.8,0.97797,True,,,,,,,True,4.9335585,2.8326619,Ground Pass,,6776.0,David Juncà Reñé,False,False,left_to_right,False,47.4,13.3,42.7,14.8,False,False,False,False
6e0cc5af-0e1d-42d4-9866-4f5024ce6ea0,3825747,1622,2,00:01:17.027,46,17,42,Ball Receipt*,116,322,Eibar,Regular Play,322,Eibar,6776.0,David Juncà Reñé,Left Back,42.7,14.8,,,,False,,,,,,,False,,,,,,,False,False,left_to_right,False,42.7,14.8,,,False,False,False,False
a1e0c6c0-2b68-43dc-be62-cc0a43f6ad92,3825747,1623,2,00:01:17.027,46,17,43,Carry,116,322,Eibar,Regular Play,322,Eibar,6776.0,David Juncà Reñé,Left Back,42.7,14.8,45.1,12.9,0.514901,False,,,,,,,False,,,,,,,False,False,left_to_right,False,42.7,14.8,45.1,12.9,False,False,False,False
f4b4c137-d3c4-4641-bb86-f4b8ddfa3347,3825747,1624,2,00:01:17.541,46,17,30,Pass,116,322,Eibar,Regular Play,322,Eibar,6776.0,David Juncà Reñé,Left Back,45.1,12.9,53.1,9.6,0.83399,False,,,,,,,True,8.653901,-0.3912356,Ground Pass,,24070.0,Saúl Berjón Pérez,False,False,left_to_right,False,45.1,12.9,53.1,9.6,False,False,False,False
90a3a24b-0071-4242-af26-50126fc35bb6,3825747,1625,2,00:01:18.375,46,18,42,Ball Receipt*,116,322,Eibar,Regular Play,322,Eibar,24070.0,Saúl Berjón Pérez,Left Midfield,53.1,9.6,,,,False,,,,,,,False,,,,,,,False,False,left_to_right,False,53.1,9.6,,,False,False,False,False
ec71112b-1f41-4f35-b27d-d5d5ba248635,3825747,1626,2,00:01:18.375,46,18,43,Carry,116,322,Eibar,Regular Play,322,Eibar,24070.0,Saúl Berjón Pérez,Left Midfield,53.1,9.6,55.4,9.6,0.636975,True,,,,,,,False,,,,,,,False,False,left_to_right,False,53.1,9.6,55.4,9.6,False,False,False,False
eaff3e53-e949-4310-ba57-c8fcea19cf33,3825747,1627,2,00:01:18.813,46,18,17,Pressure,116,322,Eibar,Regular Play,215,Athletic Club,6649.0,Óscar de Marcos Arana,Right Back,65.1,70.5,,,0.204069,False,,,,,,,False,,,,,,,False,False,left_to_right,False,65.1,70.5,,,False,False,False,False
8f91a723-d8a9-4ec7-a9e0-99e7ffc203ee,3825747,1628,2,00:01:19.012,46,19,30,Pass,116,322,Eibar,Regular Play,322,Eibar,24070.0,Saúl Berjón Pérez,Left Midfield,55.4,9.6,60.0,9.4,0.044812,True,,,,,,Incomplete,False,4.604346,-0.043450896,Ground Pass,,,,False,False,left_to_right,False,55.4,9.6,60.0,9.4,False,False,False,True
97d0655b-b0c8-4478-876b-28367f3a2ab5,3825747,1629,2,00:01:19.057,46,19,6,Block,116,322,Eibar,Regular Play,215,Athletic Club,6649.0,Óscar de Marcos Arana,Right Back,60.1,70.7,,,0.0,False,,,,,,,False,,,,,,,False,False,left_to_right,False,60.1,70.7,,,False,False,False,False
9a8a923f-99a5-4f30-bcab-26fe106ba4b2,3825747,1630,2,00:01:19.544,46,19,17,Pressure,116,322,Eibar,Regular Play,215,Athletic Club,6649.0,Óscar de Marcos Arana,Right Back,56.4,71.4,,,0.787542,False,,,,,,,False,,,,,,,False,False,left_to_right,False,56.4,71.4,,,False,False,False,False
516f3396-f4cd-40f5-bd5d-2e3cd5b6ca32,3825747,1631,2,00:01:19.638,46,19,2,Ball Recovery,116,322,Eibar,Regular Play,322,Eibar,24070.0,Saúl Berjón Pérez,Left Midfield,56.0,8.7,,,0.0,True,,,,,,,False,,,,,,,False,False,left_to_right,False,56.0,8.7,,,False,False,False,False
a46e4e65-103f-4fe2-b290-6f4f2824e7fc,3825747,1632,2,00:01:19.638,46,19,43,Carry,116,322,Eibar,Regular Play,322,Eibar,24070.0,Saúl Berjón Pérez,Left Midfield,56.0,8.7,55.6,6.7,0.712247,True,,,,,,,False,,,,,,,False,False,left_to_right,False,56.0,8.7,55.6,6.7,False,False,False,False
2afb0092-9c8d-46b3-9c73-dd7717c1be6f,3825747,1633,2,00:01:20.052,46,20,17,Pressure,116,322,Eibar,Regular Play,215,Athletic Club,6390.0,Markel Susaeta Laskurain,Right Wing,67.2,72.8,,,0.426614,False,,,,,,,False,,,,,,,False,False,left_to_right,False,67.2,72.8,,,False,False,False,False
5cd357a8-cf69-4582-8a80-315f8854bd80,3825747,1634,2,00:01:20.350,46,20,30,Pass,116,322,Eibar,Regular Play,322,Eibar,24070.0,Saúl Berjón Pérez,Left Midfield,55.6,6.7,52.2,6.9,0.24869,True,,,,,,Incomplete,False,3.4058774,3.0828369,Ground Pass,,6776.0,David Juncà Reñé,False,False,left_to_right,False,55.6,6.7,52.2,6.9,False,False,False,True
e9cfb15e-4cf3-460d-bdc4-2ff6eb6a035f,3825747,1635,2,00:01:20.599,46,20,42,Ball Receipt*,116,322,Eibar,Regular Play,322,Eibar,6776.0,David Juncà Reñé,Left Back,42.2,8.9,,,,False,,,,,,,False,,,,,,,False,False,left_to_right,False,42.2,8.9,,,False,False,False,False
3974da88-2492-4f32-ab4a-1e5eb7514446,3825747,1636,2,00:01:20.599,46,20,6,Block,116,322,Eibar,Regular Play,215,Athletic Club,6390.0,Markel Susaeta Laskurain,Right Wing,67.9,73.2,,,0.0,False,,,,,,,False,,,,,,,False,False,left_to_right,False,67.9,73.2,,,False,False,False,False
91d06930-e9ba-4825-81f7-55baac308216,3825747,1637,2,00:01:32.633,46,32,30,Pass,117,322,Eibar,From Throw In,322,Eibar,6776.0,David Juncà Reñé,Left Back,66.4,0.1,76.8,9.0,0.988484,False,,,,,,,True,13.688316,0.7078339,Low Pass,Throw-in,24070.0,Saúl Berjón Pérez,False,False,left_to_right,False,66.4,0.1,76.8,9.0,False,False,False,False
9f600822-fb49-43cc-aee9-02bc039cee38,3825747,1638,2,00:01:33.621,46,33,42,Ball Receipt*,117,322,Eibar,From Throw In,322,Eibar,24070.0,Saúl Berjón Pérez,Left Midfield,76.8,9.0,,,,False,,,,,,,False,,,,,,,False,False,left_to_right,False,76.8,9.0,,,False,False,False,False
783d64dc-cdce-4c0e-99a5-1c12aa6f629b,3825747,1639,2,00:01:33.621,46,33,43,Carry,117,322,Eibar,From Throw In,322,Eibar,24070.0,Saúl Berjón Pérez,Left Midfield,76.8,9.0,76.8,9.0,0.04,False,,,,,,,False,,,,,,,False,False,left_to_right,False,76.8,9.0,76.8,9.0,False,False,False,False
1130ed66-a176-4e10-9051-6b555fe1bb60,3825747,1640,2,00:01:33.661,46,33,30,Pass,117,322,Eibar,From Throw In,322,Eibar,24070.0,Saúl Berjón Pérez,Left Midfield,76.8,9.0,65.8,22.7,1.020998,False,,,,,,,True,17.569576,2.247315,Ground Pass,,6775.0,Daniel García Carrillo,False,False,left_to_right,False,76.8,9.0,65.8,22.7,False,False,False,False
6785511c-0347-4b9e-a304-048614507069,3825747,1641,2,00:01:34.682,46,34,42,Ball Receipt*,117,322,Eibar,From Throw In,322,Eibar,6775.0,Daniel García Carrillo,Right Defensive Midfield,65.8,22.7,,,,False,,,,,,,False,,,,,,,False,False,left_to_right,False,65.8,22.7,,,False,False,False,False
686d8c11-29d5-47ab-adc6-9c295ab5d135,3825747,1642,2,00:01:34.682,46,34,43,Carry,117,322,Eibar,From Throw In,322,Eibar,6775.0,Daniel García Carrillo,Right Defensive Midfield,65.8,22.7,76.9,9.4,2.835329,False,,,,,,,False,,,,,,,False,False,left_to_right,False,65.8,22.7,76.9,9.4,False,False,False,False
1b69f358-4d73-4390-942a-db830cebee5f,3825747,1643,2,00:01:37.518,46,37,30,Pass,117,322,Eibar,From Throw In,322,Eibar,6775.0,Daniel García Carrillo,Right Defensive Midfield,76.9,9.4,80.4,9.4,0.259172,False,,,,,,Incomplete,False,3.5,0.0,Low Pass,,6700.0,Sergio Enrich Ametller,False,False,left_to_right,False,76.9,9.4,80.4,9.4,False,False,True,True
09d2f025-4fa4-4bc1-b3cf-6b0f26e8c100,3825747,1644,2,00:01:37.777,46,37,42,Ball Receipt*,117,322,Eibar,From Throw In,322,Eibar,6700.0,Sergio Enrich Ametller,Left Center Forward,89.1,14.4,,,,False,,,,,,,False,,,,,,,False,False,left_to_right,False,89.1,14.4,,,False,False,False,False
7667d16a-97b1-475d-96b8-8b55efa854a3,3825747,1645,2,00:01:37.777,46,37,6,Block,117,322,Eibar,From Throw In,215,Athletic Club,6389.0,Mikel San José Domínguez,Right Defensive Midfield,39.7,70.7,,,0.0,False,,,,,,,False,,,,,,,False,False,left_to_right,False,39.7,70.7,,,False,False,False,False
e30349b0-66ec-4859-8717-c54497ea56db,3825747,1646,2,00:01:38.482,46,38,17,Pressure,117,322,Eibar,From Throw In,322,Eibar,6775.0,Daniel García Carrillo,Right Defensive Midfield,79.6,6.4,,,0.34466,False,,,,,,,False,,,,,,,False,False,left_to_right,False,79.6,6.4,,,False,False,False,False
ee3b175a-5543-47e2-98f9-0e7ddfa89fc8,3825747,1647,2,00:01:38.630,46,38,30,Pass,117,322,Eibar,From Throw In,215,Athletic Club,6389.0,Mikel San José Domínguez,Right Defensive Midfield,40.7,73.7,53.1,74.9,1.571995,True,,,,,,Incomplete,False,12.45793,0.096473776,Low Pass,Recovery,6390.0,Markel Susaeta Laskurain,False,False,left_to_right,False,40.7,73.7,53.1,74.9,False,False,False,True
267b7e62-c405-4bdc-98a4-4faa6a52fabc,3825747,1648,2,00:01:40.202,46,40,42,Ball Receipt*,117,322,Eibar,From Throw In,215,Athletic Club,6390.0,Markel Susaeta Laskurain,Right Wing,45.8,70.5,,,,False,,,,,,,False,,,,,,,False,False,left_to_right,False,45.8,70.5,,,False,False,False,False
5e78944b-2030-4773-ab69-758ef91be9b0,3825747,1649,2,00:01:40.202,46,40,2,Ball Recovery,117,322,Eibar,From Throw In,322,Eibar,6776.0,David Juncà Reñé,Left Back,67.0,5.2,,,0.0,False,,,,,,,False,,,,,,,False,False,left_to_right,False,67.0,5.2,,,False,False,False,False
9799b18c-3013-439e-8044-3175338b3e0d,3825747,1650,2,00:01:40.202,46,40,43,Carry,117,322,Eibar,From Throw In,322,Eibar,6776.0,David Juncà Reñé,Left Back,67.0,5.2,63.9,7.5,0.76393,True,,,,,,,False,,,,,,,False,False,left_to_right,False,67.0,5.2,63.9,7.5,False,False,False,False
225773a8-65f4-4f02-87e8-0607b2c353f5,3825747,1651,2,00:01:40.567,46,40,17,Pressure,117,322,Eibar,From Throw In,215,Athletic Club,6390.0,Markel Susaeta Laskurain,Right Wing,51.2,71.2,,,0.492488,False,,,,,,,False,,,,,,,False,False,left_to_right,False,51.2,71.2,,,False,False,False,False
fa222328-70e9-4ffb-8f52-68882dde63b2,3825747,1652,2,00:01:40.966,46,40,30,Pass,117,322,Eibar,From Throw In,322,Eibar,6776.0,David Juncà Reñé,Left Back,63.9,7.5,46.6,13.9,1.670627,True,,,,,,,True,18.445868,2.7872636,Ground Pass,,27239.0,Aleksandar Pantić,False,False,left_to_right,False,63.9,7.5,46.6,13.9,False,False,False,False
3e5f9763-5430-483a-b4fb-426ab37a007f,3825747,1653,2,00:01:42.637,46,42,42,Ball Receipt*,117,322,Eibar,From Throw In,322,Eibar,27239.0,Aleksandar Pantić,Left Center Back,46.6,13.9,,,,False,,,,,,,False,,,,,,,False,False,left_to_right,False,46.6,13.9,,,False,False,False,False
8f419585-a46f-4168-8e27-c4cbf3e2a747,3825747,1654,2,00:01:42.637,46,42,43,Carry,117,322,Eibar,From Throw In,322,Eibar,27239.0,Aleksandar Pantić,Left Center Back,46.6,13.9,48.7,12.5,3.431387,True,,,,,,,False,,,,,,,False,False,left_to_right,False,46.6,13.9,48.7,12.5,False,False,False,False
96557207-bfdd-4967-a1a3-25fde5608475,3825747,1655,2,00:01:45.567,46,45,17,Pressure,117,322,Eibar,From Throw In,215,Athletic Club,6394.0,Aritz Aduriz Zubeldia,Center Forward,73.9,63.9,,,0.543379,False,,,,,,,False,,,,,,,False,False,left_to_right,False,73.9,63.9,,,False,False,False,False
29d8962e-8a12-4baf-a257-120939548a5a,3825747,1656,2,00:01:46.068,46,46,30,Pass,117,322,Eibar,From Throw In,322,Eibar,27239.0,Aleksandar Pantić,Left Center Back,48.7,12.5,88.1,23.8,1.833047,True,,,,,,,True,40.988415,0.279305,High Pass,,6700.0,Sergio Enrich Ametller,False,False,left_to_right,False,48.7,12.5,88.1,23.8,False,True,True,False
80a2922e-a5cf-4fa0-9559-4e30183234f3,3825747,1657,2,00:01:47.901,46,47,42,Ball Receipt*,117,322,Eibar,From Throw In,322,Eibar,6700.0,Sergio Enrich Ametller,Left Center Forward,88.1,23.8,,,,False,,,,,,,False,,,,,,,False,False,left_to_right,False,88.1,23.8,,,False,False,False,False
d5cec38b-aba3-4d59-8695-79c17772104c,3825747,1658,2,00:01:47.901,46,47,38,Miscontrol,117,322,Eibar,From Throw In,322,Eibar,6700.0,Sergio Enrich Ametller,Left Center Forward,86.2,24.4,,,0.0,False,,,,,,,False,,,,,,,False,False,left_to_right,False,86.2,24.4,,,False,False,False,True
c0169397-1829-4c63-a1dd-8f1d6b0e6183,3825747,1659,2,00:01:48.868,46,48,17,Pressure,117,322,Eibar,From Throw In,322,Eibar,6566.0,Borja González Tomás,Right Center Forward,84.2,23.7,,,0.186663,False,,,,,,,False,,,,,,,False,False,left_to_right,False,84.2,23.7,,,False,False,False,False
a919f3e0-b68c-49a2-ad3f-d737b6fdc681,3825747,1660,2,00:01:49.153,46,49,10,Interception,117,322,Eibar,From Throw In,215,Athletic Club,6386.0,Eneko Bóveda Altube,Right Center Back,41.8,57.8,,,0.0,False,,,,,,,False,,,,,,,False,False,left_to_right,False,41.8,57.8,,,False,False,False,False
2935b7d5-b568-42b4-9787-61ccfdfa3819,3825747,1661,2,00:01:51.128,46,51,2,Ball Recovery,117,322,Eibar,From Throw In,322,Eibar,27239.0,Aleksandar Pantić,Left Center Back,63.1,21.0,,,0.0,False,,,,,,,False,,,,,,,False,False,left_to_right,False,63.1,21.0,,,False,False,False,False
91dbaa29-5229-49c3-bb7d-eb2fc7438620,3825747,1662,2,00:01:51.128,46,51,43,Carry,117,322,Eibar,From Throw In,322,Eibar,27239.0,Aleksandar Pantić,Left Center Back,63.1,21.0,68.3,21.5,0.92315,False,,,,,,,False,,,,,,,False,False,left_to_right,False,63.1,21.0,68.3,21.5,False,False,False,False
2556d81b-3d4a-4a4d-9053-c5797bdffdfc,3825747,1663,2,00:01:52.051,46,52,30,Pass,117,322,Eibar,From Throw In,322,Eibar,27239.0,Aleksandar Pantić,Left Center Back,68.3,21.5,70.6,21.2,0.176231,False,,,,,,Incomplete,False,2.3194828,-0.12970254,Ground Pass,,6566.0,Borja González Tomás,False,False,left_to_right,False,68.3,21.5,70.6,21.2,False,False,False,True
4a5fa7c3-4e36-43a6-b45a-632d3b281895,3825747,1664,2,00:01:52.227,46,52,42,Ball Receipt*,117,322,Eibar,From Throw In,322,Eibar,6566.0,Borja González Tomás,Right Center Forward,75.2,21.2,,,,False,,,,,,,False,,,,,,,False,False,left_to_right,False,75.2,21.2,,,False,False,False,False
acc20cb2-8961-4fb5-a344-571f4b9c79f5,3825747,1665,2,00:01:52.227,46,52,6,Block,117,322,Eibar,From Throw In,215,Athletic Club,6389.0,Mikel San José Domínguez,Right Defensive Midfield,49.5,58.9,,,0.0,False,,,,,,,False,,,,,,,False,False,left_to_right,False,49.5,58.9,,,False,False,False,False
195bf202-06cc-4beb-9224-b4b1d389941b,3825747,1666,2,00:01:53.532,46,53,17,Pressure,117,322,Eibar,From Throw In,322,Eibar,27239.0,Aleksandar Pantić,Left Center Back,71.8,21.2,,,0.194917,False,,,,,,,False,,,,,,,False,False,left_to_right,False,71.8,21.2,,,False,False,False,False
f7a1717c-3662-44ba-ac84-054b226228f4,3825747,1667,2,00:01:53.781,46,53,30,Pass,117,322,Eibar,From Throw In,215,Athletic Club,6390.0,Markel Susaeta Laskurain,Right Wing,52.0,62.6,85.2,70.7,2.245735,False,,,,,,Pass Offside,False,34.17382,0.23930094,High Pass,Recovery,6394.0,Aritz Aduriz Zubeldia,False,False,left_to_right,False,52.0,62.6,85.2,70.7,False,True,True,True
5c397a5f-7364-4fa5-86b5-fd9fe2cb6f96,3825747,1668,2,00:01:56.027,46,56,42,Ball Receipt*,117,322,Eibar,From Throw In,215,Athletic Club,6394.0,Aritz Aduriz Zubeldia,Center Forward,85.2,70.7,,,,False,,,,,,,False,,,,,,,False,False,left_to_right,False,85.2,70.7,,,False,False,False,False
eccaadeb-7321-479f-8425-f1e0e2341347,3825747,1669,2,00:02:08.890,47,8,30,Pass,118,322,Eibar,From Free Kick,322,Eibar,27239.0,Aleksandar Pantić,Left Center Back,34.1,8.7,39.3,34.6,1.522623,False,,,,,,,True,26.416851,1.3726584,Ground Pass,Free Kick,6837.0,Mauro Javier Dos Santos,False,False,left_to_right,False,34.1,8.7,39.3,34.6,False,False,False,False
7ef047d4-0bcc-4dab-b087-c5914fdb979c,3825747,1670,2,00:02:10.413,47,10,42,Ball Receipt*,118,322,Eibar,From Free Kick,322,Eibar,6837.0,Mauro Javier Dos Santos,Right Center Back,39.3,34.6,,,,False,,,,,,,False,,,,,,,False,False,left_to_right,False,39.3,34.6,,,False,False,False,False
c786aaee-efb5-4a15-a50a-9a4db30c6a8d,3825747,1671,2,00:02:10.413,47,10,43,Carry,118,322,Eibar,From Free Kick,322,Eibar,6837.0,Mauro Javier Dos Santos,Right Center Back,39.3,34.6,46.8,45.9,2.851993,False,,,,,,,False,,,,,,,False,False,left_to_right,False,39.3,34.6,46.8,45.9,False,False,False,False
ec8b7604-ef5b-4c69-8f79-6a748b70773f,3825747,1672,2,00:02:13.265,47,13,30,Pass,118,322,Eibar,From Free Kick,322,Eibar,6837.0,Mauro Javier Dos Santos,Right Center Back,46.8,45.9,53.1,74.4,1.655185,False,,,,,,,True,29.188011,1.3532422,Ground Pass,,6699.0,Ander Capa Rodríguez,False,False,left_to_right,False,46.8,45.9,53.1,74.4,False,False,False,False
89e4744a-31e3-4786-a32a-95532665d323,3825747,1673,2,00:02:14.920,47,14,42,Ball Receipt*,118,322,Eibar,From Free Kick,322,Eibar,6699.0,Ander Capa Rodríguez,Right Back,53.1,74.4,,,,False,,,,,,,False,,,,,,,False,False,left_to_right,False,53.1,74.4,,,False,False,False,False
d690d34f-96de-40a4-9132-25f4bf9d1a2a,3825747,1674,2,00:02:14.920,47,14,43,Carry,118,322,Eibar,From Free Kick,322,Eibar,6699.0,Ander Capa Rodríguez,Right Back,53.1,74.4,51.2,72.3,0.033058003,False,,,,,,,False,,,,,,,False,False,left_to_right,False,53.1,74.4,51.2,72.3,False,False,False,False
b3d68c77-ce84-4223-80d5-72f87793f1c6,3825747,1675,2,00:02:14.953,47,14,30,Pass,118,322,Eibar,From Free Kick,322,Eibar,6699.0,Ander Capa Rodríguez,Right Back,51.2,72.3,47.5,61.9,1.506517,False,,,,,,,True,11.0385685,-1.9126015,Ground Pass,,6837.0,Mauro Javier Dos Santos,False,False,left_to_right,False,51.2,72.3,47.5,61.9,False,False,False,False
eee5c210-a4b5-439c-9c20-e22a0c92a2cd,3825747,1676,2,00:02:16.459,47,16,42,Ball Receipt*,118,322,Eibar,From Free Kick,322,Eibar,6837.0,Mauro Javier Dos Santos,Right Center Back,47.5,61.9,,,,False,,,,,,,False,,,,,,,False,False,left_to_right,False,47.5,61.9,,,False,False,False,False
0a1c7959-2fdd-41c9-bfaf-98c76c228b13,3825747,1677,2,00:02:16.459,47,16,43,Carry,118,322,Eibar,From Free Kick,322,Eibar,6837.0,Mauro Javier Dos Santos,Right Center Back,47.5,61.9,37.8,64.2,2.484064,True,,,,,,,False,,,,,,,False,False,left_to_right,False,47.5,61.9,37.8,64.2,False,False,False,False
fa077a62-2d25-4d17-b9c2-215d7c0169c9,3825747,1678,2,00:02:17.784,47,17,17,Pressure,118,322,Eibar,From Free Kick,215,Athletic Club,6842.0,Iker Muniain Goñi,Center Attacking Midfield,75.2,16.9,,,0.960183,False,,,,,,,False,,,,,,,False,False,left_to_right,False,75.2,16.9,,,False,False,False,False
50486c77-e296-4439-aa4a-8e7499180227,3825747,1679,2,00:02:18.944,47,18,30,Pass,118,322,Eibar,From Free Kick,322,Eibar,6837.0,Mauro Javier Dos Santos,Right Center Back,37.8,64.2,8.0,43.8,2.460645,False,,,,,,,True,36.11371,-2.541302,Ground Pass,,10763.0,Asier Riesgo Unamuno,False,False,left_to_right,False,37.8,64.2,8.0,43.8,False,False,False,False
4b858bda-84f1-45e3-ac85-45b0102009a6,3825747,1680,2,00:02:21.404,47,21,42,Ball Receipt*,118,322,Eibar,From Free Kick,322,Eibar,10763.0,Asier Riesgo Unamuno,Goalkeeper,8.0,43.8,,,,False,,,,,,,False,,,,,,,False,False,left_to_right,False,8.0,43.8,,,False,False,False,False
44e65bc7-a625-4035-9ad1-c9269b3ecd07,3825747,1681,2,00:02:21.404,47,21,43,Carry,118,322,Eibar,From Free Kick,322,Eibar,10763.0,Asier Riesgo Unamuno,Goalkeeper,8.0,43.8,15.7,41.7,5.846091,False,,,,,,,False,,,,,,,False,False,left_to_right,False,8.0,43.8,15.7,41.7,False,False,False,False
9a474ebe-de36-48ee-8971-ef601fb9425d,3825747,1682,2,00:02:27.250,47,27,30,Pass,118,322,Eibar,From Free Kick,322,Eibar,10763.0,Asier Riesgo Unamuno,Goalkeeper,15.7,41.7,76.0,36.9,3.356611,False,,,,,,,True,60.49074,-0.07943449,High Pass,,6700.0,Sergio Enrich Ametller,False,False,left_to_right,False,15.7,41.7,76.0,36.9,False,True,False,False
eeb094c2-72a3-4c08-a037-25520a6bd118,3825747,1683,2,00:02:30.571,47,30,17,Pressure,118,322,Eibar,From Free Kick,215,Athletic Club,6386.0,Eneko Bóveda Altube,Right Center Back,44.3,43.6,,,0.079998,False,,,,,,,False,,,,,,,False,False,left_to_right,False,44.3,43.6,,,False,False,False,False
fdf71326-9cea-453b-955a-0570a5aa9eeb,3825747,1684,2,00:02:30.607,47,30,42,Ball Receipt*,118,322,Eibar,From Free Kick,322,Eibar,6700.0,Sergio Enrich Ametller,Left Center Forward,76.0,36.9,,,,True,,,,,,,False,,,,,,,False,False,left_to_right,False,76.0,36.9,,,False,False,False,False
4d3d34ea-2dc0-4a24-8664-ee092bf4fd5e,3825747,1685,2,00:02:30.607,47,30,30,Pass,118,322,Eibar,From Free Kick,322,Eibar,6700.0,Sergio Enrich Ametller,Left Center Forward,74.1,36.5,68.5,34.0,1.087697,True,,,,,,Incomplete,False,6.132699,-2.7217126,Low Pass,,,,False,False,left_to_right,False,74.1,36.5,68.5,34.0,False,False,False,True
0e48481e-c4c3-4714-a33f-90c43b2b192c,3825747,1686,2,00:02:31.587,47,31,17,Pressure,118,322,Eibar,From Free Kick,322,Eibar,6712.0,Gonzalo Escalante,Left Defensive Midfield,67.7,34.8,,,0.189287,False,,,,,,,False,,,,,,,False,False,left_to_right,False,67.7,34.8,,,False,False,False,False
eec6f823-7bb4-40b1-93a5-02a01bca159e,3825747,1687,2,00:02:31.695,47,31,30,Pass,119,215,Athletic Club,Regular Play,215,Athletic Club,6390.0,Markel Susaeta Laskurain,Right Wing,51.6,46.1,53.9,38.0,1.532134,True,,,,,,,True,8.420214,-1.294128,Low Pass,Interception,6396.0,Beñat Etxebarria Urkiaga,False,False,left_to_right,False,51.6,46.1,53.9,38.0,False,False,False,False
fc73630b-f446-4897-8226-3d2b39c4abdc,3825747,1688,2,00:02:33.227,47,33,42,Ball Receipt*,119,215,Athletic Club,Regular Play,215,Athletic Club,6396.0,Beñat Etxebarria Urkiaga,Left Defensive Midfield,53.9,38.0,,,,False,,,,,,,False,,,,,,,False,False,left_to_right,False,53.9,38.0,,,False,False,False,False
d283ffa6-2a75-4e23-a6ce-555b28beeb94,3825747,1689,2,00:02:33.227,47,33,43,Carry,119,215,Athletic Club,Regular Play,215,Athletic Club,6396.0,Beñat Etxebarria Urkiaga,Left Defensive Midfield,53.9,38.0,60.4,34.2,1.069023,True,,,,,,,False,,,,,,,False,False,left_to_right,False,53.9,38.0,60.4,34.2,False,False,False,False
bb3a6d58-97f6-4441-a1aa-8edb1e34ed6e,3825747,1690,2,00:02:34.249,47,34,17,Pressure,119,215,Athletic Club,Regular Play,322,Eibar,6742.0,Sergio Gontán Gallardo,Right Midfield,59.7,45.9,,,0.188766,False,,,,,,,False,,,,,,,False,False,left_to_right,False,59.7,45.9,,,False,False,False,False
9cc01127-403a-4108-b0b0-0c0c5e0266ff,3825747,1691,2,00:02:34.296,47,34,30,Pass,119,215,Athletic Club,Regular Play,215,Athletic Club,6396.0,Beñat Etxebarria Urkiaga,Left Defensive Midfield,60.4,34.2,64.7,11.9,1.407028,True,,,,,,,True,22.71079,-1.3803091,Ground Pass,,6666.0,Sabin Merino Zuloaga,False,False,left_to_right,False,60.4,34.2,64.7,11.9,False,False,False,False
5bb7eadc-4271-42e3-ba81-3be3899196e4,3825747,1692,2,00:02:35.703,47,35,42,Ball Receipt*,119,215,Athletic Club,Regular Play,215,Athletic Club,6666.0,Sabin Merino Zuloaga,Left Wing,64.7,11.9,,,,False,,,,,,,False,,,,,,,False,False,left_to_right,False,64.7,11.9,,,False,False,False,False
69f1de7e-31c3-48f1-9065-555bfe2b4627,3825747,1693,2,00:02:35.703,47,35,43,Carry,119,215,Athletic Club,Regular Play,215,Athletic Club,6666.0,Sabin Merino Zuloaga,Left Wing,64.7,11.9,63.5,11.5,0.765847,False,,,,,,,False,,,,,,,False,False,left_to_right,False,64.7,11.9,63.5,11.5,False,False,False,False
f2884f40-d853-4bb2-ac1c-624e6ed80fba,3825747,1694,2,00:02:36.469,47,36,30,Pass,119,215,Athletic Club,Regular Play,215,Athletic Club,6666.0,Sabin Merino Zuloaga,Left Wing,63.5,11.5,54.9,11.5,0.857564,False,,,,,,,True,8.6,3.1415927,Ground Pass,,6789.0,Mikel Balenziaga Oruesagasti,False,False,left_to_right,False,63.5,11.5,54.9,11.5,False,False,False,False
8f53b74c-69d5-4281-8baf-fa527b58e284,3825747,1695,2,00:02:37.326,47,37,42,Ball Receipt*,119,215,Athletic Club,Regular Play,215,Athletic Club,6789.0,Mikel Balenziaga Oruesagasti,Left Back,54.9,11.5,,,,False,,,,,,,False,,,,,,,False,False,left_to_right,False,54.9,11.5,,,False,False,False,False
c25ffcc2-540a-4181-b362-88bc8b3d74dc,3825747,1696,2,00:02:37.326,47,37,43,Carry,119,215,Athletic Club,Regular Play,215,Athletic Club,6789.0,Mikel Balenziaga Oruesagasti,Left Back,54.9,11.5,54.9,11.5,1.080789,False,,,,,,,False,,,,,,,False,False,left_to_right,False,54.9,11.5,54.9,11.5,False,False,False,False
89a5c96f-03d5-4275-a684-8ec42867af53,3825747,1697,2,00:02:38.407,47,38,30,Pass,119,215,Athletic Club,Regular Play,215,Athletic Club,6789.0,Mikel Balenziaga Oruesagasti,Left Back,54.9,11.5,41.4,14.8,1.065751,False,,,,,,,True,13.897482,2.9018495,Ground Pass,,4353.0,Aymeric Laporte,False,False,left_to_right,False,54.9,11.5,41.4,14.8,False,False,False,False
90ae3c73-8bda-4570-9d87-cbdc459e9e19,3825747,1698,2,00:02:39.473,47,39,42,Ball Receipt*,119,215,Athletic Club,Regular Play,215,Athletic Club,4353.0,Aymeric Laporte,Left Center Back,41.4,14.8,,,,False,,,,,,,False,,,,,,,False,False,left_to_right,False,41.4,14.8,,,False,False,False,False
111d0fc8-530b-4e54-96ec-084132eedfb5,3825747,1699,2,00:02:39.473,47,39,43,Carry,119,215,Athletic Club,Regular Play,215,Athletic Club,4353.0,Aymeric Laporte,Left Center Back,41.4,14.8,43.0,18.8,1.355945,False,,,,,,,False,,,,,,,False,False,left_to_right,False,41.4,14.8,43.0,18.8,False,False,False,False
9a9aa0a7-a19d-4e68-8093-4c816e2c6e4a,3825747,1700,2,00:02:40.829,47,40,30,Pass,119,215,Athletic Club,Regular Play,215,Athletic Club,4353.0,Aymeric Laporte,Left Center Back,43.0,18.8,54.3,21.5,0.772532,False,,,,,,,True,11.61809,0.23454063,Ground Pass,,6396.0,Beñat Etxebarria Urkiaga,False,False,left_to_right,False,43.0,18.8,54.3,21.5,False,False,False,False
f7ec17a9-4491-4f63-9e81-88bb4e1971de,3825747,1701,2,00:02:41.601,47,41,42,Ball Receipt*,119,215,Athletic Club,Regular Play,215,Athletic Club,6396.0,Beñat Etxebarria Urkiaga,Left Defensive Midfield,54.3,21.5,,,,False,,,,,,,False,,,,,,,False,False,left_to_right,False,54.3,21.5,,,False,False,False,False
b6e6e319-34d2-4efb-8f7c-29f286a81c35,3825747,1702,2,00:02:41.601,47,41,43,Carry,119,215,Athletic Club,Regular Play,215,Athletic Club,6396.0,Beñat Etxebarria Urkiaga,Left Defensive Midfield,54.3,21.5,53.7,21.5,1.094395,True,,,,,,,False,,,,,,,False,False,left_to_right,False,54.3,21.5,53.7,21.5,False,False,False,False
1ff62a5d-ddea-4836-9fea-54f579e28eac,3825747,1703,2,00:02:42.047,47,42,17,Pressure,119,215,Athletic Club,Regular Play,322,Eibar,6775.0,Daniel García Carrillo,Right Defensive Midfield,65.8,58.6,,,0.208601,False,,,,,,,False,,,,,,,False,False,left_to_right,False,65.8,58.6,,,False,False,False,False
08a5a929-93ec-47fc-adc4-c853136094ed,3825747,1704,2,00:02:42.246,47,42,17,Pressure,119,215,Athletic Club,Regular Play,322,Eibar,6712.0,Gonzalo Escalante,Left Defensive Midfield,66.2,58.6,,,0.207455,False,,,,,,,False,,,,,,,False,False,left_to_right,False,66.2,58.6,,,False,False,False,False
7be30a6f-2ff5-4bb2-8ba2-077853cdc829,3825747,1705,2,00:02:42.696,47,42,30,Pass,119,215,Athletic Club,Regular Play,215,Athletic Club,6396.0,Beñat Etxebarria Urkiaga,Left Defensive Midfield,53.7,21.5,34.5,44.5,2.149594,False,,,,,,,True,29.96064,2.2663894,Low Pass,,6386.0,Eneko Bóveda Altube,False,False,left_to_right,False,53.7,21.5,34.5,44.5,False,False,False,False
56713634-d49f-47b1-8aef-d6ecfbefd937,3825747,1706,2,00:02:44.845,47,44,42,Ball Receipt*,119,215,Athletic Club,Regular Play,215,Athletic Club,6386.0,Eneko Bóveda Altube,Right Center Back,34.5,44.5,,,,False,,,,,,,False,,,,,,,False,False,left_to_right,False,34.5,44.5,,,False,False,False,False
99eb4221-fae1-40a2-9f2a-c6a411634c9e,3825747,1707,2,00:02:44.845,47,44,43,Carry,119,215,Athletic Club,Regular Play,215,Athletic Club,6386.0,Eneko Bóveda Altube,Right Center Back,34.5,44.5,34.9,30.5,3.236195,True,,,,,,,False,,,,,,,False,False,left_to_right,False,34.5,44.5,34.9,30.5,False,False,False,False
df8b7f51-4df1-4893-9041-8cbabef10b71,3825747,1708,2,00:02:45.377,47,45,17,Pressure,119,215,Athletic Club,Regular Play,322,Eibar,24070.0,Saúl Berjón Pérez,Left Midfield,84.8,45.9,,,1.923061,False,,,,,,,False,,,,,,,False,False,left_to_right,False,84.8,45.9,,,False,False,False,False
0c259ed3-e1b3-47e0-b4ec-93c909369c78,3825747,1709,2,00:02:48.081,47,48,30,Pass,119,215,Athletic Club,Regular Play,215,Athletic Club,6386.0,Eneko Bóveda Altube,Right Center Back,34.9,30.5,44.7,31.7,0.617688,False,,,,,,,True,9.873196,0.12184244,Ground Pass,,6396.0,Beñat Etxebarria Urkiaga,False,False,left_to_right,False,34.9,30.5,44.7,31.7,False,False,False,False
28b4a620-7461-4446-b1c2-980902207825,3825747,1710,2,00:02:48.699,47,48,42,Ball Receipt*,119,215,Athletic Club,Regular Play,215,Athletic Club,6396.0,Beñat Etxebarria Urkiaga,Left Defensive Midfield,44.7,31.7,,,,False,,,,,,,False,,,,,,,False,False,left_to_right,False,44.7,31.7,,,False,False,False,False
e2a69ef9-796f-42e5-becf-29ad45f02f51,3825747,1711,2,00:02:48.699,47,48,43,Carry,119,215,Athletic Club,Regular Play,215,Athletic Club,6396.0,Beñat Etxebarria Urkiaga,Left Defensive Midfield,44.7,31.7,44.5,32.0,0.109435,False,,,,,,,False,,,,,,,False,False,left_to_right,False,44.7,31.7,44.5,32.0,False,False,False,False
c74f1adb-545d-41d5-8c04-888262357c0a,3825747,1712,2,00:02:48.808,47,48,30,Pass,119,215,Athletic Club,Regular Play,215,Athletic Club,6396.0,Beñat Etxebarria Urkiaga,Left Defensive Midfield,44.5,32.0,36.0,15.9,1.182668,False,,,,,,,True,18.206043,-2.0565534,Ground Pass,,4353.0,Aymeric Laporte,False,False,left_to_right,False,44.5,32.0,36.0,15.9,False,False,False,False
19aac64c-5a48-4940-8c1a-dc93a032f853,3825747,1713,2,00:02:49.991,47,49,42,Ball Receipt*,119,215,Athletic Club,Regular Play,215,Athletic Club,4353.0,Aymeric Laporte,Left Center Back,36.0,15.9,,,,False,,,,,,,False,,,,,,,False,False,left_to_right,False,36.0,15.9,,,False,False,False,False
c2e2334d-738b-42fe-a82b-068d0fc2871c,3825747,1714,2,00:02:49.991,47,49,43,Carry,119,215,Athletic Club,Regular Play,215,Athletic Club,4353.0,Aymeric Laporte,Left Center Back,36.0,15.9,37.0,14.2,1.153729,True,,,,,,,False,,,,,,,False,False,left_to_right,False,36.0,15.9,37.0,14.2,False,False,False,False
0c282510-5adc-4e3b-8df3-9652325cc8a8,3825747,1715,2,00:02:50.646,47,50,17,Pressure,119,215,Athletic Club,Regular Play,322,Eibar,6742.0,Sergio Gontán Gallardo,Right Midfield,84.1,63.4,,,1.246523,False,,,,,,,False,,,,,,,False,False,left_to_right,False,84.1,63.4,,,False,False,False,False
2f7ac18e-679f-4c0f-bba0-f20ad180cb43,3825747,1716,2,00:02:51.145,47,51,38,Miscontrol,119,215,Athletic Club,Regular Play,215,Athletic Club,4353.0,Aymeric Laporte,Left Center Back,37.0,14.2,,,0.0,True,,,,,,,False,,,,,,,False,False,left_to_right,False,37.0,14.2,,,False,False,False,True
f7ed7f59-0766-4c6e-9832-fb2235d2ae30,3825747,1717,2,00:02:51.491,47,51,17,Pressure,119,215,Athletic Club,Regular Play,215,Athletic Club,4353.0,Aymeric Laporte,Left Center Back,33.5,12.4,,,0.612845,True,,,,,,,False,,,,,,,False,False,left_to_right,False,33.5,12.4,,,False,False,False,False
22811c02-1f87-47eb-b43b-196e6ac2c126,3825747,1718,2,00:02:52.200,47,52,2,Ball Recovery,120,322,Eibar,Regular Play,322,Eibar,6742.0,Sergio Gontán Gallardo,Right Midfield,86.6,74.2,,,0.0,False,,,,,,,False,,,,,,,False,False,left_to_right,False,86.6,74.2,,,False,False,False,False
4a593116-2ada-401e-bf66-3e2351ce35d2,3825747,1719,2,00:02:52.200,47,52,43,Carry,120,322,Eibar,Regular Play,322,Eibar,6742.0,Sergio Gontán Gallardo,Right Midfield,86.6,74.2,112.9,67.7,4.918712,True,,,,,,,False,,,,,,,False,False,left_to_right,False,86.6,74.2,112.9,67.7,True,False,False,False
35d17d08-961d-4bd6-8032-f01f60fa02ab,3825747,1720,2,00:02:54.790,47,54,17,Pressure,120,322,Eibar,Regular Play,215,Athletic Club,4353.0,Aymeric Laporte,Left Center Back,16.6,7.1,,,2.32955,False,,,,,,,False,,,,,,,False,False,left_to_right,False,16.6,7.1,,,False,False,False,False
e32a91da-0347-4978-8065-9c383a6c1284,3825747,1721,2,00:02:57.119,47,57,3,Dispossessed,120,322,Eibar,Regular Play,322,Eibar,6742.0,Sergio Gontán Gallardo,Right Midfield,112.9,67.7,,,0.0,True,,,,,,,False,,,,,,,False,False,left_to_right,False,112.9,67.7,,,False,False,False,True
174007c5-e778-4119-96f4-7eeb9364ba55,3825747,1722,2,00:02:57.119,47,57,4,Duel,120,322,Eibar,Regular Play,215,Athletic Club,4353.0,Aymeric Laporte,Left Center Back,7.2,12.4,,,0.0,True,,,,,,,False,,,,,,,False,False,left_to_right,False,7.2,12.4,,,False,False,False,False
c69d18f2-3401-4dde-b6d5-b8c9c740cf9d,3825747,1723,2,00:02:58.683,47,58,17,Pressure,120,322,Eibar,Regular Play,215,Athletic Club,4353.0,Aymeric Laporte,Left Center Back,2.0,20.9,,,0.506806,False,,,,,,,False,,,,,,,False,False,left_to_right,False,2.0,20.9,,,False,False,False,False
a2445c1a-42e2-4de5-a35b-f7f34d0270cd,3825747,1724,2,00:02:58.984,47,58,22,Foul Committed,120,322,Eibar,Regular Play,215,Athletic Club,4353.0,Aymeric Laporte,Left Center Back,3.0,19.4,,,0.0,False,,,,,,,False,,,,,,,False,False,left_to_right,False,3.0,19.4,,,False,False,False,False
ac8df1e9-3d22-41a1-b85b-f25df1f6248c,3825747,1725,2,00:02:58.984,47,58,21,Foul Won,120,322,Eibar,Regular Play,322,Eibar,6742.0,Sergio Gontán Gallardo,Right Midfield,117.1,60.7,,,0.0,True,,,,,,,False,,,,,,,False,False,left_to_right,False,117.1,60.7,,,False,False,False,False
5632a427-0133-4428-bb7b-3995bb81fd5f,3825747,1726,2,00:04:16.854,49,16,16,Shot,121,322,Eibar,Other,322,Eibar,6566.0,Borja González Tomás,Right Center Forward,108.0,40.1,120.0,36.9,0.40361,False,0.7835,Goal,Right Foot,Normal,Penalty,,False,,,,,,,False,False,left_to_right,False,108.0,40.1,120.0,36.9,False,False,False,False
7789a2f5-37fa-46c8-8f03-61388e8472a6,3825747,1727,2,00:04:17.258,49,17,23,Goal Keeper,121,322,Eibar,Other,215,Athletic Club,6662.0,Iago Herrerín Buisán,Goalkeeper,1.0,40.0,,,0.0,False,,,,,,,False,,,,,,,False,False,left_to_right,False,1.0,40.0,,,False,False,False,False
700df476-8c02-48ea-a119-ed0416a1cf83,3825747,1728,2,00:04:44.980,49,44,30,Pass,122,215,Athletic Club,From Kick Off,215,Athletic Club,6394.0,Aritz Aduriz Zubeldia,Center Forward,60.0,40.0,51.0,37.6,1.532863,False,,,,,,,True,9.314505,-2.8809903,Ground Pass,Kick Off,6396.0,Beñat Etxebarria Urkiaga,False,False,left_to_right,False,60.0,40.0,51.0,37.6,False,False,False,False
03e63648-b23c-4e70-abdd-561c40144209,3825747,1729,2,00:04:46.513,49,46,42,Ball Receipt*,122,215,Athletic Club,From Kick Off,215,Athletic Club,6396.0,Beñat Etxebarria Urkiaga,Left Defensive Midfield,51.0,37.6,,,,False,,,,,,,False,,,,,,,False,False,left_to_right,False,51.0,37.6,,,False,False,False,False
d59d952b-a339-4bb5-992e-f44dbd766638,3825747,1730,2,00:04:47.941,49,47,30,Pass,122,215,Athletic Club,From Kick Off,215,Athletic Club,6396.0,Beñat Etxebarria Urkiaga,Left Defensive Midfield,30.1,24.0,11.3,32.8,1.21496,False,,,,,,,True,20.757648,2.7038014,Ground Pass,,6662.0,Iago Herrerín Buisán,False,False,left_to_right,False,30.1,24.0,11.3,32.8,False,False,False,False
3f454f95-b8d1-4f8c-a17a-1904c16af910,3825747,1731,2,00:04:48.935,49,48,17,Pressure,122,215,Athletic Club,From Kick Off,322,Eibar,6566.0,Borja González Tomás,Right Center Forward,108.8,47.3,,,0.338982,False,,,,,,,False,,,,,,,False,False,left_to_right,False,108.8,47.3,,,False,False,False,False
33a4eca5-d09a-4593-a28d-87e724f96157,3825747,1732,2,00:04:49.156,49,49,42,Ball Receipt*,122,215,Athletic Club,From Kick Off,215,Athletic Club,6662.0,Iago Herrerín Buisán,Goalkeeper,11.3,32.8,,,,True,,,,,,,False,,,,,,,False,False,left_to_right,False,11.3,32.8,,,False,False,False,False
37b44b33-f993-4f33-9a8f-05cfa3eebc73,3825747,1733,2,00:04:49.156,49,49,43,Carry,122,215,Athletic Club,From Kick Off,215,Athletic Club,6662.0,Iago Herrerín Buisán,Goalkeeper,11.3,32.8,11.3,32.8,0.066854,True,,,,,,,False,,,,,,,False,False,left_to_right,False,11.3,32.8,11.3,32.8,False,False,False,False
ca378022-8f26-4de3-8ccb-3b318c30d30d,3825747,1734,2,00:04:49.223,49,49,30,Pass,122,215,Athletic Club,From Kick Off,215,Athletic Club,6662.0,Iago Herrerín Buisán,Goalkeeper,11.3,32.8,79.7,2.6,4.254709,True,,,,,,,True,74.77032,-0.41578,High Pass,,6666.0,Sabin Merino Zuloaga,False,False,left_to_right,False,11.3,32.8,79.7,2.6,False,True,False,False
0c5c813d-fae7-4fdb-bd61-deca8c9cd5a9,3825747,1735,2,00:04:53.478,49,53,42,Ball Receipt*,122,215,Athletic Club,From Kick Off,215,Athletic Club,6666.0,Sabin Merino Zuloaga,Left Wing,79.7,2.6,,,,False,,,,,,,False,,,,,,,False,False,left_to_right,False,79.7,2.6,,,False,False,False,False
d96b83f8-4c12-4373-8cd0-e73f77657561,3825747,1736,2,00:04:53.478,49,53,30,Pass,122,215,Athletic Club,From Kick Off,215,Athletic Club,6666.0,Sabin Merino Zuloaga,Left Wing,80.0,2.6,81.8,12.3,2.154432,False,,,,,,,True,9.865597,1.3873163,High Pass,,6842.0,Iker Muniain Goñi,False,False,left_to_right,False,80.0,2.6,81.8,12.3,False,False,False,False
261419d4-5a97-4d08-ac43-ea2aee79561e,3825747,1737,2,00:04:55.632,49,55,42,Ball Receipt*,122,215,Athletic Club,From Kick Off,215,Athletic Club,6842.0,Iker Muniain Goñi,Center Attacking Midfield,81.8,12.3,,,,False,,,,,,,False,,,,,,,False,False,left_to_right,False,81.8,12.3,,,False,False,False,False
14f1e3e8-e696-43e2-9c65-b70bf7ac3d15,3825747,1738,2,00:04:55.724,49,55,30,Pass,122,215,Athletic Club,From Kick Off,215,Athletic Club,6842.0,Iker Muniain Goñi,Center Attacking Midfield,84.3,14.0,107.1,13.2,2.56942,False,,,,,,,True,22.814032,-0.03507333,Low Pass,,6666.0,Sabin Merino Zuloaga,False,False,left_to_right,False,84.3,14.0,107.1,13.2,False,True,False,False
e198bf53-724d-4302-a7d6-16c3feeabea4,3825747,1739,2,00:04:57.768,49,57,17,Pressure,122,215,Athletic Club,From Kick Off,322,Eibar,6775.0,Daniel García Carrillo,Right Defensive Midfield,13.0,66.9,,,0.582447,False,,,,,,,False,,,,,,,False,False,left_to_right,False,13.0,66.9,,,False,False,False,False
455cbabf-1dbd-421d-ae8b-072cdb1351eb,3825747,1740,2,00:04:58.294,49,58,42,Ball Receipt*,122,215,Athletic Club,From Kick Off,215,Athletic Club,6666.0,Sabin Merino Zuloaga,Left Wing,107.1,13.2,,,,True,,,,,,,False,,,,,,,False,False,left_to_right,False,107.1,13.2,,,False,False,False,False
5ffea03b-5734-4fa1-8e2b-dcd413e56fc3,3825747,1741,2,00:04:58.294,49,58,30,Pass,122,215,Athletic Club,From Kick Off,215,Athletic Club,6666.0,Sabin Merino Zuloaga,Left Wing,107.1,13.2,109.4,14.6,0.056515,True,,,,,,Incomplete,False,2.6925824,0.5467888,High Pass,,6390.0,Markel Susaeta Laskurain,False,False,left_to_right,False,107.1,13.2,109.4,14.6,False,False,False,True
9d565f9e-0368-4462-977a-6e332da43722,3825747,1742,2,00:04:58.350,49,58,42,Ball Receipt*,122,215,Athletic Club,From Kick Off,215,Athletic Club,6390.0,Markel Susaeta Laskurain,Right Wing,112.1,38.0,,,,True,,,,,,,False,,,,,,,False,False,left_to_right,False,112.1,38.0,,,False,False,False,False
8dfcb8ea-5ab0-4820-8716-75f548a9cb5b,3825747,1743,2,00:04:58.350,49,58,6,Block,122,215,Athletic Club,From Kick Off,322,Eibar,6775.0,Daniel García Carrillo,Right Defensive Midfield,10.7,65.5,,,0.0,False,,,,,,,False,,,,,,,False,False,left_to_right,False,10.7,65.5,,,False,False,False,False
2b80aeb5-750b-4d5e-93f9-a5d100e024c4,3825747,1744,2,00:05:00.809,50,0,9,Clearance,122,215,Athletic Club,From Kick Off,322,Eibar,6776.0,David Juncà Reñé,Left Back,4.5,27.7,,,0.0,True,,,,,,,False,,,,,,,False,False,left_to_right,False,4.5,27.7,,,False,False,False,False
c51d670b-80b7-4156-89b1-790cad90d5f0,3825747,1745,2,00:05:31.291,50,31,30,Pass,123,215,Athletic Club,From Corner,215,Athletic Club,6396.0,Beñat Etxebarria Urkiaga,Left Defensive Midfield,120.0,80.0,97.1,30.3,2.944838,False,,,,,,,True,54.722023,-2.0025659,High Pass,Corner,6842.0,Iker Muniain Goñi,False,False,left_to_right,False,120.0,80.0,97.1,30.3,False,True,False,False
ec962369-07bc-4229-a9c5-acfdbdf3bef0,3825747,1746,2,00:05:33.023,50,33,42,Ball Receipt*,123,215,Athletic Club,From Corner,215,Athletic Club,6842.0,Iker Muniain Goñi,Center Attacking Midfield,97.1,30.3,,,,False,,,,,,,False,,,,,,,False,False,left_to_right,False,97.1,30.3,,,False,False,False,False
8a23ca88-7dd1-42f2-b64b-6e5a5ba4af79,3825747,1747,2,00:05:33.023,50,33,43,Carry,123,215,Athletic Club,From Corner,215,Athletic Club,6842.0,Iker Muniain Goñi,Center Attacking Midfield,97.1,30.3,101.2,27.1,3.488921,False,,,,,,,False,,,,,,,False,False,left_to_right,False,97.1,30.3,101.2,27.1,False,False,False,False
b88e57a1-56fa-45e3-aa57-98fa9429eaab,3825747,1748,2,00:05:33.023,50,33,9,Clearance,123,215,Athletic Club,From Corner,322,Eibar,27239.0,Aleksandar Pantić,Left Center Back,9.5,43.8,,,0.0,True,,,,,,,False,,,,,,,False,False,left_to_right,False,9.5,43.8,,,False,False,False,False
cdb3dbcd-e30d-4a15-a473-fdb92a4401ce,3825747,1749,2,00:05:36.512,50,36,30,Pass,123,215,Athletic Club,From Corner,215,Athletic Club,6842.0,Iker Muniain Goñi,Center Attacking Midfield,101.2,27.1,113.1,26.5,1.648295,False,,,,,,Incomplete,False,11.915116,-0.050377507,Ground Pass,,4353.0,Aymeric Laporte,False,False,left_to_right,False,101.2,27.1,113.1,26.5,False,True,False,True
32f6ea66-1a0b-4f99-8bdd-7535399e1672,3825747,1750,2,00:05:38.160,50,38,42,Ball Receipt*,123,215,Athletic Club,From Corner,215,Athletic Club,4353.0,Aymeric Laporte,Left Center Back,108.9,23.4,,,,False,,,,,,,False,,,,,,,False,False,left_to_right,False,108.9,23.4,,,False,False,False,False
2de04e66-1a31-4fb6-8b60-24f4a83d37e2,3825747,1751,2,00:05:38.160,50,38,10,Interception,123,215,Athletic Club,From Corner,322,Eibar,6837.0,Mauro Javier Dos Santos,Right Center Back,7.0,53.6,,,0.0,False,,,,,,,False,,,,,,,False,False,left_to_right,False,7.0,53.6,,,False,False,False,False
5eb9e432-8c60-40d1-b600-070faabc96e6,3825747,1752,2,00:05:47.634,50,47,30,Pass,124,215,Athletic Club,From Throw In,215,Athletic Club,6789.0,Mikel Balenziaga Oruesagasti,Left Back,88.7,0.1,97.5,5.0,1.008978,False,,,,,,,True,10.072239,0.50806284,Low Pass,Throw-in,6842.0,Iker Muniain Goñi,False,False,left_to_right,False,88.7,0.1,97.5,5.0,False,False,False,False
fad54f4d-60bd-4d0a-9468-cb05d3ea7ba2,3825747,1753,2,00:05:48.643,50,48,42,Ball Receipt*,124,215,Athletic Club,From Throw In,215,Athletic Club,6842.0,Iker Muniain Goñi,Center Attacking Midfield,97.5,5.0,,,,False,,,,,,,False,,,,,,,False,False,left_to_right,False,97.5,5.0,,,False,False,False,False
26c8a5e9-75a4-4d21-8738-2a8a642d2c2f,3825747,1754,2,00:05:48.643,50,48,43,Carry,124,215,Athletic Club,From Throw In,215,Athletic Club,6842.0,Iker Muniain Goñi,Center Attacking Midfield,97.5,5.0,94.8,3.2,1.346098,True,,,,,,,False,,,,,,,False,False,left_to_right,False,97.5,5.0,94.8,3.2,False,False,False,False
97e129ab-2e1c-45d9-87e3-79823e3184d8,3825747,1755,2,00:05:48.816,50,48,17,Pressure,124,215,Athletic Club,From Throw In,322,Eibar,6712.0,Gonzalo Escalante,Left Defensive Midfield,22.6,75.1,,,1.17336,False,,,,,,,False,,,,,,,False,False,left_to_right,False,22.6,75.1,,,False,False,False,False
4b8c72c2-0afe-4f42-aaa6-c778e64f2743,3825747,1756,2,00:05:49.989,50,49,3,Dispossessed,124,215,Athletic Club,From Throw In,215,Athletic Club,6842.0,Iker Muniain Goñi,Center Attacking Midfield,94.8,3.2,,,0.0,True,,,,,,,False,,,,,,,False,False,left_to_right,False,94.8,3.2,,,False,False,False,True
85a77b6a-7a42-4ca5-abc6-057ce757a31e,3825747,1757,2,00:05:49.989,50,49,4,Duel,124,215,Athletic Club,From Throw In,322,Eibar,6712.0,Gonzalo Escalante,Left Defensive Midfield,25.3,76.9,,,0.0,True,,,,,,,False,,,,,,,False,False,left_to_right,False,25.3,76.9,,,False,False,False,False
a2611918-1c69-4004-8005-2903e8443c8d,3825747,1758,2,00:05:50.860,50,50,2,Ball Recovery,124,215,Athletic Club,From Throw In,215,Athletic Club,6789.0,Mikel Balenziaga Oruesagasti,Left Back,89.7,3.2,,,0.0,False,,,,,,,False,,,,,,,False,False,left_to_right,False,89.7,3.2,,,False,False,False,False
2517ecb5-377d-4d9e-bc60-2b6c5e96d34b,3825747,1759,2,00:05:50.860,50,50,43,Carry,124,215,Athletic Club,From Throw In,215,Athletic Club,6789.0,Mikel Balenziaga Oruesagasti,Left Back,89.7,3.2,87.9,6.1,0.733203,True,,,,,,,False,,,,,,,False,False,left_to_right,False,89.7,3.2,87.9,6.1,False,False,False,False
f2c3547e-1005-43f4-bf82-6626148c96c4,3825747,1760,2,00:05:51.003,50,51,17,Pressure,124,215,Athletic Club,From Throw In,322,Eibar,6742.0,Sergio Gontán Gallardo,Right Midfield,31.8,75.1,,,0.593157,False,,,,,,,False,,,,,,,False,False,left_to_right,False,31.8,75.1,,,False,False,False,False
52978ccb-e691-4ba7-8f82-a3df0ecd4abb,3825747,1761,2,00:05:51.594,50,51,30,Pass,124,215,Athletic Club,From Throw In,215,Athletic Club,6789.0,Mikel Balenziaga Oruesagasti,Left Back,87.9,6.1,72.6,5.1,1.640003,True,,,,,,,True,15.332644,-3.076326,Ground Pass,,4353.0,Aymeric Laporte,False,False,left_to_right,False,87.9,6.1,72.6,5.1,False,False,False,False
6c4dc012-c7f5-4a30-aa4a-036203900fcd,3825747,1762,2,00:05:53.234,50,53,42,Ball Receipt*,124,215,Athletic Club,From Throw In,215,Athletic Club,4353.0,Aymeric Laporte,Left Center Back,72.6,5.1,,,,False,,,,,,,False,,,,,,,False,False,left_to_right,False,72.6,5.1,,,False,False,False,False
a9b38229-0c76-4a74-a412-79ffa0baa4ea,3825747,1763,2,00:05:53.234,50,53,30,Pass,124,215,Athletic Club,From Throw In,215,Athletic Club,4353.0,Aymeric Laporte,Left Center Back,74.1,4.4,84.3,30.3,1.308629,False,,,,,,,True,27.836128,1.1956267,Ground Pass,,6390.0,Markel Susaeta Laskurain,False,False,left_to_right,False,74.1,4.4,84.3,30.3,False,True,True,False
745b9e73-8141-4825-8049-25d89c28c916,3825747,1764,2,00:05:54.298,50,54,17,Pressure,124,215,Athletic Club,From Throw In,322,Eibar,6775.0,Daniel García Carrillo,Right Defensive Midfield,35.8,49.8,,,0.3377,False,,,,,,,False,,,,,,,False,False,left_to_right,False,35.8,49.8,,,False,False,False,False
77e415b4-a8e4-4606-b6c7-9009e31dac44,3825747,1765,2,00:05:54.542,50,54,42,Ball Receipt*,124,215,Athletic Club,From Throw In,215,Athletic Club,6390.0,Markel Susaeta Laskurain,Right Wing,84.3,30.3,,,,True,,,,,,,False,,,,,,,False,False,left_to_right,False,84.3,30.3,,,False,False,False,False
f7138080-ed42-48b2-8121-cf0603aaf533,3825747,1766,2,00:05:54.542,50,54,43,Carry,124,215,Athletic Club,From Throw In,215,Athletic Club,6390.0,Markel Susaeta Laskurain,Right Wing,84.3,30.3,84.3,30.3,0.006296,True,,,,,,,False,,,,,,,False,False,left_to_right,False,84.3,30.3,84.3,30.3,False,False,False,False
764a1781-6d53-4ad8-a96c-d4cac98d18da,3825747,1767,2,00:05:54.549,50,54,38,Miscontrol,124,215,Athletic Club,From Throw In,215,Athletic Club,6390.0,Markel Susaeta Laskurain,Right Wing,84.3,30.3,,,0.0,True,,,,,,,False,,,,,,,False,False,left_to_right,False,84.3,30.3,,,False,False,False,True
b350992e-61b2-432d-aa06-ec7e51a2c127,3825747,1768,2,00:05:56.220,50,56,17,Pressure,124,215,Athletic Club,From Throw In,215,Athletic Club,6390.0,Markel Susaeta Laskurain,Right Wing,94.1,33.2,,,0.461167,False,,,,,,,False,,,,,,,False,False,left_to_right,False,94.1,33.2,,,False,False,False,False
f09f0fc0-8630-41f8-812e-c692d4c80ab1,3825747,1769,2,00:05:56.627,50,56,30,Pass,124,215,Athletic Club,From Throw In,322,Eibar,6837.0,Mauro Javier Dos Santos,Right Center Back,26.2,46.5,49.5,50.4,2.846253,True,,,,,,Incomplete,False,23.62414,0.16584457,High Pass,Recovery,,,False,False,left_to_right,False,26.2,46.5,49.5,50.4,False,False,False,True
8f15b868-4fd9-4152-a862-63732169ef84,3825747,1770,2,00:05:59.473,50,59,30,Pass,124,215,Athletic Club,From Throw In,215,Athletic Club,6386.0,Eneko Bóveda Altube,Right Center Back,70.6,29.7,77.5,27.2,0.996951,True,,,,,,Incomplete,False,7.3389373,-0.34760687,Low Pass,Recovery,6842.0,Iker Muniain Goñi,False,False,left_to_right,False,70.6,29.7,77.5,27.2,False,False,False,True
b054fbad-19cd-4ef5-8af4-4180a7ea09bf,3825747,1771,2,00:05:59.473,50,59,4,Duel,124,215,Athletic Club,From Throw In,322,Eibar,24070.0,Saúl Berjón Pérez,Left Midfield,49.5,50.4,,,0.0,True,,,,,,,False,,,,,,,False,False,left_to_right,False,49.5,50.4,,,False,False,False,False
ba74c104-4d22-4a93-ade9-23e6e96fd776,3825747,1772,2,00:06:00.470,51,0,42,Ball Receipt*,124,215,Athletic Club,From Throw In,215,Athletic Club,6842.0,Iker Muniain Goñi,Center Attacking Midfield,77.9,24.4,,,,False,,,,,,,False,,,,,,,False,False,left_to_right,False,77.9,24.4,,,False,False,False,False
09838075-6873-40f3-ab05-22032e6d6308,3825747,1773,2,00:06:00.470,51,0,30,Pass,125,322,Eibar,Regular Play,322,Eibar,6712.0,Gonzalo Escalante,Left Defensive Midfield,42.6,52.9,44.7,47.7,1.245994,False,,,,,,,True,5.60803,-1.1869787,Ground Pass,Recovery,6775.0,Daniel García Carrillo,False,False,left_to_right,False,42.6,52.9,44.7,47.7,False,False,False,False
b2e1c85c-1a19-416a-b9af-8c2689539201,3825747,1774,2,00:06:01.545,51,1,17,Pressure,125,322,Eibar,Regular Play,215,Athletic Club,6396.0,Beñat Etxebarria Urkiaga,Left Defensive Midfield,72.4,37.4,,,0.370063,False,,,,,,,False,,,,,,,False,False,left_to_right,False,72.4,37.4,,,False,False,False,False
8f7314e7-41ce-4177-8eaf-149ae4378a8b,3825747,1775,2,00:06:01.716,51,1,42,Ball Receipt*,125,322,Eibar,Regular Play,322,Eibar,6775.0,Daniel García Carrillo,Right Defensive Midfield,44.7,47.7,,,,True,,,,,,,False,,,,,,,False,False,left_to_right,False,44.7,47.7,,,False,False,False,False
d8d45d62-ead8-4dc6-ad6e-72447f25f8f0,3825747,1776,2,00:06:01.716,51,1,30,Pass,125,322,Eibar,Regular Play,322,Eibar,6775.0,Daniel García Carrillo,Right Defensive Midfield,47.7,42.7,69.6,53.6,2.219808,True,,,,,,Incomplete,False,24.462626,0.46181947,High Pass,,6566.0,Borja González Tomás,False,False,left_to_right,False,47.7,42.7,69.6,53.6,False,True,False,True
c1384d27-3029-4c82-b2e9-280830b5baae,3825747,1777,2,00:06:03.936,51,3,42,Ball Receipt*,125,322,Eibar,Regular Play,322,Eibar,6566.0,Borja González Tomás,Right Center Forward,66.2,62.7,,,,False,,,,,,,False,,,,,,,False,False,left_to_right,False,66.2,62.7,,,False,False,False,False
5ccc73cd-674c-496f-bf89-64d8f6b6cf45,3825747,1778,2,00:06:03.936,51,3,30,Pass,125,322,Eibar,Regular Play,215,Athletic Club,4353.0,Aymeric Laporte,Left Center Back,50.5,26.5,71.6,31.9,1.330985,False,,,,,,Incomplete,False,21.780037,0.25054654,High Pass,Recovery,6390.0,Markel Susaeta Laskurain,False,False,left_to_right,False,50.5,26.5,71.6,31.9,False,True,False,True
d91182fd-d260-41c1-9471-25eeea7354a6,3825747,1779,2,00:06:05.267,51,5,42,Ball Receipt*,125,322,Eibar,Regular Play,215,Athletic Club,6390.0,Markel Susaeta Laskurain,Right Wing,71.4,25.5,,,,False,,,,,,,False,,,,,,,False,False,left_to_right,False,71.4,25.5,,,False,False,False,False
113cd107-766c-4d49-ad82-9165596f00e1,3825747,1780,2,00:06:05.267,51,5,2,Ball Recovery,125,322,Eibar,Regular Play,322,Eibar,6712.0,Gonzalo Escalante,Left Defensive Midfield,48.5,48.2,,,0.0,False,,,,,,,False,,,,,,,False,False,left_to_right,False,48.5,48.2,,,False,False,False,False
c2110837-ad62-4225-af27-c83cf66acc74,3825747,1781,2,00:06:05.267,51,5,43,Carry,125,322,Eibar,Regular Play,322,Eibar,6712.0,Gonzalo Escalante,Left Defensive Midfield,48.5,48.2,58.5,43.6,2.712841,False,,,,,,,False,,,,,,,False,False,left_to_right,False,48.5,48.2,58.5,43.6,False,False,False,False
384c215a-7f58-4bb8-8309-94f496ef090d,3825747,1782,2,00:06:07.980,51,7,30,Pass,125,322,Eibar,Regular Play,322,Eibar,6712.0,Gonzalo Escalante,Left Defensive Midfield,58.5,43.6,65.4,49.2,0.771005,False,,,,,,,True,8.886507,0.6817707,Ground Pass,,6700.0,Sergio Enrich Ametller,False,False,left_to_right,False,58.5,43.6,65.4,49.2,False,False,False,False
29253868-83ce-417a-ae71-2997335445ea,3825747,1783,2,00:06:08.689,51,8,17,Pressure,125,322,Eibar,Regular Play,215,Athletic Club,4353.0,Aymeric Laporte,Left Center Back,54.7,30.3,,,0.204962,False,,,,,,,False,,,,,,,False,False,left_to_right,False,54.7,30.3,,,False,False,False,False
9e51e245-b7b6-49ac-93fd-388707ec23f1,3825747,1784,2,00:06:08.751,51,8,42,Ball Receipt*,125,322,Eibar,Regular Play,322,Eibar,6700.0,Sergio Enrich Ametller,Left Center Forward,65.4,49.2,,,,True,,,,,,,False,,,,,,,False,False,left_to_right,False,65.4,49.2,,,False,False,False,False
896e2250-3e55-4577-9c72-deca592c030e,3825747,1785,2,00:06:08.751,51,8,43,Carry,125,322,Eibar,Regular Play,322,Eibar,6700.0,Sergio Enrich Ametller,Left Center Forward,65.4,49.2,65.2,48.2,0.60669,True,,,,,,,False,,,,,,,False,False,left_to_right,False,65.4,49.2,65.2,48.2,False,False,False,False
9cb91276-c00d-4909-9a30-95575438eb82,3825747,1786,2,00:06:09.358,51,9,30,Pass,125,322,Eibar,Regular Play,322,Eibar,6700.0,Sergio Enrich Ametller,Left Center Forward,65.2,48.2,62.7,45.6,0.620078,False,,,,,,,True,3.6069376,-2.336589,Ground Pass,,6712.0,Gonzalo Escalante,False,False,left_to_right,False,65.2,48.2,62.7,45.6,False,False,False,False
9dc1c7e8-cf53-41fc-b575-d5eb540eb745,3825747,1787,2,00:06:09.978,51,9,42,Ball Receipt*,125,322,Eibar,Regular Play,322,Eibar,6712.0,Gonzalo Escalante,Left Defensive Midfield,62.7,45.6,,,,False,,,,,,,False,,,,,,,False,False,left_to_right,False,62.7,45.6,,,False,False,False,False
a2522590-0c35-4001-9bc6-dc7adb9d9a28,3825747,1788,2,00:06:09.978,51,9,43,Carry,125,322,Eibar,Regular Play,322,Eibar,6712.0,Gonzalo Escalante,Left Defensive Midfield,62.7,45.6,70.6,49.6,1.385875,True,,,,,,,False,,,,,,,False,False,left_to_right,False,62.7,45.6,70.6,49.6,False,False,False,False
43402ac1-7b9f-4779-9210-2b33fb2d95a3,3825747,1789,2,00:06:10.169,51,10,17,Pressure,125,322,Eibar,Regular Play,215,Athletic Club,6396.0,Beñat Etxebarria Urkiaga,Left Defensive Midfield,52.0,33.6,,,0.632969,False,,,,,,,False,,,,,,,False,False,left_to_right,False,52.0,33.6,,,False,False,False,False
7f6cda6c-9278-4846-8fc6-f3aac0e5f3bf,3825747,1790,2,00:06:11.364,51,11,14,Dribble,125,322,Eibar,Regular Play,322,Eibar,6712.0,Gonzalo Escalante,Left Defensive Midfield,70.6,49.6,,,0.0,True,,,,,,,False,,,,,,,False,False,left_to_right,False,70.6,49.6,,,False,False,False,False
79af4429-7f27-4084-98d9-dc8a6a1a8364,3825747,1791,2,00:06:11.364,51,11,4,Duel,126,215,Athletic Club,Regular Play,215,Athletic Club,4353.0,Aymeric Laporte,Left Center Back,49.5,30.5,,,0.0,True,,,,,,,False,,,,,,,False,False,left_to_right,False,49.5,30.5,,,False,False,False,False
e663df58-e64e-42e1-aee4-324659a41f0e,3825747,1792,2,00:06:12.723,51,12,2,Ball Recovery,126,215,Athletic Club,Regular Play,215,Athletic Club,6396.0,Beñat Etxebarria Urkiaga,Left Defensive Midfield,47.6,25.9,,,0.0,False,,,,,,,False,,,,,,,False,False,left_to_right,False,47.6,25.9,,,False,False,False,False
c4dc66d5-bd9f-43d9-a400-7526e2d441d1,3825747,1793,2,00:06:12.723,51,12,43,Carry,126,215,Athletic Club,Regular Play,215,Athletic Club,6396.0,Beñat Etxebarria Urkiaga,Left Defensive Midfield,47.6,25.9,48.7,32.0,0.739779,False,,,,,,,False,,,,,,,False,False,left_to_right,False,47.6,25.9,48.7,32.0,False,False,False,False
faf6fb23-1a57-482e-b9a2-51bd538ccca8,3825747,1794,2,00:06:13.463,51,13,30,Pass,126,215,Athletic Club,Regular Play,215,Athletic Club,6396.0,Beñat Etxebarria Urkiaga,Left Defensive Midfield,48.7,32.0,55.6,25.7,0.919145,False,,,,,,,True,9.343447,-0.73997486,Ground Pass,,6842.0,Iker Muniain Goñi,False,False,left_to_right,False,48.7,32.0,55.6,25.7,False,False,False,False
f4ab4836-4fc7-4c3e-a870-b3e5556aabd0,3825747,1795,2,00:06:14.382,51,14,42,Ball Receipt*,126,215,Athletic Club,Regular Play,215,Athletic Club,6842.0,Iker Muniain Goñi,Center Attacking Midfield,55.6,25.7,,,,False,,,,,,,False,,,,,,,False,False,left_to_right,False,55.6,25.7,,,False,False,False,False
351e9af0-1ba6-412c-bbf7-905f35e5eaa4,3825747,1796,2,00:06:14.382,51,14,43,Carry,126,215,Athletic Club,Regular Play,215,Athletic Club,6842.0,Iker Muniain Goñi,Center Attacking Midfield,55.6,25.7,50.8,22.1,2.719533,True,,,,,,,False,,,,,,,False,False,left_to_right,False,55.6,25.7,50.8,22.1,False,False,False,False
862fbed2-d335-4ac9-992d-2dabfd2fabb8,3825747,1797,2,00:06:15.216,51,15,17,Pressure,126,215,Athletic Club,Regular Play,322,Eibar,6712.0,Gonzalo Escalante,Left Defensive Midfield,68.3,56.9,,,1.701195,False,,,,,,,False,,,,,,,False,False,left_to_right,False,68.3,56.9,,,False,False,False,False
6be18bd6-245b-46a6-9bf8-f556ba132208,3825747,1798,2,00:06:17.101,51,17,30,Pass,126,215,Athletic Club,Regular Play,215,Athletic Club,6842.0,Iker Muniain Goñi,Center Attacking Midfield,50.8,22.1,44.9,6.7,1.383209,False,,,,,,,True,16.491512,-1.9366641,Ground Pass,,6789.0,Mikel Balenziaga Oruesagasti,False,False,left_to_right,False,50.8,22.1,44.9,6.7,False,False,False,False
97632b42-510a-4feb-8624-0a75b2bbe99c,3825747,1799,2,00:06:18.484,51,18,42,Ball Receipt*,126,215,Athletic Club,Regular Play,215,Athletic Club,6789.0,Mikel Balenziaga Oruesagasti,Left Back,44.9,6.7,,,,False,,,,,,,False,,,,,,,False,False,left_to_right,False,44.9,6.7,,,False,False,False,False
1bd8e7a7-6a48-414b-bf2b-8956d44e9ffb,3825747,1800,2,00:06:18.484,51,18,43,Carry,126,215,Athletic Club,Regular Play,215,Athletic Club,6789.0,Mikel Balenziaga Oruesagasti,Left Back,44.9,6.7,51.6,5.0,0.697052,False,,,,,,,False,,,,,,,False,False,left_to_right,False,44.9,6.7,51.6,5.0,False,False,False,False
b51edcbd-b940-462a-a13d-238ce4746942,3825747,1801,2,00:06:19.181,51,19,30,Pass,126,215,Athletic Club,Regular Play,215,Athletic Club,6789.0,Mikel Balenziaga Oruesagasti,Left Back,51.6,5.0,57.2,2.8,1.209255,False,,,,,,,True,6.0166435,-0.37433362,Ground Pass,,6666.0,Sabin Merino Zuloaga,False,False,left_to_right,False,51.6,5.0,57.2,2.8,False,False,False,False
e3fedae8-0060-42b6-a6d0-64af59e61a77,3825747,1802,2,00:06:20.391,51,20,42,Ball Receipt*,126,215,Athletic Club,Regular Play,215,Athletic Club,6666.0,Sabin Merino Zuloaga,Left Wing,57.2,2.8,,,,False,,,,,,,False,,,,,,,False,False,left_to_right,False,57.2,2.8,,,False,False,False,False
46ad7308-5558-42c4-be69-6fb2f9d8a00e,3825747,1803,2,00:06:20.391,51,20,43,Carry,126,215,Athletic Club,Regular Play,215,Athletic Club,6666.0,Sabin Merino Zuloaga,Left Wing,57.2,2.8,57.2,2.8,0.213271,False,,,,,,,False,,,,,,,False,False,left_to_right,False,57.2,2.8,57.2,2.8,False,False,False,False
8cdf777c-5881-45c1-95f4-a0c3c1c29488,3825747,1804,2,00:06:20.604,51,20,30,Pass,126,215,Athletic Club,Regular Play,215,Athletic Club,6666.0,Sabin Merino Zuloaga,Left Wing,57.2,2.8,50.6,5.5,1.152432,False,,,,,,,True,7.1309185,2.753274,Ground Pass,,6789.0,Mikel Balenziaga Oruesagasti,False,False,left_to_right,False,57.2,2.8,50.6,5.5,False,False,False,False
97f03237-a005-47d6-97ed-e481ab1f3267,3825747,1805,2,00:06:21.756,51,21,42,Ball Receipt*,126,215,Athletic Club,Regular Play,215,Athletic Club,6789.0,Mikel Balenziaga Oruesagasti,Left Back,50.6,5.5,,,,False,,,,,,,False,,,,,,,False,False,left_to_right,False,50.6,5.5,,,False,False,False,False
48f56964-da06-4487-9dc6-101bf8757d4b,3825747,1806,2,00:06:21.756,51,21,43,Carry,126,215,Athletic Club,Regular Play,215,Athletic Club,6789.0,Mikel Balenziaga Oruesagasti,Left Back,50.6,5.5,51.2,5.5,0.148947,False,,,,,,,False,,,,,,,False,False,left_to_right,False,50.6,5.5,51.2,5.5,False,False,False,False
2b024aad-376e-4c08-bfdf-d91e7bc2e778,3825747,1807,2,00:06:21.905,51,21,30,Pass,126,215,Athletic Club,Regular Play,215,Athletic Club,6789.0,Mikel Balenziaga Oruesagasti,Left Back,51.2,5.5,37.0,18.0,1.73658,False,,,,,,,True,18.91798,2.419779,Ground Pass,,4353.0,Aymeric Laporte,False,False,left_to_right,False,51.2,5.5,37.0,18.0,False,False,False,False
76d97fda-2ab1-4fca-8419-875e6b727bcc,3825747,1808,2,00:06:23.642,51,23,42,Ball Receipt*,126,215,Athletic Club,Regular Play,215,Athletic Club,4353.0,Aymeric Laporte,Left Center Back,37.0,18.0,,,,False,,,,,,,False,,,,,,,False,False,left_to_right,False,37.0,18.0,,,False,False,False,False
b7eda5f3-b9b6-4f4c-ab4c-c61ad044bf33,3825747,1809,2,00:06:23.642,51,23,43,Carry,126,215,Athletic Club,Regular Play,215,Athletic Club,4353.0,Aymeric Laporte,Left Center Back,37.0,18.0,37.4,22.8,0.61349,False,,,,,,,False,,,,,,,False,False,left_to_right,False,37.0,18.0,37.4,22.8,False,False,False,False
4eccfadc-f11b-4dc2-a83d-126d2e7652aa,3825747,1810,2,00:06:24.255,51,24,30,Pass,126,215,Athletic Club,Regular Play,215,Athletic Club,4353.0,Aymeric Laporte,Left Center Back,37.4,22.8,13.4,39.0,1.992145,False,,,,,,,True,28.955828,2.547843,Ground Pass,,6662.0,Iago Herrerín Buisán,False,False,left_to_right,False,37.4,22.8,13.4,39.0,False,False,False,False
674ec323-013e-40e4-98d8-d8dbea0a85f6,3825747,1811,2,00:06:26.055,51,26,17,Pressure,126,215,Athletic Club,Regular Play,322,Eibar,6566.0,Borja González Tomás,Right Center Forward,100.8,47.5,,,1.458594,False,,,,,,,False,,,,,,,False,False,left_to_right,False,100.8,47.5,,,False,False,False,False
7618f7e0-01d0-4379-99fe-b57c38285c87,3825747,1812,2,00:06:26.248,51,26,42,Ball Receipt*,126,215,Athletic Club,Regular Play,215,Athletic Club,6662.0,Iago Herrerín Buisán,Goalkeeper,13.4,39.0,,,,True,,,,,,,False,,,,,,,False,False,left_to_right,False,13.4,39.0,,,False,False,False,False
928c07e6-e070-4c3c-90df-43fcf18c2ae4,3825747,1813,2,00:06:26.248,51,26,43,Carry,126,215,Athletic Club,Regular Play,215,Athletic Club,6662.0,Iago Herrerín Buisán,Goalkeeper,13.4,39.0,15.9,41.8,1.290165,True,,,,,,,False,,,,,,,False,False,left_to_right,False,13.4,39.0,15.9,41.8,False,False,False,False
14c7af31-9677-45b9-82a9-e4cf989d140e,3825747,1814,2,00:06:27.538,51,27,30,Pass,126,215,Athletic Club,Regular Play,215,Athletic Club,6662.0,Iago Herrerín Buisán,Goalkeeper,15.9,41.8,47.6,72.2,3.01203,False,,,,,,,True,43.92095,0.76446724,High Pass,,6649.0,Óscar de Marcos Arana,False,False,left_to_right,False,15.9,41.8,47.6,72.2,False,False,False,False
f38e6012-6927-4fa3-8640-0532df188b07,3825747,1815,2,00:06:30.550,51,30,42,Ball Receipt*,126,215,Athletic Club,Regular Play,215,Athletic Club,6649.0,Óscar de Marcos Arana,Right Back,47.6,72.2,,,,False,,,,,,,False,,,,,,,False,False,left_to_right,False,47.6,72.2,,,False,False,False,False
a91f4a57-b718-4037-beeb-49e61b7c6764,3825747,1816,2,00:06:30.550,51,30,43,Carry,126,215,Athletic Club,Regular Play,215,Athletic Club,6649.0,Óscar de Marcos Arana,Right Back,47.6,72.2,52.4,69.3,1.357835,True,,,,,,,False,,,,,,,False,False,left_to_right,False,47.6,72.2,52.4,69.3,False,False,False,False
a782bda1-512e-45a4-b59a-2e969d5f40ff,3825747,1817,2,00:06:31.126,51,31,17,Pressure,126,215,Athletic Club,Regular Play,322,Eibar,24070.0,Saúl Berjón Pérez,Left Midfield,69.3,8.7,,,0.781607,False,,,,,,,False,,,,,,,False,False,left_to_right,False,69.3,8.7,,,False,False,False,False
9540ff47-ff70-4aee-9ebd-f7f0472e17b0,3825747,1818,2,00:06:31.908,51,31,3,Dispossessed,126,215,Athletic Club,Regular Play,215,Athletic Club,6649.0,Óscar de Marcos Arana,Right Back,52.4,69.3,,,0.0,True,,,,,,,False,,,,,,,False,False,left_to_right,False,52.4,69.3,,,False,False,False,True
f0db98eb-6591-42d1-98af-ab6cfcb3152c,3825747,1819,2,00:06:31.908,51,31,4,Duel,126,215,Athletic Club,Regular Play,322,Eibar,24070.0,Saúl Berjón Pérez,Left Midfield,67.7,10.8,,,0.0,True,,,,,,,False,,,,,,,False,False,left_to_right,False,67.7,10.8,,,False,False,False,False
8310d66d-8943-4d8b-9fac-8ddbb6ef1600,3825747,1820,2,00:06:33.258,51,33,2,Ball Recovery,126,215,Athletic Club,Regular Play,215,Athletic Club,6649.0,Óscar de Marcos Arana,Right Back,56.0,68.9,,,0.0,False,,,,,,,False,,,,,,,False,False,left_to_right,False,56.0,68.9,,,False,False,False,False
7b27649e-d30b-4167-a66a-810656a319c4,3825747,1821,2,00:06:33.258,51,33,43,Carry,126,215,Athletic Club,Regular Play,215,Athletic Club,6649.0,Óscar de Marcos Arana,Right Back,56.0,68.9,63.1,63.2,0.726984,True,,,,,,,False,,,,,,,False,False,left_to_right,False,56.0,68.9,63.1,63.2,False,False,False,False
1a25da90-d74f-418b-b688-217ffd2afe87,3825747,1822,2,00:06:33.504,51,33,17,Pressure,126,215,Athletic Club,Regular Play,322,Eibar,6776.0,David Juncà Reñé,Left Back,58.9,13.5,,,0.48104,False,,,,,,,False,,,,,,,False,False,left_to_right,False,58.9,13.5,,,False,False,False,False
bbb1b486-4615-4bb4-a7b9-999a1b21da41,3825747,1823,2,00:06:33.985,51,33,14,Dribble,126,215,Athletic Club,Regular Play,215,Athletic Club,6649.0,Óscar de Marcos Arana,Right Back,63.1,63.2,,,0.0,True,,,,,,,False,,,,,,,False,False,left_to_right,False,63.1,63.2,,,False,False,False,False
cc1b46be-965c-4854-839d-1c62b11e33c7,3825747,1824,2,00:06:33.985,51,33,4,Duel,126,215,Athletic Club,Regular Play,322,Eibar,6776.0,David Juncà Reñé,Left Back,57.0,16.9,,,0.0,True,,,,,,,False,,,,,,,False,False,left_to_right,False,57.0,16.9,,,False,False,False,False
30899306-a501-4b24-9eda-abb130966903,3825747,1825,2,00:06:33.985,51,33,43,Carry,126,215,Athletic Club,Regular Play,322,Eibar,6776.0,David Juncà Reñé,Left Back,57.0,16.9,59.7,12.9,1.062755,True,,,,,,,False,,,,,,,False,False,left_to_right,False,57.0,16.9,59.7,12.9,False,False,False,False
6cb2bc4b-91af-4ef1-9c82-358c343db2ea,3825747,1826,2,00:06:34.984,51,34,17,Pressure,126,215,Athletic Club,Regular Play,215,Athletic Club,6390.0,Markel Susaeta Laskurain,Right Wing,60.4,66.8,,,0.179029,False,,,,,,,False,,,,,,,False,False,left_to_right,False,60.4,66.8,,,False,False,False,False
cb6a096a-8fdb-4689-9e9d-64e96d3213e4,3825747,1827,2,00:06:35.047,51,35,30,Pass,126,215,Athletic Club,Regular Play,322,Eibar,6776.0,David Juncà Reñé,Left Back,59.7,12.9,61.8,10.8,0.195739,True,,,,,,Incomplete,False,2.9698484,-0.7853982,Ground Pass,,24070.0,Saúl Berjón Pérez,False,False,left_to_right,False,59.7,12.9,61.8,10.8,False,False,False,True
fa276106-ea93-4f55-aa75-476377f290bb,3825747,1828,2,00:06:35.243,51,35,42,Ball Receipt*,126,215,Athletic Club,Regular Play,322,Eibar,24070.0,Saúl Berjón Pérez,Left Midfield,62.9,6.7,,,,False,,,,,,,False,,,,,,,False,False,left_to_right,False,62.9,6.7,,,False,False,False,False
a4830635-e14f-47ea-ae57-271ffde01c63,3825747,1829,2,00:06:35.243,51,35,6,Block,126,215,Athletic Club,Regular Play,215,Athletic Club,6390.0,Markel Susaeta Laskurain,Right Wing,58.3,69.3,,,0.0,False,,,,,,,False,,,,,,,False,False,left_to_right,False,58.3,69.3,,,False,False,False,False
9e28cd3e-ed00-4c27-9b2f-ad5dba4fa677,3825747,1830,2,00:06:36.627,51,36,2,Ball Recovery,126,215,Athletic Club,Regular Play,215,Athletic Club,6649.0,Óscar de Marcos Arana,Right Back,77.2,60.5,,,0.0,False,,,,,,,False,,,,,,,False,False,left_to_right,False,77.2,60.5,,,False,False,False,False
13752a84-5d2c-4a49-b722-4ef6d1654024,3825747,1831,2,00:06:36.627,51,36,43,Carry,126,215,Athletic Club,Regular Play,215,Athletic Club,6649.0,Óscar de Marcos Arana,Right Back,77.2,60.5,88.7,58.2,3.299384,False,,,,,,,False,,,,,,,False,False,left_to_right,False,77.2,60.5,88.7,58.2,False,False,False,False
608a1f50-60d6-4719-bb2e-77e6751dd5ca,3825747,1832,2,00:06:39.927,51,39,30,Pass,126,215,Athletic Club,Regular Play,215,Athletic Club,6649.0,Óscar de Marcos Arana,Right Back,88.7,58.2,94.1,56.1,0.260168,False,,,,,,Incomplete,False,5.7939625,-0.3708913,Ground Pass,,6394.0,Aritz Aduriz Zubeldia,False,False,left_to_right,False,88.7,58.2,94.1,56.1,False,False,False,True
166ab0ac-cd55-4564-b7fa-1f1ad62bdc54,3825747,1833,2,00:06:40.187,51,40,42,Ball Receipt*,126,215,Athletic Club,Regular Play,215,Athletic Club,6394.0,Aritz Aduriz Zubeldia,Center Forward,106.8,43.8,,,,False,,,,,,,False,,,,,,,False,False,left_to_right,False,106.8,43.8,,,False,False,False,False
af0580d1-12b3-4a73-bd58-8bde3592fea1,3825747,1834,2,00:06:40.187,51,40,10,Interception,126,215,Athletic Club,Regular Play,322,Eibar,27239.0,Aleksandar Pantić,Left Center Back,26.0,24.0,,,0.0,False,,,,,,,False,,,,,,,False,False,left_to_right,False,26.0,24.0,,,False,False,False,False
8c16f8a8-27a9-4de3-abd8-65d276905544,3825747,1835,2,00:06:40.631,51,40,17,Pressure,126,215,Athletic Club,Regular Play,215,Athletic Club,6649.0,Óscar de Marcos Arana,Right Back,96.2,56.6,,,0.309404,False,,,,,,,False,,,,,,,False,False,left_to_right,False,96.2,56.6,,,False,False,False,False
728440ec-d6d9-45fb-9e07-a6404e092591,3825747,1836,2,00:06:40.796,51,40,30,Pass,126,215,Athletic Club,Regular Play,322,Eibar,6775.0,Daniel García Carrillo,Right Defensive Midfield,26.0,21.7,22.2,23.8,1.14224,True,,,,,,,True,4.3416586,2.6367314,Ground Pass,Recovery,27239.0,Aleksandar Pantić,False,False,left_to_right,False,26.0,21.7,22.2,23.8,False,False,False,False
691595a3-6e15-4802-9794-b100e76f78a2,3825747,1837,2,00:06:41.938,51,41,42,Ball Receipt*,126,215,Athletic Club,Regular Play,322,Eibar,27239.0,Aleksandar Pantić,Left Center Back,22.2,23.8,,,,False,,,,,,,False,,,,,,,False,False,left_to_right,False,22.2,23.8,,,False,False,False,False
f03e7f5e-e229-43be-ac4d-379c1204b96e,3825747,1838,2,00:06:41.938,51,41,43,Carry,126,215,Athletic Club,Regular Play,322,Eibar,27239.0,Aleksandar Pantić,Left Center Back,22.2,23.8,21.8,28.5,0.007792,False,,,,,,,False,,,,,,,False,False,left_to_right,False,22.2,23.8,21.8,28.5,False,False,False,False
ebc17855-64a4-4d4d-8695-9dae6a512ced,3825747,1839,2,00:06:41.946,51,41,30,Pass,126,215,Athletic Club,Regular Play,322,Eibar,27239.0,Aleksandar Pantić,Left Center Back,21.8,28.5,58.1,46.1,2.766593,False,,,,,,Incomplete,False,40.341667,0.4514531,High Pass,,,,False,False,left_to_right,False,21.8,28.5,58.1,46.1,False,True,False,True
c0864b87-eebf-4580-ab80-6da72ab73d08,3825747,1840,2,00:06:44.712,51,44,2,Ball Recovery,126,215,Athletic Club,Regular Play,215,Athletic Club,4353.0,Aymeric Laporte,Left Center Back,62.0,34.0,,,0.0,False,,,,,,,False,,,,,,,False,False,left_to_right,False,62.0,34.0,,,False,False,False,False
518e3a11-680e-4a68-8947-f685d0152067,3825747,1841,2,00:06:44.712,51,44,43,Carry,126,215,Athletic Club,Regular Play,215,Athletic Club,4353.0,Aymeric Laporte,Left Center Back,62.0,34.0,62.8,33.8,1.281199,False,,,,,,,False,,,,,,,False,False,left_to_right,False,62.0,34.0,62.8,33.8,False,False,False,False
ff5c552f-92a4-46f5-b78c-fa32d833298c,3825747,1842,2,00:06:45.994,51,45,30,Pass,126,215,Athletic Club,Regular Play,215,Athletic Club,4353.0,Aymeric Laporte,Left Center Back,62.8,33.8,75.8,35.1,1.208343,False,,,,,,,True,13.064838,0.09966865,Ground Pass,,6396.0,Beñat Etxebarria Urkiaga,False,False,left_to_right,False,62.8,33.8,75.8,35.1,False,False,False,False
1286346f-5cf1-4787-922b-f113f21fcbc9,3825747,1843,2,00:06:47.202,51,47,42,Ball Receipt*,126,215,Athletic Club,Regular Play,215,Athletic Club,6396.0,Beñat Etxebarria Urkiaga,Left Defensive Midfield,75.8,35.1,,,,False,,,,,,,False,,,,,,,False,False,left_to_right,False,75.8,35.1,,,False,False,False,False
0fe0b838-2563-4a56-99d8-4ee6f6257b98,3825747,1844,2,00:06:47.202,51,47,43,Carry,126,215,Athletic Club,Regular Play,215,Athletic Club,6396.0,Beñat Etxebarria Urkiaga,Left Defensive Midfield,75.8,35.1,76.8,32.4,0.922283,False,,,,,,,False,,,,,,,False,False,left_to_right,False,75.8,35.1,76.8,32.4,False,False,False,False
e135ddc7-6e9b-4c70-bde4-5aec29121769,3825747,1845,2,00:06:48.124,51,48,30,Pass,126,215,Athletic Club,Regular Play,215,Athletic Club,6396.0,Beñat Etxebarria Urkiaga,Left Defensive Midfield,76.8,32.4,101.8,6.1,2.687931,False,,,,,,,True,36.286224,-0.81073385,Ground Pass,,6789.0,Mikel Balenziaga Oruesagasti,False,False,left_to_right,False,76.8,32.4,101.8,6.1,False,False,True,False
713e4936-c37e-4d8d-99b7-c3a6fbf9e7d2,3825747,1846,2,00:06:50.812,51,50,42,Ball Receipt*,126,215,Athletic Club,Regular Play,215,Athletic Club,6789.0,Mikel Balenziaga Oruesagasti,Left Back,101.8,6.1,,,,False,,,,,,,False,,,,,,,False,False,left_to_right,False,101.8,6.1,,,False,False,False,False
d4efdfe1-24e3-4cc1-966e-7f971528a6b5,3825747,1847,2,00:06:50.812,51,50,30,Pass,126,215,Athletic Club,Regular Play,215,Athletic Club,6789.0,Mikel Balenziaga Oruesagasti,Left Back,101.8,6.1,108.1,44.2,1.812638,False,,,,,,,True,38.617355,1.4069248,High Pass,,6394.0,Aritz Aduriz Zubeldia,False,True,left_to_right,False,101.8,6.1,108.1,44.2,False,True,False,False
74ea1cab-eefd-4139-9c4f-2d861897fcb8,3825747,1848,2,00:06:52.570,51,52,42,Ball Receipt*,126,215,Athletic Club,Regular Play,215,Athletic Club,6394.0,Aritz Aduriz Zubeldia,Center Forward,108.1,44.2,,,,False,,,,,,,False,,,,,,,False,False,left_to_right,False,108.1,44.2,,,False,False,False,False
f994e452-2982-40dd-ace5-30aa5d6c0cf4,3825747,1849,2,00:06:52.570,51,52,16,Shot,126,215,Athletic Club,Regular Play,215,Athletic Club,6394.0,Aritz Aduriz Zubeldia,Center Forward,106.9,40.6,120.0,41.7,0.957939,False,0.104660556,Goal,Left Foot,Half Volley,Open Play,,False,,,,,,,False,False,left_to_right,False,106.9,40.6,120.0,41.7,False,False,False,False
2a391348-1009-4839-bbf0-297e4c6ee1ec,3825747,1850,2,00:06:53.528,51,53,23,Goal Keeper,126,215,Athletic Club,Regular Play,322,Eibar,10763.0,Asier Riesgo Unamuno,Goalkeeper,2.4,41.2,,,0.0,False,,,,,,,False,,,,,,,False,False,left_to_right,False,2.4,41.2,,,False,False,False,False
c5128bd1-5447-4e8c-953f-468a40123963,3825747,1851,2,00:07:46.458,52,46,30,Pass,127,322,Eibar,From Kick Off,322,Eibar,6700.0,Sergio Enrich Ametller,Left Center Forward,61.0,40.1,58.1,44.8,0.344943,False,,,,,,,True,5.5226803,2.1236374,Ground Pass,Kick Off,6566.0,Borja González Tomás,False,False,left_to_right,False,61.0,40.1,58.1,44.8,False,False,False,False
ba9aab6a-76a0-4b9b-8a4c-4b0a66f9e3a0,3825747,1852,2,00:07:46.803,52,46,42,Ball Receipt*,127,322,Eibar,From Kick Off,322,Eibar,6566.0,Borja González Tomás,Right Center Forward,58.1,44.8,,,,False,,,,,,,False,,,,,,,False,False,left_to_right,False,58.1,44.8,,,False,False,False,False
2c17c205-9789-4db6-b0cf-60a797144142,3825747,1853,2,00:07:46.882,52,46,30,Pass,127,322,Eibar,From Kick Off,322,Eibar,6566.0,Borja González Tomás,Right Center Forward,57.3,45.0,36.8,7.3,1.691752,False,,,,,,,True,42.91317,-2.0688412,High Pass,,6776.0,David Juncà Reñé,False,False,left_to_right,False,57.3,45.0,36.8,7.3,False,False,False,False
6df7b679-b024-4234-885f-0bb2af888d05,3825747,1854,2,00:07:48.574,52,48,42,Ball Receipt*,127,322,Eibar,From Kick Off,322,Eibar,6776.0,David Juncà Reñé,Left Back,36.8,7.3,,,,False,,,,,,,False,,,,,,,False,False,left_to_right,False,36.8,7.3,,,False,False,False,False
2486cbba-95ae-4c8a-ad15-4bdeb7fbf8eb,3825747,1855,2,00:07:49.363,52,49,30,Pass,127,322,Eibar,From Kick Off,322,Eibar,6776.0,David Juncà Reñé,Left Back,37.8,7.3,79.3,17.3,2.110449,False,,,,,,Incomplete,False,42.68782,0.23645614,High Pass,,6700.0,Sergio Enrich Ametller,False,False,left_to_right,False,37.8,7.3,79.3,17.3,False,True,False,True
921a2689-d92b-4435-9182-83e039ebd116,3825747,1856,2,00:07:51.473,52,51,42,Ball Receipt*,127,322,Eibar,From Kick Off,322,Eibar,6700.0,Sergio Enrich Ametller,Left Center Forward,79.3,14.0,,,,False,,,,,,,False,,,,,,,False,False,left_to_right,False,79.3,14.0,,,False,False,False,False
9d6e3ed7-fa1f-48dd-8925-be5f5c449bef,3825747,1857,2,00:07:51.473,52,51,30,Pass,127,322,Eibar,From Kick Off,215,Athletic Club,6386.0,Eneko Bóveda Altube,Right Center Back,40.8,62.8,51.6,74.9,2.412663,False,,,,,,,True,16.218817,0.84210587,High Pass,Recovery,6389.0,Mikel San José Domínguez,False,False,left_to_right,False,40.8,62.8,51.6,74.9,False,False,False,False
d6ea074c-1b7c-42e1-835b-02d4f5189902,3825747,1858,2,00:07:53.886,52,53,42,Ball Receipt*,127,322,Eibar,From Kick Off,215,Athletic Club,6389.0,Mikel San José Domínguez,Right Defensive Midfield,51.6,74.9,,,,False,,,,,,,False,,,,,,,False,False,left_to_right,False,51.6,74.9,,,False,False,False,False
2114d824-a1b4-452c-8a34-46d21c99a15c,3825747,1859,2,00:07:53.886,52,53,30,Pass,127,322,Eibar,From Kick Off,215,Athletic Club,6389.0,Mikel San José Domínguez,Right Defensive Midfield,51.6,74.9,78.9,65.9,1.443341,False,,,,,,Incomplete,False,28.74526,-0.31845024,High Pass,,6394.0,Aritz Aduriz Zubeldia,False,False,left_to_right,False,51.6,74.9,78.9,65.9,False,True,False,True
881360b9-b2f8-4f70-a87c-71a649379507,3825747,1860,2,00:07:55.330,52,55,42,Ball Receipt*,127,322,Eibar,From Kick Off,215,Athletic Club,6394.0,Aritz Aduriz Zubeldia,Center Forward,78.5,58.4,,,,False,,,,,,,False,,,,,,,False,False,left_to_right,False,78.5,58.4,,,False,False,False,False
10a9b78f-3810-4efe-983d-968d06fb554f,3825747,1861,2,00:07:55.330,52,55,30,Pass,127,322,Eibar,From Kick Off,322,Eibar,27239.0,Aleksandar Pantić,Left Center Back,41.2,14.2,69.5,17.9,1.566135,False,,,,,,Incomplete,False,28.540848,0.13000466,High Pass,Interception,24070.0,Saúl Berjón Pérez,False,False,left_to_right,False,41.2,14.2,69.5,17.9,False,True,False,True
b8a851a7-9219-46fc-826f-cec024059c34,3825747,1862,2,00:07:56.896,52,56,42,Ball Receipt*,127,322,Eibar,From Kick Off,322,Eibar,24070.0,Saúl Berjón Pérez,Left Midfield,75.2,21.2,,,,False,,,,,,,False,,,,,,,False,False,left_to_right,False,75.2,21.2,,,False,False,False,False
1b4f1b83-6500-4d9f-9348-c0f6b7099187,3825747,1863,2,00:07:56.896,52,56,10,Interception,127,322,Eibar,From Kick Off,215,Athletic Club,6396.0,Beñat Etxebarria Urkiaga,Left Defensive Midfield,50.6,62.2,,,0.0,False,,,,,,,False,,,,,,,False,False,left_to_right,False,50.6,62.2,,,False,False,False,False
846e35aa-fc92-430e-b785-2287905135a8,3825747,1864,2,00:07:58.861,52,58,10,Interception,127,322,Eibar,From Kick Off,322,Eibar,6775.0,Daniel García Carrillo,Right Defensive Midfield,64.5,5.6,,,0.0,False,,,,,,,False,,,,,,,False,False,left_to_right,False,64.5,5.6,,,False,False,False,False
3a9c363a-fe6e-456d-9bd5-9dfa1d95ada0,3825747,1865,2,00:07:58.912,52,58,6,Block,127,322,Eibar,From Kick Off,215,Athletic Club,6390.0,Markel Susaeta Laskurain,Right Wing,57.4,74.7,,,0.0,False,,,,,,,False,,,,,,,False,False,left_to_right,False,57.4,74.7,,,False,False,False,False
295c4eaa-16b6-4caa-8792-ad0fd4fad24f,3825747,1866,2,00:08:03.512,53,3,30,Pass,128,322,Eibar,From Throw In,322,Eibar,6776.0,David Juncà Reñé,Left Back,66.4,0.1,102.9,5.8,2.35611,False,,,,,,,True,36.942387,0.15491317,Low Pass,Throw-in,6566.0,Borja González Tomás,False,False,left_to_right,False,66.4,0.1,102.9,5.8,False,True,True,False
67514c96-a147-44c3-b2ad-c9acf279e0f4,3825747,1867,2,00:08:05.478,53,5,17,Pressure,128,322,Eibar,From Throw In,215,Athletic Club,6386.0,Eneko Bóveda Altube,Right Center Back,17.2,74.3,,,0.379938,False,,,,,,,False,,,,,,,False,False,left_to_right,False,17.2,74.3,,,False,False,False,False
b08ef550-1abe-4336-8f1b-5e72d12c8ce8,3825747,1868,2,00:08:05.868,53,5,42,Ball Receipt*,128,322,Eibar,From Throw In,322,Eibar,6566.0,Borja González Tomás,Right Center Forward,102.9,5.8,,,,False,,,,,,,False,,,,,,,False,False,left_to_right,False,102.9,5.8,,,False,False,False,False
2726b552-46e9-4b40-9a0c-48b89f89f055,3825747,1869,2,00:08:05.868,53,5,30,Pass,128,322,Eibar,From Throw In,322,Eibar,6566.0,Borja González Tomás,Right Center Forward,103.8,5.8,100.6,6.4,0.109774,False,,,,,,Incomplete,False,3.255764,2.9562447,Ground Pass,,6700.0,Sergio Enrich Ametller,False,False,left_to_right,False,103.8,5.8,100.6,6.4,False,False,False,True
61becef8-4fe3-4437-aa8c-063b11039cff,3825747,1870,2,00:08:05.978,53,5,42,Ball Receipt*,128,322,Eibar,From Throw In,322,Eibar,6700.0,Sergio Enrich Ametller,Left Center Forward,92.5,10.0,,,,False,,,,,,,False,,,,,,,False,False,left_to_right,False,92.5,10.0,,,False,False,False,False
8c4140cf-f6c6-429b-9c65-006f1a3b998e,3825747,1871,2,00:08:05.978,53,5,6,Block,128,322,Eibar,From Throw In,215,Athletic Club,6386.0,Eneko Bóveda Altube,Right Center Back,19.5,73.7,,,0.0,False,,,,,,,False,,,,,,,False,False,left_to_right,False,19.5,73.7,,,False,False,False,False
4e9a5854-31fe-48a7-82d6-0dcb46ca252a,3825747,1872,2,00:08:16.963,53,16,30,Pass,129,322,Eibar,From Throw In,322,Eibar,6776.0,David Juncà Reñé,Left Back,103.8,0.1,106.7,7.7,0.751904,False,,,,,,,True,8.134495,1.2062703,Low Pass,Throw-in,24070.0,Saúl Berjón Pérez,False,False,left_to_right,False,103.8,0.1,106.7,7.7,False,False,False,False
50327e92-0979-44c9-bd66-88f3923882b8,3825747,1873,2,00:08:17.349,53,17,17,Pressure,129,322,Eibar,From Throw In,215,Athletic Club,6390.0,Markel Susaeta Laskurain,Right Wing,13.4,72.4,,,0.521629,False,,,,,,,False,,,,,,,False,False,left_to_right,False,13.4,72.4,,,False,False,False,False
45b7a701-7837-4f18-8f06-6a876c420e6e,3825747,1874,2,00:08:17.715,53,17,42,Ball Receipt*,129,322,Eibar,From Throw In,322,Eibar,24070.0,Saúl Berjón Pérez,Left Midfield,106.7,7.7,,,,True,,,,,,,False,,,,,,,False,False,left_to_right,False,106.7,7.7,,,False,False,False,False
98b8a6a0-f798-43f0-b588-cd1fc8e8ec32,3825747,1875,2,00:08:17.715,53,17,30,Pass,129,322,Eibar,From Throw In,322,Eibar,24070.0,Saúl Berjón Pérez,Left Midfield,106.7,7.7,104.2,5.2,1.010257,True,,,,,,,True,3.535534,-2.3561945,Ground Pass,,6776.0,David Juncà Reñé,False,False,left_to_right,False,106.7,7.7,104.2,5.2,False,False,False,False
c0971718-afc4-4ebd-8e93-808a41f7373a,3825747,1876,2,00:08:18.725,53,18,42,Ball Receipt*,129,322,Eibar,From Throw In,322,Eibar,6776.0,David Juncà Reñé,Left Back,104.2,5.2,,,,False,,,,,,,False,,,,,,,False,False,left_to_right,False,104.2,5.2,,,False,False,False,False
381468c1-d1c0-4c82-8a5f-97b4e5daee6b,3825747,1877,2,00:08:18.725,53,18,43,Carry,129,322,Eibar,From Throw In,322,Eibar,6776.0,David Juncà Reñé,Left Back,104.2,5.2,104.2,5.2,0.989755,False,,,,,,,False,,,,,,,False,False,left_to_right,False,104.2,5.2,104.2,5.2,False,False,False,False
d0ea1aa5-8efc-4f50-9fb7-e85d069fdfa1,3825747,1878,2,00:08:19.715,53,19,30,Pass,129,322,Eibar,From Throw In,322,Eibar,6776.0,David Juncà Reñé,Left Back,104.2,5.2,109.4,6.4,0.693561,False,,,,,,,True,5.3366656,0.22679885,Ground Pass,,24070.0,Saúl Berjón Pérez,False,False,left_to_right,False,104.2,5.2,109.4,6.4,False,False,False,False
04137296-c015-4636-88ef-ff6e49c7fc03,3825747,1879,2,00:08:20.409,53,20,42,Ball Receipt*,129,322,Eibar,From Throw In,322,Eibar,24070.0,Saúl Berjón Pérez,Left Midfield,109.4,6.4,,,,False,,,,,,,False,,,,,,,False,False,left_to_right,False,109.4,6.4,,,False,False,False,False
6171dab8-3f2c-4ced-bc6d-c159812b5f88,3825747,1880,2,00:08:20.409,53,20,43,Carry,129,322,Eibar,From Throw In,322,Eibar,24070.0,Saúl Berjón Pérez,Left Midfield,109.4,6.4,109.4,6.4,0.04,False,,,,,,,False,,,,,,,False,False,left_to_right,False,109.4,6.4,109.4,6.4,False,False,False,False
9f902d14-5cf4-46ee-b97c-03a82891ebd5,3825747,1881,2,00:08:20.449,53,20,30,Pass,129,322,Eibar,From Throw In,322,Eibar,24070.0,Saúl Berjón Pérez,Left Midfield,109.4,6.4,106.7,11.4,0.342561,False,,,,,,Incomplete,False,5.682429,2.0659297,Low Pass,,6776.0,David Juncà Reñé,False,False,left_to_right,False,109.4,6.4,106.7,11.4,False,False,False,True
1fcf81be-cce1-498e-89d5-d542afefa75c,3825747,1882,2,00:08:20.791,53,20,42,Ball Receipt*,129,322,Eibar,From Throw In,322,Eibar,6776.0,David Juncà Reñé,Left Back,105.6,14.2,,,,False,,,,,,,False,,,,,,,False,False,left_to_right,False,105.6,14.2,,,False,False,False,False
6cea2450-6d66-4def-a842-b9ee15076184,3825747,1883,2,00:08:20.791,53,20,10,Interception,129,322,Eibar,From Throw In,215,Athletic Club,6649.0,Óscar de Marcos Arana,Right Back,13.4,68.7,,,0.0,False,,,,,,,False,,,,,,,False,False,left_to_right,False,13.4,68.7,,,False,False,False,False
7125034d-fc5d-47ce-b1cb-14a5a42b3199,3825747,1884,2,00:08:25.914,53,25,30,Pass,130,322,Eibar,From Throw In,322,Eibar,6776.0,David Juncà Reñé,Left Back,100.2,0.1,113.5,21.0,1.922386,False,,,,,,,True,24.772968,1.0040671,High Pass,Throw-in,6566.0,Borja González Tomás,False,False,left_to_right,False,100.2,0.1,113.5,21.0,False,True,False,False
7acdaf1b-d53f-4a62-9e73-13c49696126c,3825747,1885,2,00:08:27.405,53,27,17,Pressure,130,322,Eibar,From Throw In,215,Athletic Club,6386.0,Eneko Bóveda Altube,Right Center Back,6.6,58.9,,,0.463731,False,,,,,,,False,,,,,,,False,False,left_to_right,False,6.6,58.9,,,False,False,False,False
87ab2afa-e07b-426c-951f-f87fd837194f,3825747,1886,2,00:08:27.837,53,27,42,Ball Receipt*,130,322,Eibar,From Throw In,322,Eibar,6566.0,Borja González Tomás,Right Center Forward,113.5,21.0,,,,True,,,,,,,False,,,,,,,False,False,left_to_right,False,113.5,21.0,,,False,False,False,False
b0659d1a-cf15-49f4-960b-e64ad93b9f2d,3825747,1887,2,00:08:27.837,53,27,43,Carry,130,322,Eibar,From Throw In,322,Eibar,6566.0,Borja González Tomás,Right Center Forward,113.5,21.0,113.5,21.2,0.031474,True,,,,,,,False,,,,,,,False,False,left_to_right,False,113.5,21.0,113.5,21.2,False,False,False,False
43e574be-41f1-4881-a2f7-28d34dd3e08b,3825747,1888,2,00:08:27.868,53,27,39,Dribbled Past,130,322,Eibar,From Throw In,215,Athletic Club,6386.0,Eneko Bóveda Altube,Right Center Back,6.6,58.9,,,0.0,False,,,,,,,False,,,,,,,False,False,left_to_right,False,6.6,58.9,,,False,False,False,False
18a38306-a910-4409-98e0-ef38ff93c0c8,3825747,1889,2,00:08:27.868,53,27,14,Dribble,130,322,Eibar,From Throw In,322,Eibar,6566.0,Borja González Tomás,Right Center Forward,113.5,21.2,,,0.0,True,,,,,,,False,,,,,,,False,False,left_to_right,False,113.5,21.2,,,False,False,False,False
4aa6004b-2649-408f-a93d-6bffadf80f2c,3825747,1890,2,00:08:27.868,53,27,43,Carry,130,322,Eibar,From Throw In,322,Eibar,6566.0,Borja González Tomás,Right Center Forward,113.5,21.2,118.1,29.8,2.113079,True,,,,,,,False,,,,,,,False,False,left_to_right,False,113.5,21.2,118.1,29.8,True,False,False,False
c4747857-0737-41aa-9e2b-00247d54333c,3825747,1891,2,00:08:29.260,53,29,17,Pressure,130,322,Eibar,From Throw In,215,Athletic Club,6386.0,Eneko Bóveda Altube,Right Center Back,4.7,51.5,,,0.351386,False,,,,,,,False,,,,,,,False,False,left_to_right,False,4.7,51.5,,,False,False,False,False
5f123700-cca4-455b-b5ca-9f1ba4ca3d35,3825747,1892,2,00:08:29.981,53,29,30,Pass,130,322,Eibar,From Throw In,322,Eibar,6566.0,Borja González Tomás,Right Center Forward,118.1,29.8,107.9,43.2,1.572121,False,,,,,,,True,16.840427,2.2214231,High Pass,,6700.0,Sergio Enrich Ametller,False,False,left_to_right,False,118.1,29.8,107.9,43.2,False,False,False,False
8d1cb42d-1dfc-4672-b170-9ad466265f2e,3825747,1893,2,00:08:31.553,53,31,42,Ball Receipt*,130,322,Eibar,From Throw In,322,Eibar,6700.0,Sergio Enrich Ametller,Left Center Forward,107.9,43.2,,,,False,,,,,,,False,,,,,,,False,False,left_to_right,False,107.9,43.2,,,False,False,False,False
b4aad753-c2d3-46cc-b392-071e09f716a3,3825747,1894,2,00:08:31.553,53,31,38,Miscontrol,130,322,Eibar,From Throw In,322,Eibar,6700.0,Sergio Enrich Ametller,Left Center Forward,107.9,43.2,,,0.0,False,,,,,,,False,,,,,,,False,False,left_to_right,False,107.9,43.2,,,False,False,False,True
9537d29c-e547-436d-b232-d97ce7b68b53,3825747,1895,2,00:08:32.902,53,32,17,Pressure,130,322,Eibar,From Throw In,215,Athletic Club,6666.0,Sabin Merino Zuloaga,Left Wing,15.9,34.2,,,0.205195,False,,,,,,,False,,,,,,,False,False,left_to_right,False,15.9,34.2,,,False,False,False,False
7a87cac4-8388-4482-a113-60c51c46ddb9,3825747,1896,2,00:08:33.069,53,33,2,Ball Recovery,130,322,Eibar,From Throw In,322,Eibar,6742.0,Sergio Gontán Gallardo,Right Midfield,101.7,45.9,,,0.0,True,,,,,,,False,,,,,,,False,False,left_to_right,False,101.7,45.9,,,False,False,False,False
076a6606-1a45-4a4f-8a87-5fd34e14d8f5,3825747,1897,2,00:08:33.336,53,33,6,Block,130,322,Eibar,From Throw In,215,Athletic Club,6666.0,Sabin Merino Zuloaga,Left Wing,20.1,34.5,,,0.0,False,,,,,,,False,,,,,,,False,False,left_to_right,False,20.1,34.5,,,False,False,False,False
a2b4061a-b434-48dc-ab00-d2310283662d,3825747,1898,2,00:08:34.968,53,34,2,Ball Recovery,131,215,Athletic Club,Regular Play,215,Athletic Club,6666.0,Sabin Merino Zuloaga,Left Wing,25.7,29.9,,,0.0,False,,,,,,,False,,,,,,,False,False,left_to_right,False,25.7,29.9,,,False,False,False,False
d88526cd-6556-466d-985c-b08e02cb76ee,3825747,1899,2,00:08:34.968,53,34,43,Carry,131,215,Athletic Club,Regular Play,215,Athletic Club,6666.0,Sabin Merino Zuloaga,Left Wing,25.7,29.9,27.6,28.4,1.099905,False,,,,,,,False,,,,,,,False,False,left_to_right,False,25.7,29.9,27.6,28.4,False,False,False,False
cb9ce215-f1b5-4517-8a70-08468af123de,3825747,1900,2,00:08:36.068,53,36,30,Pass,131,215,Athletic Club,Regular Play,215,Athletic Club,6666.0,Sabin Merino Zuloaga,Left Wing,27.6,28.4,37.6,14.0,0.98562,False,,,,,,,True,17.531685,-0.96380866,Ground Pass,,4353.0,Aymeric Laporte,False,False,left_to_right,False,27.6,28.4,37.6,14.0,False,False,False,False
e009dd31-dc41-4d5a-a2c9-1cb35cf2c46d,3825747,1901,2,00:08:37.054,53,37,42,Ball Receipt*,131,215,Athletic Club,Regular Play,215,Athletic Club,4353.0,Aymeric Laporte,Left Center Back,37.6,14.0,,,,False,,,,,,,False,,,,,,,False,False,left_to_right,False,37.6,14.0,,,False,False,False,False
5b26db84-beb1-4791-b941-462b2075efbe,3825747,1902,2,00:08:37.054,53,37,43,Carry,131,215,Athletic Club,Regular Play,215,Athletic Club,4353.0,Aymeric Laporte,Left Center Back,37.6,14.0,71.8,6.7,6.760692,True,,,,,,,False,,,,,,,False,False,left_to_right,False,37.6,14.0,71.8,6.7,True,False,False,False
ad04b6f2-5de5-42c7-a995-b0b2d14b9844,3825747,1903,2,00:08:37.552,53,37,17,Pressure,131,215,Athletic Club,Regular Play,322,Eibar,6699.0,Ander Capa Rodríguez,Right Back,76.9,67.3,,,1.370908,False,,,,,,,False,,,,,,,False,False,left_to_right,False,76.9,67.3,,,False,False,False,False
9ba84b03-b66b-4bff-b45e-28428fab17ac,3825747,1904,2,00:08:43.815,53,43,30,Pass,131,215,Athletic Club,Regular Play,215,Athletic Club,4353.0,Aymeric Laporte,Left Center Back,71.8,6.7,96.2,4.0,2.401042,False,,,,,,Incomplete,False,24.548931,-0.11020738,Ground Pass,,6666.0,Sabin Merino Zuloaga,False,False,left_to_right,False,71.8,6.7,96.2,4.0,False,True,True,True
ca5c7219-9ecc-4351-9d0a-825278c00d6d,3825747,1905,2,00:08:46.216,53,46,42,Ball Receipt*,131,215,Athletic Club,Regular Play,215,Athletic Club,6666.0,Sabin Merino Zuloaga,Left Wing,93.1,2.8,,,,False,,,,,,,False,,,,,,,False,False,left_to_right,False,93.1,2.8,,,False,False,False,False
a2228f56-1fbb-439f-8e45-f47d5c164cec,3825747,1906,2,00:08:46.216,53,46,10,Interception,131,215,Athletic Club,Regular Play,322,Eibar,6837.0,Mauro Javier Dos Santos,Right Center Back,23.9,76.1,,,0.0,False,,,,,,,False,,,,,,,False,False,left_to_right,False,23.9,76.1,,,False,False,False,False
3c4f4c5d-c2a7-4537-b73f-52973d814ad8,3825747,1907,2,00:08:50.599,53,50,30,Pass,132,215,Athletic Club,From Throw In,215,Athletic Club,6394.0,Aritz Aduriz Zubeldia,Center Forward,98.1,0.1,92.1,5.9,0.590975,False,,,,,,,True,8.345058,2.373142,Low Pass,Throw-in,6842.0,Iker Muniain Goñi,False,False,left_to_right,False,98.1,0.1,92.1,5.9,False,False,False,False
2fad6a08-9327-43ee-9964-1912cd9e74dc,3825747,1908,2,00:08:51.190,53,51,42,Ball Receipt*,132,215,Athletic Club,From Throw In,215,Athletic Club,6842.0,Iker Muniain Goñi,Center Attacking Midfield,92.1,5.9,,,,False,,,,,,,False,,,,,,,False,False,left_to_right,False,92.1,5.9,,,False,False,False,False
d41beabb-e8da-413d-99d5-f8dffcac17cc,3825747,1909,2,00:08:51.190,53,51,43,Carry,132,215,Athletic Club,From Throw In,215,Athletic Club,6842.0,Iker Muniain Goñi,Center Attacking Midfield,92.1,5.9,93.7,5.3,1.983164,True,,,,,,,False,,,,,,,False,False,left_to_right,False,92.1,5.9,93.7,5.3,False,False,False,False
41053469-28d9-461e-adbc-2c4a46417386,3825747,1910,2,00:08:52.807,53,52,17,Pressure,132,215,Athletic Club,From Throw In,322,Eibar,6712.0,Gonzalo Escalante,Left Defensive Midfield,28.3,74.2,,,0.592265,False,,,,,,,False,,,,,,,False,False,left_to_right,False,28.3,74.2,,,False,False,False,False
5d1e539f-c58c-40c3-aee9-a48c18dd49e7,3825747,1911,2,00:08:53.173,53,53,30,Pass,132,215,Athletic Club,From Throw In,215,Athletic Club,6842.0,Iker Muniain Goñi,Center Attacking Midfield,93.7,5.3,97.5,8.6,0.781002,True,,,,,,,True,5.0328918,0.7150917,Ground Pass,,6394.0,Aritz Aduriz Zubeldia,False,False,left_to_right,False,93.7,5.3,97.5,8.6,False,False,False,False
d70ff2f6-be40-4247-ad09-3c99b72375a9,3825747,1912,2,00:08:53.731,53,53,17,Pressure,132,215,Athletic Club,From Throw In,322,Eibar,6699.0,Ander Capa Rodríguez,Right Back,22.2,71.5,,,0.186366,False,,,,,,,False,,,,,,,False,False,left_to_right,False,22.2,71.5,,,False,False,False,False
d2fec4d8-9e29-4a4d-b344-9d6c3cbb0b8b,3825747,1913,2,00:08:53.954,53,53,42,Ball Receipt*,132,215,Athletic Club,From Throw In,215,Athletic Club,6394.0,Aritz Aduriz Zubeldia,Center Forward,97.5,8.6,,,,False,,,,,,,False,,,,,,,False,False,left_to_right,False,97.5,8.6,,,False,False,False,False
5894312d-946f-4372-a35d-1571c2c30976,3825747,1914,2,00:08:53.954,53,53,30,Pass,132,215,Athletic Club,From Throw In,215,Athletic Club,6394.0,Aritz Aduriz Zubeldia,Center Forward,95.8,8.4,84.5,48.4,3.172475,False,,,,,,Incomplete,False,41.56549,1.8461218,Ground Pass,,6396.0,Beñat Etxebarria Urkiaga,False,False,left_to_right,False,95.8,8.4,84.5,48.4,False,False,False,True
855036cd-5acf-4276-bb54-a52022cb637c,3825747,1915,2,00:08:57.127,53,57,42,Ball Receipt*,132,215,Athletic Club,From Throw In,215,Athletic Club,6396.0,Beñat Etxebarria Urkiaga,Left Defensive Midfield,83.5,28.8,,,,False,,,,,,,False,,,,,,,False,False,left_to_right,False,83.5,28.8,,,False,False,False,False
b8919e67-de10-4980-aab6-e8b518e81302,3825747,1916,2,00:08:57.127,53,57,2,Ball Recovery,132,215,Athletic Club,From Throw In,322,Eibar,24070.0,Saúl Berjón Pérez,Left Midfield,35.6,31.7,,,0.0,False,,,,,,,False,,,,,,,False,False,left_to_right,False,35.6,31.7,,,False,False,False,False
9f42382f-f942-4328-a7e0-1d3b6a49b2d4,3825747,1917,2,00:08:57.127,53,57,43,Carry,132,215,Athletic Club,From Throw In,322,Eibar,24070.0,Saúl Berjón Pérez,Left Midfield,35.6,31.7,43.3,45.0,1.687966,False,,,,,,,False,,,,,,,False,False,left_to_right,False,35.6,31.7,43.3,45.0,False,False,False,False
2f1963cc-7e2f-487b-bb46-c4bce3096c71,3825747,1918,2,00:08:58.815,53,58,30,Pass,132,215,Athletic Club,From Throw In,322,Eibar,24070.0,Saúl Berjón Pérez,Left Midfield,43.3,45.0,72.9,53.0,1.292935,False,,,,,,Incomplete,False,30.66203,0.26396373,Ground Pass,,,,False,False,left_to_right,False,43.3,45.0,72.9,53.0,False,True,False,True
20e720c3-9019-44ed-9cc3-9bf25b9fb25f,3825747,1919,2,00:09:00.108,54,0,10,Interception,132,215,Athletic Club,From Throw In,215,Athletic Club,6386.0,Eneko Bóveda Altube,Right Center Back,47.2,27.1,,,0.0,False,,,,,,,False,,,,,,,False,False,left_to_right,False,47.2,27.1,,,False,False,False,False
be1856d1-f8f8-47fd-bbc1-3f0a0e91258c,3825747,1920,2,00:09:00.108,54,0,43,Carry,132,215,Athletic Club,From Throw In,215,Athletic Club,6386.0,Eneko Bóveda Altube,Right Center Back,47.2,27.1,64.1,27.8,3.381995,False,,,,,,,False,,,,,,,False,False,left_to_right,False,47.2,27.1,64.1,27.8,False,False,False,False
e560c948-4d2d-40fa-a8e4-57f755d026a8,3825747,1921,2,00:09:03.490,54,3,30,Pass,132,215,Athletic Club,From Throw In,215,Athletic Club,6386.0,Eneko Bóveda Altube,Right Center Back,64.1,27.8,63.7,41.8,0.96914,False,,,,,,,True,14.005713,1.59936,Ground Pass,,6396.0,Beñat Etxebarria Urkiaga,False,False,left_to_right,False,64.1,27.8,63.7,41.8,False,False,False,False
455cd45a-5598-48a3-afeb-276480e96eb0,3825747,1922,2,00:09:04.459,54,4,42,Ball Receipt*,132,215,Athletic Club,From Throw In,215,Athletic Club,6396.0,Beñat Etxebarria Urkiaga,Left Defensive Midfield,63.7,41.8,,,,False,,,,,,,False,,,,,,,False,False,left_to_right,False,63.7,41.8,,,False,False,False,False
3f54ceed-4bf7-40bb-a78e-81c0abe3678f,3825747,1923,2,00:09:04.459,54,4,43,Carry,132,215,Athletic Club,From Throw In,215,Athletic Club,6396.0,Beñat Etxebarria Urkiaga,Left Defensive Midfield,63.7,41.8,62.6,44.2,0.800223,True,,,,,,,False,,,,,,,False,False,left_to_right,False,63.7,41.8,62.6,44.2,False,False,False,False
ee345ce1-d099-42f5-97cc-8bed857bed15,3825747,1924,2,00:09:05.181,54,5,17,Pressure,132,215,Athletic Club,From Throw In,322,Eibar,6700.0,Sergio Enrich Ametller,Left Center Forward,56.6,38.1,,,0.317337,False,,,,,,,False,,,,,,,False,False,left_to_right,False,56.6,38.1,,,False,False,False,False
36545ecc-1a28-4fb6-bb30-0de0260fa338,3825747,1925,2,00:09:05.259,54,5,30,Pass,132,215,Athletic Club,From Throw In,215,Athletic Club,6396.0,Beñat Etxebarria Urkiaga,Left Defensive Midfield,62.6,44.2,68.7,79.3,3.327938,True,,,,,,Out,False,35.626114,1.3987257,Low Pass,,6649.0,Óscar de Marcos Arana,False,False,left_to_right,False,62.6,44.2,68.7,79.3,False,False,False,True
cb42d735-d96a-4396-bff1-e731e6eb2645,3825747,1926,2,00:09:08.587,54,8,42,Ball Receipt*,132,215,Athletic Club,From Throw In,215,Athletic Club,6649.0,Óscar de Marcos Arana,Right Back,63.1,60.9,,,,False,,,,,,,False,,,,,,,False,False,left_to_right,False,63.1,60.9,,,False,False,False,False
2581ffca-27bc-40b0-bd26-5e2e51cf21bf,3825747,1927,2,00:09:13.161,54,13,30,Pass,133,322,Eibar,From Throw In,322,Eibar,6776.0,David Juncà Reñé,Left Back,52.0,0.1,50.4,17.3,0.980236,False,,,,,,,True,17.274258,1.6635526,Low Pass,Throw-in,6775.0,Daniel García Carrillo,False,False,left_to_right,False,52.0,0.1,50.4,17.3,False,False,False,False
5f57a826-8f31-404d-8080-414f277ceb6b,3825747,1928,2,00:09:14.141,54,14,42,Ball Receipt*,133,322,Eibar,From Throw In,322,Eibar,6775.0,Daniel García Carrillo,Right Defensive Midfield,50.4,17.3,,,,False,,,,,,,False,,,,,,,False,False,left_to_right,False,50.4,17.3,,,False,False,False,False
541b020a-8740-47bd-a7c3-a0b4778025cb,3825747,1929,2,00:09:15.675,54,15,30,Pass,133,322,Eibar,From Throw In,322,Eibar,6775.0,Daniel García Carrillo,Right Defensive Midfield,52.2,15.2,114.8,18.5,4.452704,False,,,,,,Incomplete,False,62.68692,0.052666906,High Pass,,6566.0,Borja González Tomás,False,False,left_to_right,False,52.2,15.2,114.8,18.5,False,True,True,True
d2dff614-ce74-4751-a312-247be3cee0fb,3825747,1930,2,00:09:19.309,54,19,17,Pressure,133,322,Eibar,From Throw In,322,Eibar,6566.0,Borja González Tomás,Right Center Forward,109.6,23.3,,,0.871606,False,,,,,,,False,,,,,,,False,False,left_to_right,False,109.6,23.3,,,False,False,False,False
a7311c1b-73b0-4da0-b931-ab8fb106a1b6,3825747,1931,2,00:09:20.127,54,20,42,Ball Receipt*,133,322,Eibar,From Throw In,322,Eibar,6566.0,Borja González Tomás,Right Center Forward,101.2,25.0,,,,False,,,,,,,False,,,,,,,False,False,left_to_right,False,101.2,25.0,,,False,False,False,False
f7df68bd-a8d0-4ce6-bb83-40d5d09e7c76,3825747,1932,2,00:09:20.127,54,20,23,Goal Keeper,133,322,Eibar,From Throw In,215,Athletic Club,6662.0,Iago Herrerín Buisán,Goalkeeper,5.3,61.6,,,0.0,True,,,,,,,False,,,,,,,False,False,left_to_right,False,5.3,61.6,,,False,False,False,False
cdf09245-80a7-4fc4-87e2-83bfd46c9fc6,3825747,1933,2,00:09:35.136,54,35,30,Pass,134,322,Eibar,From Throw In,322,Eibar,6776.0,David Juncà Reñé,Left Back,91.2,0.1,94.8,21.5,1.776996,False,,,,,,,True,21.700691,1.4041325,Low Pass,Throw-in,6566.0,Borja González Tomás,False,False,left_to_right,False,91.2,0.1,94.8,21.5,False,True,False,False
c4921142-9b47-4f8a-a031-e7d714ca5d5d,3825747,1934,2,00:09:36.588,54,36,17,Pressure,134,322,Eibar,From Throw In,215,Athletic Club,6386.0,Eneko Bóveda Altube,Right Center Back,27.4,58.2,,,1.598284,False,,,,,,,False,,,,,,,False,False,left_to_right,False,27.4,58.2,,,False,False,False,False
d2370cf0-3498-4d08-b33d-2f724db7de99,3825747,1935,2,00:09:36.913,54,36,42,Ball Receipt*,134,322,Eibar,From Throw In,322,Eibar,6566.0,Borja González Tomás,Right Center Forward,94.8,21.5,,,,True,,,,,,,False,,,,,,,False,False,left_to_right,False,94.8,21.5,,,False,False,False,False
a637ca86-3796-4da2-8fc5-59c0c2d7abd6,3825747,1936,2,00:09:36.913,54,36,43,Carry,134,322,Eibar,From Throw In,322,Eibar,6566.0,Borja González Tomás,Right Center Forward,94.8,21.5,92.3,21.2,1.192251,True,,,,,,,False,,,,,,,False,False,left_to_right,False,94.8,21.5,92.3,21.2,False,False,False,False
d7158d26-e07f-486b-a004-cab28085bef0,3825747,1937,2,00:09:38.105,54,38,30,Pass,134,322,Eibar,From Throw In,322,Eibar,6566.0,Borja González Tomás,Right Center Forward,92.3,21.2,81.6,16.9,1.262517,True,,,,,,,True,11.531695,-2.759476,Ground Pass,,6775.0,Daniel García Carrillo,False,False,left_to_right,False,92.3,21.2,81.6,16.9,False,False,False,False
c73dc5e5-1ca3-482c-848d-28f4ccc417f8,3825747,1938,2,00:09:39.368,54,39,42,Ball Receipt*,134,322,Eibar,From Throw In,322,Eibar,6775.0,Daniel García Carrillo,Right Defensive Midfield,81.6,16.9,,,,False,,,,,,,False,,,,,,,False,False,left_to_right,False,81.6,16.9,,,False,False,False,False
82359e25-db10-4a8b-b594-2bae3095a298,3825747,1939,2,00:09:39.368,54,39,30,Pass,134,322,Eibar,From Throw In,322,Eibar,6775.0,Daniel García Carrillo,Right Defensive Midfield,79.4,16.5,74.1,60.2,2.917884,False,,,,,,,True,44.02022,1.6914884,Ground Pass,,6699.0,Ander Capa Rodríguez,False,False,left_to_right,False,79.4,16.5,74.1,60.2,False,False,False,False
c9e5aef8-5fc7-491f-9ae8-2be3809ff23f,3825747,1940,2,00:09:42.286,54,42,42,Ball Receipt*,134,322,Eibar,From Throw In,322,Eibar,6699.0,Ander Capa Rodríguez,Right Back,74.1,60.2,,,,False,,,,,,,False,,,,,,,False,False,left_to_right,False,74.1,60.2,,,False,False,False,False
0c576126-af59-4698-8bfa-8cd9eac0ad2a,3825747,1941,2,00:09:42.286,54,42,43,Carry,134,322,Eibar,From Throw In,322,Eibar,6699.0,Ander Capa Rodríguez,Right Back,74.1,60.2,69.6,61.3,2.223396,False,,,,,,,False,,,,,,,False,False,left_to_right,False,74.1,60.2,69.6,61.3,False,False,False,False
9e161c6e-8418-458f-a95c-c0fbbb84d40c,3825747,1942,2,00:09:44.509,54,44,30,Pass,134,322,Eibar,From Throw In,322,Eibar,6699.0,Ander Capa Rodríguez,Right Back,69.6,61.3,78.5,74.6,1.401111,False,,,,,,,True,16.003124,0.9810606,Ground Pass,,6742.0,Sergio Gontán Gallardo,False,False,left_to_right,False,69.6,61.3,78.5,74.6,False,False,False,False
354f4a6c-b017-4f4e-99b9-cfb2f8620aba,3825747,1943,2,00:09:45.910,54,45,42,Ball Receipt*,134,322,Eibar,From Throw In,322,Eibar,6742.0,Sergio Gontán Gallardo,Right Midfield,78.5,74.6,,,,False,,,,,,,False,,,,,,,False,False,left_to_right,False,78.5,74.6,,,False,False,False,False
1683660a-357c-4171-993b-623a2f41f78b,3825747,1944,2,00:09:45.910,54,45,43,Carry,134,322,Eibar,From Throw In,322,Eibar,6742.0,Sergio Gontán Gallardo,Right Midfield,78.5,74.6,77.9,66.1,1.815921,True,,,,,,,False,,,,,,,False,False,left_to_right,False,78.5,74.6,77.9,66.1,False,False,False,False
3cc4f8d2-a8e5-4378-9104-4e6f76c7e847,3825747,1945,2,00:09:46.671,54,46,17,Pressure,134,322,Eibar,From Throw In,215,Athletic Club,6789.0,Mikel Balenziaga Oruesagasti,Left Back,41.6,5.5,,,0.836127,False,,,,,,,False,,,,,,,False,False,left_to_right,False,41.6,5.5,,,False,False,False,False
466a90dd-adb3-4132-90c6-785dfd414886,3825747,1946,2,00:09:47.726,54,47,30,Pass,134,322,Eibar,From Throw In,322,Eibar,6742.0,Sergio Gontán Gallardo,Right Midfield,77.9,66.1,72.1,59.0,1.896063,False,,,,,,,True,9.167879,-2.2557583,Ground Pass,,6712.0,Gonzalo Escalante,False,False,left_to_right,False,77.9,66.1,72.1,59.0,False,False,False,False
0b2843b3-eaa6-4235-b68b-7b1aea36d22f,3825747,1947,2,00:09:49.622,54,49,42,Ball Receipt*,134,322,Eibar,From Throw In,322,Eibar,6712.0,Gonzalo Escalante,Left Defensive Midfield,72.1,59.0,,,,False,,,,,,,False,,,,,,,False,False,left_to_right,False,72.1,59.0,,,False,False,False,False
09e2409c-81a3-4ffd-bb3d-bed707a62f6f,3825747,1948,2,00:09:49.622,54,49,43,Carry,134,322,Eibar,From Throw In,322,Eibar,6712.0,Gonzalo Escalante,Left Defensive Midfield,72.1,59.0,72.1,59.0,1.045236,False,,,,,,,False,,,,,,,False,False,left_to_right,False,72.1,59.0,72.1,59.0,False,False,False,False
665446c7-ec3d-4028-b27c-776a7ee76e3a,3825747,1949,2,00:09:50.667,54,50,30,Pass,134,322,Eibar,From Throw In,322,Eibar,6712.0,Gonzalo Escalante,Left Defensive Midfield,72.1,59.0,67.0,73.8,1.172455,False,,,,,,,True,15.654073,1.9026475,Ground Pass,,6699.0,Ander Capa Rodríguez,False,False,left_to_right,False,72.1,59.0,67.0,73.8,False,False,False,False
32f2e7cf-56fe-4b29-a2cf-53a42523b4d7,3825747,1950,2,00:09:51.840,54,51,42,Ball Receipt*,134,322,Eibar,From Throw In,322,Eibar,6699.0,Ander Capa Rodríguez,Right Back,67.0,73.8,,,,False,,,,,,,False,,,,,,,False,False,left_to_right,False,67.0,73.8,,,False,False,False,False
c9d1bfbe-7b18-4417-95f7-a363afdee486,3825747,1951,2,00:09:51.840,54,51,43,Carry,134,322,Eibar,From Throw In,322,Eibar,6699.0,Ander Capa Rodríguez,Right Back,67.0,73.8,67.0,74.0,0.162202,False,,,,,,,False,,,,,,,False,False,left_to_right,False,67.0,73.8,67.0,74.0,False,False,False,False
ef9734ad-bc06-4960-9c41-2aa870f3ab68,3825747,1952,2,00:09:52.002,54,52,30,Pass,134,322,Eibar,From Throw In,322,Eibar,6699.0,Ander Capa Rodríguez,Right Back,67.0,74.0,57.5,65.7,0.913877,False,,,,,,,True,12.61507,-2.4235084,Ground Pass,,6712.0,Gonzalo Escalante,False,False,left_to_right,False,67.0,74.0,57.5,65.7,False,False,False,False
1f958868-c96f-4ff5-95be-0e8d90d85a59,3825747,1953,2,00:09:52.916,54,52,42,Ball Receipt*,134,322,Eibar,From Throw In,322,Eibar,6712.0,Gonzalo Escalante,Left Defensive Midfield,57.5,65.7,,,,False,,,,,,,False,,,,,,,False,False,left_to_right,False,57.5,65.7,,,False,False,False,False
3ef93266-4312-4bff-831f-e3515e628b2b,3825747,1954,2,00:09:52.916,54,52,43,Carry,134,322,Eibar,From Throw In,322,Eibar,6712.0,Gonzalo Escalante,Left Defensive Midfield,57.5,65.7,54.5,59.2,1.336592,True,,,,,,,False,,,,,,,False,False,left_to_right,False,57.5,65.7,54.5,59.2,False,False,False,False
210a0329-3bbe-49e9-aa9f-de2442d4b2a8,3825747,1955,2,00:09:53.665,54,53,17,Pressure,134,322,Eibar,From Throw In,215,Athletic Club,6396.0,Beñat Etxebarria Urkiaga,Left Defensive Midfield,65.2,19.4,,,0.673835,False,,,,,,,False,,,,,,,False,False,left_to_right,False,65.2,19.4,,,False,False,False,False
3c827ede-6e8a-4e9b-94b5-2a8aad22efc1,3825747,1956,2,00:09:54.252,54,54,30,Pass,134,322,Eibar,From Throw In,322,Eibar,6712.0,Gonzalo Escalante,Left Defensive Midfield,54.5,59.2,44.1,56.1,1.01278,True,,,,,,,True,10.852189,-2.851901,Ground Pass,,6775.0,Daniel García Carrillo,False,False,left_to_right,False,54.5,59.2,44.1,56.1,False,False,False,False
6e79e1bd-1229-427b-8c1b-b0d0a6ab9f4d,3825747,1957,2,00:09:55.265,54,55,42,Ball Receipt*,134,322,Eibar,From Throw In,322,Eibar,6775.0,Daniel García Carrillo,Right Defensive Midfield,44.1,56.1,,,,False,,,,,,,False,,,,,,,False,False,left_to_right,False,44.1,56.1,,,False,False,False,False
f1f125c6-e8dc-4f95-a1b7-ed4298cf845d,3825747,1958,2,00:09:55.265,54,55,43,Carry,134,322,Eibar,From Throw In,322,Eibar,6775.0,Daniel García Carrillo,Right Defensive Midfield,44.1,56.1,57.3,64.2,2.975713,True,,,,,,,False,,,,,,,False,False,left_to_right,False,44.1,56.1,57.3,64.2,False,False,False,False
270fd0b3-3615-4b66-847f-6caedf75cea1,3825747,1959,2,00:09:57.373,54,57,17,Pressure,134,322,Eibar,From Throw In,215,Athletic Club,6394.0,Aritz Aduriz Zubeldia,Center Forward,67.2,16.7,,,0.704827,False,,,,,,,False,,,,,,,False,False,left_to_right,False,67.2,16.7,,,False,False,False,False
84058317-2b4f-4062-b110-8d6157315a7e,3825747,1960,2,00:09:58.241,54,58,30,Pass,134,322,Eibar,From Throw In,322,Eibar,6775.0,Daniel García Carrillo,Right Defensive Midfield,57.3,64.2,95.0,62.1,2.506882,False,,,,,,,True,37.758442,-0.055645414,High Pass,,6700.0,Sergio Enrich Ametller,False,False,left_to_right,False,57.3,64.2,95.0,62.1,False,True,True,False
ae78f29c-453e-4bf2-a999-2d624891ce28,3825747,1961,2,00:10:00.550,55,0,17,Pressure,134,322,Eibar,From Throw In,215,Athletic Club,4353.0,Aymeric Laporte,Left Center Back,25.5,17.3,,,0.119999,False,,,,,,,False,,,,,,,False,False,left_to_right,False,25.5,17.3,,,False,False,False,False
a269693a-a6d2-4425-91db-d93cdeba1949,3825747,1962,2,00:10:00.748,55,0,42,Ball Receipt*,134,322,Eibar,From Throw In,322,Eibar,6700.0,Sergio Enrich Ametller,Left Center Forward,95.0,62.1,,,,False,,,,,,,False,,,,,,,False,False,left_to_right,False,95.0,62.1,,,False,False,False,False
889c64e8-db24-4cd8-ade4-1449ad36650f,3825747,1963,2,00:10:00.748,55,0,43,Carry,134,322,Eibar,From Throw In,322,Eibar,6700.0,Sergio Enrich Ametller,Left Center Forward,95.0,62.1,91.9,74.4,1.990811,False,,,,,,,False,,,,,,,False,False,left_to_right,False,95.0,62.1,91.9,74.4,False,False,False,False
6c9ffaea-45f1-4d79-a8fa-e1e449432187,3825747,1964,2,00:10:02.739,55,2,30,Pass,134,322,Eibar,From Throw In,322,Eibar,6700.0,Sergio Enrich Ametller,Left Center Forward,91.9,74.4,110.2,72.3,1.831594,False,,,,,,,True,18.420097,-0.114254326,Ground Pass,,6742.0,Sergio Gontán Gallardo,False,False,left_to_right,False,91.9,74.4,110.2,72.3,False,False,False,False
ac347735-a446-42e0-9ad5-a30f0dfbbaa0,3825747,1965,2,00:10:04.274,55,4,17,Pressure,134,322,Eibar,From Throw In,215,Athletic Club,6789.0,Mikel Balenziaga Oruesagasti,Left Back,8.4,8.4,,,0.920207,False,,,,,,,False,,,,,,,False,False,left_to_right,False,8.4,8.4,,,False,False,False,False
b7801313-d979-4a13-9db7-d02f75a8297d,3825747,1966,2,00:10:04.570,55,4,42,Ball Receipt*,134,322,Eibar,From Throw In,322,Eibar,6742.0,Sergio Gontán Gallardo,Right Midfield,110.2,72.3,,,,True,,,,,,,False,,,,,,,False,False,left_to_right,False,110.2,72.3,,,False,False,False,False
d6fa0920-6efa-498d-9031-7143456cd7bf,3825747,1967,2,00:10:04.570,55,4,43,Carry,134,322,Eibar,From Throw In,322,Eibar,6742.0,Sergio Gontán Gallardo,Right Midfield,110.2,72.3,111.3,72.3,0.617907,True,,,,,,,False,,,,,,,False,False,left_to_right,False,110.2,72.3,111.3,72.3,False,False,False,False
469cbad6-aba0-4447-8fdb-776f1ba54268,3825747,1968,2,00:10:05.188,55,5,22,Foul Committed,134,322,Eibar,From Throw In,215,Athletic Club,6789.0,Mikel Balenziaga Oruesagasti,Left Back,8.8,7.8,,,0.0,False,,,,,,,False,,,,,,,False,False,left_to_right,False,8.8,7.8,,,False,False,False,False
c50c09e2-3483-4d26-9545-063f2eef85f8,3825747,1969,2,00:10:05.188,55,5,21,Foul Won,134,322,Eibar,From Throw In,322,Eibar,6742.0,Sergio Gontán Gallardo,Right Midfield,111.3,72.3,,,0.0,True,,,,,,,False,,,,,,,False,False,left_to_right,False,111.3,72.3,,,False,False,False,False
93747ac0-e461-43bd-b677-199bd96e079d,3825747,1970,2,00:10:48.558,55,48,30,Pass,135,322,Eibar,From Free Kick,322,Eibar,24070.0,Saúl Berjón Pérez,Left Midfield,110.0,70.7,95.2,48.6,1.435218,False,,,,,,,True,26.597933,-2.1608844,Ground Pass,Free Kick,6775.0,Daniel García Carrillo,True,False,left_to_right,False,110.0,70.7,95.2,48.6,False,False,False,False
0f34094c-d78e-4ec8-b5c1-257b33573875,3825747,1971,2,00:10:49.994,55,49,42,Ball Receipt*,135,322,Eibar,From Free Kick,322,Eibar,6775.0,Daniel García Carrillo,Right Defensive Midfield,95.2,48.6,,,,False,,,,,,,False,,,,,,,False,False,left_to_right,False,95.2,48.6,,,False,False,False,False
5850039e-8b5f-48be-b21f-18f76423a4b1,3825747,1972,2,00:10:50.031,55,50,16,Shot,135,322,Eibar,From Free Kick,322,Eibar,6775.0,Daniel García Carrillo,Right Defensive Midfield,99.1,47.0,120.0,46.2,1.459665,False,0.036320187,Off T,Right Foot,Normal,Open Play,,False,,,,,,,False,False,left_to_right,False,99.1,47.0,120.0,46.2,False,False,False,False
4ad2a96e-31bc-4a27-8dfc-c72b5b2dfa20,3825747,1973,2,00:10:51.491,55,51,23,Goal Keeper,135,322,Eibar,From Free Kick,215,Athletic Club,6662.0,Iago Herrerín Buisán,Goalkeeper,1.8,38.9,,,0.0,False,,,,,,,False,,,,,,,False,False,left_to_right,False,1.8,38.9,,,False,False,False,False
976dd0b4-9b45-44d2-af8c-dbf479c89aa9,3825747,1974,2,00:11:15.421,56,15,30,Pass,136,215,Athletic Club,From Goal Kick,215,Athletic Club,6662.0,Iago Herrerín Buisán,Goalkeeper,6.0,36.0,77.5,24.4,3.268011,False,,,,,,,True,72.43487,-0.1608364,High Pass,Goal Kick,6394.0,Aritz Aduriz Zubeldia,False,False,left_to_right,False,6.0,36.0,77.5,24.4,False,True,False,False
e8760ebe-403d-4a8d-aee8-c244b9a8aaf0,3825747,1975,2,00:11:18.689,56,18,42,Ball Receipt*,136,215,Athletic Club,From Goal Kick,215,Athletic Club,6394.0,Aritz Aduriz Zubeldia,Center Forward,77.5,24.4,,,,False,,,,,,,False,,,,,,,False,False,left_to_right,False,77.5,24.4,,,False,False,False,False
abb4d088-7558-4583-900b-91f31ac5e58c,3825747,1976,2,00:11:18.689,56,18,30,Pass,136,215,Athletic Club,From Goal Kick,215,Athletic Club,6394.0,Aritz Aduriz Zubeldia,Center Forward,77.5,23.6,86.4,12.3,3.014882,True,,,,,,Incomplete,False,14.384019,-0.90365565,High Pass,,6666.0,Sabin Merino Zuloaga,False,False,left_to_right,False,77.5,23.6,86.4,12.3,False,False,True,True
c2a8e155-1c9d-4db1-976e-e400da220f41,3825747,1977,2,00:11:18.689,56,18,4,Duel,136,215,Athletic Club,From Goal Kick,322,Eibar,6837.0,Mauro Javier Dos Santos,Right Center Back,42.6,56.5,,,0.0,True,,,,,,,False,,,,,,,False,False,left_to_right,False,42.6,56.5,,,False,False,False,False
16b07845-3c3d-4606-a240-cfac6737ee59,3825747,1978,2,00:11:21.704,56,21,42,Ball Receipt*,136,215,Athletic Club,From Goal Kick,215,Athletic Club,6666.0,Sabin Merino Zuloaga,Left Wing,87.0,21.5,,,,False,,,,,,,False,,,,,,,False,False,left_to_right,False,87.0,21.5,,,False,False,False,False
365ff3da-cb88-4def-97f3-cc1b9c1dc238,3825747,1979,2,00:11:21.704,56,21,9,Clearance,136,215,Athletic Club,From Goal Kick,322,Eibar,6837.0,Mauro Javier Dos Santos,Right Center Back,33.7,67.8,,,0.0,True,,,,,,,False,,,,,,,False,False,left_to_right,False,33.7,67.8,,,False,False,False,False
befadac4-64c1-42c8-9514-886ded62bfdf,3825747,1980,2,00:11:23.864,56,23,2,Ball Recovery,137,322,Eibar,Regular Play,322,Eibar,6700.0,Sergio Enrich Ametller,Left Center Forward,54.5,72.3,,,0.0,False,,,,,,,False,,,,,,,False,False,left_to_right,False,54.5,72.3,,,False,False,False,False
72279ec0-760a-4148-ae4b-fcda49f54ece,3825747,1981,2,00:11:23.864,56,23,43,Carry,137,322,Eibar,Regular Play,322,Eibar,6700.0,Sergio Enrich Ametller,Left Center Forward,54.5,72.3,54.1,72.8,2.076248,False,,,,,,,False,,,,,,,False,False,left_to_right,False,54.5,72.3,54.1,72.8,False,False,False,False
017d3c70-4d1b-4e9e-a308-43c9d1c6f7c7,3825747,1982,2,00:11:25.940,56,25,30,Pass,137,322,Eibar,Regular Play,322,Eibar,6700.0,Sergio Enrich Ametller,Left Center Forward,54.1,72.8,59.3,73.8,0.251534,False,,,,,,Incomplete,False,5.295281,0.18998829,Low Pass,,,,False,False,left_to_right,False,54.1,72.8,59.3,73.8,False,False,False,True
3ca4f040-b737-424c-a305-9861782e6ece,3825747,1983,2,00:11:26.192,56,26,6,Block,137,322,Eibar,Regular Play,215,Athletic Club,6789.0,Mikel Balenziaga Oruesagasti,Left Back,60.8,6.3,,,0.0,False,,,,,,,False,,,,,,,False,False,left_to_right,False,60.8,6.3,,,False,False,False,False
a753a971-c3c4-4ecb-bad3-c4665d0a69e4,3825747,1984,2,00:11:55.494,56,55,19,Substitution,137,322,Eibar,Regular Play,322,Eibar,24070.0,Saúl Berjón Pérez,Left Midfield,,,,,0.0,False,,,,,,,False,,,,,,,False,False,left_to_right,False,,,,,False,False,False,False
722bae0a-f28d-4435-af8e-be1fdd3e90e6,3825747,1985,2,00:12:00.813,57,0,30,Pass,138,322,Eibar,From Throw In,322,Eibar,6699.0,Ander Capa Rodríguez,Right Back,64.5,80.0,51.0,53.8,2.465552,False,,,,,,,True,29.473547,-2.046583,High Pass,Throw-in,27239.0,Aleksandar Pantić,False,False,left_to_right,False,64.5,80.0,51.0,53.8,False,False,False,False
93d0fa7e-9840-4ba3-b868-2c8b76b156af,3825747,1986,2,00:12:03.278,57,3,42,Ball Receipt*,138,322,Eibar,From Throw In,322,Eibar,27239.0,Aleksandar Pantić,Left Center Back,51.0,53.8,,,,False,,,,,,,False,,,,,,,False,False,left_to_right,False,51.0,53.8,,,False,False,False,False
4ac3d6da-73d0-4883-b38a-e3ea5a085623,3825747,1987,2,00:12:03.278,57,3,43,Carry,138,322,Eibar,From Throw In,322,Eibar,27239.0,Aleksandar Pantić,Left Center Back,51.0,53.8,52.2,49.4,1.39612,False,,,,,,,False,,,,,,,False,False,left_to_right,False,51.0,53.8,52.2,49.4,False,False,False,False
573bd52d-0230-4431-999d-4fb88a00dd7a,3825747,1988,2,00:12:04.674,57,4,30,Pass,138,322,Eibar,From Throw In,322,Eibar,27239.0,Aleksandar Pantić,Left Center Back,52.2,49.4,51.6,16.9,2.954212,False,,,,,,,True,32.50554,-1.5892558,Ground Pass,,6776.0,David Juncà Reñé,False,False,left_to_right,False,52.2,49.4,51.6,16.9,False,False,False,False
94fced16-44f6-4eba-902a-160820d4974b,3825747,1989,2,00:12:07.628,57,7,42,Ball Receipt*,138,322,Eibar,From Throw In,322,Eibar,6776.0,David Juncà Reñé,Left Back,51.6,16.9,,,,False,,,,,,,False,,,,,,,False,False,left_to_right,False,51.6,16.9,,,False,False,False,False
a8abad16-e561-4a3e-abf1-2e3f67188b80,3825747,1990,2,00:12:07.628,57,7,43,Carry,138,322,Eibar,From Throw In,322,Eibar,6776.0,David Juncà Reñé,Left Back,51.6,16.9,55.0,11.2,0.391222,False,,,,,,,False,,,,,,,False,False,left_to_right,False,51.6,16.9,55.0,11.2,False,False,False,False
6985dc16-4264-4889-8067-1276bb8e2d06,3825747,1991,2,00:12:08.020,57,8,30,Pass,138,322,Eibar,From Throw In,322,Eibar,6776.0,David Juncà Reñé,Left Back,55.0,11.2,85.2,23.8,2.046134,False,,,,,,Incomplete,False,32.72308,0.39526126,Ground Pass,,6566.0,Borja González Tomás,False,False,left_to_right,False,55.0,11.2,85.2,23.8,False,True,True,True
95505b74-1c17-4554-a6e4-547fd3140130,3825747,1992,2,00:12:10.066,57,10,42,Ball Receipt*,138,322,Eibar,From Throw In,322,Eibar,6566.0,Borja González Tomás,Right Center Forward,81.9,30.6,,,,False,,,,,,,False,,,,,,,False,False,left_to_right,False,81.9,30.6,,,False,False,False,False
7dec144c-ca63-4d61-87ee-7b62a88ba19c,3825747,1993,2,00:12:10.066,57,10,10,Interception,138,322,Eibar,From Throw In,215,Athletic Club,6386.0,Eneko Bóveda Altube,Right Center Back,34.9,56.3,,,0.0,False,,,,,,,False,,,,,,,False,False,left_to_right,False,34.9,56.3,,,False,False,False,False
0fa37029-4b9e-4850-8942-32722f714432,3825747,1994,2,00:12:10.066,57,10,43,Carry,138,322,Eibar,From Throw In,215,Athletic Club,6386.0,Eneko Bóveda Altube,Right Center Back,34.9,56.3,42.0,63.9,1.562215,False,,,,,,,False,,,,,,,False,False,left_to_right,False,34.9,56.3,42.0,63.9,False,False,False,False
61124622-0d7d-426c-aeca-ad7b3e32ad70,3825747,1995,2,00:12:11.628,57,11,30,Pass,138,322,Eibar,From Throw In,215,Athletic Club,6386.0,Eneko Bóveda Altube,Right Center Back,42.0,63.9,68.7,53.4,2.497593,False,,,,,,Incomplete,False,28.690416,-0.3746812,Low Pass,,6396.0,Beñat Etxebarria Urkiaga,False,False,left_to_right,False,42.0,63.9,68.7,53.4,False,True,False,True
cac63ab3-189b-4393-8d72-1e175833cbd3,3825747,1996,2,00:12:14.126,57,14,42,Ball Receipt*,138,322,Eibar,From Throw In,215,Athletic Club,6396.0,Beñat Etxebarria Urkiaga,Left Defensive Midfield,62.6,54.5,,,,False,,,,,,,False,,,,,,,False,False,left_to_right,False,62.6,54.5,,,False,False,False,False
2b9abb30-b7d6-4fa9-95fe-359e3556eb96,3825747,1997,2,00:12:14.126,57,14,30,Pass,138,322,Eibar,From Throw In,322,Eibar,27239.0,Aleksandar Pantić,Left Center Back,51.4,26.7,57.0,33.3,0.614004,False,,,,,,,True,8.655634,0.86718255,Ground Pass,Recovery,6712.0,Gonzalo Escalante,False,False,left_to_right,False,51.4,26.7,57.0,33.3,False,False,False,False
7593b960-7d9c-483c-ab66-b6cb3ddee6d8,3825747,1998,2,00:12:14.542,57,14,17,Pressure,138,322,Eibar,From Throw In,215,Athletic Club,6396.0,Beñat Etxebarria Urkiaga,Left Defensive Midfield,63.1,46.8,,,0.29327,False,,,,,,,False,,,,,,,False,False,left_to_right,False,63.1,46.8,,,False,False,False,False
65ac2dd6-a5fc-43c5-a8ed-d42e7168375e,3825747,1999,2,00:12:14.740,57,14,42,Ball Receipt*,138,322,Eibar,From Throw In,322,Eibar,6712.0,Gonzalo Escalante,Left Defensive Midfield,57.0,33.3,,,,True,,,,,,,False,,,,,,,False,False,left_to_right,False,57.0,33.3,,,False,False,False,False
a9599678-eee8-4b03-ab7e-a1421daec157,3825747,2000,2,00:12:14.740,57,14,43,Carry,138,322,Eibar,From Throw In,322,Eibar,6712.0,Gonzalo Escalante,Left Defensive Midfield,57.0,33.3,57.0,33.3,0.04,True,,,,,,,False,,,,,,,False,False,left_to_right,False,57.0,33.3,57.0,33.3,False,False,False,False
785f524f-45ee-471d-9703-033f9be24367,3825747,2001,2,00:12:14.780,57,14,30,Pass,138,322,Eibar,From Throw In,322,Eibar,6712.0,Gonzalo Escalante,Left Defensive Midfield,57.0,33.3,46.2,34.6,0.872934,True,,,,,,,True,10.877959,3.0217986,Ground Pass,,6837.0,Mauro Javier Dos Santos,False,False,left_to_right,False,57.0,33.3,46.2,34.6,False,False,False,False
6888c08d-2675-4ea6-9acb-513f5ecf488f,3825747,2002,2,00:12:15.653,57,15,42,Ball Receipt*,138,322,Eibar,From Throw In,322,Eibar,6837.0,Mauro Javier Dos Santos,Right Center Back,46.2,34.6,,,,False,,,,,,,False,,,,,,,False,False,left_to_right,False,46.2,34.6,,,False,False,False,False
f6bb81bc-df69-49bb-9bf4-4bbb4c0d5f1e,3825747,2003,2,00:12:15.653,57,15,43,Carry,138,322,Eibar,From Throw In,322,Eibar,6837.0,Mauro Javier Dos Santos,Right Center Back,46.2,34.6,51.6,56.1,6.169098,False,,,,,,,False,,,,,,,False,False,left_to_right,False,46.2,34.6,51.6,56.1,False,False,False,False
ee40dd46-17bb-4318-8b24-df5aa5052313,3825747,2004,2,00:12:21.822,57,21,30,Pass,138,322,Eibar,From Throw In,322,Eibar,6837.0,Mauro Javier Dos Santos,Right Center Back,51.6,56.1,65.8,74.8,1.636378,False,,,,,,,True,23.480417,0.9213328,Ground Pass,,6699.0,Ander Capa Rodríguez,False,False,left_to_right,False,51.6,56.1,65.8,74.8,False,False,False,False
0c9999b8-e49c-4118-a327-f62c27ce6867,3825747,2005,2,00:12:23.458,57,23,42,Ball Receipt*,138,322,Eibar,From Throw In,322,Eibar,6699.0,Ander Capa Rodríguez,Right Back,65.8,74.8,,,,False,,,,,,,False,,,,,,,False,False,left_to_right,False,65.8,74.8,,,False,False,False,False
ef1556aa-4f06-4379-9413-e26ce032094d,3825747,2006,2,00:12:23.458,57,23,43,Carry,138,322,Eibar,From Throw In,322,Eibar,6699.0,Ander Capa Rodríguez,Right Back,65.8,74.8,68.9,74.8,0.849906,True,,,,,,,False,,,,,,,False,False,left_to_right,False,65.8,74.8,68.9,74.8,False,False,False,False
0e1e8082-93a5-484b-af7e-79c8c22f590d,3825747,2007,2,00:12:23.904,57,23,17,Pressure,138,322,Eibar,From Throw In,215,Athletic Club,6666.0,Sabin Merino Zuloaga,Left Wing,51.4,3.8,,,0.364232,False,,,,,,,False,,,,,,,False,False,left_to_right,False,51.4,3.8,,,False,False,False,False
1b4a68fa-ee69-4a92-a248-1cc27f7a123d,3825747,2008,2,00:12:24.308,57,24,30,Pass,138,322,Eibar,From Throw In,322,Eibar,6699.0,Ander Capa Rodríguez,Right Back,68.9,74.8,79.1,72.3,1.007279,False,,,,,,,True,10.5019045,-0.24035975,Ground Pass,,6742.0,Sergio Gontán Gallardo,False,False,left_to_right,False,68.9,74.8,79.1,72.3,False,False,False,False
eeb5cbb6-0711-44b7-98b6-e7230820bdf4,3825747,2009,2,00:12:25.315,57,25,42,Ball Receipt*,138,322,Eibar,From Throw In,322,Eibar,6742.0,Sergio Gontán Gallardo,Right Midfield,79.1,72.3,,,,False,,,,,,,False,,,,,,,False,False,left_to_right,False,79.1,72.3,,,False,False,False,False
0885bbac-3319-4ebf-b1c4-2d6550be3af4,3825747,2010,2,00:12:25.315,57,25,30,Pass,138,322,Eibar,From Throw In,322,Eibar,6742.0,Sergio Gontán Gallardo,Right Midfield,79.1,72.3,76.2,69.6,1.263352,False,,,,,,,True,3.9623225,-2.3918936,Ground Pass,,6699.0,Ander Capa Rodríguez,False,False,left_to_right,False,79.1,72.3,76.2,69.6,False,False,False,False
85d01c1d-14be-4bcf-a6c3-a042c6ce0209,3825747,2011,2,00:12:26.579,57,26,42,Ball Receipt*,138,322,Eibar,From Throw In,322,Eibar,6699.0,Ander Capa Rodríguez,Right Back,76.2,69.6,,,,False,,,,,,,False,,,,,,,False,False,left_to_right,False,76.2,69.6,,,False,False,False,False
e79b4692-c862-4140-a2b9-86956fcb4fc6,3825747,2012,2,00:12:26.579,57,26,43,Carry,138,322,Eibar,From Throw In,322,Eibar,6699.0,Ander Capa Rodríguez,Right Back,76.2,69.6,88.3,71.1,0.891362,True,,,,,,,False,,,,,,,False,False,left_to_right,False,76.2,69.6,88.3,71.1,False,False,False,False
a77f2b7a-03a6-4e04-aec7-f36da35652e3,3825747,2013,2,00:12:26.597,57,26,17,Pressure,138,322,Eibar,From Throw In,215,Athletic Club,6396.0,Beñat Etxebarria Urkiaga,Left Defensive Midfield,31.6,8.6,,,0.550705,False,,,,,,,False,,,,,,,False,False,left_to_right,False,31.6,8.6,,,False,False,False,False
45370e73-2c15-4244-9a51-942bee7d2df3,3825747,2014,2,00:12:27.470,57,27,22,Foul Committed,138,322,Eibar,From Throw In,215,Athletic Club,6396.0,Beñat Etxebarria Urkiaga,Left Defensive Midfield,31.8,9.0,,,0.0,False,,,,,,,False,,,,,,,False,False,left_to_right,False,31.8,9.0,,,False,False,False,False
e05a0273-18fd-4017-b828-6166d716b182,3825747,2015,2,00:12:27.470,57,27,21,Foul Won,138,322,Eibar,From Throw In,322,Eibar,6699.0,Ander Capa Rodríguez,Right Back,88.3,71.1,,,0.0,True,,,,,,,False,,,,,,,False,False,left_to_right,False,88.3,71.1,,,False,False,False,False
bc21f09e-d4fb-4a40-bb73-3748bc06a899,3825747,2016,2,00:12:54.232,57,54,30,Pass,139,322,Eibar,From Free Kick,322,Eibar,9462.0,José Ignacio Peleteiro Ramallo,Left Midfield,87.1,67.5,102.7,41.9,1.153345,False,,,,,,Unknown,False,29.978659,-1.0235119,High Pass,Free Kick,,,False,False,left_to_right,False,87.1,67.5,102.7,41.9,False,True,False,True
0b6b90e1-0a4a-40f7-bbd2-4a84d9b8b832,3825747,2017,2,00:12:55.465,57,55,22,Foul Committed,139,322,Eibar,From Free Kick,322,Eibar,27239.0,Aleksandar Pantić,Left Center Back,101.2,43.6,,,0.0,False,,,,,,,False,,,,,,,False,False,left_to_right,False,101.2,43.6,,,False,False,False,False
98437a70-421e-48c3-a9fd-173871826d33,3825747,2018,2,00:12:55.465,57,55,21,Foul Won,139,322,Eibar,From Free Kick,215,Athletic Club,6666.0,Sabin Merino Zuloaga,Left Wing,18.9,36.5,,,0.0,True,,,,,,,False,,,,,,,False,False,left_to_right,False,18.9,36.5,,,False,False,False,False
6892ae8d-ab75-4fa3-8dfd-b9549791ecbb,3825747,2019,2,00:13:32.070,58,32,30,Pass,140,215,Athletic Club,From Free Kick,215,Athletic Club,6662.0,Iago Herrerín Buisán,Goalkeeper,18.9,36.5,94.6,25.7,4.848775,False,,,,,,Incomplete,False,76.46653,-0.14171211,High Pass,Free Kick,,,False,False,left_to_right,False,18.9,36.5,94.6,25.7,False,True,True,True
b87b2cfe-d332-4082-af3e-3fcdcfc37dec,3825747,2020,2,00:13:36.919,58,36,9,Clearance,140,215,Athletic Club,From Free Kick,322,Eibar,6837.0,Mauro Javier Dos Santos,Right Center Back,25.5,54.4,,,0.0,True,,,,,,,False,,,,,,,False,False,left_to_right,False,25.5,54.4,,,False,False,False,False
0908fd05-3b6e-43f5-b412-9a6c445fb701,3825747,2021,2,00:13:39.585,58,39,30,Pass,140,215,Athletic Club,From Free Kick,215,Athletic Club,6389.0,Mikel San José Domínguez,Right Defensive Midfield,70.4,41.3,75.8,49.5,1.374039,False,,,,,,Incomplete,False,9.81835,0.9884434,High Pass,Recovery,6390.0,Markel Susaeta Laskurain,False,False,left_to_right,False,70.4,41.3,75.8,49.5,False,False,False,True
169077f0-3461-44c4-bf2e-dbe2692c8f69,3825747,2022,2,00:13:40.959,58,40,42,Ball Receipt*,140,215,Athletic Club,From Free Kick,215,Athletic Club,6390.0,Markel Susaeta Laskurain,Right Wing,74.5,54.0,,,,False,,,,,,,False,,,,,,,False,False,left_to_right,False,74.5,54.0,,,False,False,False,False
f25790e9-0d2e-45d8-98e5-0200420c270b,3825747,2023,2,00:13:40.959,58,40,30,Pass,141,322,Eibar,Regular Play,322,Eibar,6775.0,Daniel García Carrillo,Right Defensive Midfield,44.3,30.6,47.2,18.8,1.132483,False,,,,,,,True,12.151132,-1.3298097,Low Pass,Recovery,9462.0,José Ignacio Peleteiro Ramallo,False,False,left_to_right,False,44.3,30.6,47.2,18.8,False,False,False,False
b6cee984-e001-491c-89a0-cc4fa215a330,3825747,2024,2,00:13:42.091,58,42,42,Ball Receipt*,141,322,Eibar,Regular Play,322,Eibar,9462.0,José Ignacio Peleteiro Ramallo,Left Midfield,47.2,18.8,,,,False,,,,,,,False,,,,,,,False,False,left_to_right,False,47.2,18.8,,,False,False,False,False
39246c7b-d37c-4583-b282-039649ebbd0a,3825747,2025,2,00:13:42.091,58,42,30,Pass,141,322,Eibar,Regular Play,322,Eibar,9462.0,José Ignacio Peleteiro Ramallo,Left Midfield,47.2,19.0,33.7,23.7,1.17497,False,,,,,,,True,14.294754,2.8065686,Ground Pass,,6776.0,David Juncà Reñé,False,False,left_to_right,False,47.2,19.0,33.7,23.7,False,False,False,False
0f9c92fd-7371-4b26-a198-fa4cdf771960,3825747,2026,2,00:13:43.266,58,43,42,Ball Receipt*,141,322,Eibar,Regular Play,322,Eibar,6776.0,David Juncà Reñé,Left Back,33.7,23.7,,,,False,,,,,,,False,,,,,,,False,False,left_to_right,False,33.7,23.7,,,False,False,False,False
f8efda97-8f63-4d53-b7e3-c8288d090619,3825747,2027,2,00:13:43.266,58,43,43,Carry,141,322,Eibar,Regular Play,322,Eibar,6776.0,David Juncà Reñé,Left Back,33.7,23.7,33.7,23.7,0.070997,False,,,,,,,False,,,,,,,False,False,left_to_right,False,33.7,23.7,33.7,23.7,False,False,False,False
7a71a93d-806d-4c1e-b31b-550e8f104b0e,3825747,2028,2,00:13:43.337,58,43,30,Pass,141,322,Eibar,Regular Play,322,Eibar,6776.0,David Juncà Reñé,Left Back,33.7,23.7,39.3,32.7,0.743549,False,,,,,,,True,10.6,1.014197,Ground Pass,,6775.0,Daniel García Carrillo,False,False,left_to_right,False,33.7,23.7,39.3,32.7,False,False,False,False
f4fc0632-dea9-499a-97c5-a5117c8f58e4,3825747,2029,2,00:13:44.081,58,44,42,Ball Receipt*,141,322,Eibar,Regular Play,322,Eibar,6775.0,Daniel García Carrillo,Right Defensive Midfield,39.3,32.7,,,,False,,,,,,,False,,,,,,,False,False,left_to_right,False,39.3,32.7,,,False,False,False,False
349d643e-cb93-4499-95a4-872bd0af36bf,3825747,2030,2,00:13:44.081,58,44,43,Carry,141,322,Eibar,Regular Play,322,Eibar,6775.0,Daniel García Carrillo,Right Defensive Midfield,39.3,32.7,36.0,27.7,1.315477,False,,,,,,,False,,,,,,,False,False,left_to_right,False,39.3,32.7,36.0,27.7,False,False,False,False
e06daedd-0987-4720-97e2-6e539fa6ced2,3825747,2031,2,00:13:45.396,58,45,30,Pass,141,322,Eibar,Regular Play,322,Eibar,6775.0,Daniel García Carrillo,Right Defensive Midfield,36.0,27.7,24.9,12.1,1.941274,False,,,,,,,True,19.146017,-2.1892242,Ground Pass,,6776.0,David Juncà Reñé,False,False,left_to_right,False,36.0,27.7,24.9,12.1,False,False,False,False
6b3f09db-5b04-42bf-a636-999465dce81c,3825747,2032,2,00:13:47.337,58,47,42,Ball Receipt*,141,322,Eibar,Regular Play,322,Eibar,6776.0,David Juncà Reñé,Left Back,24.9,12.1,,,,False,,,,,,,False,,,,,,,False,False,left_to_right,False,24.9,12.1,,,False,False,False,False
9166dad9-9058-4622-b3f5-db63a1d5558e,3825747,2033,2,00:13:47.337,58,47,43,Carry,141,322,Eibar,Regular Play,322,Eibar,6776.0,David Juncà Reñé,Left Back,24.9,12.1,24.7,11.0,0.04,False,,,,,,,False,,,,,,,False,False,left_to_right,False,24.9,12.1,24.7,11.0,False,False,False,False
cef778bc-9869-4057-9c42-0c0280dbbb8e,3825747,2034,2,00:13:47.377,58,47,30,Pass,141,322,Eibar,Regular Play,322,Eibar,6776.0,David Juncà Reñé,Left Back,24.7,11.0,55.4,18.5,1.638669,False,,,,,,,True,31.602848,0.2396065,High Pass,,6700.0,Sergio Enrich Ametller,False,False,left_to_right,False,24.7,11.0,55.4,18.5,False,True,False,False
a6fb0864-3b69-44a8-ae49-774ea30d3817,3825747,2035,2,00:13:49.016,58,49,42,Ball Receipt*,141,322,Eibar,Regular Play,322,Eibar,6700.0,Sergio Enrich Ametller,Left Center Forward,55.4,18.5,,,,False,,,,,,,False,,,,,,,False,False,left_to_right,False,55.4,18.5,,,False,False,False,False
5d520131-fa23-4993-9971-ceec090d109f,3825747,2036,2,00:13:49.016,58,49,38,Miscontrol,141,322,Eibar,Regular Play,322,Eibar,6700.0,Sergio Enrich Ametller,Left Center Forward,55.4,18.5,,,0.0,False,,,,,,,False,,,,,,,False,False,left_to_right,False,55.4,18.5,,,False,False,False,True
d8aae228-7aa1-4540-8924-f50b28342d2d,3825747,2037,2,00:13:49.895,58,49,17,Pressure,141,322,Eibar,Regular Play,322,Eibar,6700.0,Sergio Enrich Ametller,Left Center Forward,50.6,20.6,,,0.348109,False,,,,,,,False,,,,,,,False,False,left_to_right,False,50.6,20.6,,,False,False,False,False
18605c24-8cbe-4c3f-93b3-24c0f1f3ca2d,3825747,2038,2,00:13:50.041,58,50,30,Pass,142,215,Athletic Club,Regular Play,215,Athletic Club,6389.0,Mikel San José Domínguez,Right Defensive Midfield,70.1,60.1,70.1,55.7,0.475261,True,,,,,,,True,4.4,-1.5707964,Ground Pass,Recovery,6396.0,Beñat Etxebarria Urkiaga,False,False,left_to_right,False,70.1,60.1,70.1,55.7,False,False,False,False
b56f2801-f72a-49f8-b40e-0f1a0d202f88,3825747,2039,2,00:13:50.516,58,50,42,Ball Receipt*,142,215,Athletic Club,Regular Play,215,Athletic Club,6396.0,Beñat Etxebarria Urkiaga,Left Defensive Midfield,70.1,55.7,,,,False,,,,,,,False,,,,,,,False,False,left_to_right,False,70.1,55.7,,,False,False,False,False
e9d98b71-44a4-4e25-814e-c3ad11114cbb,3825747,2040,2,00:13:50.516,58,50,43,Carry,142,215,Athletic Club,Regular Play,215,Athletic Club,6396.0,Beñat Etxebarria Urkiaga,Left Defensive Midfield,70.1,55.7,70.1,55.7,0.167492,False,,,,,,,False,,,,,,,False,False,left_to_right,False,70.1,55.7,70.1,55.7,False,False,False,False
3f89f873-42f8-4864-a796-414fb1497449,3825747,2041,2,00:13:50.684,58,50,30,Pass,142,215,Athletic Club,Regular Play,215,Athletic Club,6396.0,Beñat Etxebarria Urkiaga,Left Defensive Midfield,70.1,55.7,75.4,65.9,0.83677,False,,,,,,,True,11.4947815,1.0915858,Ground Pass,,6390.0,Markel Susaeta Laskurain,False,False,left_to_right,False,70.1,55.7,75.4,65.9,False,False,False,False
12f19723-09aa-42b4-ba3a-fd53c57eda95,3825747,2042,2,00:13:51.520,58,51,42,Ball Receipt*,142,215,Athletic Club,Regular Play,215,Athletic Club,6390.0,Markel Susaeta Laskurain,Right Wing,75.4,65.9,,,,False,,,,,,,False,,,,,,,False,False,left_to_right,False,75.4,65.9,,,False,False,False,False
a427a008-6e03-4851-8e80-a181fd72ba6c,3825747,2043,2,00:13:51.520,58,51,43,Carry,142,215,Athletic Club,Regular Play,215,Athletic Club,6390.0,Markel Susaeta Laskurain,Right Wing,75.4,65.9,75.0,63.0,0.494894,True,,,,,,,False,,,,,,,False,False,left_to_right,False,75.4,65.9,75.0,63.0,False,False,False,False
d4049fb4-b37a-434c-ad70-de940d5fcfd9,3825747,2044,2,00:13:52.015,58,52,22,Foul Committed,142,215,Athletic Club,Regular Play,322,Eibar,6776.0,David Juncà Reñé,Left Back,45.1,17.1,,,0.0,False,,,,,,,False,,,,,,,False,False,left_to_right,False,45.1,17.1,,,False,False,False,False
345f52bf-ab7f-4432-b1ea-1c90a9ab760e,3825747,2045,2,00:13:52.015,58,52,21,Foul Won,142,215,Athletic Club,Regular Play,215,Athletic Club,6390.0,Markel Susaeta Laskurain,Right Wing,75.0,63.0,,,0.0,True,,,,,,,False,,,,,,,False,False,left_to_right,False,75.0,63.0,,,False,False,False,False
005c1815-1d88-48af-906a-e1a51232c6a7,3825747,2046,2,00:13:52.015,58,52,43,Carry,142,215,Athletic Club,Regular Play,215,Athletic Club,6390.0,Markel Susaeta Laskurain,Right Wing,75.0,63.0,75.0,62.8,0.038354,True,,,,,,,False,,,,,,,False,False,left_to_right,False,75.0,63.0,75.0,62.8,False,False,False,False
b9815df8-77f5-43ba-989a-eb648cdc5cbf,3825747,2047,2,00:13:52.054,58,52,30,Pass,142,215,Athletic Club,Regular Play,215,Athletic Club,6390.0,Markel Susaeta Laskurain,Right Wing,75.0,62.8,82.0,58.8,0.814884,False,,,,,,,True,8.062258,-0.5191461,Ground Pass,,6842.0,Iker Muniain Goñi,False,False,left_to_right,False,75.0,62.8,82.0,58.8,False,False,True,False
08e588b0-53cc-4ad9-93b4-7846d45c579a,3825747,2048,2,00:13:52.236,58,52,17,Pressure,142,215,Athletic Club,Regular Play,322,Eibar,6776.0,David Juncà Reñé,Left Back,44.9,18.3,,,0.325905,False,,,,,,,False,,,,,,,False,False,left_to_right,False,44.9,18.3,,,False,False,False,False
68e15f53-9085-4caa-b5a8-f923ba4e1cfc,3825747,2049,2,00:13:52.868,58,52,42,Ball Receipt*,142,215,Athletic Club,Regular Play,215,Athletic Club,6842.0,Iker Muniain Goñi,Center Attacking Midfield,82.0,58.8,,,,False,,,,,,,False,,,,,,,False,False,left_to_right,False,82.0,58.8,,,False,False,False,False
0aebd321-581f-44c0-9ef2-1203e6952e9d,3825747,2050,2,00:13:52.868,58,52,43,Carry,142,215,Athletic Club,Regular Play,215,Athletic Club,6842.0,Iker Muniain Goñi,Center Attacking Midfield,82.0,58.8,86.6,57.4,1.772646,False,,,,,,,False,,,,,,,False,False,left_to_right,False,82.0,58.8,86.6,57.4,False,False,False,False
dffb4be6-ff3b-4b9d-82b5-d70f2d595114,3825747,2051,2,00:13:54.641,58,54,30,Pass,142,215,Athletic Club,Regular Play,215,Athletic Club,6842.0,Iker Muniain Goñi,Center Attacking Midfield,86.6,57.4,87.2,44.7,0.350078,False,,,,,,Unknown,False,12.714166,-1.5235873,Ground Pass,,6396.0,Beñat Etxebarria Urkiaga,False,False,left_to_right,False,86.6,57.4,87.2,44.7,False,False,False,True
c0c48f31-f235-4e2a-974d-43cd783135fd,3825747,2052,2,00:13:54.991,58,54,42,Ball Receipt*,142,215,Athletic Club,Regular Play,215,Athletic Club,6396.0,Beñat Etxebarria Urkiaga,Left Defensive Midfield,87.2,44.0,,,,False,,,,,,,False,,,,,,,False,False,left_to_right,False,87.2,44.0,,,False,False,False,False
abfedbc3-54f2-4a94-af6a-577ad2e9cec5,3825747,2053,2,00:13:55.190,58,55,22,Foul Committed,142,215,Athletic Club,Regular Play,322,Eibar,6712.0,Gonzalo Escalante,Left Defensive Midfield,32.9,36.1,,,0.0,False,,,,,,,False,,,,,,,False,False,left_to_right,False,32.9,36.1,,,False,False,False,False
e6ee1beb-f579-46e3-a96e-99c5304e626f,3825747,2054,2,00:13:55.190,58,55,21,Foul Won,142,215,Athletic Club,Regular Play,215,Athletic Club,6396.0,Beñat Etxebarria Urkiaga,Left Defensive Midfield,87.2,44.0,,,0.0,True,,,,,,,False,,,,,,,False,False,left_to_right,False,87.2,44.0,,,False,False,False,False
b285c8a4-cab4-4f92-951c-3567a296646e,3825747,2055,2,00:14:45.553,59,45,30,Pass,143,215,Athletic Club,From Free Kick,215,Athletic Club,6396.0,Beñat Etxebarria Urkiaga,Left Defensive Midfield,87.2,44.0,119.6,59.5,1.076745,False,,,,,,Out,False,35.91671,0.44621477,Ground Pass,Free Kick,6390.0,Markel Susaeta Laskurain,False,False,left_to_right,False,87.2,44.0,119.6,59.5,False,True,False,True
dea5ba31-e188-4621-bb5b-a8c506d164e8,3825747,2056,2,00:14:46.630,59,46,42,Ball Receipt*,143,215,Athletic Club,From Free Kick,215,Athletic Club,6390.0,Markel Susaeta Laskurain,Right Wing,112.9,56.8,,,,False,,,,,,,False,,,,,,,False,False,left_to_right,False,112.9,56.8,,,False,False,False,False
fb4ad61e-52ad-4fd6-8db0-64efee920c3b,3825747,2057,2,00:14:48.040,59,48,28,Shield,143,215,Athletic Club,From Free Kick,322,Eibar,6776.0,David Juncà Reñé,Left Back,5.9,25.6,,,0.0,False,,,,,,,False,,,,,,,False,False,left_to_right,False,5.9,25.6,,,False,False,False,False
d2b392a4-618e-4ea5-9c1e-474577abae50,3825747,2058,2,00:15:09.943,60,9,30,Pass,144,322,Eibar,From Goal Kick,322,Eibar,10763.0,Asier Riesgo Unamuno,Goalkeeper,7.0,36.1,68.3,16.3,2.61361,False,,,,,,,True,64.418396,-0.31242338,High Pass,Goal Kick,6775.0,Daniel García Carrillo,False,False,left_to_right,False,7.0,36.1,68.3,16.3,False,True,False,False
93f96cd3-69d2-4fab-b202-3d2dd0d2438e,3825747,2059,2,00:15:12.557,60,12,42,Ball Receipt*,144,322,Eibar,From Goal Kick,322,Eibar,6775.0,Daniel García Carrillo,Right Defensive Midfield,68.3,16.3,,,,False,,,,,,,False,,,,,,,False,False,left_to_right,False,68.3,16.3,,,False,False,False,False
2305b7e2-4e67-4f18-aec4-3b1f821c64f6,3825747,2060,2,00:15:12.557,60,12,30,Pass,144,322,Eibar,From Goal Kick,322,Eibar,6775.0,Daniel García Carrillo,Right Defensive Midfield,68.3,16.3,80.0,18.8,1.331786,False,,,,,,,True,11.964113,0.21050957,Low Pass,,6566.0,Borja González Tomás,False,False,left_to_right,False,68.3,16.3,80.0,18.8,False,False,True,False
ac20df29-0ccb-4513-859d-bc252762c30f,3825747,2061,2,00:15:13.889,60,13,42,Ball Receipt*,144,322,Eibar,From Goal Kick,322,Eibar,6566.0,Borja González Tomás,Right Center Forward,80.0,18.8,,,,False,,,,,,,False,,,,,,,False,False,left_to_right,False,80.0,18.8,,,False,False,False,False
bdbf425d-8288-41e7-b56d-831545a411f9,3825747,2062,2,00:15:13.889,60,13,43,Carry,144,322,Eibar,From Goal Kick,322,Eibar,6566.0,Borja González Tomás,Right Center Forward,80.0,18.8,80.0,18.8,0.35337,True,,,,,,,False,,,,,,,False,False,left_to_right,False,80.0,18.8,80.0,18.8,False,False,False,False
0ba931f9-9def-495b-9f88-2dac52eac488,3825747,2063,2,00:15:14.049,60,14,17,Pressure,144,322,Eibar,From Goal Kick,215,Athletic Club,6386.0,Eneko Bóveda Altube,Right Center Back,40.1,61.3,,,0.463798,False,,,,,,,False,,,,,,,False,False,left_to_right,False,40.1,61.3,,,False,False,False,False
702bdbbd-902e-4f4d-ab08-4cbdc2d77690,3825747,2064,2,00:15:14.242,60,14,30,Pass,144,322,Eibar,From Goal Kick,322,Eibar,6566.0,Borja González Tomás,Right Center Forward,80.0,18.8,97.1,10.8,3.171859,True,,,,,,Incomplete,False,18.878824,-0.43758717,High Pass,,9462.0,José Ignacio Peleteiro Ramallo,False,False,left_to_right,False,80.0,18.8,97.1,10.8,False,False,False,True
df937752-b557-4784-ad5a-df4cb5660d34,3825747,2065,2,00:15:17.414,60,17,42,Ball Receipt*,144,322,Eibar,From Goal Kick,322,Eibar,9462.0,José Ignacio Peleteiro Ramallo,Left Midfield,93.5,16.5,,,,False,,,,,,,False,,,,,,,False,False,left_to_right,False,93.5,16.5,,,False,False,False,False
6f5976d1-9827-4b76-9bac-0c3c8dc98650,3825747,2066,2,00:15:17.414,60,17,30,Pass,144,322,Eibar,From Goal Kick,215,Athletic Club,6386.0,Eneko Bóveda Altube,Right Center Back,23.0,69.3,55.8,58.9,1.824745,False,,,,,,Incomplete,False,34.4093,-0.30704573,High Pass,Interception,6394.0,Aritz Aduriz Zubeldia,False,False,left_to_right,False,23.0,69.3,55.8,58.9,False,True,False,True
c4d18944-dd51-46e6-9da0-d6e290813cee,3825747,2067,2,00:15:19.239,60,19,42,Ball Receipt*,144,322,Eibar,From Goal Kick,215,Athletic Club,6394.0,Aritz Aduriz Zubeldia,Center Forward,49.3,58.9,,,,False,,,,,,,False,,,,,,,False,False,left_to_right,False,49.3,58.9,,,False,False,False,False
7059da68-8945-4913-b6c7-33dc53a75f6c,3825747,2068,2,00:15:19.239,60,19,30,Pass,144,322,Eibar,From Goal Kick,322,Eibar,6712.0,Gonzalo Escalante,Left Defensive Midfield,64.3,21.2,76.2,23.3,2.904183,False,,,,,,,True,12.083874,0.1746722,High Pass,Recovery,6700.0,Sergio Enrich Ametller,False,False,left_to_right,False,64.3,21.2,76.2,23.3,False,False,False,False
ea69c590-2bf1-40c6-a940-d8d478cebad0,3825747,2069,2,00:15:22.121,60,22,17,Pressure,144,322,Eibar,From Goal Kick,215,Athletic Club,6389.0,Mikel San José Domínguez,Right Defensive Midfield,43.9,56.8,,,0.235372,False,,,,,,,False,,,,,,,False,False,left_to_right,False,43.9,56.8,,,False,False,False,False
b0c3cc30-451b-4da1-a213-2c38df470825,3825747,2070,2,00:15:22.143,60,22,42,Ball Receipt*,144,322,Eibar,From Goal Kick,322,Eibar,6700.0,Sergio Enrich Ametller,Left Center Forward,76.2,23.3,,,,True,,,,,,,False,,,,,,,False,False,left_to_right,False,76.2,23.3,,,False,False,False,False
7d0eddee-d9a1-4e45-908e-565e79788969,3825747,2071,2,00:15:22.143,60,22,38,Miscontrol,144,322,Eibar,From Goal Kick,322,Eibar,6700.0,Sergio Enrich Ametller,Left Center Forward,76.2,23.3,,,0.0,True,,,,,,,False,,,,,,,False,False,left_to_right,False,76.2,23.3,,,False,False,False,True
efc74d26-5b40-47b9-8853-489067eaee3c,3825747,2072,2,00:15:23.134,60,23,17,Pressure,144,322,Eibar,From Goal Kick,322,Eibar,6700.0,Sergio Enrich Ametller,Left Center Forward,76.0,25.0,,,0.191355,False,,,,,,,False,,,,,,,False,False,left_to_right,False,76.0,25.0,,,False,False,False,False
c5d37856-7527-41e8-9e9a-3dfae2c1ac74,3825747,2073,2,00:15:23.409,60,23,30,Pass,144,322,Eibar,From Goal Kick,215,Athletic Club,6396.0,Beñat Etxebarria Urkiaga,Left Defensive Midfield,44.5,51.6,65.6,63.0,2.037156,False,,,,,,Incomplete,False,23.982702,0.4953534,High Pass,Recovery,6394.0,Aritz Aduriz Zubeldia,False,False,left_to_right,False,44.5,51.6,65.6,63.0,False,False,False,True
3a4ed011-d4ca-4543-b740-9d0ac0197535,3825747,2074,2,00:15:25.446,60,25,42,Ball Receipt*,144,322,Eibar,From Goal Kick,215,Athletic Club,6394.0,Aritz Aduriz Zubeldia,Center Forward,63.5,63.9,,,,False,,,,,,,False,,,,,,,False,False,left_to_right,False,63.5,63.9,,,False,False,False,False
ec71740b-e17a-4cc5-98cf-f58a8e3700da,3825747,2075,2,00:15:25.446,60,25,4,Duel,144,322,Eibar,From Goal Kick,215,Athletic Club,6394.0,Aritz Aduriz Zubeldia,Center Forward,65.6,63.0,,,0.0,True,,,,,,,False,,,,,,,False,False,left_to_right,False,65.6,63.0,,,False,False,False,False
1ab25aee-3ed9-43cc-8318-0f9afaa641c8,3825747,2076,2,00:15:25.446,60,25,30,Pass,144,322,Eibar,From Goal Kick,322,Eibar,27239.0,Aleksandar Pantić,Left Center Back,54.5,17.1,64.3,11.4,1.843068,True,,,,,,,True,11.337108,-0.5268046,High Pass,Recovery,6776.0,David Juncà Reñé,False,False,left_to_right,False,54.5,17.1,64.3,11.4,False,False,False,False
053f1614-d91f-4aa9-a56f-07d95a49ae5d,3825747,2077,2,00:15:27.289,60,27,42,Ball Receipt*,144,322,Eibar,From Goal Kick,322,Eibar,6776.0,David Juncà Reñé,Left Back,64.3,11.4,,,,False,,,,,,,False,,,,,,,False,False,left_to_right,False,64.3,11.4,,,False,False,False,False
c18a2222-dad1-48d8-9ab9-a5b9eb0ac773,3825747,2078,2,00:15:27.289,60,27,43,Carry,144,322,Eibar,From Goal Kick,322,Eibar,6776.0,David Juncà Reñé,Left Back,64.3,11.4,64.3,11.7,1.114886,True,,,,,,,False,,,,,,,False,False,left_to_right,False,64.3,11.4,64.3,11.7,False,False,False,False
2d5a0b63-a12d-49ce-9a99-b9e443c3a275,3825747,2079,2,00:15:28.217,60,28,17,Pressure,144,322,Eibar,From Goal Kick,215,Athletic Club,6390.0,Markel Susaeta Laskurain,Right Wing,55.8,68.4,,,0.463206,False,,,,,,,False,,,,,,,False,False,left_to_right,False,55.8,68.4,,,False,False,False,False
3c10c694-070f-450b-bf89-8966bfdec1be,3825747,2080,2,00:15:28.404,60,28,30,Pass,144,322,Eibar,From Goal Kick,322,Eibar,6776.0,David Juncà Reñé,Left Back,64.3,11.7,78.7,26.0,1.258049,True,,,,,,,True,20.294088,0.7819139,Low Pass,,6700.0,Sergio Enrich Ametller,False,False,left_to_right,False,64.3,11.7,78.7,26.0,False,True,False,False
e707c41d-9f03-41fe-8b11-e37bda43df96,3825747,2081,2,00:15:29.473,60,29,17,Pressure,144,322,Eibar,From Goal Kick,215,Athletic Club,6386.0,Eneko Bóveda Altube,Right Center Back,41.0,54.1,,,0.171729,False,,,,,,,False,,,,,,,False,False,left_to_right,False,41.0,54.1,,,False,False,False,False
97464e69-4e35-477c-995d-4ebe0190e00d,3825747,2082,2,00:15:29.662,60,29,42,Ball Receipt*,144,322,Eibar,From Goal Kick,322,Eibar,6700.0,Sergio Enrich Ametller,Left Center Forward,78.7,26.0,,,,False,,,,,,,False,,,,,,,False,False,left_to_right,False,78.7,26.0,,,False,False,False,False
5802f3a4-6d76-4a8b-be83-11c2ac97b324,3825747,2083,2,00:15:29.662,60,29,30,Pass,144,322,Eibar,From Goal Kick,322,Eibar,6700.0,Sergio Enrich Ametller,Left Center Forward,79.1,26.0,80.0,28.1,0.103335,False,,,,,,Incomplete,False,2.2847319,1.1659045,Ground Pass,,6566.0,Borja González Tomás,False,False,left_to_right,False,79.1,26.0,80.0,28.1,False,False,True,True
a6a0c12a-1b60-4aa1-91f6-7ca72bdf17ed,3825747,2084,2,00:15:29.765,60,29,42,Ball Receipt*,144,322,Eibar,From Goal Kick,322,Eibar,6566.0,Borja González Tomás,Right Center Forward,81.4,32.9,,,,False,,,,,,,False,,,,,,,False,False,left_to_right,False,81.4,32.9,,,False,False,False,False
573bc2dd-ea61-4c73-99c4-ac83c4660ca8,3825747,2085,2,00:15:29.765,60,29,2,Ball Recovery,145,215,Athletic Club,Regular Play,215,Athletic Club,6386.0,Eneko Bóveda Altube,Right Center Back,40.1,52.0,,,0.0,False,,,,,,,False,,,,,,,False,False,left_to_right,False,40.1,52.0,,,False,False,False,False
c16fcce5-52c2-4634-a81e-73fb4c5fc57e,3825747,2086,2,00:15:29.765,60,29,43,Carry,145,215,Athletic Club,Regular Play,215,Athletic Club,6386.0,Eneko Bóveda Altube,Right Center Back,40.1,52.0,42.2,61.6,2.735733,False,,,,,,,False,,,,,,,False,False,left_to_right,False,40.1,52.0,42.2,61.6,False,False,False,False
e889e241-86f6-431d-8f57-d4f01925fc6f,3825747,2087,2,00:15:32.501,60,32,30,Pass,145,215,Athletic Club,Regular Play,215,Athletic Club,6386.0,Eneko Bóveda Altube,Right Center Back,42.2,61.6,47.0,53.6,0.766499,False,,,,,,,True,9.329523,-1.0303768,Ground Pass,,6389.0,Mikel San José Domínguez,False,False,left_to_right,False,42.2,61.6,47.0,53.6,False,False,False,False
cce55abd-6c18-4d79-b9cb-e8f907384887,3825747,2088,2,00:15:33.267,60,33,42,Ball Receipt*,145,215,Athletic Club,Regular Play,215,Athletic Club,6389.0,Mikel San José Domínguez,Right Defensive Midfield,47.0,53.6,,,,False,,,,,,,False,,,,,,,False,False,left_to_right,False,47.0,53.6,,,False,False,False,False
7cf1009d-e2f5-4df0-b7c2-af5bd164d261,3825747,2089,2,00:15:33.267,60,33,30,Pass,145,215,Athletic Club,Regular Play,215,Athletic Club,6389.0,Mikel San José Domínguez,Right Defensive Midfield,47.0,53.6,53.1,64.7,0.685458,False,,,,,,,True,12.665702,1.068299,Ground Pass,,6842.0,Iker Muniain Goñi,False,False,left_to_right,False,47.0,53.6,53.1,64.7,False,False,False,False
01316dbd-1971-403f-af58-1bd9e8ff0092,3825747,2090,2,00:15:33.953,60,33,42,Ball Receipt*,145,215,Athletic Club,Regular Play,215,Athletic Club,6842.0,Iker Muniain Goñi,Center Attacking Midfield,53.1,64.7,,,,False,,,,,,,False,,,,,,,False,False,left_to_right,False,53.1,64.7,,,False,False,False,False
75d37209-71a2-4165-a459-eca0e7580fe6,3825747,2091,2,00:15:33.953,60,33,30,Pass,145,215,Athletic Club,Regular Play,215,Athletic Club,6842.0,Iker Muniain Goñi,Center Attacking Midfield,53.1,64.7,48.9,57.0,0.655107,False,,,,,,,True,8.770975,-2.070143,Ground Pass,,6389.0,Mikel San José Domínguez,False,False,left_to_right,False,53.1,64.7,48.9,57.0,False,False,False,False
2e8a437a-759b-49e2-b502-10d5436960e0,3825747,2092,2,00:15:34.519,60,34,17,Pressure,145,215,Athletic Club,Regular Play,322,Eibar,6712.0,Gonzalo Escalante,Left Defensive Midfield,71.2,23.1,,,0.512624,False,,,,,,,False,,,,,,,False,False,left_to_right,False,71.2,23.1,,,False,False,False,False
280297d3-c7c6-4a78-84c8-ce7d6f35d0e2,3825747,2093,2,00:15:34.608,60,34,42,Ball Receipt*,145,215,Athletic Club,Regular Play,215,Athletic Club,6389.0,Mikel San José Domínguez,Right Defensive Midfield,48.9,57.0,,,,True,,,,,,,False,,,,,,,False,False,left_to_right,False,48.9,57.0,,,False,False,False,False
9195f844-0fa0-4534-bb0f-c729fa660d27,3825747,2094,2,00:15:34.608,60,34,43,Carry,145,215,Athletic Club,Regular Play,215,Athletic Club,6389.0,Mikel San José Domínguez,Right Defensive Midfield,48.9,57.0,48.9,57.0,0.37935,True,,,,,,,False,,,,,,,False,False,left_to_right,False,48.9,57.0,48.9,57.0,False,False,False,False
ed27f9ee-5f7e-4a53-8895-2dd3ed4fd1bf,3825747,2095,2,00:15:34.987,60,34,30,Pass,145,215,Athletic Club,Regular Play,215,Athletic Club,6389.0,Mikel San José Domínguez,Right Defensive Midfield,48.9,57.0,50.6,60.9,0.044684,True,,,,,,Incomplete,False,4.2544093,1.1597317,Ground Pass,,6390.0,Markel Susaeta Laskurain,False,False,left_to_right,False,48.9,57.0,50.6,60.9,False,False,False,True
3049f293-30c5-41f5-bd16-e0db44b7d274,3825747,2096,2,00:15:35.032,60,35,42,Ball Receipt*,145,215,Athletic Club,Regular Play,215,Athletic Club,6390.0,Markel Susaeta Laskurain,Right Wing,55.8,60.7,,,,True,,,,,,,False,,,,,,,False,False,left_to_right,False,55.8,60.7,,,False,False,False,False
8206379c-272e-43b7-b0c8-11a78d985f10,3825747,2097,2,00:15:35.032,60,35,6,Block,145,215,Athletic Club,Regular Play,322,Eibar,6712.0,Gonzalo Escalante,Left Defensive Midfield,69.5,19.2,,,0.0,False,,,,,,,False,,,,,,,False,False,left_to_right,False,69.5,19.2,,,False,False,False,False
936b2a19-9a15-46d5-a24f-dd566a58df22,3825747,2098,2,00:15:36.424,60,36,2,Ball Recovery,146,322,Eibar,Regular Play,322,Eibar,9462.0,José Ignacio Peleteiro Ramallo,Left Midfield,77.5,10.0,,,0.0,False,,,,,,,False,,,,,,,False,False,left_to_right,False,77.5,10.0,,,False,False,False,False
11888e49-0b1d-48f2-ab80-d8b54db33f07,3825747,2099,2,00:15:36.424,60,36,43,Carry,146,322,Eibar,Regular Play,322,Eibar,9462.0,José Ignacio Peleteiro Ramallo,Left Midfield,77.5,10.0,85.2,5.2,2.535746,False,,,,,,,False,,,,,,,False,False,left_to_right,False,77.5,10.0,85.2,5.2,False,False,False,False
92b8ae82-d15f-4fd8-a8ef-c4fd79f462e3,3825747,2100,2,00:15:38.960,60,38,30,Pass,146,322,Eibar,Regular Play,322,Eibar,9462.0,José Ignacio Peleteiro Ramallo,Left Midfield,85.2,5.2,90.2,23.5,1.679637,False,,,,,,,True,18.970766,1.3040819,Ground Pass,,6700.0,Sergio Enrich Ametller,False,False,left_to_right,False,85.2,5.2,90.2,23.5,False,True,False,False
816142a3-8916-4f96-9824-ed5555cd68bf,3825747,2101,2,00:15:39.076,60,39,42,Ball Receipt*,146,322,Eibar,Regular Play,322,Eibar,6700.0,Sergio Enrich Ametller,Left Center Forward,90.2,23.5,,,,False,,,,,,,False,,,,,,,False,False,left_to_right,False,90.2,23.5,,,False,False,False,False
58d487cd-de38-41fd-9d3a-7fd60899070d,3825747,2102,2,00:15:39.076,60,39,43,Carry,146,322,Eibar,Regular Play,322,Eibar,6700.0,Sergio Enrich Ametller,Left Center Forward,90.2,23.5,91.6,22.9,1.603158,True,,,,,,,False,,,,,,,False,False,left_to_right,False,90.2,23.5,91.6,22.9,False,False,False,False
3b475a8b-76ae-405c-b451-46d2d38dee52,3825747,2103,2,00:15:39.076,60,39,6,Block,146,322,Eibar,Regular Play,215,Athletic Club,6649.0,Óscar de Marcos Arana,Right Back,28.5,64.3,,,0.0,False,,,,,,,False,,,,,,,False,False,left_to_right,False,28.5,64.3,,,False,False,False,False
7b452fbc-5170-43e6-a6a0-a2a92f56bad6,3825747,2104,2,00:15:40.679,60,40,30,Pass,146,322,Eibar,Regular Play,322,Eibar,6700.0,Sergio Enrich Ametller,Left Center Forward,91.6,22.9,90.8,18.5,0.614631,False,,,,,,,True,4.472136,-1.7506498,Ground Pass,,9462.0,José Ignacio Peleteiro Ramallo,False,False,left_to_right,False,91.6,22.9,90.8,18.5,False,False,False,False
b03ff8c6-62f4-4bf5-b286-743f6b234fd1,3825747,2105,2,00:15:41.294,60,41,42,Ball Receipt*,146,322,Eibar,Regular Play,322,Eibar,9462.0,José Ignacio Peleteiro Ramallo,Left Midfield,90.8,18.5,,,,False,,,,,,,False,,,,,,,False,False,left_to_right,False,90.8,18.5,,,False,False,False,False
2d43145c-1865-4262-a5e6-47863456ae39,3825747,2106,2,00:15:41.294,60,41,43,Carry,146,322,Eibar,Regular Play,322,Eibar,9462.0,José Ignacio Peleteiro Ramallo,Left Midfield,90.8,18.5,101.5,17.7,1.84474,True,,,,,,,False,,,,,,,False,False,left_to_right,False,90.8,18.5,101.5,17.7,False,False,False,False
5257f87a-043e-4b27-9c68-279a64edef3a,3825747,2107,2,00:15:42.613,60,42,17,Pressure,146,322,Eibar,Regular Play,215,Athletic Club,6396.0,Beñat Etxebarria Urkiaga,Left Defensive Midfield,17.6,65.3,,,0.728734,False,,,,,,,False,,,,,,,False,False,left_to_right,False,17.6,65.3,,,False,False,False,False
03fe9d57-ecb2-4e87-89b2-62cbf069ee71,3825747,2108,2,00:15:43.139,60,43,30,Pass,146,322,Eibar,Regular Play,322,Eibar,9462.0,José Ignacio Peleteiro Ramallo,Left Midfield,101.5,17.7,97.7,26.1,0.564996,True,,,,,,,True,9.219544,1.9956285,Ground Pass,,6566.0,Borja González Tomás,False,False,left_to_right,False,101.5,17.7,97.7,26.1,False,False,False,False
881703ef-9880-4e98-a8ca-ab8cbbb551e6,3825747,2109,2,00:15:43.704,60,43,42,Ball Receipt*,146,322,Eibar,Regular Play,322,Eibar,6566.0,Borja González Tomás,Right Center Forward,97.7,26.1,,,,False,,,,,,,False,,,,,,,False,False,left_to_right,False,97.7,26.1,,,False,False,False,False
21e050d0-f804-48a3-bcaf-3914bbe55365,3825747,2110,2,00:15:43.704,60,43,43,Carry,146,322,Eibar,Regular Play,322,Eibar,6566.0,Borja González Tomás,Right Center Forward,97.7,26.1,104.8,7.9,4.065611,False,,,,,,,False,,,,,,,False,False,left_to_right,False,97.7,26.1,104.8,7.9,False,False,False,False
7af39207-a43d-4c7d-bb1c-dfdd0103dbd3,3825747,2111,2,00:15:47.769,60,47,30,Pass,146,322,Eibar,Regular Play,322,Eibar,6566.0,Borja González Tomás,Right Center Forward,104.8,7.9,89.1,7.3,1.639156,False,,,,,,,True,15.711461,-3.1033947,Ground Pass,,6776.0,David Juncà Reñé,False,False,left_to_right,False,104.8,7.9,89.1,7.3,False,False,False,False
09fed05c-b7f3-42ba-b4ab-ef7c9d7703ad,3825747,2112,2,00:15:49.408,60,49,42,Ball Receipt*,146,322,Eibar,Regular Play,322,Eibar,6776.0,David Juncà Reñé,Left Back,89.1,7.3,,,,False,,,,,,,False,,,,,,,False,False,left_to_right,False,89.1,7.3,,,False,False,False,False
2dccd23d-c77c-44b9-94af-6e496bd4f09c,3825747,2113,2,00:15:49.408,60,49,43,Carry,146,322,Eibar,Regular Play,322,Eibar,6776.0,David Juncà Reñé,Left Back,89.1,7.3,88.7,7.3,0.040000003,False,,,,,,,False,,,,,,,False,False,left_to_right,False,89.1,7.3,88.7,7.3,False,False,False,False
a111259e-31e3-4683-b040-290efad6f330,3825747,2114,2,00:15:49.448,60,49,30,Pass,146,322,Eibar,Regular Play,322,Eibar,6776.0,David Juncà Reñé,Left Back,88.7,7.3,74.6,28.3,4.035327,False,,,,,,Incomplete,False,25.294466,2.1620884,Ground Pass,,6775.0,Daniel García Carrillo,False,False,left_to_right,False,88.7,7.3,74.6,28.3,False,False,False,True
7a66125d-b4c3-4aee-905f-ca2beaae6d94,3825747,2115,2,00:15:51.519,60,51,17,Pressure,146,322,Eibar,Regular Play,215,Athletic Club,6394.0,Aritz Aduriz Zubeldia,Center Forward,47.0,56.1,,,0.424575,False,,,,,,,False,,,,,,,False,False,left_to_right,False,47.0,56.1,,,False,False,False,False
b625bbba-700a-445f-8d8a-b7927ae3cef2,3825747,2116,2,00:15:53.377,60,53,17,Pressure,146,322,Eibar,Regular Play,322,Eibar,6712.0,Gonzalo Escalante,Left Defensive Midfield,73.1,24.0,,,0.872429,False,,,,,,,False,,,,,,,False,False,left_to_right,False,73.1,24.0,,,False,False,False,False
8f0d7204-9022-46cc-a8bc-7e3cc296950c,3825747,2117,2,00:15:53.484,60,53,42,Ball Receipt*,146,322,Eibar,Regular Play,322,Eibar,6775.0,Daniel García Carrillo,Right Defensive Midfield,73.9,25.6,,,,False,,,,,,,False,,,,,,,False,False,left_to_right,False,73.9,25.6,,,False,False,False,False
157ba5c3-eabd-4a8a-a130-54c5b7b8516b,3825747,2118,2,00:15:53.484,60,53,2,Ball Recovery,146,322,Eibar,Regular Play,215,Athletic Club,6842.0,Iker Muniain Goñi,Center Attacking Midfield,45.5,51.8,,,0.0,True,,,,,,,False,,,,,,,False,False,left_to_right,False,45.5,51.8,,,False,False,False,False
7c0b50f2-99f7-43c8-9539-7cbf6964f21e,3825747,2119,2,00:15:53.644,60,53,17,Pressure,146,322,Eibar,Regular Play,215,Athletic Club,6842.0,Iker Muniain Goñi,Center Attacking Midfield,51.8,57.4,,,0.429143,True,,,,,,,False,,,,,,,False,False,left_to_right,False,51.8,57.4,,,False,False,False,False
79d34cac-79a8-4037-b944-e38eb4d3ade0,3825747,2120,2,00:15:53.950,60,53,2,Ball Recovery,146,322,Eibar,Regular Play,322,Eibar,6712.0,Gonzalo Escalante,Left Defensive Midfield,65.8,22.7,,,0.0,True,,,,,,,False,,,,,,,False,False,left_to_right,False,65.8,22.7,,,False,False,False,False
0cb277d7-60e5-41e2-954e-5c3ae6c3d178,3825747,2121,2,00:15:53.950,60,53,43,Carry,146,322,Eibar,Regular Play,322,Eibar,6712.0,Gonzalo Escalante,Left Defensive Midfield,65.8,22.7,65.4,24.0,0.12322,True,,,,,,,False,,,,,,,False,False,left_to_right,False,65.8,22.7,65.4,24.0,False,False,False,False
522c8a52-24b5-4d72-9f2a-c7402aee7091,3825747,2122,2,00:15:54.073,60,54,39,Dribbled Past,146,322,Eibar,Regular Play,215,Athletic Club,6842.0,Iker Muniain Goñi,Center Attacking Midfield,54.7,56.1,,,0.0,True,,,,,,,False,,,,,,,False,False,left_to_right,False,54.7,56.1,,,False,False,False,False
4acd58da-4f54-429e-9349-0e18e29f9137,3825747,2123,2,00:15:54.073,60,54,14,Dribble,146,322,Eibar,Regular Play,322,Eibar,6712.0,Gonzalo Escalante,Left Defensive Midfield,65.4,24.0,,,0.0,True,,,,,,,False,,,,,,,False,False,left_to_right,False,65.4,24.0,,,False,False,False,False
301e234d-d749-4641-8a8c-d5cfc2b08cf4,3825747,2124,2,00:15:54.073,60,54,43,Carry,146,322,Eibar,Regular Play,322,Eibar,6712.0,Gonzalo Escalante,Left Defensive Midfield,65.4,24.0,60.4,14.6,2.90346,True,,,,,,,False,,,,,,,False,False,left_to_right,False,65.4,24.0,60.4,14.6,False,False,False,False
63c5346c-1747-4bcb-8131-11673d1bde96,3825747,2125,2,00:15:56.976,60,56,30,Pass,146,322,Eibar,Regular Play,322,Eibar,6712.0,Gonzalo Escalante,Left Defensive Midfield,60.4,14.6,67.3,7.7,0.986348,False,,,,,,,True,9.758074,-0.7853982,Ground Pass,,6776.0,David Juncà Reñé,False,False,left_to_right,False,60.4,14.6,67.3,7.7,False,False,False,False
d83dd0a4-c777-4788-b4be-13a244329134,3825747,2126,2,00:15:57.963,60,57,42,Ball Receipt*,146,322,Eibar,Regular Play,322,Eibar,6776.0,David Juncà Reñé,Left Back,67.3,7.7,,,,False,,,,,,,False,,,,,,,False,False,left_to_right,False,67.3,7.7,,,False,False,False,False
dce3b2e9-ab31-4c7e-b26c-df45fb62a160,3825747,2127,2,00:15:57.963,60,57,43,Carry,146,322,Eibar,Regular Play,322,Eibar,6776.0,David Juncà Reñé,Left Back,67.3,7.7,66.4,7.7,1.32174,False,,,,,,,False,,,,,,,False,False,left_to_right,False,67.3,7.7,66.4,7.7,False,False,False,False
72ab0ce3-118d-48ec-aeb8-6dc6044a47e4,3825747,2128,2,00:15:59.284,60,59,30,Pass,146,322,Eibar,Regular Play,322,Eibar,6776.0,David Juncà Reñé,Left Back,66.4,7.7,71.8,20.0,0.884377,False,,,,,,,True,13.433167,1.1571071,Ground Pass,,6712.0,Gonzalo Escalante,False,False,left_to_right,False,66.4,7.7,71.8,20.0,False,False,False,False
f17f35e1-8128-4795-acc5-ed090a7e950f,3825747,2129,2,00:16:00.169,61,0,42,Ball Receipt*,146,322,Eibar,Regular Play,322,Eibar,6712.0,Gonzalo Escalante,Left Defensive Midfield,71.8,20.0,,,,False,,,,,,,False,,,,,,,False,False,left_to_right,False,71.8,20.0,,,False,False,False,False
3435cb4c-eeaf-4845-ac16-721c46788027,3825747,2130,2,00:16:00.169,61,0,43,Carry,146,322,Eibar,Regular Play,322,Eibar,6712.0,Gonzalo Escalante,Left Defensive Midfield,71.8,20.0,72.0,20.4,1.049156,True,,,,,,,False,,,,,,,False,False,left_to_right,False,71.8,20.0,72.0,20.4,False,False,False,False
f46e0e1c-e45a-4b3a-9767-fda0e2bb7d9d,3825747,2131,2,00:16:00.656,61,0,17,Pressure,146,322,Eibar,Regular Play,215,Athletic Club,6842.0,Iker Muniain Goñi,Center Attacking Midfield,48.1,59.7,,,0.595078,False,,,,,,,False,,,,,,,False,False,left_to_right,False,48.1,59.7,,,False,False,False,False
4768650a-a9fb-440b-89cc-5caf86c9716f,3825747,2132,2,00:16:01.218,61,1,30,Pass,146,322,Eibar,Regular Play,322,Eibar,6712.0,Gonzalo Escalante,Left Defensive Midfield,72.0,20.4,75.2,20.4,0.153002,True,,,,,,Incomplete,False,3.2,0.0,Ground Pass,,9462.0,José Ignacio Peleteiro Ramallo,False,False,left_to_right,False,72.0,20.4,75.2,20.4,False,False,False,True
33bf7d28-4aaf-4b21-b4a3-c7f1635e5c5b,3825747,2133,2,00:16:01.371,61,1,42,Ball Receipt*,146,322,Eibar,Regular Play,322,Eibar,9462.0,José Ignacio Peleteiro Ramallo,Left Midfield,80.2,24.2,,,,False,,,,,,,False,,,,,,,False,False,left_to_right,False,80.2,24.2,,,False,False,False,False
c539f73f-4256-4329-be1f-09704a71f45b,3825747,2134,2,00:16:01.371,61,1,6,Block,146,322,Eibar,Regular Play,215,Athletic Club,6389.0,Mikel San José Domínguez,Right Defensive Midfield,44.9,59.7,,,0.0,False,,,,,,,False,,,,,,,False,False,left_to_right,False,44.9,59.7,,,False,False,False,False
95232618-3ee2-425e-9d6a-983393ef7d05,3825747,2135,2,00:16:02.955,61,2,17,Pressure,146,322,Eibar,Regular Play,215,Athletic Club,6394.0,Aritz Aduriz Zubeldia,Center Forward,48.3,50.9,,,0.769528,False,,,,,,,False,,,,,,,False,False,left_to_right,False,48.3,50.9,,,False,False,False,False
8db3c3aa-7bfb-4a80-97bb-4fb780dcf20e,3825747,2136,2,00:16:03.158,61,3,2,Ball Recovery,146,322,Eibar,Regular Play,322,Eibar,6775.0,Daniel García Carrillo,Right Defensive Midfield,73.7,31.0,,,0.0,True,,,,,,,False,,,,,,,False,False,left_to_right,False,73.7,31.0,,,False,False,False,False
a82cb094-5509-439b-8372-011cc35ad8e7,3825747,2137,2,00:16:03.158,61,3,43,Carry,146,322,Eibar,Regular Play,322,Eibar,6775.0,Daniel García Carrillo,Right Defensive Midfield,73.7,31.0,78.5,29.8,1.236706,True,,,,,,,False,,,,,,,False,False,left_to_right,False,73.7,31.0,78.5,29.8,False,False,False,False
5cddb59f-f217-49ad-b417-0bf2cc9580ea,3825747,2138,2,00:16:04.395,61,4,38,Miscontrol,146,322,Eibar,Regular Play,322,Eibar,6775.0,Daniel García Carrillo,Right Defensive Midfield,78.5,29.8,,,0.0,False,,,,,,,False,,,,,,,False,False,left_to_right,False,78.5,29.8,,,False,False,False,True
6af44790-65d5-4a05-b6d5-a374bc84abb6,3825747,2139,2,00:16:05.150,61,5,2,Ball Recovery,146,322,Eibar,Regular Play,215,Athletic Club,6389.0,Mikel San José Domínguez,Right Defensive Midfield,40.1,50.1,,,0.0,False,,,,,,,False,,,,,,,False,False,left_to_right,False,40.1,50.1,,,False,False,False,False
eba832ee-6a5c-4e1e-9405-05691af83486,3825747,2140,2,00:16:05.150,61,5,43,Carry,146,322,Eibar,Regular Play,215,Athletic Club,6389.0,Mikel San José Domínguez,Right Defensive Midfield,40.1,50.1,40.7,45.5,1.000479,False,,,,,,,False,,,,,,,False,False,left_to_right,False,40.1,50.1,40.7,45.5,False,False,False,False
2f5ed3d7-d627-4058-8e8b-94cb4988cfd9,3825747,2141,2,00:16:06.151,61,6,30,Pass,146,322,Eibar,Regular Play,215,Athletic Club,6389.0,Mikel San José Domínguez,Right Defensive Midfield,40.7,45.5,61.2,42.4,1.685438,False,,,,,,Incomplete,False,20.733065,-0.15008241,Ground Pass,,6842.0,Iker Muniain Goñi,False,False,left_to_right,False,40.7,45.5,61.2,42.4,False,True,False,True
d8b7f7b8-8a3d-4724-b152-a9a622a2c895,3825747,2142,2,00:16:07.836,61,7,42,Ball Receipt*,146,322,Eibar,Regular Play,215,Athletic Club,6842.0,Iker Muniain Goñi,Center Attacking Midfield,55.4,43.2,,,,False,,,,,,,False,,,,,,,False,False,left_to_right,False,55.4,43.2,,,False,False,False,False
13b4eac1-23d7-430e-ab15-4a329b78ad0d,3825747,2143,2,00:16:07.836,61,7,30,Pass,146,322,Eibar,Regular Play,322,Eibar,6837.0,Mauro Javier Dos Santos,Right Center Back,58.9,37.7,83.5,5.6,2.272877,False,,,,,,,True,40.44218,-0.9169098,Ground Pass,Recovery,6566.0,Borja González Tomás,False,False,left_to_right,False,58.9,37.7,83.5,5.6,False,False,True,False
262aaf9d-8b1d-42af-a467-ef47ccca354c,3825747,2144,2,00:16:10.109,61,10,42,Ball Receipt*,146,322,Eibar,Regular Play,322,Eibar,6566.0,Borja González Tomás,Right Center Forward,83.5,5.6,,,,False,,,,,,,False,,,,,,,False,False,left_to_right,False,83.5,5.6,,,False,False,False,False
6d7c9385-8de6-48bd-a1c5-7e7f227620ed,3825747,2145,2,00:16:10.109,61,10,43,Carry,146,322,Eibar,Regular Play,322,Eibar,6566.0,Borja González Tomás,Right Center Forward,83.5,5.6,83.5,5.6,1.269522,True,,,,,,,False,,,,,,,False,False,left_to_right,False,83.5,5.6,83.5,5.6,False,False,False,False
e152292c-4261-418d-833e-7fe6905ac263,3825747,2146,2,00:16:11.163,61,11,17,Pressure,146,322,Eibar,Regular Play,215,Athletic Club,6649.0,Óscar de Marcos Arana,Right Back,36.6,74.5,,,0.479863,False,,,,,,,False,,,,,,,False,False,left_to_right,False,36.6,74.5,,,False,False,False,False
eaf40af0-07c1-46b4-9e11-6729977ef517,3825747,2147,2,00:16:11.379,61,11,30,Pass,146,322,Eibar,Regular Play,322,Eibar,6566.0,Borja González Tomás,Right Center Forward,83.5,5.6,65.8,12.5,1.771876,True,,,,,,,True,18.997368,2.7698836,Ground Pass,,6776.0,David Juncà Reñé,False,False,left_to_right,False,83.5,5.6,65.8,12.5,False,False,False,False
daa88866-95d3-4f9f-a489-19ba6bc6c1e8,3825747,2148,2,00:16:13.150,61,13,42,Ball Receipt*,146,322,Eibar,Regular Play,322,Eibar,6776.0,David Juncà Reñé,Left Back,65.8,12.5,,,,False,,,,,,,False,,,,,,,False,False,left_to_right,False,65.8,12.5,,,False,False,False,False
86965b9a-14aa-4d53-88e8-c07d91354896,3825747,2149,2,00:16:13.150,61,13,43,Carry,146,322,Eibar,Regular Play,322,Eibar,6776.0,David Juncà Reñé,Left Back,65.8,12.5,73.1,17.9,1.337559,False,,,,,,,False,,,,,,,False,False,left_to_right,False,65.8,12.5,73.1,17.9,False,False,False,False
401181e3-6e0f-4f12-aa0e-c523b0255add,3825747,2150,2,00:16:14.488,61,14,30,Pass,146,322,Eibar,Regular Play,322,Eibar,6776.0,David Juncà Reñé,Left Back,73.1,17.9,105.6,35.4,2.483699,False,,,,,,,True,36.912056,0.49394137,High Pass,,6700.0,Sergio Enrich Ametller,False,False,left_to_right,False,73.1,17.9,105.6,35.4,False,True,True,False
196312e6-1139-4b4c-83b2-a4640d6f3022,3825747,2151,2,00:16:16.946,61,16,17,Pressure,146,322,Eibar,Regular Play,215,Athletic Club,4353.0,Aymeric Laporte,Left Center Back,14.5,44.7,,,0.08,False,,,,,,,False,,,,,,,False,False,left_to_right,False,14.5,44.7,,,False,False,False,False
ca056c22-b0ba-4de2-8616-dd318562c447,3825747,2152,2,00:16:16.972,61,16,42,Ball Receipt*,146,322,Eibar,Regular Play,322,Eibar,6700.0,Sergio Enrich Ametller,Left Center Forward,105.6,35.4,,,,True,,,,,,,False,,,,,,,False,False,left_to_right,False,105.6,35.4,,,False,False,False,False
c63954af-e485-46e8-a959-44d108eaa9d4,3825747,2153,2,00:16:16.972,61,16,43,Carry,146,322,Eibar,Regular Play,322,Eibar,6700.0,Sergio Enrich Ametller,Left Center Forward,105.6,35.4,103.7,32.3,0.981693,True,,,,,,,False,,,,,,,False,False,left_to_right,False,105.6,35.4,103.7,32.3,False,False,False,False
6d041462-fa34-4a8a-88c7-61c13544b6d3,3825747,2154,2,00:16:17.953,61,17,30,Pass,146,322,Eibar,Regular Play,322,Eibar,6700.0,Sergio Enrich Ametller,Left Center Forward,103.7,32.3,113.5,25.4,1.405609,False,,,,,,Incomplete,False,11.985408,-0.61346006,Low Pass,,6566.0,Borja González Tomás,False,False,left_to_right,False,103.7,32.3,113.5,25.4,False,False,False,True
31cfd196-89a5-4234-851b-a131ae9ab86f,3825747,2155,2,00:16:18.946,61,18,17,Pressure,146,322,Eibar,Regular Play,322,Eibar,6566.0,Borja González Tomás,Right Center Forward,112.7,26.7,,,2.714174,False,,,,,,,False,,,,,,,False,False,left_to_right,False,112.7,26.7,,,False,False,False,False
b8b7527e-7fdd-4c21-9f95-0ab8703edde6,3825747,2156,2,00:16:19.359,61,19,42,Ball Receipt*,146,322,Eibar,Regular Play,322,Eibar,6566.0,Borja González Tomás,Right Center Forward,107.7,28.1,,,,False,,,,,,,False,,,,,,,False,False,left_to_right,False,107.7,28.1,,,False,False,False,False
8d1459df-3ccc-4241-aa4b-ef606512721a,3825747,2157,2,00:16:19.359,61,19,10,Interception,146,322,Eibar,Regular Play,215,Athletic Club,6649.0,Óscar de Marcos Arana,Right Back,6.6,54.7,,,0.0,True,,,,,,,False,,,,,,,False,False,left_to_right,False,6.6,54.7,,,False,False,False,False
5088092f-4888-41c0-b55e-819081e80491,3825747,2158,2,00:16:19.359,61,19,43,Carry,146,322,Eibar,Regular Play,215,Athletic Club,6649.0,Óscar de Marcos Arana,Right Back,6.6,54.7,3.6,74.1,3.3382,True,,,,,,,False,,,,,,,False,False,left_to_right,False,6.6,54.7,3.6,74.1,False,False,False,False
9410715a-bef2-4b9a-92d6-d06540d25baa,3825747,2159,2,00:16:22.697,61,22,30,Pass,146,322,Eibar,Regular Play,215,Athletic Club,6649.0,Óscar de Marcos Arana,Right Back,3.6,74.1,33.5,59.5,2.740769,False,,,,,,Incomplete,False,33.274162,-0.45423928,High Pass,,6394.0,Aritz Aduriz Zubeldia,False,False,left_to_right,False,3.6,74.1,33.5,59.5,False,True,False,True
efc98d99-ffa4-4965-a1cc-9280a096b5d5,3825747,2160,2,00:16:25.438,61,25,42,Ball Receipt*,146,322,Eibar,Regular Play,215,Athletic Club,6394.0,Aritz Aduriz Zubeldia,Center Forward,41.6,58.0,,,,False,,,,,,,False,,,,,,,False,False,left_to_right,False,41.6,58.0,,,False,False,False,False
36e4d149-f34b-4541-956c-73abc9526486,3825747,2161,2,00:16:25.438,61,25,30,Pass,146,322,Eibar,Regular Play,322,Eibar,6775.0,Daniel García Carrillo,Right Defensive Midfield,86.6,20.6,84.6,14.4,1.099807,False,,,,,,,True,6.514599,-1.8828385,Low Pass,Recovery,6776.0,David Juncà Reñé,False,False,left_to_right,False,86.6,20.6,84.6,14.4,False,False,False,False
f07faf27-2c81-441d-99d3-25aab12a1509,3825747,2162,2,00:16:26.239,61,26,17,Pressure,146,322,Eibar,Regular Play,215,Athletic Club,6390.0,Markel Susaeta Laskurain,Right Wing,35.5,65.7,,,0.293922,False,,,,,,,False,,,,,,,False,False,left_to_right,False,35.5,65.7,,,False,False,False,False
ee8738ba-0c7a-43c3-8562-7821c074e6a5,3825747,2163,2,00:16:26.538,61,26,42,Ball Receipt*,146,322,Eibar,Regular Play,322,Eibar,6776.0,David Juncà Reñé,Left Back,84.6,14.4,,,,False,,,,,,,False,,,,,,,False,False,left_to_right,False,84.6,14.4,,,False,False,False,False
32e4b686-b480-44c8-ad30-156f2aa5a73f,3825747,2164,2,00:16:26.538,61,26,30,Pass,146,322,Eibar,Regular Play,322,Eibar,6776.0,David Juncà Reñé,Left Back,84.6,14.4,62.5,16.7,1.095816,False,,,,,,,True,22.21936,3.0378935,High Pass,,27239.0,Aleksandar Pantić,False,False,left_to_right,False,84.6,14.4,62.5,16.7,False,False,False,False
667aac92-a6cf-441a-bc17-4ed41da54285,3825747,2165,2,00:16:27.634,61,27,42,Ball Receipt*,146,322,Eibar,Regular Play,322,Eibar,27239.0,Aleksandar Pantić,Left Center Back,62.5,16.7,,,,False,,,,,,,False,,,,,,,False,False,left_to_right,False,62.5,16.7,,,False,False,False,False
dcbd2c32-3410-49fa-83f5-77ed9a534420,3825747,2166,2,00:16:27.683,61,27,30,Pass,146,322,Eibar,Regular Play,322,Eibar,27239.0,Aleksandar Pantić,Left Center Back,62.5,16.7,51.2,33.8,2.32566,False,,,,,,,True,20.496342,2.1547394,High Pass,,6837.0,Mauro Javier Dos Santos,False,False,left_to_right,False,62.5,16.7,51.2,33.8,False,False,False,False
0777c2b5-4a4c-4075-a578-6d508409eefd,3825747,2167,2,00:16:30.009,61,30,42,Ball Receipt*,146,322,Eibar,Regular Play,322,Eibar,6837.0,Mauro Javier Dos Santos,Right Center Back,51.2,33.8,,,,False,,,,,,,False,,,,,,,False,False,left_to_right,False,51.2,33.8,,,False,False,False,False
83efadba-1ce5-4c04-9c93-58ca205320a0,3825747,2168,2,00:16:30.009,61,30,43,Carry,146,322,Eibar,Regular Play,322,Eibar,6837.0,Mauro Javier Dos Santos,Right Center Back,51.2,33.8,51.2,30.2,1.426114,False,,,,,,,False,,,,,,,False,False,left_to_right,False,51.2,33.8,51.2,30.2,False,False,False,False
9b56e387-5c25-4a72-811f-6e614978517f,3825747,2169,2,00:16:31.435,61,31,30,Pass,146,322,Eibar,Regular Play,322,Eibar,6837.0,Mauro Javier Dos Santos,Right Center Back,51.2,30.2,59.7,42.7,1.499413,False,,,,,,,True,15.116217,0.97361964,Ground Pass,,6712.0,Gonzalo Escalante,False,False,left_to_right,False,51.2,30.2,59.7,42.7,False,False,False,False
49bc7abf-4903-4eb0-b7f5-eb7bd3dc51c7,3825747,2170,2,00:16:32.935,61,32,42,Ball Receipt*,146,322,Eibar,Regular Play,322,Eibar,6712.0,Gonzalo Escalante,Left Defensive Midfield,59.7,42.7,,,,False,,,,,,,False,,,,,,,False,False,left_to_right,False,59.7,42.7,,,False,False,False,False
fb4340c8-1c92-4405-83fe-d3b0cd0f8264,3825747,2171,2,00:16:32.935,61,32,43,Carry,146,322,Eibar,Regular Play,322,Eibar,6712.0,Gonzalo Escalante,Left Defensive Midfield,59.7,42.7,56.4,38.8,2.986439,True,,,,,,,False,,,,,,,False,False,left_to_right,False,59.7,42.7,56.4,38.8,False,False,False,False
0a70b175-11e7-45da-b07d-a5b626343f85,3825747,2172,2,00:16:35.195,61,35,17,Pressure,146,322,Eibar,Regular Play,215,Athletic Club,6396.0,Beñat Etxebarria Urkiaga,Left Defensive Midfield,62.4,41.3,,,0.670623,False,,,,,,,False,,,,,,,False,False,left_to_right,False,62.4,41.3,,,False,False,False,False
836de17d-7ceb-445e-95f4-11f1aa7c81b0,3825747,2173,2,00:16:35.921,61,35,30,Pass,146,322,Eibar,Regular Play,322,Eibar,6712.0,Gonzalo Escalante,Left Defensive Midfield,56.4,38.8,47.5,21.7,1.113322,False,,,,,,,True,19.277449,-2.0506837,Ground Pass,,27239.0,Aleksandar Pantić,False,False,left_to_right,False,56.4,38.8,47.5,21.7,False,False,False,False
a8e42024-8cd1-45fe-a63b-ab6bf2cd0eec,3825747,2174,2,00:16:37.034,61,37,42,Ball Receipt*,146,322,Eibar,Regular Play,322,Eibar,27239.0,Aleksandar Pantić,Left Center Back,47.5,21.7,,,,False,,,,,,,False,,,,,,,False,False,left_to_right,False,47.5,21.7,,,False,False,False,False
e5d95eb8-60de-4767-abde-69e03da7304b,3825747,2175,2,00:16:37.034,61,37,43,Carry,146,322,Eibar,Regular Play,322,Eibar,27239.0,Aleksandar Pantić,Left Center Back,47.5,21.7,47.2,21.7,0.879179,False,,,,,,,False,,,,,,,False,False,left_to_right,False,47.5,21.7,47.2,21.7,False,False,False,False
8cb7e9fb-75c5-4f95-871a-07df389bd995,3825747,2176,2,00:16:37.914,61,37,30,Pass,146,322,Eibar,Regular Play,322,Eibar,27239.0,Aleksandar Pantić,Left Center Back,47.2,21.7,46.6,51.3,1.539836,False,,,,,,,True,29.606081,1.5910639,Ground Pass,,6837.0,Mauro Javier Dos Santos,False,False,left_to_right,False,47.2,21.7,46.6,51.3,False,False,False,False
71dbb838-ec5f-43ec-8b4c-938367d4dc84,3825747,2177,2,00:16:39.453,61,39,42,Ball Receipt*,146,322,Eibar,Regular Play,322,Eibar,6837.0,Mauro Javier Dos Santos,Right Center Back,46.6,51.3,,,,False,,,,,,,False,,,,,,,False,False,left_to_right,False,46.6,51.3,,,False,False,False,False
a5fa1a19-6f9f-4788-9faa-1037029acd29,3825747,2178,2,00:16:39.453,61,39,43,Carry,146,322,Eibar,Regular Play,322,Eibar,6837.0,Mauro Javier Dos Santos,Right Center Back,46.6,51.3,53.9,59.6,2.892863,False,,,,,,,False,,,,,,,False,False,left_to_right,False,46.6,51.3,53.9,59.6,False,False,False,False
e637333a-736a-4b00-984d-9b574963000c,3825747,2179,2,00:16:42.346,61,42,30,Pass,146,322,Eibar,Regular Play,322,Eibar,6837.0,Mauro Javier Dos Santos,Right Center Back,53.9,59.6,69.5,75.5,1.272516,False,,,,,,,True,22.274874,0.7949217,Ground Pass,,6699.0,Ander Capa Rodríguez,False,False,left_to_right,False,53.9,59.6,69.5,75.5,False,False,False,False
f0f959ed-3e90-4aba-9dac-46f7e96fc477,3825747,2180,2,00:16:43.619,61,43,42,Ball Receipt*,146,322,Eibar,Regular Play,322,Eibar,6699.0,Ander Capa Rodríguez,Right Back,69.5,75.5,,,,False,,,,,,,False,,,,,,,False,False,left_to_right,False,69.5,75.5,,,False,False,False,False
5dc01183-d16f-47e8-851d-fbf51c87ed62,3825747,2181,2,00:16:43.619,61,43,43,Carry,146,322,Eibar,Regular Play,322,Eibar,6699.0,Ander Capa Rodríguez,Right Back,69.5,75.5,72.1,75.1,2.134034,False,,,,,,,False,,,,,,,False,False,left_to_right,False,69.5,75.5,72.1,75.1,False,False,False,False
ee5cee5b-862c-4afa-b8e9-9a850a153fdb,3825747,2182,2,00:16:45.753,61,45,30,Pass,146,322,Eibar,Regular Play,322,Eibar,6699.0,Ander Capa Rodríguez,Right Back,72.1,75.1,77.7,67.8,0.975366,False,,,,,,,True,9.200543,-0.91642606,Ground Pass,,6742.0,Sergio Gontán Gallardo,False,False,left_to_right,False,72.1,75.1,77.7,67.8,False,False,False,False
6c38630c-42dd-4d13-a42f-8dc3e9fe9f96,3825747,2183,2,00:16:46.728,61,46,42,Ball Receipt*,146,322,Eibar,Regular Play,322,Eibar,6742.0,Sergio Gontán Gallardo,Right Midfield,77.7,67.8,,,,False,,,,,,,False,,,,,,,False,False,left_to_right,False,77.7,67.8,,,False,False,False,False
276e3058-e8e2-4dee-a051-17df7e7bc2a3,3825747,2184,2,00:16:46.728,61,46,43,Carry,146,322,Eibar,Regular Play,322,Eibar,6742.0,Sergio Gontán Gallardo,Right Midfield,77.7,67.8,77.7,67.8,0.039999,False,,,,,,,False,,,,,,,False,False,left_to_right,False,77.7,67.8,77.7,67.8,False,False,False,False
0d397583-6bd3-4d0e-9648-30a7ba689165,3825747,2185,2,00:16:46.768,61,46,30,Pass,146,322,Eibar,Regular Play,322,Eibar,6742.0,Sergio Gontán Gallardo,Right Midfield,77.7,67.8,98.5,76.7,3.060929,False,,,,,,,True,22.624102,0.4043114,Ground Pass,,6699.0,Ander Capa Rodríguez,False,False,left_to_right,False,77.7,67.8,98.5,76.7,False,False,True,False
7b448d4e-5f30-4118-a626-5139a1c99c25,3825747,2186,2,00:16:49.829,61,49,42,Ball Receipt*,146,322,Eibar,Regular Play,322,Eibar,6699.0,Ander Capa Rodríguez,Right Back,98.5,76.7,,,,False,,,,,,,False,,,,,,,False,False,left_to_right,False,98.5,76.7,,,False,False,False,False
51a082a1-f223-4105-8cbd-5e18551cb9cf,3825747,2187,2,00:16:49.829,61,49,43,Carry,146,322,Eibar,Regular Play,322,Eibar,6699.0,Ander Capa Rodríguez,Right Back,98.5,76.7,110.2,69.2,1.467003,True,,,,,,,False,,,,,,,False,False,left_to_right,False,98.5,76.7,110.2,69.2,True,False,False,False
c409536d-6e06-4333-9c82-f22dac9e8112,3825747,2188,2,00:16:49.911,61,49,17,Pressure,146,322,Eibar,Regular Play,215,Athletic Club,6789.0,Mikel Balenziaga Oruesagasti,Left Back,18.8,3.8,,,1.468595,False,,,,,,,False,,,,,,,False,False,left_to_right,False,18.8,3.8,,,False,False,False,False
516f8523-fbd7-4671-a9c5-60c31638525b,3825747,2189,2,00:16:51.296,61,51,30,Pass,146,322,Eibar,Regular Play,322,Eibar,6699.0,Ander Capa Rodríguez,Right Back,110.2,69.2,115.2,32.7,1.78423,True,,,,,,Incomplete,False,36.840874,-1.4346573,High Pass,,6700.0,Sergio Enrich Ametller,False,False,left_to_right,False,110.2,69.2,115.2,32.7,False,True,False,True
b5836556-21be-4d49-bc54-78d59046c31c,3825747,2190,2,00:16:53.080,61,53,42,Ball Receipt*,146,322,Eibar,Regular Play,322,Eibar,6700.0,Sergio Enrich Ametller,Left Center Forward,110.8,34.8,,,,False,,,,,,,False,,,,,,,False,False,left_to_right,False,110.8,34.8,,,False,False,False,False
2f675ce1-24fd-43ef-8dc6-14e00ac0b88e,3825747,2191,2,00:16:53.080,61,53,9,Clearance,146,322,Eibar,Regular Play,215,Athletic Club,6649.0,Óscar de Marcos Arana,Right Back,4.9,47.4,,,0.0,True,,,,,,,False,,,,,,,False,False,left_to_right,False,4.9,47.4,,,False,False,False,False
2354f3b4-4847-4539-8ce9-ad881d6cdd7a,3825747,2192,2,00:17:20.934,62,20,30,Pass,147,322,Eibar,From Corner,322,Eibar,9462.0,José Ignacio Peleteiro Ramallo,Left Midfield,120.0,0.1,110.6,38.1,2.012833,False,,,,,,,True,39.14537,1.8132967,High Pass,Corner,6700.0,Sergio Enrich Ametller,True,False,left_to_right,False,120.0,0.1,110.6,38.1,False,True,False,False
7cd7bef4-1265-409e-9b3e-bdba8cecb83e,3825747,2193,2,00:17:22.929,62,22,42,Ball Receipt*,147,322,Eibar,From Corner,322,Eibar,6700.0,Sergio Enrich Ametller,Left Center Forward,110.6,38.1,,,,False,,,,,,,False,,,,,,,False,False,left_to_right,False,110.6,38.1,,,False,False,False,False
fc865cdc-28d2-425c-a23c-4d75eae0d9d0,3825747,2194,2,00:17:22.929,62,22,4,Duel,147,322,Eibar,From Corner,215,Athletic Club,4353.0,Aymeric Laporte,Left Center Back,10.9,38.8,,,0.0,True,,,,,,,False,,,,,,,False,False,left_to_right,False,10.9,38.8,,,False,False,False,False
8c0e2c0f-d66f-44f8-b1f1-e65119e08053,3825747,2195,2,00:17:22.929,62,22,16,Shot,147,322,Eibar,From Corner,322,Eibar,6700.0,Sergio Enrich Ametller,Left Center Forward,109.2,41.3,118.5,35.4,0.987813,True,0.0642052,Wayward,Head,Normal,Open Play,,False,,,,,,,False,False,left_to_right,False,109.2,41.3,118.5,35.4,False,False,False,False
a5b5a081-aa97-4077-a3f0-e8c5fd5ac9ee,3825747,2196,2,00:17:23.917,62,23,23,Goal Keeper,147,322,Eibar,From Corner,215,Athletic Club,6662.0,Iago Herrerín Buisán,Goalkeeper,0.8,40.1,,,0.0,False,,,,,,,False,,,,,,,False,False,left_to_right,False,0.8,40.1,,,False,False,False,False
2e40e234-634e-4f9b-b238-ae905f1dbc5c,3825747,2197,2,00:17:25.001,62,25,2,Ball Recovery,147,322,Eibar,From Corner,215,Athletic Club,6662.0,Iago Herrerín Buisán,Goalkeeper,6.5,50.3,,,0.0,False,,,,,,,False,,,,,,,False,False,left_to_right,False,6.5,50.3,,,False,False,False,False
8fb741a1-44e4-4011-bbb5-b49710d2f11a,3825747,2198,2,00:17:25.001,62,25,43,Carry,147,322,Eibar,From Corner,215,Athletic Club,6662.0,Iago Herrerín Buisán,Goalkeeper,6.5,50.3,9.1,49.7,3.097738,False,,,,,,,False,,,,,,,False,False,left_to_right,False,6.5,50.3,9.1,49.7,False,False,False,False
bab84e10-28b2-4543-b703-23a40ae83563,3825747,2199,2,00:17:28.099,62,28,30,Pass,147,322,Eibar,From Corner,215,Athletic Club,6662.0,Iago Herrerín Buisán,Goalkeeper,9.1,49.7,42.0,49.0,1.137183,False,,,,,,Incomplete,False,32.907448,-0.021273386,Low Pass,,,,False,False,left_to_right,False,9.1,49.7,42.0,49.0,False,True,False,True
76b1eab5-cd51-491b-932e-dc29a149303e,3825747,2200,2,00:17:29.236,62,29,2,Ball Recovery,147,322,Eibar,From Corner,322,Eibar,6775.0,Daniel García Carrillo,Right Defensive Midfield,78.1,31.1,,,0.0,False,,,,,,,False,,,,,,,False,False,left_to_right,False,78.1,31.1,,,False,False,False,False
e703035d-69e3-4179-bb35-c0e4bf79246d,3825747,2201,2,00:17:29.236,62,29,43,Carry,147,322,Eibar,From Corner,322,Eibar,6775.0,Daniel García Carrillo,Right Defensive Midfield,78.1,31.1,78.1,31.1,0.663198,False,,,,,,,False,,,,,,,False,False,left_to_right,False,78.1,31.1,78.1,31.1,False,False,False,False
fe94663b-5258-47a1-8074-50258d5614b3,3825747,2202,2,00:17:29.899,62,29,30,Pass,147,322,Eibar,From Corner,322,Eibar,6775.0,Daniel García Carrillo,Right Defensive Midfield,78.1,31.1,93.7,8.7,2.124403,False,,,,,,,True,27.296886,-0.9624713,High Pass,,9462.0,José Ignacio Peleteiro Ramallo,False,False,left_to_right,False,78.1,31.1,93.7,8.7,False,False,True,False
57f02431-ccc4-4e50-a7fd-5bf6c0e08048,3825747,2203,2,00:17:32.024,62,32,42,Ball Receipt*,147,322,Eibar,From Corner,322,Eibar,9462.0,José Ignacio Peleteiro Ramallo,Left Midfield,93.7,8.7,,,,False,,,,,,,False,,,,,,,False,False,left_to_right,False,93.7,8.7,,,False,False,False,False
1c69bbf1-a540-4a4a-b4ac-7c820d46df88,3825747,2204,2,00:17:32.024,62,32,43,Carry,147,322,Eibar,From Corner,322,Eibar,9462.0,José Ignacio Peleteiro Ramallo,Left Midfield,93.7,8.7,95.4,14.8,2.161932,True,,,,,,,False,,,,,,,False,False,left_to_right,False,93.7,8.7,95.4,14.8,False,False,False,False
9888ba3f-9344-4eed-9246-7f50eeacd4f5,3825747,2205,2,00:17:34.110,62,34,17,Pressure,147,322,Eibar,From Corner,215,Athletic Club,6649.0,Óscar de Marcos Arana,Right Back,24.7,65.3,,,0.279135,False,,,,,,,False,,,,,,,False,False,left_to_right,False,24.7,65.3,,,False,False,False,False
ea0d20bf-16d3-497e-b698-5f9f2929dfa0,3825747,2206,2,00:17:34.186,62,34,30,Pass,147,322,Eibar,From Corner,322,Eibar,9462.0,José Ignacio Peleteiro Ramallo,Left Midfield,95.4,14.8,105.2,23.7,1.127741,True,,,,,,,True,13.238202,0.73730695,Ground Pass,,6700.0,Sergio Enrich Ametller,False,False,left_to_right,False,95.4,14.8,105.2,23.7,False,True,False,False
baa64a05-43dd-45ca-aeed-a0ddab6fdbf3,3825747,2207,2,00:17:35.313,62,35,42,Ball Receipt*,147,322,Eibar,From Corner,322,Eibar,6700.0,Sergio Enrich Ametller,Left Center Forward,105.2,23.7,,,,False,,,,,,,False,,,,,,,False,False,left_to_right,False,105.2,23.7,,,False,False,False,False
c6a29f24-1c87-44b5-a9b3-b15e8931c19a,3825747,2208,2,00:17:35.313,62,35,30,Pass,147,322,Eibar,From Corner,322,Eibar,6700.0,Sergio Enrich Ametller,Left Center Forward,105.2,23.7,93.1,28.5,1.522353,False,,,,,,,True,13.017296,2.7639394,Ground Pass,,6712.0,Gonzalo Escalante,False,False,left_to_right,False,105.2,23.7,93.1,28.5,False,False,False,False
a4e1a7ed-6ca0-4770-8ec2-8620495cb0df,3825747,2209,2,00:17:36.836,62,36,42,Ball Receipt*,147,322,Eibar,From Corner,322,Eibar,6712.0,Gonzalo Escalante,Left Defensive Midfield,93.1,28.5,,,,False,,,,,,,False,,,,,,,False,False,left_to_right,False,93.1,28.5,,,False,False,False,False
871b52c6-d9ae-4f54-b7ed-18a2589fff90,3825747,2210,2,00:17:36.836,62,36,43,Carry,147,322,Eibar,From Corner,322,Eibar,6712.0,Gonzalo Escalante,Left Defensive Midfield,93.1,28.5,93.1,28.5,0.926052,False,,,,,,,False,,,,,,,False,False,left_to_right,False,93.1,28.5,93.1,28.5,False,False,False,False
5f2d4b5a-a8ad-4bfa-8519-da0b766312cc,3825747,2211,2,00:17:37.762,62,37,30,Pass,147,322,Eibar,From Corner,322,Eibar,6712.0,Gonzalo Escalante,Left Defensive Midfield,93.1,28.5,92.5,34.0,0.252779,False,,,,,,Incomplete,False,5.5326304,1.6794575,Ground Pass,,6742.0,Sergio Gontán Gallardo,False,False,left_to_right,False,93.1,28.5,92.5,34.0,False,False,False,True
55885006-910e-477d-b668-f898c40b7388,3825747,2212,2,00:17:38.015,62,38,42,Ball Receipt*,147,322,Eibar,From Corner,322,Eibar,6742.0,Sergio Gontán Gallardo,Right Midfield,91.9,57.7,,,,False,,,,,,,False,,,,,,,False,False,left_to_right,False,91.9,57.7,,,False,False,False,False
3c2c4945-2eb7-4a21-bbb7-d50a1e671470,3825747,2213,2,00:17:38.015,62,38,6,Block,147,322,Eibar,From Corner,215,Athletic Club,6666.0,Sabin Merino Zuloaga,Left Wing,27.6,46.1,,,0.0,False,,,,,,,False,,,,,,,False,False,left_to_right,False,27.6,46.1,,,False,False,False,False
2ff5eaba-7e08-4ae6-8e6a-4930a52fa926,3825747,2214,2,00:17:39.591,62,39,17,Pressure,147,322,Eibar,From Corner,322,Eibar,6712.0,Gonzalo Escalante,Left Defensive Midfield,96.0,48.2,,,0.199369,False,,,,,,,False,,,,,,,False,False,left_to_right,False,96.0,48.2,,,False,False,False,False
9be03d51-41ae-4cf8-9412-7fbd17c359d4,3825747,2215,2,00:17:39.757,62,39,9,Clearance,147,322,Eibar,From Corner,215,Athletic Club,6389.0,Mikel San José Domínguez,Right Defensive Midfield,24.1,31.9,,,0.0,True,,,,,,,False,,,,,,,False,False,left_to_right,False,24.1,31.9,,,False,False,False,False
9330b91e-1def-42aa-a127-03e4f9611c89,3825747,2216,2,00:17:39.790,62,39,6,Block,147,322,Eibar,From Corner,322,Eibar,6712.0,Gonzalo Escalante,Left Defensive Midfield,93.1,48.6,,,0.0,False,,,,,,,False,,,,,,,False,False,left_to_right,False,93.1,48.6,,,False,False,False,False
5e76d712-9c0c-4fee-a850-1c7570dae4db,3825747,2217,2,00:18:03.556,63,3,30,Pass,148,215,Athletic Club,From Goal Kick,215,Athletic Club,6662.0,Iago Herrerín Buisán,Goalkeeper,6.0,36.0,80.2,28.8,3.488192,False,,,,,,Incomplete,False,74.54851,-0.09673219,High Pass,Goal Kick,,,False,False,left_to_right,False,6.0,36.0,80.2,28.8,False,True,True,True
2ff3d972-bbf9-428e-9f43-02e0320372c1,3825747,2218,2,00:18:07.044,63,7,30,Pass,148,215,Athletic Club,From Goal Kick,322,Eibar,6837.0,Mauro Javier Dos Santos,Right Center Back,39.9,51.3,60.4,56.9,1.171733,False,,,,,,Incomplete,False,21.251118,0.26666477,Low Pass,Recovery,,,False,False,left_to_right,False,39.9,51.3,60.4,56.9,False,False,False,True
7924f3d7-6542-411a-bf9e-78c0ddfa6ca2,3825747,2219,2,00:18:08.216,63,8,10,Interception,148,215,Athletic Club,From Goal Kick,215,Athletic Club,6389.0,Mikel San José Domínguez,Right Defensive Midfield,59.7,23.2,,,0.0,False,,,,,,,False,,,,,,,False,False,left_to_right,False,59.7,23.2,,,False,False,False,False
bfee1be2-e410-4585-8c71-c9319c183636,3825747,2220,2,00:18:09.485,63,9,2,Ball Recovery,149,322,Eibar,Regular Play,322,Eibar,6775.0,Daniel García Carrillo,Right Defensive Midfield,52.7,45.4,,,0.0,False,,,,,,,False,,,,,,,False,False,left_to_right,False,52.7,45.4,,,False,False,False,False
89bc2a98-231f-4ab4-93ee-bf7b45332533,3825747,2221,2,00:18:09.485,63,9,43,Carry,149,322,Eibar,Regular Play,322,Eibar,6775.0,Daniel García Carrillo,Right Defensive Midfield,52.7,45.4,54.3,39.4,1.098447,True,,,,,,,False,,,,,,,False,False,left_to_right,False,52.7,45.4,54.3,39.4,False,False,False,False
b991c651-a8c1-4055-b4b1-273809ed09ef,3825747,2222,2,00:18:10.183,63,10,17,Pressure,149,322,Eibar,Regular Play,215,Athletic Club,6396.0,Beñat Etxebarria Urkiaga,Left Defensive Midfield,65.8,40.7,,,0.506579,False,,,,,,,False,,,,,,,False,False,left_to_right,False,65.8,40.7,,,False,False,False,False
d6fd951f-92d8-4c2d-a72e-2c5dcdc916a3,3825747,2223,2,00:18:10.584,63,10,30,Pass,149,322,Eibar,Regular Play,322,Eibar,6775.0,Daniel García Carrillo,Right Defensive Midfield,54.3,39.4,49.5,11.4,2.555979,True,,,,,,,True,28.40845,-1.7405746,Ground Pass,,6776.0,David Juncà Reñé,False,False,left_to_right,False,54.3,39.4,49.5,11.4,False,False,False,False
682a7e30-fe61-42b6-ab6e-1973e173f298,3825747,2224,2,00:18:13.140,63,13,42,Ball Receipt*,149,322,Eibar,Regular Play,322,Eibar,6776.0,David Juncà Reñé,Left Back,49.5,11.4,,,,False,,,,,,,False,,,,,,,False,False,left_to_right,False,49.5,11.4,,,False,False,False,False
c60ccf9b-c539-44b2-b735-70d7f03f2c9c,3825747,2225,2,00:18:13.140,63,13,43,Carry,149,322,Eibar,Regular Play,322,Eibar,6776.0,David Juncà Reñé,Left Back,49.5,11.4,75.6,7.5,2.143801,False,,,,,,,False,,,,,,,False,False,left_to_right,False,49.5,11.4,75.6,7.5,True,False,False,False
656db147-0ae9-4963-bf38-8fc391c6d410,3825747,2226,2,00:18:15.284,63,15,30,Pass,149,322,Eibar,Regular Play,322,Eibar,6776.0,David Juncà Reñé,Left Back,75.6,7.5,100.2,48.1,2.679544,False,,,,,,Incomplete,False,47.471256,1.0260416,High Pass,,,,False,False,left_to_right,False,75.6,7.5,100.2,48.1,False,True,True,True
0ea1e41b-8959-4a11-8581-7d32682d652d,3825747,2227,2,00:18:17.963,63,17,10,Interception,149,322,Eibar,Regular Play,215,Athletic Club,4353.0,Aymeric Laporte,Left Center Back,19.9,32.0,,,0.0,False,,,,,,,False,,,,,,,False,False,left_to_right,False,19.9,32.0,,,False,False,False,False
aac9cdbb-bec3-4ed6-8b9e-0d03a639c355,3825747,2228,2,00:18:18.837,63,18,2,Ball Recovery,149,322,Eibar,Regular Play,322,Eibar,6566.0,Borja González Tomás,Right Center Forward,91.9,45.2,,,0.0,False,,,,,,,False,,,,,,,False,False,left_to_right,False,91.9,45.2,,,False,False,False,False
07a60f0f-19a2-40a0-ba7d-ff866d9c8e6a,3825747,2229,2,00:18:18.837,63,18,43,Carry,149,322,Eibar,Regular Play,322,Eibar,6566.0,Borja González Tomás,Right Center Forward,91.9,45.2,93.0,42.9,0.960002,False,,,,,,,False,,,,,,,False,False,left_to_right,False,91.9,45.2,93.0,42.9,False,False,False,False
21d67837-1992-4d64-8cc6-7a35d6912b45,3825747,2230,2,00:18:19.797,63,19,16,Shot,149,322,Eibar,Regular Play,322,Eibar,6566.0,Borja González Tomás,Right Center Forward,93.0,42.9,120.0,29.4,1.60215,False,0.033545382,Off T,Right Foot,Volley,Open Play,,False,,,,,,,False,False,left_to_right,False,93.0,42.9,120.0,29.4,False,False,False,False
0fea5cac-a071-42a6-9247-f26c907c1088,3825747,2231,2,00:18:21.399,63,21,23,Goal Keeper,149,322,Eibar,Regular Play,215,Athletic Club,6662.0,Iago Herrerín Buisán,Goalkeeper,2.5,38.9,,,0.0,False,,,,,,,False,,,,,,,False,False,left_to_right,False,2.5,38.9,,,False,False,False,False
2fff6bc3-bb39-4d69-bee9-81c4fcc10f6a,3825747,2232,2,00:18:42.873,63,42,30,Pass,150,215,Athletic Club,From Goal Kick,215,Athletic Club,6662.0,Iago Herrerín Buisán,Goalkeeper,6.0,36.0,79.1,43.0,3.92641,False,,,,,,,True,73.434395,0.09546813,High Pass,Goal Kick,6394.0,Aritz Aduriz Zubeldia,False,False,left_to_right,False,6.0,36.0,79.1,43.0,False,True,False,False
27940250-6bcf-4006-8417-c7fec568322a,3825747,2233,2,00:18:46.799,63,46,42,Ball Receipt*,150,215,Athletic Club,From Goal Kick,215,Athletic Club,6394.0,Aritz Aduriz Zubeldia,Center Forward,79.1,43.0,,,,False,,,,,,,False,,,,,,,False,False,left_to_right,False,79.1,43.0,,,False,False,False,False
7a0d17ab-a046-48c9-a20e-64911ed481d5,3825747,2234,2,00:18:46.799,63,46,30,Pass,150,215,Athletic Club,From Goal Kick,215,Athletic Club,6394.0,Aritz Aduriz Zubeldia,Center Forward,78.9,43.0,93.5,45.5,1.008559,True,,,,,,Incomplete,False,14.812494,0.16958816,Low Pass,,6666.0,Sabin Merino Zuloaga,False,False,left_to_right,False,78.9,43.0,93.5,45.5,False,True,True,True
01c3790f-a777-4849-9dbf-a67becd9f4b5,3825747,2235,2,00:18:46.799,63,46,4,Duel,150,215,Athletic Club,From Goal Kick,322,Eibar,6837.0,Mauro Javier Dos Santos,Right Center Back,41.2,37.1,,,0.0,True,,,,,,,False,,,,,,,False,False,left_to_right,False,41.2,37.1,,,False,False,False,False
29892756-c467-4403-8de9-99aa902b408a,3825747,2236,2,00:18:47.808,63,47,42,Ball Receipt*,150,215,Athletic Club,From Goal Kick,215,Athletic Club,6666.0,Sabin Merino Zuloaga,Left Wing,89.7,41.7,,,,False,,,,,,,False,,,,,,,False,False,left_to_right,False,89.7,41.7,,,False,False,False,False
de48a017-085b-459a-a9f7-b2c6b916472a,3825747,2237,2,00:18:47.808,63,47,30,Pass,151,322,Eibar,Regular Play,322,Eibar,27239.0,Aleksandar Pantić,Left Center Back,26.6,34.6,39.5,41.5,0.672464,False,,,,,,,True,14.629422,0.4911636,Low Pass,Recovery,6837.0,Mauro Javier Dos Santos,False,False,left_to_right,False,26.6,34.6,39.5,41.5,False,False,False,False
3e91fb53-9099-4419-8313-dab2102797b8,3825747,2238,2,00:18:48.480,63,48,42,Ball Receipt*,151,322,Eibar,Regular Play,322,Eibar,6837.0,Mauro Javier Dos Santos,Right Center Back,39.5,41.5,,,,False,,,,,,,False,,,,,,,False,False,left_to_right,False,39.5,41.5,,,False,False,False,False
c3a34b9c-48f3-4dec-9f0b-7952f778dbe8,3825747,2239,2,00:18:48.480,63,48,30,Pass,151,322,Eibar,Regular Play,322,Eibar,6837.0,Mauro Javier Dos Santos,Right Center Back,39.5,41.5,53.1,46.9,3.068336,False,,,,,,,True,14.63284,0.3779683,High Pass,,6700.0,Sergio Enrich Ametller,False,False,left_to_right,False,39.5,41.5,53.1,46.9,False,False,False,False
5e5fd235-2cac-4078-98fb-196464e715bc,3825747,2240,2,00:18:51.549,63,51,42,Ball Receipt*,151,322,Eibar,Regular Play,322,Eibar,6700.0,Sergio Enrich Ametller,Left Center Forward,53.1,46.9,,,,False,,,,,,,False,,,,,,,False,False,left_to_right,False,53.1,46.9,,,False,False,False,False
022275ac-5542-4c1d-8d91-89bf568d8367,3825747,2241,2,00:18:51.549,63,51,43,Carry,151,322,Eibar,Regular Play,322,Eibar,6700.0,Sergio Enrich Ametller,Left Center Forward,53.1,46.9,48.1,54.2,1.713957,True,,,,,,,False,,,,,,,False,False,left_to_right,False,53.1,46.9,48.1,54.2,False,False,False,False
7844e9bd-003b-45b6-bb52-087f87ad9ac7,3825747,2242,2,00:18:52.867,63,52,17,Pressure,151,322,Eibar,Regular Play,215,Athletic Club,6396.0,Beñat Etxebarria Urkiaga,Left Defensive Midfield,67.6,32.6,,,0.245325,False,,,,,,,False,,,,,,,False,False,left_to_right,False,67.6,32.6,,,False,False,False,False
452f821f-7db2-4cfe-af1a-2af99af39c8b,3825747,2243,2,00:18:53.263,63,53,30,Pass,151,322,Eibar,Regular Play,322,Eibar,6700.0,Sergio Enrich Ametller,Left Center Forward,48.1,54.2,47.5,67.7,0.764076,False,,,,,,,True,13.513327,1.6152115,Ground Pass,,6699.0,Ander Capa Rodríguez,False,False,left_to_right,False,48.1,54.2,47.5,67.7,False,False,False,False
89fcbc7f-791c-43da-b553-d22aac3ea6de,3825747,2244,2,00:18:54.027,63,54,42,Ball Receipt*,151,322,Eibar,Regular Play,322,Eibar,6699.0,Ander Capa Rodríguez,Right Back,47.5,67.7,,,,False,,,,,,,False,,,,,,,False,False,left_to_right,False,47.5,67.7,,,False,False,False,False
aacef202-682a-4f87-ad02-91c4e9b2f06d,3825747,2245,2,00:18:54.027,63,54,43,Carry,151,322,Eibar,Regular Play,322,Eibar,6699.0,Ander Capa Rodríguez,Right Back,47.5,67.7,77.3,73.8,3.719818,True,,,,,,,False,,,,,,,False,False,left_to_right,False,47.5,67.7,77.3,73.8,True,False,False,False
ef7d32d7-b0c1-469f-9c3e-c4ebdefd7ff2,3825747,2246,2,00:18:57.077,63,57,17,Pressure,151,322,Eibar,Regular Play,215,Athletic Club,6396.0,Beñat Etxebarria Urkiaga,Left Defensive Midfield,42.8,6.3,,,0.752745,False,,,,,,,False,,,,,,,False,False,left_to_right,False,42.8,6.3,,,False,False,False,False
10b227fd-e630-4a39-a3e8-25d0e455eb78,3825747,2247,2,00:18:57.746,63,57,30,Pass,151,322,Eibar,Regular Play,322,Eibar,6699.0,Ander Capa Rodríguez,Right Back,77.3,73.8,78.1,70.0,0.566286,True,,,,,,Incomplete,False,3.8832977,-1.3633001,Ground Pass,,6742.0,Sergio Gontán Gallardo,False,False,left_to_right,False,77.3,73.8,78.1,70.0,False,False,False,True
ffd5fb24-9604-4757-b37c-78f772cd15c9,3825747,2248,2,00:18:58.313,63,58,42,Ball Receipt*,151,322,Eibar,Regular Play,322,Eibar,6742.0,Sergio Gontán Gallardo,Right Midfield,75.8,61.9,,,,False,,,,,,,False,,,,,,,False,False,left_to_right,False,75.8,61.9,,,False,False,False,False
171f4710-e361-4ddd-805e-faabcf57332e,3825747,2249,2,00:18:58.313,63,58,6,Block,151,322,Eibar,Regular Play,215,Athletic Club,6396.0,Beñat Etxebarria Urkiaga,Left Defensive Midfield,42.0,10.1,,,0.0,False,,,,,,,False,,,,,,,False,False,left_to_right,False,42.0,10.1,,,False,False,False,False
a72d2e16-4ece-4d13-b864-c2a425a1d15d,3825747,2250,2,00:18:59.225,63,59,2,Ball Recovery,151,322,Eibar,Regular Play,322,Eibar,6699.0,Ander Capa Rodríguez,Right Back,80.2,69.8,,,0.0,False,,,,,,,False,,,,,,,False,False,left_to_right,False,80.2,69.8,,,False,False,False,False
9a290df3-d6b1-470d-b888-8e4896cca899,3825747,2251,2,00:18:59.225,63,59,43,Carry,151,322,Eibar,Regular Play,322,Eibar,6699.0,Ander Capa Rodríguez,Right Back,80.2,69.8,81.9,65.9,0.314738,False,,,,,,,False,,,,,,,False,False,left_to_right,False,80.2,69.8,81.9,65.9,False,False,False,False
3b3a525e-0a9c-4e21-b955-8149be6e9d5c,3825747,2252,2,00:18:59.540,63,59,3,Dispossessed,151,322,Eibar,Regular Play,322,Eibar,6699.0,Ander Capa Rodríguez,Right Back,81.9,65.9,,,0.0,True,,,,,,,False,,,,,,,False,False,left_to_right,False,81.9,65.9,,,False,False,False,True
17b33d1e-05ea-493b-a554-590adf5bae49,3825747,2253,2,00:18:59.540,63,59,4,Duel,152,215,Athletic Club,From Counter,215,Athletic Club,6396.0,Beñat Etxebarria Urkiaga,Left Defensive Midfield,38.2,14.2,,,0.0,True,,,,,,,False,,,,,,,False,False,left_to_right,False,38.2,14.2,,,False,False,False,False
35570190-1578-47fe-bb7d-c912d76f8a0b,3825747,2254,2,00:19:03.358,64,3,2,Ball Recovery,152,215,Athletic Club,From Counter,215,Athletic Club,6666.0,Sabin Merino Zuloaga,Left Wing,71.4,5.9,,,0.0,False,,,,,,,False,,,,,,,False,False,left_to_right,False,71.4,5.9,,,False,False,False,False
02be22c0-274d-4b63-bf59-bc0e2c0d7311,3825747,2255,2,00:19:03.358,64,3,43,Carry,152,215,Athletic Club,From Counter,215,Athletic Club,6666.0,Sabin Merino Zuloaga,Left Wing,71.4,5.9,71.4,5.9,0.124693,False,,,,,,,False,,,,,,,False,False,left_to_right,False,71.4,5.9,71.4,5.9,False,False,False,False
f357e1e5-e596-462d-8990-2a8e621ff56c,3825747,2256,2,00:19:03.483,64,3,14,Dribble,152,215,Athletic Club,From Counter,215,Athletic Club,6666.0,Sabin Merino Zuloaga,Left Wing,71.4,5.9,,,0.0,True,,,,,,,False,,,,,,,False,False,left_to_right,False,71.4,5.9,,,False,False,False,False
1a50793a-d5d9-4d77-a581-d0bc4620c077,3825747,2257,2,00:19:03.483,64,3,4,Duel,152,215,Athletic Club,Regular Play,322,Eibar,6837.0,Mauro Javier Dos Santos,Right Center Back,48.7,74.2,,,0.0,True,,,,,,,False,,,,,,,False,False,left_to_right,False,48.7,74.2,,,False,False,False,False
2528e7b7-c632-40ea-bb39-0bf279d5ee27,3825747,2258,2,00:19:31.819,64,31,30,Pass,153,215,Athletic Club,From Throw In,215,Athletic Club,6789.0,Mikel Balenziaga Oruesagasti,Left Back,73.7,0.1,91.6,8.4,1.966976,False,,,,,,,True,19.730686,0.4341777,High Pass,Throw-in,6666.0,Sabin Merino Zuloaga,False,False,left_to_right,False,73.7,0.1,91.6,8.4,False,True,True,False
37c5ff6d-158c-4b68-ae35-7ab7365d8d15,3825747,2259,2,00:19:33.786,64,33,42,Ball Receipt*,153,215,Athletic Club,From Throw In,215,Athletic Club,6666.0,Sabin Merino Zuloaga,Left Wing,91.6,8.4,,,,False,,,,,,,False,,,,,,,False,False,left_to_right,False,91.6,8.4,,,False,False,False,False
435de558-d615-4000-9595-47fc30bba161,3825747,2260,2,00:19:33.786,64,33,43,Carry,153,215,Athletic Club,From Throw In,215,Athletic Club,6666.0,Sabin Merino Zuloaga,Left Wing,91.6,8.4,97.3,7.3,0.967936,True,,,,,,,False,,,,,,,False,False,left_to_right,False,91.6,8.4,97.3,7.3,False,False,False,False
c357a8e4-ed7c-4448-8ac9-de177ad0da87,3825747,2261,2,00:19:33.964,64,33,17,Pressure,153,215,Athletic Club,From Throw In,322,Eibar,6699.0,Ander Capa Rodríguez,Right Back,29.5,71.7,,,1.114664,False,,,,,,,False,,,,,,,False,False,left_to_right,False,29.5,71.7,,,False,False,False,False
03d3077c-a81d-4253-bbd3-ea88020c2aba,3825747,2262,2,00:19:34.754,64,34,39,Dribbled Past,153,215,Athletic Club,From Throw In,322,Eibar,6699.0,Ander Capa Rodríguez,Right Back,22.8,72.8,,,0.0,False,,,,,,,False,,,,,,,False,False,left_to_right,False,22.8,72.8,,,False,False,False,False
d0d590d6-cb83-4508-a974-2dee0ddb378d,3825747,2263,2,00:19:34.754,64,34,14,Dribble,153,215,Athletic Club,From Throw In,215,Athletic Club,6666.0,Sabin Merino Zuloaga,Left Wing,97.3,7.3,,,0.0,True,,,,,,,False,,,,,,,False,False,left_to_right,False,97.3,7.3,,,False,False,False,False
f310f97c-a021-4b16-9742-4afb8d6c13c4,3825747,2264,2,00:19:35.606,64,35,17,Pressure,153,215,Athletic Club,From Throw In,215,Athletic Club,6666.0,Sabin Merino Zuloaga,Left Wing,100.2,19.9,,,0.38031,False,,,,,,,False,,,,,,,False,False,left_to_right,False,100.2,19.9,,,False,False,False,False
f55df8d4-a440-4605-b74a-8030a89e28c4,3825747,2265,2,00:19:35.985,64,35,9,Clearance,153,215,Athletic Club,From Throw In,322,Eibar,6837.0,Mauro Javier Dos Santos,Right Center Back,17.6,60.9,,,0.0,True,,,,,,,False,,,,,,,False,False,left_to_right,False,17.6,60.9,,,False,False,False,False
739afbb7-6af7-4b2b-8f8a-fb38cc497566,3825747,2266,2,00:19:52.512,64,52,30,Pass,154,215,Athletic Club,From Throw In,215,Athletic Club,6789.0,Mikel Balenziaga Oruesagasti,Left Back,82.3,0.1,80.8,5.3,0.562704,False,,,,,,,True,5.4120235,1.851634,Low Pass,Throw-in,6842.0,Iker Muniain Goñi,False,False,left_to_right,False,82.3,0.1,80.8,5.3,False,False,False,False
fa69990e-d691-42f8-ad4f-d7f1a8f5f1ef,3825747,2267,2,00:19:53.074,64,53,42,Ball Receipt*,154,215,Athletic Club,From Throw In,215,Athletic Club,6842.0,Iker Muniain Goñi,Center Attacking Midfield,80.8,5.3,,,,False,,,,,,,False,,,,,,,False,False,left_to_right,False,80.8,5.3,,,False,False,False,False
5ef9a353-9284-480c-a094-be9f34c34740,3825747,2268,2,00:19:53.074,64,53,30,Pass,154,215,Athletic Club,From Throw In,215,Athletic Club,6842.0,Iker Muniain Goñi,Center Attacking Midfield,80.8,5.5,85.0,1.1,0.715782,False,,,,,,,True,6.0827627,-0.8086498,Low Pass,,6789.0,Mikel Balenziaga Oruesagasti,False,False,left_to_right,False,80.8,5.5,85.0,1.1,False,False,False,False
2ec7af24-2314-4ad7-957e-13dcbf9ddb3d,3825747,2269,2,00:19:53.790,64,53,42,Ball Receipt*,154,215,Athletic Club,From Throw In,215,Athletic Club,6789.0,Mikel Balenziaga Oruesagasti,Left Back,85.0,1.1,,,,False,,,,,,,False,,,,,,,False,False,left_to_right,False,85.0,1.1,,,False,False,False,False
30b24972-2b35-46a3-89e6-360085e59a52,3825747,2270,2,00:19:53.790,64,53,43,Carry,154,215,Athletic Club,From Throw In,215,Athletic Club,6789.0,Mikel Balenziaga Oruesagasti,Left Back,85.0,1.1,85.0,1.1,0.277909,False,,,,,,,False,,,,,,,False,False,left_to_right,False,85.0,1.1,85.0,1.1,False,False,False,False
529cac92-14bd-41bb-824f-2cca699937dd,3825747,2271,2,00:19:54.068,64,54,30,Pass,154,215,Athletic Club,From Throw In,215,Athletic Club,6789.0,Mikel Balenziaga Oruesagasti,Left Back,85.0,1.1,84.7,5.1,0.380206,False,,,,,,,True,4.0112343,1.6456562,Ground Pass,,6842.0,Iker Muniain Goñi,False,False,left_to_right,False,85.0,1.1,84.7,5.1,False,False,False,False
abd7fe1c-1637-4e14-b0c9-3af24f63779d,3825747,2272,2,00:19:54.448,64,54,42,Ball Receipt*,154,215,Athletic Club,From Throw In,215,Athletic Club,6842.0,Iker Muniain Goñi,Center Attacking Midfield,84.7,5.1,,,,False,,,,,,,False,,,,,,,False,False,left_to_right,False,84.7,5.1,,,False,False,False,False
b38bd764-0f1b-4fea-8986-8e2987d72e73,3825747,2273,2,00:19:54.448,64,54,43,Carry,154,215,Athletic Club,From Throw In,215,Athletic Club,6842.0,Iker Muniain Goñi,Center Attacking Midfield,84.7,5.1,87.0,6.1,0.462759,False,,,,,,,False,,,,,,,False,False,left_to_right,False,84.7,5.1,87.0,6.1,False,False,False,False
e12758bf-d102-4f7e-a104-fb78844d33c9,3825747,2274,2,00:19:54.911,64,54,30,Pass,154,215,Athletic Club,From Throw In,215,Athletic Club,6842.0,Iker Muniain Goñi,Center Attacking Midfield,87.0,6.1,89.3,6.7,0.550844,False,,,,,,Incomplete,False,2.376973,0.2551824,Ground Pass,,6666.0,Sabin Merino Zuloaga,False,False,left_to_right,False,87.0,6.1,89.3,6.7,False,False,False,True
393ee71c-357a-460d-8e85-adf77507af47,3825747,2275,2,00:19:54.915,64,54,17,Pressure,154,215,Athletic Club,From Throw In,322,Eibar,6700.0,Sergio Enrich Ametller,Left Center Forward,31.6,71.5,,,0.337779,False,,,,,,,False,,,,,,,False,False,left_to_right,False,31.6,71.5,,,False,False,False,False
5bf004a0-5d94-4269-a080-c5e2df479eb1,3825747,2276,2,00:19:55.462,64,55,42,Ball Receipt*,154,215,Athletic Club,From Throw In,215,Athletic Club,6666.0,Sabin Merino Zuloaga,Left Wing,95.4,3.6,,,,False,,,,,,,False,,,,,,,False,False,left_to_right,False,95.4,3.6,,,False,False,False,False
19164ae7-9d43-405e-9d76-01a40f2c8862,3825747,2277,2,00:19:55.462,64,55,6,Block,154,215,Athletic Club,From Throw In,322,Eibar,6742.0,Sergio Gontán Gallardo,Right Midfield,30.8,73.4,,,0.0,False,,,,,,,False,,,,,,,False,False,left_to_right,False,30.8,73.4,,,False,False,False,False
5768aeeb-e40a-4f0f-9ed2-7f1bada1ea0d,3825747,2278,2,00:19:56.527,64,56,30,Pass,154,215,Athletic Club,From Throw In,322,Eibar,6699.0,Ander Capa Rodríguez,Right Back,26.2,68.0,43.3,75.0,2.382087,False,,,,,,Incomplete,False,18.477283,0.3885464,Ground Pass,Recovery,6742.0,Sergio Gontán Gallardo,False,False,left_to_right,False,26.2,68.0,43.3,75.0,False,False,False,True
d81532a2-8364-499b-99cc-d19e11379f0f,3825747,2279,2,00:19:58.909,64,58,42,Ball Receipt*,154,215,Athletic Club,From Throw In,322,Eibar,6742.0,Sergio Gontán Gallardo,Right Midfield,38.3,70.5,,,,False,,,,,,,False,,,,,,,False,False,left_to_right,False,38.3,70.5,,,False,False,False,False
7d165c5d-58fd-4bae-8a83-71e253cc7507,3825747,2280,2,00:19:58.909,64,58,2,Ball Recovery,154,215,Athletic Club,From Throw In,215,Athletic Club,6389.0,Mikel San José Domínguez,Right Defensive Midfield,76.8,5.1,,,0.0,False,,,,,,,False,,,,,,,False,False,left_to_right,False,76.8,5.1,,,False,False,False,False
30a80997-dd21-4d23-9609-10c7c38414ac,3825747,2281,2,00:19:58.909,64,58,43,Carry,154,215,Athletic Club,From Throw In,215,Athletic Club,6389.0,Mikel San José Domínguez,Right Defensive Midfield,76.8,5.1,83.3,3.0,0.971445,True,,,,,,,False,,,,,,,False,False,left_to_right,False,76.8,5.1,83.3,3.0,False,False,False,False
dbe06125-ebe4-4c20-a29b-c69b9687a40c,3825747,2282,2,00:19:59.242,64,59,17,Pressure,154,215,Athletic Club,From Throw In,322,Eibar,6700.0,Sergio Enrich Ametller,Left Center Forward,36.4,75.9,,,0.722288,False,,,,,,,False,,,,,,,False,False,left_to_right,False,36.4,75.9,,,False,False,False,False
68430402-a20e-4c94-8bf2-e99dabf35a29,3825747,2283,2,00:19:59.880,64,59,30,Pass,154,215,Athletic Club,From Throw In,215,Athletic Club,6389.0,Mikel San José Domínguez,Right Defensive Midfield,83.3,3.0,104.1,12.8,1.598993,True,,,,,,,True,22.993042,0.44030553,High Pass,,6666.0,Sabin Merino Zuloaga,False,False,left_to_right,False,83.3,3.0,104.1,12.8,False,True,False,False
2629bd56-832b-4ac5-9099-e2eeb12e0c72,3825747,2284,2,00:20:01.479,65,1,42,Ball Receipt*,154,215,Athletic Club,From Throw In,215,Athletic Club,6666.0,Sabin Merino Zuloaga,Left Wing,104.1,12.8,,,,False,,,,,,,False,,,,,,,False,False,left_to_right,False,104.1,12.8,,,False,False,False,False
8cb52200-8429-4d21-a14c-2ee6e829286c,3825747,2285,2,00:20:01.479,65,1,43,Carry,154,215,Athletic Club,From Throw In,215,Athletic Club,6666.0,Sabin Merino Zuloaga,Left Wing,104.1,12.8,112.1,10.3,0.093215,True,,,,,,,False,,,,,,,False,False,left_to_right,False,104.1,12.8,112.1,10.3,False,False,False,False
d3df95ae-d98c-4b90-b6fc-9411242e25c1,3825747,2286,2,00:20:01.518,65,1,17,Pressure,154,215,Athletic Club,From Throw In,322,Eibar,6837.0,Mauro Javier Dos Santos,Right Center Back,13.5,69.0,,,0.521072,False,,,,,,,False,,,,,,,False,False,left_to_right,False,13.5,69.0,,,False,False,False,False
c9995b69-9d61-4820-a7e4-f70cafe55891,3825747,2287,2,00:20:01.573,65,1,38,Miscontrol,154,215,Athletic Club,From Throw In,215,Athletic Club,6666.0,Sabin Merino Zuloaga,Left Wing,112.1,10.3,,,0.0,True,,,,,,,False,,,,,,,False,False,left_to_right,False,112.1,10.3,,,False,False,False,True
a3ab8c2d-e39c-48d5-8e18-10d014b86b3c,3825747,2288,2,00:20:02.088,65,2,17,Pressure,154,215,Athletic Club,From Throw In,215,Athletic Club,6666.0,Sabin Merino Zuloaga,Left Wing,113.9,9.8,,,2.326992,False,,,,,,,False,,,,,,,False,False,left_to_right,False,113.9,9.8,,,False,False,False,False
7ee75b7e-8339-486d-adfd-e16eaf5cee62,3825747,2289,2,00:20:03.513,65,3,2,Ball Recovery,155,322,Eibar,Regular Play,322,Eibar,6837.0,Mauro Javier Dos Santos,Right Center Back,3.4,71.3,,,0.0,True,,,,,,,False,,,,,,,False,False,left_to_right,False,3.4,71.3,,,False,False,False,False
14bc61d4-59b2-4452-9bd0-fd2bafc38eee,3825747,2290,2,00:20:03.513,65,3,43,Carry,155,322,Eibar,Regular Play,322,Eibar,6837.0,Mauro Javier Dos Santos,Right Center Back,3.4,71.3,6.6,71.5,1.37299,True,,,,,,,False,,,,,,,False,False,left_to_right,False,3.4,71.3,6.6,71.5,False,False,False,False
968bc2fb-2ac1-4a3b-a3cc-547f81b80a03,3825747,2291,2,00:20:04.886,65,4,22,Foul Committed,155,322,Eibar,Regular Play,215,Athletic Club,6666.0,Sabin Merino Zuloaga,Left Wing,113.5,8.6,,,0.0,False,,,,,,,False,,,,,,,False,False,left_to_right,False,113.5,8.6,,,False,False,False,False
5762f912-5cbd-48a7-a5e0-390bfe226b92,3825747,2292,2,00:20:04.886,65,4,21,Foul Won,155,322,Eibar,Regular Play,322,Eibar,6837.0,Mauro Javier Dos Santos,Right Center Back,6.6,71.5,,,0.0,True,,,,,,,False,,,,,,,False,False,left_to_right,False,6.6,71.5,,,False,False,False,False
77a6351b-617b-45a2-8ebb-fe20d36df55a,3825747,2293,2,00:20:14.292,65,14,30,Pass,156,322,Eibar,From Free Kick,322,Eibar,10763.0,Asier Riesgo Unamuno,Goalkeeper,16.2,69.6,33.1,72.5,1.660422,False,,,,,,,True,17.14701,0.1699425,Ground Pass,Free Kick,6699.0,Ander Capa Rodríguez,False,False,left_to_right,False,16.2,69.6,33.1,72.5,False,False,False,False
52489717-e70f-41e4-9b58-2340b7603cdd,3825747,2294,2,00:20:15.952,65,15,42,Ball Receipt*,156,322,Eibar,From Free Kick,322,Eibar,6699.0,Ander Capa Rodríguez,Right Back,33.1,72.5,,,,False,,,,,,,False,,,,,,,False,False,left_to_right,False,33.1,72.5,,,False,False,False,False
abc84e3b-0e33-4338-b3a8-1f3d29c2fc9d,3825747,2295,2,00:20:15.952,65,15,43,Carry,156,322,Eibar,From Free Kick,322,Eibar,6699.0,Ander Capa Rodríguez,Right Back,33.1,72.5,79.6,72.6,6.917056,False,,,,,,,False,,,,,,,False,False,left_to_right,False,33.1,72.5,79.6,72.6,True,False,False,False
8e29edf6-49c5-41a3-a7b7-04d4be3303db,3825747,2296,2,00:20:22.869,65,22,30,Pass,156,322,Eibar,From Free Kick,322,Eibar,6699.0,Ander Capa Rodríguez,Right Back,79.6,72.6,112.5,50.2,2.173883,False,,,,,,Incomplete,False,39.801632,-0.5977584,Ground Pass,,6566.0,Borja González Tomás,False,False,left_to_right,False,79.6,72.6,112.5,50.2,False,True,True,True
3cad005b-56cb-4210-b963-67c729199d2c,3825747,2297,2,00:20:25.043,65,25,42,Ball Receipt*,156,322,Eibar,From Free Kick,322,Eibar,6566.0,Borja González Tomás,Right Center Forward,106.0,52.1,,,,False,,,,,,,False,,,,,,,False,False,left_to_right,False,106.0,52.1,,,False,False,False,False
47449cbd-a080-473f-bfb1-e7a2a15b0260,3825747,2298,2,00:20:25.043,65,25,23,Goal Keeper,157,215,Athletic Club,From Keeper,215,Athletic Club,6662.0,Iago Herrerín Buisán,Goalkeeper,7.6,29.9,,,0.0,False,,,,,,,False,,,,,,,False,False,left_to_right,False,7.6,29.9,,,False,False,False,False
6e2d25fe-02b6-4c7b-b780-b7ee30587269,3825747,2299,2,00:20:27.383,65,27,30,Pass,157,215,Athletic Club,From Keeper,215,Athletic Club,6662.0,Iago Herrerín Buisán,Goalkeeper,10.5,37.2,37.2,33.0,1.129441,False,,,,,,,True,27.028318,-0.15602484,Ground Pass,,6396.0,Beñat Etxebarria Urkiaga,False,False,left_to_right,False,10.5,37.2,37.2,33.0,False,False,False,False
38a734cf-fb08-43c0-984e-16f54db530ea,3825747,2300,2,00:20:28.512,65,28,42,Ball Receipt*,157,215,Athletic Club,From Keeper,215,Athletic Club,6396.0,Beñat Etxebarria Urkiaga,Left Defensive Midfield,37.2,33.0,,,,False,,,,,,,False,,,,,,,False,False,left_to_right,False,37.2,33.0,,,False,False,False,False
3992de95-90cb-47be-8c74-b46ed08e951e,3825747,2301,2,00:20:31.825,65,31,30,Pass,157,215,Athletic Club,From Keeper,215,Athletic Club,6396.0,Beñat Etxebarria Urkiaga,Left Defensive Midfield,36.0,37.4,39.9,65.7,2.592564,False,,,,,,,True,28.567465,1.4338497,Ground Pass,,6649.0,Óscar de Marcos Arana,False,False,left_to_right,False,36.0,37.4,39.9,65.7,False,False,False,False
b7cf9fc2-14f3-4b6e-a019-6351b45e3b62,3825747,2302,2,00:20:34.418,65,34,42,Ball Receipt*,157,215,Athletic Club,From Keeper,215,Athletic Club,6649.0,Óscar de Marcos Arana,Right Back,39.9,65.7,,,,False,,,,,,,False,,,,,,,False,False,left_to_right,False,39.9,65.7,,,False,False,False,False
6485ebbf-8340-44b6-af01-e0040f97ffaa,3825747,2303,2,00:20:34.418,65,34,43,Carry,157,215,Athletic Club,From Keeper,215,Athletic Club,6649.0,Óscar de Marcos Arana,Right Back,39.9,65.7,40.5,63.0,1.483516,False,,,,,,,False,,,,,,,False,False,left_to_right,False,39.9,65.7,40.5,63.0,False,False,False,False
fa38512d-ac1a-443f-b415-689c4d7c4236,3825747,2304,2,00:20:35.901,65,35,30,Pass,157,215,Athletic Club,From Keeper,215,Athletic Club,6649.0,Óscar de Marcos Arana,Right Back,40.5,63.0,28.5,59.7,1.121251,False,,,,,,,True,12.445481,-2.8732264,Ground Pass,,6386.0,Eneko Bóveda Altube,False,False,left_to_right,False,40.5,63.0,28.5,59.7,False,False,False,False
350e43c2-3286-48b1-a7da-cd49a9f9357c,3825747,2305,2,00:20:37.023,65,37,42,Ball Receipt*,157,215,Athletic Club,From Keeper,215,Athletic Club,6386.0,Eneko Bóveda Altube,Right Center Back,28.5,59.7,,,,False,,,,,,,False,,,,,,,False,False,left_to_right,False,28.5,59.7,,,False,False,False,False
55faea67-e28b-420c-833e-467ecf376008,3825747,2306,2,00:20:37.023,65,37,43,Carry,157,215,Athletic Club,From Keeper,215,Athletic Club,6386.0,Eneko Bóveda Altube,Right Center Back,28.5,59.7,30.7,58.8,2.428443,True,,,,,,,False,,,,,,,False,False,left_to_right,False,28.5,59.7,30.7,58.8,False,False,False,False
2e718aa6-c70b-49c6-b38c-bb5e0e4a96fe,3825747,2307,2,00:20:38.673,65,38,17,Pressure,157,215,Athletic Club,From Keeper,322,Eibar,6700.0,Sergio Enrich Ametller,Left Center Forward,89.2,21.5,,,0.796395,False,,,,,,,False,,,,,,,False,False,left_to_right,False,89.2,21.5,,,False,False,False,False
2180ca5b-cf57-4693-9eac-18ee52190696,3825747,2308,2,00:20:39.451,65,39,30,Pass,157,215,Athletic Club,From Keeper,215,Athletic Club,6386.0,Eneko Bóveda Altube,Right Center Back,30.7,58.8,9.3,45.9,1.911372,True,,,,,,,True,24.987396,-2.5991142,Ground Pass,,6662.0,Iago Herrerín Buisán,False,False,left_to_right,False,30.7,58.8,9.3,45.9,False,False,False,False
84b95f72-1eb6-4cd7-9017-258af5f905a0,3825747,2309,2,00:20:41.096,65,41,17,Pressure,157,215,Athletic Club,From Keeper,322,Eibar,6566.0,Borja González Tomás,Right Center Forward,101.3,36.5,,,0.348376,False,,,,,,,False,,,,,,,False,False,left_to_right,False,101.3,36.5,,,False,False,False,False
d28cd3bd-63de-4c03-80f5-04bfc8f5cb61,3825747,2310,2,00:20:41.363,65,41,42,Ball Receipt*,157,215,Athletic Club,From Keeper,215,Athletic Club,6662.0,Iago Herrerín Buisán,Goalkeeper,9.3,45.9,,,,True,,,,,,,False,,,,,,,False,False,left_to_right,False,9.3,45.9,,,False,False,False,False
3a333d85-85a2-4d9a-b111-7e1d80714d51,3825747,2311,2,00:20:41.363,65,41,43,Carry,157,215,Athletic Club,From Keeper,215,Athletic Club,6662.0,Iago Herrerín Buisán,Goalkeeper,9.3,45.9,12.8,51.3,0.146747,True,,,,,,,False,,,,,,,False,False,left_to_right,False,9.3,45.9,12.8,51.3,False,False,False,False
1ce0135d-a652-435b-92ca-2bc6a940f5d3,3825747,2312,2,00:20:41.509,65,41,30,Pass,157,215,Athletic Club,From Keeper,215,Athletic Club,6662.0,Iago Herrerín Buisán,Goalkeeper,12.8,51.3,38.0,79.3,2.539615,False,,,,,,Out,False,37.670147,0.8379812,High Pass,,,,False,False,left_to_right,False,12.8,51.3,38.0,79.3,False,False,False,True
987f52a7-fda6-4e20-9978-775a021bbce5,3825747,2313,2,00:20:50.867,65,50,30,Pass,158,322,Eibar,From Throw In,322,Eibar,6776.0,David Juncà Reñé,Left Back,78.7,0.1,71.2,9.6,1.123626,False,,,,,,,True,12.103719,2.2390857,Low Pass,Throw-in,6775.0,Daniel García Carrillo,False,False,left_to_right,False,78.7,0.1,71.2,9.6,False,False,False,False
e9baa55b-812c-4047-9821-ab2c13ce5221,3825747,2314,2,00:20:51.991,65,51,42,Ball Receipt*,158,322,Eibar,From Throw In,322,Eibar,6775.0,Daniel García Carrillo,Right Defensive Midfield,71.2,9.6,,,,False,,,,,,,False,,,,,,,False,False,left_to_right,False,71.2,9.6,,,False,False,False,False
b762e392-5e18-4f3e-8af8-0bc645bca96a,3825747,2315,2,00:20:53.204,65,53,30,Pass,158,322,Eibar,From Throw In,322,Eibar,6775.0,Daniel García Carrillo,Right Defensive Midfield,69.3,12.7,53.9,21.2,1.144958,False,,,,,,,True,17.590054,2.637255,Ground Pass,,27239.0,Aleksandar Pantić,False,False,left_to_right,False,69.3,12.7,53.9,21.2,False,False,False,False
dab661eb-b481-4a80-a7fb-c3f0beb464e0,3825747,2316,2,00:20:54.349,65,54,42,Ball Receipt*,158,322,Eibar,From Throw In,322,Eibar,27239.0,Aleksandar Pantić,Left Center Back,53.9,21.2,,,,False,,,,,,,False,,,,,,,False,False,left_to_right,False,53.9,21.2,,,False,False,False,False
0148668a-11a0-48c6-babe-9148c4961e52,3825747,2317,2,00:20:54.349,65,54,43,Carry,158,322,Eibar,From Throw In,322,Eibar,27239.0,Aleksandar Pantić,Left Center Back,53.9,21.2,50.8,21.7,1.123682,False,,,,,,,False,,,,,,,False,False,left_to_right,False,53.9,21.2,50.8,21.7,False,False,False,False
c1b220fb-71fb-4ca1-836a-fc4296f2ac80,3825747,2318,2,00:20:55.472,65,55,30,Pass,158,322,Eibar,From Throw In,322,Eibar,27239.0,Aleksandar Pantić,Left Center Back,50.8,21.7,71.8,23.7,1.214585,False,,,,,,,True,21.095022,0.094951704,Ground Pass,,9462.0,José Ignacio Peleteiro Ramallo,False,False,left_to_right,False,50.8,21.7,71.8,23.7,False,True,False,False
2cd17acb-b49c-40b0-93fe-ee765c7ce9f5,3825747,2319,2,00:20:56.687,65,56,42,Ball Receipt*,158,322,Eibar,From Throw In,322,Eibar,9462.0,José Ignacio Peleteiro Ramallo,Left Midfield,71.8,23.7,,,,False,,,,,,,False,,,,,,,False,False,left_to_right,False,71.8,23.7,,,False,False,False,False
ffdf9909-ea7e-4fe8-93d4-ef750ed08362,3825747,2320,2,00:20:56.687,65,56,43,Carry,158,322,Eibar,From Throw In,322,Eibar,9462.0,José Ignacio Peleteiro Ramallo,Left Midfield,71.8,23.7,66.8,16.9,1.283144,False,,,,,,,False,,,,,,,False,False,left_to_right,False,71.8,23.7,66.8,16.9,False,False,False,False
a559bfa1-d36f-4bc2-a2fb-8f948c70182d,3825747,2321,2,00:20:57.970,65,57,30,Pass,158,322,Eibar,From Throw In,322,Eibar,9462.0,José Ignacio Peleteiro Ramallo,Left Midfield,66.8,16.9,66.0,3.1,0.739368,False,,,,,,,True,13.823169,-1.6287025,Ground Pass,,6775.0,Daniel García Carrillo,False,False,left_to_right,False,66.8,16.9,66.0,3.1,False,False,False,False
fca9ba57-e460-49bf-b22b-d401e76c694f,3825747,2322,2,00:20:58.709,65,58,42,Ball Receipt*,158,322,Eibar,From Throw In,322,Eibar,6775.0,Daniel García Carrillo,Right Defensive Midfield,66.0,3.1,,,,False,,,,,,,False,,,,,,,False,False,left_to_right,False,66.0,3.1,,,False,False,False,False
99cd33db-3569-484f-8547-fa47b8c2e32e,3825747,2323,2,00:20:58.709,65,58,43,Carry,158,322,Eibar,From Throw In,322,Eibar,6775.0,Daniel García Carrillo,Right Defensive Midfield,66.0,3.1,75.0,5.0,1.799457,False,,,,,,,False,,,,,,,False,False,left_to_right,False,66.0,3.1,75.0,5.0,False,False,False,False
610dff32-737e-42e5-85b5-055907e5be8e,3825747,2324,2,00:21:00.509,66,0,30,Pass,158,322,Eibar,From Throw In,322,Eibar,6775.0,Daniel García Carrillo,Right Defensive Midfield,75.0,5.0,80.4,17.9,0.454303,False,,,,,,,True,13.984634,1.174355,Low Pass,,6700.0,Sergio Enrich Ametller,False,False,left_to_right,False,75.0,5.0,80.4,17.9,False,False,True,False
62e03388-c95f-4839-af65-0dc497221fff,3825747,2325,2,00:21:00.963,66,0,42,Ball Receipt*,158,322,Eibar,From Throw In,322,Eibar,6700.0,Sergio Enrich Ametller,Left Center Forward,80.4,17.9,,,,False,,,,,,,False,,,,,,,False,False,left_to_right,False,80.4,17.9,,,False,False,False,False
099a546a-f96d-47f2-94cd-839451a1b327,3825747,2326,2,00:21:00.963,66,0,30,Pass,158,322,Eibar,From Throw In,322,Eibar,6700.0,Sergio Enrich Ametller,Left Center Forward,80.4,17.9,92.3,0.2,1.118318,False,,,,,,Out,False,21.328384,-0.97889256,Low Pass,,6776.0,David Juncà Reñé,False,False,left_to_right,False,80.4,17.9,92.3,0.2,False,False,False,True
c66efcb2-568c-4757-bc3f-56bcac8c3f28,3825747,2327,2,00:21:01.027,66,1,17,Pressure,158,322,Eibar,From Throw In,215,Athletic Club,6386.0,Eneko Bóveda Altube,Right Center Back,35.5,62.2,,,0.08,False,,,,,,,False,,,,,,,False,False,left_to_right,False,35.5,62.2,,,False,False,False,False
f39ba4b0-1094-4882-bbd2-c76364a20f45,3825747,2328,2,00:21:02.081,66,2,42,Ball Receipt*,158,322,Eibar,From Throw In,322,Eibar,6776.0,David Juncà Reñé,Left Back,93.5,7.3,,,,False,,,,,,,False,,,,,,,False,False,left_to_right,False,93.5,7.3,,,False,False,False,False
d9bd9075-0a43-4e48-84fe-91c2a40efb01,3825747,2329,2,00:21:13.231,66,13,30,Pass,159,215,Athletic Club,From Throw In,215,Athletic Club,6649.0,Óscar de Marcos Arana,Right Back,34.3,80.0,39.5,66.1,1.006867,False,,,,,,,True,14.840822,-1.2128143,Low Pass,Throw-in,6842.0,Iker Muniain Goñi,False,False,left_to_right,False,34.3,80.0,39.5,66.1,False,False,False,False
1c46461d-88e2-4fa3-9684-843b1a9cbab0,3825747,2330,2,00:21:14.237,66,14,42,Ball Receipt*,159,215,Athletic Club,From Throw In,215,Athletic Club,6842.0,Iker Muniain Goñi,Center Attacking Midfield,39.5,66.1,,,,False,,,,,,,False,,,,,,,False,False,left_to_right,False,39.5,66.1,,,False,False,False,False
af09178d-5917-4078-8c30-a86e7bf79d40,3825747,2331,2,00:21:14.237,66,14,30,Pass,159,215,Athletic Club,From Throw In,215,Athletic Club,6842.0,Iker Muniain Goñi,Center Attacking Midfield,39.5,66.1,30.5,79.3,0.821992,False,,,,,,Out,False,15.976233,2.1692152,Low Pass,,6649.0,Óscar de Marcos Arana,False,False,left_to_right,False,39.5,66.1,30.5,79.3,False,False,False,True
083b769a-e938-4a19-9215-bdb05b193141,3825747,2332,2,00:21:15.059,66,15,42,Ball Receipt*,159,215,Athletic Club,From Throw In,215,Athletic Club,6649.0,Óscar de Marcos Arana,Right Back,29.7,73.5,,,,False,,,,,,,False,,,,,,,False,False,left_to_right,False,29.7,73.5,,,False,False,False,False
4f35ee72-1898-4eb0-960f-9b8a9dbe5ad3,3825747,2333,2,00:21:25.527,66,25,30,Pass,160,322,Eibar,From Throw In,322,Eibar,6776.0,David Juncà Reñé,Left Back,86.2,0.1,93.7,15.6,1.115759,False,,,,,,Incomplete,False,17.219175,1.120135,Low Pass,Throw-in,6700.0,Sergio Enrich Ametller,False,False,left_to_right,False,86.2,0.1,93.7,15.6,False,True,False,True
9dc51894-7e80-456d-a55b-db974b1ff1a3,3825747,2334,2,00:21:26.642,66,26,42,Ball Receipt*,160,322,Eibar,From Throw In,322,Eibar,6700.0,Sergio Enrich Ametller,Left Center Forward,96.2,19.2,,,,False,,,,,,,False,,,,,,,False,False,left_to_right,False,96.2,19.2,,,False,False,False,False
f843da7d-39ff-4751-b804-5e6a5c59d819,3825747,2335,2,00:21:26.642,66,26,10,Interception,160,322,Eibar,From Throw In,215,Athletic Club,6389.0,Mikel San José Domínguez,Right Defensive Midfield,26.4,64.5,,,0.0,False,,,,,,,False,,,,,,,False,False,left_to_right,False,26.4,64.5,,,False,False,False,False
f08dffd5-dbcd-44cb-9847-edacd6d4834c,3825747,2336,2,00:21:26.642,66,26,43,Carry,160,322,Eibar,From Throw In,215,Athletic Club,6389.0,Mikel San José Domínguez,Right Defensive Midfield,26.4,64.5,22.8,72.6,3.48052,False,,,,,,,False,,,,,,,False,False,left_to_right,False,26.4,64.5,22.8,72.6,False,False,False,False
fa1f87b7-b154-4f07-bf51-4193a3a15a41,3825747,2337,2,00:21:30.123,66,30,30,Pass,160,322,Eibar,From Throw In,215,Athletic Club,6389.0,Mikel San José Domínguez,Right Defensive Midfield,22.8,72.6,64.3,71.1,2.11275,False,,,,,,Unknown,False,41.5271,-0.03612885,High Pass,,6394.0,Aritz Aduriz Zubeldia,False,False,left_to_right,False,22.8,72.6,64.3,71.1,False,True,False,True
92d8780a-8483-474c-aa87-9750347e08ce,3825747,2338,2,00:21:32.236,66,32,42,Ball Receipt*,160,322,Eibar,From Throw In,215,Athletic Club,6394.0,Aritz Aduriz Zubeldia,Center Forward,64.3,71.1,,,,False,,,,,,,False,,,,,,,False,False,left_to_right,False,64.3,71.1,,,False,False,False,False
da31a45e-29af-49f9-93be-90501bce808a,3825747,2339,2,00:21:32.306,66,32,22,Foul Committed,160,322,Eibar,From Throw In,322,Eibar,27239.0,Aleksandar Pantić,Left Center Back,55.8,9.0,,,0.0,False,,,,,,,False,,,,,,,False,False,left_to_right,False,55.8,9.0,,,False,False,False,False
fd84dc47-b676-4382-b961-84dd8b649847,3825747,2340,2,00:21:32.306,66,32,21,Foul Won,160,322,Eibar,From Throw In,215,Athletic Club,6394.0,Aritz Aduriz Zubeldia,Center Forward,64.3,71.1,,,0.0,True,,,,,,,False,,,,,,,False,False,left_to_right,False,64.3,71.1,,,False,False,False,False
aa7bfa96-2b82-4f37-8f19-29544c279882,3825747,2341,2,00:22:03.232,67,3,30,Pass,161,215,Athletic Club,From Free Kick,215,Athletic Club,6649.0,Óscar de Marcos Arana,Right Back,64.3,71.1,106.8,40.7,3.030098,False,,,,,,Incomplete,False,52.253326,-0.6209169,High Pass,Free Kick,6394.0,Aritz Aduriz Zubeldia,False,False,left_to_right,False,64.3,71.1,106.8,40.7,False,True,True,True
4568fb35-9e28-4857-a94b-36d8e19ba7a7,3825747,2342,2,00:22:06.262,67,6,42,Ball Receipt*,161,215,Athletic Club,From Free Kick,215,Athletic Club,6394.0,Aritz Aduriz Zubeldia,Center Forward,104.8,35.9,,,,False,,,,,,,False,,,,,,,False,False,left_to_right,False,104.8,35.9,,,False,False,False,False
6e5d96cf-2a37-46e5-9bf7-54fd71e6fc94,3825747,2343,2,00:22:06.262,67,6,9,Clearance,161,215,Athletic Club,From Free Kick,322,Eibar,27239.0,Aleksandar Pantić,Left Center Back,13.3,39.4,,,0.0,True,,,,,,,False,,,,,,,False,False,left_to_right,False,13.3,39.4,,,False,False,False,False
6231b4b7-b96f-4f97-8abb-c118793efbb3,3825747,2344,2,00:22:06.929,67,6,2,Ball Recovery,162,322,Eibar,Regular Play,322,Eibar,6712.0,Gonzalo Escalante,Left Defensive Midfield,19.5,48.4,,,0.0,False,,,,,,,False,,,,,,,False,False,left_to_right,False,19.5,48.4,,,False,False,False,False
67c682e0-c486-47d0-b048-a8decb7b5932,3825747,2345,2,00:22:06.929,67,6,43,Carry,162,322,Eibar,Regular Play,322,Eibar,6712.0,Gonzalo Escalante,Left Defensive Midfield,19.5,48.4,45.4,62.1,4.078442,False,,,,,,,False,,,,,,,False,False,left_to_right,False,19.5,48.4,45.4,62.1,False,False,False,False
e1fc247c-a77b-4570-92de-66afa312930a,3825747,2346,2,00:22:11.007,67,11,30,Pass,162,322,Eibar,Regular Play,322,Eibar,6712.0,Gonzalo Escalante,Left Defensive Midfield,45.4,62.1,89.2,70.0,4.330795,False,,,,,,Incomplete,False,44.50674,0.17844675,High Pass,,6742.0,Sergio Gontán Gallardo,False,False,left_to_right,False,45.4,62.1,89.2,70.0,False,True,True,True
ad4539df-1641-4f0d-aa45-366ae85e9a14,3825747,2347,2,00:22:14.997,67,14,17,Pressure,162,322,Eibar,Regular Play,322,Eibar,6742.0,Sergio Gontán Gallardo,Right Midfield,90.4,72.6,,,0.182135,False,,,,,,,False,,,,,,,False,False,left_to_right,False,90.4,72.6,,,False,False,False,False
d4d4949a-10f5-4c2d-b05e-91f27af1afe2,3825747,2348,2,00:22:15.338,67,15,42,Ball Receipt*,162,322,Eibar,Regular Play,322,Eibar,6742.0,Sergio Gontán Gallardo,Right Midfield,82.5,71.1,,,,False,,,,,,,False,,,,,,,False,False,left_to_right,False,82.5,71.1,,,False,False,False,False
516475e1-5d87-428f-a20b-e840c1772c14,3825747,2349,2,00:22:15.338,67,15,10,Interception,162,322,Eibar,Regular Play,215,Athletic Club,4353.0,Aymeric Laporte,Left Center Back,30.9,10.1,,,0.0,False,,,,,,,False,,,,,,,False,False,left_to_right,False,30.9,10.1,,,False,False,False,False
2b319492-6794-4f5e-811b-63a8de510b97,3825747,2350,2,00:22:21.372,67,21,30,Pass,163,322,Eibar,From Throw In,322,Eibar,6742.0,Sergio Gontán Gallardo,Right Midfield,84.6,80.0,86.7,71.7,0.579255,False,,,,,,,True,8.561542,-1.3229848,Low Pass,Throw-in,6712.0,Gonzalo Escalante,False,False,left_to_right,False,84.6,80.0,86.7,71.7,False,False,False,False
8957e59e-b790-4c02-bfdb-befb4545f862,3825747,2351,2,00:22:21.952,67,21,42,Ball Receipt*,163,322,Eibar,From Throw In,322,Eibar,6712.0,Gonzalo Escalante,Left Defensive Midfield,86.7,71.7,,,,False,,,,,,,False,,,,,,,False,False,left_to_right,False,86.7,71.7,,,False,False,False,False
b161900b-29ba-40a5-af51-81f0868b6b23,3825747,2352,2,00:22:22.009,67,22,30,Pass,163,322,Eibar,From Throw In,322,Eibar,6712.0,Gonzalo Escalante,Left Defensive Midfield,86.7,71.7,85.2,77.1,0.952369,False,,,,,,,True,5.6044626,1.8417432,Low Pass,,6742.0,Sergio Gontán Gallardo,False,False,left_to_right,False,86.7,71.7,85.2,77.1,False,False,False,False
63f6fbbe-12ea-409e-af1a-23351a255d7f,3825747,2353,2,00:22:22.961,67,22,42,Ball Receipt*,163,322,Eibar,From Throw In,322,Eibar,6742.0,Sergio Gontán Gallardo,Right Midfield,85.2,77.1,,,,False,,,,,,,False,,,,,,,False,False,left_to_right,False,85.2,77.1,,,False,False,False,False
9e2251c1-42e1-4c5f-8e39-1a468717a4f4,3825747,2354,2,00:22:22.961,67,22,43,Carry,163,322,Eibar,From Throw In,322,Eibar,6742.0,Sergio Gontán Gallardo,Right Midfield,85.2,77.1,81.8,74.8,2.023547,False,,,,,,,False,,,,,,,False,False,left_to_right,False,85.2,77.1,81.8,74.8,False,False,False,False
92a13bba-2203-42d0-ac83-3d66fdc74383,3825747,2355,2,00:22:24.985,67,24,30,Pass,163,322,Eibar,From Throw In,322,Eibar,6742.0,Sergio Gontán Gallardo,Right Midfield,81.8,74.8,73.9,74.6,1.022761,False,,,,,,,True,7.902531,-3.1162815,Ground Pass,,6699.0,Ander Capa Rodríguez,False,False,left_to_right,False,81.8,74.8,73.9,74.6,False,False,False,False
7cbf12a9-e491-4569-b0e8-14116251f5a9,3825747,2356,2,00:22:26.007,67,26,42,Ball Receipt*,163,322,Eibar,From Throw In,322,Eibar,6699.0,Ander Capa Rodríguez,Right Back,73.9,74.6,,,,False,,,,,,,False,,,,,,,False,False,left_to_right,False,73.9,74.6,,,False,False,False,False
88b943bd-118e-4dce-8d38-194fd55404ed,3825747,2357,2,00:22:26.007,67,26,43,Carry,163,322,Eibar,From Throw In,322,Eibar,6699.0,Ander Capa Rodríguez,Right Back,73.9,74.6,73.9,74.6,0.77109003,False,,,,,,,False,,,,,,,False,False,left_to_right,False,73.9,74.6,73.9,74.6,False,False,False,False
cf32e130-c40f-4275-a276-3cf07c0eac06,3825747,2358,2,00:22:26.778,67,26,30,Pass,163,322,Eibar,From Throw In,322,Eibar,6699.0,Ander Capa Rodríguez,Right Back,73.9,74.6,98.9,43.1,1.544791,False,,,,,,Incomplete,False,40.215046,-0.8999389,High Pass,,,,False,False,left_to_right,False,73.9,74.6,98.9,43.1,False,True,True,True
38e74234-28b0-4234-911a-7c05ed9c3389,3825747,2359,2,00:22:28.323,67,28,9,Clearance,163,322,Eibar,From Throw In,215,Athletic Club,6386.0,Eneko Bóveda Altube,Right Center Back,21.2,37.0,,,0.0,True,,,,,,,False,,,,,,,False,False,left_to_right,False,21.2,37.0,,,False,False,False,False
c34ec8ab-19f1-4e19-a458-6c4bce0d9e94,3825747,2360,2,00:22:31.263,67,31,30,Pass,163,322,Eibar,From Throw In,322,Eibar,27239.0,Aleksandar Pantić,Left Center Back,64.8,40.6,74.3,36.9,0.842718,False,,,,,,,True,10.195097,-0.37139916,Ground Pass,Recovery,6775.0,Daniel García Carrillo,False,False,left_to_right,False,64.8,40.6,74.3,36.9,False,False,False,False
129baa60-dd4f-4b2b-91fb-41b96e86a283,3825747,2361,2,00:22:32.105,67,32,42,Ball Receipt*,163,322,Eibar,From Throw In,322,Eibar,6775.0,Daniel García Carrillo,Right Defensive Midfield,74.3,36.9,,,,False,,,,,,,False,,,,,,,False,False,left_to_right,False,74.3,36.9,,,False,False,False,False
bfe11f7c-8095-42a2-a2e9-b8080ce07b3e,3825747,2362,2,00:22:32.105,67,32,43,Carry,163,322,Eibar,From Throw In,322,Eibar,6775.0,Daniel García Carrillo,Right Defensive Midfield,74.3,36.9,74.3,36.9,1.505459,False,,,,,,,False,,,,,,,False,False,left_to_right,False,74.3,36.9,74.3,36.9,False,False,False,False
2c0c3929-a6d8-443b-a091-a9f578f2cc79,3825747,2363,2,00:22:33.611,67,33,30,Pass,163,322,Eibar,From Throw In,322,Eibar,6775.0,Daniel García Carrillo,Right Defensive Midfield,74.3,36.9,79.1,46.9,0.865958,False,,,,,,,True,11.0923395,1.1232764,Ground Pass,,9462.0,José Ignacio Peleteiro Ramallo,False,False,left_to_right,False,74.3,36.9,79.1,46.9,False,False,False,False
c9687a38-9cd4-48ce-91b2-b9d621c72a4f,3825747,2364,2,00:22:34.477,67,34,42,Ball Receipt*,163,322,Eibar,From Throw In,322,Eibar,9462.0,José Ignacio Peleteiro Ramallo,Left Midfield,79.1,46.9,,,,False,,,,,,,False,,,,,,,False,False,left_to_right,False,79.1,46.9,,,False,False,False,False
6c3dd409-98ca-4b72-b541-6fbd397711d8,3825747,2365,2,00:22:34.477,67,34,43,Carry,163,322,Eibar,From Throw In,322,Eibar,9462.0,José Ignacio Peleteiro Ramallo,Left Midfield,79.1,46.9,80.0,37.7,2.160517,False,,,,,,,False,,,,,,,False,False,left_to_right,False,79.1,46.9,80.0,37.7,False,False,False,False
faad7154-3a02-4f4a-aad2-9cbc33f806b8,3825747,2366,2,00:22:36.637,67,36,30,Pass,163,322,Eibar,From Throw In,322,Eibar,9462.0,José Ignacio Peleteiro Ramallo,Left Midfield,80.0,37.7,85.6,8.9,2.267629,False,,,,,,,True,29.339394,-1.3787483,Ground Pass,,6776.0,David Juncà Reñé,False,False,left_to_right,False,80.0,37.7,85.6,8.9,False,False,False,False
64ce036f-2c1c-4445-806e-5bbc16f5f108,3825747,2367,2,00:22:38.905,67,38,42,Ball Receipt*,163,322,Eibar,From Throw In,322,Eibar,6776.0,David Juncà Reñé,Left Back,85.6,8.9,,,,False,,,,,,,False,,,,,,,False,False,left_to_right,False,85.6,8.9,,,False,False,False,False
cea2acb6-cdaf-4513-93bd-79ef952053e1,3825747,2368,2,00:22:38.905,67,38,43,Carry,163,322,Eibar,From Throw In,322,Eibar,6776.0,David Juncà Reñé,Left Back,85.6,8.9,103.5,6.4,2.824307,False,,,,,,,False,,,,,,,False,False,left_to_right,False,85.6,8.9,103.5,6.4,False,False,False,False
a8e1770e-6f24-403d-85e3-52edd520f4cc,3825747,2369,2,00:22:41.729,67,41,30,Pass,163,322,Eibar,From Throw In,322,Eibar,6776.0,David Juncà Reñé,Left Back,103.5,6.4,110.0,34.4,1.15337,False,,,,,,Incomplete,False,28.744564,1.3426937,High Pass,,6700.0,Sergio Enrich Ametller,False,False,left_to_right,False,103.5,6.4,110.0,34.4,False,True,False,True
a21697a4-f009-45f1-9300-1d169b147c92,3825747,2370,2,00:22:42.883,67,42,42,Ball Receipt*,163,322,Eibar,From Throw In,322,Eibar,6700.0,Sergio Enrich Ametller,Left Center Forward,109.0,40.6,,,,False,,,,,,,False,,,,,,,False,False,left_to_right,False,109.0,40.6,,,False,False,False,False
2102336f-be84-4b8c-b8c7-96b78f3285cd,3825747,2371,2,00:22:42.883,67,42,9,Clearance,163,322,Eibar,From Throw In,215,Athletic Club,6386.0,Eneko Bóveda Altube,Right Center Back,10.1,45.7,,,0.0,True,,,,,,,False,,,,,,,False,False,left_to_right,False,10.1,45.7,,,False,False,False,False
efa6eece-17d6-4e09-a4e4-e0a299e40c91,3825747,2372,2,00:22:46.520,67,46,4,Duel,163,322,Eibar,From Throw In,215,Athletic Club,6842.0,Iker Muniain Goñi,Center Attacking Midfield,40.1,64.5,,,0.0,True,,,,,,,False,,,,,,,False,False,left_to_right,False,40.1,64.5,,,False,False,False,False
ecd60481-f959-4ecc-8d5e-3590e31dc3b7,3825747,2373,2,00:22:46.520,67,46,30,Pass,163,322,Eibar,From Throw In,322,Eibar,6775.0,Daniel García Carrillo,Right Defensive Midfield,80.0,15.6,86.2,18.5,1.629947,True,,,,,,,True,6.844706,0.43750978,Low Pass,Recovery,9462.0,José Ignacio Peleteiro Ramallo,False,False,left_to_right,False,80.0,15.6,86.2,18.5,False,False,False,False
86eca7d0-5c4e-4bf4-88ba-9ab57838c02d,3825747,2374,2,00:22:48.150,67,48,42,Ball Receipt*,163,322,Eibar,From Throw In,322,Eibar,9462.0,José Ignacio Peleteiro Ramallo,Left Midfield,86.2,18.5,,,,False,,,,,,,False,,,,,,,False,False,left_to_right,False,86.2,18.5,,,False,False,False,False
9fdc1e01-397e-421b-9557-e5088cc7b3d2,3825747,2375,2,00:22:48.150,67,48,43,Carry,163,322,Eibar,From Throw In,322,Eibar,9462.0,José Ignacio Peleteiro Ramallo,Left Midfield,86.2,18.5,84.4,11.9,0.895463,True,,,,,,,False,,,,,,,False,False,left_to_right,False,86.2,18.5,84.4,11.9,False,False,False,False
625ab58e-d519-42a5-9c45-231516ef7150,3825747,2376,2,00:22:48.369,67,48,17,Pressure,163,322,Eibar,From Throw In,215,Athletic Club,6389.0,Mikel San José Domínguez,Right Defensive Midfield,33.7,63.2,,,0.820972,False,,,,,,,False,,,,,,,False,False,left_to_right,False,33.7,63.2,,,False,False,False,False
16e7f021-05fb-4c56-ba2e-04b220f1ff89,3825747,2377,2,00:22:48.959,67,48,17,Pressure,163,322,Eibar,From Throw In,215,Athletic Club,6390.0,Markel Susaeta Laskurain,Right Wing,35.7,68.2,,,0.179678,False,,,,,,,False,,,,,,,False,False,left_to_right,False,35.7,68.2,,,False,False,False,False
4d08361e-cdd8-4570-8e31-691b1cc07dec,3825747,2378,2,00:22:49.046,67,49,39,Dribbled Past,163,322,Eibar,From Throw In,215,Athletic Club,6390.0,Markel Susaeta Laskurain,Right Wing,35.7,68.2,,,0.0,False,,,,,,,False,,,,,,,False,False,left_to_right,False,35.7,68.2,,,False,False,False,False
1e750c88-a368-4b08-9c14-7821dd15ba33,3825747,2379,2,00:22:49.046,67,49,14,Dribble,163,322,Eibar,From Throw In,322,Eibar,9462.0,José Ignacio Peleteiro Ramallo,Left Midfield,84.4,11.9,,,0.0,True,,,,,,,False,,,,,,,False,False,left_to_right,False,84.4,11.9,,,False,False,False,False
ad764a0c-a822-461e-b785-a9a018f7a01d,3825747,2380,2,00:22:49.046,67,49,43,Carry,163,322,Eibar,From Throw In,322,Eibar,9462.0,José Ignacio Peleteiro Ramallo,Left Midfield,84.4,11.9,86.2,5.2,3.099976,True,,,,,,,False,,,,,,,False,False,left_to_right,False,84.4,11.9,86.2,5.2,False,False,False,False
1259f43d-97c8-4eee-8818-c3d95599d1a6,3825747,2381,2,00:22:51.460,67,51,17,Pressure,163,322,Eibar,From Throw In,215,Athletic Club,6389.0,Mikel San José Domínguez,Right Defensive Midfield,34.5,74.9,,,0.685716,False,,,,,,,False,,,,,,,False,False,left_to_right,False,34.5,74.9,,,False,False,False,False
2cd058c3-3ef5-4b66-91d7-dc603bb2009a,3825747,2382,2,00:22:52.146,67,52,3,Dispossessed,163,322,Eibar,From Throw In,322,Eibar,9462.0,José Ignacio Peleteiro Ramallo,Left Midfield,86.2,5.2,,,0.0,True,,,,,,,False,,,,,,,False,False,left_to_right,False,86.2,5.2,,,False,False,False,True
162a15ec-194c-49aa-ab5e-71bdef75b345,3825747,2383,2,00:22:52.146,67,52,4,Duel,164,215,Athletic Club,Regular Play,215,Athletic Club,6389.0,Mikel San José Domínguez,Right Defensive Midfield,33.9,74.9,,,0.0,True,,,,,,,False,,,,,,,False,False,left_to_right,False,33.9,74.9,,,False,False,False,False
8eaed79d-1f1d-49ae-9f07-4d501e047b88,3825747,2384,2,00:22:52.146,67,52,43,Carry,164,215,Athletic Club,Regular Play,215,Athletic Club,6389.0,Mikel San José Domínguez,Right Defensive Midfield,33.9,74.9,31.0,71.8,1.306528,False,,,,,,,False,,,,,,,False,False,left_to_right,False,33.9,74.9,31.0,71.8,False,False,False,False
1a47a2b3-a6ef-448c-8d72-0d530f15a353,3825747,2385,2,00:22:53.452,67,53,30,Pass,164,215,Athletic Club,Regular Play,215,Athletic Club,6389.0,Mikel San José Domínguez,Right Defensive Midfield,31.0,71.8,42.0,72.0,1.735633,False,,,,,,,True,11.001818,0.018179815,Ground Pass,,6842.0,Iker Muniain Goñi,False,False,left_to_right,False,31.0,71.8,42.0,72.0,False,False,False,False
a6c192d7-129d-4489-98d1-4b604ddaa583,3825747,2386,2,00:22:55.188,67,55,42,Ball Receipt*,164,215,Athletic Club,Regular Play,215,Athletic Club,6842.0,Iker Muniain Goñi,Center Attacking Midfield,42.0,72.0,,,,False,,,,,,,False,,,,,,,False,False,left_to_right,False,42.0,72.0,,,False,False,False,False
7aa42dd8-72a6-4bb5-91b0-8c3279297237,3825747,2387,2,00:22:55.188,67,55,43,Carry,164,215,Athletic Club,Regular Play,215,Athletic Club,6842.0,Iker Muniain Goñi,Center Attacking Midfield,42.0,72.0,49.9,70.3,0.57575,False,,,,,,,False,,,,,,,False,False,left_to_right,False,42.0,72.0,49.9,70.3,False,False,False,False
8b664954-2f59-42f9-a05c-c77d64b80c1f,3825747,2388,2,00:22:55.764,67,55,30,Pass,164,215,Athletic Club,Regular Play,215,Athletic Club,6842.0,Iker Muniain Goñi,Center Attacking Midfield,49.9,70.3,105.6,73.4,3.620365,False,,,,,,,True,55.786198,0.05559794,Ground Pass,,6394.0,Aritz Aduriz Zubeldia,False,False,left_to_right,False,49.9,70.3,105.6,73.4,False,True,True,False
13cc379c-8260-429b-be18-7bb8735d4a54,3825747,2389,2,00:22:59.384,67,59,42,Ball Receipt*,164,215,Athletic Club,Regular Play,215,Athletic Club,6394.0,Aritz Aduriz Zubeldia,Center Forward,105.6,73.4,,,,False,,,,,,,False,,,,,,,False,False,left_to_right,False,105.6,73.4,,,False,False,False,False
6cb3d630-6c77-465e-b10e-2bb151683a87,3825747,2390,2,00:22:59.384,67,59,43,Carry,164,215,Athletic Club,Regular Play,215,Athletic Club,6394.0,Aritz Aduriz Zubeldia,Center Forward,105.6,73.4,117.1,65.3,2.019936,True,,,,,,,False,,,,,,,False,False,left_to_right,False,105.6,73.4,117.1,65.3,True,False,False,False
9a51cb7c-d661-4d5f-bb40-b593c5df159c,3825747,2391,2,00:22:59.742,67,59,17,Pressure,164,215,Athletic Club,Regular Play,322,Eibar,6837.0,Mauro Javier Dos Santos,Right Center Back,10.3,7.7,,,1.661381,False,,,,,,,False,,,,,,,False,False,left_to_right,False,10.3,7.7,,,False,False,False,False
1197171e-4722-4df3-ad25-86f5c1d1a695,3825747,2392,2,00:23:01.404,68,1,3,Dispossessed,164,215,Athletic Club,Regular Play,215,Athletic Club,6394.0,Aritz Aduriz Zubeldia,Center Forward,117.1,65.3,,,0.0,True,,,,,,,False,,,,,,,False,False,left_to_right,False,117.1,65.3,,,False,False,False,True
68be3505-b98b-4511-a4e9-387f725c2fb0,3825747,2393,2,00:23:01.404,68,1,4,Duel,164,215,Athletic Club,Regular Play,322,Eibar,6837.0,Mauro Javier Dos Santos,Right Center Back,3.0,14.8,,,0.0,True,,,,,,,False,,,,,,,False,False,left_to_right,False,3.0,14.8,,,False,False,False,False
f23ed2f0-cb1d-4599-a919-f6da027b742a,3825747,2394,2,00:23:55.149,68,55,30,Pass,165,215,Athletic Club,From Corner,215,Athletic Club,6396.0,Beñat Etxebarria Urkiaga,Left Defensive Midfield,120.0,80.0,110.0,44.9,1.378116,False,,,,,,Incomplete,False,36.49671,-1.8483433,High Pass,Corner,,,False,False,left_to_right,False,120.0,80.0,110.0,44.9,False,True,False,True
1823ef6a-da69-40b6-ba4a-c145d6033bd4,3825747,2395,2,00:23:56.528,68,56,9,Clearance,165,215,Athletic Club,From Corner,322,Eibar,6566.0,Borja González Tomás,Right Center Forward,10.1,35.2,,,0.0,True,,,,,,,False,,,,,,,False,False,left_to_right,False,10.1,35.2,,,False,False,False,False
be657b2e-945a-4d9a-8d70-34fa303141aa,3825747,2396,2,00:23:58.508,68,58,30,Pass,165,215,Athletic Club,From Corner,215,Athletic Club,6842.0,Iker Muniain Goñi,Center Attacking Midfield,94.8,42.4,106.9,45.3,1.140172,False,,,,,,Incomplete,False,12.442669,0.23523238,High Pass,Recovery,,,False,False,left_to_right,False,94.8,42.4,106.9,45.3,False,True,False,True
d8641934-5aa9-489d-b05e-2ec9e6afc4cb,3825747,2397,2,00:23:59.648,68,59,30,Pass,165,215,Athletic Club,From Corner,322,Eibar,6776.0,David Juncà Reñé,Left Back,13.2,34.8,26.4,32.7,1.215209,False,,,,,,Incomplete,False,13.366002,-0.15776874,High Pass,Recovery,6712.0,Gonzalo Escalante,False,False,left_to_right,False,13.2,34.8,26.4,32.7,False,False,False,True
fad5ca2a-3c49-4f9a-be9d-eab507179fa1,3825747,2398,2,00:24:00.863,69,0,42,Ball Receipt*,165,215,Athletic Club,From Corner,322,Eibar,6712.0,Gonzalo Escalante,Left Defensive Midfield,29.7,31.7,,,,False,,,,,,,False,,,,,,,False,False,left_to_right,False,29.7,31.7,,,False,False,False,False
c1cc0ad6-2802-4cb9-8913-9d882339a030,3825747,2399,2,00:24:00.863,69,0,10,Interception,165,215,Athletic Club,From Corner,215,Athletic Club,6842.0,Iker Muniain Goñi,Center Attacking Midfield,93.7,47.4,,,0.0,False,,,,,,,False,,,,,,,False,False,left_to_right,False,93.7,47.4,,,False,False,False,False
aae4278e-52dc-4d1c-a472-23dde26017a5,3825747,2400,2,00:24:02.639,69,2,2,Ball Recovery,166,322,Eibar,Regular Play,322,Eibar,6700.0,Sergio Enrich Ametller,Left Center Forward,27.0,46.1,,,0.0,False,,,,,,,False,,,,,,,False,False,left_to_right,False,27.0,46.1,,,False,False,False,False
6ff1488f-cce7-4d89-ae7f-29e8c72aaff6,3825747,2401,2,00:24:02.639,69,2,43,Carry,166,322,Eibar,Regular Play,322,Eibar,6700.0,Sergio Enrich Ametller,Left Center Forward,27.0,46.1,26.6,47.1,0.739724,False,,,,,,,False,,,,,,,False,False,left_to_right,False,27.0,46.1,26.6,47.1,False,False,False,False
8a89abbb-d659-4a5f-a752-f1845a849c2b,3825747,2402,2,00:24:03.379,69,3,30,Pass,166,322,Eibar,Regular Play,322,Eibar,6700.0,Sergio Enrich Ametller,Left Center Forward,26.6,47.1,33.9,63.6,1.403347,False,,,,,,,True,18.042727,1.1542603,Ground Pass,,6699.0,Ander Capa Rodríguez,False,False,left_to_right,False,26.6,47.1,33.9,63.6,False,False,False,False
3f242448-b232-4040-a310-0f6b6099fb7e,3825747,2403,2,00:24:04.782,69,4,42,Ball Receipt*,166,322,Eibar,Regular Play,322,Eibar,6699.0,Ander Capa Rodríguez,Right Back,33.9,63.6,,,,False,,,,,,,False,,,,,,,False,False,left_to_right,False,33.9,63.6,,,False,False,False,False
7d74b8c4-9d45-4ed1-9829-4c442475f4ba,3825747,2404,2,00:24:04.782,69,4,43,Carry,166,322,Eibar,Regular Play,322,Eibar,6699.0,Ander Capa Rodríguez,Right Back,33.9,63.6,37.8,62.1,1.420982,True,,,,,,,False,,,,,,,False,False,left_to_right,False,33.9,63.6,37.8,62.1,False,False,False,False
9bd50d2a-5160-4a8a-aab0-4554182f68f6,3825747,2405,2,00:24:05.663,69,5,17,Pressure,166,322,Eibar,Regular Play,215,Athletic Club,6390.0,Markel Susaeta Laskurain,Right Wing,82.3,18.0,,,0.595977,False,,,,,,,False,,,,,,,False,False,left_to_right,False,82.3,18.0,,,False,False,False,False
b670de01-1e6f-4684-989a-a8c6774263c8,3825747,2406,2,00:24:06.203,69,6,30,Pass,166,322,Eibar,Regular Play,322,Eibar,6699.0,Ander Capa Rodríguez,Right Back,37.8,62.1,54.1,69.8,1.267153,True,,,,,,,True,18.027203,0.4413188,Ground Pass,,6742.0,Sergio Gontán Gallardo,False,False,left_to_right,False,37.8,62.1,54.1,69.8,False,False,False,False
49ea20b0-a919-46ef-9e11-951f9cffcde1,3825747,2407,2,00:24:07.471,69,7,42,Ball Receipt*,166,322,Eibar,Regular Play,322,Eibar,6742.0,Sergio Gontán Gallardo,Right Midfield,54.1,69.8,,,,False,,,,,,,False,,,,,,,False,False,left_to_right,False,54.1,69.8,,,False,False,False,False
8cacd075-b384-4e78-bfe3-2652f1ffbf96,3825747,2408,2,00:24:07.471,69,7,43,Carry,166,322,Eibar,Regular Play,322,Eibar,6742.0,Sergio Gontán Gallardo,Right Midfield,54.1,69.8,54.1,69.8,1.759915,True,,,,,,,False,,,,,,,False,False,left_to_right,False,54.1,69.8,54.1,69.8,False,False,False,False
2e4ec630-da39-41b0-9745-91716f4a38b4,3825747,2409,2,00:24:07.613,69,7,17,Pressure,166,322,Eibar,Regular Play,215,Athletic Club,6789.0,Mikel Balenziaga Oruesagasti,Left Back,66.0,10.3,,,2.094453,False,,,,,,,False,,,,,,,False,False,left_to_right,False,66.0,10.3,,,False,False,False,False
8825f76d-1b6f-4414-b292-ed62bb7593b7,3825747,2410,2,00:24:09.231,69,9,22,Foul Committed,166,322,Eibar,Regular Play,215,Athletic Club,6789.0,Mikel Balenziaga Oruesagasti,Left Back,66.0,10.3,,,0.0,False,,,,,,,False,,,,,,,False,False,left_to_right,False,66.0,10.3,,,False,False,False,False
8e02cb24-0332-48f5-ac8e-9fe936f14896,3825747,2411,2,00:24:09.231,69,9,21,Foul Won,166,322,Eibar,Regular Play,322,Eibar,6742.0,Sergio Gontán Gallardo,Right Midfield,54.1,69.8,,,0.0,True,,,,,,,False,,,,,,,False,False,left_to_right,False,54.1,69.8,,,False,False,False,False
f35beed8-39b1-46b2-82ac-4178140e9ad6,3825747,2412,2,00:24:13.534,69,13,30,Pass,167,322,Eibar,From Free Kick,322,Eibar,6742.0,Sergio Gontán Gallardo,Right Midfield,62.0,67.5,62.3,54.6,0.977439,False,,,,,,,True,12.903488,-1.5475447,Ground Pass,Free Kick,6700.0,Sergio Enrich Ametller,False,False,left_to_right,False,62.0,67.5,62.3,54.6,False,False,False,False
ebff05f4-8d43-4e6f-841e-40c51e372dc2,3825747,2413,2,00:24:14.511,69,14,42,Ball Receipt*,167,322,Eibar,From Free Kick,322,Eibar,6700.0,Sergio Enrich Ametller,Left Center Forward,62.3,54.6,,,,False,,,,,,,False,,,,,,,False,False,left_to_right,False,62.3,54.6,,,False,False,False,False
322ced91-1dfc-432e-8ef3-513c9d0e5084,3825747,2414,2,00:24:14.511,69,14,43,Carry,167,322,Eibar,From Free Kick,322,Eibar,6700.0,Sergio Enrich Ametller,Left Center Forward,62.3,54.6,62.7,50.4,0.741458,False,,,,,,,False,,,,,,,False,False,left_to_right,False,62.3,54.6,62.7,50.4,False,False,False,False
fd2035e1-d356-4587-a03c-454f050090fa,3825747,2415,2,00:24:15.253,69,15,30,Pass,167,322,Eibar,From Free Kick,322,Eibar,6700.0,Sergio Enrich Ametller,Left Center Forward,62.7,50.4,58.3,37.7,1.03001,False,,,,,,,True,13.44061,-1.9043111,Ground Pass,,6775.0,Daniel García Carrillo,False,False,left_to_right,False,62.7,50.4,58.3,37.7,False,False,False,False
9f896eae-9751-4497-99d3-09e3cf2a366b,3825747,2416,2,00:24:16.283,69,16,42,Ball Receipt*,167,322,Eibar,From Free Kick,322,Eibar,6775.0,Daniel García Carrillo,Right Defensive Midfield,58.3,37.7,,,,False,,,,,,,False,,,,,,,False,False,left_to_right,False,58.3,37.7,,,False,False,False,False
76a47237-cf12-4d54-b278-719ff78cdc25,3825747,2417,2,00:24:16.283,69,16,43,Carry,167,322,Eibar,From Free Kick,322,Eibar,6775.0,Daniel García Carrillo,Right Defensive Midfield,58.3,37.7,58.3,37.7,0.040000003,False,,,,,,,False,,,,,,,False,False,left_to_right,False,58.3,37.7,58.3,37.7,False,False,False,False
2663b9c3-5484-4586-aa89-2269cc41eeb7,3825747,2418,2,00:24:16.323,69,16,30,Pass,167,322,Eibar,From Free Kick,322,Eibar,6775.0,Daniel García Carrillo,Right Defensive Midfield,58.3,37.7,77.7,8.7,2.699748,False,,,,,,,True,34.890686,-0.9812039,Ground Pass,,6566.0,Borja González Tomás,False,False,left_to_right,False,58.3,37.7,77.7,8.7,False,False,False,False
7e645dd9-d675-403c-8b23-484cd959b843,3825747,2419,2,00:24:19.022,69,19,42,Ball Receipt*,167,322,Eibar,From Free Kick,322,Eibar,6566.0,Borja González Tomás,Right Center Forward,77.7,8.7,,,,False,,,,,,,False,,,,,,,False,False,left_to_right,False,77.7,8.7,,,False,False,False,False
d54b00b1-81be-465d-a80b-422ccc673268,3825747,2420,2,00:24:19.022,69,19,43,Carry,167,322,Eibar,From Free Kick,322,Eibar,6566.0,Borja González Tomás,Right Center Forward,77.7,8.7,84.4,11.9,1.689578,False,,,,,,,False,,,,,,,False,False,left_to_right,False,77.7,8.7,84.4,11.9,False,False,False,False
09c4a22e-166d-4064-9eed-4bd49e7f8c61,3825747,2421,2,00:24:20.712,69,20,30,Pass,167,322,Eibar,From Free Kick,322,Eibar,6566.0,Borja González Tomás,Right Center Forward,84.4,11.9,76.2,13.5,1.640405,False,,,,,,,True,8.354639,2.9488919,Ground Pass,,6776.0,David Juncà Reñé,False,False,left_to_right,False,84.4,11.9,76.2,13.5,False,False,False,False
890e6229-f926-4811-8f3a-a9f1bbe7b5b5,3825747,2422,2,00:24:22.352,69,22,42,Ball Receipt*,167,322,Eibar,From Free Kick,322,Eibar,6776.0,David Juncà Reñé,Left Back,76.2,13.5,,,,False,,,,,,,False,,,,,,,False,False,left_to_right,False,76.2,13.5,,,False,False,False,False
80cf2b01-9703-455b-98a7-c98237a5e854,3825747,2423,2,00:24:22.352,69,22,43,Carry,167,322,Eibar,From Free Kick,322,Eibar,6776.0,David Juncà Reñé,Left Back,76.2,13.5,76.2,13.5,0.534595,False,,,,,,,False,,,,,,,False,False,left_to_right,False,76.2,13.5,76.2,13.5,False,False,False,False
852b40bb-00f3-435d-97cb-2049003e733c,3825747,2424,2,00:24:22.887,69,22,30,Pass,167,322,Eibar,From Free Kick,322,Eibar,6776.0,David Juncà Reñé,Left Back,76.2,13.5,80.2,23.3,1.003136,False,,,,,,,True,10.584895,1.1832725,Ground Pass,,9462.0,José Ignacio Peleteiro Ramallo,False,False,left_to_right,False,76.2,13.5,80.2,23.3,False,False,True,False
697b5ee7-6ed7-40cd-96cc-97ed7afd3fd4,3825747,2425,2,00:24:23.890,69,23,42,Ball Receipt*,167,322,Eibar,From Free Kick,322,Eibar,9462.0,José Ignacio Peleteiro Ramallo,Left Midfield,80.2,23.3,,,,False,,,,,,,False,,,,,,,False,False,left_to_right,False,80.2,23.3,,,False,False,False,False
244c5aa9-e48a-4cad-ad7e-ba34b0fdacc3,3825747,2426,2,00:24:23.890,69,23,43,Carry,167,322,Eibar,From Free Kick,322,Eibar,9462.0,José Ignacio Peleteiro Ramallo,Left Midfield,80.2,23.3,93.1,27.3,2.050034,False,,,,,,,False,,,,,,,False,False,left_to_right,False,80.2,23.3,93.1,27.3,True,False,False,False
72970a28-7144-4213-bc8d-10e72d0e8e2a,3825747,2427,2,00:24:25.940,69,25,30,Pass,167,322,Eibar,From Free Kick,322,Eibar,9462.0,José Ignacio Peleteiro Ramallo,Left Midfield,93.1,27.3,102.5,38.3,1.070689,False,,,,,,Incomplete,False,14.469277,0.8636693,Ground Pass,,6700.0,Sergio Enrich Ametller,False,False,left_to_right,False,93.1,27.3,102.5,38.3,False,True,False,True
2c26c8fc-a3c1-44ec-aaa5-69567fa1292b,3825747,2428,2,00:24:27.011,69,27,42,Ball Receipt*,167,322,Eibar,From Free Kick,322,Eibar,6700.0,Sergio Enrich Ametller,Left Center Forward,104.8,47.3,,,,False,,,,,,,False,,,,,,,False,False,left_to_right,False,104.8,47.3,,,False,False,False,False
23d1fd76-c3d8-415a-834d-c0b0ee60ee1e,3825747,2429,2,00:24:27.011,69,27,10,Interception,167,322,Eibar,From Free Kick,215,Athletic Club,4353.0,Aymeric Laporte,Left Center Back,17.6,41.8,,,0.0,False,,,,,,,False,,,,,,,False,False,left_to_right,False,17.6,41.8,,,False,False,False,False
f4c8d917-c2eb-485d-97b9-df5f0575b30d,3825747,2430,2,00:24:28.259,69,28,17,Pressure,167,322,Eibar,From Free Kick,322,Eibar,9462.0,José Ignacio Peleteiro Ramallo,Left Midfield,97.6,25.8,,,0.453857,False,,,,,,,False,,,,,,,False,False,left_to_right,False,97.6,25.8,,,False,False,False,False
fb5b75dd-2a47-43ac-925c-cafa2620c12f,3825747,2431,2,00:24:28.564,69,28,9,Clearance,167,322,Eibar,From Free Kick,215,Athletic Club,6386.0,Eneko Bóveda Altube,Right Center Back,15.0,51.7,,,0.0,True,,,,,,,False,,,,,,,False,False,left_to_right,False,15.0,51.7,,,False,False,False,False
77ca4e33-d406-46bb-a82a-71096e90c0e8,3825747,2432,2,00:24:28.713,69,28,6,Block,167,322,Eibar,From Free Kick,322,Eibar,9462.0,José Ignacio Peleteiro Ramallo,Left Midfield,103.8,31.7,,,0.0,False,,,,,,,False,,,,,,,False,False,left_to_right,False,103.8,31.7,,,False,False,False,False
cf5a7ead-865a-4485-abfd-87d371899a3f,3825747,2433,2,00:24:28.843,69,28,22,Foul Committed,167,322,Eibar,From Free Kick,322,Eibar,9462.0,José Ignacio Peleteiro Ramallo,Left Midfield,103.8,31.7,,,0.0,False,,,,,,,False,,,,,,,False,False,left_to_right,False,103.8,31.7,,,False,False,False,False
efe1a551-5646-42d2-9e83-be1c6e31d21e,3825747,2434,2,00:24:53.088,69,53,30,Pass,168,215,Athletic Club,From Free Kick,215,Athletic Club,6662.0,Iago Herrerín Buisán,Goalkeeper,29.2,52.3,103.8,63.5,5.860614,False,,,,,,Incomplete,False,75.436066,0.14902104,High Pass,Free Kick,6394.0,Aritz Aduriz Zubeldia,False,False,left_to_right,False,29.2,52.3,103.8,63.5,False,True,True,True
a3d462eb-ea82-47ea-aba8-6cec56326647,3825747,2435,2,00:24:58.948,69,58,42,Ball Receipt*,168,215,Athletic Club,From Free Kick,215,Athletic Club,6394.0,Aritz Aduriz Zubeldia,Center Forward,98.2,59.2,,,,False,,,,,,,False,,,,,,,False,False,left_to_right,False,98.2,59.2,,,False,False,False,False
3ecee13c-1fbb-4e5b-aa24-a4020ad699ec,3825747,2436,2,00:24:58.948,69,58,2,Ball Recovery,168,215,Athletic Club,From Free Kick,322,Eibar,6776.0,David Juncà Reñé,Left Back,16.3,16.6,,,0.0,False,,,,,,,False,,,,,,,False,False,left_to_right,False,16.3,16.6,,,False,False,False,False
b53f7863-da84-4384-b05a-2a3ef1d5c8fa,3825747,2437,2,00:24:58.948,69,58,43,Carry,168,215,Athletic Club,From Free Kick,322,Eibar,6776.0,David Juncà Reñé,Left Back,16.3,16.6,12.7,8.3,2.820855,True,,,,,,,False,,,,,,,False,False,left_to_right,False,16.3,16.6,12.7,8.3,False,False,False,False
98bb3bd1-4dab-4cb4-861a-b34fc29e8118,3825747,2438,2,00:25:00.639,70,0,17,Pressure,168,215,Athletic Club,From Free Kick,215,Athletic Club,6842.0,Iker Muniain Goñi,Center Attacking Midfield,106.6,66.5,,,1.130465,False,,,,,,,False,,,,,,,False,False,left_to_right,False,106.6,66.5,,,False,False,False,False
3ecc1bd6-9308-40df-928e-331110765b65,3825747,2439,2,00:25:01.769,70,1,3,Dispossessed,168,215,Athletic Club,From Free Kick,322,Eibar,6776.0,David Juncà Reñé,Left Back,12.7,8.3,,,0.0,True,,,,,,,False,,,,,,,False,False,left_to_right,False,12.7,8.3,,,False,False,False,True
17e54e01-f440-4277-9af2-fee99121f263,3825747,2440,2,00:25:01.769,70,1,4,Duel,168,215,Athletic Club,From Free Kick,215,Athletic Club,6842.0,Iker Muniain Goñi,Center Attacking Midfield,107.4,71.8,,,0.0,True,,,,,,,False,,,,,,,False,False,left_to_right,False,107.4,71.8,,,False,False,False,False
07509ed5-d622-4292-9713-ad037b0c2f51,3825747,2441,2,00:25:01.769,70,1,43,Carry,168,215,Athletic Club,From Free Kick,215,Athletic Club,6842.0,Iker Muniain Goñi,Center Attacking Midfield,107.4,71.8,104.7,73.5,2.047276,True,,,,,,,False,,,,,,,False,False,left_to_right,False,107.4,71.8,104.7,73.5,False,False,False,False
283289a9-063b-4ce0-8218-8dc296e664e4,3825747,2442,2,00:25:02.113,70,2,17,Pressure,168,215,Athletic Club,From Free Kick,322,Eibar,6776.0,David Juncà Reñé,Left Back,12.2,4.9,,,1.703352,False,,,,,,,False,,,,,,,False,False,left_to_right,False,12.2,4.9,,,False,False,False,False
04c347d4-109a-440f-a295-c9e09e5b754f,3825747,2443,2,00:25:03.816,70,3,3,Dispossessed,168,215,Athletic Club,From Free Kick,215,Athletic Club,6842.0,Iker Muniain Goñi,Center Attacking Midfield,104.7,73.5,,,0.0,True,,,,,,,False,,,,,,,False,False,left_to_right,False,104.7,73.5,,,False,False,False,True
f2be1283-b6ce-4902-ae51-d7195ad15f74,3825747,2444,2,00:25:03.816,70,3,4,Duel,169,322,Eibar,Regular Play,322,Eibar,6776.0,David Juncà Reñé,Left Back,15.4,6.6,,,0.0,True,,,,,,,False,,,,,,,False,False,left_to_right,False,15.4,6.6,,,False,False,False,False
940f9c6f-f8d9-41b5-9afc-e5cdc46dbaed,3825747,2445,2,00:25:03.816,70,3,43,Carry,169,322,Eibar,Regular Play,322,Eibar,6776.0,David Juncà Reñé,Left Back,15.4,6.6,35.7,13.4,4.750161,False,,,,,,,False,,,,,,,False,False,left_to_right,False,15.4,6.6,35.7,13.4,False,False,False,False
7c589426-424a-4090-b23f-d5bb4a85811b,3825747,2446,2,00:25:08.567,70,8,30,Pass,169,322,Eibar,Regular Play,322,Eibar,6776.0,David Juncà Reñé,Left Back,35.7,13.4,57.5,22.5,1.342749,False,,,,,,,True,23.623081,0.39544237,Ground Pass,,6700.0,Sergio Enrich Ametller,False,False,left_to_right,False,35.7,13.4,57.5,22.5,False,True,False,False
927dd6b7-9602-43d7-9213-b3ebe978a84d,3825747,2447,2,00:25:09.909,70,9,42,Ball Receipt*,169,322,Eibar,Regular Play,322,Eibar,6700.0,Sergio Enrich Ametller,Left Center Forward,57.5,22.5,,,,False,,,,,,,False,,,,,,,False,False,left_to_right,False,57.5,22.5,,,False,False,False,False
bd22d555-1a6b-4316-ab39-4f4288299d97,3825747,2448,2,00:25:09.909,70,9,43,Carry,169,322,Eibar,Regular Play,322,Eibar,6700.0,Sergio Enrich Ametller,Left Center Forward,57.5,22.5,70.1,18.6,2.01003,True,,,,,,,False,,,,,,,False,False,left_to_right,False,57.5,22.5,70.1,18.6,False,False,False,False
c7be7916-3cbd-45e0-b778-3b34a0966d06,3825747,2449,2,00:25:11.723,70,11,17,Pressure,169,322,Eibar,Regular Play,215,Athletic Club,4353.0,Aymeric Laporte,Left Center Back,49.6,59.3,,,0.358339,False,,,,,,,False,,,,,,,False,False,left_to_right,False,49.6,59.3,,,False,False,False,False
d92e73b5-dd74-4148-98dc-b69a2dae7e7e,3825747,2450,2,00:25:11.919,70,11,30,Pass,169,322,Eibar,Regular Play,322,Eibar,6700.0,Sergio Enrich Ametller,Left Center Forward,70.1,18.6,69.0,7.4,0.97185,True,,,,,,,True,11.253888,-1.6686966,Ground Pass,,9462.0,José Ignacio Peleteiro Ramallo,False,False,left_to_right,False,70.1,18.6,69.0,7.4,False,False,False,False
1f5a5222-b778-4d55-bc96-b593e87eb36b,3825747,2451,2,00:25:12.891,70,12,42,Ball Receipt*,169,322,Eibar,Regular Play,322,Eibar,9462.0,José Ignacio Peleteiro Ramallo,Left Midfield,69.0,7.4,,,,False,,,,,,,False,,,,,,,False,False,left_to_right,False,69.0,7.4,,,False,False,False,False
e4ef46dd-ca8c-41f6-9f5c-2c1b0ca971a2,3825747,2452,2,00:25:12.891,70,12,43,Carry,169,322,Eibar,Regular Play,322,Eibar,9462.0,José Ignacio Peleteiro Ramallo,Left Midfield,69.0,7.4,63.5,8.4,3.070866,False,,,,,,,False,,,,,,,False,False,left_to_right,False,69.0,7.4,63.5,8.4,False,False,False,False
a7dd5bca-04b7-4061-88e6-1b81f7d76e94,3825747,2453,2,00:25:15.962,70,15,30,Pass,169,322,Eibar,Regular Play,322,Eibar,9462.0,José Ignacio Peleteiro Ramallo,Left Midfield,63.5,8.4,55.7,7.4,0.778791,False,,,,,,,True,7.8638415,-3.0140831,Ground Pass,,6776.0,David Juncà Reñé,False,False,left_to_right,False,63.5,8.4,55.7,7.4,False,False,False,False
ce39e7f2-8100-4e72-a65c-51fe98d76363,3825747,2454,2,00:25:16.741,70,16,42,Ball Receipt*,169,322,Eibar,Regular Play,322,Eibar,6776.0,David Juncà Reñé,Left Back,55.7,7.4,,,,False,,,,,,,False,,,,,,,False,False,left_to_right,False,55.7,7.4,,,False,False,False,False
c8075d14-1068-48ad-bc2d-56292fc9494b,3825747,2455,2,00:25:16.741,70,16,43,Carry,169,322,Eibar,Regular Play,322,Eibar,6776.0,David Juncà Reñé,Left Back,55.7,7.4,55.7,7.3,0.04,False,,,,,,,False,,,,,,,False,False,left_to_right,False,55.7,7.4,55.7,7.3,False,False,False,False
8fdc8e33-db9d-4b56-a2d7-aa23c71adcc5,3825747,2456,2,00:25:16.781,70,16,30,Pass,169,322,Eibar,Regular Play,322,Eibar,6776.0,David Juncà Reñé,Left Back,55.7,7.3,55.7,20.0,0.968947,False,,,,,,,True,12.7,1.5707964,Ground Pass,,6775.0,Daniel García Carrillo,False,False,left_to_right,False,55.7,7.3,55.7,20.0,False,False,False,False
170565c0-a044-4804-ab2a-eb6388981850,3825747,2457,2,00:25:17.750,70,17,42,Ball Receipt*,169,322,Eibar,Regular Play,322,Eibar,6775.0,Daniel García Carrillo,Right Defensive Midfield,55.7,20.0,,,,False,,,,,,,False,,,,,,,False,False,left_to_right,False,55.7,20.0,,,False,False,False,False
f732e9b9-4ab8-4f86-94d6-a791404dacf5,3825747,2458,2,00:25:17.750,70,17,30,Pass,169,322,Eibar,Regular Play,322,Eibar,6775.0,Daniel García Carrillo,Right Defensive Midfield,55.7,20.3,63.5,4.2,1.264623,False,,,,,,,True,17.889942,-1.1196481,Low Pass,,9462.0,José Ignacio Peleteiro Ramallo,False,False,left_to_right,False,55.7,20.3,63.5,4.2,False,False,False,False
49a6b9ba-09ce-471e-a058-54582c3d3a06,3825747,2459,2,00:25:19.014,70,19,42,Ball Receipt*,169,322,Eibar,Regular Play,322,Eibar,9462.0,José Ignacio Peleteiro Ramallo,Left Midfield,63.5,4.2,,,,False,,,,,,,False,,,,,,,False,False,left_to_right,False,63.5,4.2,,,False,False,False,False
7f0d3c42-84c4-4873-976a-4acaa91eb886,3825747,2460,2,00:25:19.014,70,19,43,Carry,169,322,Eibar,Regular Play,322,Eibar,9462.0,José Ignacio Peleteiro Ramallo,Left Midfield,63.5,4.2,63.9,4.3,0.585802,True,,,,,,,False,,,,,,,False,False,left_to_right,False,63.5,4.2,63.9,4.3,False,False,False,False
54d3eeab-a97c-4b41-bf63-58c8888342c7,3825747,2461,2,00:25:19.486,70,19,17,Pressure,169,322,Eibar,Regular Play,215,Athletic Club,6390.0,Markel Susaeta Laskurain,Right Wing,56.5,74.2,,,0.203014,False,,,,,,,False,,,,,,,False,False,left_to_right,False,56.5,74.2,,,False,False,False,False
0b2eacc3-cd87-49ea-95ce-8839d9acbd20,3825747,2462,2,00:25:19.600,70,19,30,Pass,169,322,Eibar,Regular Play,322,Eibar,9462.0,José Ignacio Peleteiro Ramallo,Left Midfield,63.9,4.3,56.0,14.2,1.840491,True,,,,,,,True,12.665702,2.2443042,High Pass,,6775.0,Daniel García Carrillo,False,False,left_to_right,False,63.9,4.3,56.0,14.2,False,False,False,False
4c69c6a3-9bb0-492e-ac49-0c0e1501bc2c,3825747,2463,2,00:25:21.237,70,21,17,Pressure,169,322,Eibar,Regular Play,215,Athletic Club,6649.0,Óscar de Marcos Arana,Right Back,64.4,64.3,,,0.255298,False,,,,,,,False,,,,,,,False,False,left_to_right,False,64.4,64.3,,,False,False,False,False
7234348e-80c8-47c7-902e-ee873f7b4fcc,3825747,2464,2,00:25:21.441,70,21,42,Ball Receipt*,169,322,Eibar,Regular Play,322,Eibar,6775.0,Daniel García Carrillo,Right Defensive Midfield,56.0,14.2,,,,True,,,,,,,False,,,,,,,False,False,left_to_right,False,56.0,14.2,,,False,False,False,False
5f4969f1-05a4-402e-90c6-bde656f0cb05,3825747,2465,2,00:25:21.441,70,21,38,Miscontrol,169,322,Eibar,Regular Play,322,Eibar,6775.0,Daniel García Carrillo,Right Defensive Midfield,56.1,14.5,,,0.0,True,,,,,,,False,,,,,,,False,False,left_to_right,False,56.1,14.5,,,False,False,False,True
c11ce09d-bca0-42f9-873e-47295b4b6747,3825747,2466,2,00:25:21.573,70,21,6,Block,169,322,Eibar,Regular Play,215,Athletic Club,6649.0,Óscar de Marcos Arana,Right Back,63.0,67.0,,,0.0,False,,,,,,,False,,,,,,,False,False,left_to_right,False,63.0,67.0,,,False,False,False,False
496f347a-486f-4f45-a48e-5f7a5af405f0,3825747,2467,2,00:25:23.732,70,23,2,Ball Recovery,169,322,Eibar,Regular Play,215,Athletic Club,6389.0,Mikel San José Domínguez,Right Defensive Midfield,55.8,55.5,,,0.0,False,,,,,,,False,,,,,,,False,False,left_to_right,False,55.8,55.5,,,False,False,False,False
8ca96f96-c30a-4f43-aa88-af3b0ae7bc27,3825747,2468,2,00:25:23.732,70,23,43,Carry,169,322,Eibar,Regular Play,215,Athletic Club,6389.0,Mikel San José Domínguez,Right Defensive Midfield,55.8,55.5,56.6,59.8,1.056221,False,,,,,,,False,,,,,,,False,False,left_to_right,False,55.8,55.5,56.6,59.8,False,False,False,False
5b28f4e2-06c9-4103-91b6-4ac9ef62fb8b,3825747,2469,2,00:25:24.788,70,24,30,Pass,169,322,Eibar,Regular Play,215,Athletic Club,6389.0,Mikel San José Domínguez,Right Defensive Midfield,56.6,59.8,111.1,69.1,4.11179,False,,,,,,,True,55.287792,0.16901426,High Pass,,6666.0,Sabin Merino Zuloaga,False,False,left_to_right,False,56.6,59.8,111.1,69.1,False,True,True,False
b0faffaa-b990-4367-886d-6406b6c35ec1,3825747,2470,2,00:25:28.900,70,28,42,Ball Receipt*,169,322,Eibar,Regular Play,215,Athletic Club,6666.0,Sabin Merino Zuloaga,Left Wing,111.1,69.1,,,,False,,,,,,,False,,,,,,,False,False,left_to_right,False,111.1,69.1,,,False,False,False,False
8bb4dfa6-5aaf-490d-8629-c945861e4b39,3825747,2471,2,00:25:28.900,70,28,43,Carry,169,322,Eibar,Regular Play,215,Athletic Club,6666.0,Sabin Merino Zuloaga,Left Wing,111.1,69.1,98.1,49.9,3.323003,False,,,,,,,False,,,,,,,False,False,left_to_right,False,111.1,69.1,98.1,49.9,False,False,False,False
d527241e-ab41-49cd-b9c8-0f481f6237a8,3825747,2472,2,00:25:32.223,70,32,30,Pass,169,322,Eibar,Regular Play,215,Athletic Club,6666.0,Sabin Merino Zuloaga,Left Wing,98.1,49.9,90.2,32.0,2.811036,False,,,,,,Incomplete,False,19.565786,-1.986426,Ground Pass,,6389.0,Mikel San José Domínguez,False,False,left_to_right,False,98.1,49.9,90.2,32.0,False,False,False,True
575fef2d-8846-4b49-8043-7f53399d2b6e,3825747,2473,2,00:25:35.034,70,35,42,Ball Receipt*,169,322,Eibar,Regular Play,215,Athletic Club,6389.0,Mikel San José Domínguez,Right Defensive Midfield,99.2,41.2,,,,False,,,,,,,False,,,,,,,False,False,left_to_right,False,99.2,41.2,,,False,False,False,False
0cc4cbbe-2c59-4fe3-bfc7-8b4043cc9afc,3825747,2474,2,00:25:35.034,70,35,2,Ball Recovery,169,322,Eibar,Regular Play,322,Eibar,6742.0,Sergio Gontán Gallardo,Right Midfield,29.9,48.1,,,0.0,False,,,,,,,False,,,,,,,False,False,left_to_right,False,29.9,48.1,,,False,False,False,False
3f1f9949-c5bc-4b07-9da2-e34f2a124117,3825747,2475,2,00:25:35.034,70,35,43,Carry,169,322,Eibar,Regular Play,322,Eibar,6742.0,Sergio Gontán Gallardo,Right Midfield,29.9,48.1,19.3,54.4,2.266768,True,,,,,,,False,,,,,,,False,False,left_to_right,False,29.9,48.1,19.3,54.4,False,False,False,False
233babe7-61c7-4317-b549-27fedd6de553,3825747,2476,2,00:25:36.394,70,36,17,Pressure,169,322,Eibar,Regular Play,215,Athletic Club,6789.0,Mikel Balenziaga Oruesagasti,Left Back,98.2,23.1,,,1.125447,False,,,,,,,False,,,,,,,False,False,left_to_right,False,98.2,23.1,,,False,False,False,False
81ecb3d2-f9f7-4234-8a2a-e1515c4218aa,3825747,2477,2,00:25:37.301,70,37,30,Pass,169,322,Eibar,Regular Play,322,Eibar,6742.0,Sergio Gontán Gallardo,Right Midfield,19.3,54.4,8.6,45.0,1.506732,True,,,,,,,True,14.242542,-2.4207811,Ground Pass,,10763.0,Asier Riesgo Unamuno,False,False,left_to_right,False,19.3,54.4,8.6,45.0,False,False,False,False
d00fb92b-6ec8-47ff-a8ca-230ba412d687,3825747,2478,2,00:25:38.808,70,38,42,Ball Receipt*,169,322,Eibar,Regular Play,322,Eibar,10763.0,Asier Riesgo Unamuno,Goalkeeper,8.6,45.0,,,,False,,,,,,,False,,,,,,,False,False,left_to_right,False,8.6,45.0,,,False,False,False,False
5fda83d3-704a-4d16-bc7e-cb073fc346af,3825747,2479,2,00:25:38.808,70,38,30,Pass,169,322,Eibar,Regular Play,322,Eibar,10763.0,Asier Riesgo Unamuno,Goalkeeper,8.4,45.4,35.8,77.3,3.686216,False,,,,,,Incomplete,False,42.05199,0.86113834,High Pass,,6699.0,Ander Capa Rodríguez,False,False,left_to_right,False,8.4,45.4,35.8,77.3,False,False,False,True
086d53a4-e838-4dd3-ac2e-94326d1254c7,3825747,2480,2,00:25:42.494,70,42,42,Ball Receipt*,169,322,Eibar,Regular Play,322,Eibar,6699.0,Ander Capa Rodríguez,Right Back,36.1,75.2,,,,False,,,,,,,False,,,,,,,False,False,left_to_right,False,36.1,75.2,,,False,False,False,False
cd0233b2-ca4a-470c-be95-f263bb653c20,3825747,2481,2,00:25:42.494,70,42,10,Interception,169,322,Eibar,Regular Play,215,Athletic Club,6789.0,Mikel Balenziaga Oruesagasti,Left Back,84.3,2.8,,,0.0,False,,,,,,,False,,,,,,,False,False,left_to_right,False,84.3,2.8,,,False,False,False,False
fb962f0f-ed59-4397-862d-5ac0b0adf8cd,3825747,2482,2,00:25:52.992,70,52,19,Substitution,169,322,Eibar,Regular Play,215,Athletic Club,6842.0,Iker Muniain Goñi,Center Attacking Midfield,,,,,0.0,False,,,,,,,False,,,,,,,False,False,left_to_right,False,,,,,False,False,False,False
b3bf8ae7-3e37-4391-9331-a3baffc5c713,3825747,2483,2,00:26:36.417,71,36,30,Pass,170,322,Eibar,From Throw In,322,Eibar,6699.0,Ander Capa Rodríguez,Right Back,44.1,80.0,71.7,75.7,2.283694,False,,,,,,,True,27.932955,-0.1545546,High Pass,Throw-in,6566.0,Borja González Tomás,False,False,left_to_right,False,44.1,80.0,71.7,75.7,False,True,False,False
cffd6aa1-2de3-4774-8dbf-80caf0f14479,3825747,2484,2,00:26:38.420,71,38,17,Pressure,170,322,Eibar,From Throw In,215,Athletic Club,6389.0,Mikel San José Domínguez,Right Defensive Midfield,47.3,4.4,,,1.172959,False,,,,,,,False,,,,,,,False,False,left_to_right,False,47.3,4.4,,,False,False,False,False
a8e29ff0-46c7-4620-8271-9956d05fd60e,3825747,2485,2,00:26:38.701,71,38,42,Ball Receipt*,170,322,Eibar,From Throw In,322,Eibar,6566.0,Borja González Tomás,Right Center Forward,71.7,75.7,,,,True,,,,,,,False,,,,,,,False,False,left_to_right,False,71.7,75.7,,,False,False,False,False
9c108334-e359-4c90-a5ba-79e1d0262012,3825747,2486,2,00:26:38.701,71,38,43,Carry,170,322,Eibar,From Throw In,322,Eibar,6566.0,Borja González Tomás,Right Center Forward,71.7,75.7,70.1,73.0,0.925189,True,,,,,,,False,,,,,,,False,False,left_to_right,False,71.7,75.7,70.1,73.0,False,False,False,False
35fb8f1b-f864-4012-a8b4-8ec442b0c71a,3825747,2487,2,00:26:39.626,71,39,3,Dispossessed,170,322,Eibar,From Throw In,322,Eibar,6566.0,Borja González Tomás,Right Center Forward,70.1,73.0,,,0.0,True,,,,,,,False,,,,,,,False,False,left_to_right,False,70.1,73.0,,,False,False,False,True
ae26803e-9cdd-409e-bbf3-4bdf4f44ae42,3825747,2488,2,00:26:39.626,71,39,4,Duel,170,322,Eibar,From Throw In,215,Athletic Club,6389.0,Mikel San José Domínguez,Right Defensive Midfield,50.0,7.1,,,0.0,True,,,,,,,False,,,,,,,False,False,left_to_right,False,50.0,7.1,,,False,False,False,False
b0ddf891-53f3-456d-bb6e-b5c27e3b8934,3825747,2489,2,00:26:50.344,71,50,30,Pass,171,322,Eibar,From Throw In,322,Eibar,6699.0,Ander Capa Rodríguez,Right Back,58.1,80.0,91.6,74.7,2.165547,False,,,,,,Unknown,False,33.916664,-0.15690844,High Pass,Throw-in,6742.0,Sergio Gontán Gallardo,False,False,left_to_right,False,58.1,80.0,91.6,74.7,False,True,True,True
efb217d3-0f08-4695-99b7-afb9502c9fca,3825747,2490,2,00:26:52.509,71,52,42,Ball Receipt*,171,322,Eibar,From Throw In,322,Eibar,6742.0,Sergio Gontán Gallardo,Right Midfield,90.3,75.4,,,,False,,,,,,,False,,,,,,,False,False,left_to_right,False,90.3,75.4,,,False,False,False,False
c877206f-4379-458c-8298-03272ecd6a64,3825747,2491,2,00:26:52.626,71,52,22,Foul Committed,171,322,Eibar,From Throw In,215,Athletic Club,6789.0,Mikel Balenziaga Oruesagasti,Left Back,28.8,4.4,,,0.0,False,,,,,,,False,,,,,,,False,False,left_to_right,False,28.8,4.4,,,False,False,False,False
3a33b92b-1f1a-44ff-9b97-0422caf65775,3825747,2492,2,00:26:52.626,71,52,21,Foul Won,171,322,Eibar,From Throw In,322,Eibar,6742.0,Sergio Gontán Gallardo,Right Midfield,91.3,75.7,,,0.0,True,,,,,,,False,,,,,,,False,False,left_to_right,False,91.3,75.7,,,False,False,False,False
74b157fe-e2b7-4c1e-bb75-3930256ca321,3825747,2493,2,00:27:04.616,72,4,30,Pass,172,322,Eibar,From Free Kick,322,Eibar,6742.0,Sergio Gontán Gallardo,Right Midfield,90.7,72.2,96.8,76.3,0.88188,False,,,,,,,True,7.34983,0.5917762,Ground Pass,Free Kick,6699.0,Ander Capa Rodríguez,False,False,left_to_right,False,90.7,72.2,96.8,76.3,False,False,False,False
ad9e66a8-68fd-4a81-bb45-3dff7ac200b1,3825747,2494,2,00:27:05.498,72,5,42,Ball Receipt*,172,322,Eibar,From Free Kick,322,Eibar,6699.0,Ander Capa Rodríguez,Right Back,96.8,76.3,,,,False,,,,,,,False,,,,,,,False,False,left_to_right,False,96.8,76.3,,,False,False,False,False
2be52cf8-b52b-448e-9660-86ba6d1a5c6a,3825747,2495,2,00:27:05.498,72,5,43,Carry,172,322,Eibar,From Free Kick,322,Eibar,6699.0,Ander Capa Rodríguez,Right Back,96.8,76.3,104.5,70.2,2.585364,False,,,,,,,False,,,,,,,False,False,left_to_right,False,96.8,76.3,104.5,70.2,False,False,False,False
b2974080-749c-425e-8630-d4d244da5621,3825747,2496,2,00:27:08.083,72,8,30,Pass,172,322,Eibar,From Free Kick,322,Eibar,6699.0,Ander Capa Rodríguez,Right Back,104.5,70.2,112.4,39.3,1.330217,False,,,,,,Incomplete,False,31.893887,-1.3204945,High Pass,,6700.0,Sergio Enrich Ametller,False,False,left_to_right,False,104.5,70.2,112.4,39.3,False,True,False,True
75c55db7-32c8-4a50-b0c1-2cec46c934fa,3825747,2497,2,00:27:09.414,72,9,42,Ball Receipt*,172,322,Eibar,From Free Kick,322,Eibar,6700.0,Sergio Enrich Ametller,Left Center Forward,111.9,45.2,,,,False,,,,,,,False,,,,,,,False,False,left_to_right,False,111.9,45.2,,,False,False,False,False
a6375c4d-6917-46ca-81f9-96580e0e4e75,3825747,2498,2,00:27:09.414,72,9,9,Clearance,172,322,Eibar,From Free Kick,215,Athletic Club,6386.0,Eneko Bóveda Altube,Right Center Back,7.7,40.8,,,0.0,True,,,,,,,False,,,,,,,False,False,left_to_right,False,7.7,40.8,,,False,False,False,False
dcde84a0-6009-4ad7-abf4-59fc927e08bd,3825747,2499,2,00:27:12.122,72,12,2,Ball Recovery,172,322,Eibar,From Free Kick,322,Eibar,6699.0,Ander Capa Rodríguez,Right Back,97.3,69.7,,,0.0,False,,,,,,,False,,,,,,,False,False,left_to_right,False,97.3,69.7,,,False,False,False,False
3c0a99a5-a8e7-408c-b7ba-1dba530ff648,3825747,2500,2,00:27:12.122,72,12,43,Carry,172,322,Eibar,From Free Kick,322,Eibar,6699.0,Ander Capa Rodríguez,Right Back,97.3,69.7,90.3,76.6,1.700623,True,,,,,,,False,,,,,,,False,False,left_to_right,False,97.3,69.7,90.3,76.6,False,False,False,False
2943ef58-fd85-465e-b61a-e3856afa390d,3825747,2501,2,00:27:13.520,72,13,17,Pressure,172,322,Eibar,From Free Kick,215,Athletic Club,6390.0,Markel Susaeta Laskurain,Right Wing,27.4,8.2,,,0.381666,False,,,,,,,False,,,,,,,False,False,left_to_right,False,27.4,8.2,,,False,False,False,False
31b18391-fde4-44e3-b781-ca32eca54396,3825747,2502,2,00:27:13.822,72,13,30,Pass,172,322,Eibar,From Free Kick,322,Eibar,6699.0,Ander Capa Rodríguez,Right Back,90.3,76.6,93.0,74.9,0.158908,True,,,,,,Incomplete,False,3.1906111,-0.56192154,Low Pass,,6742.0,Sergio Gontán Gallardo,False,False,left_to_right,False,90.3,76.6,93.0,74.9,False,False,False,True
2f1320c7-8e9b-44f9-abe7-19437e9bb144,3825747,2503,2,00:27:13.981,72,13,42,Ball Receipt*,172,322,Eibar,From Free Kick,322,Eibar,6742.0,Sergio Gontán Gallardo,Right Midfield,98.2,74.3,,,,False,,,,,,,False,,,,,,,False,False,left_to_right,False,98.2,74.3,,,False,False,False,False
3b823f7d-1daf-4c32-8f2c-255926bfbcc7,3825747,2504,2,00:27:13.981,72,13,6,Block,172,322,Eibar,From Free Kick,215,Athletic Club,6390.0,Markel Susaeta Laskurain,Right Wing,27.1,5.2,,,0.0,False,,,,,,,False,,,,,,,False,False,left_to_right,False,27.1,5.2,,,False,False,False,False
9c88c295-64b6-4633-96c3-eb747afb024b,3825747,2505,2,00:27:19.750,72,19,30,Pass,173,322,Eibar,From Throw In,322,Eibar,6699.0,Ander Capa Rodríguez,Right Back,92.0,80.0,84.2,74.3,1.010403,False,,,,,,,True,9.660746,-2.5105133,Low Pass,Throw-in,9462.0,José Ignacio Peleteiro Ramallo,False,False,left_to_right,False,92.0,80.0,84.2,74.3,False,False,False,False
9eaa23b6-2cf1-41ab-9ce2-cfb0cbc20421,3825747,2506,2,00:27:20.760,72,20,42,Ball Receipt*,173,322,Eibar,From Throw In,322,Eibar,9462.0,José Ignacio Peleteiro Ramallo,Left Midfield,84.2,74.3,,,,False,,,,,,,False,,,,,,,False,False,left_to_right,False,84.2,74.3,,,False,False,False,False
e7ca710a-d330-4c48-b8e0-44552ab46a1f,3825747,2507,2,00:27:20.760,72,20,43,Carry,173,322,Eibar,From Throw In,322,Eibar,9462.0,José Ignacio Peleteiro Ramallo,Left Midfield,84.2,74.3,78.7,69.8,2.823278,False,,,,,,,False,,,,,,,False,False,left_to_right,False,84.2,74.3,78.7,69.8,False,False,False,False
3f3d21d4-3411-474e-83a0-7568fa8e8310,3825747,2508,2,00:27:23.583,72,23,30,Pass,173,322,Eibar,From Throw In,322,Eibar,9462.0,José Ignacio Peleteiro Ramallo,Left Midfield,78.7,69.8,72.2,20.0,2.412805,False,,,,,,,True,50.222404,-1.7005847,High Pass,,6776.0,David Juncà Reñé,False,False,left_to_right,False,78.7,69.8,72.2,20.0,False,False,False,False
9d5b802f-929c-4f01-80cc-7750afc5f37d,3825747,2509,2,00:27:25.996,72,25,42,Ball Receipt*,173,322,Eibar,From Throw In,322,Eibar,6776.0,David Juncà Reñé,Left Back,72.2,20.0,,,,False,,,,,,,False,,,,,,,False,False,left_to_right,False,72.2,20.0,,,False,False,False,False
10fc364c-fd4f-4dbf-af3b-12f1afa4af8e,3825747,2510,2,00:27:25.996,72,25,43,Carry,173,322,Eibar,From Throw In,322,Eibar,6776.0,David Juncà Reñé,Left Back,72.2,20.0,77.9,21.8,2.133598,False,,,,,,,False,,,,,,,False,False,left_to_right,False,72.2,20.0,77.9,21.8,False,False,False,False
e91c1b71-ffd2-4345-b781-26d6a0365ded,3825747,2511,2,00:27:28.130,72,28,30,Pass,173,322,Eibar,From Throw In,322,Eibar,6776.0,David Juncà Reñé,Left Back,77.9,21.8,100.6,35.9,1.243136,False,,,,,,Incomplete,False,26.722649,0.5558227,High Pass,,6566.0,Borja González Tomás,False,False,left_to_right,False,77.9,21.8,100.6,35.9,False,True,True,True
c95ffd89-7d84-4fde-a092-7f6683318c54,3825747,2512,2,00:27:29.373,72,29,42,Ball Receipt*,173,322,Eibar,From Throw In,322,Eibar,6566.0,Borja González Tomás,Right Center Forward,101.0,40.7,,,,False,,,,,,,False,,,,,,,False,False,left_to_right,False,101.0,40.7,,,False,False,False,False
c348f1a4-62a8-4b26-b1ae-7b0e10d669b3,3825747,2513,2,00:27:29.373,72,29,10,Interception,173,322,Eibar,From Throw In,215,Athletic Club,6386.0,Eneko Bóveda Altube,Right Center Back,19.5,44.2,,,0.0,False,,,,,,,False,,,,,,,False,False,left_to_right,False,19.5,44.2,,,False,False,False,False
e2733db4-db37-4920-bcf1-dee008779bc1,3825747,2514,2,00:27:32.093,72,32,4,Duel,173,322,Eibar,From Throw In,215,Athletic Club,6394.0,Aritz Aduriz Zubeldia,Center Forward,57.5,41.9,,,0.0,True,,,,,,,False,,,,,,,False,False,left_to_right,False,57.5,41.9,,,False,False,False,False
b43bd02a-22a6-4f72-bed5-0cec35af8c2b,3825747,2515,2,00:27:32.093,72,32,30,Pass,173,322,Eibar,From Throw In,322,Eibar,27239.0,Aleksandar Pantić,Left Center Back,62.6,38.2,64.3,34.1,1.91117,True,,,,,,Incomplete,False,4.438468,-1.1777383,Low Pass,Recovery,,,False,False,left_to_right,False,62.6,38.2,64.3,34.1,False,False,False,True
d796874f-386f-43cf-a0b8-c7bd11324344,3825747,2516,2,00:27:34.004,72,34,2,Ball Recovery,174,215,Athletic Club,Regular Play,215,Athletic Club,6394.0,Aritz Aduriz Zubeldia,Center Forward,55.8,46.0,,,0.0,False,,,,,,,False,,,,,,,False,False,left_to_right,False,55.8,46.0,,,False,False,False,False
7cd22d1c-15c9-4de4-a248-19b005720f96,3825747,2517,2,00:27:34.004,72,34,43,Carry,174,215,Athletic Club,Regular Play,215,Athletic Club,6394.0,Aritz Aduriz Zubeldia,Center Forward,55.8,46.0,65.0,33.6,3.367315,False,,,,,,,False,,,,,,,False,False,left_to_right,False,55.8,46.0,65.0,33.6,False,False,False,False
140857cc-1195-42b4-9d23-8e2e20f35930,3825747,2518,2,00:27:37.371,72,37,30,Pass,174,215,Athletic Club,Regular Play,215,Athletic Club,6394.0,Aritz Aduriz Zubeldia,Center Forward,65.0,33.6,64.0,38.9,1.053789,False,,,,,,,True,5.3935146,1.7572832,Ground Pass,,6396.0,Beñat Etxebarria Urkiaga,False,False,left_to_right,False,65.0,33.6,64.0,38.9,False,False,False,False
58dafdc1-a2d7-4aba-9ca9-196f5f676736,3825747,2519,2,00:27:38.425,72,38,42,Ball Receipt*,174,215,Athletic Club,Regular Play,215,Athletic Club,6396.0,Beñat Etxebarria Urkiaga,Left Defensive Midfield,64.0,38.9,,,,False,,,,,,,False,,,,,,,False,False,left_to_right,False,64.0,38.9,,,False,False,False,False
266f76bf-81c2-43bb-90e3-9bebe84c142f,3825747,2520,2,00:27:38.425,72,38,43,Carry,174,215,Athletic Club,Regular Play,215,Athletic Club,6396.0,Beñat Etxebarria Urkiaga,Left Defensive Midfield,64.0,38.9,64.0,38.9,0.897511,False,,,,,,,False,,,,,,,False,False,left_to_right,False,64.0,38.9,64.0,38.9,False,False,False,False
f13f4b57-fa62-4f17-953c-1a13a66644c4,3825747,2521,2,00:27:39.323,72,39,30,Pass,174,215,Athletic Club,Regular Play,215,Athletic Club,6396.0,Beñat Etxebarria Urkiaga,Left Defensive Midfield,64.0,38.9,71.3,57.1,1.48288,False,,,,,,,True,19.609436,1.189343,Ground Pass,,6390.0,Markel Susaeta Laskurain,False,False,left_to_right,False,64.0,38.9,71.3,57.1,False,False,False,False
eedd0b3f-c24a-4620-ab39-0b23738dd538,3825747,2522,2,00:27:40.805,72,40,42,Ball Receipt*,174,215,Athletic Club,Regular Play,215,Athletic Club,6390.0,Markel Susaeta Laskurain,Right Wing,71.3,57.1,,,,False,,,,,,,False,,,,,,,False,False,left_to_right,False,71.3,57.1,,,False,False,False,False
00635af5-4b4d-46a8-bd90-36f25cdd328e,3825747,2523,2,00:27:40.805,72,40,43,Carry,174,215,Athletic Club,Regular Play,215,Athletic Club,6390.0,Markel Susaeta Laskurain,Right Wing,71.3,57.1,71.3,57.1,0.714068,False,,,,,,,False,,,,,,,False,False,left_to_right,False,71.3,57.1,71.3,57.1,False,False,False,False
dbd53cfc-f039-49f0-be08-9439d923e58a,3825747,2524,2,00:27:41.520,72,41,30,Pass,174,215,Athletic Club,Regular Play,215,Athletic Club,6390.0,Markel Susaeta Laskurain,Right Wing,71.3,57.1,83.3,67.0,1.443481,False,,,,,,,True,15.55667,0.6898,Ground Pass,,6649.0,Óscar de Marcos Arana,False,False,left_to_right,False,71.3,57.1,83.3,67.0,False,False,True,False
b4710987-2323-4cfe-b70b-c6a53be90609,3825747,2525,2,00:27:42.963,72,42,42,Ball Receipt*,174,215,Athletic Club,Regular Play,215,Athletic Club,6649.0,Óscar de Marcos Arana,Right Back,83.3,67.0,,,,False,,,,,,,False,,,,,,,False,False,left_to_right,False,83.3,67.0,,,False,False,False,False
a51526d5-4f16-42c3-978b-5944264f8c2b,3825747,2526,2,00:27:42.963,72,42,43,Carry,174,215,Athletic Club,Regular Play,215,Athletic Club,6649.0,Óscar de Marcos Arana,Right Back,83.3,67.0,84.8,67.7,1.274072,False,,,,,,,False,,,,,,,False,False,left_to_right,False,83.3,67.0,84.8,67.7,False,False,False,False
9f63d79d-1441-4076-9d80-342adedb3022,3825747,2527,2,00:27:44.237,72,44,30,Pass,174,215,Athletic Club,Regular Play,215,Athletic Club,6649.0,Óscar de Marcos Arana,Right Back,84.8,67.7,83.4,61.5,1.094958,False,,,,,,,True,6.3560996,-1.7928783,Ground Pass,,6390.0,Markel Susaeta Laskurain,False,False,left_to_right,False,84.8,67.7,83.4,61.5,False,False,False,False
ea9fe284-0116-4e98-a8df-cd74e19d09e5,3825747,2528,2,00:27:45.332,72,45,42,Ball Receipt*,174,215,Athletic Club,Regular Play,215,Athletic Club,6390.0,Markel Susaeta Laskurain,Right Wing,83.4,61.5,,,,False,,,,,,,False,,,,,,,False,False,left_to_right,False,83.4,61.5,,,False,False,False,False
c26506d1-4530-431e-b672-6f9dd7fcefec,3825747,2529,2,00:27:45.332,72,45,43,Carry,174,215,Athletic Club,Regular Play,215,Athletic Club,6390.0,Markel Susaeta Laskurain,Right Wing,83.4,61.5,77.2,67.6,2.749915,True,,,,,,,False,,,,,,,False,False,left_to_right,False,83.4,61.5,77.2,67.6,False,False,False,False
b645c834-b2f8-48b4-9590-834f11f1ca31,3825747,2530,2,00:27:46.703,72,46,17,Pressure,174,215,Athletic Club,Regular Play,322,Eibar,6775.0,Daniel García Carrillo,Right Defensive Midfield,36.2,20.4,,,1.487983,False,,,,,,,False,,,,,,,False,False,left_to_right,False,36.2,20.4,,,False,False,False,False
04abc4b9-c102-42d0-a7c3-090f3b50e8ed,3825747,2531,2,00:27:48.082,72,48,30,Pass,174,215,Athletic Club,Regular Play,215,Athletic Club,6390.0,Markel Susaeta Laskurain,Right Wing,77.2,67.6,63.5,64.1,1.120212,True,,,,,,,True,14.140014,-2.8914683,Ground Pass,,6389.0,Mikel San José Domínguez,False,False,left_to_right,False,77.2,67.6,63.5,64.1,False,False,False,False
6577774d-ab7a-441c-a43a-082c3560ed57,3825747,2532,2,00:27:49.202,72,49,42,Ball Receipt*,174,215,Athletic Club,Regular Play,215,Athletic Club,6389.0,Mikel San José Domínguez,Right Defensive Midfield,63.5,64.1,,,,False,,,,,,,False,,,,,,,False,False,left_to_right,False,63.5,64.1,,,False,False,False,False
20e35e02-7c58-478e-b751-9d9be2a518d4,3825747,2533,2,00:27:49.202,72,49,30,Pass,174,215,Athletic Club,Regular Play,215,Athletic Club,6389.0,Mikel San José Domínguez,Right Defensive Midfield,64.4,64.1,76.4,70.8,0.542964,False,,,,,,,True,13.743726,0.50921863,Ground Pass,,6390.0,Markel Susaeta Laskurain,False,False,left_to_right,False,64.4,64.1,76.4,70.8,False,False,False,False
729b4d77-507d-4e3c-b641-c4aa8d9b453e,3825747,2534,2,00:27:49.745,72,49,42,Ball Receipt*,174,215,Athletic Club,Regular Play,215,Athletic Club,6390.0,Markel Susaeta Laskurain,Right Wing,76.4,70.8,,,,False,,,,,,,False,,,,,,,False,False,left_to_right,False,76.4,70.8,,,False,False,False,False
551d6fe6-7ff6-42dd-ba45-b17d13511a65,3825747,2535,2,00:27:49.745,72,49,43,Carry,174,215,Athletic Club,Regular Play,215,Athletic Club,6390.0,Markel Susaeta Laskurain,Right Wing,76.4,70.8,76.8,71.3,1.055556,False,,,,,,,False,,,,,,,False,False,left_to_right,False,76.4,70.8,76.8,71.3,False,False,False,False
138018cb-5c27-48c6-871c-fb57920cc9d1,3825747,2536,2,00:27:50.801,72,50,30,Pass,174,215,Athletic Club,Regular Play,215,Athletic Club,6390.0,Markel Susaeta Laskurain,Right Wing,76.8,71.3,83.7,61.1,0.770487,False,,,,,,,True,12.314626,-0.9760371,Ground Pass,,6396.0,Beñat Etxebarria Urkiaga,False,False,left_to_right,False,76.8,71.3,83.7,61.1,False,False,True,False
3ed0bc14-48f5-451b-8bcf-0b73525a0d34,3825747,2537,2,00:27:51.571,72,51,42,Ball Receipt*,174,215,Athletic Club,Regular Play,215,Athletic Club,6396.0,Beñat Etxebarria Urkiaga,Left Defensive Midfield,83.7,61.1,,,,False,,,,,,,False,,,,,,,False,False,left_to_right,False,83.7,61.1,,,False,False,False,False
990e0249-46f6-40b7-8898-78b38ddfb593,3825747,2538,2,00:27:51.571,72,51,43,Carry,174,215,Athletic Club,Regular Play,215,Athletic Club,6396.0,Beñat Etxebarria Urkiaga,Left Defensive Midfield,83.7,61.1,84.8,65.2,0.9377,True,,,,,,,False,,,,,,,False,False,left_to_right,False,83.7,61.1,84.8,65.2,False,False,False,False
7d2fd5f9-bdea-443d-908c-41c24f1bfade,3825747,2539,2,00:27:52.138,72,52,17,Pressure,174,215,Athletic Club,Regular Play,322,Eibar,6712.0,Gonzalo Escalante,Left Defensive Midfield,35.4,18.9,,,0.34779,False,,,,,,,False,,,,,,,False,False,left_to_right,False,35.4,18.9,,,False,False,False,False
339080da-bf3c-4541-8e6f-85057c79772b,3825747,2540,2,00:27:52.509,72,52,30,Pass,174,215,Athletic Club,Regular Play,215,Athletic Club,6396.0,Beñat Etxebarria Urkiaga,Left Defensive Midfield,84.8,65.2,100.4,62.6,1.286753,False,,,,,,Incomplete,False,15.815183,-0.16514868,Ground Pass,,6649.0,Óscar de Marcos Arana,False,False,left_to_right,False,84.8,65.2,100.4,62.6,False,True,False,True
6c517fb7-5e2c-4cce-a865-078c70570b0b,3825747,2541,2,00:27:53.796,72,53,42,Ball Receipt*,174,215,Athletic Club,Regular Play,215,Athletic Club,6649.0,Óscar de Marcos Arana,Right Back,99.9,65.2,,,,False,,,,,,,False,,,,,,,False,False,left_to_right,False,99.9,65.2,,,False,False,False,False
f6078e90-77df-43c3-b88a-f043e6a3166d,3825747,2542,2,00:27:53.796,72,53,30,Pass,175,322,Eibar,Regular Play,322,Eibar,6776.0,David Juncà Reñé,Left Back,19.7,17.5,36.4,21.8,1.104404,False,,,,,,,True,17.244709,0.25201088,Low Pass,Interception,6775.0,Daniel García Carrillo,False,False,left_to_right,False,19.7,17.5,36.4,21.8,False,False,False,False
5a3d4c8a-915d-4428-af5c-f882a7146750,3825747,2543,2,00:27:54.900,72,54,42,Ball Receipt*,175,322,Eibar,Regular Play,322,Eibar,6775.0,Daniel García Carrillo,Right Defensive Midfield,36.4,21.8,,,,False,,,,,,,False,,,,,,,False,False,left_to_right,False,36.4,21.8,,,False,False,False,False
ee8510b3-98c8-4ce2-9ef5-cb5eac0f03d2,3825747,2544,2,00:27:54.900,72,54,43,Carry,175,322,Eibar,Regular Play,322,Eibar,6775.0,Daniel García Carrillo,Right Defensive Midfield,36.4,21.8,36.1,23.1,1.234363,True,,,,,,,False,,,,,,,False,False,left_to_right,False,36.4,21.8,36.1,23.1,False,False,False,False
044213f9-1fa3-4993-868e-847b02899f54,3825747,2545,2,00:27:55.899,72,55,17,Pressure,175,322,Eibar,Regular Play,215,Athletic Club,6656.0,Mikel Rico Moreno,Center Attacking Midfield,85.3,52.5,,,0.440461,False,,,,,,,False,,,,,,,False,False,left_to_right,False,85.3,52.5,,,False,False,False,False
70699742-7e07-43e5-bd7b-52b331be741d,3825747,2546,2,00:27:56.134,72,56,30,Pass,175,322,Eibar,Regular Play,322,Eibar,6775.0,Daniel García Carrillo,Right Defensive Midfield,36.1,23.1,36.2,53.7,1.539951,True,,,,,,,True,30.600163,1.5675284,High Pass,,6699.0,Ander Capa Rodríguez,False,False,left_to_right,False,36.1,23.1,36.2,53.7,False,False,False,False
b24f0601-175b-444a-8601-8cf77fc1550d,3825747,2547,2,00:27:57.674,72,57,42,Ball Receipt*,175,322,Eibar,Regular Play,322,Eibar,6699.0,Ander Capa Rodríguez,Right Back,36.2,53.7,,,,False,,,,,,,False,,,,,,,False,False,left_to_right,False,36.2,53.7,,,False,False,False,False
2992984d-272a-43d5-8c69-e5864206fb04,3825747,2548,2,00:27:57.674,72,57,43,Carry,175,322,Eibar,Regular Play,322,Eibar,6699.0,Ander Capa Rodríguez,Right Back,36.2,53.7,55.6,71.5,6.883871,False,,,,,,,False,,,,,,,False,False,left_to_right,False,36.2,53.7,55.6,71.5,False,False,False,False
d453d862-4ba0-4017-b861-445f5b5e3427,3825747,2549,2,00:28:04.558,73,4,30,Pass,175,322,Eibar,Regular Play,322,Eibar,6699.0,Ander Capa Rodríguez,Right Back,55.6,71.5,62.5,74.3,1.005259,False,,,,,,,True,7.4464755,0.38549387,Ground Pass,,6742.0,Sergio Gontán Gallardo,False,False,left_to_right,False,55.6,71.5,62.5,74.3,False,False,False,False
60682564-72f0-4f71-9c7b-44b827930414,3825747,2550,2,00:28:05.550,73,5,17,Pressure,175,322,Eibar,Regular Play,215,Athletic Club,6789.0,Mikel Balenziaga Oruesagasti,Left Back,55.6,7.6,,,2.275019,False,,,,,,,False,,,,,,,False,False,left_to_right,False,55.6,7.6,,,False,False,False,False
64ce4753-9e34-46ab-8de7-6ed1d3272212,3825747,2551,2,00:28:05.564,73,5,42,Ball Receipt*,175,322,Eibar,Regular Play,322,Eibar,6742.0,Sergio Gontán Gallardo,Right Midfield,62.5,74.3,,,,True,,,,,,,False,,,,,,,False,False,left_to_right,False,62.5,74.3,,,False,False,False,False
5bb87af3-b4cf-423a-9706-d36b990935ae,3825747,2552,2,00:28:05.564,73,5,43,Carry,175,322,Eibar,Regular Play,322,Eibar,6742.0,Sergio Gontán Gallardo,Right Midfield,62.5,74.3,56.0,72.1,2.13341,True,,,,,,,False,,,,,,,False,False,left_to_right,False,62.5,74.3,56.0,72.1,False,False,False,False
992bbc96-d38b-4a29-b7e9-5ecbb2c14ca0,3825747,2553,2,00:28:07.697,73,7,22,Foul Committed,175,322,Eibar,Regular Play,215,Athletic Club,6789.0,Mikel Balenziaga Oruesagasti,Left Back,64.1,8.0,,,0.0,False,,,,,,,False,,,,,,,False,False,left_to_right,False,64.1,8.0,,,False,False,False,False
5a23cf7b-a6c1-4b84-8b79-7612abaf76bc,3825747,2554,2,00:28:07.697,73,7,21,Foul Won,175,322,Eibar,Regular Play,322,Eibar,6742.0,Sergio Gontán Gallardo,Right Midfield,56.0,72.1,,,0.0,True,,,,,,,False,,,,,,,False,False,left_to_right,False,56.0,72.1,,,False,False,False,False
76ed66c3-cb0f-4d4f-8548-ee35fae58497,3825747,2555,2,00:28:13.636,73,13,30,Pass,176,322,Eibar,From Free Kick,322,Eibar,6775.0,Daniel García Carrillo,Right Defensive Midfield,56.7,70.6,50.5,24.4,1.717373,False,,,,,,,True,46.614162,-1.7041985,Ground Pass,Free Kick,6712.0,Gonzalo Escalante,False,False,left_to_right,False,56.7,70.6,50.5,24.4,False,False,False,False
6f61be91-cb56-497d-b627-e555380d8bcb,3825747,2556,2,00:28:15.353,73,15,42,Ball Receipt*,176,322,Eibar,From Free Kick,322,Eibar,6712.0,Gonzalo Escalante,Left Defensive Midfield,50.5,24.4,,,,False,,,,,,,False,,,,,,,False,False,left_to_right,False,50.5,24.4,,,False,False,False,False
ac9e5403-bc7d-442e-b48f-9d4c70e2f1a9,3825747,2557,2,00:28:17.208,73,17,30,Pass,176,322,Eibar,From Free Kick,322,Eibar,6712.0,Gonzalo Escalante,Left Defensive Midfield,52.0,26.5,57.8,8.7,1.307782,False,,,,,,,True,18.721111,-1.2558024,Ground Pass,,6776.0,David Juncà Reñé,False,False,left_to_right,False,52.0,26.5,57.8,8.7,False,False,False,False
4f3debf4-fa72-4d73-ac07-e5736e9d8006,3825747,2558,2,00:28:18.516,73,18,42,Ball Receipt*,176,322,Eibar,From Free Kick,322,Eibar,6776.0,David Juncà Reñé,Left Back,57.8,8.7,,,,False,,,,,,,False,,,,,,,False,False,left_to_right,False,57.8,8.7,,,False,False,False,False
f6c71a5c-0f82-40fb-be00-a2a5a5ae2e47,3825747,2559,2,00:28:18.516,73,18,43,Carry,176,322,Eibar,From Free Kick,322,Eibar,6776.0,David Juncà Reñé,Left Back,57.8,8.7,62.6,9.1,1.187304,False,,,,,,,False,,,,,,,False,False,left_to_right,False,57.8,8.7,62.6,9.1,False,False,False,False
9afbe0cd-afc7-435e-b62e-15744569fe70,3825747,2560,2,00:28:19.703,73,19,30,Pass,176,322,Eibar,From Free Kick,322,Eibar,6776.0,David Juncà Reñé,Left Back,62.6,9.1,70.4,14.2,0.345121,False,,,,,,Incomplete,False,9.319335,0.57907426,Ground Pass,,9462.0,José Ignacio Peleteiro Ramallo,False,False,left_to_right,False,62.6,9.1,70.4,14.2,False,False,False,True
41e75c77-2c97-4f6a-a35f-63f5b7ddfaf3,3825747,2561,2,00:28:20.048,73,20,42,Ball Receipt*,176,322,Eibar,From Free Kick,322,Eibar,9462.0,José Ignacio Peleteiro Ramallo,Left Midfield,78.7,22.2,,,,False,,,,,,,False,,,,,,,False,False,left_to_right,False,78.7,22.2,,,False,False,False,False
bc12f72a-a135-400c-9ce6-a3b7ddb8ed30,3825747,2562,2,00:28:20.048,73,20,10,Interception,176,322,Eibar,From Free Kick,215,Athletic Club,6390.0,Markel Susaeta Laskurain,Right Wing,49.7,65.9,,,0.0,False,,,,,,,False,,,,,,,False,False,left_to_right,False,49.7,65.9,,,False,False,False,False
ce67304b-2742-41f0-a9a1-83692fca62b7,3825747,2563,2,00:28:21.491,73,21,17,Pressure,176,322,Eibar,From Free Kick,215,Athletic Club,6656.0,Mikel Rico Moreno,Center Attacking Midfield,54.7,57.0,,,0.747054,False,,,,,,,False,,,,,,,False,False,left_to_right,False,54.7,57.0,,,False,False,False,False
adc56d67-fca8-42e7-8744-faaa562ff92e,3825747,2564,2,00:28:22.160,73,22,2,Ball Recovery,176,322,Eibar,From Free Kick,322,Eibar,6712.0,Gonzalo Escalante,Left Defensive Midfield,63.1,23.7,,,0.0,True,,,,,,,False,,,,,,,False,False,left_to_right,False,63.1,23.7,,,False,False,False,False
6cb15010-b49a-45b3-b836-157fd1ba7f2c,3825747,2565,2,00:28:22.160,73,22,43,Carry,176,322,Eibar,From Free Kick,322,Eibar,6712.0,Gonzalo Escalante,Left Defensive Midfield,63.1,23.7,66.7,28.0,2.51038,True,,,,,,,False,,,,,,,False,False,left_to_right,False,63.1,23.7,66.7,28.0,False,False,False,False
02f80e66-bf0b-44b5-aff0-f6ea3168cda5,3825747,2566,2,00:28:24.422,73,24,17,Pressure,176,322,Eibar,From Free Kick,215,Athletic Club,6389.0,Mikel San José Domínguez,Right Defensive Midfield,48.7,52.5,,,0.389617,False,,,,,,,False,,,,,,,False,False,left_to_right,False,48.7,52.5,,,False,False,False,False
700ee987-da3f-4e29-a625-dca791cb3131,3825747,2567,2,00:28:24.670,73,24,30,Pass,176,322,Eibar,From Free Kick,322,Eibar,6712.0,Gonzalo Escalante,Left Defensive Midfield,66.7,28.0,78.3,41.4,1.529086,True,,,,,,,True,17.72343,0.8572741,Ground Pass,,6742.0,Sergio Gontán Gallardo,False,False,left_to_right,False,66.7,28.0,78.3,41.4,False,False,False,False
9a9e1677-0130-4885-8c3e-ecc454ba2ac1,3825747,2568,2,00:28:26.200,73,26,42,Ball Receipt*,176,322,Eibar,From Free Kick,322,Eibar,6742.0,Sergio Gontán Gallardo,Right Midfield,78.3,41.4,,,,False,,,,,,,False,,,,,,,False,False,left_to_right,False,78.3,41.4,,,False,False,False,False
cc5e69ba-e7fa-4b5f-a66c-0e7701dc7f9d,3825747,2569,2,00:28:26.200,73,26,43,Carry,176,322,Eibar,From Free Kick,322,Eibar,6742.0,Sergio Gontán Gallardo,Right Midfield,78.3,41.4,78.4,38.2,0.023743,False,,,,,,,False,,,,,,,False,False,left_to_right,False,78.3,41.4,78.4,38.2,False,False,False,False
dc5f4945-2cb6-4a19-a5de-7137f497ceb7,3825747,2570,2,00:28:26.223,73,26,3,Dispossessed,176,322,Eibar,From Free Kick,322,Eibar,6742.0,Sergio Gontán Gallardo,Right Midfield,78.4,38.2,,,0.0,True,,,,,,,False,,,,,,,False,False,left_to_right,False,78.4,38.2,,,False,False,False,True
070ffa2a-72e0-42d3-bbd5-bb8d44a92380,3825747,2571,2,00:28:26.223,73,26,4,Duel,176,322,Eibar,From Free Kick,215,Athletic Club,6789.0,Mikel Balenziaga Oruesagasti,Left Back,41.7,41.9,,,0.0,True,,,,,,,False,,,,,,,False,False,left_to_right,False,41.7,41.9,,,False,False,False,False
3a19c794-aca3-47bc-86ec-eaa97f04f421,3825747,2572,2,00:28:27.501,73,27,17,Pressure,176,322,Eibar,From Free Kick,322,Eibar,6742.0,Sergio Gontán Gallardo,Right Midfield,71.0,46.7,,,2.573817,False,,,,,,,False,,,,,,,False,False,left_to_right,False,71.0,46.7,,,False,False,False,False
b8e20cb0-6a34-4469-b258-6c51ddaf6fab,3825747,2573,2,00:28:27.696,73,27,2,Ball Recovery,177,215,Athletic Club,Regular Play,215,Athletic Club,6396.0,Beñat Etxebarria Urkiaga,Left Defensive Midfield,54.2,26.7,,,0.0,True,,,,,,,False,,,,,,,False,False,left_to_right,False,54.2,26.7,,,False,False,False,False
7ff7cf8a-b11b-4acb-9613-97380fbd791b,3825747,2574,2,00:28:27.696,73,27,43,Carry,177,215,Athletic Club,Regular Play,215,Athletic Club,6396.0,Beñat Etxebarria Urkiaga,Left Defensive Midfield,54.2,26.7,56.2,23.8,1.696503,True,,,,,,,False,,,,,,,False,False,left_to_right,False,54.2,26.7,56.2,23.8,False,False,False,False
0f66f17e-e096-4ec0-8d82-3d8583749a5c,3825747,2575,2,00:28:29.392,73,29,22,Foul Committed,177,215,Athletic Club,Regular Play,322,Eibar,6742.0,Sergio Gontán Gallardo,Right Midfield,63.9,56.3,,,0.0,False,,,,,,,False,,,,,,,False,False,left_to_right,False,63.9,56.3,,,False,False,False,False
ddfea5eb-9213-4ca7-967a-c05824dd1bea,3825747,2576,2,00:28:29.392,73,29,21,Foul Won,177,215,Athletic Club,Regular Play,215,Athletic Club,6396.0,Beñat Etxebarria Urkiaga,Left Defensive Midfield,56.2,23.8,,,0.0,True,,,,,,,False,,,,,,,False,False,left_to_right,False,56.2,23.8,,,False,False,False,False
1d3be59e-8db3-4bb7-b046-6aad5851dfbb,3825747,2577,2,00:29:01.211,74,1,30,Pass,178,215,Athletic Club,From Free Kick,215,Athletic Club,4353.0,Aymeric Laporte,Left Center Back,55.4,28.8,100.1,53.6,2.828407,False,,,,,,,True,51.118782,0.5065285,High Pass,Free Kick,6394.0,Aritz Aduriz Zubeldia,False,False,left_to_right,False,55.4,28.8,100.1,53.6,False,True,True,False
337b0fa1-8ad7-4f24-a727-538389f3e26f,3825747,2578,2,00:29:04.040,74,4,42,Ball Receipt*,178,215,Athletic Club,From Free Kick,215,Athletic Club,6394.0,Aritz Aduriz Zubeldia,Center Forward,100.1,53.6,,,,False,,,,,,,False,,,,,,,False,False,left_to_right,False,100.1,53.6,,,False,False,False,False
6ca44ac0-45f6-42c4-a6f5-0ce00354bd63,3825747,2579,2,00:29:04.040,74,4,30,Pass,178,215,Athletic Club,From Free Kick,215,Athletic Club,6394.0,Aritz Aduriz Zubeldia,Center Forward,100.4,55.0,103.3,40.9,1.157586,True,,,,,,Incomplete,False,14.395138,-1.3679513,High Pass,,6656.0,Mikel Rico Moreno,False,False,left_to_right,False,100.4,55.0,103.3,40.9,False,True,False,True
890dfd5b-d01e-4316-b2e1-986b19f26b43,3825747,2580,2,00:29:04.040,74,4,4,Duel,178,215,Athletic Club,From Free Kick,322,Eibar,27239.0,Aleksandar Pantić,Left Center Back,19.7,25.1,,,0.0,True,,,,,,,False,,,,,,,False,False,left_to_right,False,19.7,25.1,,,False,False,False,False
3119d17a-391b-424d-865e-8025c7968105,3825747,2581,2,00:29:05.197,74,5,42,Ball Receipt*,178,215,Athletic Club,From Free Kick,215,Athletic Club,6656.0,Mikel Rico Moreno,Center Attacking Midfield,103.3,39.8,,,,False,,,,,,,False,,,,,,,False,False,left_to_right,False,103.3,39.8,,,False,False,False,False
1d2c87ae-6588-42f3-b191-907be69bc64b,3825747,2582,2,00:29:05.197,74,5,4,Duel,178,215,Athletic Club,From Free Kick,215,Athletic Club,6656.0,Mikel Rico Moreno,Center Attacking Midfield,103.3,40.9,,,0.0,True,,,,,,,False,,,,,,,False,False,left_to_right,False,103.3,40.9,,,False,False,False,False
42a466c7-c0f2-43fe-a9f0-3c7f3bcce4b4,3825747,2583,2,00:29:05.197,74,5,9,Clearance,178,215,Athletic Club,From Free Kick,322,Eibar,6837.0,Mauro Javier Dos Santos,Right Center Back,16.8,39.2,,,0.0,True,,,,,,,False,,,,,,,False,False,left_to_right,False,16.8,39.2,,,False,False,False,False
285e99c9-87d1-402f-8e86-6cc8e1a3df3a,3825747,2584,2,00:29:06.806,74,6,9,Clearance,178,215,Athletic Club,From Free Kick,322,Eibar,6712.0,Gonzalo Escalante,Left Defensive Midfield,20.0,42.0,,,0.0,True,,,,,,,False,,,,,,,False,False,left_to_right,False,20.0,42.0,,,False,False,False,False
cad88ada-4898-4fce-ad02-533bf63ec933,3825747,2585,2,00:29:08.698,74,8,2,Ball Recovery,178,215,Athletic Club,From Free Kick,215,Athletic Club,6396.0,Beñat Etxebarria Urkiaga,Left Defensive Midfield,90.9,40.5,,,0.0,False,,,,,,,False,,,,,,,False,False,left_to_right,False,90.9,40.5,,,False,False,False,False
ac58ec25-6189-4758-8b11-879130baa5f5,3825747,2586,2,00:29:08.698,74,8,43,Carry,178,215,Athletic Club,From Free Kick,215,Athletic Club,6396.0,Beñat Etxebarria Urkiaga,Left Defensive Midfield,90.9,40.5,92.6,43.6,0.963532,False,,,,,,,False,,,,,,,False,False,left_to_right,False,90.9,40.5,92.6,43.6,False,False,False,False
9f6b0cd7-ceb0-4c3e-aea4-c9530f9e5179,3825747,2587,2,00:29:09.661,74,9,30,Pass,178,215,Athletic Club,From Free Kick,215,Athletic Club,6396.0,Beñat Etxebarria Urkiaga,Left Defensive Midfield,92.6,43.6,94.0,43.6,0.201597,False,,,,,,Incomplete,False,1.4,0.0,Ground Pass,,6656.0,Mikel Rico Moreno,False,False,left_to_right,False,92.6,43.6,94.0,43.6,False,False,False,True
e4675950-70b1-491d-9f85-9f027c4adcde,3825747,2588,2,00:29:09.863,74,9,42,Ball Receipt*,178,215,Athletic Club,From Free Kick,215,Athletic Club,6656.0,Mikel Rico Moreno,Center Attacking Midfield,98.5,48.1,,,,False,,,,,,,False,,,,,,,False,False,left_to_right,False,98.5,48.1,,,False,False,False,False
952b7778-7096-43d5-b287-d1b850dba55f,3825747,2589,2,00:29:09.863,74,9,6,Block,178,215,Athletic Club,From Free Kick,322,Eibar,6712.0,Gonzalo Escalante,Left Defensive Midfield,26.1,36.5,,,0.0,False,,,,,,,False,,,,,,,False,False,left_to_right,False,26.1,36.5,,,False,False,False,False
7ea137c7-3c67-402d-a9ba-5a10cc87392c,3825747,2590,2,00:29:10.860,74,10,2,Ball Recovery,179,322,Eibar,Regular Play,322,Eibar,6775.0,Daniel García Carrillo,Right Defensive Midfield,22.4,35.2,,,0.0,False,,,,,,,False,,,,,,,False,False,left_to_right,False,22.4,35.2,,,False,False,False,False
233589eb-ef2d-405c-a5de-12e0e33cdb35,3825747,2591,2,00:29:10.860,74,10,43,Carry,179,322,Eibar,Regular Play,322,Eibar,6775.0,Daniel García Carrillo,Right Defensive Midfield,22.4,35.2,19.6,38.8,0.826715,True,,,,,,,False,,,,,,,False,False,left_to_right,False,22.4,35.2,19.6,38.8,False,False,False,False
0b6d4d20-cdc0-48ad-8823-d93346b122e1,3825747,2592,2,00:29:11.079,74,11,17,Pressure,179,322,Eibar,Regular Play,215,Athletic Club,6656.0,Mikel Rico Moreno,Center Attacking Midfield,97.7,40.9,,,0.631149,False,,,,,,,False,,,,,,,False,False,left_to_right,False,97.7,40.9,,,False,False,False,False
1ab307a2-f5f0-4bb2-a909-6d936b822fae,3825747,2593,2,00:29:11.687,74,11,30,Pass,179,322,Eibar,Regular Play,322,Eibar,6775.0,Daniel García Carrillo,Right Defensive Midfield,19.6,38.8,2.0,42.6,1.774452,True,,,,,,,True,18.005554,2.9289477,Ground Pass,,10763.0,Asier Riesgo Unamuno,False,False,left_to_right,False,19.6,38.8,2.0,42.6,False,False,False,False
c002b98d-90e2-4cbc-8419-95074c1d64cd,3825747,2594,2,00:29:13.462,74,13,42,Ball Receipt*,179,322,Eibar,Regular Play,322,Eibar,10763.0,Asier Riesgo Unamuno,Goalkeeper,2.0,42.6,,,,False,,,,,,,False,,,,,,,False,False,left_to_right,False,2.0,42.6,,,False,False,False,False
3f82d5e0-5a48-456f-abff-97a01a08f7cd,3825747,2595,2,00:29:13.462,74,13,30,Pass,179,322,Eibar,Regular Play,322,Eibar,10763.0,Asier Riesgo Unamuno,Goalkeeper,3.9,44.0,55.6,28.0,2.724731,False,,,,,,Incomplete,False,54.11922,-0.30012915,High Pass,,,,False,False,left_to_right,False,3.9,44.0,55.6,28.0,False,True,False,True
b05c6ead-05c6-4d33-b4e3-15242ffe7053,3825747,2596,2,00:29:16.186,74,16,10,Interception,179,322,Eibar,Regular Play,215,Athletic Club,6386.0,Eneko Bóveda Altube,Right Center Back,64.5,52.1,,,0.0,False,,,,,,,False,,,,,,,False,False,left_to_right,False,64.5,52.1,,,False,False,False,False
d43b0906-e033-4210-b40f-6aab34c0b7fb,3825747,2597,2,00:29:18.716,74,18,17,Pressure,179,322,Eibar,Regular Play,215,Athletic Club,6386.0,Eneko Bóveda Altube,Right Center Back,69.6,74.6,,,0.338152,False,,,,,,,False,,,,,,,False,False,left_to_right,False,69.6,74.6,,,False,False,False,False
a2250457-be15-4045-857e-19bd50cbe7b0,3825747,2598,2,00:29:18.895,74,18,30,Pass,179,322,Eibar,Regular Play,322,Eibar,6566.0,Borja González Tomás,Right Center Forward,49.6,3.8,35.4,20.0,1.260994,True,,,,,,,True,21.542517,2.2904997,Ground Pass,Recovery,6776.0,David Juncà Reñé,False,False,left_to_right,False,49.6,3.8,35.4,20.0,False,False,False,False
09df2486-a2b2-477a-a2b3-24caa269c76b,3825747,2599,2,00:29:20.156,74,20,42,Ball Receipt*,179,322,Eibar,Regular Play,322,Eibar,6776.0,David Juncà Reñé,Left Back,35.4,20.0,,,,False,,,,,,,False,,,,,,,False,False,left_to_right,False,35.4,20.0,,,False,False,False,False
d924cb5a-51db-4f4a-9376-648364f5590b,3825747,2600,2,00:29:20.156,74,20,43,Carry,179,322,Eibar,Regular Play,322,Eibar,6776.0,David Juncà Reñé,Left Back,35.4,20.0,37.2,11.5,0.864425,True,,,,,,,False,,,,,,,False,False,left_to_right,False,35.4,20.0,37.2,11.5,False,False,False,False
dbf6e198-7308-47d1-aeb2-ef39be16a96e,3825747,2601,2,00:29:20.776,74,20,17,Pressure,179,322,Eibar,Regular Play,215,Athletic Club,6390.0,Markel Susaeta Laskurain,Right Wing,82.0,65.3,,,0.390023,False,,,,,,,False,,,,,,,False,False,left_to_right,False,82.0,65.3,,,False,False,False,False
7d811dd5-ec6d-4742-9db4-4611da6541d1,3825747,2602,2,00:29:21.020,74,21,22,Foul Committed,179,322,Eibar,Regular Play,215,Athletic Club,6390.0,Markel Susaeta Laskurain,Right Wing,82.9,68.6,,,0.0,False,,,,,,,False,,,,,,,False,False,left_to_right,False,82.9,68.6,,,False,False,False,False
c8bb54f6-5d78-4aa3-b910-51e707e1eadb,3825747,2603,2,00:29:21.020,74,21,21,Foul Won,179,322,Eibar,Regular Play,322,Eibar,6776.0,David Juncà Reñé,Left Back,37.2,11.5,,,0.0,True,,,,,,,False,,,,,,,False,False,left_to_right,False,37.2,11.5,,,False,False,False,False
9e541e08-2e3c-4ed7-9718-e76224016646,3825747,2604,2,00:29:50.381,74,50,30,Pass,180,322,Eibar,From Free Kick,322,Eibar,27239.0,Aleksandar Pantić,Left Center Back,35.7,8.8,90.7,26.3,2.639677,False,,,,,,,True,57.716984,0.30805278,High Pass,Free Kick,6700.0,Sergio Enrich Ametller,False,False,left_to_right,False,35.7,8.8,90.7,26.3,False,True,True,False
f2fe19ea-f6e9-4e85-adee-62240e557ea0,3825747,2605,2,00:29:53.021,74,53,42,Ball Receipt*,180,322,Eibar,From Free Kick,322,Eibar,6700.0,Sergio Enrich Ametller,Left Center Forward,90.7,26.3,,,,False,,,,,,,False,,,,,,,False,False,left_to_right,False,90.7,26.3,,,False,False,False,False
8fd93b92-a0e4-47f6-bf77-2dbbb64ea666,3825747,2606,2,00:29:53.046,74,53,30,Pass,180,322,Eibar,From Free Kick,322,Eibar,6700.0,Sergio Enrich Ametller,Left Center Forward,90.7,26.3,110.2,22.1,1.811249,False,,,,,,Incomplete,False,19.94718,-0.21214375,High Pass,,6566.0,Borja González Tomás,False,False,left_to_right,False,90.7,26.3,110.2,22.1,False,True,False,True
10823e7e-a14e-4f25-ac40-9959cb708f50,3825747,2607,2,00:29:54.685,74,54,17,Pressure,180,322,Eibar,From Free Kick,322,Eibar,6566.0,Borja González Tomás,Right Center Forward,108.9,23.0,,,2.755669,False,,,,,,,False,,,,,,,False,False,left_to_right,False,108.9,23.0,,,False,False,False,False
c5634def-09d7-4635-8f70-bfeb27001df5,3825747,2608,2,00:29:54.857,74,54,42,Ball Receipt*,180,322,Eibar,From Free Kick,322,Eibar,6566.0,Borja González Tomás,Right Center Forward,109.8,22.5,,,,False,,,,,,,False,,,,,,,False,False,left_to_right,False,109.8,22.5,,,False,False,False,False
1557f8ef-638f-4794-9458-26aba52017d0,3825747,2609,2,00:29:54.857,74,54,10,Interception,180,322,Eibar,From Free Kick,215,Athletic Club,6649.0,Óscar de Marcos Arana,Right Back,9.9,58.0,,,0.0,True,,,,,,,False,,,,,,,False,False,left_to_right,False,9.9,58.0,,,False,False,False,False
441c9337-1d49-4b8a-97ed-273ef806dd40,3825747,2610,2,00:29:54.857,74,54,43,Carry,180,322,Eibar,From Free Kick,215,Athletic Club,6649.0,Óscar de Marcos Arana,Right Back,9.9,58.0,3.2,67.0,2.52768,True,,,,,,,False,,,,,,,False,False,left_to_right,False,9.9,58.0,3.2,67.0,False,False,False,False
60119eb0-91e8-4c82-87d9-08ec38230bf5,3825747,2611,2,00:29:57.385,74,57,30,Pass,180,322,Eibar,From Free Kick,215,Athletic Club,6649.0,Óscar de Marcos Arana,Right Back,3.2,67.0,26.6,79.7,2.313724,True,,,,,,Out,False,26.624237,0.4972484,Low Pass,,,,False,False,left_to_right,False,3.2,67.0,26.6,79.7,False,False,False,True
5d6787f2-c030-4b28-9a87-88483788f9ce,3825747,2612,2,00:30:05.163,75,5,30,Pass,181,322,Eibar,From Throw In,322,Eibar,6776.0,David Juncà Reñé,Left Back,86.6,0.1,98.0,13.4,1.140971,False,,,,,,,True,17.517134,0.86217004,Low Pass,Throw-in,6700.0,Sergio Enrich Ametller,False,False,left_to_right,False,86.6,0.1,98.0,13.4,False,True,False,False
b74cd9fd-4b56-471d-a1d1-aed5d5df418d,3825747,2613,2,00:30:06.304,75,6,42,Ball Receipt*,181,322,Eibar,From Throw In,322,Eibar,6700.0,Sergio Enrich Ametller,Left Center Forward,98.0,13.4,,,,False,,,,,,,False,,,,,,,False,False,left_to_right,False,98.0,13.4,,,False,False,False,False
fe5fc98b-5723-4d68-84ac-90ae3ff4202a,3825747,2614,2,00:30:06.304,75,6,30,Pass,181,322,Eibar,From Throw In,322,Eibar,6700.0,Sergio Enrich Ametller,Left Center Forward,98.0,14.9,90.1,21.8,0.718804,False,,,,,,,True,10.489042,2.4236596,Ground Pass,,9462.0,José Ignacio Peleteiro Ramallo,False,False,left_to_right,False,98.0,14.9,90.1,21.8,False,False,False,False
647a0fcd-eed3-4bbd-b574-cb3df893b84e,3825747,2615,2,00:30:07.022,75,7,42,Ball Receipt*,181,322,Eibar,From Throw In,322,Eibar,9462.0,José Ignacio Peleteiro Ramallo,Left Midfield,90.1,21.8,,,,False,,,,,,,False,,,,,,,False,False,left_to_right,False,90.1,21.8,,,False,False,False,False
c0fc4b02-52da-4804-9ea3-bab355213748,3825747,2616,2,00:30:07.022,75,7,43,Carry,181,322,Eibar,From Throw In,322,Eibar,9462.0,José Ignacio Peleteiro Ramallo,Left Midfield,90.1,21.8,90.3,21.7,0.117963,False,,,,,,,False,,,,,,,False,False,left_to_right,False,90.1,21.8,90.3,21.7,False,False,False,False
3e6b53cf-3543-4103-b04b-b3d43622c887,3825747,2617,2,00:30:07.140,75,7,38,Miscontrol,181,322,Eibar,From Throw In,322,Eibar,9462.0,José Ignacio Peleteiro Ramallo,Left Midfield,90.3,21.7,,,0.0,False,,,,,,,False,,,,,,,False,False,left_to_right,False,90.3,21.7,,,False,False,False,True
41b0fcb3-6cb8-4324-9a9b-da3df82705e6,3825747,2618,2,00:30:08.217,75,8,30,Pass,181,322,Eibar,From Throw In,215,Athletic Club,6649.0,Óscar de Marcos Arana,Right Back,16.4,68.9,43.4,69.4,2.248547,False,,,,,,Incomplete,False,27.00463,0.018516403,High Pass,Recovery,,,False,False,left_to_right,False,16.4,68.9,43.4,69.4,False,False,False,True
e6168eaa-c9ce-4a72-93f7-169017cae7e4,3825747,2619,2,00:30:10.465,75,10,2,Ball Recovery,181,322,Eibar,From Throw In,322,Eibar,6775.0,Daniel García Carrillo,Right Defensive Midfield,76.7,10.7,,,0.0,False,,,,,,,False,,,,,,,False,False,left_to_right,False,76.7,10.7,,,False,False,False,False
57b3fbea-f07e-4934-aa93-d864014502c7,3825747,2620,2,00:30:10.465,75,10,43,Carry,181,322,Eibar,From Throw In,322,Eibar,6775.0,Daniel García Carrillo,Right Defensive Midfield,76.7,10.7,76.3,10.3,0.96487,False,,,,,,,False,,,,,,,False,False,left_to_right,False,76.7,10.7,76.3,10.3,False,False,False,False
7b8b04d2-4781-4ed4-bd27-7d259b979d16,3825747,2621,2,00:30:11.430,75,11,30,Pass,181,322,Eibar,From Throw In,322,Eibar,6775.0,Daniel García Carrillo,Right Defensive Midfield,76.3,10.3,104.7,29.4,2.913364,False,,,,,,Pass Offside,False,34.225285,0.5920544,High Pass,,6566.0,Borja González Tomás,False,False,left_to_right,False,76.3,10.3,104.7,29.4,False,True,True,True
6f20c99b-cf4f-4e99-b133-62673a6e48c2,3825747,2622,2,00:30:14.343,75,14,42,Ball Receipt*,181,322,Eibar,From Throw In,322,Eibar,6566.0,Borja González Tomás,Right Center Forward,104.7,29.4,,,,False,,,,,,,False,,,,,,,False,False,left_to_right,False,104.7,29.4,,,False,False,False,False
53b59e3f-f5a8-4d89-8d91-74f5b6ac0c43,3825747,2623,2,00:30:37.343,75,37,30,Pass,182,215,Athletic Club,From Free Kick,215,Athletic Club,6662.0,Iago Herrerín Buisán,Goalkeeper,15.9,46.0,70.3,10.0,3.394028,False,,,,,,,True,65.23312,-0.5846013,High Pass,Free Kick,6666.0,Sabin Merino Zuloaga,False,False,left_to_right,False,15.9,46.0,70.3,10.0,False,True,False,False
db051a50-ef96-4aef-a38a-31f95ca03f56,3825747,2624,2,00:30:40.737,75,40,42,Ball Receipt*,182,215,Athletic Club,From Free Kick,215,Athletic Club,6666.0,Sabin Merino Zuloaga,Left Wing,70.3,10.0,,,,False,,,,,,,False,,,,,,,False,False,left_to_right,False,70.3,10.0,,,False,False,False,False
c75a80e6-53a5-4035-8a7e-cc46234f83a1,3825747,2625,2,00:30:40.737,75,40,30,Pass,182,215,Athletic Club,From Free Kick,215,Athletic Club,6666.0,Sabin Merino Zuloaga,Left Wing,70.3,10.0,86.5,9.7,2.20024,False,,,,,,Incomplete,False,16.202778,-0.018516403,Low Pass,,6394.0,Aritz Aduriz Zubeldia,False,False,left_to_right,False,70.3,10.0,86.5,9.7,False,False,True,True
52000fe5-ccc8-452a-a309-832dce5755a6,3825747,2626,2,00:30:42.937,75,42,42,Ball Receipt*,182,215,Athletic Club,From Free Kick,215,Athletic Club,6394.0,Aritz Aduriz Zubeldia,Center Forward,83.7,8.6,,,,False,,,,,,,False,,,,,,,False,False,left_to_right,False,83.7,8.6,,,False,False,False,False
56788b85-a7d6-45b9-880d-5ddd86eac920,3825747,2627,2,00:30:42.937,75,42,2,Ball Recovery,182,215,Athletic Club,From Free Kick,322,Eibar,6699.0,Ander Capa Rodríguez,Right Back,33.6,70.4,,,0.0,False,,,,,,,False,,,,,,,False,False,left_to_right,False,33.6,70.4,,,False,False,False,False
bcc2b47d-0209-4270-a3be-492caf1328d8,3825747,2628,2,00:31:07.064,76,7,30,Pass,183,215,Athletic Club,From Throw In,215,Athletic Club,6789.0,Mikel Balenziaga Oruesagasti,Left Back,84.0,0.1,98.7,7.1,1.247762,False,,,,,,,True,16.281584,0.4444192,High Pass,Throw-in,6666.0,Sabin Merino Zuloaga,False,False,left_to_right,False,84.0,0.1,98.7,7.1,False,True,False,False
5d46aa0d-c7e3-4402-9d14-c9db5254e542,3825747,2629,2,00:31:08.312,76,8,42,Ball Receipt*,183,215,Athletic Club,From Throw In,215,Athletic Club,6666.0,Sabin Merino Zuloaga,Left Wing,98.7,7.1,,,,False,,,,,,,False,,,,,,,False,False,left_to_right,False,98.7,7.1,,,False,False,False,False
0c4e2ec5-4960-4a1f-8540-87f27e51b10f,3825747,2630,2,00:31:08.352,76,8,30,Pass,183,215,Athletic Club,From Throw In,215,Athletic Club,6666.0,Sabin Merino Zuloaga,Left Wing,99.1,7.1,110.9,18.3,1.465121,False,,,,,,Incomplete,False,16.26899,0.7593171,Low Pass,,,,False,False,left_to_right,False,99.1,7.1,110.9,18.3,False,True,False,True
a0dcec0b-1e4a-46ae-a4d4-a57e8a11182d,3825747,2631,2,00:31:09.817,76,9,9,Clearance,183,215,Athletic Club,From Throw In,322,Eibar,6837.0,Mauro Javier Dos Santos,Right Center Back,9.2,61.8,,,0.0,True,,,,,,,False,,,,,,,False,False,left_to_right,False,9.2,61.8,,,False,False,False,False
159cc2aa-6af8-447a-a6ff-0c5355f2c742,3825747,2632,2,00:31:12.340,76,12,10,Interception,183,215,Athletic Club,From Throw In,215,Athletic Club,6389.0,Mikel San José Domínguez,Right Defensive Midfield,72.3,30.3,,,0.0,False,,,,,,,False,,,,,,,False,False,left_to_right,False,72.3,30.3,,,False,False,False,False
e3705c42-9451-4d5a-99d6-0ede5a283af7,3825747,2633,2,00:31:13.660,76,13,30,Pass,183,215,Athletic Club,From Throw In,215,Athletic Club,6390.0,Markel Susaeta Laskurain,Right Wing,71.4,37.7,71.3,52.8,0.948472,False,,,,,,,True,15.100331,1.5774188,Low Pass,Recovery,6649.0,Óscar de Marcos Arana,False,False,left_to_right,False,71.4,37.7,71.3,52.8,False,False,False,False
e578fe3d-4051-4bd4-a36c-6dd0cae24d74,3825747,2634,2,00:31:14.609,76,14,42,Ball Receipt*,183,215,Athletic Club,From Throw In,215,Athletic Club,6649.0,Óscar de Marcos Arana,Right Back,71.3,52.8,,,,False,,,,,,,False,,,,,,,False,False,left_to_right,False,71.3,52.8,,,False,False,False,False
4e6838ca-98e7-4f96-92a1-cb5f084e08ab,3825747,2635,2,00:31:14.609,76,14,43,Carry,183,215,Athletic Club,From Throw In,215,Athletic Club,6649.0,Óscar de Marcos Arana,Right Back,71.3,52.8,85.3,72.7,7.684893,False,,,,,,,False,,,,,,,False,False,left_to_right,False,71.3,52.8,85.3,72.7,False,False,False,False
0c357996-8a21-462b-a6d3-c0ee7d65c325,3825747,2636,2,00:31:22.294,76,22,30,Pass,183,215,Athletic Club,From Throw In,215,Athletic Club,6649.0,Óscar de Marcos Arana,Right Back,85.3,72.7,77.2,70.3,1.498842,False,,,,,,,True,8.448076,-2.8535373,Ground Pass,,6386.0,Eneko Bóveda Altube,False,False,left_to_right,False,85.3,72.7,77.2,70.3,False,False,False,False
35f1b453-ec1d-40bb-9376-b461091008d6,3825747,2637,2,00:31:23.793,76,23,42,Ball Receipt*,183,215,Athletic Club,From Throw In,215,Athletic Club,6386.0,Eneko Bóveda Altube,Right Center Back,77.2,70.3,,,,False,,,,,,,False,,,,,,,False,False,left_to_right,False,77.2,70.3,,,False,False,False,False
94c517f6-ce1a-4ef5-ac19-2307fd03a2a4,3825747,2638,2,00:31:23.793,76,23,43,Carry,183,215,Athletic Club,From Throw In,215,Athletic Club,6386.0,Eneko Bóveda Altube,Right Center Back,77.2,70.3,77.2,70.3,0.079999,False,,,,,,,False,,,,,,,False,False,left_to_right,False,77.2,70.3,77.2,70.3,False,False,False,False
70a8ccec-8e44-487f-a9fd-4a3a101f8562,3825747,2639,2,00:31:23.873,76,23,30,Pass,183,215,Athletic Club,From Throw In,215,Athletic Club,6386.0,Eneko Bóveda Altube,Right Center Back,77.2,70.3,83.9,50.9,1.342684,False,,,,,,,True,20.524376,-1.2382604,Low Pass,,6396.0,Beñat Etxebarria Urkiaga,False,False,left_to_right,False,77.2,70.3,83.9,50.9,False,True,True,False
8deca22f-e545-440a-b8f6-7caeda737856,3825747,2640,2,00:31:25.215,76,25,42,Ball Receipt*,183,215,Athletic Club,From Throw In,215,Athletic Club,6396.0,Beñat Etxebarria Urkiaga,Left Defensive Midfield,83.9,50.9,,,,False,,,,,,,False,,,,,,,False,False,left_to_right,False,83.9,50.9,,,False,False,False,False
b615f899-2d87-43e4-81c1-60eb14f44b55,3825747,2641,2,00:31:25.215,76,25,30,Pass,183,215,Athletic Club,From Throw In,215,Athletic Club,6396.0,Beñat Etxebarria Urkiaga,Left Defensive Midfield,83.9,50.9,116.6,67.7,4.047048,False,,,,,,Incomplete,False,36.76316,0.47459608,High Pass,,6656.0,Mikel Rico Moreno,False,False,left_to_right,False,83.9,50.9,116.6,67.7,False,True,False,True
0b5840f3-7c03-4f88-835b-772cbed469d3,3825747,2642,2,00:31:28.742,76,28,17,Pressure,183,215,Athletic Club,From Throw In,215,Athletic Club,6656.0,Mikel Rico Moreno,Center Attacking Midfield,112.4,67.7,,,0.524525,False,,,,,,,False,,,,,,,False,False,left_to_right,False,112.4,67.7,,,False,False,False,False
d8c4a39a-8617-4315-aa9b-7084961fb500,3825747,2643,2,00:31:29.262,76,29,42,Ball Receipt*,183,215,Athletic Club,From Throw In,215,Athletic Club,6656.0,Mikel Rico Moreno,Center Attacking Midfield,115.6,66.3,,,,False,,,,,,,False,,,,,,,False,False,left_to_right,False,115.6,66.3,,,False,False,False,False
2b0f80fb-8e7a-4230-a0a9-529f372af1a7,3825747,2644,2,00:31:29.262,76,29,10,Interception,183,215,Athletic Club,From Throw In,322,Eibar,6776.0,David Juncà Reñé,Left Back,3.5,12.4,,,0.0,True,,,,,,,False,,,,,,,False,False,left_to_right,False,3.5,12.4,,,False,False,False,False
1cf6f05a-e95c-4dc2-873f-0782b071ed81,3825747,2645,2,00:31:40.565,76,40,30,Pass,184,215,Athletic Club,From Throw In,215,Athletic Club,6649.0,Óscar de Marcos Arana,Right Back,111.2,80.0,97.8,70.4,1.056219,False,,,,,,,True,16.483932,-2.5199327,Low Pass,Throw-in,6656.0,Mikel Rico Moreno,False,False,left_to_right,False,111.2,80.0,97.8,70.4,False,False,False,False
3f2eeeb3-bdb9-4646-b8cd-975982d8a6fa,3825747,2646,2,00:31:41.622,76,41,42,Ball Receipt*,184,215,Athletic Club,From Throw In,215,Athletic Club,6656.0,Mikel Rico Moreno,Center Attacking Midfield,97.8,70.4,,,,False,,,,,,,False,,,,,,,False,False,left_to_right,False,97.8,70.4,,,False,False,False,False
c7df4342-03a9-458e-aa68-e100aa03f480,3825747,2647,2,00:31:41.622,76,41,43,Carry,184,215,Athletic Club,From Throw In,215,Athletic Club,6656.0,Mikel Rico Moreno,Center Attacking Midfield,97.8,70.4,83.7,75.5,2.809866,True,,,,,,,False,,,,,,,False,False,left_to_right,False,97.8,70.4,83.7,75.5,False,False,False,False
51523338-58ad-40b1-a3d7-ef406d03c191,3825747,2648,2,00:31:41.758,76,41,17,Pressure,184,215,Athletic Club,From Throw In,322,Eibar,9462.0,José Ignacio Peleteiro Ramallo,Left Midfield,22.3,11.7,,,2.673529,False,,,,,,,False,,,,,,,False,False,left_to_right,False,22.3,11.7,,,False,False,False,False
11b34710-0014-4c7b-8ec0-7814f18ce4d2,3825747,2649,2,00:31:44.431,76,44,3,Dispossessed,184,215,Athletic Club,From Throw In,215,Athletic Club,6656.0,Mikel Rico Moreno,Center Attacking Midfield,83.7,75.5,,,0.0,True,,,,,,,False,,,,,,,False,False,left_to_right,False,83.7,75.5,,,False,False,False,True
420b26a5-2bb4-4273-96f6-a6359629d458,3825747,2650,2,00:31:44.431,76,44,4,Duel,185,322,Eibar,Regular Play,322,Eibar,9462.0,José Ignacio Peleteiro Ramallo,Left Midfield,36.4,4.6,,,0.0,True,,,,,,,False,,,,,,,False,False,left_to_right,False,36.4,4.6,,,False,False,False,False
be82af10-bf29-459b-93e3-a62465b3decd,3825747,2651,2,00:31:45.823,76,45,2,Ball Recovery,185,322,Eibar,Regular Play,322,Eibar,6700.0,Sergio Enrich Ametller,Left Center Forward,42.7,8.8,,,0.0,False,,,,,,,False,,,,,,,False,False,left_to_right,False,42.7,8.8,,,False,False,False,False
156b2619-da35-45d0-b3e2-e121b689ad00,3825747,2652,2,00:31:45.823,76,45,43,Carry,185,322,Eibar,Regular Play,322,Eibar,6700.0,Sergio Enrich Ametller,Left Center Forward,42.7,8.8,35.4,12.5,0.92579,False,,,,,,,False,,,,,,,False,False,left_to_right,False,42.7,8.8,35.4,12.5,False,False,False,False
5c1a928f-6f1b-4e6d-9c82-98bb0837b259,3825747,2653,2,00:31:46.749,76,46,30,Pass,185,322,Eibar,Regular Play,322,Eibar,6700.0,Sergio Enrich Ametller,Left Center Forward,35.4,12.5,33.6,21.4,0.997764,False,,,,,,,True,9.080198,1.7703518,Ground Pass,,6775.0,Daniel García Carrillo,False,False,left_to_right,False,35.4,12.5,33.6,21.4,False,False,False,False
b7a53069-0fdf-4844-beda-dad3e0bbb605,3825747,2654,2,00:31:47.747,76,47,42,Ball Receipt*,185,322,Eibar,Regular Play,322,Eibar,6775.0,Daniel García Carrillo,Right Defensive Midfield,33.6,21.4,,,,False,,,,,,,False,,,,,,,False,False,left_to_right,False,33.6,21.4,,,False,False,False,False
6c882857-5574-4858-ba45-ad2cbd4442ab,3825747,2655,2,00:31:47.747,76,47,43,Carry,185,322,Eibar,Regular Play,322,Eibar,6775.0,Daniel García Carrillo,Right Defensive Midfield,33.6,21.4,27.1,25.9,3.786452,True,,,,,,,False,,,,,,,False,False,left_to_right,False,33.6,21.4,27.1,25.9,False,False,False,False
7bfb0066-e7f4-408a-8f68-87172b23f28a,3825747,2656,2,00:31:50.639,76,50,17,Pressure,185,322,Eibar,Regular Play,215,Athletic Club,6386.0,Eneko Bóveda Altube,Right Center Back,89.8,56.4,,,0.892346,False,,,,,,,False,,,,,,,False,False,left_to_right,False,89.8,56.4,,,False,False,False,False
0011c985-8cb8-49a7-b7f6-c0fcfce79de5,3825747,2657,2,00:31:51.533,76,51,30,Pass,185,322,Eibar,Regular Play,322,Eibar,6775.0,Daniel García Carrillo,Right Defensive Midfield,27.1,25.9,49.5,75.3,2.960335,False,,,,,,,True,54.241314,1.1450843,High Pass,,6699.0,Ander Capa Rodríguez,False,False,left_to_right,False,27.1,25.9,49.5,75.3,False,False,False,False
2778a69c-1fea-450c-87f1-77bdca943954,3825747,2658,2,00:31:54.494,76,54,42,Ball Receipt*,185,322,Eibar,Regular Play,322,Eibar,6699.0,Ander Capa Rodríguez,Right Back,49.5,75.3,,,,False,,,,,,,False,,,,,,,False,False,left_to_right,False,49.5,75.3,,,False,False,False,False
666e9068-5ac9-4131-ad24-22253156b142,3825747,2659,2,00:31:54.494,76,54,43,Carry,185,322,Eibar,Regular Play,322,Eibar,6699.0,Ander Capa Rodríguez,Right Back,49.5,75.3,57.1,74.5,1.405507,True,,,,,,,False,,,,,,,False,False,left_to_right,False,49.5,75.3,57.1,74.5,False,False,False,False
b1bdcc72-9995-48aa-87f5-bd53be170992,3825747,2660,2,00:31:55.318,76,55,17,Pressure,185,322,Eibar,Regular Play,215,Athletic Club,6666.0,Sabin Merino Zuloaga,Left Wing,69.2,9.7,,,0.518989,False,,,,,,,False,,,,,,,False,False,left_to_right,False,69.2,9.7,,,False,False,False,False
f5438f71-214e-492f-94d8-8162d4274390,3825747,2661,2,00:31:55.899,76,55,30,Pass,185,322,Eibar,Regular Play,322,Eibar,6699.0,Ander Capa Rodríguez,Right Back,57.1,74.5,69.8,75.4,1.496344,False,,,,,,,True,12.73185,0.07074787,Ground Pass,,6566.0,Borja González Tomás,False,False,left_to_right,False,57.1,74.5,69.8,75.4,False,False,False,False
b30a6b22-1d91-41f1-8587-c0cc1c8e44c1,3825747,2662,2,00:31:57.396,76,57,42,Ball Receipt*,185,322,Eibar,Regular Play,322,Eibar,6566.0,Borja González Tomás,Right Center Forward,69.8,75.4,,,,False,,,,,,,False,,,,,,,False,False,left_to_right,False,69.8,75.4,,,False,False,False,False
47dd4706-9374-434f-9870-7cc901626386,3825747,2663,2,00:31:57.396,76,57,43,Carry,185,322,Eibar,Regular Play,322,Eibar,6566.0,Borja González Tomás,Right Center Forward,69.8,75.4,70.0,75.3,0.040000003,False,,,,,,,False,,,,,,,False,False,left_to_right,False,69.8,75.4,70.0,75.3,False,False,False,False
e0e8b203-ba8f-4a59-b4a2-d02076efc6eb,3825747,2664,2,00:31:57.436,76,57,30,Pass,185,322,Eibar,Regular Play,322,Eibar,6566.0,Borja González Tomás,Right Center Forward,70.0,75.3,72.8,61.8,1.127325,False,,,,,,,True,13.787313,-1.3662885,Ground Pass,,6742.0,Sergio Gontán Gallardo,False,False,left_to_right,False,70.0,75.3,72.8,61.8,False,False,False,False
b198184c-31ea-4ac2-82ce-5a152007b6e5,3825747,2665,2,00:31:58.563,76,58,42,Ball Receipt*,185,322,Eibar,Regular Play,322,Eibar,6742.0,Sergio Gontán Gallardo,Right Midfield,72.8,61.8,,,,False,,,,,,,False,,,,,,,False,False,left_to_right,False,72.8,61.8,,,False,False,False,False
5fd639e9-192f-403a-8f29-a2a814ae93ef,3825747,2666,2,00:31:58.563,76,58,43,Carry,185,322,Eibar,Regular Play,322,Eibar,6742.0,Sergio Gontán Gallardo,Right Midfield,72.8,61.8,78.9,43.8,1.422778,False,,,,,,,False,,,,,,,False,False,left_to_right,False,72.8,61.8,78.9,43.8,False,False,False,False
f2f475f7-a565-42d3-ac9a-7a65e20c38b2,3825747,2667,2,00:31:59.986,76,59,30,Pass,185,322,Eibar,Regular Play,322,Eibar,6742.0,Sergio Gontán Gallardo,Right Midfield,78.9,43.8,69.1,47.1,1.252878,False,,,,,,,True,10.340696,2.816784,Ground Pass,,6712.0,Gonzalo Escalante,False,False,left_to_right,False,78.9,43.8,69.1,47.1,False,False,False,False
97d19652-1e72-4335-a113-331a7ad8a2d3,3825747,2668,2,00:32:01.239,77,1,42,Ball Receipt*,185,322,Eibar,Regular Play,322,Eibar,6712.0,Gonzalo Escalante,Left Defensive Midfield,69.1,47.1,,,,False,,,,,,,False,,,,,,,False,False,left_to_right,False,69.1,47.1,,,False,False,False,False
b3d530eb-7d27-4fad-9afe-0af052669196,3825747,2669,2,00:32:01.239,77,1,43,Carry,185,322,Eibar,Regular Play,322,Eibar,6712.0,Gonzalo Escalante,Left Defensive Midfield,69.1,47.1,78.3,69.2,3.237862,False,,,,,,,False,,,,,,,False,False,left_to_right,False,69.1,47.1,78.3,69.2,False,False,False,False
98d4e3a4-9d79-4dc2-8268-d2d1684c61b9,3825747,2670,2,00:32:04.476,77,4,30,Pass,185,322,Eibar,Regular Play,322,Eibar,6712.0,Gonzalo Escalante,Left Defensive Midfield,78.3,69.2,90.8,76.3,1.278365,False,,,,,,,True,14.375674,0.5165577,Ground Pass,,6699.0,Ander Capa Rodríguez,False,False,left_to_right,False,78.3,69.2,90.8,76.3,False,False,True,False
b068ccfd-da54-45f1-9234-c7cb9d8e00ce,3825747,2671,2,00:32:05.755,77,5,42,Ball Receipt*,185,322,Eibar,Regular Play,322,Eibar,6699.0,Ander Capa Rodríguez,Right Back,90.8,76.3,,,,False,,,,,,,False,,,,,,,False,False,left_to_right,False,90.8,76.3,,,False,False,False,False
0cbcf1b0-e449-42fc-84c9-f3ed75070ae4,3825747,2672,2,00:32:05.755,77,5,43,Carry,185,322,Eibar,Regular Play,322,Eibar,6699.0,Ander Capa Rodríguez,Right Back,90.8,76.3,83.4,74.0,2.287974,False,,,,,,,False,,,,,,,False,False,left_to_right,False,90.8,76.3,83.4,74.0,False,False,False,False
49594e67-c70b-4986-a288-6956325a5701,3825747,2673,2,00:32:08.043,77,8,30,Pass,185,322,Eibar,Regular Play,322,Eibar,6699.0,Ander Capa Rodríguez,Right Back,83.4,74.0,63.2,61.0,1.755569,False,,,,,,,True,24.021656,-2.5697548,Ground Pass,,6837.0,Mauro Javier Dos Santos,False,False,left_to_right,False,83.4,74.0,63.2,61.0,False,False,False,False
fbc89d15-aef9-455a-ab68-2030036b0cae,3825747,2674,2,00:32:09.798,77,9,42,Ball Receipt*,185,322,Eibar,Regular Play,322,Eibar,6837.0,Mauro Javier Dos Santos,Right Center Back,63.2,61.0,,,,False,,,,,,,False,,,,,,,False,False,left_to_right,False,63.2,61.0,,,False,False,False,False
358ff4bc-c82f-4154-839a-da453990e825,3825747,2675,2,00:32:09.798,77,9,43,Carry,185,322,Eibar,Regular Play,322,Eibar,6837.0,Mauro Javier Dos Santos,Right Center Back,63.2,61.0,69.4,65.3,4.176622,False,,,,,,,False,,,,,,,False,False,left_to_right,False,63.2,61.0,69.4,65.3,False,False,False,False
c767070b-b277-49e8-837f-456ef1fe3551,3825747,2676,2,00:32:13.975,77,13,30,Pass,185,322,Eibar,Regular Play,322,Eibar,6837.0,Mauro Javier Dos Santos,Right Center Back,69.4,65.3,73.1,65.1,0.282925,False,,,,,,Incomplete,False,3.7054014,-0.0540015,Ground Pass,,6566.0,Borja González Tomás,False,False,left_to_right,False,69.4,65.3,73.1,65.1,False,False,False,True
74f548e6-9da2-44c5-8949-778287224637,3825747,2677,2,00:32:14.258,77,14,42,Ball Receipt*,185,322,Eibar,Regular Play,322,Eibar,6566.0,Borja González Tomás,Right Center Forward,81.8,65.0,,,,False,,,,,,,False,,,,,,,False,False,left_to_right,False,81.8,65.0,,,False,False,False,False
15367cce-918e-4fa0-8233-22abf3d2d01c,3825747,2678,2,00:32:14.258,77,14,6,Block,185,322,Eibar,Regular Play,215,Athletic Club,6396.0,Beñat Etxebarria Urkiaga,Left Defensive Midfield,47.0,15.0,,,0.0,False,,,,,,,False,,,,,,,False,False,left_to_right,False,47.0,15.0,,,False,False,False,False
503ccf1f-b9ed-4c40-9fc4-533c4dc27ffc,3825747,2679,2,00:32:24.335,77,24,19,Substitution,185,322,Eibar,Regular Play,215,Athletic Club,6666.0,Sabin Merino Zuloaga,Left Wing,,,,,0.0,False,,,,,,,False,,,,,,,False,False,left_to_right,False,,,,,False,False,False,False
a3aeae27-e4c9-412d-88c0-6e439c8fab22,3825747,2680,2,00:33:09.364,78,9,30,Pass,186,322,Eibar,From Throw In,322,Eibar,6699.0,Ander Capa Rodríguez,Right Back,69.1,80.0,89.9,67.1,1.582483,False,,,,,,,True,24.475498,-0.55513465,High Pass,Throw-in,6566.0,Borja González Tomás,False,False,left_to_right,False,69.1,80.0,89.9,67.1,False,True,True,False
a3228b3f-3bcf-422b-a266-1355d3d3f671,3825747,2681,2,00:33:10.803,78,10,17,Pressure,186,322,Eibar,From Throw In,215,Athletic Club,6389.0,Mikel San José Domínguez,Right Defensive Midfield,28.1,14.5,,,0.891909,False,,,,,,,False,,,,,,,False,False,left_to_right,False,28.1,14.5,,,False,False,False,False
90dfad1f-631a-4719-a02e-b6c8fa72ff64,3825747,2682,2,00:33:10.947,78,10,42,Ball Receipt*,186,322,Eibar,From Throw In,322,Eibar,6566.0,Borja González Tomás,Right Center Forward,89.9,67.1,,,,True,,,,,,,False,,,,,,,False,False,left_to_right,False,89.9,67.1,,,False,False,False,False
4742c74c-4041-483e-8192-403c1ed8de93,3825747,2683,2,00:33:10.947,78,10,43,Carry,186,322,Eibar,From Throw In,322,Eibar,6566.0,Borja González Tomás,Right Center Forward,89.9,67.1,83.9,61.3,2.71293,True,,,,,,,False,,,,,,,False,False,left_to_right,False,89.9,67.1,83.9,61.3,False,False,False,False
75dccfe8-35b7-44cf-8ff3-531b6826b2a5,3825747,2684,2,00:33:12.569,78,12,17,Pressure,186,322,Eibar,From Throw In,215,Athletic Club,6396.0,Beñat Etxebarria Urkiaga,Left Defensive Midfield,34.5,15.9,,,1.007279,False,,,,,,,False,,,,,,,False,False,left_to_right,False,34.5,15.9,,,False,False,False,False
88588be7-a428-4c11-a0fe-d1718f8e342b,3825747,2685,2,00:33:13.660,78,13,3,Dispossessed,186,322,Eibar,From Throw In,322,Eibar,6566.0,Borja González Tomás,Right Center Forward,83.9,61.3,,,0.0,True,,,,,,,False,,,,,,,False,False,left_to_right,False,83.9,61.3,,,False,False,False,True
600e9d4b-de4a-410c-90f6-c8d7f5aafc45,3825747,2686,2,00:33:13.660,78,13,4,Duel,186,322,Eibar,From Throw In,215,Athletic Club,6396.0,Beñat Etxebarria Urkiaga,Left Defensive Midfield,36.2,18.8,,,0.0,True,,,,,,,False,,,,,,,False,False,left_to_right,False,36.2,18.8,,,False,False,False,False
85475098-0351-4318-a75e-706dbb1a02d0,3825747,2687,2,00:33:14.178,78,14,17,Pressure,186,322,Eibar,From Throw In,322,Eibar,6712.0,Gonzalo Escalante,Left Defensive Midfield,82.4,56.0,,,0.719064,False,,,,,,,False,,,,,,,False,False,left_to_right,False,82.4,56.0,,,False,False,False,False
80843979-65a1-4de5-a15a-5249eaeb0502,3825747,2688,2,00:33:14.535,78,14,17,Pressure,186,322,Eibar,From Throw In,215,Athletic Club,6389.0,Mikel San José Domínguez,Right Defensive Midfield,35.7,25.0,,,0.472644,True,,,,,,,False,,,,,,,False,False,left_to_right,False,35.7,25.0,,,False,False,False,False
db2eb291-e9bd-4198-bfdf-2157afe7ecfe,3825747,2689,2,00:33:14.897,78,14,2,Ball Recovery,186,322,Eibar,From Throw In,322,Eibar,6712.0,Gonzalo Escalante,Left Defensive Midfield,84.4,53.6,,,0.0,True,,,,,,,False,,,,,,,False,False,left_to_right,False,84.4,53.6,,,False,False,False,False
d0242a09-8e0f-448b-a738-89a639201614,3825747,2690,2,00:33:14.897,78,14,43,Carry,186,322,Eibar,From Throw In,322,Eibar,6712.0,Gonzalo Escalante,Left Defensive Midfield,84.4,53.6,83.9,51.2,0.67127,True,,,,,,,False,,,,,,,False,False,left_to_right,False,84.4,53.6,83.9,51.2,False,False,False,False
da2f73ea-ca56-4cfc-a8a3-d7fb5e506075,3825747,2691,2,00:33:15.568,78,15,3,Dispossessed,186,322,Eibar,From Throw In,322,Eibar,6712.0,Gonzalo Escalante,Left Defensive Midfield,83.9,51.2,,,0.0,True,,,,,,,False,,,,,,,False,False,left_to_right,False,83.9,51.2,,,False,False,False,True
315f39bb-0f5b-4a61-b7ea-e72b7a492bf8,3825747,2692,2,00:33:15.568,78,15,4,Duel,186,322,Eibar,From Throw In,215,Athletic Club,6389.0,Mikel San José Domínguez,Right Defensive Midfield,36.2,28.9,,,0.0,True,,,,,,,False,,,,,,,False,False,left_to_right,False,36.2,28.9,,,False,False,False,False
abd58c5b-8efc-491f-aee7-d5803ea9fc48,3825747,2693,2,00:33:16.243,78,16,2,Ball Recovery,186,322,Eibar,From Throw In,215,Athletic Club,6396.0,Beñat Etxebarria Urkiaga,Left Defensive Midfield,40.1,23.4,,,0.0,False,,,,,,,False,,,,,,,False,False,left_to_right,False,40.1,23.4,,,False,False,False,False
425f9411-3dc4-4ab0-9ceb-fa42141a9364,3825747,2694,2,00:33:16.243,78,16,43,Carry,186,322,Eibar,From Throw In,215,Athletic Club,6396.0,Beñat Etxebarria Urkiaga,Left Defensive Midfield,40.1,23.4,51.0,20.9,2.073428,False,,,,,,,False,,,,,,,False,False,left_to_right,False,40.1,23.4,51.0,20.9,False,False,False,False
5aca818a-3154-45cb-9812-c3fb294726fa,3825747,2695,2,00:33:18.316,78,18,30,Pass,186,322,Eibar,From Throw In,215,Athletic Club,6396.0,Beñat Etxebarria Urkiaga,Left Defensive Midfield,51.0,20.9,67.8,39.9,1.939505,False,,,,,,Incomplete,False,25.362177,0.8467735,Ground Pass,,6394.0,Aritz Aduriz Zubeldia,False,False,left_to_right,False,51.0,20.9,67.8,39.9,False,True,False,True
ba0ba9c1-086c-4d21-8c22-74b9f2683f15,3825747,2696,2,00:33:20.256,78,20,42,Ball Receipt*,186,322,Eibar,From Throw In,215,Athletic Club,6394.0,Aritz Aduriz Zubeldia,Center Forward,70.3,46.3,,,,False,,,,,,,False,,,,,,,False,False,left_to_right,False,70.3,46.3,,,False,False,False,False
58fd45ba-586d-4cb1-9991-01c03ec835e5,3825747,2697,2,00:33:20.256,78,20,10,Interception,186,322,Eibar,From Throw In,322,Eibar,27239.0,Aleksandar Pantić,Left Center Back,52.3,40.2,,,0.0,False,,,,,,,False,,,,,,,False,False,left_to_right,False,52.3,40.2,,,False,False,False,False
8eba9ce5-a5f8-4d01-8b55-9694a2052a6d,3825747,2698,2,00:33:20.256,78,20,43,Carry,186,322,Eibar,From Throw In,322,Eibar,27239.0,Aleksandar Pantić,Left Center Back,52.3,40.2,57.1,36.4,1.405568,False,,,,,,,False,,,,,,,False,False,left_to_right,False,52.3,40.2,57.1,36.4,False,False,False,False
6cf1a74f-3661-483d-af51-6b01b10bb658,3825747,2699,2,00:33:21.661,78,21,30,Pass,186,322,Eibar,From Throw In,322,Eibar,27239.0,Aleksandar Pantić,Left Center Back,57.1,36.4,63.1,10.1,2.67793,False,,,,,,,True,26.975729,-1.3464981,Ground Pass,,6776.0,David Juncà Reñé,False,False,left_to_right,False,57.1,36.4,63.1,10.1,False,False,False,False
f0c7eb74-bd00-49e2-9d0a-b24f9bf80b63,3825747,2700,2,00:33:24.339,78,24,42,Ball Receipt*,186,322,Eibar,From Throw In,322,Eibar,6776.0,David Juncà Reñé,Left Back,63.1,10.1,,,,False,,,,,,,False,,,,,,,False,False,left_to_right,False,63.1,10.1,,,False,False,False,False
6ce7845b-a1c6-490f-8ce2-ff566cade1b5,3825747,2701,2,00:33:24.339,78,24,43,Carry,186,322,Eibar,From Throw In,322,Eibar,6776.0,David Juncà Reñé,Left Back,63.1,10.1,58.0,21.8,2.246783,False,,,,,,,False,,,,,,,False,False,left_to_right,False,63.1,10.1,58.0,21.8,False,False,False,False
70246d4b-ab4b-4739-b05e-5f6b421eab24,3825747,2702,2,00:33:26.586,78,26,30,Pass,186,322,Eibar,From Throw In,322,Eibar,6776.0,David Juncà Reñé,Left Back,58.0,21.8,56.0,36.5,1.284258,False,,,,,,,True,14.83543,1.7060205,Ground Pass,,6775.0,Daniel García Carrillo,False,False,left_to_right,False,58.0,21.8,56.0,36.5,False,False,False,False
88c29fa8-bbae-46fa-9539-ad94e5c29ca5,3825747,2703,2,00:33:27.870,78,27,42,Ball Receipt*,186,322,Eibar,From Throw In,322,Eibar,6775.0,Daniel García Carrillo,Right Defensive Midfield,56.0,36.5,,,,False,,,,,,,False,,,,,,,False,False,left_to_right,False,56.0,36.5,,,False,False,False,False
cd5a7f91-0b21-4e11-b618-dc748f343efd,3825747,2704,2,00:33:27.870,78,27,43,Carry,186,322,Eibar,From Throw In,322,Eibar,6775.0,Daniel García Carrillo,Right Defensive Midfield,56.0,36.5,53.5,43.4,1.334391,True,,,,,,,False,,,,,,,False,False,left_to_right,False,56.0,36.5,53.5,43.4,False,False,False,False
9ada3606-63af-497a-8f83-a7e240c395f5,3825747,2705,2,00:33:28.671,78,28,17,Pressure,186,322,Eibar,From Throw In,215,Athletic Club,6396.0,Beñat Etxebarria Urkiaga,Left Defensive Midfield,64.1,38.4,,,0.54359,False,,,,,,,False,,,,,,,False,False,left_to_right,False,64.1,38.4,,,False,False,False,False
9598ba73-0b44-459e-bcb8-bf53f781c905,3825747,2706,2,00:33:29.204,78,29,30,Pass,186,322,Eibar,From Throw In,322,Eibar,6775.0,Daniel García Carrillo,Right Defensive Midfield,53.5,43.4,52.3,74.9,2.131918,True,,,,,,,True,31.522848,1.6088731,Ground Pass,,6699.0,Ander Capa Rodríguez,False,False,left_to_right,False,53.5,43.4,52.3,74.9,False,False,False,False
eaab6036-a344-4873-900a-afcbfae674c2,3825747,2707,2,00:33:31.336,78,31,42,Ball Receipt*,186,322,Eibar,From Throw In,322,Eibar,6699.0,Ander Capa Rodríguez,Right Back,52.3,74.9,,,,False,,,,,,,False,,,,,,,False,False,left_to_right,False,52.3,74.9,,,False,False,False,False
8caf05cd-0efc-46f3-8b94-683eb829d496,3825747,2708,2,00:33:31.336,78,31,43,Carry,186,322,Eibar,From Throw In,322,Eibar,6699.0,Ander Capa Rodríguez,Right Back,52.3,74.9,57.4,74.3,0.587538,False,,,,,,,False,,,,,,,False,False,left_to_right,False,52.3,74.9,57.4,74.3,False,False,False,False
4d2a1302-6434-40a6-9fcb-37c3d9d91df3,3825747,2709,2,00:33:31.924,78,31,30,Pass,186,322,Eibar,From Throw In,322,Eibar,6699.0,Ander Capa Rodríguez,Right Back,57.4,74.3,71.7,76.7,1.095582,False,,,,,,,True,14.5,0.16628246,Ground Pass,,6742.0,Sergio Gontán Gallardo,False,False,left_to_right,False,57.4,74.3,71.7,76.7,False,False,False,False
83ba8848-d48c-42b2-9d81-9cbb22c7260d,3825747,2710,2,00:33:32.866,78,32,17,Pressure,186,322,Eibar,From Throw In,215,Athletic Club,6789.0,Mikel Balenziaga Oruesagasti,Left Back,50.0,4.8,,,0.291919,False,,,,,,,False,,,,,,,False,False,left_to_right,False,50.0,4.8,,,False,False,False,False
67e3e1b7-034f-4d98-9674-c80439969686,3825747,2711,2,00:33:33.019,78,33,42,Ball Receipt*,186,322,Eibar,From Throw In,322,Eibar,6742.0,Sergio Gontán Gallardo,Right Midfield,71.7,76.7,,,,True,,,,,,,False,,,,,,,False,False,left_to_right,False,71.7,76.7,,,False,False,False,False
f142f8df-d57d-4cc7-90c5-3e714dd21aca,3825747,2712,2,00:33:33.019,78,33,43,Carry,186,322,Eibar,From Throw In,322,Eibar,6742.0,Sergio Gontán Gallardo,Right Midfield,71.7,76.7,64.9,75.2,0.040000003,True,,,,,,,False,,,,,,,False,False,left_to_right,False,71.7,76.7,64.9,75.2,False,False,False,False
7c7d6aad-96c0-4f9f-8efd-cc125a860c0e,3825747,2713,2,00:33:33.059,78,33,30,Pass,186,322,Eibar,From Throw In,322,Eibar,6742.0,Sergio Gontán Gallardo,Right Midfield,64.9,75.2,50.2,73.3,1.119799,True,,,,,,,True,14.822281,-3.0130537,Ground Pass,,6699.0,Ander Capa Rodríguez,False,False,left_to_right,False,64.9,75.2,50.2,73.3,False,False,False,False
8489ff49-ce9d-4757-a5ec-cc64155fc17b,3825747,2714,2,00:33:34.179,78,34,42,Ball Receipt*,186,322,Eibar,From Throw In,322,Eibar,6699.0,Ander Capa Rodríguez,Right Back,50.2,73.3,,,,False,,,,,,,False,,,,,,,False,False,left_to_right,False,50.2,73.3,,,False,False,False,False
52a136df-faa7-41fd-a610-76089b8ee020,3825747,2715,2,00:33:34.179,78,34,43,Carry,186,322,Eibar,From Throw In,322,Eibar,6699.0,Ander Capa Rodríguez,Right Back,50.2,73.3,50.5,73.5,5.224492,False,,,,,,,False,,,,,,,False,False,left_to_right,False,50.2,73.3,50.5,73.5,False,False,False,False
7c1f7895-4393-4b46-a376-d7e080b4a98e,3825747,2716,2,00:33:39.404,78,39,30,Pass,186,322,Eibar,From Throw In,322,Eibar,6699.0,Ander Capa Rodríguez,Right Back,50.5,73.5,89.3,72.5,1.812354,False,,,,,,Incomplete,False,38.812885,-0.025767492,High Pass,,6742.0,Sergio Gontán Gallardo,False,False,left_to_right,False,50.5,73.5,89.3,72.5,False,True,True,True
802fcf09-00ad-47f9-909c-44fdf8b37768,3825747,2717,2,00:33:41.216,78,41,42,Ball Receipt*,186,322,Eibar,From Throw In,322,Eibar,6742.0,Sergio Gontán Gallardo,Right Midfield,90.8,73.7,,,,False,,,,,,,False,,,,,,,False,False,left_to_right,False,90.8,73.7,,,False,False,False,False
c7145036-17f5-4b04-b654-975743f6a82f,3825747,2718,2,00:33:41.216,78,41,4,Duel,186,322,Eibar,From Throw In,322,Eibar,6742.0,Sergio Gontán Gallardo,Right Midfield,89.3,72.5,,,0.0,True,,,,,,,False,,,,,,,False,False,left_to_right,False,89.3,72.5,,,False,False,False,False
d34da049-2469-4ca8-9a9c-d59ee89c38e1,3825747,2719,2,00:33:41.216,78,41,30,Pass,187,215,Athletic Club,Regular Play,215,Athletic Club,6789.0,Mikel Balenziaga Oruesagasti,Left Back,30.8,7.6,42.2,21.6,2.217254,True,,,,,,,True,18.054363,0.8874051,High Pass,Interception,6656.0,Mikel Rico Moreno,False,False,left_to_right,False,30.8,7.6,42.2,21.6,False,False,False,False
4e588394-de94-4d26-a0a2-2ce3016c2f93,3825747,2720,2,00:33:43.433,78,43,42,Ball Receipt*,187,215,Athletic Club,Regular Play,215,Athletic Club,6656.0,Mikel Rico Moreno,Center Attacking Midfield,42.2,21.6,,,,False,,,,,,,False,,,,,,,False,False,left_to_right,False,42.2,21.6,,,False,False,False,False
d6362fab-ac95-492d-9961-13734d786588,3825747,2721,2,00:33:43.433,78,43,43,Carry,187,215,Athletic Club,Regular Play,215,Athletic Club,6656.0,Mikel Rico Moreno,Center Attacking Midfield,42.2,21.6,43.1,24.7,1.54234,False,,,,,,,False,,,,,,,False,False,left_to_right,False,42.2,21.6,43.1,24.7,False,False,False,False
d7fa737f-2716-4ef9-b900-664fd62abe77,3825747,2722,2,00:33:44.976,78,44,30,Pass,187,215,Athletic Club,Regular Play,215,Athletic Club,6656.0,Mikel Rico Moreno,Center Attacking Midfield,43.1,24.7,51.8,39.9,1.119853,False,,,,,,,True,17.513708,1.050942,Ground Pass,,6390.0,Markel Susaeta Laskurain,False,False,left_to_right,False,43.1,24.7,51.8,39.9,False,False,False,False
04d3ddb4-4178-4ed3-89ee-bfac4e313ccd,3825747,2723,2,00:33:46.096,78,46,42,Ball Receipt*,187,215,Athletic Club,Regular Play,215,Athletic Club,6390.0,Markel Susaeta Laskurain,Right Wing,51.8,39.9,,,,False,,,,,,,False,,,,,,,False,False,left_to_right,False,51.8,39.9,,,False,False,False,False
13ec6cc5-84bf-4442-90ab-8dba8d0c0a35,3825747,2724,2,00:33:46.096,78,46,43,Carry,187,215,Athletic Club,Regular Play,215,Athletic Club,6390.0,Markel Susaeta Laskurain,Right Wing,51.8,39.9,55.4,50.9,2.265882,True,,,,,,,False,,,,,,,False,False,left_to_right,False,51.8,39.9,55.4,50.9,False,False,False,False
e2399345-8f53-408f-a485-41dcc7d664a8,3825747,2725,2,00:33:46.872,78,46,17,Pressure,187,215,Athletic Club,Regular Play,322,Eibar,9462.0,José Ignacio Peleteiro Ramallo,Left Midfield,64.9,38.5,,,0.71467,False,,,,,,,False,,,,,,,False,False,left_to_right,False,64.9,38.5,,,False,False,False,False
9a621cfb-ad8e-48ce-809c-00b0a411360b,3825747,2726,2,00:33:48.361,78,48,30,Pass,187,215,Athletic Club,Regular Play,215,Athletic Club,6390.0,Markel Susaeta Laskurain,Right Wing,55.4,50.9,56.5,61.1,1.781662,False,,,,,,,True,10.259142,1.4633684,Ground Pass,,6649.0,Óscar de Marcos Arana,False,False,left_to_right,False,55.4,50.9,56.5,61.1,False,False,False,False
d787530d-4726-4394-ad41-6e9bc5933677,3825747,2727,2,00:33:50.143,78,50,42,Ball Receipt*,187,215,Athletic Club,Regular Play,215,Athletic Club,6649.0,Óscar de Marcos Arana,Right Back,56.5,61.1,,,,False,,,,,,,False,,,,,,,False,False,left_to_right,False,56.5,61.1,,,False,False,False,False
b9789b0e-bf3c-46d9-a23b-d263eaaa5589,3825747,2728,2,00:33:50.143,78,50,43,Carry,187,215,Athletic Club,Regular Play,215,Athletic Club,6649.0,Óscar de Marcos Arana,Right Back,56.5,61.1,56.6,60.8,1.550149,True,,,,,,,False,,,,,,,False,False,left_to_right,False,56.5,61.1,56.6,60.8,False,False,False,False
49267338-e83a-492e-ab72-9073d250772b,3825747,2729,2,00:33:51.693,78,51,22,Foul Committed,187,215,Athletic Club,Regular Play,322,Eibar,6700.0,Sergio Enrich Ametller,Left Center Forward,63.5,19.3,,,0.0,False,,,,,,,False,,,,,,,False,False,left_to_right,False,63.5,19.3,,,False,False,False,False
6a878da5-ca32-44bd-8186-bda30ba24d3d,3825747,2730,2,00:33:51.693,78,51,21,Foul Won,187,215,Athletic Club,Regular Play,215,Athletic Club,6649.0,Óscar de Marcos Arana,Right Back,56.6,60.8,,,0.0,True,,,,,,,False,,,,,,,False,False,left_to_right,False,56.6,60.8,,,False,False,False,False
ecfe501a-6b9c-411b-90ad-50eef9f75c25,3825747,2731,2,00:33:51.748,78,51,30,Pass,187,215,Athletic Club,Regular Play,215,Athletic Club,6649.0,Óscar de Marcos Arana,Right Back,77.5,70.7,83.3,55.2,0.783618,False,,,,,,,True,16.549622,-1.2127329,Ground Pass,,6394.0,Aritz Aduriz Zubeldia,False,False,left_to_right,False,77.5,70.7,83.3,55.2,False,False,True,False
928f5b9d-c3a8-48b3-9dc8-cf382f6619c8,3825747,2732,2,00:33:52.532,78,52,42,Ball Receipt*,187,215,Athletic Club,Regular Play,215,Athletic Club,6394.0,Aritz Aduriz Zubeldia,Center Forward,83.3,55.2,,,,False,,,,,,,False,,,,,,,False,False,left_to_right,False,83.3,55.2,,,False,False,False,False
5f81e868-149f-4f23-a32e-4491de2e309e,3825747,2733,2,00:33:55.801,78,55,30,Pass,187,215,Athletic Club,Regular Play,215,Athletic Club,6394.0,Aritz Aduriz Zubeldia,Center Forward,76.4,46.0,75.5,25.5,1.398314,False,,,,,,,True,20.519747,-1.6146706,Ground Pass,,6396.0,Beñat Etxebarria Urkiaga,False,False,left_to_right,False,76.4,46.0,75.5,25.5,False,False,False,False
8ed2105e-e8a5-4fe0-9509-ed8d92952882,3825747,2734,2,00:33:57.199,78,57,42,Ball Receipt*,187,215,Athletic Club,Regular Play,215,Athletic Club,6396.0,Beñat Etxebarria Urkiaga,Left Defensive Midfield,75.5,25.5,,,,False,,,,,,,False,,,,,,,False,False,left_to_right,False,75.5,25.5,,,False,False,False,False
b82fdd94-2662-49c0-9f76-02c9384a845f,3825747,2735,2,00:33:57.199,78,57,43,Carry,187,215,Athletic Club,Regular Play,215,Athletic Club,6396.0,Beñat Etxebarria Urkiaga,Left Defensive Midfield,75.5,25.5,75.7,25.3,0.768151,False,,,,,,,False,,,,,,,False,False,left_to_right,False,75.5,25.5,75.7,25.3,False,False,False,False
421f218e-3a02-4f8f-97fc-532db58b09de,3825747,2736,2,00:33:57.968,78,57,30,Pass,187,215,Athletic Club,Regular Play,215,Athletic Club,6396.0,Beñat Etxebarria Urkiaga,Left Defensive Midfield,75.7,25.3,98.2,6.4,2.458959,False,,,,,,,True,29.38469,-0.69865984,Ground Pass,,6392.0,Íñigo Lekue Martínez,False,False,left_to_right,False,75.7,25.3,98.2,6.4,False,False,True,False
9579c36b-f2bc-4101-88bb-c4928b3d3495,3825747,2737,2,00:34:00.427,79,0,42,Ball Receipt*,187,215,Athletic Club,Regular Play,215,Athletic Club,6392.0,Íñigo Lekue Martínez,Left Wing,98.2,6.4,,,,False,,,,,,,False,,,,,,,False,False,left_to_right,False,98.2,6.4,,,False,False,False,False
7f2b13b2-fcf2-4d75-8531-1dd5762b6456,3825747,2738,2,00:34:00.427,79,0,43,Carry,187,215,Athletic Club,Regular Play,215,Athletic Club,6392.0,Íñigo Lekue Martínez,Left Wing,98.2,6.4,106.1,7.1,0.062231,False,,,,,,,False,,,,,,,False,False,left_to_right,False,98.2,6.4,106.1,7.1,False,False,False,False
89b7a9df-42a8-4221-8f56-15777df3124b,3825747,2739,2,00:34:00.489,79,0,30,Pass,187,215,Athletic Club,Regular Play,215,Athletic Club,6392.0,Íñigo Lekue Martínez,Left Wing,106.1,7.1,104.7,40.5,1.52572,False,,,,,,,True,33.42933,1.612688,High Pass,,6394.0,Aritz Aduriz Zubeldia,True,False,left_to_right,False,106.1,7.1,104.7,40.5,False,True,False,False
7c568f10-592c-49d0-8e36-95e91dab1219,3825747,2740,2,00:34:02.014,79,2,42,Ball Receipt*,187,215,Athletic Club,Regular Play,215,Athletic Club,6394.0,Aritz Aduriz Zubeldia,Center Forward,104.7,40.5,,,,False,,,,,,,False,,,,,,,False,False,left_to_right,False,104.7,40.5,,,False,False,False,False
3cdc2ec0-1b78-4855-826f-2076dee76c23,3825747,2741,2,00:34:02.030,79,2,4,Duel,187,215,Athletic Club,Regular Play,322,Eibar,6775.0,Daniel García Carrillo,Right Defensive Midfield,17.5,40.7,,,0.0,True,,,,,,,False,,,,,,,False,False,left_to_right,False,17.5,40.7,,,False,False,False,False
d59e3ddf-6c93-4b42-97db-3a82d2e4a672,3825747,2742,2,00:34:02.030,79,2,16,Shot,187,215,Athletic Club,Regular Play,215,Athletic Club,6394.0,Aritz Aduriz Zubeldia,Center Forward,102.6,39.4,120.0,49.0,2.043272,True,0.025563551,Off T,Head,Normal,Open Play,,False,,,,,,,False,False,left_to_right,False,102.6,39.4,120.0,49.0,False,False,False,False
567edf4f-d06b-48e6-b5da-0968e18fd15a,3825747,2743,2,00:34:04.073,79,4,23,Goal Keeper,187,215,Athletic Club,Regular Play,322,Eibar,10763.0,Asier Riesgo Unamuno,Goalkeeper,1.9,40.4,,,0.0,False,,,,,,,False,,,,,,,False,False,left_to_right,False,1.9,40.4,,,False,False,False,False
1f9d1667-35cd-4475-80a6-3af33ba4041f,3825747,2744,2,00:34:24.283,79,24,30,Pass,188,322,Eibar,From Goal Kick,322,Eibar,10763.0,Asier Riesgo Unamuno,Goalkeeper,7.0,36.1,71.7,26.5,2.803869,False,,,,,,Incomplete,False,65.40833,-0.1473024,High Pass,Goal Kick,,,False,False,left_to_right,False,7.0,36.1,71.7,26.5,False,True,False,True
a6c89c80-8264-4779-a348-a33e0fbfbb0b,3825747,2745,2,00:34:27.086,79,27,4,Duel,188,322,Eibar,From Goal Kick,322,Eibar,6700.0,Sergio Enrich Ametller,Left Center Forward,71.7,26.5,,,0.0,True,,,,,,,False,,,,,,,False,False,left_to_right,False,71.7,26.5,,,False,False,False,False
430ae24a-082d-44dd-bd22-95acb7b5d564,3825747,2746,2,00:34:27.086,79,27,9,Clearance,188,322,Eibar,From Goal Kick,215,Athletic Club,6386.0,Eneko Bóveda Altube,Right Center Back,48.4,53.6,,,0.0,True,,,,,,,False,,,,,,,False,False,left_to_right,False,48.4,53.6,,,False,False,False,False
56ed3e98-530f-4855-83df-73f547fb7192,3825747,2747,2,00:34:30.774,79,30,17,Pressure,188,322,Eibar,From Goal Kick,215,Athletic Club,6396.0,Beñat Etxebarria Urkiaga,Left Defensive Midfield,56.2,37.7,,,0.298374,False,,,,,,,False,,,,,,,False,False,left_to_right,False,56.2,37.7,,,False,False,False,False
219278d8-1300-4dea-87ed-814c49b0d343,3825747,2748,2,00:34:32.010,79,32,2,Ball Recovery,188,322,Eibar,From Goal Kick,215,Athletic Club,6392.0,Íñigo Lekue Martínez,Left Wing,56.1,33.9,,,0.0,False,,,,,,,False,,,,,,,False,False,left_to_right,False,56.1,33.9,,,False,False,False,False
c5356d1d-0a42-4cb2-a7f3-391568ab4dd4,3825747,2749,2,00:34:33.547,79,33,17,Pressure,188,322,Eibar,From Goal Kick,215,Athletic Club,6392.0,Íñigo Lekue Martínez,Left Wing,62.1,35.7,,,0.38223,False,,,,,,,False,,,,,,,False,False,left_to_right,False,62.1,35.7,,,False,False,False,False
9f71a422-9c8f-4ee3-8d8a-8199e2f14d40,3825747,2750,2,00:34:33.719,79,33,30,Pass,188,322,Eibar,From Goal Kick,322,Eibar,6837.0,Mauro Javier Dos Santos,Right Center Back,54.9,42.8,57.5,43.4,0.369573,True,,,,,,Incomplete,False,2.6683328,0.22679885,Ground Pass,Recovery,,,False,False,left_to_right,False,54.9,42.8,57.5,43.4,False,False,False,True
bf1a9e53-c437-4cb9-a02e-ec2cfe4bf174,3825747,2751,2,00:34:34.089,79,34,6,Block,188,322,Eibar,From Goal Kick,215,Athletic Club,6392.0,Íñigo Lekue Martínez,Left Wing,62.6,36.7,,,0.0,False,,,,,,,False,,,,,,,False,False,left_to_right,False,62.6,36.7,,,False,False,False,False
bdd90f8f-46e4-4022-96d9-730e38f28931,3825747,2752,2,00:34:35.173,79,35,2,Ball Recovery,188,322,Eibar,From Goal Kick,215,Athletic Club,6392.0,Íñigo Lekue Martínez,Left Wing,72.9,27.4,,,0.0,False,,,,,,,False,,,,,,,False,False,left_to_right,False,72.9,27.4,,,False,False,False,False
01572dfc-3600-4993-a98d-8e25d9a826a5,3825747,2753,2,00:34:35.173,79,35,43,Carry,188,322,Eibar,From Goal Kick,215,Athletic Club,6392.0,Íñigo Lekue Martínez,Left Wing,72.9,27.4,110.5,28.5,4.458969,False,,,,,,,False,,,,,,,False,False,left_to_right,False,72.9,27.4,110.5,28.5,True,False,False,False
2d661576-74c6-46b0-a918-a6182c90e4ea,3825747,2754,2,00:34:39.632,79,39,30,Pass,188,322,Eibar,From Goal Kick,215,Athletic Club,6392.0,Íñigo Lekue Martínez,Left Wing,110.5,28.5,108.4,36.1,0.57145,False,,,,,,Incomplete,False,7.8847957,1.8403854,Ground Pass,,6394.0,Aritz Aduriz Zubeldia,False,False,left_to_right,False,110.5,28.5,108.4,36.1,False,False,False,True
bc07ee3b-9656-499c-942e-964a230f5c00,3825747,2755,2,00:34:40.203,79,40,42,Ball Receipt*,188,322,Eibar,From Goal Kick,215,Athletic Club,6394.0,Aritz Aduriz Zubeldia,Center Forward,109.4,41.2,,,,False,,,,,,,False,,,,,,,False,False,left_to_right,False,109.4,41.2,,,False,False,False,False
eaade0e1-a761-445b-ada9-1b4b7798f947,3825747,2756,2,00:34:40.203,79,40,9,Clearance,188,322,Eibar,From Goal Kick,322,Eibar,6837.0,Mauro Javier Dos Santos,Right Center Back,11.7,44.0,,,0.0,True,,,,,,,False,,,,,,,False,False,left_to_right,False,11.7,44.0,,,False,False,False,False
b500bee7-cc7f-4fed-b936-504636e0d82b,3825747,2757,2,00:34:40.264,79,40,25,Own Goal For,188,322,Eibar,From Goal Kick,215,Athletic Club,,,,112.1,36.3,,,0.0,False,,,,,,,False,,,,,,,False,False,left_to_right,False,112.1,36.3,,,False,False,False,False
d0f24593-6cd1-4943-a026-dd4015fa6936,3825747,2758,2,00:34:40.264,79,40,20,Own Goal Against,188,322,Eibar,From Goal Kick,322,Eibar,6837.0,Mauro Javier Dos Santos,Right Center Back,8.0,43.8,,,0.0,False,,,,,,,False,,,,,,,False,False,left_to_right,False,8.0,43.8,,,False,False,False,False
a718009c-963d-4198-b0e5-1994cf7e452a,3825747,2759,2,00:35:35.769,80,35,30,Pass,189,322,Eibar,From Kick Off,322,Eibar,6700.0,Sergio Enrich Ametller,Left Center Forward,61.0,40.1,59.7,44.7,0.451632,False,,,,,,,True,4.7801676,1.8462224,Ground Pass,Kick Off,6566.0,Borja González Tomás,False,False,left_to_right,False,61.0,40.1,59.7,44.7,False,False,False,False
1e16cdb6-d103-4848-8b45-8f3232c44171,3825747,2760,2,00:35:36.221,80,36,42,Ball Receipt*,189,322,Eibar,From Kick Off,322,Eibar,6566.0,Borja González Tomás,Right Center Forward,59.7,44.7,,,,False,,,,,,,False,,,,,,,False,False,left_to_right,False,59.7,44.7,,,False,False,False,False
797bb890-6c39-4dbb-bd3e-44e006012a8d,3825747,2761,2,00:35:36.221,80,36,43,Carry,189,322,Eibar,From Kick Off,322,Eibar,6566.0,Borja González Tomás,Right Center Forward,59.7,44.7,59.7,44.7,0.08,False,,,,,,,False,,,,,,,False,False,left_to_right,False,59.7,44.7,59.7,44.7,False,False,False,False
b746bcf1-4cb8-4f01-b5a3-71c764083fdf,3825747,2762,2,00:35:36.301,80,36,30,Pass,189,322,Eibar,From Kick Off,322,Eibar,6566.0,Borja González Tomás,Right Center Forward,59.7,44.7,49.8,35.1,1.063147,False,,,,,,,True,13.790214,-2.371578,Ground Pass,,6775.0,Daniel García Carrillo,False,False,left_to_right,False,59.7,44.7,49.8,35.1,False,False,False,False
c6e11392-d4e4-4b70-b2be-bc9fe51ffc4c,3825747,2763,2,00:35:37.364,80,37,42,Ball Receipt*,189,322,Eibar,From Kick Off,322,Eibar,6775.0,Daniel García Carrillo,Right Defensive Midfield,49.8,35.1,,,,False,,,,,,,False,,,,,,,False,False,left_to_right,False,49.8,35.1,,,False,False,False,False
690f29aa-c5b4-4b10-bc4c-e2d28dad151b,3825747,2764,2,00:35:37.364,80,37,43,Carry,189,322,Eibar,From Kick Off,322,Eibar,6775.0,Daniel García Carrillo,Right Defensive Midfield,49.8,35.1,48.8,35.5,0.83477,False,,,,,,,False,,,,,,,False,False,left_to_right,False,49.8,35.1,48.8,35.5,False,False,False,False
2862294a-5bbc-4782-ae8a-345e59694538,3825747,2765,2,00:35:38.199,80,38,30,Pass,189,322,Eibar,From Kick Off,322,Eibar,6775.0,Daniel García Carrillo,Right Defensive Midfield,48.8,35.5,48.7,18.9,1.293849,False,,,,,,,True,16.600302,-1.5768204,Ground Pass,,6776.0,David Juncà Reñé,False,False,left_to_right,False,48.8,35.5,48.7,18.9,False,False,False,False
e94fcf7d-d1e7-4a40-9b39-782a8e5c6cdd,3825747,2766,2,00:35:39.493,80,39,42,Ball Receipt*,189,322,Eibar,From Kick Off,322,Eibar,6776.0,David Juncà Reñé,Left Back,48.7,18.9,,,,False,,,,,,,False,,,,,,,False,False,left_to_right,False,48.7,18.9,,,False,False,False,False
9df36bfa-cf6c-4123-883d-876838058bac,3825747,2767,2,00:35:39.493,80,39,43,Carry,189,322,Eibar,From Kick Off,322,Eibar,6776.0,David Juncà Reñé,Left Back,48.7,18.9,48.7,18.9,0.72614,False,,,,,,,False,,,,,,,False,False,left_to_right,False,48.7,18.9,48.7,18.9,False,False,False,False
314d2988-2ade-4bcd-b94b-de34cfb1cd3a,3825747,2768,2,00:35:40.219,80,40,30,Pass,189,322,Eibar,From Kick Off,322,Eibar,6776.0,David Juncà Reñé,Left Back,48.7,18.9,35.8,30.9,1.146038,False,,,,,,,True,17.618456,2.3923233,Ground Pass,,27239.0,Aleksandar Pantić,False,False,left_to_right,False,48.7,18.9,35.8,30.9,False,False,False,False
15efb89b-4397-4971-ab0d-5ef3eaebc78a,3825747,2769,2,00:35:41.365,80,41,42,Ball Receipt*,189,322,Eibar,From Kick Off,322,Eibar,27239.0,Aleksandar Pantić,Left Center Back,35.8,30.9,,,,False,,,,,,,False,,,,,,,False,False,left_to_right,False,35.8,30.9,,,False,False,False,False
535d8266-971f-45c1-a60f-d7223f64b204,3825747,2770,2,00:35:41.365,80,41,43,Carry,189,322,Eibar,From Kick Off,322,Eibar,27239.0,Aleksandar Pantić,Left Center Back,35.8,30.9,35.8,30.9,1.364798,False,,,,,,,False,,,,,,,False,False,left_to_right,False,35.8,30.9,35.8,30.9,False,False,False,False
769e9776-45f6-46a6-a555-c35c569c7c96,3825747,2771,2,00:35:42.730,80,42,30,Pass,189,322,Eibar,From Kick Off,322,Eibar,27239.0,Aleksandar Pantić,Left Center Back,35.8,30.9,36.4,57.2,1.264777,False,,,,,,,True,26.306843,1.5479866,Ground Pass,,6837.0,Mauro Javier Dos Santos,False,False,left_to_right,False,35.8,30.9,36.4,57.2,False,False,False,False
9fa39e38-4f15-4699-9ab8-12c568d679a6,3825747,2772,2,00:35:43.995,80,43,42,Ball Receipt*,189,322,Eibar,From Kick Off,322,Eibar,6837.0,Mauro Javier Dos Santos,Right Center Back,36.4,57.2,,,,False,,,,,,,False,,,,,,,False,False,left_to_right,False,36.4,57.2,,,False,False,False,False
82ab391b-aac6-4e83-8198-f82668b7a1cb,3825747,2773,2,00:35:43.995,80,43,43,Carry,189,322,Eibar,From Kick Off,322,Eibar,6837.0,Mauro Javier Dos Santos,Right Center Back,36.4,57.2,34.6,69.7,3.665165,False,,,,,,,False,,,,,,,False,False,left_to_right,False,36.4,57.2,34.6,69.7,False,False,False,False
4e00d298-008c-4f36-84a9-44ab73711ee7,3825747,2774,2,00:35:47.660,80,47,30,Pass,189,322,Eibar,From Kick Off,322,Eibar,6837.0,Mauro Javier Dos Santos,Right Center Back,34.6,69.7,14.1,46.2,2.575931,False,,,,,,,True,31.184933,-2.2881181,Ground Pass,,10763.0,Asier Riesgo Unamuno,False,False,left_to_right,False,34.6,69.7,14.1,46.2,False,False,False,False
544453f8-ef21-4543-907e-71856fde54ad,3825747,2775,2,00:35:50.236,80,50,42,Ball Receipt*,189,322,Eibar,From Kick Off,322,Eibar,10763.0,Asier Riesgo Unamuno,Goalkeeper,14.1,46.2,,,,False,,,,,,,False,,,,,,,False,False,left_to_right,False,14.1,46.2,,,False,False,False,False
c6fbc496-4707-405d-bfe9-ffe7c2cd4620,3825747,2776,2,00:35:50.236,80,50,43,Carry,189,322,Eibar,From Kick Off,322,Eibar,10763.0,Asier Riesgo Unamuno,Goalkeeper,14.1,46.2,23.8,51.9,5.97096,False,,,,,,,False,,,,,,,False,False,left_to_right,False,14.1,46.2,23.8,51.9,False,False,False,False
39ba9d4f-13eb-4f89-980c-54cd482a9f45,3825747,2777,2,00:35:56.207,80,56,30,Pass,189,322,Eibar,From Kick Off,322,Eibar,10763.0,Asier Riesgo Unamuno,Goalkeeper,23.8,51.9,83.9,22.1,3.410588,False,,,,,,Incomplete,False,67.08241,-0.46031427,High Pass,,,,False,False,left_to_right,False,23.8,51.9,83.9,22.1,False,True,True,True
d8590adb-8f4a-4f01-ba0b-8e65a9f54975,3825747,2778,2,00:35:59.617,80,59,30,Pass,189,322,Eibar,From Kick Off,215,Athletic Club,6386.0,Eneko Bóveda Altube,Right Center Back,36.2,58.0,47.7,53.9,1.39859,False,,,,,,Incomplete,False,12.209013,-0.34247297,High Pass,Recovery,6656.0,Mikel Rico Moreno,False,False,left_to_right,False,36.2,58.0,47.7,53.9,False,False,False,True
caa11af1-a4ab-40c1-a83b-87ed0a05749e,3825747,2779,2,00:36:01.016,81,1,42,Ball Receipt*,189,322,Eibar,From Kick Off,215,Athletic Club,6656.0,Mikel Rico Moreno,Center Attacking Midfield,48.4,56.0,,,,False,,,,,,,False,,,,,,,False,False,left_to_right,False,48.4,56.0,,,False,False,False,False
87c22ce8-f6fc-4251-b0b6-2ca62bac341b,3825747,2780,2,00:36:01.016,81,1,30,Pass,189,322,Eibar,From Kick Off,322,Eibar,6775.0,Daniel García Carrillo,Right Defensive Midfield,72.4,26.2,78.3,13.4,1.810899,False,,,,,,Incomplete,False,14.094325,-1.1388841,High Pass,Recovery,,,False,False,left_to_right,False,72.4,26.2,78.3,13.4,False,False,False,True
b30f1800-55f1-4462-adb7-e7433e91c52e,3825747,2781,2,00:36:02.827,81,2,2,Ball Recovery,189,322,Eibar,From Kick Off,215,Athletic Club,6390.0,Markel Susaeta Laskurain,Right Wing,41.8,66.7,,,0.0,False,,,,,,,False,,,,,,,False,False,left_to_right,False,41.8,66.7,,,False,False,False,False
ba1f4617-f80e-49f7-89b7-25cc50b32712,3825747,2782,2,00:36:02.827,81,2,43,Carry,189,322,Eibar,From Kick Off,215,Athletic Club,6390.0,Markel Susaeta Laskurain,Right Wing,41.8,66.7,42.8,76.9,2.448966,True,,,,,,,False,,,,,,,False,False,left_to_right,False,41.8,66.7,42.8,76.9,False,False,False,False
c805c6f3-c85c-4400-bb6b-6c6fd47748e9,3825747,2783,2,00:36:04.926,81,4,17,Pressure,189,322,Eibar,From Kick Off,322,Eibar,9462.0,José Ignacio Peleteiro Ramallo,Left Midfield,78.9,2.8,,,0.341242,False,,,,,,,False,,,,,,,False,False,left_to_right,False,78.9,2.8,,,False,False,False,False
daf725f2-25a0-4363-87bd-49c3500bb2df,3825747,2784,2,00:36:05.276,81,5,30,Pass,189,322,Eibar,From Kick Off,215,Athletic Club,6390.0,Markel Susaeta Laskurain,Right Wing,42.8,76.9,45.2,75.3,0.008183,False,,,,,,Incomplete,False,2.8844411,-0.5880026,Ground Pass,,,,False,False,left_to_right,False,42.8,76.9,45.2,75.3,False,False,False,True
5b9815a5-0847-4cd1-b6a8-bb8af47f08b9,3825747,2785,2,00:36:05.284,81,5,6,Block,189,322,Eibar,From Kick Off,322,Eibar,9462.0,José Ignacio Peleteiro Ramallo,Left Midfield,74.9,4.8,,,0.0,False,,,,,,,False,,,,,,,False,False,left_to_right,False,74.9,4.8,,,False,False,False,False
b4fe1c12-68a9-4a4e-9999-94d894057047,3825747,2786,2,00:36:06.231,81,6,2,Ball Recovery,189,322,Eibar,From Kick Off,322,Eibar,9462.0,José Ignacio Peleteiro Ramallo,Left Midfield,75.2,6.4,,,0.0,False,,,,,,,False,,,,,,,False,False,left_to_right,False,75.2,6.4,,,False,False,False,False
af4dc1e6-c649-4275-9c10-d1c16facca05,3825747,2787,2,00:36:06.231,81,6,43,Carry,189,322,Eibar,From Kick Off,322,Eibar,9462.0,José Ignacio Peleteiro Ramallo,Left Midfield,75.2,6.4,76.5,7.7,0.055143,True,,,,,,,False,,,,,,,False,False,left_to_right,False,75.2,6.4,76.5,7.7,False,False,False,False
05a015b6-84a3-4472-b9ec-ddd2cc9c25a6,3825747,2788,2,00:36:06.286,81,6,39,Dribbled Past,189,322,Eibar,From Kick Off,215,Athletic Club,6390.0,Markel Susaeta Laskurain,Right Wing,43.6,72.4,,,0.0,False,,,,,,,False,,,,,,,False,False,left_to_right,False,43.6,72.4,,,False,False,False,False
cc8835ee-7854-4f1a-a2b9-211f89e721f2,3825747,2789,2,00:36:06.286,81,6,14,Dribble,189,322,Eibar,From Kick Off,322,Eibar,9462.0,José Ignacio Peleteiro Ramallo,Left Midfield,76.5,7.7,,,0.0,True,,,,,,,False,,,,,,,False,False,left_to_right,False,76.5,7.7,,,False,False,False,False
6fa41b6e-ab86-4bb1-a60b-bf99e5a3492f,3825747,2790,2,00:36:06.286,81,6,43,Carry,189,322,Eibar,From Kick Off,322,Eibar,9462.0,José Ignacio Peleteiro Ramallo,Left Midfield,76.5,7.7,70.0,4.2,1.722446,True,,,,,,,False,,,,,,,False,False,left_to_right,False,76.5,7.7,70.0,4.2,False,False,False,False
71897560-0ee4-4d2b-ab20-0b7f7b7ecfd4,3825747,2791,2,00:36:07.895,81,7,17,Pressure,189,322,Eibar,From Kick Off,215,Athletic Club,6389.0,Mikel San José Domínguez,Right Defensive Midfield,48.4,71.7,,,0.327496,False,,,,,,,False,,,,,,,False,False,left_to_right,False,48.4,71.7,,,False,False,False,False
7838fa0b-233b-4a56-aff4-0b3d9b9a4a30,3825747,2792,2,00:36:08.008,81,8,30,Pass,189,322,Eibar,From Kick Off,322,Eibar,9462.0,José Ignacio Peleteiro Ramallo,Left Midfield,70.0,4.2,69.0,7.3,0.525697,True,,,,,,,True,3.2572994,1.8828385,Ground Pass,,6776.0,David Juncà Reñé,False,False,left_to_right,False,70.0,4.2,69.0,7.3,False,False,False,False
dec3f3e0-7245-4816-8de1-05314f2d325f,3825747,2793,2,00:36:08.534,81,8,42,Ball Receipt*,189,322,Eibar,From Kick Off,322,Eibar,6776.0,David Juncà Reñé,Left Back,69.0,7.3,,,,False,,,,,,,False,,,,,,,False,False,left_to_right,False,69.0,7.3,,,False,False,False,False
b4857789-0473-4e7e-994b-65ea0a9abbf1,3825747,2794,2,00:36:08.534,81,8,30,Pass,189,322,Eibar,From Kick Off,322,Eibar,6776.0,David Juncà Reñé,Left Back,68.6,7.9,83.8,17.2,1.05198,False,,,,,,,True,17.819372,0.54908144,Ground Pass,,6700.0,Sergio Enrich Ametller,False,False,left_to_right,False,68.6,7.9,83.8,17.2,False,True,True,False
de5ea656-5ae5-490d-9770-71ea08106d5a,3825747,2795,2,00:36:09.586,81,9,42,Ball Receipt*,189,322,Eibar,From Kick Off,322,Eibar,6700.0,Sergio Enrich Ametller,Left Center Forward,83.8,17.2,,,,False,,,,,,,False,,,,,,,False,False,left_to_right,False,83.8,17.2,,,False,False,False,False
f561faf3-9f9b-4035-9a6f-25d4ea84b0f9,3825747,2796,2,00:36:09.586,81,9,43,Carry,189,322,Eibar,From Kick Off,322,Eibar,6700.0,Sergio Enrich Ametller,Left Center Forward,83.8,17.2,79.1,18.6,1.929148,True,,,,,,,False,,,,,,,False,False,left_to_right,False,83.8,17.2,79.1,18.6,False,False,False,False
d804dc0b-0ed0-4a29-96f8-dc5c0765940e,3825747,2797,2,00:36:09.685,81,9,17,Pressure,189,322,Eibar,From Kick Off,215,Athletic Club,6649.0,Óscar de Marcos Arana,Right Back,35.7,63.5,,,1.626721,False,,,,,,,False,,,,,,,False,False,left_to_right,False,35.7,63.5,,,False,False,False,False
545610a8-d1ca-47aa-902e-89b22dc9af7b,3825747,2798,2,00:36:11.515,81,11,30,Pass,189,322,Eibar,From Kick Off,322,Eibar,6700.0,Sergio Enrich Ametller,Left Center Forward,79.1,18.6,65.3,19.9,1.525576,False,,,,,,,True,13.861096,3.047667,Ground Pass,,6776.0,David Juncà Reñé,False,False,left_to_right,False,79.1,18.6,65.3,19.9,False,False,False,False
e44760a8-b810-49a4-841d-8370a4b27e58,3825747,2799,2,00:36:13.041,81,13,42,Ball Receipt*,189,322,Eibar,From Kick Off,322,Eibar,6776.0,David Juncà Reñé,Left Back,65.3,19.9,,,,False,,,,,,,False,,,,,,,False,False,left_to_right,False,65.3,19.9,,,False,False,False,False
08fcfae4-ea26-453f-ae9a-0365b311741b,3825747,2800,2,00:36:13.041,81,13,30,Pass,189,322,Eibar,From Kick Off,322,Eibar,6776.0,David Juncà Reñé,Left Back,64.7,20.4,55.1,29.7,1.430068,False,,,,,,,True,13.366002,2.3720663,Ground Pass,,6837.0,Mauro Javier Dos Santos,False,False,left_to_right,False,64.7,20.4,55.1,29.7,False,False,False,False
ecf2374c-8fda-472e-bbbe-f4f3ea76142c,3825747,2801,2,00:36:14.471,81,14,42,Ball Receipt*,189,322,Eibar,From Kick Off,322,Eibar,6837.0,Mauro Javier Dos Santos,Right Center Back,55.1,29.7,,,,False,,,,,,,False,,,,,,,False,False,left_to_right,False,55.1,29.7,,,False,False,False,False
66bff8ac-f1c8-4a2e-9cf0-b922d7f5ac8d,3825747,2802,2,00:36:14.471,81,14,43,Carry,189,322,Eibar,From Kick Off,322,Eibar,6837.0,Mauro Javier Dos Santos,Right Center Back,55.1,29.7,55.1,43.8,1.397483,False,,,,,,,False,,,,,,,False,False,left_to_right,False,55.1,29.7,55.1,43.8,False,False,False,False
b0c81060-74dc-4ccf-ba52-3adb24b71130,3825747,2803,2,00:36:15.868,81,15,30,Pass,189,322,Eibar,From Kick Off,322,Eibar,6837.0,Mauro Javier Dos Santos,Right Center Back,55.1,43.8,54.9,73.0,1.764996,False,,,,,,,True,29.200686,1.5776455,Ground Pass,,6699.0,Ander Capa Rodríguez,False,False,left_to_right,False,55.1,43.8,54.9,73.0,False,False,False,False
a01706d6-7af6-4948-83a7-597ac7cdf631,3825747,2804,2,00:36:17.633,81,17,42,Ball Receipt*,189,322,Eibar,From Kick Off,322,Eibar,6699.0,Ander Capa Rodríguez,Right Back,54.9,73.0,,,,False,,,,,,,False,,,,,,,False,False,left_to_right,False,54.9,73.0,,,False,False,False,False
a3976211-fe79-4965-ae2d-fb0e4cfddc9b,3825747,2805,2,00:36:17.633,81,17,43,Carry,189,322,Eibar,From Kick Off,322,Eibar,6699.0,Ander Capa Rodríguez,Right Back,54.9,73.0,55.6,73.0,2.678122,False,,,,,,,False,,,,,,,False,False,left_to_right,False,54.9,73.0,55.6,73.0,False,False,False,False
9995eec9-0193-4d15-85bd-dd6b0bb09c44,3825747,2806,2,00:36:20.311,81,20,30,Pass,189,322,Eibar,From Kick Off,322,Eibar,6699.0,Ander Capa Rodríguez,Right Back,55.6,73.0,42.3,59.2,1.750235,False,,,,,,,True,19.165855,-2.3377464,Ground Pass,,6837.0,Mauro Javier Dos Santos,False,False,left_to_right,False,55.6,73.0,42.3,59.2,False,False,False,False
45b7c402-c740-487f-99c4-a3a091700678,3825747,2807,2,00:36:22.061,81,22,42,Ball Receipt*,189,322,Eibar,From Kick Off,322,Eibar,6837.0,Mauro Javier Dos Santos,Right Center Back,42.3,59.2,,,,False,,,,,,,False,,,,,,,False,False,left_to_right,False,42.3,59.2,,,False,False,False,False
0651fbbb-73f0-40e5-9228-3ced397ba4af,3825747,2808,2,00:36:22.061,81,22,43,Carry,189,322,Eibar,From Kick Off,322,Eibar,6837.0,Mauro Javier Dos Santos,Right Center Back,42.3,59.2,41.7,58.8,0.76933,False,,,,,,,False,,,,,,,False,False,left_to_right,False,42.3,59.2,41.7,58.8,False,False,False,False
79186dcb-f8f5-45f7-a586-f8846f675fc1,3825747,2809,2,00:36:22.831,81,22,30,Pass,189,322,Eibar,From Kick Off,322,Eibar,6837.0,Mauro Javier Dos Santos,Right Center Back,41.7,58.8,62.6,61.9,1.135688,False,,,,,,,True,21.128654,0.14725175,Ground Pass,,6712.0,Gonzalo Escalante,False,False,left_to_right,False,41.7,58.8,62.6,61.9,False,False,False,False
2e282626-3dce-415a-816a-b2e22f117b54,3825747,2810,2,00:36:23.966,81,23,42,Ball Receipt*,189,322,Eibar,From Kick Off,322,Eibar,6712.0,Gonzalo Escalante,Left Defensive Midfield,62.6,61.9,,,,False,,,,,,,False,,,,,,,False,False,left_to_right,False,62.6,61.9,,,False,False,False,False
d3eecaf3-83aa-4359-ab3b-08bb8ced31e4,3825747,2811,2,00:36:23.966,81,23,43,Carry,189,322,Eibar,From Kick Off,322,Eibar,6712.0,Gonzalo Escalante,Left Defensive Midfield,62.6,61.9,71.4,65.1,2.799952,False,,,,,,,False,,,,,,,False,False,left_to_right,False,62.6,61.9,71.4,65.1,False,False,False,False
d85e654e-944e-4ae0-868e-5068eca93efd,3825747,2812,2,00:36:26.766,81,26,30,Pass,189,322,Eibar,From Kick Off,322,Eibar,6712.0,Gonzalo Escalante,Left Defensive Midfield,71.4,65.1,70.5,76.1,1.319626,False,,,,,,,True,11.0367565,1.6524327,Ground Pass,,6699.0,Ander Capa Rodríguez,False,False,left_to_right,False,71.4,65.1,70.5,76.1,False,False,False,False
a6885146-7c7d-4477-b0de-ef4a4c5236a4,3825747,2813,2,00:36:28.086,81,28,42,Ball Receipt*,189,322,Eibar,From Kick Off,322,Eibar,6699.0,Ander Capa Rodríguez,Right Back,70.5,76.1,,,,False,,,,,,,False,,,,,,,False,False,left_to_right,False,70.5,76.1,,,False,False,False,False
fca238a1-8203-4315-a50f-23a1f9f67242,3825747,2814,2,00:36:28.086,81,28,43,Carry,189,322,Eibar,From Kick Off,322,Eibar,6699.0,Ander Capa Rodríguez,Right Back,70.5,76.1,71.8,76.3,0.767356,False,,,,,,,False,,,,,,,False,False,left_to_right,False,70.5,76.1,71.8,76.3,False,False,False,False
c78801bd-9d0a-4dd4-891c-7a8193e734c9,3825747,2815,2,00:36:28.853,81,28,30,Pass,189,322,Eibar,From Kick Off,322,Eibar,6699.0,Ander Capa Rodríguez,Right Back,71.8,76.3,99.6,66.1,2.006339,False,,,,,,Incomplete,False,29.61216,-0.35165617,Ground Pass,,6712.0,Gonzalo Escalante,False,False,left_to_right,False,71.8,76.3,99.6,66.1,False,True,True,True
4ee9b287-8346-4c02-a538-d205bbbfc340,3825747,2816,2,00:36:30.860,81,30,42,Ball Receipt*,189,322,Eibar,From Kick Off,322,Eibar,6712.0,Gonzalo Escalante,Left Defensive Midfield,97.2,68.7,,,,False,,,,,,,False,,,,,,,False,False,left_to_right,False,97.2,68.7,,,False,False,False,False
efdf667d-190b-4bbe-9898-a234cb1a8803,3825747,2817,2,00:36:30.860,81,30,10,Interception,189,322,Eibar,From Kick Off,215,Athletic Club,4353.0,Aymeric Laporte,Left Center Back,20.5,14.0,,,0.0,False,,,,,,,False,,,,,,,False,False,left_to_right,False,20.5,14.0,,,False,False,False,False
6745d9eb-330b-41dc-bc20-430976f6c294,3825747,2818,2,00:36:31.321,81,31,6,Block,189,322,Eibar,From Kick Off,322,Eibar,6742.0,Sergio Gontán Gallardo,Right Midfield,89.9,73.7,,,0.0,False,,,,,,,False,,,,,,,False,False,left_to_right,False,89.9,73.7,,,False,False,False,False
863972c2-9e9d-42f7-899a-ada739053c7e,3825747,2819,2,00:36:50.024,81,50,30,Pass,190,215,Athletic Club,From Throw In,215,Athletic Club,6789.0,Mikel Balenziaga Oruesagasti,Left Back,36.6,0.1,72.3,18.1,2.926164,False,,,,,,Incomplete,False,39.98112,0.46700332,High Pass,Throw-in,6394.0,Aritz Aduriz Zubeldia,False,False,left_to_right,False,36.6,0.1,72.3,18.1,False,True,False,True
ed2cee5d-3680-4a09-b18f-848ea188febb,3825747,2820,2,00:36:52.950,81,52,42,Ball Receipt*,190,215,Athletic Club,From Throw In,215,Athletic Club,6394.0,Aritz Aduriz Zubeldia,Center Forward,71.9,20.0,,,,False,,,,,,,False,,,,,,,False,False,left_to_right,False,71.9,20.0,,,False,False,False,False
128a0f82-094a-4757-8098-84f3762974d0,3825747,2821,2,00:36:52.950,81,52,30,Pass,190,215,Athletic Club,From Throw In,322,Eibar,27239.0,Aleksandar Pantić,Left Center Back,47.8,62.0,50.9,71.2,1.757481,False,,,,,,,True,9.708244,1.2457885,High Pass,Recovery,6837.0,Mauro Javier Dos Santos,False,False,left_to_right,False,47.8,62.0,50.9,71.2,False,False,False,False
43e6bdfb-b1ee-4dbf-b68a-092e4e8b78b9,3825747,2822,2,00:36:54.707,81,54,42,Ball Receipt*,190,215,Athletic Club,From Throw In,322,Eibar,6837.0,Mauro Javier Dos Santos,Right Center Back,50.9,71.2,,,,False,,,,,,,False,,,,,,,False,False,left_to_right,False,50.9,71.2,,,False,False,False,False
4d00c55d-0864-4a5f-b648-591aef4a3877,3825747,2823,2,00:36:54.707,81,54,30,Pass,190,215,Athletic Club,From Throw In,322,Eibar,6837.0,Mauro Javier Dos Santos,Right Center Back,50.5,71.5,89.4,67.0,2.726888,False,,,,,,Incomplete,False,39.159416,-0.11516932,High Pass,,6566.0,Borja González Tomás,False,False,left_to_right,False,50.5,71.5,89.4,67.0,False,True,True,True
88885f3a-c400-48e1-a3c5-bc7a47639fa3,3825747,2824,2,00:36:57.434,81,57,42,Ball Receipt*,190,215,Athletic Club,From Throw In,322,Eibar,6566.0,Borja González Tomás,Right Center Forward,87.0,66.8,,,,False,,,,,,,False,,,,,,,False,False,left_to_right,False,87.0,66.8,,,False,False,False,False
1722abbf-7a09-4c81-9975-69370e9ea344,3825747,2825,2,00:36:57.434,81,57,9,Clearance,190,215,Athletic Club,From Throw In,215,Athletic Club,4353.0,Aymeric Laporte,Left Center Back,30.7,13.1,,,0.0,True,,,,,,,False,,,,,,,False,False,left_to_right,False,30.7,13.1,,,False,False,False,False
562f6e79-6df4-4f11-bcf2-bfa37c4ba616,3825747,2826,2,00:36:59.590,81,59,17,Pressure,190,215,Athletic Club,From Throw In,322,Eibar,6837.0,Mauro Javier Dos Santos,Right Center Back,57.0,61.0,,,1.103062,False,,,,,,,False,,,,,,,False,False,left_to_right,False,57.0,61.0,,,False,False,False,False
84e232a6-6be0-406f-92af-06c4eb0089cc,3825747,2827,2,00:36:59.705,81,59,2,Ball Recovery,190,215,Athletic Club,From Throw In,215,Athletic Club,6394.0,Aritz Aduriz Zubeldia,Center Forward,63.0,20.5,,,0.0,True,,,,,,,False,,,,,,,False,False,left_to_right,False,63.0,20.5,,,False,False,False,False
fbeb9fe0-7c08-4923-952c-e80e8e62549d,3825747,2828,2,00:36:59.705,81,59,43,Carry,190,215,Athletic Club,From Throw In,215,Athletic Club,6394.0,Aritz Aduriz Zubeldia,Center Forward,63.0,20.5,63.0,22.4,0.92873,True,,,,,,,False,,,,,,,False,False,left_to_right,False,63.0,20.5,63.0,22.4,False,False,False,False
7c83dc41-314d-4394-859b-500f9714c20e,3825747,2829,2,00:37:00.634,82,0,30,Pass,190,215,Athletic Club,From Throw In,215,Athletic Club,6394.0,Aritz Aduriz Zubeldia,Center Forward,63.0,22.4,55.1,25.1,1.188088,True,,,,,,,True,8.348653,2.8122666,Ground Pass,,6656.0,Mikel Rico Moreno,False,False,left_to_right,False,63.0,22.4,55.1,25.1,False,False,False,False
48473858-1951-4a0e-a26d-d279f6e39eb4,3825747,2830,2,00:37:01.822,82,1,42,Ball Receipt*,190,215,Athletic Club,From Throw In,215,Athletic Club,6656.0,Mikel Rico Moreno,Center Attacking Midfield,55.1,25.1,,,,False,,,,,,,False,,,,,,,False,False,left_to_right,False,55.1,25.1,,,False,False,False,False
4992bd75-34f1-482d-8262-7c4f92d4e9f0,3825747,2831,2,00:37:01.822,82,1,43,Carry,190,215,Athletic Club,From Throw In,215,Athletic Club,6656.0,Mikel Rico Moreno,Center Attacking Midfield,55.1,25.1,56.2,25.0,0.268701,False,,,,,,,False,,,,,,,False,False,left_to_right,False,55.1,25.1,56.2,25.0,False,False,False,False
dc36843c-f1f1-4024-b4ab-59fab36f2668,3825747,2832,2,00:37:02.091,82,2,30,Pass,190,215,Athletic Club,From Throw In,215,Athletic Club,6656.0,Mikel Rico Moreno,Center Attacking Midfield,56.2,25.0,62.1,27.5,0.369793,False,,,,,,Incomplete,False,6.407808,0.40079346,Ground Pass,,6390.0,Markel Susaeta Laskurain,False,False,left_to_right,False,56.2,25.0,62.1,27.5,False,False,False,True
62bc4546-5fda-43dc-b8d0-0d2040d54111,3825747,2833,2,00:37:02.461,82,2,42,Ball Receipt*,190,215,Athletic Club,From Throw In,215,Athletic Club,6390.0,Markel Susaeta Laskurain,Right Wing,63.7,34.3,,,,False,,,,,,,False,,,,,,,False,False,left_to_right,False,63.7,34.3,,,False,False,False,False
38703515-8770-49a1-b4b3-68a192847188,3825747,2834,2,00:37:02.461,82,2,6,Block,190,215,Athletic Club,From Throw In,322,Eibar,6775.0,Daniel García Carrillo,Right Defensive Midfield,58.0,52.6,,,0.0,False,,,,,,,False,,,,,,,False,False,left_to_right,False,58.0,52.6,,,False,False,False,False
300a22ba-c9c3-46cb-9c57-12fdb7c95df1,3825747,2835,2,00:37:03.041,82,3,30,Pass,190,215,Athletic Club,From Throw In,215,Athletic Club,6656.0,Mikel Rico Moreno,Center Attacking Midfield,55.1,24.6,62.3,35.8,1.217025,False,,,,,,Incomplete,False,13.314653,0.99945885,Low Pass,Recovery,6390.0,Markel Susaeta Laskurain,False,False,left_to_right,False,55.1,24.6,62.3,35.8,False,False,False,True
af3d1e25-4d83-4edb-b9a9-b88df6381443,3825747,2836,2,00:37:04.258,82,4,42,Ball Receipt*,190,215,Athletic Club,From Throw In,215,Athletic Club,6390.0,Markel Susaeta Laskurain,Right Wing,62.7,37.7,,,,False,,,,,,,False,,,,,,,False,False,left_to_right,False,62.7,37.7,,,False,False,False,False
993f8b8a-0e8a-4f07-8be1-f84e532bc53d,3825747,2837,2,00:37:04.258,82,4,10,Interception,190,215,Athletic Club,From Throw In,322,Eibar,9462.0,José Ignacio Peleteiro Ramallo,Left Midfield,57.8,44.3,,,0.0,False,,,,,,,False,,,,,,,False,False,left_to_right,False,57.8,44.3,,,False,False,False,False
55134d65-9d09-4839-97e1-689ca5e9edfd,3825747,2838,2,00:37:05.778,82,5,30,Pass,190,215,Athletic Club,From Throw In,215,Athletic Club,6390.0,Markel Susaeta Laskurain,Right Wing,55.8,37.7,56.2,60.1,1.052851,False,,,,,,,True,22.403572,1.5529411,Ground Pass,Interception,6649.0,Óscar de Marcos Arana,False,False,left_to_right,False,55.8,37.7,56.2,60.1,False,False,False,False
2eb4dbad-674f-422d-bba9-499523e06afc,3825747,2839,2,00:37:06.831,82,6,42,Ball Receipt*,190,215,Athletic Club,From Throw In,215,Athletic Club,6649.0,Óscar de Marcos Arana,Right Back,56.2,60.1,,,,False,,,,,,,False,,,,,,,False,False,left_to_right,False,56.2,60.1,,,False,False,False,False
d9f84ff3-61a2-47fe-82df-c069ef5f4b6f,3825747,2840,2,00:37:06.831,82,6,43,Carry,190,215,Athletic Club,From Throw In,215,Athletic Club,6649.0,Óscar de Marcos Arana,Right Back,56.2,60.1,70.5,58.0,3.309303,False,,,,,,,False,,,,,,,False,False,left_to_right,False,56.2,60.1,70.5,58.0,False,False,False,False
5b01de4c-1a7b-46b4-acd1-dd929c141104,3825747,2841,2,00:37:10.140,82,10,30,Pass,190,215,Athletic Club,From Throw In,215,Athletic Club,6649.0,Óscar de Marcos Arana,Right Back,70.5,58.0,82.9,53.6,0.865681,False,,,,,,,True,13.157507,-0.34097895,Ground Pass,,6394.0,Aritz Aduriz Zubeldia,False,False,left_to_right,False,70.5,58.0,82.9,53.6,False,False,True,False
0108b17c-72c2-4775-bd0c-d1235815b99f,3825747,2842,2,00:37:11.006,82,11,42,Ball Receipt*,190,215,Athletic Club,From Throw In,215,Athletic Club,6394.0,Aritz Aduriz Zubeldia,Center Forward,82.9,53.6,,,,False,,,,,,,False,,,,,,,False,False,left_to_right,False,82.9,53.6,,,False,False,False,False
4a6eaa8b-075b-4358-b4f4-4ebb33880346,3825747,2843,2,00:37:11.006,82,11,43,Carry,190,215,Athletic Club,From Throw In,215,Athletic Club,6394.0,Aritz Aduriz Zubeldia,Center Forward,82.9,53.6,83.9,52.9,1.111226,True,,,,,,,False,,,,,,,False,False,left_to_right,False,82.9,53.6,83.9,52.9,False,False,False,False
d3a5eb91-09d1-44cb-a527-03b000319ee7,3825747,2844,2,00:37:11.228,82,11,17,Pressure,190,215,Athletic Club,From Throw In,322,Eibar,6776.0,David Juncà Reñé,Left Back,36.7,24.1,,,1.245835,False,,,,,,,False,,,,,,,False,False,left_to_right,False,36.7,24.1,,,False,False,False,False
7041cc30-d34f-47c0-9ecc-712811c02741,3825747,2845,2,00:37:12.117,82,12,30,Pass,190,215,Athletic Club,From Throw In,215,Athletic Club,6394.0,Aritz Aduriz Zubeldia,Center Forward,83.9,52.9,106.4,51.5,2.132779,True,,,,,,Incomplete,False,22.543514,-0.062142108,Low Pass,,6649.0,Óscar de Marcos Arana,False,False,left_to_right,False,83.9,52.9,106.4,51.5,False,True,False,True
12b3e5e3-b142-49e3-b99e-9fdf7154c5f6,3825747,2846,2,00:37:14.250,82,14,42,Ball Receipt*,190,215,Athletic Club,From Throw In,215,Athletic Club,6649.0,Óscar de Marcos Arana,Right Back,106.4,52.5,,,,False,,,,,,,False,,,,,,,False,False,left_to_right,False,106.4,52.5,,,False,False,False,False
81d37f3c-dcbc-417a-b41a-6701aca761cc,3825747,2847,2,00:37:14.250,82,14,10,Interception,190,215,Athletic Club,From Throw In,322,Eibar,27239.0,Aleksandar Pantić,Left Center Back,13.7,28.6,,,0.0,False,,,,,,,False,,,,,,,False,False,left_to_right,False,13.7,28.6,,,False,False,False,False
e40125aa-3f9b-44e0-a537-2c0b66246c83,3825747,2848,2,00:37:36.260,82,36,19,Substitution,190,215,Athletic Club,From Throw In,215,Athletic Club,6396.0,Beñat Etxebarria Urkiaga,Left Defensive Midfield,,,,,0.0,False,,,,,,,False,,,,,,,False,False,left_to_right,False,,,,,False,False,False,False
fff5a9f2-1d50-404e-9af5-18c56de85f31,3825747,2849,2,00:38:07.904,83,7,30,Pass,191,215,Athletic Club,From Corner,215,Athletic Club,6390.0,Markel Susaeta Laskurain,Right Wing,120.0,80.0,116.3,46.4,1.124858,False,,,,,,Incomplete,False,33.80311,-1.6804734,High Pass,Corner,,,False,False,left_to_right,False,120.0,80.0,116.3,46.4,False,True,False,True
1619b0bd-7d73-4b5a-80f5-6b0cdb7a8741,3825747,2850,2,00:38:09.029,83,9,9,Clearance,191,215,Athletic Club,From Corner,322,Eibar,6776.0,David Juncà Reñé,Left Back,3.8,33.7,,,0.0,True,,,,,,,False,,,,,,,False,False,left_to_right,False,3.8,33.7,,,False,False,False,False
b7161510-0578-4c43-b6b8-d1821c82533d,3825747,2851,2,00:38:09.680,83,9,9,Clearance,191,215,Athletic Club,From Corner,322,Eibar,6712.0,Gonzalo Escalante,Left Defensive Midfield,10.0,41.4,,,0.0,True,,,,,,,False,,,,,,,False,False,left_to_right,False,10.0,41.4,,,False,False,False,False
537e6a2b-ddb5-4339-a0da-4515132178cc,3825747,2852,2,00:38:11.967,83,11,30,Pass,191,215,Athletic Club,From Corner,215,Athletic Club,6656.0,Mikel Rico Moreno,Center Attacking Midfield,97.7,56.4,99.7,72.2,1.616616,False,,,,,,,True,15.926079,1.4448837,Ground Pass,Recovery,6390.0,Markel Susaeta Laskurain,False,False,left_to_right,False,97.7,56.4,99.7,72.2,False,False,False,False
08776bab-99ec-47c3-8a7a-74108ec128fc,3825747,2853,2,00:38:13.583,83,13,42,Ball Receipt*,191,215,Athletic Club,From Corner,215,Athletic Club,6390.0,Markel Susaeta Laskurain,Right Wing,99.7,72.2,,,,False,,,,,,,False,,,,,,,False,False,left_to_right,False,99.7,72.2,,,False,False,False,False
f23fc756-1e94-4b97-9b14-1851a78e80f1,3825747,2854,2,00:38:13.583,83,13,43,Carry,191,215,Athletic Club,From Corner,215,Athletic Club,6390.0,Markel Susaeta Laskurain,Right Wing,99.7,72.2,104.6,70.7,1.523977,False,,,,,,,False,,,,,,,False,False,left_to_right,False,99.7,72.2,104.6,70.7,False,False,False,False
923280cc-faff-44f7-a066-337997c45de0,3825747,2855,2,00:38:15.107,83,15,30,Pass,191,215,Athletic Club,From Corner,215,Athletic Club,6390.0,Markel Susaeta Laskurain,Right Wing,104.6,70.7,106.0,51.9,0.677137,False,,,,,,Incomplete,False,18.852057,-1.4964654,Low Pass,,,,False,False,left_to_right,False,104.6,70.7,106.0,51.9,False,True,False,True
e97d09e9-351c-405f-816b-07f2e22c0c30,3825747,2856,2,00:38:15.784,83,15,9,Clearance,191,215,Athletic Club,From Corner,322,Eibar,6712.0,Gonzalo Escalante,Left Defensive Midfield,14.1,28.2,,,0.0,True,,,,,,,False,,,,,,,False,False,left_to_right,False,14.1,28.2,,,False,False,False,False
74e37576-16e1-47bb-bda3-1d0214e9e745,3825747,2857,2,00:38:17.643,83,17,4,Duel,191,215,Athletic Club,From Corner,322,Eibar,6775.0,Daniel García Carrillo,Right Defensive Midfield,27.6,21.1,,,0.0,True,,,,,,,False,,,,,,,False,False,left_to_right,False,27.6,21.1,,,False,False,False,False
2cc5b742-f891-408d-9ceb-e8b816184915,3825747,2858,2,00:38:17.643,83,17,30,Pass,191,215,Athletic Club,From Corner,215,Athletic Club,6656.0,Mikel Rico Moreno,Center Attacking Midfield,92.5,59.0,97.7,57.0,0.775588,True,,,,,,,True,5.5713553,-0.36717382,High Pass,Recovery,23833.0,Borja Viguera Manzanares,False,False,left_to_right,False,92.5,59.0,97.7,57.0,False,False,False,False
63e06be1-a386-410f-bd55-b993c712e90e,3825747,2859,2,00:38:18.205,83,18,17,Pressure,191,215,Athletic Club,From Corner,322,Eibar,6712.0,Gonzalo Escalante,Left Defensive Midfield,21.0,23.0,,,0.993513,False,,,,,,,False,,,,,,,False,False,left_to_right,False,21.0,23.0,,,False,False,False,False
1a6a472a-80d6-4a05-810e-2390fd83c625,3825747,2860,2,00:38:18.418,83,18,42,Ball Receipt*,191,215,Athletic Club,From Corner,215,Athletic Club,23833.0,Borja Viguera Manzanares,Left Defensive Midfield,97.7,57.0,,,,True,,,,,,,False,,,,,,,False,False,left_to_right,False,97.7,57.0,,,False,False,False,False
2985ebaf-440c-4ffd-b575-8b13a18c4f4a,3825747,2861,2,00:38:18.418,83,18,43,Carry,191,215,Athletic Club,From Corner,215,Athletic Club,23833.0,Borja Viguera Manzanares,Left Defensive Midfield,97.7,57.0,98.7,57.1,0.24113,True,,,,,,,False,,,,,,,False,False,left_to_right,False,97.7,57.0,98.7,57.1,False,False,False,False
598540cd-d8a7-4ba1-910a-ebd40cbffda6,3825747,2862,2,00:38:18.659,83,18,30,Pass,191,215,Athletic Club,From Corner,215,Athletic Club,23833.0,Borja Viguera Manzanares,Left Defensive Midfield,98.7,57.1,95.8,59.0,0.775137,True,,,,,,,True,3.4669871,2.56159,Low Pass,,6390.0,Markel Susaeta Laskurain,False,False,left_to_right,False,98.7,57.1,95.8,59.0,False,False,False,False
f344c045-95bb-4144-9e3a-bf2c90358326,3825747,2863,2,00:38:19.250,83,19,17,Pressure,191,215,Athletic Club,From Corner,322,Eibar,6712.0,Gonzalo Escalante,Left Defensive Midfield,23.7,19.0,,,0.32979,False,,,,,,,False,,,,,,,False,False,left_to_right,False,23.7,19.0,,,False,False,False,False
9e360047-39e4-4657-b2a4-8acb6a3af4ed,3825747,2864,2,00:38:19.434,83,19,42,Ball Receipt*,191,215,Athletic Club,From Corner,215,Athletic Club,6390.0,Markel Susaeta Laskurain,Right Wing,95.8,59.0,,,,True,,,,,,,False,,,,,,,False,False,left_to_right,False,95.8,59.0,,,False,False,False,False
f589e7c1-206a-426f-a301-531cad45465c,3825747,2865,2,00:38:19.434,83,19,43,Carry,191,215,Athletic Club,From Corner,215,Athletic Club,6390.0,Markel Susaeta Laskurain,Right Wing,95.8,59.0,95.3,58.8,0.28828,True,,,,,,,False,,,,,,,False,False,left_to_right,False,95.8,59.0,95.3,58.8,False,False,False,False
6ca4aa1b-62ab-4e9e-b32e-aa0a1c994a47,3825747,2866,2,00:38:19.723,83,19,14,Dribble,191,215,Athletic Club,From Corner,215,Athletic Club,6390.0,Markel Susaeta Laskurain,Right Wing,95.3,58.8,,,0.0,True,,,,,,,False,,,,,,,False,False,left_to_right,False,95.3,58.8,,,False,False,False,False
938ae57d-282f-433e-9058-e8042e22a7fc,3825747,2867,2,00:38:19.723,83,19,4,Duel,191,215,Athletic Club,From Corner,322,Eibar,6712.0,Gonzalo Escalante,Left Defensive Midfield,24.8,21.3,,,0.0,True,,,,,,,False,,,,,,,False,False,left_to_right,False,24.8,21.3,,,False,False,False,False
ae2bc0f7-87b6-4065-94d9-9dfb5aefefcb,3825747,2868,2,00:38:21.596,83,21,30,Pass,191,215,Athletic Club,From Corner,215,Athletic Club,6656.0,Mikel Rico Moreno,Center Attacking Midfield,85.3,69.8,94.2,70.4,1.018802,False,,,,,,,True,8.920202,0.06731387,Ground Pass,Recovery,23833.0,Borja Viguera Manzanares,False,False,left_to_right,False,85.3,69.8,94.2,70.4,False,False,False,False
df5769cc-387f-4d2e-84c1-8a5dcacd2c9a,3825747,2869,2,00:38:22.614,83,22,42,Ball Receipt*,191,215,Athletic Club,From Corner,215,Athletic Club,23833.0,Borja Viguera Manzanares,Left Defensive Midfield,94.2,70.4,,,,False,,,,,,,False,,,,,,,False,False,left_to_right,False,94.2,70.4,,,False,False,False,False
38153853-f217-4d80-b9de-3d5d0491d313,3825747,2870,2,00:38:22.614,83,22,43,Carry,191,215,Athletic Club,From Corner,215,Athletic Club,23833.0,Borja Viguera Manzanares,Left Defensive Midfield,94.2,70.4,83.7,54.2,3.308522,True,,,,,,,False,,,,,,,False,False,left_to_right,False,94.2,70.4,83.7,54.2,False,False,False,False
76394244-5a8f-4e1b-924a-8e0275e1e411,3825747,2871,2,00:38:22.778,83,22,17,Pressure,191,215,Athletic Club,From Corner,322,Eibar,6776.0,David Juncà Reñé,Left Back,21.6,10.3,,,0.984267,False,,,,,,,False,,,,,,,False,False,left_to_right,False,21.6,10.3,,,False,False,False,False
f8616ab8-2037-4ffa-9fb1-010e71461b17,3825747,2872,2,00:38:25.923,83,25,30,Pass,191,215,Athletic Club,From Corner,215,Athletic Club,23833.0,Borja Viguera Manzanares,Left Defensive Midfield,83.7,54.2,89.4,43.7,1.108473,False,,,,,,,True,11.947385,-1.0734537,Ground Pass,,6389.0,Mikel San José Domínguez,False,False,left_to_right,False,83.7,54.2,89.4,43.7,False,False,False,False
84ecc3a7-1d37-4e62-9cdb-d71efb25bd99,3825747,2873,2,00:38:27.031,83,27,42,Ball Receipt*,191,215,Athletic Club,From Corner,215,Athletic Club,6389.0,Mikel San José Domínguez,Right Defensive Midfield,89.4,43.7,,,,False,,,,,,,False,,,,,,,False,False,left_to_right,False,89.4,43.7,,,False,False,False,False
8d43e740-bb83-4fe1-8c78-78335b7e35e0,3825747,2874,2,00:38:27.031,83,27,43,Carry,191,215,Athletic Club,From Corner,215,Athletic Club,6389.0,Mikel San José Domínguez,Right Defensive Midfield,89.4,43.7,90.3,42.8,0.04,False,,,,,,,False,,,,,,,False,False,left_to_right,False,89.4,43.7,90.3,42.8,False,False,False,False
8bf903bd-c42a-405e-8443-5353cb50d5f2,3825747,2875,2,00:38:27.071,83,27,30,Pass,191,215,Athletic Club,From Corner,215,Athletic Club,6389.0,Mikel San José Domínguez,Right Defensive Midfield,90.3,42.8,114.8,53.8,2.555649,False,,,,,,Incomplete,False,26.856098,0.42200503,Ground Pass,,6390.0,Markel Susaeta Laskurain,False,False,left_to_right,False,90.3,42.8,114.8,53.8,False,True,False,True
82602160-0d7a-4aeb-ae17-6701f9988886,3825747,2876,2,00:38:29.627,83,29,42,Ball Receipt*,191,215,Athletic Club,From Corner,215,Athletic Club,6390.0,Markel Susaeta Laskurain,Right Wing,113.8,55.6,,,,False,,,,,,,False,,,,,,,False,False,left_to_right,False,113.8,55.6,,,False,False,False,False
b662b162-34bd-4e25-bbc9-c49815fc3fb5,3825747,2877,2,00:38:29.627,83,29,23,Goal Keeper,192,322,Eibar,From Keeper,322,Eibar,10763.0,Asier Riesgo Unamuno,Goalkeeper,5.3,26.3,,,0.0,False,,,,,,,False,,,,,,,False,False,left_to_right,False,5.3,26.3,,,False,False,False,False
f2499bd3-5807-43dd-99e4-daf2ec1d2f4a,3825747,2878,2,00:38:34.732,83,34,30,Pass,192,322,Eibar,From Keeper,322,Eibar,10763.0,Asier Riesgo Unamuno,Goalkeeper,12.7,28.7,54.7,19.4,2.199107,False,,,,,,Incomplete,False,43.017323,-0.21791251,High Pass,,,,False,False,left_to_right,False,12.7,28.7,54.7,19.4,False,True,False,True
1a8b9f22-6846-4a96-b413-2dc137d8dffd,3825747,2879,2,00:38:36.931,83,36,30,Pass,193,215,Athletic Club,Regular Play,215,Athletic Club,6649.0,Óscar de Marcos Arana,Right Back,65.4,60.7,77.8,70.8,1.097225,False,,,,,,,True,15.992811,0.6835298,Low Pass,Recovery,6656.0,Mikel Rico Moreno,False,False,left_to_right,False,65.4,60.7,77.8,70.8,False,False,False,False
4ade4f7a-075c-453e-8fda-c0e964c19bee,3825747,2880,2,00:38:38.028,83,38,42,Ball Receipt*,193,215,Athletic Club,Regular Play,215,Athletic Club,6656.0,Mikel Rico Moreno,Center Attacking Midfield,77.8,70.8,,,,False,,,,,,,False,,,,,,,False,False,left_to_right,False,77.8,70.8,,,False,False,False,False
167f368a-c8f3-4eb0-b60a-f5bc89ccee39,3825747,2881,2,00:38:38.028,83,38,43,Carry,193,215,Athletic Club,Regular Play,215,Athletic Club,6656.0,Mikel Rico Moreno,Center Attacking Midfield,77.8,70.8,77.2,71.8,0.849865,True,,,,,,,False,,,,,,,False,False,left_to_right,False,77.8,70.8,77.2,71.8,False,False,False,False
cf12d39e-5ed5-4b4c-9f55-5d9395c8aad9,3825747,2882,2,00:38:38.632,83,38,17,Pressure,193,215,Athletic Club,Regular Play,322,Eibar,6776.0,David Juncà Reñé,Left Back,41.7,12.5,,,0.470946,False,,,,,,,False,,,,,,,False,False,left_to_right,False,41.7,12.5,,,False,False,False,False
49ab590c-1fa7-4f45-af1d-0cd63a25f8cc,3825747,2883,2,00:38:38.878,83,38,30,Pass,193,215,Athletic Club,Regular Play,215,Athletic Club,6656.0,Mikel Rico Moreno,Center Attacking Midfield,77.2,71.8,78.6,69.8,0.225587,True,,,,,,Incomplete,False,2.4413111,-0.9600704,Ground Pass,,,,False,False,left_to_right,False,77.2,71.8,78.6,69.8,False,False,False,True
406c7d1c-e1a2-4378-8d61-b3ee50b3d896,3825747,2884,2,00:38:39.103,83,39,6,Block,193,215,Athletic Club,Regular Play,322,Eibar,6776.0,David Juncà Reñé,Left Back,41.5,10.3,,,0.0,False,,,,,,,False,,,,,,,False,False,left_to_right,False,41.5,10.3,,,False,False,False,False
57126f79-d294-4f6d-b7b4-2464a9eb229f,3825747,2885,2,00:38:50.432,83,50,30,Pass,194,215,Athletic Club,From Throw In,215,Athletic Club,6649.0,Óscar de Marcos Arana,Right Back,78.4,80.0,77.2,66.7,0.685153,False,,,,,,,True,13.354026,-1.6607783,Low Pass,Throw-in,6656.0,Mikel Rico Moreno,False,False,left_to_right,False,78.4,80.0,77.2,66.7,False,False,False,False
67c82fe3-3f1c-4d2c-8526-67c533dfe036,3825747,2886,2,00:38:51.117,83,51,42,Ball Receipt*,194,215,Athletic Club,From Throw In,215,Athletic Club,6656.0,Mikel Rico Moreno,Center Attacking Midfield,77.2,66.7,,,,False,,,,,,,False,,,,,,,False,False,left_to_right,False,77.2,66.7,,,False,False,False,False
6c9c5a54-5c24-4b71-8169-b3915747d2b4,3825747,2887,2,00:38:51.117,83,51,30,Pass,194,215,Athletic Club,From Throw In,215,Athletic Club,6656.0,Mikel Rico Moreno,Center Attacking Midfield,77.2,66.6,78.2,75.1,0.999678,False,,,,,,,True,8.558621,1.4536875,Low Pass,,6649.0,Óscar de Marcos Arana,False,False,left_to_right,False,77.2,66.6,78.2,75.1,False,False,False,False
62310e2e-1bd0-4b4b-9d2c-b94e013ac738,3825747,2888,2,00:38:52.117,83,52,42,Ball Receipt*,194,215,Athletic Club,From Throw In,215,Athletic Club,6649.0,Óscar de Marcos Arana,Right Back,78.2,75.1,,,,False,,,,,,,False,,,,,,,False,False,left_to_right,False,78.2,75.1,,,False,False,False,False
65aa8b67-e76b-4030-af7f-ab2641fa2168,3825747,2889,2,00:38:52.117,83,52,30,Pass,194,215,Athletic Club,From Throw In,215,Athletic Club,6649.0,Óscar de Marcos Arana,Right Back,78.4,73.1,77.5,62.5,1.257126,False,,,,,,,True,10.638139,-1.6554989,Ground Pass,,6656.0,Mikel Rico Moreno,False,False,left_to_right,False,78.4,73.1,77.5,62.5,False,False,False,False
a85ee1bd-361e-4ce9-ae55-80538f149d6c,3825747,2890,2,00:38:53.374,83,53,42,Ball Receipt*,194,215,Athletic Club,From Throw In,215,Athletic Club,6656.0,Mikel Rico Moreno,Center Attacking Midfield,77.5,62.5,,,,False,,,,,,,False,,,,,,,False,False,left_to_right,False,77.5,62.5,,,False,False,False,False
63ff4af5-8299-4c59-a2ea-a0bc0a728f45,3825747,2891,2,00:38:53.374,83,53,30,Pass,194,215,Athletic Club,From Throw In,215,Athletic Club,6656.0,Mikel Rico Moreno,Center Attacking Midfield,78.8,62.1,93.0,68.4,0.879535,False,,,,,,,True,15.5348,0.41757074,Ground Pass,,23833.0,Borja Viguera Manzanares,False,False,left_to_right,False,78.8,62.1,93.0,68.4,False,False,True,False
bdba28fb-1404-407c-890d-c2dedca193d2,3825747,2892,2,00:38:54.254,83,54,42,Ball Receipt*,194,215,Athletic Club,From Throw In,215,Athletic Club,23833.0,Borja Viguera Manzanares,Left Defensive Midfield,93.0,68.4,,,,False,,,,,,,False,,,,,,,False,False,left_to_right,False,93.0,68.4,,,False,False,False,False
9a68bad7-d5de-44ee-836f-43c3b8594c7c,3825747,2893,2,00:38:54.254,83,54,43,Carry,194,215,Athletic Club,From Throw In,215,Athletic Club,23833.0,Borja Viguera Manzanares,Left Defensive Midfield,93.0,68.4,92.2,61.9,2.411306,True,,,,,,,False,,,,,,,False,False,left_to_right,False,93.0,68.4,92.2,61.9,False,False,False,False
5b5fe5d0-1570-439f-a61b-1002a57e3068,3825747,2894,2,00:38:55.081,83,55,17,Pressure,194,215,Athletic Club,From Throw In,322,Eibar,6776.0,David Juncà Reñé,Left Back,26.9,9.8,,,1.256717,False,,,,,,,False,,,,,,,False,False,left_to_right,False,26.9,9.8,,,False,False,False,False
a408cea5-72b4-4494-a8f1-8bcce864c48c,3825747,2895,2,00:38:56.665,83,56,30,Pass,194,215,Athletic Club,From Throw In,215,Athletic Club,23833.0,Borja Viguera Manzanares,Left Defensive Midfield,92.2,61.9,95.4,58.7,0.598159,False,,,,,,,True,4.5254836,-0.7853982,Ground Pass,,6656.0,Mikel Rico Moreno,False,False,left_to_right,False,92.2,61.9,95.4,58.7,False,False,False,False
890c6afa-5a14-4f3d-b7d8-599f94cfecc4,3825747,2896,2,00:38:57.102,83,57,17,Pressure,194,215,Athletic Club,From Throw In,322,Eibar,6712.0,Gonzalo Escalante,Left Defensive Midfield,24.1,21.1,,,0.202226,False,,,,,,,False,,,,,,,False,False,left_to_right,False,24.1,21.1,,,False,False,False,False
76c3e1f7-7757-407b-baca-98f72d3896c4,3825747,2897,2,00:38:57.263,83,57,42,Ball Receipt*,194,215,Athletic Club,From Throw In,215,Athletic Club,6656.0,Mikel Rico Moreno,Center Attacking Midfield,95.4,58.7,,,,True,,,,,,,False,,,,,,,False,False,left_to_right,False,95.4,58.7,,,False,False,False,False
b2069184-e909-4b44-bc89-d552283560e7,3825747,2898,2,00:38:57.263,83,57,30,Pass,194,215,Athletic Club,From Throw In,215,Athletic Club,6656.0,Mikel Rico Moreno,Center Attacking Midfield,96.8,60.2,91.3,58.8,0.66863,True,,,,,,,True,5.6753855,-2.8923404,Ground Pass,,23833.0,Borja Viguera Manzanares,False,False,left_to_right,False,96.8,60.2,91.3,58.8,False,False,False,False
f235b04d-5dac-4367-af84-c0d452cddcd4,3825747,2899,2,00:38:57.932,83,57,42,Ball Receipt*,194,215,Athletic Club,From Throw In,215,Athletic Club,23833.0,Borja Viguera Manzanares,Left Defensive Midfield,91.3,58.8,,,,False,,,,,,,False,,,,,,,False,False,left_to_right,False,91.3,58.8,,,False,False,False,False
b1824c1a-e781-450d-b11b-fd2bfad70772,3825747,2900,2,00:38:57.932,83,57,43,Carry,194,215,Athletic Club,From Throw In,215,Athletic Club,23833.0,Borja Viguera Manzanares,Left Defensive Midfield,91.3,58.8,91.8,54.6,1.555374,False,,,,,,,False,,,,,,,False,False,left_to_right,False,91.3,58.8,91.8,54.6,False,False,False,False
525fb1b5-777b-41db-900f-0c12b59cf5d2,3825747,2901,2,00:38:59.487,83,59,30,Pass,194,215,Athletic Club,From Throw In,215,Athletic Club,23833.0,Borja Viguera Manzanares,Left Defensive Midfield,91.8,54.6,99.7,50.7,0.613938,False,,,,,,,True,8.810222,-0.45857152,Ground Pass,,6390.0,Markel Susaeta Laskurain,False,False,left_to_right,False,91.8,54.6,99.7,50.7,False,True,False,False
9f4ee3eb-b64d-487d-bf35-de912ffc9c91,3825747,2902,2,00:39:00.101,84,0,42,Ball Receipt*,194,215,Athletic Club,From Throw In,215,Athletic Club,6390.0,Markel Susaeta Laskurain,Right Wing,99.7,50.7,,,,False,,,,,,,False,,,,,,,False,False,left_to_right,False,99.7,50.7,,,False,False,False,False
956dfdfa-127e-4522-9a3d-e2fd6211417b,3825747,2903,2,00:39:00.101,84,0,30,Pass,194,215,Athletic Club,From Throw In,215,Athletic Club,6390.0,Markel Susaeta Laskurain,Right Wing,99.7,50.7,96.7,44.6,1.280403,False,,,,,,,True,6.797794,-2.0278652,Ground Pass,,23833.0,Borja Viguera Manzanares,True,False,left_to_right,False,99.7,50.7,96.7,44.6,False,False,False,False
fce13d35-bbf1-4aa6-b39c-48e11605f0fd,3825747,2904,2,00:39:01.361,84,1,42,Ball Receipt*,194,215,Athletic Club,From Throw In,215,Athletic Club,23833.0,Borja Viguera Manzanares,Left Defensive Midfield,96.7,44.6,,,,False,,,,,,,False,,,,,,,False,False,left_to_right,False,96.7,44.6,,,False,False,False,False
95dd8703-2163-4b47-bccf-64fae1126fee,3825747,2905,2,00:39:01.361,84,1,16,Shot,194,215,Athletic Club,From Throw In,215,Athletic Club,23833.0,Borja Viguera Manzanares,Left Defensive Midfield,98.1,44.7,120.0,31.5,1.368564,False,0.047148015,Off T,Right Foot,Normal,Open Play,,False,,,,,,,False,False,left_to_right,False,98.1,44.7,120.0,31.5,False,False,False,False
aa816cbb-6701-4baa-b081-fe3e6ec33044,3825747,2906,2,00:39:02.729,84,2,23,Goal Keeper,194,215,Athletic Club,From Throw In,322,Eibar,10763.0,Asier Riesgo Unamuno,Goalkeeper,3.2,38.6,,,0.0,False,,,,,,,False,,,,,,,False,False,left_to_right,False,3.2,38.6,,,False,False,False,False
7418217a-c472-4b43-99a1-d836ef20212f,3825747,2907,2,00:39:30.253,84,30,30,Pass,195,322,Eibar,From Goal Kick,322,Eibar,10763.0,Asier Riesgo Unamuno,Goalkeeper,7.0,36.1,65.4,27.8,3.446923,False,,,,,,Incomplete,False,58.986862,-0.1411778,High Pass,Goal Kick,,,False,False,left_to_right,False,7.0,36.1,65.4,27.8,False,True,False,True
13dfaf37-8712-45a2-837e-1f81e12d347d,3825747,2908,2,00:39:33.700,84,33,30,Pass,196,215,Athletic Club,Regular Play,215,Athletic Club,23833.0,Borja Viguera Manzanares,Left Defensive Midfield,54.7,52.3,62.7,38.1,0.756621,False,,,,,,,True,16.298466,-1.0577384,Low Pass,Recovery,6394.0,Aritz Aduriz Zubeldia,False,False,left_to_right,False,54.7,52.3,62.7,38.1,False,False,False,False
5c93bcb6-74fc-4f9a-aeb1-3bad9be23e01,3825747,2909,2,00:39:34.457,84,34,42,Ball Receipt*,196,215,Athletic Club,Regular Play,215,Athletic Club,6394.0,Aritz Aduriz Zubeldia,Center Forward,62.7,38.1,,,,False,,,,,,,False,,,,,,,False,False,left_to_right,False,62.7,38.1,,,False,False,False,False
23486ff4-0644-4e04-b993-5d9522610597,3825747,2910,2,00:39:34.457,84,34,43,Carry,196,215,Athletic Club,Regular Play,215,Athletic Club,6394.0,Aritz Aduriz Zubeldia,Center Forward,62.7,38.1,63.0,38.1,0.704912,False,,,,,,,False,,,,,,,False,False,left_to_right,False,62.7,38.1,63.0,38.1,False,False,False,False
fe2a0558-a7fc-4cd2-9e64-adb4c0ef00f0,3825747,2911,2,00:39:35.162,84,35,30,Pass,196,215,Athletic Club,Regular Play,215,Athletic Club,6394.0,Aritz Aduriz Zubeldia,Center Forward,63.0,38.1,64.1,12.3,2.434097,False,,,,,,,True,25.823439,-1.5281864,High Pass,,6392.0,Íñigo Lekue Martínez,False,False,left_to_right,False,63.0,38.1,64.1,12.3,False,False,False,False
3454ba97-3681-477b-8318-d66c9e8529d2,3825747,2912,2,00:39:37.596,84,37,42,Ball Receipt*,196,215,Athletic Club,Regular Play,215,Athletic Club,6392.0,Íñigo Lekue Martínez,Left Wing,64.1,12.3,,,,False,,,,,,,False,,,,,,,False,False,left_to_right,False,64.1,12.3,,,False,False,False,False
4dc6920a-e398-4e07-9cc7-e795b13cc330,3825747,2913,2,00:39:37.596,84,37,43,Carry,196,215,Athletic Club,Regular Play,215,Athletic Club,6392.0,Íñigo Lekue Martínez,Left Wing,64.1,12.3,70.6,14.0,2.629451,True,,,,,,,False,,,,,,,False,False,left_to_right,False,64.1,12.3,70.6,14.0,False,False,False,False
67814f0d-8c12-4aa3-9835-d0f96b3fbbfa,3825747,2914,2,00:39:39.883,84,39,17,Pressure,196,215,Athletic Club,Regular Play,322,Eibar,6742.0,Sergio Gontán Gallardo,Right Midfield,50.2,68.2,,,0.34532,False,,,,,,,False,,,,,,,False,False,left_to_right,False,50.2,68.2,,,False,False,False,False
0fddaa51-9ae2-4c3c-a704-c1961f237292,3825747,2915,2,00:39:40.225,84,40,39,Dribbled Past,196,215,Athletic Club,Regular Play,322,Eibar,6742.0,Sergio Gontán Gallardo,Right Midfield,49.5,66.1,,,0.0,False,,,,,,,False,,,,,,,False,False,left_to_right,False,49.5,66.1,,,False,False,False,False
6d60d266-c322-4d9d-bef5-ff5b23df72df,3825747,2916,2,00:39:40.225,84,40,14,Dribble,196,215,Athletic Club,Regular Play,215,Athletic Club,6392.0,Íñigo Lekue Martínez,Left Wing,70.6,14.0,,,0.0,True,,,,,,,False,,,,,,,False,False,left_to_right,False,70.6,14.0,,,False,False,False,False
3e9c6ad5-17b8-43bf-b148-90db527cf266,3825747,2917,2,00:39:40.225,84,40,43,Carry,196,215,Athletic Club,Regular Play,215,Athletic Club,6392.0,Íñigo Lekue Martínez,Left Wing,70.6,14.0,70.5,20.0,0.969978,True,,,,,,,False,,,,,,,False,False,left_to_right,False,70.6,14.0,70.5,20.0,False,False,False,False
e0e91d03-c4a0-4a43-8d42-f85eeac5c5db,3825747,2918,2,00:39:41.195,84,41,30,Pass,196,215,Athletic Club,Regular Play,215,Athletic Club,6392.0,Íñigo Lekue Martínez,Left Wing,70.5,20.0,71.9,27.4,0.997021,False,,,,,,,True,7.531268,1.3838171,Ground Pass,,23833.0,Borja Viguera Manzanares,False,False,left_to_right,False,70.5,20.0,71.9,27.4,False,False,False,False
41587e16-0cfe-40d3-8f4d-facfaec3b849,3825747,2919,2,00:39:42.192,84,42,42,Ball Receipt*,196,215,Athletic Club,Regular Play,215,Athletic Club,23833.0,Borja Viguera Manzanares,Left Defensive Midfield,71.9,27.4,,,,False,,,,,,,False,,,,,,,False,False,left_to_right,False,71.9,27.4,,,False,False,False,False
0ee25794-7c80-4145-8010-8e6f93c00f20,3825747,2920,2,00:39:42.192,84,42,43,Carry,196,215,Athletic Club,Regular Play,215,Athletic Club,23833.0,Borja Viguera Manzanares,Left Defensive Midfield,71.9,27.4,78.4,31.2,1.036427,False,,,,,,,False,,,,,,,False,False,left_to_right,False,71.9,27.4,78.4,31.2,False,False,False,False
7b049a05-adf2-4c95-90db-9fd7a14595df,3825747,2921,2,00:39:43.229,84,43,30,Pass,196,215,Athletic Club,Regular Play,215,Athletic Club,23833.0,Borja Viguera Manzanares,Left Defensive Midfield,78.4,31.2,105.2,28.9,2.144319,False,,,,,,Incomplete,False,26.898514,-0.08561113,Low Pass,,6392.0,Íñigo Lekue Martínez,False,False,left_to_right,False,78.4,31.2,105.2,28.9,False,True,True,True
64524a0a-c519-4d35-b3fe-218c89e171df,3825747,2922,2,00:39:44.862,84,44,17,Pressure,196,215,Athletic Club,Regular Play,215,Athletic Club,6394.0,Aritz Aduriz Zubeldia,Center Forward,105.6,32.9,,,0.677145,False,,,,,,,False,,,,,,,False,False,left_to_right,False,105.6,32.9,,,False,False,False,False
4bf85ee2-9444-4f8d-9be0-38ae046902b8,3825747,2923,2,00:39:45.373,84,45,42,Ball Receipt*,196,215,Athletic Club,Regular Play,215,Athletic Club,6392.0,Íñigo Lekue Martínez,Left Wing,105.6,30.6,,,,False,,,,,,,False,,,,,,,False,False,left_to_right,False,105.6,30.6,,,False,False,False,False
8dd58b52-029b-4436-96dc-c792529c744f,3825747,2924,2,00:39:45.373,84,45,23,Goal Keeper,197,322,Eibar,From Keeper,322,Eibar,10763.0,Asier Riesgo Unamuno,Goalkeeper,14.9,51.2,,,0.0,True,,,,,,,False,,,,,,,False,False,left_to_right,False,14.9,51.2,,,False,False,False,False
73b82253-dc13-48bd-addf-57402a422fbc,3825747,2925,2,00:39:55.088,84,55,30,Pass,197,322,Eibar,From Keeper,322,Eibar,10763.0,Asier Riesgo Unamuno,Goalkeeper,14.2,44.0,50.5,23.1,2.696798,False,,,,,,Incomplete,False,41.886753,-0.5224034,High Pass,,,,False,False,left_to_right,False,14.2,44.0,50.5,23.1,False,True,False,True
3865d3ec-1af1-4e6d-98c2-65d06aed6378,3825747,2926,2,00:39:57.785,84,57,2,Ball Recovery,198,215,Athletic Club,Regular Play,215,Athletic Club,6649.0,Óscar de Marcos Arana,Right Back,69.6,57.0,,,0.0,False,,,,,,,False,,,,,,,False,False,left_to_right,False,69.6,57.0,,,False,False,False,False
c2d991d8-44e5-4327-98f5-34dcc05b4473,3825747,2927,2,00:39:58.160,84,58,17,Pressure,198,215,Athletic Club,Regular Play,322,Eibar,9462.0,José Ignacio Peleteiro Ramallo,Left Midfield,48.8,20.8,,,0.340449,False,,,,,,,False,,,,,,,False,False,left_to_right,False,48.8,20.8,,,False,False,False,False
ad44a99b-e38e-4fbc-97fc-60a64954c0fe,3825747,2928,2,00:39:58.251,84,58,30,Pass,198,215,Athletic Club,Regular Play,215,Athletic Club,6649.0,Óscar de Marcos Arana,Right Back,73.3,57.6,72.4,47.8,0.66439,True,,,,,,,True,9.84124,-1.6623762,Ground Pass,,6656.0,Mikel Rico Moreno,False,False,left_to_right,False,73.3,57.6,72.4,47.8,False,False,False,False
bb39b668-6d9b-4918-ab69-d9ef66964e46,3825747,2929,2,00:39:58.916,84,58,42,Ball Receipt*,198,215,Athletic Club,Regular Play,215,Athletic Club,6656.0,Mikel Rico Moreno,Center Attacking Midfield,72.4,47.8,,,,False,,,,,,,False,,,,,,,False,False,left_to_right,False,72.4,47.8,,,False,False,False,False
d8c33352-86e9-45ad-9c57-9c21a04625a7,3825747,2930,2,00:39:58.916,84,58,43,Carry,198,215,Athletic Club,Regular Play,215,Athletic Club,6656.0,Mikel Rico Moreno,Center Attacking Midfield,72.4,47.8,69.6,60.8,2.280659,False,,,,,,,False,,,,,,,False,False,left_to_right,False,72.4,47.8,69.6,60.8,False,False,False,False
954502fc-599d-424f-a5be-5fd6072d5b08,3825747,2931,2,00:40:01.196,85,1,30,Pass,198,215,Athletic Club,Regular Play,215,Athletic Club,6656.0,Mikel Rico Moreno,Center Attacking Midfield,69.6,60.8,79.2,71.8,0.723028,False,,,,,,,True,14.6,0.853255,Ground Pass,,6390.0,Markel Susaeta Laskurain,False,False,left_to_right,False,69.6,60.8,79.2,71.8,False,False,False,False
e02d5bc6-1911-4d34-9161-83b4e1308421,3825747,2932,2,00:40:01.919,85,1,42,Ball Receipt*,198,215,Athletic Club,Regular Play,215,Athletic Club,6390.0,Markel Susaeta Laskurain,Right Wing,79.2,71.8,,,,False,,,,,,,False,,,,,,,False,False,left_to_right,False,79.2,71.8,,,False,False,False,False
fa2a0db5-1434-4a6d-b4e0-ac6fd018756e,3825747,2933,2,00:40:01.919,85,1,43,Carry,198,215,Athletic Club,Regular Play,215,Athletic Club,6390.0,Markel Susaeta Laskurain,Right Wing,79.2,71.8,72.4,74.2,1.055103,False,,,,,,,False,,,,,,,False,False,left_to_right,False,79.2,71.8,72.4,74.2,False,False,False,False
5885f0a6-c542-4664-bd51-6b3865788efa,3825747,2934,2,00:40:02.975,85,2,30,Pass,198,215,Athletic Club,Regular Play,215,Athletic Club,6390.0,Markel Susaeta Laskurain,Right Wing,72.4,74.2,70.9,59.8,0.885267,False,,,,,,,True,14.477914,-1.6745887,Ground Pass,,6656.0,Mikel Rico Moreno,False,False,left_to_right,False,72.4,74.2,70.9,59.8,False,False,False,False
04280ed2-0c55-43ef-97be-794ed7667c59,3825747,2935,2,00:40:03.860,85,3,42,Ball Receipt*,198,215,Athletic Club,Regular Play,215,Athletic Club,6656.0,Mikel Rico Moreno,Center Attacking Midfield,70.9,59.8,,,,False,,,,,,,False,,,,,,,False,False,left_to_right,False,70.9,59.8,,,False,False,False,False
10d38b61-7b62-4ac1-8726-ae6aa2472f0f,3825747,2936,2,00:40:03.860,85,3,43,Carry,198,215,Athletic Club,Regular Play,215,Athletic Club,6656.0,Mikel Rico Moreno,Center Attacking Midfield,70.9,59.8,64.5,59.7,0.661688,False,,,,,,,False,,,,,,,False,False,left_to_right,False,70.9,59.8,64.5,59.7,False,False,False,False
237c02c2-d1b4-4e95-b372-b8d14ce7a755,3825747,2937,2,00:40:04.521,85,4,30,Pass,198,215,Athletic Club,Regular Play,215,Athletic Club,6656.0,Mikel Rico Moreno,Center Attacking Midfield,64.5,59.7,57.5,69.1,0.77629,False,,,,,,,True,11.720068,2.2108846,Ground Pass,,6386.0,Eneko Bóveda Altube,False,False,left_to_right,False,64.5,59.7,57.5,69.1,False,False,False,False
16bd9a75-c653-480f-a582-f459114fc465,3825747,2938,2,00:40:05.298,85,5,42,Ball Receipt*,198,215,Athletic Club,Regular Play,215,Athletic Club,6386.0,Eneko Bóveda Altube,Right Center Back,57.5,69.1,,,,False,,,,,,,False,,,,,,,False,False,left_to_right,False,57.5,69.1,,,False,False,False,False
b6935df2-6345-4268-bb9f-393fd71cb055,3825747,2939,2,00:40:05.298,85,5,43,Carry,198,215,Athletic Club,Regular Play,215,Athletic Club,6386.0,Eneko Bóveda Altube,Right Center Back,57.5,69.1,51.0,55.2,1.65738,False,,,,,,,False,,,,,,,False,False,left_to_right,False,57.5,69.1,51.0,55.2,False,False,False,False
eac7c766-4d9e-468e-a936-cfca4e7a4176,3825747,2940,2,00:40:06.955,85,6,30,Pass,198,215,Athletic Club,Regular Play,215,Athletic Club,6386.0,Eneko Bóveda Altube,Right Center Back,51.0,55.2,21.4,50.9,2.13288,False,,,,,,,True,29.9107,-2.9973316,Ground Pass,,6662.0,Iago Herrerín Buisán,False,False,left_to_right,False,51.0,55.2,21.4,50.9,False,False,False,False
4e2a4dcb-9f34-4229-b20f-7393c716cf67,3825747,2941,2,00:40:09.088,85,9,42,Ball Receipt*,198,215,Athletic Club,Regular Play,215,Athletic Club,6662.0,Iago Herrerín Buisán,Goalkeeper,21.4,50.9,,,,False,,,,,,,False,,,,,,,False,False,left_to_right,False,21.4,50.9,,,False,False,False,False
19ac0508-8b77-4d55-9730-e32157c42110,3825747,2942,2,00:40:09.088,85,9,30,Pass,198,215,Athletic Club,Regular Play,215,Athletic Club,6662.0,Iago Herrerín Buisán,Goalkeeper,21.4,50.9,90.8,24.6,5.728157,False,,,,,,Incomplete,False,74.21624,-0.36224014,High Pass,,6394.0,Aritz Aduriz Zubeldia,False,False,left_to_right,False,21.4,50.9,90.8,24.6,False,True,True,True
6e2a401c-8a8c-41e0-ac78-710f2cf86eb3,3825747,2943,2,00:40:14.816,85,14,42,Ball Receipt*,198,215,Athletic Club,Regular Play,215,Athletic Club,6394.0,Aritz Aduriz Zubeldia,Center Forward,77.5,30.8,,,,False,,,,,,,False,,,,,,,False,False,left_to_right,False,77.5,30.8,,,False,False,False,False
130061e6-19d2-4c66-8373-328683737793,3825747,2944,2,00:40:14.816,85,14,2,Ball Recovery,199,322,Eibar,Regular Play,322,Eibar,6699.0,Ander Capa Rodríguez,Right Back,29.3,55.5,,,0.0,False,,,,,,,False,,,,,,,False,False,left_to_right,False,29.3,55.5,,,False,False,False,False
8ace48a9-7bae-41f1-96fc-243e5bc33742,3825747,2945,2,00:40:14.816,85,14,43,Carry,199,322,Eibar,Regular Play,322,Eibar,6699.0,Ander Capa Rodríguez,Right Back,29.3,55.5,27.5,70.8,4.593803,False,,,,,,,False,,,,,,,False,False,left_to_right,False,29.3,55.5,27.5,70.8,False,False,False,False
c834bebf-0de8-4618-bb3b-b94beda75732,3825747,2946,2,00:40:19.410,85,19,30,Pass,199,322,Eibar,Regular Play,322,Eibar,6699.0,Ander Capa Rodríguez,Right Back,27.5,70.8,63.6,53.0,2.642552,False,,,,,,,True,40.249844,-0.45809212,High Pass,,6700.0,Sergio Enrich Ametller,False,False,left_to_right,False,27.5,70.8,63.6,53.0,False,True,False,False
1da0092f-ec67-4363-8a9d-3ceee986ae4a,3825747,2947,2,00:40:22.053,85,22,42,Ball Receipt*,199,322,Eibar,Regular Play,322,Eibar,6700.0,Sergio Enrich Ametller,Left Center Forward,63.6,53.0,,,,False,,,,,,,False,,,,,,,False,False,left_to_right,False,63.6,53.0,,,False,False,False,False
510ab7e0-c231-46c7-b94d-3fe9cc6d571d,3825747,2948,2,00:40:24.126,85,24,30,Pass,199,322,Eibar,Regular Play,322,Eibar,6700.0,Sergio Enrich Ametller,Left Center Forward,63.2,77.6,66.3,76.1,0.553471,False,,,,,,,True,3.443835,-0.45066133,Low Pass,,6712.0,Gonzalo Escalante,False,False,left_to_right,False,63.2,77.6,66.3,76.1,False,False,False,False
e9efd65a-2644-4307-8439-086208e702e9,3825747,2949,2,00:40:24.408,85,24,17,Pressure,199,322,Eibar,Regular Play,215,Athletic Club,6656.0,Mikel Rico Moreno,Center Attacking Midfield,55.4,5.2,,,0.274054,False,,,,,,,False,,,,,,,False,False,left_to_right,False,55.4,5.2,,,False,False,False,False
dc52dcb4-fbd7-4919-9941-a58255934482,3825747,2950,2,00:40:24.680,85,24,42,Ball Receipt*,199,322,Eibar,Regular Play,322,Eibar,6712.0,Gonzalo Escalante,Left Defensive Midfield,66.3,76.1,,,,True,,,,,,,False,,,,,,,False,False,left_to_right,False,66.3,76.1,,,False,False,False,False
5478da83-1345-467a-b5d6-3223bd4797ff,3825747,2951,2,00:40:24.680,85,24,43,Carry,199,322,Eibar,Regular Play,322,Eibar,6712.0,Gonzalo Escalante,Left Defensive Midfield,66.3,76.1,62.6,78.4,0.002575,True,,,,,,,False,,,,,,,False,False,left_to_right,False,66.3,76.1,62.6,78.4,False,False,False,False
570a2f99-dc10-4a32-984c-b5c67b1b222f,3825747,2952,2,00:40:24.682,85,24,14,Dribble,199,322,Eibar,Regular Play,322,Eibar,6712.0,Gonzalo Escalante,Left Defensive Midfield,62.6,78.4,,,0.0,True,,,,,,,False,,,,,,,False,False,left_to_right,False,62.6,78.4,,,False,False,False,False
724b150b-729b-4b50-9597-b4583a2afc49,3825747,2953,2,00:40:24.682,85,24,4,Duel,199,322,Eibar,Regular Play,215,Athletic Club,6656.0,Mikel Rico Moreno,Center Attacking Midfield,57.5,1.7,,,0.0,True,,,,,,,False,,,,,,,False,False,left_to_right,False,57.5,1.7,,,False,False,False,False
242b14b3-ea8a-4f00-9c5f-3fa6e95517c2,3825747,2954,2,00:40:34.302,85,34,30,Pass,200,322,Eibar,From Throw In,322,Eibar,6699.0,Ander Capa Rodríguez,Right Back,62.6,80.0,50.5,73.0,1.624724,False,,,,,,,True,13.978912,-2.6171227,Low Pass,Throw-in,6837.0,Mauro Javier Dos Santos,False,False,left_to_right,False,62.6,80.0,50.5,73.0,False,False,False,False
3aa35ad2-bbe7-4631-a01a-cd8344655a63,3825747,2955,2,00:40:35.926,85,35,42,Ball Receipt*,200,322,Eibar,From Throw In,322,Eibar,6837.0,Mauro Javier Dos Santos,Right Center Back,50.5,73.0,,,,False,,,,,,,False,,,,,,,False,False,left_to_right,False,50.5,73.0,,,False,False,False,False
f63b717e-908a-428f-bde9-fc68b362e74d,3825747,2956,2,00:40:35.926,85,35,43,Carry,200,322,Eibar,From Throw In,322,Eibar,6837.0,Mauro Javier Dos Santos,Right Center Back,50.5,73.0,48.4,71.2,1.280374,False,,,,,,,False,,,,,,,False,False,left_to_right,False,50.5,73.0,48.4,71.2,False,False,False,False
42384dcf-2903-4889-bfb9-29a3b748fc44,3825747,2957,2,00:40:37.207,85,37,30,Pass,200,322,Eibar,From Throw In,322,Eibar,6837.0,Mauro Javier Dos Santos,Right Center Back,48.4,71.2,47.0,33.1,1.907113,False,,,,,,,True,38.125713,-1.6075252,Ground Pass,,27239.0,Aleksandar Pantić,False,False,left_to_right,False,48.4,71.2,47.0,33.1,False,False,False,False
da2c5d79-8336-4e33-a340-02e1da3903b2,3825747,2958,2,00:40:39.114,85,39,42,Ball Receipt*,200,322,Eibar,From Throw In,322,Eibar,27239.0,Aleksandar Pantić,Left Center Back,47.0,33.1,,,,False,,,,,,,False,,,,,,,False,False,left_to_right,False,47.0,33.1,,,False,False,False,False
1dab6ae0-3d91-423e-85cb-fe42a0c5b368,3825747,2959,2,00:40:39.114,85,39,43,Carry,200,322,Eibar,From Throw In,322,Eibar,27239.0,Aleksandar Pantić,Left Center Back,47.0,33.1,78.9,30.9,6.906092,False,,,,,,,False,,,,,,,False,False,left_to_right,False,47.0,33.1,78.9,30.9,True,False,False,False
f6925109-bbb6-4880-86a8-923396b90d9e,3825747,2960,2,00:40:46.020,85,46,30,Pass,200,322,Eibar,From Throw In,322,Eibar,27239.0,Aleksandar Pantić,Left Center Back,78.9,30.9,92.5,24.5,0.824547,False,,,,,,Incomplete,False,15.030636,-0.43984258,Ground Pass,,6700.0,Sergio Enrich Ametller,False,False,left_to_right,False,78.9,30.9,92.5,24.5,False,True,True,True
4555f1e7-d190-4685-8e9e-aa18bf3c7f56,3825747,2961,2,00:40:46.845,85,46,42,Ball Receipt*,200,322,Eibar,From Throw In,322,Eibar,6700.0,Sergio Enrich Ametller,Left Center Forward,94.4,23.7,,,,False,,,,,,,False,,,,,,,False,False,left_to_right,False,94.4,23.7,,,False,False,False,False
f00f4a80-3b7d-4871-8170-9ab2e5f26c07,3825747,2962,2,00:40:46.845,85,46,10,Interception,200,322,Eibar,From Throw In,215,Athletic Club,6386.0,Eneko Bóveda Altube,Right Center Back,27.6,55.6,,,0.0,False,,,,,,,False,,,,,,,False,False,left_to_right,False,27.6,55.6,,,False,False,False,False
76b1359a-8eba-45ae-ace0-6441a3f5036b,3825747,2963,2,00:40:48.518,85,48,2,Ball Recovery,201,215,Athletic Club,Regular Play,215,Athletic Club,6390.0,Markel Susaeta Laskurain,Right Wing,35.3,61.1,,,0.0,False,,,,,,,False,,,,,,,False,False,left_to_right,False,35.3,61.1,,,False,False,False,False
79ceeaee-93e1-494a-b2eb-9344cf0db3ca,3825747,2964,2,00:40:48.518,85,48,43,Carry,201,215,Athletic Club,Regular Play,215,Athletic Club,6390.0,Markel Susaeta Laskurain,Right Wing,35.3,61.1,43.2,59.8,1.816995,False,,,,,,,False,,,,,,,False,False,left_to_right,False,35.3,61.1,43.2,59.8,False,False,False,False
277fab27-09ac-4883-8c3a-9b818c7c3326,3825747,2965,2,00:40:50.335,85,50,30,Pass,201,215,Athletic Club,Regular Play,215,Athletic Club,6390.0,Markel Susaeta Laskurain,Right Wing,43.2,59.8,37.6,52.8,0.816127,False,,,,,,,True,8.964374,-2.2455373,Ground Pass,,6389.0,Mikel San José Domínguez,False,False,left_to_right,False,43.2,59.8,37.6,52.8,False,False,False,False
5beb9f4f-bf11-4cdd-8ade-c928f735857c,3825747,2966,2,00:40:51.151,85,51,42,Ball Receipt*,201,215,Athletic Club,Regular Play,215,Athletic Club,6389.0,Mikel San José Domínguez,Right Defensive Midfield,37.6,52.8,,,,False,,,,,,,False,,,,,,,False,False,left_to_right,False,37.6,52.8,,,False,False,False,False
7bea536f-4767-432f-8533-6af917aa202e,3825747,2967,2,00:40:51.151,85,51,43,Carry,201,215,Athletic Club,Regular Play,215,Athletic Club,6389.0,Mikel San José Domínguez,Right Defensive Midfield,37.6,52.8,43.1,50.4,1.336698,False,,,,,,,False,,,,,,,False,False,left_to_right,False,37.6,52.8,43.1,50.4,False,False,False,False
4187dde3-4761-444b-978c-6b4dcf5cabc1,3825747,2968,2,00:40:52.487,85,52,30,Pass,201,215,Athletic Club,Regular Play,215,Athletic Club,6389.0,Mikel San José Domínguez,Right Defensive Midfield,43.1,50.4,56.1,43.0,0.90909,False,,,,,,,True,14.95861,-0.51748776,Ground Pass,,23833.0,Borja Viguera Manzanares,False,False,left_to_right,False,43.1,50.4,56.1,43.0,False,False,False,False
499f06f7-c932-4478-8516-9270ad185aec,3825747,2969,2,00:40:53.397,85,53,42,Ball Receipt*,201,215,Athletic Club,Regular Play,215,Athletic Club,23833.0,Borja Viguera Manzanares,Left Defensive Midfield,56.1,43.0,,,,False,,,,,,,False,,,,,,,False,False,left_to_right,False,56.1,43.0,,,False,False,False,False
70754360-59d3-4747-8407-d8c62719ef56,3825747,2970,2,00:40:53.397,85,53,43,Carry,201,215,Athletic Club,Regular Play,215,Athletic Club,23833.0,Borja Viguera Manzanares,Left Defensive Midfield,56.1,43.0,56.9,53.6,2.410864,True,,,,,,,False,,,,,,,False,False,left_to_right,False,56.1,43.0,56.9,53.6,False,False,False,False
db0ca050-afa9-48d4-be00-6fc57fc1d467,3825747,2971,2,00:40:53.744,85,53,17,Pressure,201,215,Athletic Club,Regular Play,322,Eibar,6837.0,Mauro Javier Dos Santos,Right Center Back,60.8,34.8,,,0.982145,False,,,,,,,False,,,,,,,False,False,left_to_right,False,60.8,34.8,,,False,False,False,False
1f146f5d-fd29-461b-8d16-ad95fc2ade8f,3825747,2972,2,00:40:55.807,85,55,30,Pass,201,215,Athletic Club,Regular Play,215,Athletic Club,23833.0,Borja Viguera Manzanares,Left Defensive Midfield,56.9,53.6,56.1,56.4,0.38882,False,,,,,,,True,2.912044,1.849096,Ground Pass,,6390.0,Markel Susaeta Laskurain,False,False,left_to_right,False,56.9,53.6,56.1,56.4,False,False,False,False
f6056a6f-00fe-42d7-a9f9-a9ffb883b0de,3825747,2973,2,00:40:56.196,85,56,42,Ball Receipt*,201,215,Athletic Club,Regular Play,215,Athletic Club,6390.0,Markel Susaeta Laskurain,Right Wing,56.1,56.4,,,,False,,,,,,,False,,,,,,,False,False,left_to_right,False,56.1,56.4,,,False,False,False,False
c0396cc2-396b-4dd4-9ed9-27c1567be003,3825747,2974,2,00:40:56.196,85,56,43,Carry,201,215,Athletic Club,Regular Play,215,Athletic Club,6390.0,Markel Susaeta Laskurain,Right Wing,56.1,56.4,62.6,37.3,2.571618,False,,,,,,,False,,,,,,,False,False,left_to_right,False,56.1,56.4,62.6,37.3,False,False,False,False
892409c6-b952-4eed-b36e-c96953dc61b6,3825747,2975,2,00:40:58.768,85,58,30,Pass,201,215,Athletic Club,Regular Play,215,Athletic Club,6390.0,Markel Susaeta Laskurain,Right Wing,62.6,37.3,71.4,3.0,2.20241,False,,,,,,,True,35.410873,-1.3196534,Low Pass,,6392.0,Íñigo Lekue Martínez,False,False,left_to_right,False,62.6,37.3,71.4,3.0,False,False,False,False
69c74cb9-4ae5-475b-9f87-0cde0a3bdaba,3825747,2976,2,00:41:00.970,86,0,42,Ball Receipt*,201,215,Athletic Club,Regular Play,215,Athletic Club,6392.0,Íñigo Lekue Martínez,Left Wing,71.4,3.0,,,,False,,,,,,,False,,,,,,,False,False,left_to_right,False,71.4,3.0,,,False,False,False,False
a68cb431-062c-4cd8-94a4-a7c84bd3ddff,3825747,2977,2,00:41:00.970,86,0,43,Carry,201,215,Athletic Club,Regular Play,215,Athletic Club,6392.0,Íñigo Lekue Martínez,Left Wing,71.4,3.0,84.4,24.6,4.292034,False,,,,,,,False,,,,,,,False,False,left_to_right,False,71.4,3.0,84.4,24.6,True,False,False,False
c38b0e1b-9a67-4bc8-9dfa-2b81aa48746a,3825747,2978,2,00:41:05.262,86,5,30,Pass,201,215,Athletic Club,Regular Play,215,Athletic Club,6392.0,Íñigo Lekue Martínez,Left Wing,84.4,24.6,78.9,49.2,1.075857,False,,,,,,,True,25.20734,1.7907561,Ground Pass,,6390.0,Markel Susaeta Laskurain,False,False,left_to_right,False,84.4,24.6,78.9,49.2,False,False,False,False
a9b5d774-a0e0-475a-af15-32cdf0acb525,3825747,2979,2,00:41:06.338,86,6,42,Ball Receipt*,201,215,Athletic Club,Regular Play,215,Athletic Club,6390.0,Markel Susaeta Laskurain,Right Wing,78.9,49.2,,,,False,,,,,,,False,,,,,,,False,False,left_to_right,False,78.9,49.2,,,False,False,False,False
c66e0008-b0e1-426e-9b67-62f72cf9bad3,3825747,2980,2,00:41:06.338,86,6,43,Carry,201,215,Athletic Club,Regular Play,215,Athletic Club,6390.0,Markel Susaeta Laskurain,Right Wing,78.9,49.2,84.3,45.4,1.343504,False,,,,,,,False,,,,,,,False,False,left_to_right,False,78.9,49.2,84.3,45.4,False,False,False,False
cc221416-1375-42b0-b61b-ff5e51dcf701,3825747,2981,2,00:41:07.682,86,7,30,Pass,201,215,Athletic Club,Regular Play,215,Athletic Club,6390.0,Markel Susaeta Laskurain,Right Wing,84.3,45.4,89.8,53.6,0.709683,False,,,,,,,True,9.873702,0.97998476,Ground Pass,,23833.0,Borja Viguera Manzanares,False,False,left_to_right,False,84.3,45.4,89.8,53.6,False,False,False,False
6c103970-48ff-46d1-b8dd-8b80db74bb1d,3825747,2982,2,00:41:08.157,86,8,17,Pressure,201,215,Athletic Club,Regular Play,322,Eibar,6776.0,David Juncà Reñé,Left Back,28.5,24.9,,,0.559433,False,,,,,,,False,,,,,,,False,False,left_to_right,False,28.5,24.9,,,False,False,False,False
4bf005ab-d1ed-44bf-86e5-2682b5f729e3,3825747,2983,2,00:41:08.391,86,8,42,Ball Receipt*,201,215,Athletic Club,Regular Play,215,Athletic Club,23833.0,Borja Viguera Manzanares,Left Defensive Midfield,89.8,53.6,,,,True,,,,,,,False,,,,,,,False,False,left_to_right,False,89.8,53.6,,,False,False,False,False
ecc4ba99-bed7-431a-88ab-ffe7b92d09b5,3825747,2984,2,00:41:08.391,86,8,43,Carry,201,215,Athletic Club,Regular Play,215,Athletic Club,23833.0,Borja Viguera Manzanares,Left Defensive Midfield,89.8,53.6,92.6,35.7,2.182765,True,,,,,,,False,,,,,,,False,False,left_to_right,False,89.8,53.6,92.6,35.7,False,False,False,False
4429bf35-0425-4efe-9911-1712ea453ba9,3825747,2985,2,00:41:10.574,86,10,30,Pass,201,215,Athletic Club,Regular Play,215,Athletic Club,23833.0,Borja Viguera Manzanares,Left Defensive Midfield,92.6,35.7,101.5,44.0,0.551203,False,,,,,,,True,12.169634,0.7505286,Ground Pass,,6392.0,Íñigo Lekue Martínez,False,False,left_to_right,False,92.6,35.7,101.5,44.0,False,True,False,False
d206f4bc-31d2-4934-9826-bd9af8ae1913,3825747,2986,2,00:41:11.125,86,11,42,Ball Receipt*,201,215,Athletic Club,Regular Play,215,Athletic Club,6392.0,Íñigo Lekue Martínez,Left Wing,101.5,44.0,,,,False,,,,,,,False,,,,,,,False,False,left_to_right,False,101.5,44.0,,,False,False,False,False
22e166b4-139a-44bc-a802-857f1eafae95,3825747,2987,2,00:41:11.125,86,11,43,Carry,201,215,Athletic Club,Regular Play,215,Athletic Club,6392.0,Íñigo Lekue Martínez,Left Wing,101.5,44.0,101.5,43.7,0.515797,False,,,,,,,False,,,,,,,False,False,left_to_right,False,101.5,44.0,101.5,43.7,False,False,False,False
0071075a-9c1f-4d3a-85e5-e5eaa410e209,3825747,2988,2,00:41:11.641,86,11,30,Pass,201,215,Athletic Club,Regular Play,215,Athletic Club,6392.0,Íñigo Lekue Martínez,Left Wing,101.5,43.7,107.3,38.1,0.399036,False,,,,,,Incomplete,False,8.062258,-0.7678561,Ground Pass,,23833.0,Borja Viguera Manzanares,False,False,left_to_right,False,101.5,43.7,107.3,38.1,False,True,False,True
5bf9f413-8849-4cd9-a45c-aff016e34586,3825747,2989,2,00:41:12.040,86,12,42,Ball Receipt*,201,215,Athletic Club,Regular Play,215,Athletic Club,23833.0,Borja Viguera Manzanares,Left Defensive Midfield,105.9,35.7,,,,False,,,,,,,False,,,,,,,False,False,left_to_right,False,105.9,35.7,,,False,False,False,False
278db5f7-fe4c-4456-ac48-fa6ee72920e8,3825747,2990,2,00:41:12.040,86,12,10,Interception,201,215,Athletic Club,Regular Play,322,Eibar,27239.0,Aleksandar Pantić,Left Center Back,12.8,42.0,,,0.0,False,,,,,,,False,,,,,,,False,False,left_to_right,False,12.8,42.0,,,False,False,False,False
0943abe2-f227-4077-b6ef-fdb09aa3294d,3825747,2991,2,00:41:43.029,86,43,36,Tactical Shift,201,215,Athletic Club,Regular Play,215,Athletic Club,,,,,,,,0.0,False,,,,,,,False,,,,,,,False,False,left_to_right,False,,,,,False,False,False,False
7c34d29c-6d01-40c9-9983-ec6812d8b4c8,3825747,2992,2,00:41:43.341,86,43,30,Pass,202,215,Athletic Club,From Corner,215,Athletic Club,23833.0,Borja Viguera Manzanares,Center Attacking Midfield,120.0,80.0,114.3,51.4,0.898885,False,,,,,,Incomplete,False,29.162476,-1.7675194,High Pass,Corner,,,False,False,left_to_right,False,120.0,80.0,114.3,51.4,False,True,False,True
cefa64d5-a628-4355-996e-28beb49c87dc,3825747,2993,2,00:41:44.240,86,44,9,Clearance,202,215,Athletic Club,From Corner,322,Eibar,6776.0,David Juncà Reñé,Left Back,5.8,28.7,,,0.0,True,,,,,,,False,,,,,,,False,False,left_to_right,False,5.8,28.7,,,False,False,False,False
8b3e2590-3c86-47d1-b641-8572822f8272,3825747,2994,2,00:41:45.502,86,45,9,Clearance,202,215,Athletic Club,From Corner,322,Eibar,6712.0,Gonzalo Escalante,Left Defensive Midfield,13.2,37.9,,,0.0,True,,,,,,,False,,,,,,,False,False,left_to_right,False,13.2,37.9,,,False,False,False,False
085a9a56-0654-48f5-b777-ef7a13bbd8e1,3825747,2995,2,00:41:48.258,86,48,17,Pressure,202,215,Athletic Club,From Corner,215,Athletic Club,6649.0,Óscar de Marcos Arana,Right Back,82.0,55.0,,,0.126643,False,,,,,,,False,,,,,,,False,False,left_to_right,False,82.0,55.0,,,False,False,False,False
f3896f54-1995-4eb7-8bf6-f14c80c2ae6a,3825747,2996,2,00:41:48.391,86,48,2,Ball Recovery,202,215,Athletic Club,From Corner,322,Eibar,9462.0,José Ignacio Peleteiro Ramallo,Left Midfield,36.4,23.0,,,0.0,False,,,,,,,False,,,,,,,False,False,left_to_right,False,36.4,23.0,,,False,False,False,False
8a4ca8ec-0a0a-4fb8-8948-7040b151de0e,3825747,2997,2,00:41:49.547,86,49,30,Pass,202,215,Athletic Club,From Corner,215,Athletic Club,6649.0,Óscar de Marcos Arana,Right Back,83.7,61.2,87.1,68.6,0.515135,False,,,,,,Incomplete,False,8.143709,1.1401038,High Pass,Recovery,23833.0,Borja Viguera Manzanares,False,False,left_to_right,False,83.7,61.2,87.1,68.6,False,False,False,True
bbb3f7fc-b3df-4729-9ccd-e699ead5bc3d,3825747,2998,2,00:41:50.062,86,50,42,Ball Receipt*,202,215,Athletic Club,From Corner,215,Athletic Club,23833.0,Borja Viguera Manzanares,Center Attacking Midfield,87.1,72.8,,,,False,,,,,,,False,,,,,,,False,False,left_to_right,False,87.1,72.8,,,False,False,False,False
7e791f80-52d2-4fc6-ae6c-17e43009401b,3825747,2999,2,00:41:50.062,86,50,10,Interception,202,215,Athletic Club,From Corner,322,Eibar,9462.0,José Ignacio Peleteiro Ramallo,Left Midfield,33.0,11.5,,,0.0,False,,,,,,,False,,,,,,,False,False,left_to_right,False,33.0,11.5,,,False,False,False,False
0ebe36a9-33df-4dbe-b8a7-6036c868edcb,3825747,3000,2,00:41:50.062,86,50,43,Carry,202,215,Athletic Club,From Corner,322,Eibar,9462.0,José Ignacio Peleteiro Ramallo,Left Midfield,33.0,11.5,34.8,3.8,1.928393,False,,,,,,,False,,,,,,,False,False,left_to_right,False,33.0,11.5,34.8,3.8,False,False,False,False
6a301756-5c55-4b72-9c00-d5cf0c7c4cf1,3825747,3001,2,00:41:51.990,86,51,30,Pass,202,215,Athletic Club,From Corner,322,Eibar,9462.0,José Ignacio Peleteiro Ramallo,Left Midfield,34.8,3.8,57.4,15.8,1.522723,False,,,,,,Incomplete,False,25.588278,0.48811826,High Pass,,6700.0,Sergio Enrich Ametller,False,False,left_to_right,False,34.8,3.8,57.4,15.8,False,True,False,True
a8519ba4-3f49-4574-b6da-f3c19740dca4,3825747,3002,2,00:41:53.513,86,53,42,Ball Receipt*,202,215,Athletic Club,From Corner,322,Eibar,6700.0,Sergio Enrich Ametller,Left Center Forward,47.8,23.9,,,,False,,,,,,,False,,,,,,,False,False,left_to_right,False,47.8,23.9,,,False,False,False,False
088dbcfa-988f-456f-a532-89b1354d43ee,3825747,3003,2,00:41:53.513,86,53,2,Ball Recovery,202,215,Athletic Club,From Corner,215,Athletic Club,6386.0,Eneko Bóveda Altube,Right Center Back,62.7,64.3,,,0.0,False,,,,,,,False,,,,,,,False,False,left_to_right,False,62.7,64.3,,,False,False,False,False
2fc72763-24a1-4b3b-8a87-0e146bbec2f2,3825747,3004,2,00:41:53.513,86,53,43,Carry,202,215,Athletic Club,From Corner,215,Athletic Club,6386.0,Eneko Bóveda Altube,Right Center Back,62.7,64.3,50.0,69.1,2.793312,False,,,,,,,False,,,,,,,False,False,left_to_right,False,62.7,64.3,50.0,69.1,False,False,False,False
92c4af15-ba62-4a4f-924a-54ad237dbe32,3825747,3005,2,00:41:56.306,86,56,30,Pass,202,215,Athletic Club,From Corner,215,Athletic Club,6386.0,Eneko Bóveda Altube,Right Center Back,50.0,69.1,23.9,52.8,2.139521,False,,,,,,,True,30.77174,-2.5833378,Ground Pass,,6662.0,Iago Herrerín Buisán,False,False,left_to_right,False,50.0,69.1,23.9,52.8,False,False,False,False
36398701-e796-44b2-8922-3e6b667019b1,3825747,3006,2,00:41:58.446,86,58,42,Ball Receipt*,202,215,Athletic Club,From Corner,215,Athletic Club,6662.0,Iago Herrerín Buisán,Goalkeeper,23.9,52.8,,,,False,,,,,,,False,,,,,,,False,False,left_to_right,False,23.9,52.8,,,False,False,False,False
3ce0ec99-2cf1-4101-9aec-bea0b277bcd2,3825747,3007,2,00:41:58.446,86,58,43,Carry,202,215,Athletic Club,From Corner,215,Athletic Club,6662.0,Iago Herrerín Buisán,Goalkeeper,23.9,52.8,21.5,53.8,2.664128,True,,,,,,,False,,,,,,,False,False,left_to_right,False,23.9,52.8,21.5,53.8,False,False,False,False
c954d041-15b5-4bf4-bc12-4d93d32d45b1,3825747,3008,2,00:42:00.045,87,0,17,Pressure,202,215,Athletic Club,From Corner,322,Eibar,6700.0,Sergio Enrich Ametller,Left Center Forward,91.3,23.2,,,1.088008,False,,,,,,,False,,,,,,,False,False,left_to_right,False,91.3,23.2,,,False,False,False,False
63f02d76-ddaa-420d-8f1d-296e84f22927,3825747,3009,2,00:42:01.110,87,1,30,Pass,202,215,Athletic Club,From Corner,215,Athletic Club,6662.0,Iago Herrerín Buisán,Goalkeeper,21.5,53.8,76.9,54.3,2.852162,True,,,,,,Incomplete,False,55.402256,0.009025026,High Pass,,23833.0,Borja Viguera Manzanares,False,False,left_to_right,False,21.5,53.8,76.9,54.3,False,True,False,True
aa022562-e770-4aa2-a9e6-1852d492d379,3825747,3010,2,00:42:03.962,87,3,42,Ball Receipt*,202,215,Athletic Club,From Corner,215,Athletic Club,23833.0,Borja Viguera Manzanares,Center Attacking Midfield,76.5,54.3,,,,False,,,,,,,False,,,,,,,False,False,left_to_right,False,76.5,54.3,,,False,False,False,False
40871a6d-9919-4c38-9a47-61cdc3737d9a,3825747,3011,2,00:42:03.962,87,3,30,Pass,202,215,Athletic Club,From Corner,322,Eibar,27239.0,Aleksandar Pantić,Left Center Back,43.2,25.8,55.1,18.4,1.586341,True,,,,,,Incomplete,False,14.013208,-0.55633,Low Pass,Recovery,6775.0,Daniel García Carrillo,False,False,left_to_right,False,43.2,25.8,55.1,18.4,False,False,False,True
e64efded-f620-44aa-ab1c-9aa2464320b8,3825747,3012,2,00:42:03.962,87,3,4,Duel,202,215,Athletic Club,From Corner,215,Athletic Club,23833.0,Borja Viguera Manzanares,Center Attacking Midfield,76.9,54.3,,,0.0,True,,,,,,,False,,,,,,,False,False,left_to_right,False,76.9,54.3,,,False,False,False,False
acbbc9ee-f1f9-453f-9d17-e4f138264cac,3825747,3013,2,00:42:05.549,87,5,42,Ball Receipt*,202,215,Athletic Club,From Corner,322,Eibar,6775.0,Daniel García Carrillo,Right Defensive Midfield,57.0,14.9,,,,False,,,,,,,False,,,,,,,False,False,left_to_right,False,57.0,14.9,,,False,False,False,False
fabc62d4-f43a-414a-847e-2a2ab31be385,3825747,3014,2,00:42:05.549,87,5,10,Interception,202,215,Athletic Club,From Corner,215,Athletic Club,6390.0,Markel Susaeta Laskurain,Right Wing,65.0,61.7,,,0.0,False,,,,,,,False,,,,,,,False,False,left_to_right,False,65.0,61.7,,,False,False,False,False
4e780682-5ce3-41b1-ab26-c6863995ed91,3825747,3015,2,00:42:05.971,87,5,2,Ball Recovery,203,322,Eibar,Regular Play,322,Eibar,9462.0,José Ignacio Peleteiro Ramallo,Left Midfield,56.7,11.5,,,0.0,False,,,,,,,False,,,,,,,False,False,left_to_right,False,56.7,11.5,,,False,False,False,False
6728d901-ccc3-4727-9726-308f969f15bb,3825747,3016,2,00:42:05.971,87,5,43,Carry,203,322,Eibar,Regular Play,322,Eibar,9462.0,José Ignacio Peleteiro Ramallo,Left Midfield,56.7,11.5,49.6,16.0,1.576633,True,,,,,,,False,,,,,,,False,False,left_to_right,False,56.7,11.5,49.6,16.0,False,False,False,False
dd6effa7-e97a-4fe1-9d93-8920bbac5dce,3825747,3017,2,00:42:06.925,87,6,17,Pressure,203,322,Eibar,Regular Play,215,Athletic Club,6390.0,Markel Susaeta Laskurain,Right Wing,67.1,60.8,,,0.56597,False,,,,,,,False,,,,,,,False,False,left_to_right,False,67.1,60.8,,,False,False,False,False
dd706425-0931-4520-acd3-b8022a1e7572,3825747,3018,2,00:42:07.548,87,7,30,Pass,203,322,Eibar,Regular Play,322,Eibar,9462.0,José Ignacio Peleteiro Ramallo,Left Midfield,49.6,16.0,42.9,20.3,0.873089,False,,,,,,,True,7.961156,2.5710099,Ground Pass,,6776.0,David Juncà Reñé,False,False,left_to_right,False,49.6,16.0,42.9,20.3,False,False,False,False
2c78deed-50e7-4e5e-8a67-894e13aeff61,3825747,3019,2,00:42:08.421,87,8,42,Ball Receipt*,203,322,Eibar,Regular Play,322,Eibar,6776.0,David Juncà Reñé,Left Back,42.9,20.3,,,,False,,,,,,,False,,,,,,,False,False,left_to_right,False,42.9,20.3,,,False,False,False,False
a569bcf5-b8d1-478d-b362-12a2310cc7a8,3825747,3020,2,00:42:08.421,87,8,43,Carry,203,322,Eibar,Regular Play,322,Eibar,6776.0,David Juncà Reñé,Left Back,42.9,20.3,49.8,23.1,2.293791,False,,,,,,,False,,,,,,,False,False,left_to_right,False,42.9,20.3,49.8,23.1,False,False,False,False
dd316094-d379-45b5-bfbf-6fa388a5bfcb,3825747,3021,2,00:42:10.715,87,10,30,Pass,203,322,Eibar,Regular Play,322,Eibar,6776.0,David Juncà Reñé,Left Back,49.8,23.1,57.0,24.4,0.312067,False,,,,,,Incomplete,False,7.31642,0.17863101,Low Pass,,6700.0,Sergio Enrich Ametller,False,False,left_to_right,False,49.8,23.1,57.0,24.4,False,False,False,True
8955f13b-939b-42b9-9788-483f149487ea,3825747,3022,2,00:42:11.027,87,11,42,Ball Receipt*,203,322,Eibar,Regular Play,322,Eibar,6700.0,Sergio Enrich Ametller,Left Center Forward,74.2,31.3,,,,False,,,,,,,False,,,,,,,False,False,left_to_right,False,74.2,31.3,,,False,False,False,False
e5645217-4e66-4e19-9e8d-d80411775a0a,3825747,3023,2,00:42:11.027,87,11,6,Block,203,322,Eibar,Regular Play,215,Athletic Club,6656.0,Mikel Rico Moreno,Left Defensive Midfield,63.1,55.7,,,0.0,False,,,,,,,False,,,,,,,False,False,left_to_right,False,63.1,55.7,,,False,False,False,False
1c06283d-209d-455d-b9c0-5cc618a94241,3825747,3024,2,00:42:11.655,87,11,2,Ball Recovery,203,322,Eibar,Regular Play,322,Eibar,6776.0,David Juncà Reñé,Left Back,56.0,18.2,,,0.0,False,,,,,,,False,,,,,,,False,False,left_to_right,False,56.0,18.2,,,False,False,False,False
e36c5f94-2086-4843-9cd2-40f2aa19e323,3825747,3025,2,00:42:11.655,87,11,43,Carry,203,322,Eibar,Regular Play,322,Eibar,6776.0,David Juncà Reñé,Left Back,56.0,18.2,63.1,17.0,0.975465,True,,,,,,,False,,,,,,,False,False,left_to_right,False,56.0,18.2,63.1,17.0,False,False,False,False
d4cfb5f2-9e2d-469e-9011-1ce31362c086,3825747,3026,2,00:42:12.323,87,12,17,Pressure,203,322,Eibar,Regular Play,215,Athletic Club,6656.0,Mikel Rico Moreno,Left Defensive Midfield,60.4,61.2,,,0.47753,False,,,,,,,False,,,,,,,False,False,left_to_right,False,60.4,61.2,,,False,False,False,False
783d2647-5c27-4fa6-b88d-8df1f36f0081,3825747,3027,2,00:42:12.631,87,12,30,Pass,203,322,Eibar,Regular Play,322,Eibar,6776.0,David Juncà Reñé,Left Back,63.1,17.0,77.9,22.1,1.192875,True,,,,,,Incomplete,False,15.654073,0.3318512,Ground Pass,,6700.0,Sergio Enrich Ametller,False,False,left_to_right,False,63.1,17.0,77.9,22.1,False,True,False,True
1b98a4b4-5258-4e9e-b3e5-d20bd1ee2284,3825747,3028,2,00:42:13.824,87,13,42,Ball Receipt*,203,322,Eibar,Regular Play,322,Eibar,6700.0,Sergio Enrich Ametller,Left Center Forward,74.9,28.3,,,,False,,,,,,,False,,,,,,,False,False,left_to_right,False,74.9,28.3,,,False,False,False,False
1c8dd123-6fa7-4092-95fa-4689de8a0706,3825747,3029,2,00:42:13.824,87,13,2,Ball Recovery,204,215,Athletic Club,Regular Play,215,Athletic Club,6386.0,Eneko Bóveda Altube,Right Center Back,42.2,58.0,,,0.0,False,,,,,,,False,,,,,,,False,False,left_to_right,False,42.2,58.0,,,False,False,False,False
ec95016c-b53e-40ec-98ef-d2aa470f18b7,3825747,3030,2,00:42:13.824,87,13,43,Carry,204,215,Athletic Club,Regular Play,215,Athletic Club,6386.0,Eneko Bóveda Altube,Right Center Back,42.2,58.0,40.8,57.4,0.526825,False,,,,,,,False,,,,,,,False,False,left_to_right,False,42.2,58.0,40.8,57.4,False,False,False,False
81a63ec9-efae-4621-a2d4-3acbfe9d90e2,3825747,3031,2,00:42:14.350,87,14,30,Pass,204,215,Athletic Club,Regular Play,215,Athletic Club,6386.0,Eneko Bóveda Altube,Right Center Back,40.8,57.4,49.1,54.7,0.624682,False,,,,,,,True,8.728115,-0.3145043,Ground Pass,,6389.0,Mikel San José Domínguez,False,False,left_to_right,False,40.8,57.4,49.1,54.7,False,False,False,False
e3d26889-4f15-444a-8757-a6144cbf125c,3825747,3032,2,00:42:14.975,87,14,42,Ball Receipt*,204,215,Athletic Club,Regular Play,215,Athletic Club,6389.0,Mikel San José Domínguez,Right Defensive Midfield,49.1,54.7,,,,False,,,,,,,False,,,,,,,False,False,left_to_right,False,49.1,54.7,,,False,False,False,False
a39d3146-a68b-4619-96a5-e738fbe78608,3825747,3033,2,00:42:14.975,87,14,43,Carry,204,215,Athletic Club,Regular Play,215,Athletic Club,6389.0,Mikel San José Domínguez,Right Defensive Midfield,49.1,54.7,49.3,54.6,0.73314,False,,,,,,,False,,,,,,,False,False,left_to_right,False,49.1,54.7,49.3,54.6,False,False,False,False
8659e614-d0c5-420c-bee2-d1171f4562e4,3825747,3034,2,00:42:15.708,87,15,30,Pass,204,215,Athletic Club,Regular Play,215,Athletic Club,6389.0,Mikel San José Domínguez,Right Defensive Midfield,49.3,54.6,39.6,44.4,1.317261,False,,,,,,,True,14.075866,-2.3310742,Ground Pass,,4353.0,Aymeric Laporte,False,False,left_to_right,False,49.3,54.6,39.6,44.4,False,False,False,False
0eb04c16-4427-4e27-a63a-a16262154c85,3825747,3035,2,00:42:17.026,87,17,42,Ball Receipt*,204,215,Athletic Club,Regular Play,215,Athletic Club,4353.0,Aymeric Laporte,Left Center Back,39.6,44.4,,,,False,,,,,,,False,,,,,,,False,False,left_to_right,False,39.6,44.4,,,False,False,False,False
42fc154e-8d9f-4287-b8ae-529c02e95865,3825747,3036,2,00:42:17.026,87,17,43,Carry,204,215,Athletic Club,Regular Play,215,Athletic Club,4353.0,Aymeric Laporte,Left Center Back,39.6,44.4,39.4,44.9,0.103776,False,,,,,,,False,,,,,,,False,False,left_to_right,False,39.6,44.4,39.4,44.9,False,False,False,False
2e21fbc8-cf9d-456f-96b7-b2af632d8f84,3825747,3037,2,00:42:17.129,87,17,30,Pass,204,215,Athletic Club,Regular Play,215,Athletic Club,4353.0,Aymeric Laporte,Left Center Back,39.4,44.9,34.9,55.2,0.992508,False,,,,,,,True,11.240107,1.9826974,Ground Pass,,6386.0,Eneko Bóveda Altube,False,False,left_to_right,False,39.4,44.9,34.9,55.2,False,False,False,False
067618a6-df3c-4057-955b-aba4e05822f4,3825747,3038,2,00:42:18.122,87,18,42,Ball Receipt*,204,215,Athletic Club,Regular Play,215,Athletic Club,6386.0,Eneko Bóveda Altube,Right Center Back,34.9,55.2,,,,False,,,,,,,False,,,,,,,False,False,left_to_right,False,34.9,55.2,,,False,False,False,False
a9389da6-66c7-4b3d-8041-5a7673b48212,3825747,3039,2,00:42:18.122,87,18,43,Carry,204,215,Athletic Club,Regular Play,215,Athletic Club,6386.0,Eneko Bóveda Altube,Right Center Back,34.9,55.2,40.8,55.5,1.597134,False,,,,,,,False,,,,,,,False,False,left_to_right,False,34.9,55.2,40.8,55.5,False,False,False,False
dae219ac-50f3-48e9-a5f0-92ee1e6c95f6,3825747,3040,2,00:42:19.719,87,19,30,Pass,204,215,Athletic Club,Regular Play,215,Athletic Club,6386.0,Eneko Bóveda Altube,Right Center Back,40.8,55.5,78.8,20.9,3.068319,False,,,,,,Incomplete,False,51.392216,-0.7386004,High Pass,,6392.0,Íñigo Lekue Martínez,False,False,left_to_right,False,40.8,55.5,78.8,20.9,False,True,False,True
276fd96e-ec28-49a2-9f35-907f43bac5f8,3825747,3041,2,00:42:22.787,87,22,42,Ball Receipt*,204,215,Athletic Club,Regular Play,215,Athletic Club,6392.0,Íñigo Lekue Martínez,Left Wing,78.2,23.1,,,,False,,,,,,,False,,,,,,,False,False,left_to_right,False,78.2,23.1,,,False,False,False,False
d4125629-1580-4bc8-ac52-57a4e05a4fc0,3825747,3042,2,00:42:22.787,87,22,2,Ball Recovery,205,322,Eibar,Regular Play,322,Eibar,6699.0,Ander Capa Rodríguez,Right Back,41.3,59.2,,,0.0,False,,,,,,,False,,,,,,,False,False,left_to_right,False,41.3,59.2,,,False,False,False,False
ea4b6b70-70aa-4fcd-a0ba-fb6a1bc157a5,3825747,3043,2,00:42:22.787,87,22,43,Carry,205,322,Eibar,Regular Play,322,Eibar,6699.0,Ander Capa Rodríguez,Right Back,41.3,59.2,28.9,70.4,3.874489,True,,,,,,,False,,,,,,,False,False,left_to_right,False,41.3,59.2,28.9,70.4,False,False,False,False
3d51b080-500f-4992-83b2-a546350621ca,3825747,3044,2,00:42:24.487,87,24,17,Pressure,205,322,Eibar,Regular Play,215,Athletic Club,6392.0,Íñigo Lekue Martínez,Left Wing,91.3,19.1,,,2.175224,False,,,,,,,False,,,,,,,False,False,left_to_right,False,91.3,19.1,,,False,False,False,False
d375b126-52dd-41cb-b022-2e03863b160a,3825747,3045,2,00:42:26.662,87,26,3,Dispossessed,205,322,Eibar,Regular Play,322,Eibar,6699.0,Ander Capa Rodríguez,Right Back,28.9,70.4,,,0.0,True,,,,,,,False,,,,,,,False,False,left_to_right,False,28.9,70.4,,,False,False,False,True
68466c4a-c639-4a91-9959-0f79071c4c28,3825747,3046,2,00:42:26.662,87,26,4,Duel,205,322,Eibar,Regular Play,215,Athletic Club,6392.0,Íñigo Lekue Martínez,Left Wing,91.2,9.7,,,0.0,True,,,,,,,False,,,,,,,False,False,left_to_right,False,91.2,9.7,,,False,False,False,False
71497748-f0bf-4331-a1ba-8161e3105a20,3825747,3047,2,00:42:33.921,87,33,30,Pass,206,322,Eibar,From Throw In,322,Eibar,6699.0,Ander Capa Rodríguez,Right Back,30.2,80.0,29.3,63.6,2.037684,False,,,,,,,True,16.424677,-1.6256194,Low Pass,Throw-in,6837.0,Mauro Javier Dos Santos,False,False,left_to_right,False,30.2,80.0,29.3,63.6,False,False,False,False
130f5e69-d126-428f-8d44-524f7b751f3c,3825747,3048,2,00:42:35.959,87,35,42,Ball Receipt*,206,322,Eibar,From Throw In,322,Eibar,6837.0,Mauro Javier Dos Santos,Right Center Back,29.3,63.6,,,,False,,,,,,,False,,,,,,,False,False,left_to_right,False,29.3,63.6,,,False,False,False,False
aa8d461c-f3ce-4a51-a372-b0874aa897ab,3825747,3049,2,00:42:38.754,87,38,30,Pass,206,322,Eibar,From Throw In,322,Eibar,6837.0,Mauro Javier Dos Santos,Right Center Back,29.3,64.3,78.1,41.2,2.681944,False,,,,,,,True,53.991203,-0.44210994,High Pass,,6700.0,Sergio Enrich Ametller,False,False,left_to_right,False,29.3,64.3,78.1,41.2,False,True,False,False
957016b5-7d3e-4e92-a5be-178c7d9a607e,3825747,3050,2,00:42:41.435,87,41,42,Ball Receipt*,206,322,Eibar,From Throw In,322,Eibar,6700.0,Sergio Enrich Ametller,Left Center Forward,78.1,41.2,,,,False,,,,,,,False,,,,,,,False,False,left_to_right,False,78.1,41.2,,,False,False,False,False
7245109d-d8eb-4fb1-84fa-f9ac6444b8fc,3825747,3051,2,00:42:41.435,87,41,4,Duel,206,322,Eibar,From Throw In,215,Athletic Club,6386.0,Eneko Bóveda Altube,Right Center Back,42.7,40.4,,,0.0,True,,,,,,,False,,,,,,,False,False,left_to_right,False,42.7,40.4,,,False,False,False,False
4c1c3ece-acec-453b-bb68-63ad0bc953dd,3825747,3052,2,00:42:41.435,87,41,38,Miscontrol,206,322,Eibar,From Throw In,322,Eibar,6700.0,Sergio Enrich Ametller,Left Center Forward,77.4,39.7,,,0.0,True,,,,,,,False,,,,,,,False,False,left_to_right,False,77.4,39.7,,,False,False,False,True
f0d1ae15-634b-41b9-a047-46362e148f45,3825747,3053,2,00:42:42.914,87,42,2,Ball Recovery,206,322,Eibar,From Throw In,215,Athletic Club,6649.0,Óscar de Marcos Arana,Right Back,33.1,43.6,,,0.0,False,,,,,,,False,,,,,,,False,False,left_to_right,False,33.1,43.6,,,False,False,False,False
c552d152-0a07-4ca1-8c21-a174f0287f8d,3825747,3054,2,00:42:42.914,87,42,43,Carry,206,322,Eibar,From Throw In,215,Athletic Club,6649.0,Óscar de Marcos Arana,Right Back,33.1,43.6,28.0,25.3,2.663164,False,,,,,,,False,,,,,,,False,False,left_to_right,False,33.1,43.6,28.0,25.3,False,False,False,False
23729df9-1d44-48bb-8518-3f5c24e4eb12,3825747,3055,2,00:42:45.577,87,45,30,Pass,206,322,Eibar,From Throw In,215,Athletic Club,6649.0,Óscar de Marcos Arana,Right Back,28.0,25.3,70.5,27.0,2.002404,False,,,,,,Incomplete,False,42.533985,0.039978687,High Pass,,6394.0,Aritz Aduriz Zubeldia,False,False,left_to_right,False,28.0,25.3,70.5,27.0,False,True,False,True
1db556d4-6fbd-4c12-b53c-dd1437524da3,3825747,3056,2,00:42:47.579,87,47,42,Ball Receipt*,206,322,Eibar,From Throw In,215,Athletic Club,6394.0,Aritz Aduriz Zubeldia,Center Forward,70.5,27.0,,,,False,,,,,,,False,,,,,,,False,False,left_to_right,False,70.5,27.0,,,False,False,False,False
2179366c-836f-4be4-a595-0f78aeadb414,3825747,3057,2,00:42:47.579,87,47,30,Pass,206,322,Eibar,From Throw In,322,Eibar,6837.0,Mauro Javier Dos Santos,Right Center Back,49.6,53.1,44.0,27.2,2.822881,False,,,,,,,True,26.498491,-1.7837347,Low Pass,Recovery,6776.0,David Juncà Reñé,False,False,left_to_right,False,49.6,53.1,44.0,27.2,False,False,False,False
bdce84d2-9036-4f1d-9d4c-04104f2beeef,3825747,3058,2,00:42:50.402,87,50,42,Ball Receipt*,206,322,Eibar,From Throw In,322,Eibar,6776.0,David Juncà Reñé,Left Back,44.0,27.2,,,,False,,,,,,,False,,,,,,,False,False,left_to_right,False,44.0,27.2,,,False,False,False,False
bb0d46f7-e135-4342-95ad-f82bf6214480,3825747,3059,2,00:42:50.402,87,50,43,Carry,206,322,Eibar,From Throw In,322,Eibar,6776.0,David Juncà Reñé,Left Back,44.0,27.2,47.8,26.8,2.935458,False,,,,,,,False,,,,,,,False,False,left_to_right,False,44.0,27.2,47.8,26.8,False,False,False,False
bd3edf73-748c-4107-b614-8ff5f9ca7bff,3825747,3060,2,00:42:53.337,87,53,30,Pass,206,322,Eibar,From Throw In,322,Eibar,6776.0,David Juncà Reñé,Left Back,47.8,26.8,42.6,40.3,1.133553,False,,,,,,,True,14.466859,1.9384664,Ground Pass,,27239.0,Aleksandar Pantić,False,False,left_to_right,False,47.8,26.8,42.6,40.3,False,False,False,False
8cbd9ab0-283c-40ed-9f7c-3bf246dc8924,3825747,3061,2,00:42:54.471,87,54,42,Ball Receipt*,206,322,Eibar,From Throw In,322,Eibar,27239.0,Aleksandar Pantić,Left Center Back,42.6,40.3,,,,False,,,,,,,False,,,,,,,False,False,left_to_right,False,42.6,40.3,,,False,False,False,False
51a5899a-cb87-4514-9a62-6bc56e3e40e2,3825747,3062,2,00:42:54.471,87,54,43,Carry,206,322,Eibar,From Throw In,322,Eibar,27239.0,Aleksandar Pantić,Left Center Back,42.6,40.3,48.4,32.8,2.455676,False,,,,,,,False,,,,,,,False,False,left_to_right,False,42.6,40.3,48.4,32.8,False,False,False,False
c75f4eab-2b75-4cae-830b-3651ff4c98c7,3825747,3063,2,00:42:56.927,87,56,30,Pass,206,322,Eibar,From Throw In,322,Eibar,27239.0,Aleksandar Pantić,Left Center Back,48.4,32.8,51.1,18.9,1.770513,False,,,,,,,True,14.159802,-1.3789408,Ground Pass,,6776.0,David Juncà Reñé,False,False,left_to_right,False,48.4,32.8,51.1,18.9,False,False,False,False
77343198-c4e0-4d5c-bfbc-b318e2fc683a,3825747,3064,2,00:42:58.697,87,58,42,Ball Receipt*,206,322,Eibar,From Throw In,322,Eibar,6776.0,David Juncà Reñé,Left Back,51.1,18.9,,,,False,,,,,,,False,,,,,,,False,False,left_to_right,False,51.1,18.9,,,False,False,False,False
0ac666a8-9133-430d-b6c2-9c04153a4307,3825747,3065,2,00:42:58.697,87,58,43,Carry,206,322,Eibar,From Throw In,322,Eibar,6776.0,David Juncà Reñé,Left Back,51.1,18.9,62.6,20.7,2.050337,False,,,,,,,False,,,,,,,False,False,left_to_right,False,51.1,18.9,62.6,20.7,False,False,False,False
141bd26b-24f2-4101-b24f-7b7247438699,3825747,3066,2,00:43:00.748,88,0,30,Pass,206,322,Eibar,From Throw In,322,Eibar,6776.0,David Juncà Reñé,Left Back,62.6,20.7,116.5,9.4,3.386219,False,,,,,,Incomplete,False,55.07177,-0.20665455,High Pass,,6700.0,Sergio Enrich Ametller,False,False,left_to_right,False,62.6,20.7,116.5,9.4,False,True,True,True
4d3a602b-0bf6-402f-a250-3655b3dcbc2d,3825747,3067,2,00:43:04.134,88,4,42,Ball Receipt*,206,322,Eibar,From Throw In,322,Eibar,6700.0,Sergio Enrich Ametller,Left Center Forward,116.1,9.7,,,,False,,,,,,,False,,,,,,,False,False,left_to_right,False,116.1,9.7,,,False,False,False,False
80c56f61-83e8-4c26-b16e-6085b1401791,3825747,3068,2,00:43:04.134,88,4,10,Interception,206,322,Eibar,From Throw In,215,Athletic Club,6386.0,Eneko Bóveda Altube,Right Center Back,3.6,70.7,,,0.0,False,,,,,,,False,,,,,,,False,False,left_to_right,False,3.6,70.7,,,False,False,False,False
716336a0-2246-46f7-9be1-7258ff6aa574,3825747,3069,2,00:43:20.008,88,20,30,Pass,207,322,Eibar,From Throw In,322,Eibar,9462.0,José Ignacio Peleteiro Ramallo,Left Midfield,113.8,0.1,113.0,10.7,1.246987,False,,,,,,,True,10.630146,1.6461252,Low Pass,Throw-in,6700.0,Sergio Enrich Ametller,False,False,left_to_right,False,113.8,0.1,113.0,10.7,False,True,False,False
2fe9cf71-3df3-4f19-a892-6f2fc42f28c2,3825747,3070,2,00:43:21.255,88,21,42,Ball Receipt*,207,322,Eibar,From Throw In,322,Eibar,6700.0,Sergio Enrich Ametller,Left Center Forward,113.0,10.7,,,,False,,,,,,,False,,,,,,,False,False,left_to_right,False,113.0,10.7,,,False,False,False,False
bc6f0932-d3bf-4ff1-bbe4-8a7f8b886644,3825747,3071,2,00:43:21.255,88,21,30,Pass,207,322,Eibar,From Throw In,322,Eibar,6700.0,Sergio Enrich Ametller,Left Center Forward,113.0,10.7,110.7,5.2,0.618588,False,,,,,,,True,5.9615436,-1.9668778,Ground Pass,,6776.0,David Juncà Reñé,False,False,left_to_right,False,113.0,10.7,110.7,5.2,False,False,False,False
5fd5fcfc-9f80-4a1a-8af9-380dfa8883e2,3825747,3072,2,00:43:21.874,88,21,42,Ball Receipt*,207,322,Eibar,From Throw In,322,Eibar,6776.0,David Juncà Reñé,Left Back,110.7,5.2,,,,False,,,,,,,False,,,,,,,False,False,left_to_right,False,110.7,5.2,,,False,False,False,False
23aa4667-c609-4ecc-b0f8-4a199edf54a1,3825747,3073,2,00:43:21.874,88,21,43,Carry,207,322,Eibar,From Throw In,322,Eibar,6776.0,David Juncà Reñé,Left Back,110.7,5.2,110.7,5.5,0.08671,False,,,,,,,False,,,,,,,False,False,left_to_right,False,110.7,5.2,110.7,5.5,False,False,False,False
f067261d-6b30-495f-bfd4-346512439a2f,3825747,3074,2,00:43:21.960,88,21,30,Pass,207,322,Eibar,From Throw In,322,Eibar,6776.0,David Juncà Reñé,Left Back,110.7,5.5,110.7,13.4,1.259879,False,,,,,,,True,7.9,1.5707964,High Pass,,6700.0,Sergio Enrich Ametller,False,False,left_to_right,False,110.7,5.5,110.7,13.4,False,False,False,False
301b4ded-14e2-4c8e-93e0-7d04f73d88cc,3825747,3075,2,00:43:23.220,88,23,42,Ball Receipt*,207,322,Eibar,From Throw In,322,Eibar,6700.0,Sergio Enrich Ametller,Left Center Forward,110.7,13.4,,,,False,,,,,,,False,,,,,,,False,False,left_to_right,False,110.7,13.4,,,False,False,False,False
08630f0c-5d15-4d60-b5f2-f2b3f7d39468,3825747,3076,2,00:43:23.220,88,23,4,Duel,207,322,Eibar,From Throw In,215,Athletic Club,6386.0,Eneko Bóveda Altube,Right Center Back,9.4,66.7,,,0.0,True,,,,,,,False,,,,,,,False,False,left_to_right,False,9.4,66.7,,,False,False,False,False
8f73b397-c68f-43cd-a8bf-82d86dce5374,3825747,3077,2,00:43:23.220,88,23,30,Pass,207,322,Eibar,From Throw In,322,Eibar,6700.0,Sergio Enrich Ametller,Left Center Forward,110.7,13.4,105.0,12.5,1.201283,True,,,,,,,True,5.770615,-2.9849908,Low Pass,,9462.0,José Ignacio Peleteiro Ramallo,False,False,left_to_right,False,110.7,13.4,105.0,12.5,False,False,False,False
2f5a2185-a851-41de-9be0-59f2bb0e3b64,3825747,3078,2,00:43:24.422,88,24,42,Ball Receipt*,207,322,Eibar,From Throw In,322,Eibar,9462.0,José Ignacio Peleteiro Ramallo,Left Midfield,105.0,12.5,,,,False,,,,,,,False,,,,,,,False,False,left_to_right,False,105.0,12.5,,,False,False,False,False
e934666a-c571-4c6f-86f7-513afa82094e,3825747,3079,2,00:43:24.422,88,24,43,Carry,207,322,Eibar,From Throw In,322,Eibar,9462.0,José Ignacio Peleteiro Ramallo,Left Midfield,105.0,12.5,99.9,14.8,1.012406,True,,,,,,,False,,,,,,,False,False,left_to_right,False,105.0,12.5,99.9,14.8,False,False,False,False
4ef4f631-1bdb-4409-81d9-d29e8b68458c,3825747,3080,2,00:43:25.434,88,25,39,Dribbled Past,207,322,Eibar,From Throw In,215,Athletic Club,6656.0,Mikel Rico Moreno,Left Defensive Midfield,20.2,65.3,,,0.0,False,,,,,,,False,,,,,,,False,False,left_to_right,False,20.2,65.3,,,False,False,False,False
67a528a3-07fa-48a6-89ca-324474572aee,3825747,3081,2,00:43:25.434,88,25,14,Dribble,207,322,Eibar,From Throw In,322,Eibar,9462.0,José Ignacio Peleteiro Ramallo,Left Midfield,99.9,14.8,,,0.0,True,,,,,,,False,,,,,,,False,False,left_to_right,False,99.9,14.8,,,False,False,False,False
8afba33b-66dd-4b78-95dc-58d990e8fd66,3825747,3082,2,00:43:25.434,88,25,43,Carry,207,322,Eibar,From Throw In,322,Eibar,9462.0,José Ignacio Peleteiro Ramallo,Left Midfield,99.9,14.8,98.6,25.1,1.730447,True,,,,,,,False,,,,,,,False,False,left_to_right,False,99.9,14.8,98.6,25.1,False,False,False,False
d8f95beb-0eff-4427-a9bf-f7733a48ac56,3825747,3083,2,00:43:26.032,88,26,17,Pressure,207,322,Eibar,From Throw In,215,Athletic Club,6656.0,Mikel Rico Moreno,Left Defensive Midfield,22.1,62.5,,,0.3,False,,,,,,,False,,,,,,,False,False,left_to_right,False,22.1,62.5,,,False,False,False,False
671fc218-2a65-4394-a918-000ad69f0f24,3825747,3084,2,00:43:27.164,88,27,38,Miscontrol,207,322,Eibar,From Throw In,322,Eibar,9462.0,José Ignacio Peleteiro Ramallo,Left Midfield,98.6,25.1,,,0.0,False,,,,,,,False,,,,,,,False,False,left_to_right,False,98.6,25.1,,,False,False,False,True
f52b4fe1-7e67-47bc-af35-44e8c535e9bb,3825747,3085,2,00:43:28.016,88,28,9,Clearance,207,322,Eibar,From Throw In,215,Athletic Club,6389.0,Mikel San José Domínguez,Right Defensive Midfield,22.5,52.8,,,0.0,True,,,,,,,False,,,,,,,False,False,left_to_right,False,22.5,52.8,,,False,False,False,False
b9cec43e-d987-417d-a15f-8f05e2d45492,3825747,3086,2,00:43:31.918,88,31,2,Ball Recovery,207,322,Eibar,From Throw In,322,Eibar,6837.0,Mauro Javier Dos Santos,Right Center Back,49.8,57.4,,,0.0,False,,,,,,,False,,,,,,,False,False,left_to_right,False,49.8,57.4,,,False,False,False,False
82856567-0cc8-4a10-b7e8-3259e93b7607,3825747,3087,2,00:43:31.918,88,31,43,Carry,207,322,Eibar,From Throw In,322,Eibar,6837.0,Mauro Javier Dos Santos,Right Center Back,49.8,57.4,63.6,67.4,3.911567,False,,,,,,,False,,,,,,,False,False,left_to_right,False,49.8,57.4,63.6,67.4,False,False,False,False
718165f3-90c9-47d5-9fc5-0a4c28155059,3825747,3088,2,00:43:35.830,88,35,30,Pass,207,322,Eibar,From Throw In,322,Eibar,6837.0,Mauro Javier Dos Santos,Right Center Back,63.6,67.4,77.0,77.1,1.139629,False,,,,,,,True,16.54237,0.62657404,Ground Pass,,6699.0,Ander Capa Rodríguez,False,False,left_to_right,False,63.6,67.4,77.0,77.1,False,False,False,False
6f8e5a97-2563-4cc6-99cb-380cd83a6277,3825747,3089,2,00:43:36.969,88,36,42,Ball Receipt*,207,322,Eibar,From Throw In,322,Eibar,6699.0,Ander Capa Rodríguez,Right Back,77.0,77.1,,,,False,,,,,,,False,,,,,,,False,False,left_to_right,False,77.0,77.1,,,False,False,False,False
42171c8d-90a5-46cc-917d-886aed45fe9f,3825747,3090,2,00:43:36.969,88,36,43,Carry,207,322,Eibar,From Throw In,322,Eibar,6699.0,Ander Capa Rodríguez,Right Back,77.0,77.1,77.0,77.1,0.93786,False,,,,,,,False,,,,,,,False,False,left_to_right,False,77.0,77.1,77.0,77.1,False,False,False,False
272cbf83-4f94-47d5-9d3b-ff421351ddf1,3825747,3091,2,00:43:37.907,88,37,30,Pass,207,322,Eibar,From Throw In,322,Eibar,6699.0,Ander Capa Rodríguez,Right Back,77.0,77.1,84.6,67.0,0.599899,False,,,,,,,True,12.640016,-0.92571294,Ground Pass,,6742.0,Sergio Gontán Gallardo,False,False,left_to_right,False,77.0,77.1,84.6,67.0,False,False,True,False
097801b8-140e-465f-b22d-849fd63bf4b1,3825747,3092,2,00:43:38.507,88,38,42,Ball Receipt*,207,322,Eibar,From Throw In,322,Eibar,6742.0,Sergio Gontán Gallardo,Right Midfield,84.6,67.0,,,,False,,,,,,,False,,,,,,,False,False,left_to_right,False,84.6,67.0,,,False,False,False,False
cffc5616-d63d-4400-842b-9f2c20b8f79b,3825747,3093,2,00:43:38.507,88,38,43,Carry,207,322,Eibar,From Throw In,322,Eibar,6742.0,Sergio Gontán Gallardo,Right Midfield,84.6,67.0,97.8,58.8,2.720126,True,,,,,,,False,,,,,,,False,False,left_to_right,False,84.6,67.0,97.8,58.8,True,False,False,False
2b4484b9-8f6c-4e41-8dcb-b6f97e2a882f,3825747,3094,2,00:43:39.592,88,39,17,Pressure,207,322,Eibar,From Throw In,215,Athletic Club,23833.0,Borja Viguera Manzanares,Center Attacking Midfield,35.5,9.9,,,0.641183,False,,,,,,,False,,,,,,,False,False,left_to_right,False,35.5,9.9,,,False,False,False,False
705768db-a5f4-4d86-8320-feff404d33bd,3825747,3095,2,00:43:41.227,88,41,30,Pass,207,322,Eibar,From Throw In,322,Eibar,6742.0,Sergio Gontán Gallardo,Right Midfield,97.8,58.8,93.9,48.6,0.864062,False,,,,,,,True,10.920165,-1.9359977,Ground Pass,,9462.0,José Ignacio Peleteiro Ramallo,False,False,left_to_right,False,97.8,58.8,93.9,48.6,False,False,False,False
82a803a9-5f57-44b4-89a5-89852ebd25bb,3825747,3096,2,00:43:42.091,88,42,42,Ball Receipt*,207,322,Eibar,From Throw In,322,Eibar,9462.0,José Ignacio Peleteiro Ramallo,Left Midfield,93.9,48.6,,,,False,,,,,,,False,,,,,,,False,False,left_to_right,False,93.9,48.6,,,False,False,False,False
9dd4d4ed-366d-4241-88a8-18631c1c1292,3825747,3097,2,00:43:42.091,88,42,30,Pass,207,322,Eibar,From Throw In,322,Eibar,9462.0,José Ignacio Peleteiro Ramallo,Left Midfield,93.9,48.6,113.7,46.2,2.093142,False,,,,,,Incomplete,False,19.944923,-0.12062367,Ground Pass,,6742.0,Sergio Gontán Gallardo,False,False,left_to_right,False,93.9,48.6,113.7,46.2,False,True,False,True
13664586-8a47-4da7-8cf7-a61d9a8ade68,3825747,3098,2,00:43:44.185,88,44,42,Ball Receipt*,207,322,Eibar,From Throw In,322,Eibar,6742.0,Sergio Gontán Gallardo,Right Midfield,112.0,45.8,,,,False,,,,,,,False,,,,,,,False,False,left_to_right,False,112.0,45.8,,,False,False,False,False
df92f008-abe2-4e66-aa81-7e76f3b71bcf,3825747,3099,2,00:43:44.185,88,44,23,Goal Keeper,208,215,Athletic Club,From Keeper,215,Athletic Club,6662.0,Iago Herrerín Buisán,Goalkeeper,6.4,33.9,,,0.0,False,,,,,,,False,,,,,,,False,False,left_to_right,False,6.4,33.9,,,False,False,False,False
c8b98c13-774e-438c-b5e0-931bf5f4e97b,3825747,3100,2,00:43:50.216,88,50,30,Pass,208,215,Athletic Club,From Keeper,215,Athletic Club,6662.0,Iago Herrerín Buisán,Goalkeeper,11.5,30.8,40.8,5.8,2.343021,False,,,,,,,True,38.5161,-0.7063734,Low Pass,,6392.0,Íñigo Lekue Martínez,False,False,left_to_right,False,11.5,30.8,40.8,5.8,False,False,False,False
c707eb2c-0f56-4a35-8abb-9dbac8ce9ac6,3825747,3101,2,00:43:52.559,88,52,42,Ball Receipt*,208,215,Athletic Club,From Keeper,215,Athletic Club,6392.0,Íñigo Lekue Martínez,Left Wing,40.8,5.8,,,,False,,,,,,,False,,,,,,,False,False,left_to_right,False,40.8,5.8,,,False,False,False,False
56baea97-db5b-4c13-9c17-7a7af723c8ff,3825747,3102,2,00:43:54.136,88,54,17,Pressure,208,215,Athletic Club,From Keeper,322,Eibar,6699.0,Ander Capa Rodríguez,Right Back,79.1,71.5,,,0.454806,False,,,,,,,False,,,,,,,False,False,left_to_right,False,79.1,71.5,,,False,False,False,False
d1d3da0d-feaf-4a60-ae22-436a4be12d3c,3825747,3103,2,00:43:54.525,88,54,30,Pass,208,215,Athletic Club,From Keeper,215,Athletic Club,6392.0,Íñigo Lekue Martínez,Left Wing,41.0,11.9,30.2,8.0,0.869508,True,,,,,,,True,11.482595,-2.7950537,Ground Pass,,6789.0,Mikel Balenziaga Oruesagasti,False,False,left_to_right,False,41.0,11.9,30.2,8.0,False,False,False,False
6f1bd7e5-7892-4348-908c-1225bd1aa920,3825747,3104,2,00:43:55.395,88,55,42,Ball Receipt*,208,215,Athletic Club,From Keeper,215,Athletic Club,6789.0,Mikel Balenziaga Oruesagasti,Left Back,30.2,8.0,,,,False,,,,,,,False,,,,,,,False,False,left_to_right,False,30.2,8.0,,,False,False,False,False
4e13df8a-5b81-4ff6-9094-3154a555646e,3825747,3105,2,00:43:55.395,88,55,43,Carry,208,215,Athletic Club,From Keeper,215,Athletic Club,6789.0,Mikel Balenziaga Oruesagasti,Left Back,30.2,8.0,30.2,8.0,0.08,False,,,,,,,False,,,,,,,False,False,left_to_right,False,30.2,8.0,30.2,8.0,False,False,False,False
a39658b2-38f2-4d23-8e32-e02eba5912ed,3825747,3106,2,00:43:55.475,88,55,30,Pass,208,215,Athletic Club,From Keeper,215,Athletic Club,6789.0,Mikel Balenziaga Oruesagasti,Left Back,30.2,8.0,54.7,5.6,1.355449,False,,,,,,,True,24.61727,-0.09764764,Ground Pass,,23833.0,Borja Viguera Manzanares,False,False,left_to_right,False,30.2,8.0,54.7,5.6,False,False,False,False
a5037e6f-3df7-4096-b2fe-4c87c2041b30,3825747,3107,2,00:43:56.806,88,56,17,Pressure,208,215,Athletic Club,From Keeper,322,Eibar,6712.0,Gonzalo Escalante,Left Defensive Midfield,64.3,71.6,,,2.762527,False,,,,,,,False,,,,,,,False,False,left_to_right,False,64.3,71.6,,,False,False,False,False
fe9bf75b-baf5-441b-9e73-ec4b61778fc7,3825747,3108,2,00:43:56.830,88,56,42,Ball Receipt*,208,215,Athletic Club,From Keeper,215,Athletic Club,23833.0,Borja Viguera Manzanares,Center Attacking Midfield,54.7,5.6,,,,True,,,,,,,False,,,,,,,False,False,left_to_right,False,54.7,5.6,,,False,False,False,False
31eb447c-cae5-4dd7-b736-ccfbafe970b0,3825747,3109,2,00:43:56.830,88,56,43,Carry,208,215,Athletic Club,From Keeper,215,Athletic Club,23833.0,Borja Viguera Manzanares,Center Attacking Midfield,54.7,5.6,43.2,23.7,3.294924,True,,,,,,,False,,,,,,,False,False,left_to_right,False,54.7,5.6,43.2,23.7,False,False,False,False
ea5a0172-fa21-491c-bd3a-1432a2c87400,3825747,3110,2,00:44:00.125,89,0,30,Pass,208,215,Athletic Club,From Keeper,215,Athletic Club,23833.0,Borja Viguera Manzanares,Center Attacking Midfield,43.2,23.7,53.8,37.1,1.029289,False,,,,,,Incomplete,False,17.085667,0.9015398,Low Pass,,6390.0,Markel Susaeta Laskurain,False,False,left_to_right,False,43.2,23.7,53.8,37.1,False,False,False,True
c6ca303f-b607-47ef-a3c6-a0195c25c336,3825747,3111,2,00:44:01.155,89,1,42,Ball Receipt*,208,215,Athletic Club,From Keeper,215,Athletic Club,6390.0,Markel Susaeta Laskurain,Right Wing,61.3,38.5,,,,False,,,,,,,False,,,,,,,False,False,left_to_right,False,61.3,38.5,,,False,False,False,False
eeae875b-ccc9-4eb6-92f3-36ef13690560,3825747,3112,2,00:44:01.155,89,1,30,Pass,208,215,Athletic Club,From Keeper,322,Eibar,6775.0,Daniel García Carrillo,Right Defensive Midfield,66.3,43.0,78.7,42.1,1.55278,False,,,,,,Incomplete,False,12.432618,-0.072453596,High Pass,Interception,,,False,False,left_to_right,False,66.3,43.0,78.7,42.1,False,False,False,True
6093cce1-3ca2-4648-8e1d-8ce2446e28f8,3825747,3113,2,00:44:02.707,89,2,30,Pass,208,215,Athletic Club,From Keeper,215,Athletic Club,23833.0,Borja Viguera Manzanares,Center Attacking Midfield,41.4,38.0,56.5,40.2,1.70066,False,,,,,,,True,15.259423,0.1446774,Low Pass,Recovery,6390.0,Markel Susaeta Laskurain,False,False,left_to_right,False,41.4,38.0,56.5,40.2,False,False,False,False
da6c1fba-d530-48e7-81a6-ebf5415203a9,3825747,3114,2,00:44:04.408,89,4,42,Ball Receipt*,208,215,Athletic Club,From Keeper,215,Athletic Club,6390.0,Markel Susaeta Laskurain,Right Wing,56.5,40.2,,,,False,,,,,,,False,,,,,,,False,False,left_to_right,False,56.5,40.2,,,False,False,False,False
7faf848b-4c78-480a-960c-2826f42cc338,3825747,3115,2,00:44:04.408,89,4,43,Carry,208,215,Athletic Club,From Keeper,215,Athletic Club,6390.0,Markel Susaeta Laskurain,Right Wing,56.5,40.2,63.0,39.8,1.485438,True,,,,,,,False,,,,,,,False,False,left_to_right,False,56.5,40.2,63.0,39.8,False,False,False,False
81f10603-9c42-4cbe-ab3b-6035149946a9,3825747,3116,2,00:44:04.903,89,4,17,Pressure,208,215,Athletic Club,From Keeper,322,Eibar,6712.0,Gonzalo Escalante,Left Defensive Midfield,59.0,43.3,,,1.146231,False,,,,,,,False,,,,,,,False,False,left_to_right,False,59.0,43.3,,,False,False,False,False
2978daff-a9b8-4dd9-8a04-1865d4f80eae,3825747,3117,2,00:44:05.893,89,5,30,Pass,208,215,Athletic Club,From Keeper,215,Athletic Club,6390.0,Markel Susaeta Laskurain,Right Wing,63.0,39.8,90.6,48.3,1.917528,True,,,,,,,True,28.87923,0.2987535,Ground Pass,,6394.0,Aritz Aduriz Zubeldia,True,False,left_to_right,False,63.0,39.8,90.6,48.3,False,True,True,False
a06cf6a0-f2cb-412c-a08f-b81fd06cbfd0,3825747,3118,2,00:44:07.811,89,7,42,Ball Receipt*,208,215,Athletic Club,From Keeper,215,Athletic Club,6394.0,Aritz Aduriz Zubeldia,Center Forward,90.6,48.3,,,,False,,,,,,,False,,,,,,,False,False,left_to_right,False,90.6,48.3,,,False,False,False,False
f1d3f37b-77cf-4d9b-abef-b4993e5840bc,3825747,3119,2,00:44:07.811,89,7,43,Carry,208,215,Athletic Club,From Keeper,215,Athletic Club,6394.0,Aritz Aduriz Zubeldia,Center Forward,90.6,48.3,102.8,43.5,1.558467,False,,,,,,,False,,,,,,,False,False,left_to_right,False,90.6,48.3,102.8,43.5,True,False,False,False
c87cc206-37e7-4ba5-8123-65739294c397,3825747,3120,2,00:44:09.369,89,9,16,Shot,208,215,Athletic Club,From Keeper,215,Athletic Club,6394.0,Aritz Aduriz Zubeldia,Center Forward,102.8,43.5,120.0,34.0,2.659638,False,0.29794148,Off T,Right Foot,Lob,Open Play,,False,,,,,,,False,False,left_to_right,False,102.8,43.5,120.0,34.0,False,False,False,False
17981a62-8839-45a6-ad9d-e2fca9d4945b,3825747,3121,2,00:44:12.029,89,12,23,Goal Keeper,208,215,Athletic Club,From Keeper,322,Eibar,10763.0,Asier Riesgo Unamuno,Goalkeeper,13.5,37.6,,,0.0,False,,,,,,,False,,,,,,,False,False,left_to_right,False,13.5,37.6,,,False,False,False,False
13688a6e-2825-420b-b4fa-88c3c3f0f479,3825747,3122,2,00:44:42.006,89,42,30,Pass,209,322,Eibar,From Goal Kick,322,Eibar,10763.0,Asier Riesgo Unamuno,Goalkeeper,7.0,36.1,72.6,31.3,3.398903,False,,,,,,Incomplete,False,65.775375,-0.07304057,High Pass,Goal Kick,,,False,False,left_to_right,False,7.0,36.1,72.6,31.3,False,True,False,True
6c9f6956-66b1-4509-a4ae-d012735d19c8,3825747,3123,2,00:44:45.405,89,45,30,Pass,210,215,Athletic Club,Regular Play,215,Athletic Club,6656.0,Mikel Rico Moreno,Left Defensive Midfield,47.5,48.8,65.0,37.1,1.114753,False,,,,,,,True,21.05089,-0.5893201,High Pass,Recovery,6394.0,Aritz Aduriz Zubeldia,False,False,left_to_right,False,47.5,48.8,65.0,37.1,False,False,False,False
ed3d2d39-0864-4801-8bac-dd736b0abd4a,3825747,3124,2,00:44:46.520,89,46,42,Ball Receipt*,210,215,Athletic Club,Regular Play,215,Athletic Club,6394.0,Aritz Aduriz Zubeldia,Center Forward,65.0,37.1,,,,False,,,,,,,False,,,,,,,False,False,left_to_right,False,65.0,37.1,,,False,False,False,False
5bd50567-4445-4ee1-ac32-fe2d9f1071b1,3825747,3125,2,00:44:46.520,89,46,43,Carry,210,215,Athletic Club,Regular Play,215,Athletic Club,6394.0,Aritz Aduriz Zubeldia,Center Forward,65.0,37.1,70.3,22.3,3.072618,False,,,,,,,False,,,,,,,False,False,left_to_right,False,65.0,37.1,70.3,22.3,False,False,False,False
26491c49-570a-450f-8049-43443b8b55a6,3825747,3126,2,00:44:49.593,89,49,30,Pass,210,215,Athletic Club,Regular Play,215,Athletic Club,6394.0,Aritz Aduriz Zubeldia,Center Forward,70.3,22.3,92.7,11.4,1.968964,False,,,,,,,True,24.911242,-0.45287603,Ground Pass,,6392.0,Íñigo Lekue Martínez,False,False,left_to_right,False,70.3,22.3,92.7,11.4,False,True,True,False
0c76c9dd-dbd2-4003-aa03-2a201a2f0a8c,3825747,3127,2,00:44:51.562,89,51,42,Ball Receipt*,210,215,Athletic Club,Regular Play,215,Athletic Club,6392.0,Íñigo Lekue Martínez,Left Wing,92.7,11.4,,,,False,,,,,,,False,,,,,,,False,False,left_to_right,False,92.7,11.4,,,False,False,False,False
b53a791f-39bc-453e-9b90-d8c696e9a9c3,3825747,3128,2,00:44:51.562,89,51,43,Carry,210,215,Athletic Club,Regular Play,215,Athletic Club,6392.0,Íñigo Lekue Martínez,Left Wing,92.7,11.4,117.4,23.3,4.704608,False,,,,,,,False,,,,,,,False,False,left_to_right,False,92.7,11.4,117.4,23.3,True,False,False,False
464da712-e21a-4442-9821-f35e9d9c1a18,3825747,3129,2,00:44:56.266,89,56,30,Pass,210,215,Athletic Club,Regular Play,215,Athletic Club,6392.0,Íñigo Lekue Martínez,Left Wing,117.4,23.3,119.8,48.3,2.227145,False,,,,,,Out,False,25.114935,1.4750897,High Pass,,6390.0,Markel Susaeta Laskurain,False,False,left_to_right,False,117.4,23.3,119.8,48.3,False,True,False,True
91eee82f-c335-4a97-8257-53062894fce4,3825747,3130,2,00:44:58.493,89,58,42,Ball Receipt*,210,215,Athletic Club,Regular Play,215,Athletic Club,6390.0,Markel Susaeta Laskurain,Right Wing,119.4,48.3,,,,False,,,,,,,False,,,,,,,False,False,left_to_right,False,119.4,48.3,,,False,False,False,False
6b4cd0c0-4ee2-413f-9ac7-5f27dac681bb,3825747,3131,2,00:45:25.733,90,25,30,Pass,211,322,Eibar,From Goal Kick,322,Eibar,10763.0,Asier Riesgo Unamuno,Goalkeeper,7.0,36.1,71.8,22.2,3.035073,False,,,,,,,True,66.274055,-0.2113041,High Pass,Goal Kick,6700.0,Sergio Enrich Ametller,False,False,left_to_right,False,7.0,36.1,71.8,22.2,False,True,False,False
c954f209-2a84-4328-a6da-7dd2cc45a92d,3825747,3132,2,00:45:28.768,90,28,42,Ball Receipt*,211,322,Eibar,From Goal Kick,322,Eibar,6700.0,Sergio Enrich Ametller,Left Center Forward,71.8,22.2,,,,False,,,,,,,False,,,,,,,False,False,left_to_right,False,71.8,22.2,,,False,False,False,False
64af1368-f3a8-40f7-aab5-68243cf2344b,3825747,3133,2,00:45:28.768,90,28,38,Miscontrol,211,322,Eibar,From Goal Kick,322,Eibar,6700.0,Sergio Enrich Ametller,Left Center Forward,70.1,22.5,,,0.0,False,,,,,,,False,,,,,,,False,False,left_to_right,False,70.1,22.5,,,False,False,False,True
73d77641-44fe-4326-9e6c-0859701f6bf1,3825747,3134,2,00:45:30.040,90,30,17,Pressure,211,322,Eibar,From Goal Kick,322,Eibar,6700.0,Sergio Enrich Ametller,Left Center Forward,63.2,16.7,,,0.455964,False,,,,,,,False,,,,,,,False,False,left_to_right,False,63.2,16.7,,,False,False,False,False
b8d3147d-86fa-46fe-b58f-5ee01fde1bd8,3825747,3135,2,00:45:30.283,90,30,30,Pass,211,322,Eibar,From Goal Kick,215,Athletic Club,6390.0,Markel Susaeta Laskurain,Right Wing,58.3,67.3,56.9,64.1,0.213211,True,,,,,,Incomplete,False,3.4928498,-1.9832067,Low Pass,Recovery,6389.0,Mikel San José Domínguez,False,False,left_to_right,False,58.3,67.3,56.9,64.1,False,False,False,True
aab12c1d-9316-440d-839a-01d2784c44e5,3825747,3136,2,00:45:30.496,90,30,42,Ball Receipt*,211,322,Eibar,From Goal Kick,215,Athletic Club,6389.0,Mikel San José Domínguez,Right Defensive Midfield,55.4,61.2,,,,True,,,,,,,False,,,,,,,False,False,left_to_right,False,55.4,61.2,,,False,False,False,False
c0705bb3-ff96-4ade-8078-276bc6dec0ec,3825747,3137,2,00:45:30.496,90,30,6,Block,211,322,Eibar,From Goal Kick,322,Eibar,6700.0,Sergio Enrich Ametller,Left Center Forward,63.2,16.0,,,0.0,False,,,,,,,False,,,,,,,False,False,left_to_right,False,63.2,16.0,,,False,False,False,False
1a552739-d557-4f6b-9219-b310faad2c9b,3825747,3138,2,00:45:31.371,90,31,17,Pressure,211,322,Eibar,From Goal Kick,215,Athletic Club,6390.0,Markel Susaeta Laskurain,Right Wing,59.0,63.1,,,0.16,False,,,,,,,False,,,,,,,False,False,left_to_right,False,59.0,63.1,,,False,False,False,False
7085402f-dbad-42fa-9b71-cad4b2be922c,3825747,3139,2,00:45:31.373,90,31,30,Pass,211,322,Eibar,From Goal Kick,322,Eibar,6776.0,David Juncà Reñé,Left Back,57.5,16.6,86.0,38.2,3.382925,True,,,,,,Incomplete,False,35.760452,0.6485346,High Pass,Recovery,6742.0,Sergio Gontán Gallardo,False,False,left_to_right,False,57.5,16.6,86.0,38.2,False,True,True,True
c3b325f2-679e-4c70-b6f9-84d71acefd7a,3825747,3140,2,00:45:34.756,90,34,42,Ball Receipt*,211,322,Eibar,From Goal Kick,322,Eibar,6742.0,Sergio Gontán Gallardo,Right Midfield,86.0,39.2,,,,False,,,,,,,False,,,,,,,False,False,left_to_right,False,86.0,39.2,,,False,False,False,False
3ab0f237-25bb-43c0-bf5b-e140fdfd48ff,3825747,3141,2,00:45:34.756,90,34,30,Pass,212,215,Athletic Club,Regular Play,215,Athletic Club,4353.0,Aymeric Laporte,Left Center Back,34.1,41.9,43.6,40.5,1.028972,False,,,,,,,True,9.602604,-0.14631529,High Pass,Recovery,23833.0,Borja Viguera Manzanares,False,False,left_to_right,False,34.1,41.9,43.6,40.5,False,False,False,False
607997e1-d0a2-49b5-a651-8470fffb147b,3825747,3142,2,00:45:35.785,90,35,42,Ball Receipt*,212,215,Athletic Club,Regular Play,215,Athletic Club,23833.0,Borja Viguera Manzanares,Center Attacking Midfield,43.6,40.5,,,,False,,,,,,,False,,,,,,,False,False,left_to_right,False,43.6,40.5,,,False,False,False,False
23a6115a-c4db-4745-b8a9-8d4db16245c9,3825747,3143,2,00:45:35.785,90,35,30,Pass,212,215,Athletic Club,Regular Play,215,Athletic Club,23833.0,Borja Viguera Manzanares,Center Attacking Midfield,43.6,41.2,40.4,49.7,1.972776,False,,,,,,,True,9.0824,1.9308556,High Pass,,6656.0,Mikel Rico Moreno,False,False,left_to_right,False,43.6,41.2,40.4,49.7,False,False,False,False
e75e5512-2508-4dec-b327-c531e59e0afd,3825747,3144,2,00:45:37.592,90,37,17,Pressure,212,215,Athletic Club,Regular Play,322,Eibar,9462.0,José Ignacio Peleteiro Ramallo,Left Midfield,77.9,27.6,,,0.088481,False,,,,,,,False,,,,,,,False,False,left_to_right,False,77.9,27.6,,,False,False,False,False
6aaa23c5-ffc8-45d3-b75a-c053f7b74a0a,3825747,3145,2,00:45:37.758,90,37,42,Ball Receipt*,212,215,Athletic Club,Regular Play,215,Athletic Club,6656.0,Mikel Rico Moreno,Left Defensive Midfield,40.4,49.7,,,,False,,,,,,,False,,,,,,,False,False,left_to_right,False,40.4,49.7,,,False,False,False,False
ea541374-ac0a-47c8-8a95-0eae4583df51,3825747,3146,2,00:45:37.758,90,37,43,Carry,212,215,Athletic Club,Regular Play,215,Athletic Club,6656.0,Mikel Rico Moreno,Left Defensive Midfield,40.4,49.7,42.4,50.1,0.08,False,,,,,,,False,,,,,,,False,False,left_to_right,False,40.4,49.7,42.4,50.1,False,False,False,False
9964981e-8c0c-4abd-bdf5-62a91392448a,3825747,3147,2,00:45:37.838,90,37,30,Pass,212,215,Athletic Club,Regular Play,215,Athletic Club,6656.0,Mikel Rico Moreno,Left Defensive Midfield,42.4,50.1,78.4,61.7,4.504703,False,,,,,,Incomplete,False,37.822746,0.31171745,High Pass,,,,False,False,left_to_right,False,42.4,50.1,78.4,61.7,False,True,False,True
ef1cb275-7642-4478-8972-0771132a44fb,3825747,3148,2,00:45:42.342,90,42,2,Ball Recovery,213,322,Eibar,Regular Play,322,Eibar,6776.0,David Juncà Reñé,Left Back,41.7,18.4,,,0.0,False,,,,,,,False,,,,,,,False,False,left_to_right,False,41.7,18.4,,,False,False,False,False
b776ceda-f6b8-4828-a6d5-3ee8e7486caa,3825747,3149,2,00:45:42.342,90,42,43,Carry,213,322,Eibar,Regular Play,322,Eibar,6776.0,David Juncà Reñé,Left Back,41.7,18.4,55.7,20.3,9.095854,False,,,,,,,False,,,,,,,False,False,left_to_right,False,41.7,18.4,55.7,20.3,False,False,False,False
47f0c23b-aab7-4fd4-9787-4bce1c902b63,3825747,3150,2,00:45:51.438,90,51,30,Pass,213,322,Eibar,Regular Play,322,Eibar,6776.0,David Juncà Reñé,Left Back,55.7,20.3,44.4,28.0,0.745805,False,,,,,,,True,13.674063,2.5434484,Ground Pass,,27239.0,Aleksandar Pantić,False,False,left_to_right,False,55.7,20.3,44.4,28.0,False,False,False,False
c9e6ff7f-cf15-4bc7-b336-c1f713762919,3825747,3151,2,00:45:52.184,90,52,42,Ball Receipt*,213,322,Eibar,Regular Play,322,Eibar,27239.0,Aleksandar Pantić,Left Center Back,44.4,28.0,,,,False,,,,,,,False,,,,,,,False,False,left_to_right,False,44.4,28.0,,,False,False,False,False
c0abbdf0-9544-4279-9370-f8cb7307788e,3825747,3152,2,00:45:52.184,90,52,43,Carry,213,322,Eibar,Regular Play,322,Eibar,27239.0,Aleksandar Pantić,Left Center Back,44.4,28.0,35.8,26.5,3.801775,False,,,,,,,False,,,,,,,False,False,left_to_right,False,44.4,28.0,35.8,26.5,False,False,False,False
180305c9-cbc4-4648-a4c6-d7fc75ca9148,3825747,3153,2,00:45:55.986,90,55,30,Pass,213,322,Eibar,Regular Play,322,Eibar,27239.0,Aleksandar Pantić,Left Center Back,35.8,26.5,43.6,56.0,1.649812,False,,,,,,,True,30.513767,1.312305,Ground Pass,,6837.0,Mauro Javier Dos Santos,False,False,left_to_right,False,35.8,26.5,43.6,56.0,False,False,False,False
21971625-38a6-4c2b-8b43-0e6f3871e8f0,3825747,3154,2,00:45:57.636,90,57,42,Ball Receipt*,213,322,Eibar,Regular Play,322,Eibar,6837.0,Mauro Javier Dos Santos,Right Center Back,43.6,56.0,,,,False,,,,,,,False,,,,,,,False,False,left_to_right,False,43.6,56.0,,,False,False,False,False
a3d9038e-d9cb-4fe9-9d65-71820ffc4a2c,3825747,3155,2,00:45:57.636,90,57,43,Carry,213,322,Eibar,Regular Play,322,Eibar,6837.0,Mauro Javier Dos Santos,Right Center Back,43.6,56.0,49.5,59.6,1.330784,False,,,,,,,False,,,,,,,False,False,left_to_right,False,43.6,56.0,49.5,59.6,False,False,False,False
576b6b0e-8d84-4ed3-9e9e-9cbeb3d0a6b7,3825747,3156,2,00:45:58.967,90,58,30,Pass,213,322,Eibar,Regular Play,322,Eibar,6837.0,Mauro Javier Dos Santos,Right Center Back,49.5,59.6,57.1,75.3,1.271923,False,,,,,,,True,17.442764,1.1199685,Ground Pass,,6699.0,Ander Capa Rodríguez,False,False,left_to_right,False,49.5,59.6,57.1,75.3,False,False,False,False
0f30080e-382a-461a-8568-73a300e454dc,3825747,3157,2,00:46:00.238,91,0,42,Ball Receipt*,213,322,Eibar,Regular Play,322,Eibar,6699.0,Ander Capa Rodríguez,Right Back,57.1,75.3,,,,False,,,,,,,False,,,,,,,False,False,left_to_right,False,57.1,75.3,,,False,False,False,False
02c9994a-8120-4391-ae28-27f366ae8f48,3825747,3158,2,00:46:00.238,91,0,43,Carry,213,322,Eibar,Regular Play,322,Eibar,6699.0,Ander Capa Rodríguez,Right Back,57.1,75.3,64.0,76.3,1.276597,False,,,,,,,False,,,,,,,False,False,left_to_right,False,57.1,75.3,64.0,76.3,False,False,False,False
488d3ef4-b975-4cf7-8af3-7ec5e213ba6b,3825747,3159,2,00:46:01.515,91,1,30,Pass,213,322,Eibar,Regular Play,322,Eibar,6699.0,Ander Capa Rodríguez,Right Back,64.0,76.3,105.9,61.3,2.7054,False,,,,,,,True,44.504044,-0.34377968,Ground Pass,,6742.0,Sergio Gontán Gallardo,True,False,left_to_right,False,64.0,76.3,105.9,61.3,False,True,True,False
96759835-4568-4b92-955a-459968a2ef3d,3825747,3160,2,00:46:04.220,91,4,42,Ball Receipt*,213,322,Eibar,Regular Play,322,Eibar,6742.0,Sergio Gontán Gallardo,Right Midfield,105.9,61.3,,,,False,,,,,,,False,,,,,,,False,False,left_to_right,False,105.9,61.3,,,False,False,False,False
fef06934-160d-4108-b3c0-98f827e339eb,3825747,3161,2,00:46:04.525,91,4,16,Shot,213,322,Eibar,Regular Play,322,Eibar,6742.0,Sergio Gontán Gallardo,Right Midfield,104.0,58.1,120.0,44.4,1.319086,False,0.03825239,Off T,Right Foot,Lob,Open Play,,False,,,,,,,False,False,left_to_right,False,104.0,58.1,120.0,44.4,False,False,False,False
2957ad11-7160-4d7a-affe-d1843d6ecd51,3825747,3162,2,00:46:05.844,91,5,23,Goal Keeper,213,322,Eibar,Regular Play,215,Athletic Club,6662.0,Iago Herrerín Buisán,Goalkeeper,8.6,28.0,,,0.0,False,,,,,,,False,,,,,,,False,False,left_to_right,False,8.6,28.0,,,False,False,False,False
052eacfa-19b7-4c36-aecb-01b94f8cdc54,3825747,3163,2,00:46:28.418,91,28,30,Pass,214,215,Athletic Club,From Goal Kick,215,Athletic Club,6662.0,Iago Herrerín Buisán,Goalkeeper,6.0,36.0,91.8,26.5,4.973151,False,,,,,,Incomplete,False,86.32433,-0.11027344,High Pass,Goal Kick,6392.0,Íñigo Lekue Martínez,False,False,left_to_right,False,6.0,36.0,91.8,26.5,False,True,True,True
76b41eb2-0238-4576-b1f2-be9f97d9bd86,3825747,3164,2,00:46:33.391,91,33,42,Ball Receipt*,214,215,Athletic Club,From Goal Kick,215,Athletic Club,6392.0,Íñigo Lekue Martínez,Left Wing,91.6,26.5,,,,False,,,,,,,False,,,,,,,False,False,left_to_right,False,91.6,26.5,,,False,False,False,False
6014976a-b626-4233-9244-6e874c62b29b,3825747,3165,2,00:46:33.391,91,33,4,Duel,214,215,Athletic Club,From Goal Kick,215,Athletic Club,6392.0,Íñigo Lekue Martínez,Left Wing,91.8,26.5,,,0.0,True,,,,,,,False,,,,,,,False,False,left_to_right,False,91.8,26.5,,,False,False,False,False
ed4c94af-1675-4281-81f8-c5a2d50e1b2d,3825747,3166,2,00:46:33.391,91,33,30,Pass,214,215,Athletic Club,From Goal Kick,322,Eibar,6699.0,Ander Capa Rodríguez,Right Back,28.3,53.6,27.6,45.8,0.468681,True,,,,,,,True,7.8313475,-1.6603001,Low Pass,Recovery,27239.0,Aleksandar Pantić,False,False,left_to_right,False,28.3,53.6,27.6,45.8,False,False,False,False
1b69e347-18c4-4b98-86f6-2589d5ec80f1,3825747,3167,2,00:46:33.860,91,33,42,Ball Receipt*,214,215,Athletic Club,From Goal Kick,322,Eibar,27239.0,Aleksandar Pantić,Left Center Back,27.6,45.8,,,,False,,,,,,,False,,,,,,,False,False,left_to_right,False,27.6,45.8,,,False,False,False,False
13a8a12e-03d2-4a20-be58-119125c28f64,3825747,3168,2,00:46:33.860,91,33,43,Carry,214,215,Athletic Club,From Goal Kick,322,Eibar,27239.0,Aleksandar Pantić,Left Center Back,27.6,45.8,27.6,45.8,0.701137,False,,,,,,,False,,,,,,,False,False,left_to_right,False,27.6,45.8,27.6,45.8,False,False,False,False
8240cba1-4f89-4004-a002-1ef74d114e96,3825747,3169,2,00:46:34.561,91,34,30,Pass,214,215,Athletic Club,From Goal Kick,322,Eibar,27239.0,Aleksandar Pantić,Left Center Back,27.6,45.8,49.6,70.1,3.262722,False,,,,,,Incomplete,False,32.779415,0.8350334,High Pass,,,,False,False,left_to_right,False,27.6,45.8,49.6,70.1,False,False,False,True
d0af6796-6348-4675-9d15-96479f730ce4,3825747,3170,2,00:46:37.823,91,37,2,Ball Recovery,214,215,Athletic Club,From Goal Kick,215,Athletic Club,6789.0,Mikel Balenziaga Oruesagasti,Left Back,70.5,10.0,,,0.0,False,,,,,,,False,,,,,,,False,False,left_to_right,False,70.5,10.0,,,False,False,False,False
62103afe-1feb-427d-ae93-239b881efd50,3825747,3171,2,00:46:37.823,91,37,43,Carry,214,215,Athletic Club,From Goal Kick,215,Athletic Club,6789.0,Mikel Balenziaga Oruesagasti,Left Back,70.5,10.0,71.0,7.5,1.298003,False,,,,,,,False,,,,,,,False,False,left_to_right,False,70.5,10.0,71.0,7.5,False,False,False,False
40e369fd-5ce0-4d13-b032-5ab7a9a0b658,3825747,3172,2,00:46:39.121,91,39,30,Pass,214,215,Athletic Club,From Goal Kick,215,Athletic Club,6789.0,Mikel Balenziaga Oruesagasti,Left Back,71.0,7.5,78.2,5.2,1.075578,False,,,,,,,True,7.558439,-0.30919892,Ground Pass,,6392.0,Íñigo Lekue Martínez,False,False,left_to_right,False,71.0,7.5,78.2,5.2,False,False,False,False
22171917-b684-4456-a818-a418c7cc16b7,3825747,3173,2,00:46:40.197,91,40,42,Ball Receipt*,214,215,Athletic Club,From Goal Kick,215,Athletic Club,6392.0,Íñigo Lekue Martínez,Left Wing,78.2,5.2,,,,False,,,,,,,False,,,,,,,False,False,left_to_right,False,78.2,5.2,,,False,False,False,False
31e39509-be73-4b6b-bfb3-c1adacbe2756,3825747,3174,2,00:46:40.197,91,40,30,Pass,214,215,Athletic Club,From Goal Kick,215,Athletic Club,6392.0,Íñigo Lekue Martínez,Left Wing,78.2,5.2,70.9,4.9,1.1568,False,,,,,,,True,7.306162,-3.10052,Ground Pass,,6789.0,Mikel Balenziaga Oruesagasti,False,False,left_to_right,False,78.2,5.2,70.9,4.9,False,False,False,False
96378f88-d215-4aa9-91fc-7e0d838d9eb2,3825747,3175,2,00:46:41.354,91,41,42,Ball Receipt*,214,215,Athletic Club,From Goal Kick,215,Athletic Club,6789.0,Mikel Balenziaga Oruesagasti,Left Back,70.9,4.9,,,,False,,,,,,,False,,,,,,,False,False,left_to_right,False,70.9,4.9,,,False,False,False,False
b6074804-7c54-47fd-8e20-d5d813394eed,3825747,3176,2,00:46:41.354,91,41,43,Carry,214,215,Athletic Club,From Goal Kick,215,Athletic Club,6789.0,Mikel Balenziaga Oruesagasti,Left Back,70.9,4.9,70.9,4.9,0.801481,False,,,,,,,False,,,,,,,False,False,left_to_right,False,70.9,4.9,70.9,4.9,False,False,False,False
96218797-e6ca-4a4d-955a-2d2824676dfa,3825747,3177,2,00:46:42.155,91,42,30,Pass,214,215,Athletic Club,From Goal Kick,215,Athletic Club,6789.0,Mikel Balenziaga Oruesagasti,Left Back,70.9,4.9,54.2,15.9,1.820237,False,,,,,,,True,19.99725,2.5591378,Ground Pass,,4353.0,Aymeric Laporte,False,False,left_to_right,False,70.9,4.9,54.2,15.9,False,False,False,False
6f6e5231-114c-4bd6-a949-4ea0df92f479,3825747,3178,2,00:46:43.976,91,43,42,Ball Receipt*,214,215,Athletic Club,From Goal Kick,215,Athletic Club,4353.0,Aymeric Laporte,Left Center Back,54.2,15.9,,,,False,,,,,,,False,,,,,,,False,False,left_to_right,False,54.2,15.9,,,False,False,False,False
66dbe8c9-ed1d-4088-bb70-9845f958d128,3825747,3179,2,00:46:43.976,91,43,43,Carry,214,215,Athletic Club,From Goal Kick,215,Athletic Club,4353.0,Aymeric Laporte,Left Center Back,54.2,15.9,56.2,10.7,0.783805,False,,,,,,,False,,,,,,,False,False,left_to_right,False,54.2,15.9,56.2,10.7,False,False,False,False
e25c6f71-5a13-4170-89cd-e8fd988dc617,3825747,3180,2,00:46:44.759,91,44,30,Pass,214,215,Athletic Club,From Goal Kick,215,Athletic Club,4353.0,Aymeric Laporte,Left Center Back,56.2,10.7,65.9,4.2,0.896939,False,,,,,,,True,11.676472,-0.59037787,Ground Pass,,6789.0,Mikel Balenziaga Oruesagasti,False,False,left_to_right,False,56.2,10.7,65.9,4.2,False,False,False,False
02878875-76cc-4763-b55b-4c026b8c14f8,3825747,3181,2,00:46:45.656,91,45,42,Ball Receipt*,214,215,Athletic Club,From Goal Kick,215,Athletic Club,6789.0,Mikel Balenziaga Oruesagasti,Left Back,65.9,4.2,,,,False,,,,,,,False,,,,,,,False,False,left_to_right,False,65.9,4.2,,,False,False,False,False
eeb4f6c8-3519-437d-9ca4-b34ae73e4fd2,3825747,3182,2,00:46:45.656,91,45,43,Carry,214,215,Athletic Club,From Goal Kick,215,Athletic Club,6789.0,Mikel Balenziaga Oruesagasti,Left Back,65.9,4.2,65.9,4.2,0.777637,False,,,,,,,False,,,,,,,False,False,left_to_right,False,65.9,4.2,65.9,4.2,False,False,False,False
ce12b7e2-76c4-4967-bb02-9f0542b78dad,3825747,3183,2,00:46:46.434,91,46,30,Pass,214,215,Athletic Club,From Goal Kick,215,Athletic Club,6789.0,Mikel Balenziaga Oruesagasti,Left Back,65.9,4.2,63.7,15.8,1.176753,False,,,,,,,True,11.806778,1.7582254,Ground Pass,,6389.0,Mikel San José Domínguez,False,False,left_to_right,False,65.9,4.2,63.7,15.8,False,False,False,False
6bef0066-6681-4503-ac3c-6f21f05ec3e1,3825747,3184,2,00:46:47.611,91,47,42,Ball Receipt*,214,215,Athletic Club,From Goal Kick,215,Athletic Club,6389.0,Mikel San José Domínguez,Right Defensive Midfield,63.7,15.8,,,,False,,,,,,,False,,,,,,,False,False,left_to_right,False,63.7,15.8,,,False,False,False,False
27ed050a-b8d4-438b-86d0-fb19ac5194fa,3825747,3185,2,00:46:47.611,91,47,30,Pass,214,215,Athletic Club,From Goal Kick,215,Athletic Club,6389.0,Mikel San José Domínguez,Right Defensive Midfield,63.7,15.8,71.3,4.4,1.083733,False,,,,,,,True,13.701095,-0.98279375,Ground Pass,,6789.0,Mikel Balenziaga Oruesagasti,False,False,left_to_right,False,63.7,15.8,71.3,4.4,False,False,False,False
d85f4772-b85d-4b2c-b46d-466dc2b188cb,3825747,3186,2,00:46:48.516,91,48,17,Pressure,214,215,Athletic Club,From Goal Kick,322,Eibar,6712.0,Gonzalo Escalante,Left Defensive Midfield,46.4,71.2,,,0.862428,False,,,,,,,False,,,,,,,False,False,left_to_right,False,46.4,71.2,,,False,False,False,False
cbcd71e4-f5bf-4d03-8c8d-701bdd4589c7,3825747,3187,2,00:46:48.694,91,48,42,Ball Receipt*,214,215,Athletic Club,From Goal Kick,215,Athletic Club,6789.0,Mikel Balenziaga Oruesagasti,Left Back,71.3,4.4,,,,True,,,,,,,False,,,,,,,False,False,left_to_right,False,71.3,4.4,,,False,False,False,False
7763c86e-1dbc-4d0f-8359-50b6ff496f8f,3825747,3188,2,00:46:48.694,91,48,43,Carry,214,215,Athletic Club,From Goal Kick,215,Athletic Club,6789.0,Mikel Balenziaga Oruesagasti,Left Back,71.3,4.4,72.7,6.6,0.496522,True,,,,,,,False,,,,,,,False,False,left_to_right,False,71.3,4.4,72.7,6.6,False,False,False,False
9690e429-c502-42c0-be00-e89769cd03c0,3825747,3189,2,00:46:49.191,91,49,39,Dribbled Past,214,215,Athletic Club,From Goal Kick,322,Eibar,6712.0,Gonzalo Escalante,Left Defensive Midfield,47.4,73.5,,,0.0,False,,,,,,,False,,,,,,,False,False,left_to_right,False,47.4,73.5,,,False,False,False,False
d44a1cee-d4cf-44b4-a1f7-9a51f5164e33,3825747,3190,2,00:46:49.191,91,49,14,Dribble,214,215,Athletic Club,From Goal Kick,215,Athletic Club,6789.0,Mikel Balenziaga Oruesagasti,Left Back,72.7,6.6,,,0.0,True,,,,,,,False,,,,,,,False,False,left_to_right,False,72.7,6.6,,,False,False,False,False
cc26cc94-4e07-4bb6-9c1e-e1ea6dc73639,3825747,3191,2,00:46:49.191,91,49,43,Carry,214,215,Athletic Club,From Goal Kick,215,Athletic Club,6789.0,Mikel Balenziaga Oruesagasti,Left Back,72.7,6.6,68.6,12.1,0.810236,True,,,,,,,False,,,,,,,False,False,left_to_right,False,72.7,6.6,68.6,12.1,False,False,False,False
3ac2a05b-0487-465d-b01a-2e9dc8dd5c2c,3825747,3192,2,00:46:49.434,91,49,17,Pressure,214,215,Athletic Club,From Goal Kick,322,Eibar,6742.0,Sergio Gontán Gallardo,Right Midfield,52.0,67.0,,,0.456699,False,,,,,,,False,,,,,,,False,False,left_to_right,False,52.0,67.0,,,False,False,False,False
6283fadc-f1d9-4fec-b5d8-626601e50c29,3825747,3193,2,00:46:50.001,91,50,30,Pass,214,215,Athletic Club,From Goal Kick,215,Athletic Club,6789.0,Mikel Balenziaga Oruesagasti,Left Back,68.6,12.1,69.2,21.9,0.771517,False,,,,,,,True,9.81835,1.5096482,Ground Pass,,23833.0,Borja Viguera Manzanares,False,False,left_to_right,False,68.6,12.1,69.2,21.9,False,False,False,False
f9a3390b-ed1f-437c-bc64-216d2f44ab7e,3825747,3194,2,00:46:50.773,91,50,42,Ball Receipt*,214,215,Athletic Club,From Goal Kick,215,Athletic Club,23833.0,Borja Viguera Manzanares,Center Attacking Midfield,69.2,21.9,,,,False,,,,,,,False,,,,,,,False,False,left_to_right,False,69.2,21.9,,,False,False,False,False
6f74a70e-75c4-4554-9891-4958c3da49c1,3825747,3195,2,00:46:50.773,91,50,43,Carry,214,215,Athletic Club,From Goal Kick,215,Athletic Club,23833.0,Borja Viguera Manzanares,Center Attacking Midfield,69.2,21.9,62.6,21.4,2.330687,False,,,,,,,False,,,,,,,False,False,left_to_right,False,69.2,21.9,62.6,21.4,False,False,False,False
43a2e8c0-2d25-486d-a18b-257c74a757a8,3825747,3196,2,00:46:53.103,91,53,30,Pass,214,215,Athletic Club,From Goal Kick,215,Athletic Club,23833.0,Borja Viguera Manzanares,Center Attacking Midfield,62.6,21.4,54.7,52.8,1.934581,False,,,,,,,True,32.378544,1.8172731,High Pass,,6649.0,Óscar de Marcos Arana,False,False,left_to_right,False,62.6,21.4,54.7,52.8,False,False,False,False
4ac3d9dd-27c7-4e8e-8543-f07e400807b6,3825747,3197,2,00:46:55.038,91,55,42,Ball Receipt*,214,215,Athletic Club,From Goal Kick,215,Athletic Club,6649.0,Óscar de Marcos Arana,Right Back,54.7,52.8,,,,False,,,,,,,False,,,,,,,False,False,left_to_right,False,54.7,52.8,,,False,False,False,False
b7441b70-c775-4fae-873d-2f8c8aa65e0a,3825747,3198,2,00:47:00.538,92,0,34,Half End,214,215,Athletic Club,From Goal Kick,322,Eibar,,,,,,,,0.0,False,,,,,,,False,,,,,,,False,False,left_to_right,False,,,,,False,False,False,False
1532c4e5-9a8b-4802-91bd-f2de3ee9532f,3825747,3199,2,00:47:00.538,92,0,34,Half End,214,215,Athletic Club,From Goal Kick,215,Athletic Club,,,,,,,,0.0,False,,,,,,,False,,,,,,,False,False,left_to_right,False,,,,,False,False,False,False
