event_uuid,match_id,event_index,period,timestamp,minute,second,event_type_id,event_type,possession,possession_team_id,possession_team_name,play_pattern,team_id,team_name,player_id,player_name,position,x,y,end_x,end_y,duration,under_pressure,shot_xg,shot_outcome,shot_body_part,shot_technique,shot_type,pass_outcome,pass_complete,pass_length,pass_angle,pass_height,pass_type,pass_recipient_id,pass_recipient_name,pass_shot_assist,pass_goal_assist,attack_direction_inferred,coordinates_flipped,norm_x,norm_y,norm_end_x,norm_end_y,carry_progressive,pass_progressive,pass_into_final_third,is_turnover
79f5c046-1af3-4d54-85cc-526871e17edd,3890424,1,1,00:00:00.000,0,0,35,Starting XI,1,872,Darmstadt 98,Regular Play,872,Darmstadt 98,,,,,,,,0.0,False,,,,,,,False,,,,,,,False,False,left_to_right,False,,,,,False,False,False,False
b2f4d7c8-5132-4d00-8b8b-eff89ef11530,3890424,2,1,00:00:00.000,0,0,35,Starting XI,1,872,Darmstadt 98,Regular Play,181,Schalke 04,,,,,,,,0.0,False,,,,,,,False,,,,,,,False,False,left_to_right,False,,,,,False,False,False,False
2a63f049-fc94-436d-9e99-be9400fa9e96,3890424,3,1,00:00:00.000,0,0,18,Half Start,1,872,Darmstadt 98,Regular Play,872,Darmstadt 98,,,,,,,,0.0,False,,,,,,,False,,,,,,,False,False,left_to_right,False,,,,,False,False,False,False
7e11fecb-f519-4f8b-8102-9dc3d2a7bd63,3890424,4,1,00:00:00.000,0,0,18,Half Start,1,872,Darmstadt 98,Regular Play,181,Schalke 04,,,,,,,,0.0,False,,,,,,,False,,,,,,,False,False,left_to_right,False,,,,,False,False,False,False
bab5e968-2876-4137-8211-2991e7e70bbf,3890424,5,1,00:00:00.237,0,0,30,Pass,2,181,Schalke 04,From Kick Off,181,Schalke 04,8060.0,Klaas-Jan Huntelaar,Center Forward,61.0,40.1,60.1,37.8,1.162413,False,,,,,,,True,2.4698179,-1.943784,Ground Pass,Kick Off,8508.0,Max Meyer,False,False,left_to_right,False,61.0,40.1,60.1,37.8,False,False,False,False
551aa687-fa12-4bb9-bb47-67b64a0a5fea,3890424,6,1,00:00:01.399,0,1,42,Ball Receipt*,2,181,Schalke 04,From Kick Off,181,Schalke 04,8508.0,Max Meyer,Center Attacking Midfield,60.1,37.8,,,,False,,,,,,,False,,,,,,,False,False,left_to_right,False,60.1,37.8,,,False,False,False,False
54dcac88-dc71-489b-a2cc-d20b78841cd0,3890424,7,1,00:00:01.678,0,1,30,Pass,2,181,Schalke 04,From Kick Off,181,Schalke 04,8508.0,Max Meyer,Center Attacking Midfield,59.8,40.6,49.5,40.2,1.24573,False,,,,,,,True,10.307764,-3.1027772,Ground Pass,,6324.0,Leon Goretzka,False,False,left_to_right,False,59.8,40.6,49.5,40.2,False,False,False,False
52cdcaa8-30f5-40b9-9d5f-6fb6b7d10bc4,3890424,8,1,00:00:02.924,0,2,42,Ball Receipt*,2,181,Schalke 04,From Kick Off,181,Schalke 04,6324.0,Leon Goretzka,Left Defensive Midfield,49.5,40.2,,,,False,,,,,,,False,,,,,,,False,False,left_to_right,False,49.5,40.2,,,False,False,False,False
9eb00c95-7723-403d-a6ab-f3f03113897c,3890424,9,1,00:00:02.924,0,2,43,Carry,2,181,Schalke 04,From Kick Off,181,Schalke 04,6324.0,Leon Goretzka,Left Defensive Midfield,49.5,40.2,47.6,37.9,1.080782,False,,,,,,,False,,,,,,,False,False,left_to_right,False,49.5,40.2,47.6,37.9,False,False,False,False
82d1a074-3710-4f47-92e6-87cfc026ef4c,3890424,10,1,00:00:04.005,0,4,30,Pass,2,181,Schalke 04,From Kick Off,181,Schalke 04,6324.0,Leon Goretzka,Left Defensive Midfield,47.6,37.9,38.9,29.9,1.850209,False,,,,,,,True,11.819053,-2.398086,Ground Pass,,16534.0,Roman Neustädter,False,False,left_to_right,False,47.6,37.9,38.9,29.9,False,False,False,False
c031b7e9-67b0-4cc3-ae1d-f4bc30e3d60a,3890424,11,1,00:00:05.855,0,5,42,Ball Receipt*,2,181,Schalke 04,From Kick Off,181,Schalke 04,16534.0,Roman Neustädter,Left Center Back,38.9,29.9,,,,False,,,,,,,False,,,,,,,False,False,left_to_right,False,38.9,29.9,,,False,False,False,False
e8c47e94-53d7-4aed-8d48-05e00045e467,3890424,12,1,00:00:05.855,0,5,43,Carry,2,181,Schalke 04,From Kick Off,181,Schalke 04,16534.0,Roman Neustädter,Left Center Back,38.9,29.9,52.2,25.4,4.606555,False,,,,,,,False,,,,,,,False,False,left_to_right,False,38.9,29.9,52.2,25.4,False,False,False,False
0bbb586e-c3d3-4ee4-b182-7d4d031ab965,3890424,13,1,00:00:10.462,0,10,30,Pass,2,181,Schalke 04,From Kick Off,181,Schalke 04,16534.0,Roman Neustädter,Left Center Back,52.2,25.4,62.9,6.0,1.134825,False,,,,,,,True,22.155134,-1.0667666,Ground Pass,,3499.0,Jean-Eric Maxim Choupo-Moting,False,False,left_to_right,False,52.2,25.4,62.9,6.0,False,False,False,False
391afab2-932a-4292-aef1-0c4459debbb0,3890424,14,1,00:00:11.597,0,11,42,Ball Receipt*,2,181,Schalke 04,From Kick Off,181,Schalke 04,3499.0,Jean-Eric Maxim Choupo-Moting,Left Wing,62.9,6.0,,,,False,,,,,,,False,,,,,,,False,False,left_to_right,False,62.9,6.0,,,False,False,False,False
257e638a-9bdc-421b-a9c8-7df8bae55bdd,3890424,15,1,00:00:11.597,0,11,30,Pass,2,181,Schalke 04,From Kick Off,181,Schalke 04,3499.0,Jean-Eric Maxim Choupo-Moting,Left Wing,63.3,10.2,55.4,24.1,1.54588,False,,,,,,,True,15.988121,2.087615,Ground Pass,,16534.0,Roman Neustädter,False,False,left_to_right,False,63.3,10.2,55.4,24.1,False,False,False,False
d8248981-af93-44a3-a7d0-279a80a1a8d2,3890424,16,1,00:00:13.142,0,13,42,Ball Receipt*,2,181,Schalke 04,From Kick Off,181,Schalke 04,16534.0,Roman Neustädter,Left Center Back,55.4,24.1,,,,False,,,,,,,False,,,,,,,False,False,left_to_right,False,55.4,24.1,,,False,False,False,False
abd29c72-a897-4036-8d84-58f192762b51,3890424,17,1,00:00:13.142,0,13,43,Carry,2,181,Schalke 04,From Kick Off,181,Schalke 04,16534.0,Roman Neustädter,Left Center Back,55.4,24.1,54.2,24.0,1.076045,False,,,,,,,False,,,,,,,False,False,left_to_right,False,55.4,24.1,54.2,24.0,False,False,False,False
c52e6000-3411-4138-a79d-97abc6008419,3890424,18,1,00:00:14.219,0,14,30,Pass,2,181,Schalke 04,From Kick Off,181,Schalke 04,16534.0,Roman Neustädter,Left Center Back,54.2,24.0,45.4,40.6,1.840043,False,,,,,,,True,18.788294,2.058249,Ground Pass,,6324.0,Leon Goretzka,False,False,left_to_right,False,54.2,24.0,45.4,40.6,False,False,False,False
c622800b-aa25-4c52-abde-75b6882743c4,3890424,19,1,00:00:16.059,0,16,42,Ball Receipt*,2,181,Schalke 04,From Kick Off,181,Schalke 04,6324.0,Leon Goretzka,Left Defensive Midfield,45.4,40.6,,,,False,,,,,,,False,,,,,,,False,False,left_to_right,False,45.4,40.6,,,False,False,False,False
7f230063-0fda-46c2-ab4a-cfccbcb5cf97,3890424,20,1,00:00:16.059,0,16,43,Carry,2,181,Schalke 04,From Kick Off,181,Schalke 04,6324.0,Leon Goretzka,Left Defensive Midfield,45.4,40.6,57.3,39.3,2.727058,False,,,,,,,False,,,,,,,False,False,left_to_right,False,45.4,40.6,57.3,39.3,False,False,False,False
a7f73406-5422-481f-b809-37b437ac418f,3890424,21,1,00:00:18.786,0,18,30,Pass,2,181,Schalke 04,From Kick Off,181,Schalke 04,6324.0,Leon Goretzka,Left Defensive Midfield,57.3,39.3,65.6,21.5,2.045981,False,,,,,,,True,19.64001,-1.1344768,Ground Pass,,16534.0,Roman Neustädter,False,False,left_to_right,False,57.3,39.3,65.6,21.5,False,False,False,False
9743c120-b953-47cb-bed5-c5097da1148d,3890424,22,1,00:00:20.832,0,20,42,Ball Receipt*,2,181,Schalke 04,From Kick Off,181,Schalke 04,16534.0,Roman Neustädter,Left Center Back,65.6,21.5,,,,False,,,,,,,False,,,,,,,False,False,left_to_right,False,65.6,21.5,,,False,False,False,False
5bbe6c5c-2a3b-4962-9012-c4e195233bc8,3890424,23,1,00:00:20.832,0,20,43,Carry,2,181,Schalke 04,From Kick Off,181,Schalke 04,16534.0,Roman Neustädter,Left Center Back,65.6,21.5,73.7,6.6,1.935158,True,,,,,,,False,,,,,,,False,False,left_to_right,False,65.6,21.5,73.7,6.6,False,False,False,False
81e8880d-a6e2-4899-85db-b47a24d6a9b5,3890424,24,1,00:00:22.460,0,22,17,Pressure,2,181,Schalke 04,From Kick Off,872,Darmstadt 98,40477.0,Jan Rosenthal,Center Attacking Midfield,48.4,69.5,,,0.583483,False,,,,,,,False,,,,,,,False,False,left_to_right,False,48.4,69.5,,,False,False,False,False
aa5ad3bd-fe57-41f5-bc86-ebab254ab455,3890424,25,1,00:00:22.767,0,22,30,Pass,2,181,Schalke 04,From Kick Off,181,Schalke 04,16534.0,Roman Neustädter,Left Center Back,73.7,6.6,101.5,15.2,1.851491,True,,,,,,Incomplete,False,29.099829,0.30001485,Ground Pass,,8060.0,Klaas-Jan Huntelaar,False,False,left_to_right,False,73.7,6.6,101.5,15.2,False,True,True,True
4fbd1940-ba8a-4450-9658-cc61fc5ec1ac,3890424,26,1,00:00:24.618,0,24,42,Ball Receipt*,2,181,Schalke 04,From Kick Off,181,Schalke 04,8060.0,Klaas-Jan Huntelaar,Center Forward,99.2,16.5,,,,False,,,,,,,False,,,,,,,False,False,left_to_right,False,99.2,16.5,,,False,False,False,False
36369bbb-ac2a-4714-b44a-cc571a9058f1,3890424,27,1,00:00:24.618,0,24,30,Pass,3,872,Darmstadt 98,From Counter,872,Darmstadt 98,9217.0,Aytac Sulu,Right Center Back,18.6,64.9,21.2,65.8,5.062252,False,,,,,,,True,2.7513633,0.3332443,High Pass,Recovery,9723.0,Sandro Wagner,False,False,left_to_right,False,18.6,64.9,21.2,65.8,False,False,False,False
ddb58faa-b3f9-4435-a02e-9bf9267fe869,3890424,28,1,00:00:29.421,0,29,17,Pressure,3,872,Darmstadt 98,From Counter,181,Schalke 04,16534.0,Roman Neustädter,Left Center Back,70.4,3.8,,,0.708396,False,,,,,,,False,,,,,,,False,False,left_to_right,False,70.4,3.8,,,False,False,False,False
282519b0-64d2-4d23-b8d4-b327ed0c20dc,3890424,29,1,00:00:29.681,0,29,42,Ball Receipt*,3,872,Darmstadt 98,From Counter,872,Darmstadt 98,9723.0,Sandro Wagner,Center Forward,21.2,65.8,,,,True,,,,,,,False,,,,,,,False,False,left_to_right,False,21.2,65.8,,,False,False,False,False
16e22609-3c80-4474-a4a0-c7b4d54c6d57,3890424,30,1,00:00:29.681,0,29,43,Carry,3,872,Darmstadt 98,From Counter,872,Darmstadt 98,9723.0,Sandro Wagner,Center Forward,21.2,65.8,48.4,76.3,0.448629,True,,,,,,,False,,,,,,,False,False,left_to_right,False,21.2,65.8,48.4,76.3,False,False,False,False
505f7208-9b1b-4e88-8434-7ef2af86737b,3890424,31,1,00:00:30.129,0,30,3,Dispossessed,3,872,Darmstadt 98,From Counter,872,Darmstadt 98,9723.0,Sandro Wagner,Center Forward,48.4,76.3,,,0.0,True,,,,,,,False,,,,,,,False,False,left_to_right,False,48.4,76.3,,,False,False,False,True
8e6a996b-41e6-4ba3-8d4d-7e27422282d2,3890424,32,1,00:00:30.129,0,30,4,Duel,3,872,Darmstadt 98,Regular Play,181,Schalke 04,16534.0,Roman Neustädter,Left Center Back,71.7,3.8,,,0.0,True,,,,,,,False,,,,,,,False,False,left_to_right,False,71.7,3.8,,,False,False,False,False
15989c50-b98b-4129-ba3b-7625e2e27a20,3890424,33,1,00:00:48.688,0,48,30,Pass,4,872,Darmstadt 98,From Throw In,872,Darmstadt 98,20522.0,György Garics,Right Back,100.7,80.0,111.4,72.8,1.375843,False,,,,,,Incomplete,False,12.896899,-0.59230363,High Pass,Throw-in,9723.0,Sandro Wagner,False,False,left_to_right,False,100.7,80.0,111.4,72.8,False,False,False,True
e8905c33-9419-433b-aaf6-6405eea47676,3890424,34,1,00:00:50.064,0,50,42,Ball Receipt*,4,872,Darmstadt 98,From Throw In,872,Darmstadt 98,9723.0,Sandro Wagner,Center Forward,111.4,74.4,,,,False,,,,,,,False,,,,,,,False,False,left_to_right,False,111.4,74.4,,,False,False,False,False
a9839999-71cf-416b-bbc5-867bb29e52b1,3890424,35,1,00:00:50.064,0,50,9,Clearance,4,872,Darmstadt 98,From Throw In,181,Schalke 04,6324.0,Leon Goretzka,Left Defensive Midfield,8.7,7.3,,,0.0,True,,,,,,,False,,,,,,,False,False,left_to_right,False,8.7,7.3,,,False,False,False,False
56870ec1-24b0-494b-b637-176d91f651da,3890424,36,1,00:01:01.746,1,1,30,Pass,5,872,Darmstadt 98,From Throw In,872,Darmstadt 98,20522.0,György Garics,Right Back,108.1,80.0,115.0,59.4,1.251601,False,,,,,,,True,21.72487,-1.2475902,High Pass,Throw-in,9723.0,Sandro Wagner,False,False,left_to_right,False,108.1,80.0,115.0,59.4,False,True,False,False
7a0680bd-b621-44f6-981d-cafa78b62e64,3890424,37,1,00:01:02.998,1,2,42,Ball Receipt*,5,872,Darmstadt 98,From Throw In,872,Darmstadt 98,9723.0,Sandro Wagner,Center Forward,115.0,59.4,,,,False,,,,,,,False,,,,,,,False,False,left_to_right,False,115.0,59.4,,,False,False,False,False
73bf2ace-f836-4b2b-a197-71e72c97a206,3890424,38,1,00:01:02.998,1,2,4,Duel,5,872,Darmstadt 98,From Throw In,181,Schalke 04,6324.0,Leon Goretzka,Left Defensive Midfield,5.6,19.1,,,0.0,True,,,,,,,False,,,,,,,False,False,left_to_right,False,5.6,19.1,,,False,False,False,False
06a7707e-fda7-419a-aa86-242a90831615,3890424,39,1,00:01:02.998,1,2,30,Pass,5,872,Darmstadt 98,From Throw In,872,Darmstadt 98,9723.0,Sandro Wagner,Center Forward,114.5,61.0,116.5,68.5,2.196104,True,,,,,,,True,7.7620873,1.3101939,High Pass,,9401.0,Marcel Heller,False,False,left_to_right,False,114.5,61.0,116.5,68.5,False,False,False,False
ff613d57-716b-4ad0-bfbf-9eb7e15b424b,3890424,40,1,00:01:05.194,1,5,42,Ball Receipt*,5,872,Darmstadt 98,From Throw In,872,Darmstadt 98,9401.0,Marcel Heller,Right Midfield,116.5,68.5,,,,False,,,,,,,False,,,,,,,False,False,left_to_right,False,116.5,68.5,,,False,False,False,False
67741988-6697-4d52-9f4c-3e40c3336dd9,3890424,41,1,00:01:05.194,1,5,43,Carry,5,872,Darmstadt 98,From Throw In,872,Darmstadt 98,9401.0,Marcel Heller,Right Midfield,116.5,68.5,117.0,70.3,2.653948,True,,,,,,,False,,,,,,,False,False,left_to_right,False,116.5,68.5,117.0,70.3,False,False,False,False
2e3a1337-d216-49da-8387-f6c944ac2764,3890424,42,1,00:01:05.463,1,5,17,Pressure,5,872,Darmstadt 98,From Throw In,181,Schalke 04,3510.0,Sead Kolašinac,Left Back,3.3,12.4,,,2.384579,False,,,,,,,False,,,,,,,False,False,left_to_right,False,3.3,12.4,,,False,False,False,False
5d7215c4-e5cc-42f5-a74e-64eab28cd31c,3890424,43,1,00:01:07.848,1,7,14,Dribble,5,872,Darmstadt 98,From Throw In,872,Darmstadt 98,9401.0,Marcel Heller,Right Midfield,117.0,70.3,,,0.0,True,,,,,,,False,,,,,,,False,False,left_to_right,False,117.0,70.3,,,False,False,False,False
f1a3ce27-07dc-4cf5-affe-7499e70c4d49,3890424,44,1,00:01:07.848,1,7,4,Duel,6,181,Schalke 04,Regular Play,181,Schalke 04,3510.0,Sead Kolašinac,Left Back,3.1,9.8,,,0.0,True,,,,,,,False,,,,,,,False,False,left_to_right,False,3.1,9.8,,,False,False,False,False
59089dcb-6352-412c-b445-808f6aa9cc22,3890424,45,1,00:01:09.665,1,9,33,50/50,6,181,Schalke 04,Regular Play,872,Darmstadt 98,9401.0,Marcel Heller,Right Midfield,117.3,74.2,,,0.0,True,,,,,,,False,,,,,,,False,False,left_to_right,False,117.3,74.2,,,False,False,False,False
877009cb-8a17-4474-963f-30c967b48277,3890424,46,1,00:01:09.665,1,9,33,50/50,6,181,Schalke 04,Regular Play,181,Schalke 04,3499.0,Jean-Eric Maxim Choupo-Moting,Left Wing,2.8,5.9,,,0.0,True,,,,,,,False,,,,,,,False,False,left_to_right,False,2.8,5.9,,,False,False,False,False
fe01cfe9-cc5d-4170-86fb-1081015d777b,3890424,47,1,00:01:09.665,1,9,43,Carry,6,181,Schalke 04,Regular Play,181,Schalke 04,3499.0,Jean-Eric Maxim Choupo-Moting,Left Wing,2.8,5.9,7.2,2.7,0.95806,True,,,,,,,False,,,,,,,False,False,left_to_right,False,2.8,5.9,7.2,2.7,False,False,False,False
0a8d3f0f-d9de-4343-9df5-ad9452a32252,3890424,48,1,00:01:10.623,1,10,30,Pass,6,181,Schalke 04,Regular Play,181,Schalke 04,3499.0,Jean-Eric Maxim Choupo-Moting,Left Wing,7.2,2.7,7.5,11.2,1.421215,False,,,,,,,True,8.505293,1.5355169,Low Pass,,3510.0,Sead Kolašinac,False,False,left_to_right,False,7.2,2.7,7.5,11.2,False,False,False,False
d39a0810-7b06-44dc-ac2f-e5e4dbaa750c,3890424,49,1,00:01:11.497,1,11,17,Pressure,6,181,Schalke 04,Regular Play,872,Darmstadt 98,9401.0,Marcel Heller,Right Midfield,110.1,68.5,,,0.657851,False,,,,,,,False,,,,,,,False,False,left_to_right,False,110.1,68.5,,,False,False,False,False
4dde5b26-09dd-4ccf-b8ad-8cb606b530c0,3890424,50,1,00:01:12.044,1,12,42,Ball Receipt*,6,181,Schalke 04,Regular Play,181,Schalke 04,3510.0,Sead Kolašinac,Left Back,7.5,11.2,,,,True,,,,,,,False,,,,,,,False,False,left_to_right,False,7.5,11.2,,,False,False,False,False
00fcfb5f-7f88-4140-bfa2-6961b91e4d3b,3890424,51,1,00:01:12.044,1,12,30,Pass,6,181,Schalke 04,Regular Play,181,Schalke 04,3510.0,Sead Kolašinac,Left Back,10.9,12.4,55.1,28.8,2.29703,True,,,,,,Incomplete,False,47.14446,0.355295,High Pass,,8060.0,Klaas-Jan Huntelaar,False,False,left_to_right,False,10.9,12.4,55.1,28.8,False,True,False,True
6bca7ed2-a765-416c-8d1d-446b948e5c70,3890424,52,1,00:01:14.341,1,14,42,Ball Receipt*,6,181,Schalke 04,Regular Play,181,Schalke 04,8060.0,Klaas-Jan Huntelaar,Center Forward,52.8,27.9,,,,False,,,,,,,False,,,,,,,False,False,left_to_right,False,52.8,27.9,,,False,False,False,False
111ef64f-caf6-4398-9551-ed27ae461819,3890424,53,1,00:01:14.341,1,14,30,Pass,6,181,Schalke 04,Regular Play,872,Darmstadt 98,9217.0,Aytac Sulu,Right Center Back,65.0,51.3,88.2,47.4,2.672738,False,,,,,,Incomplete,False,23.525518,-0.1665463,High Pass,Recovery,8388.0,Jérôme Gondorf,False,False,left_to_right,False,65.0,51.3,88.2,47.4,False,True,True,True
14a060d0-b2b6-48a5-8304-1599d48ad383,3890424,54,1,00:01:17.014,1,17,42,Ball Receipt*,6,181,Schalke 04,Regular Play,872,Darmstadt 98,8388.0,Jérôme Gondorf,Left Defensive Midfield,87.8,48.9,,,,False,,,,,,,False,,,,,,,False,False,left_to_right,False,87.8,48.9,,,False,False,False,False
4d305905-6036-44d8-b154-52dbf397d855,3890424,55,1,00:01:17.014,1,17,2,Ball Recovery,6,181,Schalke 04,Regular Play,181,Schalke 04,6717.0,Johannes Geis,Right Defensive Midfield,31.9,32.7,,,0.0,False,,,,,,,False,,,,,,,False,False,left_to_right,False,31.9,32.7,,,False,False,False,False
14ea7111-b03c-4824-8ffb-cb433cc7fb29,3890424,56,1,00:01:17.014,1,17,43,Carry,6,181,Schalke 04,Regular Play,181,Schalke 04,6717.0,Johannes Geis,Right Defensive Midfield,31.9,32.7,29.8,38.1,0.606069,True,,,,,,,False,,,,,,,False,False,left_to_right,False,31.9,32.7,29.8,38.1,False,False,False,False
470b5ead-50c3-4913-a52a-4cdfaf34bc8b,3890424,57,1,00:01:17.226,1,17,17,Pressure,6,181,Schalke 04,Regular Play,872,Darmstadt 98,40477.0,Jan Rosenthal,Center Attacking Midfield,88.6,45.6,,,0.504938,False,,,,,,,False,,,,,,,False,False,left_to_right,False,88.6,45.6,,,False,False,False,False
276d0f20-5a48-4bb2-a294-b0a9d0fb1b27,3890424,58,1,00:01:17.620,1,17,30,Pass,6,181,Schalke 04,Regular Play,181,Schalke 04,6717.0,Johannes Geis,Right Defensive Midfield,29.8,38.1,78.1,35.2,2.496966,True,,,,,,Incomplete,False,48.386982,-0.059969414,High Pass,,8060.0,Klaas-Jan Huntelaar,False,False,left_to_right,False,29.8,38.1,78.1,35.2,False,True,False,True
3483abee-c19e-4a9e-b5db-4c64b41379e6,3890424,59,1,00:01:20.117,1,20,42,Ball Receipt*,6,181,Schalke 04,Regular Play,181,Schalke 04,8060.0,Klaas-Jan Huntelaar,Center Forward,76.7,34.6,,,,False,,,,,,,False,,,,,,,False,False,left_to_right,False,76.7,34.6,,,False,False,False,False
5d2b325f-e255-49a2-9ce3-e6243f0ffb7e,3890424,60,1,00:01:20.117,1,20,30,Pass,6,181,Schalke 04,Regular Play,872,Darmstadt 98,35033.0,Slobodan Rajković,Left Center Back,42.0,44.9,47.3,36.3,0.6998,False,,,,,,Incomplete,False,10.10198,-1.0184928,Low Pass,Recovery,9404.0,Luca Caldirola,False,False,left_to_right,False,42.0,44.9,47.3,36.3,False,False,False,True
f2b96570-ea37-4621-bb6b-7433c2ff741d,3890424,61,1,00:01:20.817,1,20,42,Ball Receipt*,6,181,Schalke 04,Regular Play,872,Darmstadt 98,9404.0,Luca Caldirola,Left Back,47.3,32.0,,,,False,,,,,,,False,,,,,,,False,False,left_to_right,False,47.3,32.0,,,False,False,False,False
7da18e26-6014-47b0-bdb9-59ee793b6553,3890424,62,1,00:01:20.817,1,20,2,Ball Recovery,6,181,Schalke 04,Regular Play,181,Schalke 04,3053.0,Leroy Sané,Right Wing,72.8,43.8,,,0.0,False,,,,,,,False,,,,,,,False,False,left_to_right,False,72.8,43.8,,,False,False,False,False
6a6509b6-a2a2-4460-9b28-62e40935b27b,3890424,63,1,00:01:20.817,1,20,43,Carry,6,181,Schalke 04,Regular Play,181,Schalke 04,3053.0,Leroy Sané,Right Wing,72.8,43.8,91.1,33.5,2.483259,True,,,,,,,False,,,,,,,False,False,left_to_right,False,72.8,43.8,91.1,33.5,True,False,False,False
76ad3b58-fb27-486f-98bd-78af3fd81f22,3890424,64,1,00:01:22.720,1,22,17,Pressure,6,181,Schalke 04,Regular Play,872,Darmstadt 98,9217.0,Aytac Sulu,Right Center Back,32.2,43.0,,,0.534177,False,,,,,,,False,,,,,,,False,False,left_to_right,False,32.2,43.0,,,False,False,False,False
d2fe6dd2-9917-4bf6-894a-3f3ed3190593,3890424,65,1,00:01:23.300,1,23,39,Dribbled Past,6,181,Schalke 04,Regular Play,872,Darmstadt 98,9217.0,Aytac Sulu,Right Center Back,29.0,46.6,,,0.0,False,,,,,,,False,,,,,,,False,False,left_to_right,False,29.0,46.6,,,False,False,False,False
fadce690-2619-4d1d-8aab-d4278275dc7a,3890424,66,1,00:01:23.300,1,23,14,Dribble,6,181,Schalke 04,Regular Play,181,Schalke 04,3053.0,Leroy Sané,Right Wing,91.1,33.5,,,0.0,True,,,,,,,False,,,,,,,False,False,left_to_right,False,91.1,33.5,,,False,False,False,False
01301161-d50f-4ede-b849-7088235227f7,3890424,67,1,00:01:23.300,1,23,43,Carry,6,181,Schalke 04,Regular Play,181,Schalke 04,3053.0,Leroy Sané,Right Wing,91.1,33.5,113.4,21.6,3.312671,True,,,,,,,False,,,,,,,False,False,left_to_right,False,91.1,33.5,113.4,21.6,True,False,False,False
26d434ef-f23a-47af-8100-6dcdcc0532b1,3890424,68,1,00:01:26.465,1,26,17,Pressure,6,181,Schalke 04,Regular Play,872,Darmstadt 98,40467.0,Peter Niemeyer,Right Defensive Midfield,2.0,59.4,,,0.36862,False,,,,,,,False,,,,,,,False,False,left_to_right,False,2.0,59.4,,,False,False,False,False
4b9233a4-139e-471a-a774-585ca7851f8d,3890424,69,1,00:01:26.613,1,26,30,Pass,6,181,Schalke 04,Regular Play,181,Schalke 04,3053.0,Leroy Sané,Right Wing,113.4,21.6,112.2,37.4,0.739558,True,,,,,,Incomplete,False,15.845504,1.6466001,Ground Pass,,8060.0,Klaas-Jan Huntelaar,False,False,left_to_right,False,113.4,21.6,112.2,37.4,False,True,False,True
648e6006-fd76-4bbf-9991-2e7fa0ff7f00,3890424,70,1,00:01:27.352,1,27,42,Ball Receipt*,6,181,Schalke 04,Regular Play,181,Schalke 04,8060.0,Klaas-Jan Huntelaar,Center Forward,111.4,46.5,,,,False,,,,,,,False,,,,,,,False,False,left_to_right,False,111.4,46.5,,,False,False,False,False
ea597d72-9511-4390-952f-bace4f7a2c76,3890424,71,1,00:01:27.352,1,27,9,Clearance,6,181,Schalke 04,Regular Play,872,Darmstadt 98,35033.0,Slobodan Rajković,Left Center Back,7.9,42.7,,,0.0,True,,,,,,,False,,,,,,,False,False,left_to_right,False,7.9,42.7,,,False,False,False,False
a610a14c-3081-42e9-8a5a-475909101c56,3890424,72,1,00:01:37.608,1,37,30,Pass,7,181,Schalke 04,From Throw In,181,Schalke 04,3499.0,Jean-Eric Maxim Choupo-Moting,Left Wing,111.5,0.1,110.0,9.8,1.350378,False,,,,,,,True,9.815294,1.7242203,High Pass,Throw-in,8508.0,Max Meyer,False,False,left_to_right,False,111.5,0.1,110.0,9.8,False,False,False,False
27950d3d-67d5-43c2-988c-f3e64c71d9cc,3890424,73,1,00:01:38.958,1,38,42,Ball Receipt*,7,181,Schalke 04,From Throw In,181,Schalke 04,8508.0,Max Meyer,Center Attacking Midfield,110.0,9.8,,,,False,,,,,,,False,,,,,,,False,False,left_to_right,False,110.0,9.8,,,False,False,False,False
c8f69205-6b6c-4ce1-9406-b6deb2c3aff3,3890424,74,1,00:01:38.958,1,38,43,Carry,7,181,Schalke 04,From Throw In,181,Schalke 04,8508.0,Max Meyer,Center Attacking Midfield,110.0,9.8,109.0,9.3,1.715387,False,,,,,,,False,,,,,,,False,False,left_to_right,False,110.0,9.8,109.0,9.3,False,False,False,False
d58cc2b9-b359-4d9e-b7a1-ea420bdf09eb,3890424,75,1,00:01:40.674,1,40,30,Pass,7,181,Schalke 04,From Throw In,181,Schalke 04,8508.0,Max Meyer,Center Attacking Midfield,109.0,9.3,88.4,10.4,1.125614,False,,,,,,,True,20.629349,3.0882452,Ground Pass,,3510.0,Sead Kolašinac,False,False,left_to_right,False,109.0,9.3,88.4,10.4,False,False,False,False
821de454-ec05-487c-b830-d9cb0e494609,3890424,76,1,00:01:41.799,1,41,42,Ball Receipt*,7,181,Schalke 04,From Throw In,181,Schalke 04,3510.0,Sead Kolašinac,Left Back,88.4,10.4,,,,False,,,,,,,False,,,,,,,False,False,left_to_right,False,88.4,10.4,,,False,False,False,False
6985691e-5ac7-4d1e-9ad8-112576f539f3,3890424,77,1,00:01:41.799,1,41,43,Carry,7,181,Schalke 04,From Throw In,181,Schalke 04,3510.0,Sead Kolašinac,Left Back,88.4,10.4,88.1,10.4,1.100523,False,,,,,,,False,,,,,,,False,False,left_to_right,False,88.4,10.4,88.1,10.4,False,False,False,False
e119c17f-fd0d-4a8f-9a5f-9e07f1c7bc0d,3890424,78,1,00:01:42.900,1,42,30,Pass,7,181,Schalke 04,From Throw In,181,Schalke 04,3510.0,Sead Kolašinac,Left Back,88.1,10.4,97.6,8.5,0.823109,False,,,,,,,True,9.688137,-0.19739556,Ground Pass,,8508.0,Max Meyer,False,False,left_to_right,False,88.1,10.4,97.6,8.5,False,False,False,False
6976d6bb-5bac-4714-9de6-8e439ebe71b6,3890424,79,1,00:01:43.723,1,43,42,Ball Receipt*,7,181,Schalke 04,From Throw In,181,Schalke 04,8508.0,Max Meyer,Center Attacking Midfield,97.6,8.5,,,,False,,,,,,,False,,,,,,,False,False,left_to_right,False,97.6,8.5,,,False,False,False,False
dcb0e511-4b3a-4e94-bd6b-6ce64e53e006,3890424,80,1,00:01:43.723,1,43,43,Carry,7,181,Schalke 04,From Throw In,181,Schalke 04,8508.0,Max Meyer,Center Attacking Midfield,97.6,8.5,97.6,8.5,0.711903,False,,,,,,,False,,,,,,,False,False,left_to_right,False,97.6,8.5,97.6,8.5,False,False,False,False
2edaed2f-aa1e-46b3-86aa-64395b27dbf8,3890424,81,1,00:01:44.435,1,44,30,Pass,7,181,Schalke 04,From Throw In,181,Schalke 04,8508.0,Max Meyer,Center Attacking Midfield,97.6,8.5,74.2,11.5,2.258278,False,,,,,,Incomplete,False,23.591524,3.0140831,Ground Pass,,3510.0,Sead Kolašinac,False,False,left_to_right,False,97.6,8.5,74.2,11.5,False,False,False,True
75623f3e-7844-405c-a997-0a0e568108d9,3890424,82,1,00:01:46.693,1,46,42,Ball Receipt*,7,181,Schalke 04,From Throw In,181,Schalke 04,3510.0,Sead Kolašinac,Left Back,78.6,14.3,,,,False,,,,,,,False,,,,,,,False,False,left_to_right,False,78.6,14.3,,,False,False,False,False
91e411a1-55a2-499b-a5b1-083cc7877245,3890424,83,1,00:01:46.693,1,46,2,Ball Recovery,7,181,Schalke 04,From Throw In,872,Darmstadt 98,9401.0,Marcel Heller,Right Midfield,45.9,68.6,,,0.0,False,,,,,,,False,,,,,,,False,False,left_to_right,False,45.9,68.6,,,False,False,False,False
2bc6d7b0-8eef-4347-bd59-ac2fdf689419,3890424,84,1,00:01:46.693,1,46,43,Carry,7,181,Schalke 04,From Throw In,872,Darmstadt 98,9401.0,Marcel Heller,Right Midfield,45.9,68.6,75.3,71.6,4.974674,False,,,,,,,False,,,,,,,False,False,left_to_right,False,45.9,68.6,75.3,71.6,True,False,False,False
8b88f042-6357-4137-84a7-0aa011109835,3890424,85,1,00:01:51.668,1,51,30,Pass,7,181,Schalke 04,From Throw In,872,Darmstadt 98,9401.0,Marcel Heller,Right Midfield,75.3,71.6,78.6,71.4,0.419089,False,,,,,,Incomplete,False,3.306055,-0.06053202,Low Pass,,8388.0,Jérôme Gondorf,False,False,left_to_right,False,75.3,71.6,78.6,71.4,False,False,False,True
00026686-deb0-4272-94c2-20c3ba51cfaa,3890424,86,1,00:01:52.087,1,52,42,Ball Receipt*,7,181,Schalke 04,From Throw In,872,Darmstadt 98,8388.0,Jérôme Gondorf,Left Defensive Midfield,85.3,63.3,,,,False,,,,,,,False,,,,,,,False,False,left_to_right,False,85.3,63.3,,,False,False,False,False
427802f9-4f38-4133-8c72-3415c8ce779f,3890424,87,1,00:01:52.087,1,52,6,Block,7,181,Schalke 04,From Throw In,181,Schalke 04,3510.0,Sead Kolašinac,Left Back,41.5,8.7,,,0.0,False,,,,,,,False,,,,,,,False,False,left_to_right,False,41.5,8.7,,,False,False,False,False
742cd8f5-ec73-479b-99cd-1dc258f05850,3890424,88,1,00:01:53.491,1,53,30,Pass,7,181,Schalke 04,From Throw In,181,Schalke 04,3510.0,Sead Kolašinac,Left Back,45.6,11.5,48.1,21.5,0.997879,False,,,,,,,True,10.307764,1.3258177,Ground Pass,Recovery,6324.0,Leon Goretzka,False,False,left_to_right,False,45.6,11.5,48.1,21.5,False,False,False,False
36659015-7d1c-4689-84c5-b4189e67f8e8,3890424,89,1,00:01:54.489,1,54,42,Ball Receipt*,7,181,Schalke 04,From Throw In,181,Schalke 04,6324.0,Leon Goretzka,Left Defensive Midfield,48.1,21.5,,,,False,,,,,,,False,,,,,,,False,False,left_to_right,False,48.1,21.5,,,False,False,False,False
edc2191f-4756-4614-9b35-aaad5c6ffa43,3890424,90,1,00:01:54.489,1,54,43,Carry,7,181,Schalke 04,From Throw In,181,Schalke 04,6324.0,Leon Goretzka,Left Defensive Midfield,48.1,21.5,49.2,37.0,3.53572,False,,,,,,,False,,,,,,,False,False,left_to_right,False,48.1,21.5,49.2,37.0,False,False,False,False
be281f95-8b3a-4e7c-b218-1ca2cc7305cf,3890424,91,1,00:01:58.025,1,58,30,Pass,7,181,Schalke 04,From Throw In,181,Schalke 04,6324.0,Leon Goretzka,Left Defensive Midfield,49.2,37.0,84.0,75.1,3.423721,False,,,,,,,True,51.600872,0.8306348,High Pass,,3053.0,Leroy Sané,False,False,left_to_right,False,49.2,37.0,84.0,75.1,False,True,True,False
c11138c3-c538-4441-a823-790e62b8a5a9,3890424,92,1,00:02:01.448,2,1,42,Ball Receipt*,7,181,Schalke 04,From Throw In,181,Schalke 04,3053.0,Leroy Sané,Right Wing,84.0,75.1,,,,False,,,,,,,False,,,,,,,False,False,left_to_right,False,84.0,75.1,,,False,False,False,False
d20eb025-0553-4a11-9fa6-74e9ff1b05a6,3890424,93,1,00:02:01.448,2,1,43,Carry,7,181,Schalke 04,From Throw In,181,Schalke 04,3053.0,Leroy Sané,Right Wing,84.0,75.1,74.8,73.1,1.363942,True,,,,,,,False,,,,,,,False,False,left_to_right,False,84.0,75.1,74.8,73.1,False,False,False,False
dbd733e8-82af-43cd-9dc9-36781d179c9d,3890424,94,1,00:02:02.667,2,2,17,Pressure,7,181,Schalke 04,From Throw In,872,Darmstadt 98,9404.0,Luca Caldirola,Left Back,38.9,5.5,,,0.611299,False,,,,,,,False,,,,,,,False,False,left_to_right,False,38.9,5.5,,,False,False,False,False
dce1e980-1a0a-4afe-88ae-43148d118d0a,3890424,95,1,00:02:02.812,2,2,30,Pass,7,181,Schalke 04,From Throw In,181,Schalke 04,3053.0,Leroy Sané,Right Wing,74.8,73.1,56.5,65.7,2.056652,True,,,,,,,True,19.739553,-2.7573233,Ground Pass,,3502.0,Joël Andre Job Matip,False,False,left_to_right,False,74.8,73.1,56.5,65.7,False,False,False,False
d817ebfc-5aeb-4e0d-8d23-fea65141af3c,3890424,96,1,00:02:04.869,2,4,42,Ball Receipt*,7,181,Schalke 04,From Throw In,181,Schalke 04,3502.0,Joël Andre Job Matip,Right Center Back,56.5,65.7,,,,False,,,,,,,False,,,,,,,False,False,left_to_right,False,56.5,65.7,,,False,False,False,False
116ed5f3-99c2-423c-9773-340eaf6db5cd,3890424,97,1,00:02:04.869,2,4,43,Carry,7,181,Schalke 04,From Throw In,181,Schalke 04,3502.0,Joël Andre Job Matip,Right Center Back,56.5,65.7,67.2,64.1,2.486198,False,,,,,,,False,,,,,,,False,False,left_to_right,False,56.5,65.7,67.2,64.1,False,False,False,False
666db987-15d6-4d13-9314-34c31bdd087c,3890424,98,1,00:02:07.355,2,7,30,Pass,7,181,Schalke 04,From Throw In,181,Schalke 04,3502.0,Joël Andre Job Matip,Right Center Back,67.2,64.1,80.9,43.7,1.763479,False,,,,,,,True,24.57336,-0.9794077,Ground Pass,,8060.0,Klaas-Jan Huntelaar,False,False,left_to_right,False,67.2,64.1,80.9,43.7,False,True,True,False
d70ff1d1-1bc2-4f9f-867f-1e44aba624f9,3890424,99,1,00:02:09.119,2,9,42,Ball Receipt*,7,181,Schalke 04,From Throw In,181,Schalke 04,8060.0,Klaas-Jan Huntelaar,Center Forward,80.9,43.7,,,,False,,,,,,,False,,,,,,,False,False,left_to_right,False,80.9,43.7,,,False,False,False,False
2a621ce3-403d-4411-8d97-8a871698f10c,3890424,100,1,00:02:09.119,2,9,43,Carry,7,181,Schalke 04,From Throw In,181,Schalke 04,8060.0,Klaas-Jan Huntelaar,Center Forward,80.9,43.7,74.2,52.1,1.818084,True,,,,,,,False,,,,,,,False,False,left_to_right,False,80.9,43.7,74.2,52.1,False,False,False,False
4b6df64f-415d-4228-96cf-0fae4cac8420,3890424,101,1,00:02:09.324,2,9,17,Pressure,7,181,Schalke 04,From Throw In,872,Darmstadt 98,35033.0,Slobodan Rajković,Left Center Back,40.7,33.6,,,1.839981,False,,,,,,,False,,,,,,,False,False,left_to_right,False,40.7,33.6,,,False,False,False,False
c0466dba-b3de-47ff-8d2c-edeaeff80624,3890424,102,1,00:02:10.937,2,10,30,Pass,7,181,Schalke 04,From Throw In,181,Schalke 04,8060.0,Klaas-Jan Huntelaar,Center Forward,74.2,52.1,72.2,63.4,0.612,True,,,,,,,True,11.475626,1.7459733,Ground Pass,,6717.0,Johannes Geis,False,False,left_to_right,False,74.2,52.1,72.2,63.4,False,False,False,False
04099353-dbe2-438b-b260-6de6f072d144,3890424,103,1,00:02:11.549,2,11,42,Ball Receipt*,7,181,Schalke 04,From Throw In,181,Schalke 04,6717.0,Johannes Geis,Right Defensive Midfield,72.2,63.4,,,,False,,,,,,,False,,,,,,,False,False,left_to_right,False,72.2,63.4,,,False,False,False,False
66feca95-8f84-4702-9925-8e8966d3a540,3890424,104,1,00:02:11.549,2,11,43,Carry,7,181,Schalke 04,From Throw In,181,Schalke 04,6717.0,Johannes Geis,Right Defensive Midfield,72.2,63.4,72.2,62.4,1.433626,False,,,,,,,False,,,,,,,False,False,left_to_right,False,72.2,63.4,72.2,62.4,False,False,False,False
b3f35d21-9eb5-4e42-a8f0-81f1d8d5221d,3890424,105,1,00:02:12.982,2,12,30,Pass,7,181,Schalke 04,From Throw In,181,Schalke 04,6717.0,Johannes Geis,Right Defensive Midfield,72.2,62.4,82.5,76.5,1.645495,False,,,,,,,True,17.461386,0.9398948,Ground Pass,,30312.0,Uilson de Souza Paula Júnior,False,False,left_to_right,False,72.2,62.4,82.5,76.5,False,False,True,False
3ad8fd1d-63f0-4367-9a4f-117a6760a711,3890424,106,1,00:02:14.628,2,14,42,Ball Receipt*,7,181,Schalke 04,From Throw In,181,Schalke 04,30312.0,Uilson de Souza Paula Júnior,Right Back,82.5,76.5,,,,False,,,,,,,False,,,,,,,False,False,left_to_right,False,82.5,76.5,,,False,False,False,False
285c26b8-1a30-4bc0-a33e-b313fc38e3ca,3890424,107,1,00:02:14.628,2,14,43,Carry,7,181,Schalke 04,From Throw In,181,Schalke 04,30312.0,Uilson de Souza Paula Júnior,Right Back,82.5,76.5,88.1,75.2,1.909427,False,,,,,,,False,,,,,,,False,False,left_to_right,False,82.5,76.5,88.1,75.2,False,False,False,False
6432e272-5b7b-421c-b21d-54ab4b37dd11,3890424,108,1,00:02:16.537,2,16,30,Pass,7,181,Schalke 04,From Throw In,181,Schalke 04,30312.0,Uilson de Souza Paula Júnior,Right Back,88.1,75.2,97.8,71.8,0.950999,False,,,,,,,True,10.278619,-0.33713394,Ground Pass,,8508.0,Max Meyer,False,False,left_to_right,False,88.1,75.2,97.8,71.8,False,False,False,False
ea258d0a-0600-4056-b3bb-fb006633d420,3890424,109,1,00:02:17.488,2,17,42,Ball Receipt*,7,181,Schalke 04,From Throw In,181,Schalke 04,8508.0,Max Meyer,Center Attacking Midfield,97.8,71.8,,,,False,,,,,,,False,,,,,,,False,False,left_to_right,False,97.8,71.8,,,False,False,False,False
a2a8861f-277b-4b0f-aaaa-525fde916a0d,3890424,110,1,00:02:17.488,2,17,43,Carry,7,181,Schalke 04,From Throw In,181,Schalke 04,8508.0,Max Meyer,Center Attacking Midfield,97.8,71.8,95.1,62.4,3.999331,False,,,,,,,False,,,,,,,False,False,left_to_right,False,97.8,71.8,95.1,62.4,False,False,False,False
ac151ca5-9d0d-4b80-b374-f7333378f005,3890424,111,1,00:02:21.488,2,21,30,Pass,7,181,Schalke 04,From Throw In,181,Schalke 04,8508.0,Max Meyer,Center Attacking Midfield,95.1,62.4,91.9,54.9,0.650808,False,,,,,,,True,8.15414,-1.9740778,Ground Pass,,3053.0,Leroy Sané,False,False,left_to_right,False,95.1,62.4,91.9,54.9,False,False,False,False
50c6813e-ad44-4347-ba18-fe42c3e15678,3890424,112,1,00:02:22.138,2,22,42,Ball Receipt*,7,181,Schalke 04,From Throw In,181,Schalke 04,3053.0,Leroy Sané,Right Wing,91.9,54.9,,,,False,,,,,,,False,,,,,,,False,False,left_to_right,False,91.9,54.9,,,False,False,False,False
cca770d7-c11f-447a-a2f4-7f34e83617c8,3890424,113,1,00:02:22.138,2,22,30,Pass,7,181,Schalke 04,From Throw In,181,Schalke 04,3053.0,Leroy Sané,Right Wing,91.9,54.9,108.1,77.6,1.91691,False,,,,,,,True,27.887812,0.9509637,Low Pass,,30312.0,Uilson de Souza Paula Júnior,False,False,left_to_right,False,91.9,54.9,108.1,77.6,False,False,False,False
1ddd7785-3c22-47ee-95bd-52ffc8acd51e,3890424,114,1,00:02:24.055,2,24,42,Ball Receipt*,7,181,Schalke 04,From Throw In,181,Schalke 04,30312.0,Uilson de Souza Paula Júnior,Right Back,108.1,77.6,,,,False,,,,,,,False,,,,,,,False,False,left_to_right,False,108.1,77.6,,,False,False,False,False
82e17ca4-9c6f-471d-85d9-54e0cadece20,3890424,115,1,00:02:24.055,2,24,43,Carry,7,181,Schalke 04,From Throw In,181,Schalke 04,30312.0,Uilson de Souza Paula Júnior,Right Back,108.1,77.6,108.3,75.1,2.524251,False,,,,,,,False,,,,,,,False,False,left_to_right,False,108.1,77.6,108.3,75.1,False,False,False,False
e74d6dca-cdd4-4001-846a-e3e956c183f2,3890424,116,1,00:02:26.580,2,26,14,Dribble,7,181,Schalke 04,From Throw In,181,Schalke 04,30312.0,Uilson de Souza Paula Júnior,Right Back,108.3,75.1,,,0.0,True,,,,,,,False,,,,,,,False,False,left_to_right,False,108.3,75.1,,,False,False,False,False
0b63d7ee-a6b0-4300-8019-519fbaad1c2c,3890424,117,1,00:02:26.580,2,26,4,Duel,8,872,Darmstadt 98,Regular Play,872,Darmstadt 98,11134.0,Konstantin Rausch,Left Midfield,11.8,5.0,,,0.0,True,,,,,,,False,,,,,,,False,False,left_to_right,False,11.8,5.0,,,False,False,False,False
75915723-847c-45ce-9d73-76194b2873bc,3890424,118,1,00:02:26.580,2,26,43,Carry,8,872,Darmstadt 98,Regular Play,872,Darmstadt 98,11134.0,Konstantin Rausch,Left Midfield,11.8,5.0,34.7,8.3,2.844028,False,,,,,,,False,,,,,,,False,False,left_to_right,False,11.8,5.0,34.7,8.3,False,False,False,False
d0233e9c-46c5-47a4-aefb-4b9a716f9e18,3890424,119,1,00:02:29.424,2,29,30,Pass,8,872,Darmstadt 98,Regular Play,872,Darmstadt 98,11134.0,Konstantin Rausch,Left Midfield,34.7,8.3,41.4,21.1,1.992284,False,,,,,,,True,14.447491,1.088575,Ground Pass,,9723.0,Sandro Wagner,False,False,left_to_right,False,34.7,8.3,41.4,21.1,False,False,False,False
390b0534-b932-43de-be5a-4b5bc4941aea,3890424,120,1,00:02:31.150,2,31,17,Pressure,8,872,Darmstadt 98,Regular Play,181,Schalke 04,6324.0,Leon Goretzka,Left Defensive Midfield,80.1,59.3,,,1.816593,False,,,,,,,False,,,,,,,False,False,left_to_right,False,80.1,59.3,,,False,False,False,False
f596f62e-31fc-47f4-9c8b-f6a17b423429,3890424,121,1,00:02:31.416,2,31,42,Ball Receipt*,8,872,Darmstadt 98,Regular Play,872,Darmstadt 98,9723.0,Sandro Wagner,Center Forward,41.4,21.1,,,,True,,,,,,,False,,,,,,,False,False,left_to_right,False,41.4,21.1,,,False,False,False,False
2e1808d4-0dc3-4016-8239-15e9face65f6,3890424,122,1,00:02:31.416,2,31,43,Carry,8,872,Darmstadt 98,Regular Play,872,Darmstadt 98,9723.0,Sandro Wagner,Center Forward,41.4,21.1,36.7,4.5,2.2878,True,,,,,,,False,,,,,,,False,False,left_to_right,False,41.4,21.1,36.7,4.5,False,False,False,False
be36fc50-23b5-4c9b-bb23-e90bd6e4e00c,3890424,123,1,00:02:33.704,2,33,30,Pass,8,872,Darmstadt 98,Regular Play,872,Darmstadt 98,9723.0,Sandro Wagner,Center Forward,36.7,4.5,80.9,1.9,3.904063,False,,,,,,,True,44.276405,-0.058755822,High Pass,,11134.0,Konstantin Rausch,False,False,left_to_right,False,36.7,4.5,80.9,1.9,False,True,True,False
39c64aea-0477-45ad-85db-367ff3439273,3890424,124,1,00:02:37.608,2,37,42,Ball Receipt*,8,872,Darmstadt 98,Regular Play,872,Darmstadt 98,11134.0,Konstantin Rausch,Left Midfield,80.9,1.9,,,,False,,,,,,,False,,,,,,,False,False,left_to_right,False,80.9,1.9,,,False,False,False,False
51039df2-d35f-4824-b0d6-9b3cd66f0642,3890424,125,1,00:02:37.608,2,37,43,Carry,8,872,Darmstadt 98,Regular Play,872,Darmstadt 98,11134.0,Konstantin Rausch,Left Midfield,80.9,1.9,107.9,14.2,3.867932,False,,,,,,,False,,,,,,,False,False,left_to_right,False,80.9,1.9,107.9,14.2,True,False,False,False
f1840463-f65b-49cb-80a5-1e66402cd40d,3890424,126,1,00:02:41.476,2,41,30,Pass,8,872,Darmstadt 98,Regular Play,872,Darmstadt 98,11134.0,Konstantin Rausch,Left Midfield,107.9,14.2,112.5,33.8,0.833281,False,,,,,,Incomplete,False,20.13256,1.3402745,Ground Pass,,40477.0,Jan Rosenthal,False,False,left_to_right,False,107.9,14.2,112.5,33.8,False,True,False,True
317a89bd-dced-4333-b9c2-678b0d451589,3890424,127,1,00:02:42.309,2,42,42,Ball Receipt*,8,872,Darmstadt 98,Regular Play,872,Darmstadt 98,40477.0,Jan Rosenthal,Center Attacking Midfield,109.7,38.9,,,,False,,,,,,,False,,,,,,,False,False,left_to_right,False,109.7,38.9,,,False,False,False,False
e0519336-9f60-4a7b-aa86-9bca024f422d,3890424,128,1,00:02:42.309,2,42,9,Clearance,8,872,Darmstadt 98,Regular Play,181,Schalke 04,3502.0,Joël Andre Job Matip,Right Center Back,7.6,46.3,,,0.0,True,,,,,,,False,,,,,,,False,False,left_to_right,False,7.6,46.3,,,False,False,False,False
17186931-013c-4567-9644-35213bb9d262,3890424,129,1,00:03:18.105,3,18,30,Pass,9,872,Darmstadt 98,From Throw In,872,Darmstadt 98,9404.0,Luca Caldirola,Left Back,95.7,0.1,111.7,22.0,2.029972,False,,,,,,Incomplete,False,27.122131,0.93983144,High Pass,Throw-in,9723.0,Sandro Wagner,False,False,left_to_right,False,95.7,0.1,111.7,22.0,False,True,False,True
14534cd5-c819-46d1-bcba-63a675764842,3890424,130,1,00:03:20.135,3,20,42,Ball Receipt*,9,872,Darmstadt 98,From Throw In,872,Darmstadt 98,9723.0,Sandro Wagner,Center Forward,110.1,21.3,,,,False,,,,,,,False,,,,,,,False,False,left_to_right,False,110.1,21.3,,,False,False,False,False
a19e77e4-2120-404f-830b-4c26eaf7f4a0,3890424,131,1,00:03:20.135,3,20,4,Duel,9,872,Darmstadt 98,From Throw In,872,Darmstadt 98,9723.0,Sandro Wagner,Center Forward,111.7,22.0,,,0.0,True,,,,,,,False,,,,,,,False,False,left_to_right,False,111.7,22.0,,,False,False,False,False
2a41ef5b-52b1-4d38-8a9b-bad79275032f,3890424,132,1,00:03:20.135,3,20,9,Clearance,9,872,Darmstadt 98,From Throw In,181,Schalke 04,3502.0,Joël Andre Job Matip,Right Center Back,8.4,58.1,,,0.0,True,,,,,,,False,,,,,,,False,False,left_to_right,False,8.4,58.1,,,False,False,False,False
93fc465b-6fec-400e-b6d2-7a7946b1a126,3890424,133,1,00:03:21.145,3,21,2,Ball Recovery,9,872,Darmstadt 98,From Throw In,872,Darmstadt 98,8388.0,Jérôme Gondorf,Left Defensive Midfield,96.4,24.7,,,0.0,False,,,,,,,False,,,,,,,False,False,left_to_right,False,96.4,24.7,,,False,False,False,False
ca215ab6-ead3-4cfc-b8d6-e5e42ab1229b,3890424,134,1,00:03:21.145,3,21,43,Carry,9,872,Darmstadt 98,From Throw In,872,Darmstadt 98,8388.0,Jérôme Gondorf,Left Defensive Midfield,96.4,24.7,98.7,22.7,1.311043,False,,,,,,,False,,,,,,,False,False,left_to_right,False,96.4,24.7,98.7,22.7,False,False,False,False
53758196-0115-4003-aeca-d8d647d2e09b,3890424,135,1,00:03:22.456,3,22,30,Pass,9,872,Darmstadt 98,From Throw In,872,Darmstadt 98,8388.0,Jérôme Gondorf,Left Defensive Midfield,98.7,22.7,98.9,20.6,0.346063,False,,,,,,Incomplete,False,2.1095023,-1.4758446,Ground Pass,,9404.0,Luca Caldirola,False,False,left_to_right,False,98.7,22.7,98.9,20.6,False,False,False,True
48819619-03de-4f25-9d99-9dc3480964aa,3890424,136,1,00:03:22.802,3,22,42,Ball Receipt*,9,872,Darmstadt 98,From Throw In,872,Darmstadt 98,9404.0,Luca Caldirola,Left Back,103.4,13.0,,,,False,,,,,,,False,,,,,,,False,False,left_to_right,False,103.4,13.0,,,False,False,False,False
e5472bed-6bfe-4a56-b24f-94de51cd0969,3890424,137,1,00:03:22.802,3,22,6,Block,9,872,Darmstadt 98,From Throw In,181,Schalke 04,3053.0,Leroy Sané,Right Wing,21.2,59.5,,,0.0,False,,,,,,,False,,,,,,,False,False,left_to_right,False,21.2,59.5,,,False,False,False,False
a92a3041-8b83-4125-ae14-1ec073e56f0e,3890424,138,1,00:03:40.407,3,40,30,Pass,10,872,Darmstadt 98,From Throw In,872,Darmstadt 98,9404.0,Luca Caldirola,Left Back,98.6,0.1,109.2,22.2,1.768609,False,,,,,,Incomplete,False,24.51061,1.1235706,High Pass,Throw-in,9723.0,Sandro Wagner,False,False,left_to_right,False,98.6,0.1,109.2,22.2,False,True,False,True
c9966993-51d8-4d9a-b715-0d26b9fbd350,3890424,139,1,00:03:42.175,3,42,42,Ball Receipt*,10,872,Darmstadt 98,From Throw In,872,Darmstadt 98,9723.0,Sandro Wagner,Center Forward,108.7,23.1,,,,False,,,,,,,False,,,,,,,False,False,left_to_right,False,108.7,23.1,,,False,False,False,False
59f39533-411e-4262-9562-3b2e484cee91,3890424,140,1,00:03:42.175,3,42,4,Duel,10,872,Darmstadt 98,From Throw In,872,Darmstadt 98,9723.0,Sandro Wagner,Center Forward,109.2,22.2,,,0.0,True,,,,,,,False,,,,,,,False,False,left_to_right,False,109.2,22.2,,,False,False,False,False
3ccc8db0-c7bc-4af7-8575-07fb258f4696,3890424,141,1,00:03:42.175,3,42,9,Clearance,10,872,Darmstadt 98,From Throw In,181,Schalke 04,30312.0,Uilson de Souza Paula Júnior,Right Back,10.9,57.9,,,0.0,True,,,,,,,False,,,,,,,False,False,left_to_right,False,10.9,57.9,,,False,False,False,False
9f8d26d7-ec16-4687-afb8-d22f00ae2c13,3890424,142,1,00:03:43.810,3,43,9,Clearance,10,872,Darmstadt 98,From Throw In,181,Schalke 04,3499.0,Jean-Eric Maxim Choupo-Moting,Left Wing,21.9,48.5,,,0.0,True,,,,,,,False,,,,,,,False,False,left_to_right,False,21.9,48.5,,,False,False,False,False
1ac0307a-d36f-4287-a207-e8314965b2f0,3890424,143,1,00:03:46.019,3,46,30,Pass,10,872,Darmstadt 98,From Throw In,181,Schalke 04,6717.0,Johannes Geis,Right Defensive Midfield,25.1,56.0,38.9,56.3,0.868825,True,,,,,,Incomplete,False,13.803261,0.021735707,High Pass,Recovery,8060.0,Klaas-Jan Huntelaar,False,False,left_to_right,False,25.1,56.0,38.9,56.3,False,False,False,True
8129456f-5fc9-471d-9481-59f2615598dd,3890424,144,1,00:03:46.019,3,46,4,Duel,10,872,Darmstadt 98,From Throw In,872,Darmstadt 98,11134.0,Konstantin Rausch,Left Midfield,95.0,24.1,,,0.0,True,,,,,,,False,,,,,,,False,False,left_to_right,False,95.0,24.1,,,False,False,False,False
bb9bd570-5f19-4252-a6d0-6ea0b6b564e2,3890424,145,1,00:03:46.888,3,46,42,Ball Receipt*,10,872,Darmstadt 98,From Throw In,181,Schalke 04,8060.0,Klaas-Jan Huntelaar,Center Forward,37.6,56.2,,,,False,,,,,,,False,,,,,,,False,False,left_to_right,False,37.6,56.2,,,False,False,False,False
4b62615c-6335-4093-b9eb-78f6d99a7d12,3890424,146,1,00:03:46.888,3,46,4,Duel,10,872,Darmstadt 98,From Throw In,181,Schalke 04,8060.0,Klaas-Jan Huntelaar,Center Forward,38.9,56.3,,,0.0,True,,,,,,,False,,,,,,,False,False,left_to_right,False,38.9,56.3,,,False,False,False,False
31a8ba49-1b54-457d-a5f9-2531b16df742,3890424,147,1,00:03:46.888,3,46,30,Pass,10,872,Darmstadt 98,From Throw In,872,Darmstadt 98,40467.0,Peter Niemeyer,Right Defensive Midfield,81.2,23.8,96.7,14.9,2.267585,True,,,,,,Incomplete,False,17.873444,-0.521228,High Pass,Recovery,9404.0,Luca Caldirola,False,False,left_to_right,False,81.2,23.8,96.7,14.9,False,False,False,True
13aaf711-4845-4a27-9b58-01933f2f0c52,3890424,148,1,00:03:49.155,3,49,42,Ball Receipt*,10,872,Darmstadt 98,From Throw In,872,Darmstadt 98,9404.0,Luca Caldirola,Left Back,94.8,15.6,,,,False,,,,,,,False,,,,,,,False,False,left_to_right,False,94.8,15.6,,,False,False,False,False
c9445bcb-7fe0-4591-b26e-b4158ad9d24f,3890424,149,1,00:03:49.155,3,49,9,Clearance,10,872,Darmstadt 98,From Throw In,181,Schalke 04,30312.0,Uilson de Souza Paula Júnior,Right Back,23.4,65.2,,,0.0,True,,,,,,,False,,,,,,,False,False,left_to_right,False,23.4,65.2,,,False,False,False,False
ef6487d6-23e4-4076-8a57-f417b78615a9,3890424,150,1,00:03:51.646,3,51,30,Pass,10,872,Darmstadt 98,From Throw In,872,Darmstadt 98,20522.0,György Garics,Right Back,43.7,40.5,17.8,22.0,4.271654,False,,,,,,,True,31.828604,-2.5213432,High Pass,Recovery,8306.0,Christian Mathenia,False,False,left_to_right,False,43.7,40.5,17.8,22.0,False,False,False,False
3790aa73-ad0a-4edb-9492-6f82966a4bab,3890424,151,1,00:03:55.917,3,55,42,Ball Receipt*,10,872,Darmstadt 98,From Throw In,872,Darmstadt 98,8306.0,Christian Mathenia,Goalkeeper,17.8,22.0,,,,False,,,,,,,False,,,,,,,False,False,left_to_right,False,17.8,22.0,,,False,False,False,False
a79e3857-d001-48c7-9473-a39000e2f315,3890424,152,1,00:03:55.917,3,55,30,Pass,10,872,Darmstadt 98,From Throw In,872,Darmstadt 98,8306.0,Christian Mathenia,Goalkeeper,18.9,22.0,37.5,0.1,3.723463,False,,,,,,Out,False,28.732735,-0.86670005,High Pass,,9404.0,Luca Caldirola,False,False,left_to_right,False,18.9,22.0,37.5,0.1,False,False,False,True
33659223-ba5e-41d1-b96e-74cc93250613,3890424,153,1,00:03:59.641,3,59,42,Ball Receipt*,10,872,Darmstadt 98,From Throw In,872,Darmstadt 98,9404.0,Luca Caldirola,Left Back,41.4,2.4,,,,False,,,,,,,False,,,,,,,False,False,left_to_right,False,41.4,2.4,,,False,False,False,False
6d9ebd35-0874-439b-97a3-834c8f8cab14,3890424,154,1,00:04:12.462,4,12,30,Pass,11,181,Schalke 04,From Throw In,181,Schalke 04,30312.0,Uilson de Souza Paula Júnior,Right Back,75.3,80.0,74.4,64.0,1.531661,False,,,,,,,True,16.025293,-1.6269871,High Pass,Throw-in,8508.0,Max Meyer,False,False,left_to_right,False,75.3,80.0,74.4,64.0,False,False,False,False
a9dbcf75-69f0-4010-9494-56482605a569,3890424,155,1,00:04:13.994,4,13,42,Ball Receipt*,11,181,Schalke 04,From Throw In,181,Schalke 04,8508.0,Max Meyer,Center Attacking Midfield,74.4,64.0,,,,False,,,,,,,False,,,,,,,False,False,left_to_right,False,74.4,64.0,,,False,False,False,False
f271d13d-5dd0-4e46-aa46-2f70308e7d11,3890424,156,1,00:04:13.994,4,13,30,Pass,11,181,Schalke 04,From Throw In,181,Schalke 04,8508.0,Max Meyer,Center Attacking Midfield,73.7,66.0,70.1,75.7,0.772583,False,,,,,,,True,10.346497,1.9261733,Ground Pass,,30312.0,Uilson de Souza Paula Júnior,False,False,left_to_right,False,73.7,66.0,70.1,75.7,False,False,False,False
94a2a774-54a3-45bc-aaab-4a995ff37d4e,3890424,157,1,00:04:14.767,4,14,42,Ball Receipt*,11,181,Schalke 04,From Throw In,181,Schalke 04,30312.0,Uilson de Souza Paula Júnior,Right Back,70.1,75.7,,,,False,,,,,,,False,,,,,,,False,False,left_to_right,False,70.1,75.7,,,False,False,False,False
ca4f06bf-2a29-469e-a508-cdfc5cba2b0e,3890424,158,1,00:04:14.767,4,14,43,Carry,11,181,Schalke 04,From Throw In,181,Schalke 04,30312.0,Uilson de Souza Paula Júnior,Right Back,70.1,75.7,68.6,74.5,1.160663,True,,,,,,,False,,,,,,,False,False,left_to_right,False,70.1,75.7,68.6,74.5,False,False,False,False
2e6da0f3-2ab9-493f-8548-118f0941cae0,3890424,159,1,00:04:15.133,4,15,17,Pressure,11,181,Schalke 04,From Throw In,872,Darmstadt 98,40467.0,Peter Niemeyer,Right Defensive Midfield,47.3,5.6,,,1.09751,False,,,,,,,False,,,,,,,False,False,left_to_right,False,47.3,5.6,,,False,False,False,False
25f0c47d-7933-4a18-b1cf-3ccf3fd0d448,3890424,160,1,00:04:15.927,4,15,30,Pass,11,181,Schalke 04,From Throw In,181,Schalke 04,30312.0,Uilson de Souza Paula Júnior,Right Back,68.6,74.5,70.1,74.3,0.302768,True,,,,,,Incomplete,False,1.5132746,-0.13255154,Low Pass,,8508.0,Max Meyer,False,False,left_to_right,False,68.6,74.5,70.1,74.3,False,False,False,True
afdf864f-f2b2-4e70-ac9e-9ebe37fcf575,3890424,161,1,00:04:16.230,4,16,42,Ball Receipt*,11,181,Schalke 04,From Throw In,181,Schalke 04,8508.0,Max Meyer,Center Attacking Midfield,80.1,76.3,,,,False,,,,,,,False,,,,,,,False,False,left_to_right,False,80.1,76.3,,,False,False,False,False
041c7b76-91fc-4514-aa5a-9c6d98a0b566,3890424,162,1,00:04:16.230,4,16,6,Block,11,181,Schalke 04,From Throw In,872,Darmstadt 98,40467.0,Peter Niemeyer,Right Defensive Midfield,50.0,5.8,,,0.0,False,,,,,,,False,,,,,,,False,False,left_to_right,False,50.0,5.8,,,False,False,False,False
776d24bc-3788-429d-be5b-68726338fada,3890424,163,1,00:04:16.801,4,16,30,Pass,11,181,Schalke 04,From Throw In,181,Schalke 04,30312.0,Uilson de Souza Paula Júnior,Right Back,74.2,76.5,76.2,76.3,0.193542,False,,,,,,Incomplete,False,2.0099752,-0.09966865,Low Pass,Recovery,8508.0,Max Meyer,False,False,left_to_right,False,74.2,76.5,76.2,76.3,False,False,False,True
702d1baf-d6e9-4459-969c-4a4a9a688c74,3890424,164,1,00:04:16.995,4,16,42,Ball Receipt*,11,181,Schalke 04,From Throw In,181,Schalke 04,8508.0,Max Meyer,Center Attacking Midfield,76.4,73.1,,,,False,,,,,,,False,,,,,,,False,False,left_to_right,False,76.4,73.1,,,False,False,False,False
aa037bda-7d35-45a0-8ef4-2530de857f0b,3890424,165,1,00:04:16.995,4,16,6,Block,11,181,Schalke 04,From Throw In,872,Darmstadt 98,40467.0,Peter Niemeyer,Right Defensive Midfield,43.9,3.8,,,0.0,False,,,,,,,False,,,,,,,False,False,left_to_right,False,43.9,3.8,,,False,False,False,False
45039531-c3c8-42cd-811b-494ce002afe0,3890424,166,1,00:04:29.951,4,29,30,Pass,12,181,Schalke 04,From Throw In,181,Schalke 04,30312.0,Uilson de Souza Paula Júnior,Right Back,77.9,80.0,86.5,72.9,1.156133,False,,,,,,,True,11.15213,-0.6901459,Low Pass,Throw-in,8060.0,Klaas-Jan Huntelaar,False,False,left_to_right,False,77.9,80.0,86.5,72.9,False,False,True,False
d23bbea9-3736-4dbf-b3f7-505f4a7e3f10,3890424,167,1,00:04:31.107,4,31,42,Ball Receipt*,12,181,Schalke 04,From Throw In,181,Schalke 04,8060.0,Klaas-Jan Huntelaar,Center Forward,86.5,72.9,,,,False,,,,,,,False,,,,,,,False,False,left_to_right,False,86.5,72.9,,,False,False,False,False
c704f109-ad86-4690-8d80-2d9c32028616,3890424,168,1,00:04:31.107,4,31,30,Pass,12,181,Schalke 04,From Throw In,181,Schalke 04,8060.0,Klaas-Jan Huntelaar,Center Forward,84.5,72.0,73.4,75.7,0.487493,False,,,,,,,True,11.700427,2.819842,Ground Pass,,30312.0,Uilson de Souza Paula Júnior,False,False,left_to_right,False,84.5,72.0,73.4,75.7,False,False,False,False
a43576f6-bf52-45d3-8cba-fc7066f5d490,3890424,169,1,00:04:31.594,4,31,42,Ball Receipt*,12,181,Schalke 04,From Throw In,181,Schalke 04,30312.0,Uilson de Souza Paula Júnior,Right Back,73.4,75.7,,,,False,,,,,,,False,,,,,,,False,False,left_to_right,False,73.4,75.7,,,False,False,False,False
5f588e28-db1b-4a5f-8d6f-de69841b09b4,3890424,170,1,00:04:31.594,4,31,43,Carry,12,181,Schalke 04,From Throw In,181,Schalke 04,30312.0,Uilson de Souza Paula Júnior,Right Back,73.4,75.7,73.6,74.9,0.748496,True,,,,,,,False,,,,,,,False,False,left_to_right,False,73.4,75.7,73.6,74.9,False,False,False,False
4f7cbcd6-d55c-48a3-8268-1c042bd282d5,3890424,171,1,00:04:32.098,4,32,17,Pressure,12,181,Schalke 04,From Throw In,872,Darmstadt 98,8388.0,Jérôme Gondorf,Left Defensive Midfield,44.0,5.2,,,0.626344,False,,,,,,,False,,,,,,,False,False,left_to_right,False,44.0,5.2,,,False,False,False,False
f20a483d-a0e5-4a4d-bfdd-35cb05985012,3890424,172,1,00:04:32.343,4,32,30,Pass,12,181,Schalke 04,From Throw In,181,Schalke 04,30312.0,Uilson de Souza Paula Júnior,Right Back,73.6,74.9,86.7,80.0,0.693874,True,,,,,,Out,False,14.057738,0.3712596,Ground Pass,,8060.0,Klaas-Jan Huntelaar,False,False,left_to_right,False,73.6,74.9,86.7,80.0,False,False,True,True
1d73397b-f6b3-4aaa-acb7-a73446c51a2e,3890424,173,1,00:04:33.037,4,33,42,Ball Receipt*,12,181,Schalke 04,From Throw In,181,Schalke 04,8060.0,Klaas-Jan Huntelaar,Center Forward,80.6,78.5,,,,False,,,,,,,False,,,,,,,False,False,left_to_right,False,80.6,78.5,,,False,False,False,False
2edd2186-3518-4dd0-96bf-2d16d07e0bb2,3890424,174,1,00:04:43.971,4,43,30,Pass,13,872,Darmstadt 98,From Throw In,872,Darmstadt 98,9404.0,Luca Caldirola,Left Back,49.3,0.1,68.6,4.4,1.54798,False,,,,,,,True,19.773214,0.2192175,High Pass,Throw-in,9723.0,Sandro Wagner,False,False,left_to_right,False,49.3,0.1,68.6,4.4,False,False,False,False
bf649cf0-dd12-4237-8750-b78185263fb3,3890424,175,1,00:04:45.519,4,45,42,Ball Receipt*,13,872,Darmstadt 98,From Throw In,872,Darmstadt 98,9723.0,Sandro Wagner,Center Forward,68.6,4.4,,,,False,,,,,,,False,,,,,,,False,False,left_to_right,False,68.6,4.4,,,False,False,False,False
8e6a191c-73f4-43f0-976f-ffbc4d70a1d1,3890424,176,1,00:04:45.519,4,45,4,Duel,13,872,Darmstadt 98,From Throw In,181,Schalke 04,30312.0,Uilson de Souza Paula Júnior,Right Back,48.1,72.9,,,0.0,True,,,,,,,False,,,,,,,False,False,left_to_right,False,48.1,72.9,,,False,False,False,False
750110c2-095a-4ce3-b898-023e2b65290c,3890424,177,1,00:04:45.519,4,45,30,Pass,13,872,Darmstadt 98,From Throw In,872,Darmstadt 98,9723.0,Sandro Wagner,Center Forward,72.0,7.2,75.7,16.6,1.315114,True,,,,,,Incomplete,False,10.10198,1.1958046,High Pass,,40477.0,Jan Rosenthal,False,False,left_to_right,False,72.0,7.2,75.7,16.6,False,False,False,True
42330941-01bd-4fbb-8f6f-ad3bc4d7f7b1,3890424,178,1,00:04:46.834,4,46,42,Ball Receipt*,13,872,Darmstadt 98,From Throw In,872,Darmstadt 98,40477.0,Jan Rosenthal,Center Attacking Midfield,69.3,11.7,,,,False,,,,,,,False,,,,,,,False,False,left_to_right,False,69.3,11.7,,,False,False,False,False
d05ea3cb-8c45-494c-9247-503aaa32c2e0,3890424,179,1,00:04:46.834,4,46,30,Pass,14,181,Schalke 04,Regular Play,181,Schalke 04,6324.0,Leon Goretzka,Left Defensive Midfield,44.4,63.5,55.3,66.0,1.169257,False,,,,,,,True,11.1830225,0.22545837,High Pass,Recovery,6717.0,Johannes Geis,False,False,left_to_right,False,44.4,63.5,55.3,66.0,False,False,False,False
dc8c8032-f62e-4b28-adb7-ce6ca0da6b8b,3890424,180,1,00:04:48.004,4,48,42,Ball Receipt*,14,181,Schalke 04,Regular Play,181,Schalke 04,6717.0,Johannes Geis,Right Defensive Midfield,55.3,66.0,,,,False,,,,,,,False,,,,,,,False,False,left_to_right,False,55.3,66.0,,,False,False,False,False
44b1aa64-e6ac-4342-a5f9-dd5d454720ed,3890424,181,1,00:04:48.004,4,48,30,Pass,14,181,Schalke 04,Regular Play,181,Schalke 04,6717.0,Johannes Geis,Right Defensive Midfield,55.4,66.0,65.6,80.0,2.376765,False,,,,,,Out,False,17.321663,0.94115114,High Pass,,3053.0,Leroy Sané,False,False,left_to_right,False,55.4,66.0,65.6,80.0,False,False,False,True
22ac6aef-9be1-485e-a792-ba4d7b82aeb5,3890424,182,1,00:04:50.380,4,50,42,Ball Receipt*,14,181,Schalke 04,Regular Play,181,Schalke 04,3053.0,Leroy Sané,Right Wing,64.7,77.9,,,,False,,,,,,,False,,,,,,,False,False,left_to_right,False,64.7,77.9,,,False,False,False,False
e747025e-d810-4a45-a371-e95155a85206,3890424,183,1,00:05:01.809,5,1,30,Pass,15,872,Darmstadt 98,From Throw In,872,Darmstadt 98,9404.0,Luca Caldirola,Left Back,65.0,0.1,85.1,17.2,1.586771,False,,,,,,Unknown,False,26.38977,0.70492715,High Pass,Throw-in,11134.0,Konstantin Rausch,False,False,left_to_right,False,65.0,0.1,85.1,17.2,False,True,True,True
3f69d020-9e38-4236-a3a3-e288aec78097,3890424,184,1,00:05:03.042,5,3,17,Pressure,15,872,Darmstadt 98,From Throw In,181,Schalke 04,6324.0,Leon Goretzka,Left Defensive Midfield,34.8,62.4,,,0.393,False,,,,,,,False,,,,,,,False,False,left_to_right,False,34.8,62.4,,,False,False,False,False
238e1368-99b0-4cf0-9762-5f618e4762c9,3890424,185,1,00:05:03.396,5,3,42,Ball Receipt*,15,872,Darmstadt 98,From Throw In,872,Darmstadt 98,11134.0,Konstantin Rausch,Left Midfield,80.9,16.9,,,,True,,,,,,,False,,,,,,,False,False,left_to_right,False,80.9,16.9,,,False,False,False,False
341132cf-8949-4da1-aad5-27edbe197264,3890424,186,1,00:05:03.462,5,3,22,Foul Committed,15,872,Darmstadt 98,From Throw In,181,Schalke 04,6324.0,Leon Goretzka,Left Defensive Midfield,35.6,64.0,,,0.0,False,,,,,,,False,,,,,,,False,False,left_to_right,False,35.6,64.0,,,False,False,False,False
3f1a95eb-df57-4146-9d9a-8b4d3703f91d,3890424,187,1,00:05:03.462,5,3,21,Foul Won,15,872,Darmstadt 98,From Throw In,872,Darmstadt 98,11134.0,Konstantin Rausch,Left Midfield,84.5,16.1,,,0.0,True,,,,,,,False,,,,,,,False,False,left_to_right,False,84.5,16.1,,,False,False,False,False
dbb82c71-d277-4914-949a-9a4c996b79d8,3890424,188,1,00:05:39.112,5,39,30,Pass,16,872,Darmstadt 98,From Free Kick,872,Darmstadt 98,11134.0,Konstantin Rausch,Left Midfield,86.8,9.5,107.9,27.2,1.066349,False,,,,,,Incomplete,False,27.540878,0.69799256,High Pass,Free Kick,9404.0,Luca Caldirola,False,False,left_to_right,False,86.8,9.5,107.9,27.2,False,True,False,True
ff1a5cfb-966e-4292-977e-30bd92a3679b,3890424,189,1,00:05:40.179,5,40,42,Ball Receipt*,16,872,Darmstadt 98,From Free Kick,872,Darmstadt 98,9404.0,Luca Caldirola,Left Back,108.7,30.0,,,,False,,,,,,,False,,,,,,,False,False,left_to_right,False,108.7,30.0,,,False,False,False,False
3a32cfdb-6843-49ac-89d8-5a47a735bae5,3890424,190,1,00:05:40.179,5,40,9,Clearance,16,872,Darmstadt 98,From Free Kick,181,Schalke 04,8508.0,Max Meyer,Center Attacking Midfield,12.2,52.9,,,0.0,True,,,,,,,False,,,,,,,False,False,left_to_right,False,12.2,52.9,,,False,False,False,False
1afca476-01dd-4c6a-a537-7669b218be65,3890424,191,1,00:05:41.791,5,41,30,Pass,16,872,Darmstadt 98,From Free Kick,872,Darmstadt 98,20522.0,György Garics,Right Back,83.7,35.6,93.4,35.2,1.369177,False,,,,,,Incomplete,False,9.708244,-0.041213762,High Pass,Recovery,9723.0,Sandro Wagner,False,False,left_to_right,False,83.7,35.6,93.4,35.2,False,True,False,True
f389ed9c-c7c2-4e5d-9786-1e3e7d6df70d,3890424,192,1,00:05:43.160,5,43,42,Ball Receipt*,16,872,Darmstadt 98,From Free Kick,872,Darmstadt 98,9723.0,Sandro Wagner,Center Forward,97.3,39.1,,,,False,,,,,,,False,,,,,,,False,False,left_to_right,False,97.3,39.1,,,False,False,False,False
c8a178dd-146c-47e8-95d0-156a2501f847,3890424,193,1,00:05:43.160,5,43,2,Ball Recovery,16,872,Darmstadt 98,From Free Kick,181,Schalke 04,3499.0,Jean-Eric Maxim Choupo-Moting,Left Wing,26.7,44.9,,,0.0,False,,,,,,,False,,,,,,,False,False,left_to_right,False,26.7,44.9,,,False,False,False,False
21c07151-0886-4cce-944a-b883da1c36df,3890424,194,1,00:05:43.160,5,43,43,Carry,16,872,Darmstadt 98,From Free Kick,181,Schalke 04,3499.0,Jean-Eric Maxim Choupo-Moting,Left Wing,26.7,44.9,44.2,42.9,2.996356,True,,,,,,,False,,,,,,,False,False,left_to_right,False,26.7,44.9,44.2,42.9,False,False,False,False
b41a8be7-f36d-47fb-b4b5-2a2ff1eca7af,3890424,195,1,00:05:44.564,5,44,17,Pressure,16,872,Darmstadt 98,From Free Kick,872,Darmstadt 98,35033.0,Slobodan Rajković,Left Center Back,80.6,39.5,,,1.521042,False,,,,,,,False,,,,,,,False,False,left_to_right,False,80.6,39.5,,,False,False,False,False
03292f08-4f5f-4f32-a78a-0f510398fc5d,3890424,196,1,00:05:46.156,5,46,39,Dribbled Past,16,872,Darmstadt 98,From Free Kick,872,Darmstadt 98,35033.0,Slobodan Rajković,Left Center Back,75.9,37.2,,,0.0,False,,,,,,,False,,,,,,,False,False,left_to_right,False,75.9,37.2,,,False,False,False,False
66c4678f-7078-41b0-8c36-85c1df1ba623,3890424,197,1,00:05:46.156,5,46,14,Dribble,16,872,Darmstadt 98,From Free Kick,181,Schalke 04,3499.0,Jean-Eric Maxim Choupo-Moting,Left Wing,44.2,42.9,,,0.0,True,,,,,,,False,,,,,,,False,False,left_to_right,False,44.2,42.9,,,False,False,False,False
04cdd44c-ab0c-4863-946e-94beaecf282c,3890424,198,1,00:05:46.156,5,46,43,Carry,16,872,Darmstadt 98,From Free Kick,181,Schalke 04,3499.0,Jean-Eric Maxim Choupo-Moting,Left Wing,44.2,42.9,44.8,41.6,1.173189,True,,,,,,,False,,,,,,,False,False,left_to_right,False,44.2,42.9,44.8,41.6,False,False,False,False
f39ae6ae-57a1-4503-8c50-8b053712e3bc,3890424,199,1,00:05:46.381,5,46,17,Pressure,16,872,Darmstadt 98,From Free Kick,872,Darmstadt 98,40467.0,Peter Niemeyer,Right Defensive Midfield,76.7,42.0,,,1.030445,False,,,,,,,False,,,,,,,False,False,left_to_right,False,76.7,42.0,,,False,False,False,False
e28d1d51-9667-43c1-ad77-bf9e1724f172,3890424,200,1,00:05:47.330,5,47,30,Pass,16,872,Darmstadt 98,From Free Kick,181,Schalke 04,3499.0,Jean-Eric Maxim Choupo-Moting,Left Wing,44.8,41.6,120.0,75.9,8.186375,True,,,,,,Out,False,82.65307,0.4279292,High Pass,,8508.0,Max Meyer,False,False,left_to_right,False,44.8,41.6,120.0,75.9,False,True,True,True
f38b46c9-5bba-4cb6-8309-84e6add5bc76,3890424,201,1,00:05:54.741,5,54,28,Shield,16,872,Darmstadt 98,From Free Kick,872,Darmstadt 98,8388.0,Jérôme Gondorf,Left Defensive Midfield,1.7,5.6,,,0.0,False,,,,,,,False,,,,,,,False,False,left_to_right,False,1.7,5.6,,,False,False,False,False
656527a8-f4d1-4d0c-9d2e-57da3dc0bd27,3890424,202,1,00:05:55.516,5,55,42,Ball Receipt*,16,872,Darmstadt 98,From Free Kick,181,Schalke 04,8508.0,Max Meyer,Center Attacking Midfield,118.1,76.2,,,,False,,,,,,,False,,,,,,,False,False,left_to_right,False,118.1,76.2,,,False,False,False,False
8790d8dd-2af0-4ccb-8c96-b36c6e44c6a3,3890424,203,1,00:06:23.998,6,23,30,Pass,17,872,Darmstadt 98,From Goal Kick,872,Darmstadt 98,8306.0,Christian Mathenia,Goalkeeper,6.0,36.0,75.4,29.2,1.649692,False,,,,,,,True,69.732346,-0.097670935,High Pass,Goal Kick,40477.0,Jan Rosenthal,False,False,left_to_right,False,6.0,36.0,75.4,29.2,False,True,False,False
9686d7bd-2536-4b75-9226-561dffc0c7a9,3890424,204,1,00:06:25.648,6,25,42,Ball Receipt*,17,872,Darmstadt 98,From Goal Kick,872,Darmstadt 98,40477.0,Jan Rosenthal,Center Attacking Midfield,75.4,29.2,,,,False,,,,,,,False,,,,,,,False,False,left_to_right,False,75.4,29.2,,,False,False,False,False
a19a5795-5ba7-4381-bb55-4688cfeb59c8,3890424,205,1,00:06:25.648,6,25,4,Duel,17,872,Darmstadt 98,From Goal Kick,181,Schalke 04,6324.0,Leon Goretzka,Left Defensive Midfield,45.0,48.8,,,0.0,True,,,,,,,False,,,,,,,False,False,left_to_right,False,45.0,48.8,,,False,False,False,False
6e3b99f7-b9e5-4a7a-acc2-a1cf2cf469e5,3890424,206,1,00:06:25.648,6,25,30,Pass,17,872,Darmstadt 98,From Goal Kick,872,Darmstadt 98,40477.0,Jan Rosenthal,Center Attacking Midfield,75.1,31.3,83.6,36.6,1.820407,True,,,,,,Incomplete,False,10.016986,0.55754113,High Pass,,9723.0,Sandro Wagner,False,False,left_to_right,False,75.1,31.3,83.6,36.6,False,False,True,True
7eb4529b-25f0-46f6-b355-36cd43ae848c,3890424,207,1,00:06:27.468,6,27,42,Ball Receipt*,17,872,Darmstadt 98,From Goal Kick,872,Darmstadt 98,9723.0,Sandro Wagner,Center Forward,81.1,36.4,,,,False,,,,,,,False,,,,,,,False,False,left_to_right,False,81.1,36.4,,,False,False,False,False
b2a66eef-e984-474f-90d5-38635bea2512,3890424,208,1,00:06:27.468,6,27,30,Pass,17,872,Darmstadt 98,From Goal Kick,181,Schalke 04,16534.0,Roman Neustädter,Left Center Back,36.5,43.5,45.6,43.1,1.295552,False,,,,,,,True,9.108787,-0.043927766,High Pass,Recovery,6717.0,Johannes Geis,False,False,left_to_right,False,36.5,43.5,45.6,43.1,False,False,False,False
1e83295b-7d44-4b5b-958a-69d92934a7f2,3890424,209,1,00:06:28.764,6,28,42,Ball Receipt*,17,872,Darmstadt 98,From Goal Kick,181,Schalke 04,6717.0,Johannes Geis,Right Defensive Midfield,45.6,43.1,,,,False,,,,,,,False,,,,,,,False,False,left_to_right,False,45.6,43.1,,,False,False,False,False
a2d348e5-5e27-4c33-9ad1-d3be412a7035,3890424,210,1,00:06:28.764,6,28,43,Carry,17,872,Darmstadt 98,From Goal Kick,181,Schalke 04,6717.0,Johannes Geis,Right Defensive Midfield,45.6,43.1,45.6,42.9,0.356891,True,,,,,,,False,,,,,,,False,False,left_to_right,False,45.6,43.1,45.6,42.9,False,False,False,False
85795065-cd90-460f-b1d9-3d5cc612c4d4,3890424,211,1,00:06:28.889,6,28,17,Pressure,17,872,Darmstadt 98,From Goal Kick,872,Darmstadt 98,40477.0,Jan Rosenthal,Center Attacking Midfield,74.0,38.1,,,0.605297,False,,,,,,,False,,,,,,,False,False,left_to_right,False,74.0,38.1,,,False,False,False,False
2ebb7385-5cb4-47f9-a75d-42c0c5121a0a,3890424,212,1,00:06:29.120,6,29,30,Pass,17,872,Darmstadt 98,From Goal Kick,181,Schalke 04,6717.0,Johannes Geis,Right Defensive Midfield,45.6,42.9,58.4,30.6,1.857723,True,,,,,,Incomplete,False,17.751902,-0.76548046,High Pass,,3499.0,Jean-Eric Maxim Choupo-Moting,False,False,left_to_right,False,45.6,42.9,58.4,30.6,False,False,False,True
1ece62b7-6673-4b78-9c46-e1cba573cd52,3890424,213,1,00:06:30.978,6,30,42,Ball Receipt*,17,872,Darmstadt 98,From Goal Kick,181,Schalke 04,3499.0,Jean-Eric Maxim Choupo-Moting,Left Wing,57.8,28.5,,,,False,,,,,,,False,,,,,,,False,False,left_to_right,False,57.8,28.5,,,False,False,False,False
304b9d76-037e-4b20-8c8b-9f43123d01e0,3890424,214,1,00:06:30.978,6,30,10,Interception,17,872,Darmstadt 98,From Goal Kick,872,Darmstadt 98,20522.0,György Garics,Right Back,61.7,49.5,,,0.0,False,,,,,,,False,,,,,,,False,False,left_to_right,False,61.7,49.5,,,False,False,False,False
3b70a961-59a0-430e-a0fc-ad01bd178c58,3890424,215,1,00:06:30.978,6,30,43,Carry,17,872,Darmstadt 98,From Goal Kick,872,Darmstadt 98,20522.0,György Garics,Right Back,61.7,49.5,64.0,75.6,5.048773,True,,,,,,,False,,,,,,,False,False,left_to_right,False,61.7,49.5,64.0,75.6,False,False,False,False
1e7c078d-48c0-4739-9841-622f17be964f,3890424,216,1,00:06:35.936,6,35,17,Pressure,17,872,Darmstadt 98,From Goal Kick,181,Schalke 04,3499.0,Jean-Eric Maxim Choupo-Moting,Left Wing,55.9,8.1,,,0.493069,False,,,,,,,False,,,,,,,False,False,left_to_right,False,55.9,8.1,,,False,False,False,False
08cd5e5f-043d-4b7b-a734-caf1e785bea4,3890424,217,1,00:06:36.027,6,36,30,Pass,17,872,Darmstadt 98,From Goal Kick,872,Darmstadt 98,20522.0,György Garics,Right Back,64.0,75.6,84.3,74.1,0.85887,True,,,,,,Incomplete,False,20.355343,-0.07375758,Ground Pass,,9401.0,Marcel Heller,False,False,left_to_right,False,64.0,75.6,84.3,74.1,False,True,True,True
34dec52f-088e-49ad-861b-c00204aa02dc,3890424,218,1,00:06:36.886,6,36,42,Ball Receipt*,17,872,Darmstadt 98,From Goal Kick,872,Darmstadt 98,9401.0,Marcel Heller,Right Midfield,83.6,75.6,,,,False,,,,,,,False,,,,,,,False,False,left_to_right,False,83.6,75.6,,,False,False,False,False
303119f9-d00c-4da1-a1df-8b453af3db80,3890424,219,1,00:06:36.886,6,36,10,Interception,17,872,Darmstadt 98,From Goal Kick,181,Schalke 04,3510.0,Sead Kolašinac,Left Back,35.8,6.0,,,0.0,False,,,,,,,False,,,,,,,False,False,left_to_right,False,35.8,6.0,,,False,False,False,False
fe859c8c-a945-4d0a-b1a9-68a9499c1e18,3890424,220,1,00:06:52.718,6,52,30,Pass,18,872,Darmstadt 98,From Throw In,872,Darmstadt 98,20522.0,György Garics,Right Back,85.1,80.0,92.5,69.1,1.267684,False,,,,,,,True,13.174597,-0.97437286,High Pass,Throw-in,9723.0,Sandro Wagner,False,False,left_to_right,False,85.1,80.0,92.5,69.1,False,False,False,False
d9952ea3-0006-4c24-ba36-71c0164688ad,3890424,221,1,00:06:53.986,6,53,42,Ball Receipt*,18,872,Darmstadt 98,From Throw In,872,Darmstadt 98,9723.0,Sandro Wagner,Center Forward,92.5,69.1,,,,False,,,,,,,False,,,,,,,False,False,left_to_right,False,92.5,69.1,,,False,False,False,False
976eba88-c961-4318-b11d-cdcd5d86be45,3890424,222,1,00:06:53.986,6,53,30,Pass,18,872,Darmstadt 98,From Throw In,872,Darmstadt 98,9723.0,Sandro Wagner,Center Forward,92.5,69.1,108.4,65.6,1.403292,False,,,,,,Unknown,False,16.280663,-0.21667027,High Pass,,9401.0,Marcel Heller,False,False,left_to_right,False,92.5,69.1,108.4,65.6,False,True,False,True
18e9c0ae-8a8f-4e23-9035-64670f324def,3890424,223,1,00:06:55.389,6,55,42,Ball Receipt*,18,872,Darmstadt 98,From Throw In,872,Darmstadt 98,9401.0,Marcel Heller,Right Midfield,106.5,66.3,,,,False,,,,,,,False,,,,,,,False,False,left_to_right,False,106.5,66.3,,,False,False,False,False
6a2cc9c5-eebf-460f-8d2b-b450171e119f,3890424,224,1,00:06:55.586,6,55,22,Foul Committed,18,872,Darmstadt 98,From Throw In,872,Darmstadt 98,9401.0,Marcel Heller,Right Midfield,102.5,68.1,,,0.0,False,,,,,,,False,,,,,,,False,False,left_to_right,False,102.5,68.1,,,False,False,False,False
7c8423e5-6d5f-4a8c-a380-0181d71127f8,3890424,225,1,00:06:55.586,6,55,21,Foul Won,18,872,Darmstadt 98,From Throw In,181,Schalke 04,3510.0,Sead Kolašinac,Left Back,17.6,12.0,,,0.0,True,,,,,,,False,,,,,,,False,False,left_to_right,False,17.6,12.0,,,False,False,False,False
eb0b4d07-85a4-4442-9270-401a1ce623e8,3890424,226,1,00:07:09.486,7,9,30,Pass,19,181,Schalke 04,From Free Kick,181,Schalke 04,16534.0,Roman Neustädter,Left Center Back,41.5,8.7,19.4,39.1,2.799423,False,,,,,,,True,37.58417,2.199397,Ground Pass,Free Kick,8517.0,Ralf Fährmann,False,False,left_to_right,False,41.5,8.7,19.4,39.1,False,False,False,False
1ab4a605-ae6f-4fa7-a22c-ce84317ee1eb,3890424,227,1,00:07:12.286,7,12,42,Ball Receipt*,19,181,Schalke 04,From Free Kick,181,Schalke 04,8517.0,Ralf Fährmann,Goalkeeper,19.4,39.1,,,,False,,,,,,,False,,,,,,,False,False,left_to_right,False,19.4,39.1,,,False,False,False,False
4c360c34-8222-4606-b3b6-6b40005662b4,3890424,228,1,00:07:12.286,7,12,30,Pass,19,181,Schalke 04,From Free Kick,181,Schalke 04,8517.0,Ralf Fährmann,Goalkeeper,20.1,40.6,35.4,69.8,2.306972,False,,,,,,,True,32.965588,1.088155,Ground Pass,,3502.0,Joël Andre Job Matip,False,False,left_to_right,False,20.1,40.6,35.4,69.8,False,False,False,False
809a9c49-efc8-43ee-ba39-c21c21069ee2,3890424,229,1,00:07:14.593,7,14,42,Ball Receipt*,19,181,Schalke 04,From Free Kick,181,Schalke 04,3502.0,Joël Andre Job Matip,Right Center Back,35.4,69.8,,,,False,,,,,,,False,,,,,,,False,False,left_to_right,False,35.4,69.8,,,False,False,False,False
7c0a8a17-fbf8-4844-9e7e-977fb9d791c4,3890424,230,1,00:07:14.593,7,14,43,Carry,19,181,Schalke 04,From Free Kick,181,Schalke 04,3502.0,Joël Andre Job Matip,Right Center Back,35.4,69.8,47.6,53.4,2.298465,False,,,,,,,False,,,,,,,False,False,left_to_right,False,35.4,69.8,47.6,53.4,False,False,False,False
a81f0da9-cd5c-4242-8def-69139534d13d,3890424,231,1,00:07:16.891,7,16,30,Pass,19,181,Schalke 04,From Free Kick,181,Schalke 04,3502.0,Joël Andre Job Matip,Right Center Back,47.6,53.4,48.6,42.4,1.690474,False,,,,,,,True,11.045361,-1.4801364,Ground Pass,,6717.0,Johannes Geis,False,False,left_to_right,False,47.6,53.4,48.6,42.4,False,False,False,False
3ace8ceb-c5a7-40f0-8e68-4b585443b85a,3890424,232,1,00:07:18.582,7,18,42,Ball Receipt*,19,181,Schalke 04,From Free Kick,181,Schalke 04,6717.0,Johannes Geis,Right Defensive Midfield,48.6,42.4,,,,False,,,,,,,False,,,,,,,False,False,left_to_right,False,48.6,42.4,,,False,False,False,False
1e6187b3-1ec5-4bb6-8a7f-fff5398c4af3,3890424,233,1,00:07:18.582,7,18,43,Carry,19,181,Schalke 04,From Free Kick,181,Schalke 04,6717.0,Johannes Geis,Right Defensive Midfield,48.6,42.4,45.9,42.3,0.252944,False,,,,,,,False,,,,,,,False,False,left_to_right,False,48.6,42.4,45.9,42.3,False,False,False,False
a38e849a-cf5e-4a77-8a8f-58fb565d03ac,3890424,234,1,00:07:18.835,7,18,30,Pass,19,181,Schalke 04,From Free Kick,181,Schalke 04,6717.0,Johannes Geis,Right Defensive Midfield,45.9,42.3,47.5,22.1,2.823955,False,,,,,,,True,20.263268,-1.4917535,Low Pass,,6324.0,Leon Goretzka,False,False,left_to_right,False,45.9,42.3,47.5,22.1,False,False,False,False
53aa8f17-06fc-4e38-b0f5-561289ed807f,3890424,235,1,00:07:21.659,7,21,42,Ball Receipt*,19,181,Schalke 04,From Free Kick,181,Schalke 04,6324.0,Leon Goretzka,Left Defensive Midfield,47.5,22.1,,,,False,,,,,,,False,,,,,,,False,False,left_to_right,False,47.5,22.1,,,False,False,False,False
ffe5f150-bfcb-4ff7-9059-98cf69253537,3890424,236,1,00:07:21.659,7,21,43,Carry,19,181,Schalke 04,From Free Kick,181,Schalke 04,6324.0,Leon Goretzka,Left Defensive Midfield,47.5,22.1,85.3,6.0,6.723183,True,,,,,,,False,,,,,,,False,False,left_to_right,False,47.5,22.1,85.3,6.0,True,False,False,False
e22f3ff1-e8a4-4e94-8239-6424b35a0a1c,3890424,237,1,00:07:27.754,7,27,17,Pressure,19,181,Schalke 04,From Free Kick,872,Darmstadt 98,20522.0,György Garics,Right Back,33.4,71.0,,,0.734761,False,,,,,,,False,,,,,,,False,False,left_to_right,False,33.4,71.0,,,False,False,False,False
22c85ad5-e383-45ab-be21-3445fa00fb75,3890424,238,1,00:07:28.382,7,28,30,Pass,19,181,Schalke 04,From Free Kick,181,Schalke 04,6324.0,Leon Goretzka,Left Defensive Midfield,85.3,6.0,93.6,6.5,0.596868,True,,,,,,Incomplete,False,8.315046,0.06016825,Ground Pass,,3510.0,Sead Kolašinac,False,False,left_to_right,False,85.3,6.0,93.6,6.5,False,False,False,True
33cfcb9c-95c6-4385-986c-239c00d015ed,3890424,239,1,00:07:28.979,7,28,42,Ball Receipt*,19,181,Schalke 04,From Free Kick,181,Schalke 04,3510.0,Sead Kolašinac,Left Back,95.8,6.5,,,,False,,,,,,,False,,,,,,,False,False,left_to_right,False,95.8,6.5,,,False,False,False,False
fc758363-f556-4285-a28b-ea9c4d4118a2,3890424,240,1,00:07:28.979,7,28,30,Pass,20,872,Darmstadt 98,Regular Play,872,Darmstadt 98,9401.0,Marcel Heller,Right Midfield,26.5,73.6,37.2,69.9,1.096355,False,,,,,,,True,11.321661,-0.33292326,Ground Pass,Interception,9723.0,Sandro Wagner,False,False,left_to_right,False,26.5,73.6,37.2,69.9,False,False,False,False
8bfa162c-fa7c-48e9-9544-5dafdd649c21,3890424,241,1,00:07:30.075,7,30,42,Ball Receipt*,20,872,Darmstadt 98,Regular Play,872,Darmstadt 98,9723.0,Sandro Wagner,Center Forward,37.2,69.9,,,,False,,,,,,,False,,,,,,,False,False,left_to_right,False,37.2,69.9,,,False,False,False,False
5f27de42-5488-4d30-9625-0644e8931273,3890424,242,1,00:07:30.075,7,30,43,Carry,20,872,Darmstadt 98,Regular Play,872,Darmstadt 98,9723.0,Sandro Wagner,Center Forward,37.2,69.9,36.2,68.6,1.002795,False,,,,,,,False,,,,,,,False,False,left_to_right,False,37.2,69.9,36.2,68.6,False,False,False,False
d98a26d5-9fe8-4b1a-90fa-e39c9fb50ef9,3890424,243,1,00:07:31.078,7,31,30,Pass,20,872,Darmstadt 98,Regular Play,872,Darmstadt 98,9723.0,Sandro Wagner,Center Forward,36.2,68.6,27.2,61.9,0.820847,False,,,,,,,True,11.220071,-2.5016565,Ground Pass,,40467.0,Peter Niemeyer,False,False,left_to_right,False,36.2,68.6,27.2,61.9,False,False,False,False
1c7dbec5-e971-4d5f-934a-d28c63a3b846,3890424,244,1,00:07:31.899,7,31,42,Ball Receipt*,20,872,Darmstadt 98,Regular Play,872,Darmstadt 98,40467.0,Peter Niemeyer,Right Defensive Midfield,27.2,61.9,,,,False,,,,,,,False,,,,,,,False,False,left_to_right,False,27.2,61.9,,,False,False,False,False
9a15882f-537c-447d-9c7b-2d46beeb80cd,3890424,245,1,00:07:31.899,7,31,30,Pass,20,872,Darmstadt 98,Regular Play,872,Darmstadt 98,40467.0,Peter Niemeyer,Right Defensive Midfield,28.1,61.4,61.5,56.1,1.992415,False,,,,,,Incomplete,False,33.817894,-0.15737052,Ground Pass,,8388.0,Jérôme Gondorf,False,False,left_to_right,False,28.1,61.4,61.5,56.1,False,True,False,True
fb5351ee-2805-4272-8d21-2ed3cbda09b8,3890424,246,1,00:07:33.891,7,33,42,Ball Receipt*,20,872,Darmstadt 98,Regular Play,872,Darmstadt 98,8388.0,Jérôme Gondorf,Left Defensive Midfield,58.9,57.0,,,,False,,,,,,,False,,,,,,,False,False,left_to_right,False,58.9,57.0,,,False,False,False,False
2437c9dd-28c2-4d22-b689-4e801f7b8941,3890424,247,1,00:07:33.891,7,33,10,Interception,21,181,Schalke 04,Regular Play,181,Schalke 04,6717.0,Johannes Geis,Right Defensive Midfield,58.6,24.0,,,0.0,False,,,,,,,False,,,,,,,False,False,left_to_right,False,58.6,24.0,,,False,False,False,False
d45cc3e7-29bb-46e9-a083-2adb2fbece27,3890424,248,1,00:07:33.891,7,33,43,Carry,21,181,Schalke 04,Regular Play,181,Schalke 04,6717.0,Johannes Geis,Right Defensive Midfield,58.6,24.0,53.1,24.8,1.036078,False,,,,,,,False,,,,,,,False,False,left_to_right,False,58.6,24.0,53.1,24.8,False,False,False,False
c0ee1b24-6d5f-4f2a-bd71-391c406d3ff8,3890424,249,1,00:07:34.927,7,34,30,Pass,21,181,Schalke 04,Regular Play,181,Schalke 04,6717.0,Johannes Geis,Right Defensive Midfield,53.1,24.8,47.9,50.7,2.605653,False,,,,,,,True,26.416851,1.7689342,Ground Pass,,30312.0,Uilson de Souza Paula Júnior,False,False,left_to_right,False,53.1,24.8,47.9,50.7,False,False,False,False
e7766520-c8ee-44ab-986d-85fcf83c4d13,3890424,250,1,00:07:37.533,7,37,42,Ball Receipt*,21,181,Schalke 04,Regular Play,181,Schalke 04,30312.0,Uilson de Souza Paula Júnior,Right Back,47.9,50.7,,,,False,,,,,,,False,,,,,,,False,False,left_to_right,False,47.9,50.7,,,False,False,False,False
dda9ed2e-9d2c-4d74-883c-0b24bb28cc7f,3890424,251,1,00:07:37.533,7,37,43,Carry,21,181,Schalke 04,Regular Play,181,Schalke 04,30312.0,Uilson de Souza Paula Júnior,Right Back,47.9,50.7,54.8,49.0,2.186647,False,,,,,,,False,,,,,,,False,False,left_to_right,False,47.9,50.7,54.8,49.0,False,False,False,False
25905de8-1621-4eea-b990-c996187bc557,3890424,252,1,00:07:39.720,7,39,30,Pass,21,181,Schalke 04,Regular Play,181,Schalke 04,30312.0,Uilson de Souza Paula Júnior,Right Back,54.8,49.0,75.6,49.6,1.288507,False,,,,,,,True,20.808653,0.028838158,Ground Pass,,8508.0,Max Meyer,False,False,left_to_right,False,54.8,49.0,75.6,49.6,False,True,False,False
3bdc5c86-2cd9-4bd7-8fc4-423f97fd0ef6,3890424,253,1,00:07:41.008,7,41,42,Ball Receipt*,21,181,Schalke 04,Regular Play,181,Schalke 04,8508.0,Max Meyer,Center Attacking Midfield,75.6,49.6,,,,False,,,,,,,False,,,,,,,False,False,left_to_right,False,75.6,49.6,,,False,False,False,False
8180fbe7-270d-4e59-984b-5123c60d91bd,3890424,254,1,00:07:41.008,7,41,43,Carry,21,181,Schalke 04,Regular Play,181,Schalke 04,8508.0,Max Meyer,Center Attacking Midfield,75.6,49.6,68.6,46.2,2.221861,True,,,,,,,False,,,,,,,False,False,left_to_right,False,75.6,49.6,68.6,46.2,False,False,False,False
335afc07-f56f-4118-ae9f-b6126b0687b9,3890424,255,1,00:07:42.855,7,42,17,Pressure,21,181,Schalke 04,Regular Play,872,Darmstadt 98,40477.0,Jan Rosenthal,Center Attacking Midfield,50.3,34.9,,,0.65049,False,,,,,,,False,,,,,,,False,False,left_to_right,False,50.3,34.9,,,False,False,False,False
ca9ecefe-bd63-41ff-8937-f8495541482a,3890424,256,1,00:07:43.230,7,43,30,Pass,21,181,Schalke 04,Regular Play,181,Schalke 04,8508.0,Max Meyer,Center Attacking Midfield,68.6,46.2,55.9,43.7,1.13499,True,,,,,,,True,12.943725,-2.9472275,Ground Pass,,6717.0,Johannes Geis,False,False,left_to_right,False,68.6,46.2,55.9,43.7,False,False,False,False
83249564-9f80-4797-a66f-71c287b4b4cc,3890424,257,1,00:07:44.365,7,44,42,Ball Receipt*,21,181,Schalke 04,Regular Play,181,Schalke 04,6717.0,Johannes Geis,Right Defensive Midfield,55.9,43.7,,,,False,,,,,,,False,,,,,,,False,False,left_to_right,False,55.9,43.7,,,False,False,False,False
2db270ee-2b3e-4d42-b977-2c1e09aa27b6,3890424,258,1,00:07:44.365,7,44,43,Carry,21,181,Schalke 04,Regular Play,181,Schalke 04,6717.0,Johannes Geis,Right Defensive Midfield,55.9,43.7,47.5,45.1,1.886855,False,,,,,,,False,,,,,,,False,False,left_to_right,False,55.9,43.7,47.5,45.1,False,False,False,False
0e76c115-155c-4334-9081-54baa07a5c3f,3890424,259,1,00:07:46.252,7,46,30,Pass,21,181,Schalke 04,Regular Play,181,Schalke 04,6717.0,Johannes Geis,Right Defensive Midfield,47.5,45.1,55.3,59.5,1.766198,False,,,,,,,True,16.376812,1.0743736,Ground Pass,,3502.0,Joël Andre Job Matip,False,False,left_to_right,False,47.5,45.1,55.3,59.5,False,False,False,False
6235d4c2-00b7-407f-99f5-ef1437a6bb54,3890424,260,1,00:07:48.018,7,48,42,Ball Receipt*,21,181,Schalke 04,Regular Play,181,Schalke 04,3502.0,Joël Andre Job Matip,Right Center Back,55.3,59.5,,,,False,,,,,,,False,,,,,,,False,False,left_to_right,False,55.3,59.5,,,False,False,False,False
49dd1598-c1f0-4748-b8d1-cbb4114b0030,3890424,261,1,00:07:48.018,7,48,43,Carry,21,181,Schalke 04,Regular Play,181,Schalke 04,3502.0,Joël Andre Job Matip,Right Center Back,55.3,59.5,70.4,64.8,2.109807,False,,,,,,,False,,,,,,,False,False,left_to_right,False,55.3,59.5,70.4,64.8,False,False,False,False
18464237-89a7-43e4-9ca2-888e9d804e14,3890424,262,1,00:07:50.128,7,50,30,Pass,21,181,Schalke 04,Regular Play,181,Schalke 04,3502.0,Joël Andre Job Matip,Right Center Back,70.4,64.8,88.1,62.0,1.031508,False,,,,,,Incomplete,False,17.920101,-0.15689199,High Pass,,6324.0,Leon Goretzka,False,False,left_to_right,False,70.4,64.8,88.1,62.0,False,True,True,True
b3b3bfa5-649d-4746-837f-1bcceccb30cf,3890424,263,1,00:07:51.159,7,51,42,Ball Receipt*,21,181,Schalke 04,Regular Play,181,Schalke 04,6324.0,Leon Goretzka,Left Defensive Midfield,95.6,61.3,,,,False,,,,,,,False,,,,,,,False,False,left_to_right,False,95.6,61.3,,,False,False,False,False
8ea12b98-31c4-4fa9-998b-e3c7e589bfe1,3890424,264,1,00:07:51.159,7,51,10,Interception,21,181,Schalke 04,Regular Play,872,Darmstadt 98,9404.0,Luca Caldirola,Left Back,32.0,18.1,,,0.0,False,,,,,,,False,,,,,,,False,False,left_to_right,False,32.0,18.1,,,False,False,False,False
f40feea5-9b1c-451a-9f42-b81a6b475db6,3890424,265,1,00:07:54.586,7,54,4,Duel,21,181,Schalke 04,Regular Play,181,Schalke 04,6324.0,Leon Goretzka,Left Defensive Midfield,111.9,54.9,,,0.0,True,,,,,,,False,,,,,,,False,False,left_to_right,False,111.9,54.9,,,False,False,False,False
60cf0f4e-a422-4d75-b117-340ce9e7bcc0,3890424,266,1,00:07:54.586,7,54,30,Pass,21,181,Schalke 04,Regular Play,872,Darmstadt 98,9217.0,Aytac Sulu,Right Center Back,8.2,25.2,0.1,22.7,2.422262,True,,,,,,Out,False,8.477028,-2.8422265,High Pass,Recovery,40467.0,Peter Niemeyer,False,False,left_to_right,False,8.2,25.2,0.1,22.7,False,False,False,True
ae1cc53c-c65c-480e-bd21-f7821afcee7d,3890424,267,1,00:07:57.009,7,57,42,Ball Receipt*,21,181,Schalke 04,Regular Play,872,Darmstadt 98,40467.0,Peter Niemeyer,Right Defensive Midfield,2.2,22.5,,,,False,,,,,,,False,,,,,,,False,False,left_to_right,False,2.2,22.5,,,False,False,False,False
17d903de-28c0-4447-90e0-28be6e6a7018,3890424,268,1,00:08:39.497,8,39,30,Pass,22,181,Schalke 04,From Corner,181,Schalke 04,6717.0,Johannes Geis,Right Defensive Midfield,120.0,80.0,115.9,49.8,1.274525,False,,,,,,Incomplete,False,30.477041,-1.705733,High Pass,Corner,6324.0,Leon Goretzka,False,False,left_to_right,False,120.0,80.0,115.9,49.8,False,True,False,True
6ffb2a22-981f-4a73-a0e7-6f7dc926780e,3890424,269,1,00:08:40.772,8,40,42,Ball Receipt*,22,181,Schalke 04,From Corner,181,Schalke 04,6324.0,Leon Goretzka,Left Defensive Midfield,114.7,47.1,,,,False,,,,,,,False,,,,,,,False,False,left_to_right,False,114.7,47.1,,,False,False,False,False
00c4ccd5-efb2-43a2-97e9-d3b960e25c13,3890424,270,1,00:08:40.772,8,40,9,Clearance,22,181,Schalke 04,From Corner,872,Darmstadt 98,9723.0,Sandro Wagner,Center Forward,4.2,30.3,,,0.0,True,,,,,,,False,,,,,,,False,False,left_to_right,False,4.2,30.3,,,False,False,False,False
bbe11db4-788c-4e4f-bdbf-09402dc8d791,3890424,271,1,00:08:42.047,8,42,2,Ball Recovery,22,181,Schalke 04,From Corner,181,Schalke 04,16534.0,Roman Neustädter,Left Center Back,104.2,43.1,,,0.0,False,,,,,,,False,,,,,,,False,False,left_to_right,False,104.2,43.1,,,False,False,False,False
7d84f94e-6b49-43e3-a5b2-20f9c2b012a7,3890424,272,1,00:08:42.103,8,42,16,Shot,22,181,Schalke 04,From Corner,181,Schalke 04,16534.0,Roman Neustädter,Left Center Back,105.7,39.4,120.0,53.1,1.979147,False,0.054551635,Off T,Right Foot,Volley,Open Play,,False,,,,,,,False,False,left_to_right,False,105.7,39.4,120.0,53.1,False,False,False,False
7d65e71d-0b1b-4d1c-bd1e-ba165195df07,3890424,273,1,00:08:44.082,8,44,23,Goal Keeper,22,181,Schalke 04,From Corner,872,Darmstadt 98,8306.0,Christian Mathenia,Goalkeeper,0.6,39.7,,,0.0,False,,,,,,,False,,,,,,,False,False,left_to_right,False,0.6,39.7,,,False,False,False,False
70d162bb-9f51-4d00-bd06-bfd17929e960,3890424,274,1,00:09:10.267,9,10,30,Pass,23,872,Darmstadt 98,From Goal Kick,872,Darmstadt 98,8306.0,Christian Mathenia,Goalkeeper,6.0,36.0,50.9,0.1,3.614319,False,,,,,,Out,False,57.487564,-0.6744693,High Pass,Goal Kick,9404.0,Luca Caldirola,False,False,left_to_right,False,6.0,36.0,50.9,0.1,False,True,False,True
198f7b40-8530-48ad-b919-beff4bf2c5a3,3890424,275,1,00:09:13.881,9,13,42,Ball Receipt*,23,872,Darmstadt 98,From Goal Kick,872,Darmstadt 98,9404.0,Luca Caldirola,Left Back,51.8,1.7,,,,False,,,,,,,False,,,,,,,False,False,left_to_right,False,51.8,1.7,,,False,False,False,False
f5cb1723-2b08-4b68-833f-a853e5575d6c,3890424,276,1,00:09:20.651,9,20,30,Pass,24,181,Schalke 04,From Throw In,181,Schalke 04,30312.0,Uilson de Souza Paula Júnior,Right Back,49.4,80.0,38.3,63.4,1.497094,False,,,,,,,True,19.969227,-2.1601877,Low Pass,Throw-in,3502.0,Joël Andre Job Matip,False,False,left_to_right,False,49.4,80.0,38.3,63.4,False,False,False,False
1f685303-70d2-4a43-8da2-7d0eca886d85,3890424,277,1,00:09:22.148,9,22,42,Ball Receipt*,24,181,Schalke 04,From Throw In,181,Schalke 04,3502.0,Joël Andre Job Matip,Right Center Back,38.3,63.4,,,,False,,,,,,,False,,,,,,,False,False,left_to_right,False,38.3,63.4,,,False,False,False,False
8f34a4db-9a10-414e-a13c-b049ec06653a,3890424,278,1,00:09:22.218,9,22,30,Pass,24,181,Schalke 04,From Throw In,181,Schalke 04,3502.0,Joël Andre Job Matip,Right Center Back,39.5,52.7,39.2,41.2,1.896929,False,,,,,,,True,11.503912,-1.5968773,Ground Pass,,16534.0,Roman Neustädter,False,False,left_to_right,False,39.5,52.7,39.2,41.2,False,False,False,False
72d97621-8ff7-49b8-8b4e-3678d9909735,3890424,279,1,00:09:24.115,9,24,42,Ball Receipt*,24,181,Schalke 04,From Throw In,181,Schalke 04,16534.0,Roman Neustädter,Left Center Back,39.2,41.2,,,,False,,,,,,,False,,,,,,,False,False,left_to_right,False,39.2,41.2,,,False,False,False,False
73f01fb9-6382-41b8-89e3-13db3f813295,3890424,280,1,00:09:24.115,9,24,43,Carry,24,181,Schalke 04,From Throw In,181,Schalke 04,16534.0,Roman Neustädter,Left Center Back,39.2,41.2,50.9,27.6,3.667036,False,,,,,,,False,,,,,,,False,False,left_to_right,False,39.2,41.2,50.9,27.6,False,False,False,False
089bcc95-5f0c-4990-9855-8d27b61fc726,3890424,281,1,00:09:27.782,9,27,30,Pass,24,181,Schalke 04,From Throw In,181,Schalke 04,16534.0,Roman Neustädter,Left Center Back,50.9,27.6,51.4,45.2,1.889421,False,,,,,,,True,17.607101,1.5423949,Ground Pass,,3502.0,Joël Andre Job Matip,False,False,left_to_right,False,50.9,27.6,51.4,45.2,False,False,False,False
c52ace3f-1bd9-41f8-813f-0e57c9631ba2,3890424,282,1,00:09:29.671,9,29,42,Ball Receipt*,24,181,Schalke 04,From Throw In,181,Schalke 04,3502.0,Joël Andre Job Matip,Right Center Back,51.4,45.2,,,,False,,,,,,,False,,,,,,,False,False,left_to_right,False,51.4,45.2,,,False,False,False,False
82ffb340-5ecf-4f1c-9976-97f100f2b803,3890424,283,1,00:09:29.671,9,29,43,Carry,24,181,Schalke 04,From Throw In,181,Schalke 04,3502.0,Joël Andre Job Matip,Right Center Back,51.4,45.2,65.3,45.9,5.403968,False,,,,,,,False,,,,,,,False,False,left_to_right,False,51.4,45.2,65.3,45.9,False,False,False,False
dd5b5e10-504b-44d1-90bf-081032e5a27e,3890424,284,1,00:09:35.075,9,35,30,Pass,24,181,Schalke 04,From Throw In,181,Schalke 04,3502.0,Joël Andre Job Matip,Right Center Back,65.3,45.9,108.7,29.3,2.692809,False,,,,,,Pass Offside,False,46.46633,-0.3653197,High Pass,,3510.0,Sead Kolašinac,False,False,left_to_right,False,65.3,45.9,108.7,29.3,False,True,True,True
43d5ce19-0696-4fb2-9a9b-66e0c21f31dc,3890424,285,1,00:09:37.768,9,37,42,Ball Receipt*,24,181,Schalke 04,From Throw In,181,Schalke 04,3510.0,Sead Kolašinac,Left Back,108.7,29.3,,,,False,,,,,,,False,,,,,,,False,False,left_to_right,False,108.7,29.3,,,False,False,False,False
69b42d28-47b3-47ef-a7d9-932f0cb5c4f6,3890424,286,1,00:10:11.001,10,11,30,Pass,25,872,Darmstadt 98,From Free Kick,872,Darmstadt 98,8306.0,Christian Mathenia,Goalkeeper,23.9,49.9,72.6,33.1,3.526378,False,,,,,,,True,51.516308,-0.332186,High Pass,Free Kick,9723.0,Sandro Wagner,False,False,left_to_right,False,23.9,49.9,72.6,33.1,False,True,False,False
568e8769-0ba3-4449-9ed7-2954089e481f,3890424,287,1,00:10:14.527,10,14,42,Ball Receipt*,25,872,Darmstadt 98,From Free Kick,872,Darmstadt 98,9723.0,Sandro Wagner,Center Forward,72.6,33.1,,,,False,,,,,,,False,,,,,,,False,False,left_to_right,False,72.6,33.1,,,False,False,False,False
d2a63408-4fcf-478c-807e-6e6bbd292629,3890424,288,1,00:10:14.527,10,14,4,Duel,25,872,Darmstadt 98,From Free Kick,181,Schalke 04,3053.0,Leroy Sané,Right Wing,46.7,47.4,,,0.0,True,,,,,,,False,,,,,,,False,False,left_to_right,False,46.7,47.4,,,False,False,False,False
80cee5d3-e29d-4cdf-be76-665fd1b22813,3890424,289,1,00:10:14.527,10,14,30,Pass,25,872,Darmstadt 98,From Free Kick,872,Darmstadt 98,9723.0,Sandro Wagner,Center Forward,73.4,32.7,91.7,38.9,1.575166,True,,,,,,Incomplete,False,19.321749,0.32666048,High Pass,,40477.0,Jan Rosenthal,False,False,left_to_right,False,73.4,32.7,91.7,38.9,False,True,True,True
b04eb53c-43da-4b50-ade4-97cd3ef47bb7,3890424,290,1,00:10:16.103,10,16,42,Ball Receipt*,25,872,Darmstadt 98,From Free Kick,872,Darmstadt 98,40477.0,Jan Rosenthal,Center Attacking Midfield,92.9,43.5,,,,False,,,,,,,False,,,,,,,False,False,left_to_right,False,92.9,43.5,,,False,False,False,False
dd2f0949-ea3c-49aa-b6ec-b32979a76856,3890424,291,1,00:10:16.103,10,16,30,Pass,25,872,Darmstadt 98,From Free Kick,181,Schalke 04,3502.0,Joël Andre Job Matip,Right Center Back,28.4,41.2,38.3,41.0,2.211858,False,,,,,,Incomplete,False,9.90202,-0.020199273,High Pass,Recovery,6717.0,Johannes Geis,False,False,left_to_right,False,28.4,41.2,38.3,41.0,False,False,False,True
00dc0b25-5899-4b4f-b864-3a4908a78f9b,3890424,292,1,00:10:18.314,10,18,42,Ball Receipt*,25,872,Darmstadt 98,From Free Kick,181,Schalke 04,6717.0,Johannes Geis,Right Defensive Midfield,38.9,40.2,,,,False,,,,,,,False,,,,,,,False,False,left_to_right,False,38.9,40.2,,,False,False,False,False
29f9c9ab-63b1-45f5-8817-bae8bbb37145,3890424,293,1,00:10:18.314,10,18,4,Duel,25,872,Darmstadt 98,From Free Kick,181,Schalke 04,6717.0,Johannes Geis,Right Defensive Midfield,38.3,41.0,,,0.0,True,,,,,,,False,,,,,,,False,False,left_to_right,False,38.3,41.0,,,False,False,False,False
c81d1e4e-139b-457e-b423-e40225d1da4b,3890424,294,1,00:10:18.314,10,18,30,Pass,25,872,Darmstadt 98,From Free Kick,872,Darmstadt 98,9723.0,Sandro Wagner,Center Forward,81.8,39.1,82.5,26.0,1.606238,True,,,,,,Incomplete,False,13.118689,-1.517412,High Pass,Recovery,11134.0,Konstantin Rausch,False,False,left_to_right,False,81.8,39.1,82.5,26.0,False,False,False,True
db0335eb-1739-430e-b088-6b324ad20a29,3890424,295,1,00:10:19.921,10,19,42,Ball Receipt*,25,872,Darmstadt 98,From Free Kick,872,Darmstadt 98,11134.0,Konstantin Rausch,Left Midfield,81.7,27.2,,,,False,,,,,,,False,,,,,,,False,False,left_to_right,False,81.7,27.2,,,False,False,False,False
3c33ce42-3349-4758-87de-adbaff28943b,3890424,296,1,00:10:19.921,10,19,4,Duel,25,872,Darmstadt 98,From Free Kick,872,Darmstadt 98,11134.0,Konstantin Rausch,Left Midfield,82.5,26.0,,,0.0,True,,,,,,,False,,,,,,,False,False,left_to_right,False,82.5,26.0,,,False,False,False,False
8db96606-66db-4f18-998b-aa12efc9b704,3890424,297,1,00:10:19.921,10,19,30,Pass,26,181,Schalke 04,Regular Play,181,Schalke 04,30312.0,Uilson de Souza Paula Júnior,Right Back,37.6,54.1,47.9,60.6,1.960451,True,,,,,,,True,12.179491,0.5629509,Low Pass,Recovery,3053.0,Leroy Sané,False,False,left_to_right,False,37.6,54.1,47.9,60.6,False,False,False,False
86297a01-e894-43c9-a733-4732b3cff3d4,3890424,298,1,00:10:21.881,10,21,42,Ball Receipt*,26,181,Schalke 04,Regular Play,181,Schalke 04,3053.0,Leroy Sané,Right Wing,47.9,60.6,,,,False,,,,,,,False,,,,,,,False,False,left_to_right,False,47.9,60.6,,,False,False,False,False
e0bb3195-462b-4d1c-834d-82301c7b8bf8,3890424,299,1,00:10:21.881,10,21,30,Pass,26,181,Schalke 04,Regular Play,181,Schalke 04,3053.0,Leroy Sané,Right Wing,45.6,64.0,68.6,74.9,2.874972,False,,,,,,Incomplete,False,25.452112,0.4425611,High Pass,,8508.0,Max Meyer,False,False,left_to_right,False,45.6,64.0,68.6,74.9,False,False,False,True
65a7016c-2828-4f51-830e-1e8ca351205a,3890424,300,1,00:10:24.756,10,24,42,Ball Receipt*,26,181,Schalke 04,Regular Play,181,Schalke 04,8508.0,Max Meyer,Center Attacking Midfield,65.1,74.9,,,,False,,,,,,,False,,,,,,,False,False,left_to_right,False,65.1,74.9,,,False,False,False,False
8d7f4e8a-a335-4d09-9949-9c202eab669b,3890424,301,1,00:10:24.756,10,24,9,Clearance,26,181,Schalke 04,Regular Play,872,Darmstadt 98,35033.0,Slobodan Rajković,Left Center Back,51.5,5.2,,,0.0,True,,,,,,,False,,,,,,,False,False,left_to_right,False,51.5,5.2,,,False,False,False,False
8d4bc8e1-0523-42a2-9495-f180f4774461,3890424,302,1,00:10:29.929,10,29,30,Pass,27,181,Schalke 04,From Throw In,181,Schalke 04,30312.0,Uilson de Souza Paula Júnior,Right Back,65.3,80.0,74.0,74.3,1.668947,False,,,,,,,True,10.400962,-0.5800028,Low Pass,Throw-in,8508.0,Max Meyer,False,False,left_to_right,False,65.3,80.0,74.0,74.3,False,False,False,False
39c492f8-e77f-44d9-af78-2400c27e0528,3890424,303,1,00:10:31.598,10,31,42,Ball Receipt*,27,181,Schalke 04,From Throw In,181,Schalke 04,8508.0,Max Meyer,Center Attacking Midfield,74.0,74.3,,,,False,,,,,,,False,,,,,,,False,False,left_to_right,False,74.0,74.3,,,False,False,False,False
e3bc3fd3-0569-4d1c-ac84-70a53716af0a,3890424,304,1,00:10:32.030,10,32,17,Pressure,27,181,Schalke 04,From Throw In,872,Darmstadt 98,8388.0,Jérôme Gondorf,Left Defensive Midfield,44.3,5.5,,,1.128962,False,,,,,,,False,,,,,,,False,False,left_to_right,False,44.3,5.5,,,False,False,False,False
37db7839-b2f7-4e77-9e58-37568a52541c,3890424,305,1,00:10:32.420,10,32,17,Pressure,27,181,Schalke 04,From Throw In,872,Darmstadt 98,11134.0,Konstantin Rausch,Left Midfield,45.9,5.2,,,0.56351,False,,,,,,,False,,,,,,,False,False,left_to_right,False,45.9,5.2,,,False,False,False,False
52a29319-6758-45c3-9588-ee168cb254ed,3890424,306,1,00:10:32.712,10,32,30,Pass,27,181,Schalke 04,From Throw In,181,Schalke 04,8508.0,Max Meyer,Center Attacking Midfield,69.8,74.3,70.3,70.4,0.271707,True,,,,,,Incomplete,False,3.9319208,-1.4432868,Ground Pass,,30312.0,Uilson de Souza Paula Júnior,False,False,left_to_right,False,69.8,74.3,70.3,70.4,False,False,False,True
42d8ece8-e736-4fa8-8d03-4728e13e0768,3890424,307,1,00:10:32.984,10,32,42,Ball Receipt*,27,181,Schalke 04,From Throw In,181,Schalke 04,30312.0,Uilson de Souza Paula Júnior,Right Back,69.5,69.1,,,,True,,,,,,,False,,,,,,,False,False,left_to_right,False,69.5,69.1,,,False,False,False,False
00be002a-7d02-4e7f-8e57-c6390f8adbdd,3890424,308,1,00:10:32.984,10,32,6,Block,27,181,Schalke 04,From Throw In,872,Darmstadt 98,11134.0,Konstantin Rausch,Left Midfield,49.8,9.7,,,0.0,False,,,,,,,False,,,,,,,False,False,left_to_right,False,49.8,9.7,,,False,False,False,False
8a598a25-6570-485f-952a-566360317ad3,3890424,309,1,00:10:34.504,10,34,2,Ball Recovery,27,181,Schalke 04,From Throw In,181,Schalke 04,8508.0,Max Meyer,Center Attacking Midfield,69.2,72.4,,,0.0,False,,,,,,,False,,,,,,,False,False,left_to_right,False,69.2,72.4,,,False,False,False,False
81c8b32b-de5e-4a36-a6be-e8a7b654f21a,3890424,310,1,00:10:34.504,10,34,43,Carry,27,181,Schalke 04,From Throw In,181,Schalke 04,8508.0,Max Meyer,Center Attacking Midfield,69.2,72.4,66.5,70.4,0.510365,True,,,,,,,False,,,,,,,False,False,left_to_right,False,69.2,72.4,66.5,70.4,False,False,False,False
8f04a64c-94f8-47a9-9a50-0b8060e75e84,3890424,311,1,00:10:34.701,10,34,17,Pressure,27,181,Schalke 04,From Throw In,872,Darmstadt 98,11134.0,Konstantin Rausch,Left Midfield,51.5,8.9,,,0.957969,False,,,,,,,False,,,,,,,False,False,left_to_right,False,51.5,8.9,,,False,False,False,False
c61033e8-98fe-4690-90e8-5f6501b6d452,3890424,312,1,00:10:35.015,10,35,30,Pass,27,181,Schalke 04,From Throw In,181,Schalke 04,8508.0,Max Meyer,Center Attacking Midfield,66.5,70.4,63.3,76.3,1.333804,True,,,,,,,True,6.71193,2.067765,Ground Pass,,6717.0,Johannes Geis,False,False,left_to_right,False,66.5,70.4,63.3,76.3,False,False,False,False
79f44143-4998-4b6e-9ab2-17d78a0e6595,3890424,313,1,00:10:36.349,10,36,42,Ball Receipt*,27,181,Schalke 04,From Throw In,181,Schalke 04,6717.0,Johannes Geis,Right Defensive Midfield,63.3,76.3,,,,False,,,,,,,False,,,,,,,False,False,left_to_right,False,63.3,76.3,,,False,False,False,False
fb0c42ad-8724-4da6-9dde-49435a5a4b2c,3890424,314,1,00:10:36.349,10,36,43,Carry,27,181,Schalke 04,From Throw In,181,Schalke 04,6717.0,Johannes Geis,Right Defensive Midfield,63.3,76.3,59.8,73.8,0.205221,False,,,,,,,False,,,,,,,False,False,left_to_right,False,63.3,76.3,59.8,73.8,False,False,False,False
14226071-ccd9-4fa0-bac6-47c3bdcf96f5,3890424,315,1,00:10:36.554,10,36,30,Pass,27,181,Schalke 04,From Throw In,181,Schalke 04,6717.0,Johannes Geis,Right Defensive Midfield,59.8,73.8,42.0,60.1,1.983659,False,,,,,,,True,22.461744,-2.4856255,Ground Pass,,3502.0,Joël Andre Job Matip,False,False,left_to_right,False,59.8,73.8,42.0,60.1,False,False,False,False
744f69e5-9cfe-422b-8ad2-900138617677,3890424,316,1,00:10:38.537,10,38,42,Ball Receipt*,27,181,Schalke 04,From Throw In,181,Schalke 04,3502.0,Joël Andre Job Matip,Right Center Back,42.0,60.1,,,,False,,,,,,,False,,,,,,,False,False,left_to_right,False,42.0,60.1,,,False,False,False,False
0d556e8a-7077-42bc-bbdf-244d847de584,3890424,317,1,00:10:38.537,10,38,43,Carry,27,181,Schalke 04,From Throw In,181,Schalke 04,3502.0,Joël Andre Job Matip,Right Center Back,42.0,60.1,44.0,57.9,0.326251,False,,,,,,,False,,,,,,,False,False,left_to_right,False,42.0,60.1,44.0,57.9,False,False,False,False
c2016407-06b7-48b0-b63d-c5864755210f,3890424,318,1,00:10:38.864,10,38,30,Pass,27,181,Schalke 04,From Throw In,181,Schalke 04,3502.0,Joël Andre Job Matip,Right Center Back,44.0,57.9,43.6,42.4,1.788113,False,,,,,,,True,15.50516,-1.5965971,Ground Pass,,16534.0,Roman Neustädter,False,False,left_to_right,False,44.0,57.9,43.6,42.4,False,False,False,False
0259106d-c776-42d7-b027-cc117b2ba2e7,3890424,319,1,00:10:40.652,10,40,42,Ball Receipt*,27,181,Schalke 04,From Throw In,181,Schalke 04,16534.0,Roman Neustädter,Left Center Back,43.6,42.4,,,,False,,,,,,,False,,,,,,,False,False,left_to_right,False,43.6,42.4,,,False,False,False,False
80c774f7-570c-424f-ad39-959ca022ebe0,3890424,320,1,00:10:40.652,10,40,43,Carry,27,181,Schalke 04,From Throw In,181,Schalke 04,16534.0,Roman Neustädter,Left Center Back,43.6,42.4,70.4,29.9,3.647438,False,,,,,,,False,,,,,,,False,False,left_to_right,False,43.6,42.4,70.4,29.9,True,False,False,False
a9f313ef-aac0-4c44-ad5c-5a72fbffdd50,3890424,321,1,00:10:44.299,10,44,30,Pass,27,181,Schalke 04,From Throw In,181,Schalke 04,16534.0,Roman Neustädter,Left Center Back,70.4,29.9,84.0,8.4,1.733032,False,,,,,,,True,25.440323,-1.0067804,Ground Pass,,3499.0,Jean-Eric Maxim Choupo-Moting,False,False,left_to_right,False,70.4,29.9,84.0,8.4,False,False,True,False
49836362-eda5-44f6-be90-d26ffa761c80,3890424,322,1,00:10:46.032,10,46,42,Ball Receipt*,27,181,Schalke 04,From Throw In,181,Schalke 04,3499.0,Jean-Eric Maxim Choupo-Moting,Left Wing,84.0,8.4,,,,False,,,,,,,False,,,,,,,False,False,left_to_right,False,84.0,8.4,,,False,False,False,False
5412bb42-2f18-4118-97a7-89ddfe2a58fd,3890424,323,1,00:10:46.032,10,46,43,Carry,27,181,Schalke 04,From Throw In,181,Schalke 04,3499.0,Jean-Eric Maxim Choupo-Moting,Left Wing,84.0,8.4,86.7,9.0,1.061391,False,,,,,,,False,,,,,,,False,False,left_to_right,False,84.0,8.4,86.7,9.0,False,False,False,False
987b1069-5364-4f3e-b72e-b62d2d62349f,3890424,324,1,00:10:47.094,10,47,14,Dribble,27,181,Schalke 04,From Throw In,181,Schalke 04,3499.0,Jean-Eric Maxim Choupo-Moting,Left Wing,86.7,9.0,,,0.0,True,,,,,,,False,,,,,,,False,False,left_to_right,False,86.7,9.0,,,False,False,False,False
1d03d713-d4af-428d-9400-b1516349546d,3890424,325,1,00:10:47.094,10,47,4,Duel,27,181,Schalke 04,From Throw In,872,Darmstadt 98,20522.0,György Garics,Right Back,33.4,71.1,,,0.0,True,,,,,,,False,,,,,,,False,False,left_to_right,False,33.4,71.1,,,False,False,False,False
b9f0468d-f06a-4554-a2f5-5f742b612649,3890424,326,1,00:10:53.373,10,53,30,Pass,28,181,Schalke 04,From Throw In,181,Schalke 04,3510.0,Sead Kolašinac,Left Back,78.1,0.1,65.1,8.5,1.461036,False,,,,,,,True,15.477726,2.567926,High Pass,Throw-in,16534.0,Roman Neustädter,False,False,left_to_right,False,78.1,0.1,65.1,8.5,False,False,False,False
3195f212-bd50-432b-96cf-3e8d04f7aa9a,3890424,327,1,00:10:54.834,10,54,42,Ball Receipt*,28,181,Schalke 04,From Throw In,181,Schalke 04,16534.0,Roman Neustädter,Left Center Back,65.1,8.5,,,,False,,,,,,,False,,,,,,,False,False,left_to_right,False,65.1,8.5,,,False,False,False,False
baf6d594-71cf-4609-814b-7f5d415b3c9a,3890424,328,1,00:10:54.834,10,54,43,Carry,28,181,Schalke 04,From Throw In,181,Schalke 04,16534.0,Roman Neustädter,Left Center Back,65.1,8.5,61.1,12.3,3.392536,False,,,,,,,False,,,,,,,False,False,left_to_right,False,65.1,8.5,61.1,12.3,False,False,False,False
2a85a64f-b011-498f-ac83-7fb68413a897,3890424,329,1,00:10:58.227,10,58,30,Pass,28,181,Schalke 04,From Throw In,181,Schalke 04,16534.0,Roman Neustädter,Left Center Back,61.1,12.3,68.1,29.3,1.67161,False,,,,,,,True,18.384777,1.1801893,Ground Pass,,6717.0,Johannes Geis,False,False,left_to_right,False,61.1,12.3,68.1,29.3,False,False,False,False
41cb8cfa-f3b1-4d4d-8afc-d9f951adf46e,3890424,330,1,00:10:58.372,10,58,17,Pressure,28,181,Schalke 04,From Throw In,872,Darmstadt 98,40467.0,Peter Niemeyer,Right Defensive Midfield,55.7,66.4,,,0.467592,False,,,,,,,False,,,,,,,False,False,left_to_right,False,55.7,66.4,,,False,False,False,False
082a834a-1fe4-4e6a-9978-6a66b02a69a1,3890424,331,1,00:10:59.898,10,59,42,Ball Receipt*,28,181,Schalke 04,From Throw In,181,Schalke 04,6717.0,Johannes Geis,Right Defensive Midfield,68.1,29.3,,,,False,,,,,,,False,,,,,,,False,False,left_to_right,False,68.1,29.3,,,False,False,False,False
fef5ec82-604f-42fa-b2f1-1695185efe48,3890424,332,1,00:10:59.898,10,59,43,Carry,28,181,Schalke 04,From Throw In,181,Schalke 04,6717.0,Johannes Geis,Right Defensive Midfield,68.1,29.3,78.7,29.5,1.427143,True,,,,,,,False,,,,,,,False,False,left_to_right,False,68.1,29.3,78.7,29.5,False,False,False,False
d69142e9-7428-4a3e-b0c3-cc3e2fd4ce09,3890424,333,1,00:11:00.848,11,0,17,Pressure,28,181,Schalke 04,From Throw In,872,Darmstadt 98,40467.0,Peter Niemeyer,Right Defensive Midfield,44.7,50.6,,,0.722487,False,,,,,,,False,,,,,,,False,False,left_to_right,False,44.7,50.6,,,False,False,False,False
601cd5a7-708b-4b0c-9a32-edd62e35b633,3890424,334,1,00:11:01.325,11,1,30,Pass,28,181,Schalke 04,From Throw In,181,Schalke 04,6717.0,Johannes Geis,Right Defensive Midfield,78.7,29.5,108.7,0.6,2.618618,True,,,,,,Out,False,41.655853,-0.7667246,High Pass,,3510.0,Sead Kolašinac,False,False,left_to_right,False,78.7,29.5,108.7,0.6,False,False,True,True
d5041836-2f94-464e-b457-843a7af17276,3890424,335,1,00:11:03.944,11,3,42,Ball Receipt*,28,181,Schalke 04,From Throw In,181,Schalke 04,3510.0,Sead Kolašinac,Left Back,105.1,3.7,,,,False,,,,,,,False,,,,,,,False,False,left_to_right,False,105.1,3.7,,,False,False,False,False
bb8e2aa5-5251-4582-b450-e7c35efd85eb,3890424,336,1,00:11:23.531,11,23,30,Pass,29,872,Darmstadt 98,From Throw In,872,Darmstadt 98,20522.0,György Garics,Right Back,22.2,80.0,50.0,63.9,1.953077,False,,,,,,,True,32.125534,-0.52493757,High Pass,Throw-in,40477.0,Jan Rosenthal,False,False,left_to_right,False,22.2,80.0,50.0,63.9,False,True,False,False
ddd380e0-d87b-466c-83e7-5f4a5bffc753,3890424,337,1,00:11:25.484,11,25,42,Ball Receipt*,29,872,Darmstadt 98,From Throw In,872,Darmstadt 98,40477.0,Jan Rosenthal,Center Attacking Midfield,50.0,63.9,,,,False,,,,,,,False,,,,,,,False,False,left_to_right,False,50.0,63.9,,,False,False,False,False
20b09049-71a2-4b87-8592-8c82b7481add,3890424,338,1,00:11:25.484,11,25,4,Duel,29,872,Darmstadt 98,From Throw In,181,Schalke 04,6324.0,Leon Goretzka,Left Defensive Midfield,69.0,15.7,,,0.0,True,,,,,,,False,,,,,,,False,False,left_to_right,False,69.0,15.7,,,False,False,False,False
bcd8142b-928a-43af-a92e-283ba5af3150,3890424,339,1,00:11:25.484,11,25,30,Pass,29,872,Darmstadt 98,From Throw In,872,Darmstadt 98,40477.0,Jan Rosenthal,Center Attacking Midfield,51.1,64.4,73.2,64.9,2.191487,True,,,,,,,True,22.105656,0.022620576,High Pass,,9401.0,Marcel Heller,False,False,left_to_right,False,51.1,64.4,73.2,64.9,False,True,False,False
d3eff8ed-b5fa-411f-abbd-4dafb9408fd0,3890424,340,1,00:11:27.676,11,27,42,Ball Receipt*,29,872,Darmstadt 98,From Throw In,872,Darmstadt 98,9401.0,Marcel Heller,Right Midfield,73.2,64.9,,,,False,,,,,,,False,,,,,,,False,False,left_to_right,False,73.2,64.9,,,False,False,False,False
3819e79c-9e26-4384-b93b-6cb897e3ceb9,3890424,341,1,00:11:27.676,11,27,43,Carry,29,872,Darmstadt 98,From Throw In,872,Darmstadt 98,9401.0,Marcel Heller,Right Midfield,73.2,64.9,115.6,64.2,6.606215,True,,,,,,,False,,,,,,,False,False,left_to_right,False,73.2,64.9,115.6,64.2,True,False,False,False
5aeb0cd0-7637-4d1f-b4ef-cab631d4a718,3890424,342,1,00:11:29.110,11,29,17,Pressure,29,872,Darmstadt 98,From Throw In,181,Schalke 04,16534.0,Roman Neustädter,Left Center Back,16.9,10.6,,,2.987453,False,,,,,,,False,,,,,,,False,False,left_to_right,False,16.9,10.6,,,False,False,False,False
222e48ab-631d-4090-b476-90fbe25aa6e3,3890424,343,1,00:11:34.282,11,34,30,Pass,29,872,Darmstadt 98,From Throw In,872,Darmstadt 98,9401.0,Marcel Heller,Right Midfield,115.6,64.2,111.1,34.4,1.560668,False,,,,,,Incomplete,False,30.13785,-1.7206707,High Pass,,8388.0,Jérôme Gondorf,False,False,left_to_right,False,115.6,64.2,111.1,34.4,False,True,False,True
032eaf95-0083-40ba-b327-d190c9e2729c,3890424,344,1,00:11:35.843,11,35,42,Ball Receipt*,29,872,Darmstadt 98,From Throw In,872,Darmstadt 98,8388.0,Jérôme Gondorf,Left Defensive Midfield,110.7,37.7,,,,False,,,,,,,False,,,,,,,False,False,left_to_right,False,110.7,37.7,,,False,False,False,False
d0ff8d97-0b9b-49d1-9260-07dd222b60a1,3890424,345,1,00:11:35.843,11,35,9,Clearance,29,872,Darmstadt 98,From Throw In,181,Schalke 04,30312.0,Uilson de Souza Paula Júnior,Right Back,9.0,45.7,,,0.0,True,,,,,,,False,,,,,,,False,False,left_to_right,False,9.0,45.7,,,False,False,False,False
ecb89ecc-e9b0-4468-a9a9-ac8b24755dfc,3890424,346,1,00:11:37.423,11,37,17,Pressure,29,872,Darmstadt 98,From Throw In,181,Schalke 04,3502.0,Joël Andre Job Matip,Right Center Back,2.2,31.2,,,1.089737,False,,,,,,,False,,,,,,,False,False,left_to_right,False,2.2,31.2,,,False,False,False,False
5d85a9ac-1357-4349-aae3-3f648929c9c8,3890424,347,1,00:11:38.024,11,38,2,Ball Recovery,29,872,Darmstadt 98,From Throw In,872,Darmstadt 98,40477.0,Jan Rosenthal,Center Attacking Midfield,118.6,49.9,,,0.0,True,,,,,,,False,,,,,,,False,False,left_to_right,False,118.6,49.9,,,False,False,False,False
cad03104-1fe7-448c-9ab8-97cff1575760,3890424,348,1,00:11:38.024,11,38,43,Carry,29,872,Darmstadt 98,From Throw In,872,Darmstadt 98,40477.0,Jan Rosenthal,Center Attacking Midfield,118.6,49.9,117.9,50.8,0.489102,True,,,,,,,False,,,,,,,False,False,left_to_right,False,118.6,49.9,117.9,50.8,False,False,False,False
6d17a0cf-19fa-427d-9093-5227f85a737f,3890424,349,1,00:11:38.513,11,38,3,Dispossessed,29,872,Darmstadt 98,From Throw In,872,Darmstadt 98,40477.0,Jan Rosenthal,Center Attacking Midfield,117.9,50.8,,,0.0,True,,,,,,,False,,,,,,,False,False,left_to_right,False,117.9,50.8,,,False,False,False,True
5f7a9afc-8e6c-4155-b230-b7eb7ab9ce40,3890424,350,1,00:11:38.513,11,38,4,Duel,29,872,Darmstadt 98,From Throw In,181,Schalke 04,3502.0,Joël Andre Job Matip,Right Center Back,2.2,29.3,,,0.0,True,,,,,,,False,,,,,,,False,False,left_to_right,False,2.2,29.3,,,False,False,False,False
e31775fa-193d-4d3c-b3ae-8aa53ea87d77,3890424,351,1,00:11:42.027,11,42,2,Ball Recovery,29,872,Darmstadt 98,From Throw In,181,Schalke 04,16534.0,Roman Neustädter,Left Center Back,20.9,24.1,,,0.0,False,,,,,,,False,,,,,,,False,False,left_to_right,False,20.9,24.1,,,False,False,False,False
53fb62f5-736b-441c-8e99-6f8bad3b7a88,3890424,352,1,00:11:42.027,11,42,43,Carry,29,872,Darmstadt 98,From Throw In,181,Schalke 04,16534.0,Roman Neustädter,Left Center Back,20.9,24.1,26.5,22.7,1.172516,True,,,,,,,False,,,,,,,False,False,left_to_right,False,20.9,24.1,26.5,22.7,False,False,False,False
5779b61a-14de-4ce0-80a8-96ab8509e099,3890424,353,1,00:11:43.043,11,43,17,Pressure,29,872,Darmstadt 98,From Throw In,872,Darmstadt 98,40467.0,Peter Niemeyer,Right Defensive Midfield,92.2,57.0,,,0.304456,False,,,,,,,False,,,,,,,False,False,left_to_right,False,92.2,57.0,,,False,False,False,False
16c17a03-b400-4d78-a6ca-a5c252a31d80,3890424,354,1,00:11:43.199,11,43,30,Pass,29,872,Darmstadt 98,From Throw In,181,Schalke 04,16534.0,Roman Neustädter,Left Center Back,26.5,22.7,24.8,6.6,1.854492,True,,,,,,Incomplete,False,16.189503,-1.6759965,Ground Pass,,3499.0,Jean-Eric Maxim Choupo-Moting,False,False,left_to_right,False,26.5,22.7,24.8,6.6,False,False,False,True
cbf597ed-9bc5-4a54-a8c7-a4441c8fa4d2,3890424,355,1,00:11:45.054,11,45,42,Ball Receipt*,29,872,Darmstadt 98,From Throw In,181,Schalke 04,3499.0,Jean-Eric Maxim Choupo-Moting,Left Wing,32.3,13.1,,,,False,,,,,,,False,,,,,,,False,False,left_to_right,False,32.3,13.1,,,False,False,False,False
49794b25-9e7c-471a-952f-6b9b97af9a35,3890424,356,1,00:11:45.054,11,45,2,Ball Recovery,29,872,Darmstadt 98,From Throw In,872,Darmstadt 98,9401.0,Marcel Heller,Right Midfield,95.3,73.5,,,0.0,False,,,,,,,False,,,,,,,False,False,left_to_right,False,95.3,73.5,,,False,False,False,False
9a75eed4-cf8a-4c6b-a096-3beb168171f2,3890424,357,1,00:11:45.054,11,45,43,Carry,29,872,Darmstadt 98,From Throw In,872,Darmstadt 98,9401.0,Marcel Heller,Right Midfield,95.3,73.5,98.2,75.8,0.664373,True,,,,,,,False,,,,,,,False,False,left_to_right,False,95.3,73.5,98.2,75.8,False,False,False,False
cd74f98d-1797-42a3-bbfa-8304dc757fee,3890424,358,1,00:11:45.665,11,45,17,Pressure,29,872,Darmstadt 98,From Throw In,181,Schalke 04,3499.0,Jean-Eric Maxim Choupo-Moting,Left Wing,23.4,6.0,,,0.370513,False,,,,,,,False,,,,,,,False,False,left_to_right,False,23.4,6.0,,,False,False,False,False
93607581-0a86-4fcb-932f-60fcadd08843,3890424,359,1,00:11:45.718,11,45,30,Pass,29,872,Darmstadt 98,From Throw In,872,Darmstadt 98,9401.0,Marcel Heller,Right Midfield,98.2,75.8,84.5,72.4,1.428982,True,,,,,,,True,14.115594,-2.898332,Ground Pass,,20522.0,György Garics,False,False,left_to_right,False,98.2,75.8,84.5,72.4,False,False,False,False
027e84b5-6c12-4d1c-88bd-fc521a2cde08,3890424,360,1,00:11:47.147,11,47,42,Ball Receipt*,29,872,Darmstadt 98,From Throw In,872,Darmstadt 98,20522.0,György Garics,Right Back,84.5,72.4,,,,False,,,,,,,False,,,,,,,False,False,left_to_right,False,84.5,72.4,,,False,False,False,False
a9abcf06-831b-45ef-a57c-cab29adc5149,3890424,361,1,00:11:47.147,11,47,43,Carry,29,872,Darmstadt 98,From Throw In,872,Darmstadt 98,20522.0,György Garics,Right Back,84.5,72.4,74.2,69.7,2.113935,True,,,,,,,False,,,,,,,False,False,left_to_right,False,84.5,72.4,74.2,69.7,False,False,False,False
814bbe8d-9169-4714-bfc6-34cbc6d16cb0,3890424,362,1,00:11:47.720,11,47,17,Pressure,29,872,Darmstadt 98,From Throw In,181,Schalke 04,8060.0,Klaas-Jan Huntelaar,Center Forward,35.4,8.4,,,0.566129,False,,,,,,,False,,,,,,,False,False,left_to_right,False,35.4,8.4,,,False,False,False,False
c01a943a-0d03-4a5e-9ef4-b9e7f4f4a987,3890424,363,1,00:11:49.261,11,49,30,Pass,29,872,Darmstadt 98,From Throw In,872,Darmstadt 98,20522.0,György Garics,Right Back,74.2,69.7,56.5,39.7,3.692667,False,,,,,,,True,34.832314,-2.1038303,Ground Pass,,35033.0,Slobodan Rajković,False,False,left_to_right,False,74.2,69.7,56.5,39.7,False,False,False,False
53ae9a4a-8b52-4071-ab40-55a86f963729,3890424,364,1,00:11:52.954,11,52,42,Ball Receipt*,29,872,Darmstadt 98,From Throw In,872,Darmstadt 98,35033.0,Slobodan Rajković,Left Center Back,56.5,39.7,,,,False,,,,,,,False,,,,,,,False,False,left_to_right,False,56.5,39.7,,,False,False,False,False
27bc08c3-ac7f-42d5-b978-9d088b55f6cb,3890424,365,1,00:11:52.954,11,52,43,Carry,29,872,Darmstadt 98,From Throw In,872,Darmstadt 98,35033.0,Slobodan Rajković,Left Center Back,56.5,39.7,56.2,33.0,1.218912,True,,,,,,,False,,,,,,,False,False,left_to_right,False,56.5,39.7,56.2,33.0,False,False,False,False
daff8f11-b6ad-43a3-9c67-ce96da1f1fe1,3890424,366,1,00:11:53.983,11,53,17,Pressure,29,872,Darmstadt 98,From Throw In,181,Schalke 04,8508.0,Max Meyer,Center Attacking Midfield,63.9,44.3,,,0.706631,False,,,,,,,False,,,,,,,False,False,left_to_right,False,63.9,44.3,,,False,False,False,False
26955745-6d4c-4e98-9d51-f886960ef504,3890424,367,1,00:11:54.173,11,54,30,Pass,29,872,Darmstadt 98,From Throw In,872,Darmstadt 98,35033.0,Slobodan Rajković,Left Center Back,56.2,33.0,92.3,30.5,2.302848,True,,,,,,Incomplete,False,36.186462,-0.069141686,High Pass,,8388.0,Jérôme Gondorf,False,False,left_to_right,False,56.2,33.0,92.3,30.5,False,True,True,True
fbac1f07-3059-4e19-9835-4b2e0865dcc6,3890424,368,1,00:11:56.475,11,56,42,Ball Receipt*,29,872,Darmstadt 98,From Throw In,872,Darmstadt 98,8388.0,Jérôme Gondorf,Left Defensive Midfield,94.0,31.9,,,,False,,,,,,,False,,,,,,,False,False,left_to_right,False,94.0,31.9,,,False,False,False,False
56c3198c-bfec-4188-ac26-1491345dada1,3890424,369,1,00:11:56.475,11,56,30,Pass,30,181,Schalke 04,Regular Play,181,Schalke 04,16534.0,Roman Neustädter,Left Center Back,27.8,49.6,7.0,46.3,2.357534,False,,,,,,,True,21.060152,-2.9842503,Low Pass,Recovery,8517.0,Ralf Fährmann,False,False,left_to_right,False,27.8,49.6,7.0,46.3,False,False,False,False
2bfd936f-1f7e-46b5-999e-665819f15a2a,3890424,370,1,00:11:58.833,11,58,42,Ball Receipt*,30,181,Schalke 04,Regular Play,181,Schalke 04,8517.0,Ralf Fährmann,Goalkeeper,7.0,46.3,,,,False,,,,,,,False,,,,,,,False,False,left_to_right,False,7.0,46.3,,,False,False,False,False
2dd36a5d-da93-4d46-b847-d87779adc619,3890424,371,1,00:12:22.951,12,22,30,Pass,30,181,Schalke 04,Regular Play,181,Schalke 04,8517.0,Ralf Fährmann,Goalkeeper,14.7,40.9,77.0,51.8,1.598632,False,,,,,,,True,63.246346,0.17320673,High Pass,,3053.0,Leroy Sané,False,False,left_to_right,False,14.7,40.9,77.0,51.8,False,True,False,False
4cbafa3e-aaaf-4237-817d-cec3576c9af1,3890424,372,1,00:12:24.241,12,24,17,Pressure,30,181,Schalke 04,Regular Play,872,Darmstadt 98,40467.0,Peter Niemeyer,Right Defensive Midfield,44.7,31.9,,,0.501716,False,,,,,,,False,,,,,,,False,False,left_to_right,False,44.7,31.9,,,False,False,False,False
83bd265d-6bc3-4124-a31e-5ce9e866bf25,3890424,373,1,00:12:24.549,12,24,42,Ball Receipt*,30,181,Schalke 04,Regular Play,181,Schalke 04,3053.0,Leroy Sané,Right Wing,77.0,51.8,,,,True,,,,,,,False,,,,,,,False,False,left_to_right,False,77.0,51.8,,,False,False,False,False
9ea1fc3f-a632-42c4-8ff4-8cbb7f79194d,3890424,374,1,00:12:24.549,12,24,43,Carry,30,181,Schalke 04,Regular Play,181,Schalke 04,3053.0,Leroy Sané,Right Wing,77.0,51.8,76.4,49.5,0.185024,True,,,,,,,False,,,,,,,False,False,left_to_right,False,77.0,51.8,76.4,49.5,False,False,False,False
b641b85f-d103-44dd-83cf-91fd0dc70bc4,3890424,375,1,00:12:24.734,12,24,22,Foul Committed,30,181,Schalke 04,Regular Play,872,Darmstadt 98,40467.0,Peter Niemeyer,Right Defensive Midfield,43.7,30.6,,,0.0,False,,,,,,,False,,,,,,,False,False,left_to_right,False,43.7,30.6,,,False,False,False,False
47177127-d377-4146-88cd-0ffb384a86f8,3890424,376,1,00:12:24.734,12,24,21,Foul Won,30,181,Schalke 04,Regular Play,181,Schalke 04,3053.0,Leroy Sané,Right Wing,76.4,49.5,,,0.0,True,,,,,,,False,,,,,,,False,False,left_to_right,False,76.4,49.5,,,False,False,False,False
10a14fe6-8d88-46bf-9e9e-7eb4d9457efd,3890424,377,1,00:13:07.255,13,7,30,Pass,31,181,Schalke 04,From Free Kick,181,Schalke 04,6717.0,Johannes Geis,Right Defensive Midfield,76.9,64.8,113.3,41.2,1.814681,False,,,,,,Incomplete,False,43.381104,-0.5752156,High Pass,Free Kick,3502.0,Joël Andre Job Matip,False,False,left_to_right,False,76.9,64.8,113.3,41.2,False,True,True,True
48fbe3d9-e135-4815-af28-50a54379c6e5,3890424,378,1,00:13:09.070,13,9,42,Ball Receipt*,31,181,Schalke 04,From Free Kick,181,Schalke 04,3502.0,Joël Andre Job Matip,Right Center Back,112.8,39.3,,,,False,,,,,,,False,,,,,,,False,False,left_to_right,False,112.8,39.3,,,False,False,False,False
25857795-918b-4fe6-97c4-20b820471b53,3890424,379,1,00:13:09.070,13,9,4,Duel,31,181,Schalke 04,From Free Kick,181,Schalke 04,3502.0,Joël Andre Job Matip,Right Center Back,113.3,41.2,,,0.0,True,,,,,,,False,,,,,,,False,False,left_to_right,False,113.3,41.2,,,False,False,False,False
8fb5f3ee-ce80-4d01-8546-624d44b5d3a2,3890424,380,1,00:13:09.070,13,9,9,Clearance,31,181,Schalke 04,From Free Kick,872,Darmstadt 98,40477.0,Jan Rosenthal,Center Attacking Midfield,6.8,38.9,,,0.0,True,,,,,,,False,,,,,,,False,False,left_to_right,False,6.8,38.9,,,False,False,False,False
53dd0ef3-40b9-4fca-ba05-206342f679bf,3890424,381,1,00:13:34.937,13,34,30,Pass,32,181,Schalke 04,From Corner,181,Schalke 04,6717.0,Johannes Geis,Right Defensive Midfield,120.0,80.0,112.3,45.6,1.53261,False,,,,,,Unknown,False,35.25124,-1.7910037,High Pass,Corner,3502.0,Joël Andre Job Matip,False,False,left_to_right,False,120.0,80.0,112.3,45.6,False,True,False,True
b404e929-009e-41aa-a974-ab5d440ed6e5,3890424,382,1,00:13:36.394,13,36,42,Ball Receipt*,32,181,Schalke 04,From Corner,181,Schalke 04,3502.0,Joël Andre Job Matip,Right Center Back,111.5,43.7,,,,False,,,,,,,False,,,,,,,False,False,left_to_right,False,111.5,43.7,,,False,False,False,False
6ce765f4-09ed-4465-b2c7-2bdd1d23d527,3890424,383,1,00:13:36.394,13,36,22,Foul Committed,32,181,Schalke 04,From Corner,181,Schalke 04,3502.0,Joël Andre Job Matip,Right Center Back,110.8,43.8,,,0.0,False,,,,,,,False,,,,,,,False,False,left_to_right,False,110.8,43.8,,,False,False,False,False
3e9ce178-a309-40b0-8fd3-8067bb64c519,3890424,384,1,00:13:36.394,13,36,21,Foul Won,32,181,Schalke 04,From Corner,872,Darmstadt 98,9217.0,Aytac Sulu,Right Center Back,9.3,36.3,,,0.0,True,,,,,,,False,,,,,,,False,False,left_to_right,False,9.3,36.3,,,False,False,False,False
07bb3ada-1f46-4b05-8739-d67d9022b648,3890424,385,1,00:14:07.728,14,7,30,Pass,33,872,Darmstadt 98,From Free Kick,872,Darmstadt 98,8306.0,Christian Mathenia,Goalkeeper,12.0,31.6,74.5,30.0,3.769794,False,,,,,,,True,62.520477,-0.02559441,High Pass,Free Kick,40477.0,Jan Rosenthal,False,False,left_to_right,False,12.0,31.6,74.5,30.0,False,True,False,False
c23449da-82b3-4f7e-a7da-dc6b21d284a9,3890424,386,1,00:14:11.498,14,11,42,Ball Receipt*,33,872,Darmstadt 98,From Free Kick,872,Darmstadt 98,40477.0,Jan Rosenthal,Center Attacking Midfield,74.5,30.0,,,,False,,,,,,,False,,,,,,,False,False,left_to_right,False,74.5,30.0,,,False,False,False,False
b008f85f-719d-4c45-a4fc-8226598751cb,3890424,387,1,00:14:11.633,14,11,4,Duel,33,872,Darmstadt 98,From Free Kick,181,Schalke 04,3502.0,Joël Andre Job Matip,Right Center Back,45.6,50.2,,,0.0,True,,,,,,,False,,,,,,,False,False,left_to_right,False,45.6,50.2,,,False,False,False,False
8167c0b3-1f17-48db-9040-60fada17e7d0,3890424,388,1,00:14:11.633,14,11,30,Pass,33,872,Darmstadt 98,From Free Kick,872,Darmstadt 98,40477.0,Jan Rosenthal,Center Attacking Midfield,74.5,29.9,88.9,16.1,1.84098,True,,,,,,,True,19.944923,-0.76412475,High Pass,,11134.0,Konstantin Rausch,False,False,left_to_right,False,74.5,29.9,88.9,16.1,False,False,True,False
3fb1c168-f97a-4357-8580-a249e894e9e4,3890424,389,1,00:14:13.474,14,13,42,Ball Receipt*,33,872,Darmstadt 98,From Free Kick,872,Darmstadt 98,11134.0,Konstantin Rausch,Left Midfield,88.9,16.1,,,,False,,,,,,,False,,,,,,,False,False,left_to_right,False,88.9,16.1,,,False,False,False,False
152a8675-7012-4dea-a57d-b4df50b021ec,3890424,390,1,00:14:13.474,14,13,43,Carry,33,872,Darmstadt 98,From Free Kick,872,Darmstadt 98,11134.0,Konstantin Rausch,Left Midfield,88.9,16.1,91.8,16.7,1.051883,False,,,,,,,False,,,,,,,False,False,left_to_right,False,88.9,16.1,91.8,16.7,False,False,False,False
730758b5-e31d-4ebb-95fd-ea68300eea56,3890424,391,1,00:14:14.526,14,14,30,Pass,33,872,Darmstadt 98,From Free Kick,872,Darmstadt 98,11134.0,Konstantin Rausch,Left Midfield,91.8,16.7,97.3,23.9,1.037102,False,,,,,,,True,9.060353,0.91846544,Ground Pass,,9723.0,Sandro Wagner,False,False,left_to_right,False,91.8,16.7,97.3,23.9,False,False,False,False
eefdd859-4d8d-402d-8346-d3e2eea7c031,3890424,392,1,00:14:15.563,14,15,42,Ball Receipt*,33,872,Darmstadt 98,From Free Kick,872,Darmstadt 98,9723.0,Sandro Wagner,Center Forward,97.3,23.9,,,,False,,,,,,,False,,,,,,,False,False,left_to_right,False,97.3,23.9,,,False,False,False,False
b40318ce-b7e7-4fd1-bb35-53b1cf5bad90,3890424,393,1,00:14:15.563,14,15,43,Carry,33,872,Darmstadt 98,From Free Kick,872,Darmstadt 98,9723.0,Sandro Wagner,Center Forward,97.3,23.9,95.6,27.8,0.378909,True,,,,,,,False,,,,,,,False,False,left_to_right,False,97.3,23.9,95.6,27.8,False,False,False,False
adffc507-fd3b-40e9-924e-6a82ff501bd9,3890424,394,1,00:14:15.647,14,15,17,Pressure,33,872,Darmstadt 98,From Free Kick,181,Schalke 04,16534.0,Roman Neustädter,Left Center Back,22.8,55.2,,,0.581002,False,,,,,,,False,,,,,,,False,False,left_to_right,False,22.8,55.2,,,False,False,False,False
653c75f7-f285-4b01-9eab-5cd7384bcfe1,3890424,395,1,00:14:15.942,14,15,30,Pass,33,872,Darmstadt 98,From Free Kick,872,Darmstadt 98,9723.0,Sandro Wagner,Center Forward,95.6,27.8,100.7,23.9,0.774493,True,,,,,,Incomplete,False,6.4202805,-0.65284663,Low Pass,,11134.0,Konstantin Rausch,False,False,left_to_right,False,95.6,27.8,100.7,23.9,False,False,False,True
8877c602-c6ef-4f61-83bc-f38af96e237e,3890424,396,1,00:14:16.717,14,16,42,Ball Receipt*,33,872,Darmstadt 98,From Free Kick,872,Darmstadt 98,11134.0,Konstantin Rausch,Left Midfield,99.5,17.2,,,,False,,,,,,,False,,,,,,,False,False,left_to_right,False,99.5,17.2,,,False,False,False,False
d3be9866-0820-415d-a146-fa21d14a2129,3890424,397,1,00:14:16.717,14,16,2,Ball Recovery,33,872,Darmstadt 98,From Free Kick,181,Schalke 04,30312.0,Uilson de Souza Paula Júnior,Right Back,19.4,56.2,,,0.0,False,,,,,,,False,,,,,,,False,False,left_to_right,False,19.4,56.2,,,False,False,False,False
b3543088-363a-4b96-bce9-2e3a9cb86aec,3890424,398,1,00:14:17.587,14,17,17,Pressure,33,872,Darmstadt 98,From Free Kick,872,Darmstadt 98,9723.0,Sandro Wagner,Center Forward,97.6,20.8,,,0.484406,False,,,,,,,False,,,,,,,False,False,left_to_right,False,97.6,20.8,,,False,False,False,False
df1c31e4-f47b-4cc5-8a56-514b5c7be072,3890424,399,1,00:14:17.649,14,17,30,Pass,33,872,Darmstadt 98,From Free Kick,181,Schalke 04,3502.0,Joël Andre Job Matip,Right Center Back,23.4,59.3,30.9,62.6,1.381217,True,,,,,,,True,8.1939,0.41450688,Low Pass,Recovery,3053.0,Leroy Sané,False,False,left_to_right,False,23.4,59.3,30.9,62.6,False,False,False,False
59caa5f2-0d26-4553-9fcd-85a360cf7288,3890424,400,1,00:14:18.605,14,18,17,Pressure,33,872,Darmstadt 98,From Free Kick,872,Darmstadt 98,9404.0,Luca Caldirola,Left Back,88.1,17.4,,,0.504091,False,,,,,,,False,,,,,,,False,False,left_to_right,False,88.1,17.4,,,False,False,False,False
91b214a2-c629-4926-a0c7-7ac64e6c731e,3890424,401,1,00:14:19.030,14,19,42,Ball Receipt*,33,872,Darmstadt 98,From Free Kick,181,Schalke 04,3053.0,Leroy Sané,Right Wing,30.9,62.6,,,,True,,,,,,,False,,,,,,,False,False,left_to_right,False,30.9,62.6,,,False,False,False,False
86e90a75-98f1-437b-a8f4-b0994e1c9364,3890424,402,1,00:14:19.030,14,19,43,Carry,33,872,Darmstadt 98,From Free Kick,181,Schalke 04,3053.0,Leroy Sané,Right Wing,30.9,62.6,29.2,66.5,0.348338,True,,,,,,,False,,,,,,,False,False,left_to_right,False,30.9,62.6,29.2,66.5,False,False,False,False
3b34a108-eeca-4192-9e2c-5b018ffed6eb,3890424,403,1,00:14:19.378,14,19,38,Miscontrol,33,872,Darmstadt 98,From Free Kick,181,Schalke 04,3053.0,Leroy Sané,Right Wing,29.2,66.5,,,0.0,False,,,,,,,False,,,,,,,False,False,left_to_right,False,29.2,66.5,,,False,False,False,True
83ae40fe-5afc-4547-b33a-2790188636a0,3890424,404,1,00:14:19.867,14,19,4,Duel,33,872,Darmstadt 98,From Free Kick,181,Schalke 04,3053.0,Leroy Sané,Right Wing,30.0,66.6,,,0.0,True,,,,,,,False,,,,,,,False,False,left_to_right,False,30.0,66.6,,,False,False,False,False
5365c779-0cb6-4fa4-9821-cce46380569d,3890424,405,1,00:14:19.867,14,19,30,Pass,33,872,Darmstadt 98,From Free Kick,872,Darmstadt 98,8388.0,Jérôme Gondorf,Left Defensive Midfield,90.1,13.5,85.3,18.3,0.610772,True,,,,,,,True,6.788225,2.3561945,High Pass,Recovery,9404.0,Luca Caldirola,False,False,left_to_right,False,90.1,13.5,85.3,18.3,False,False,False,False
8c69c428-1b0c-4392-a3d7-63209cfc4ad7,3890424,406,1,00:14:20.478,14,20,42,Ball Receipt*,33,872,Darmstadt 98,From Free Kick,872,Darmstadt 98,9404.0,Luca Caldirola,Left Back,85.3,18.3,,,,False,,,,,,,False,,,,,,,False,False,left_to_right,False,85.3,18.3,,,False,False,False,False
68163b2c-8ef1-47cb-ba02-f78dc44ddf48,3890424,407,1,00:14:20.478,14,20,43,Carry,33,872,Darmstadt 98,From Free Kick,872,Darmstadt 98,9404.0,Luca Caldirola,Left Back,85.3,18.3,85.7,18.0,0.357339,False,,,,,,,False,,,,,,,False,False,left_to_right,False,85.3,18.3,85.7,18.0,False,False,False,False
5fa46c43-477f-4236-8dc3-5ea5ac826364,3890424,408,1,00:14:20.835,14,20,30,Pass,33,872,Darmstadt 98,From Free Kick,872,Darmstadt 98,9404.0,Luca Caldirola,Left Back,85.7,18.0,100.1,8.3,1.558094,False,,,,,,Incomplete,False,17.362316,-0.5927949,High Pass,,8388.0,Jérôme Gondorf,False,False,left_to_right,False,85.7,18.0,100.1,8.3,False,False,False,True
dd5bde41-1da4-46a5-8fdb-8eb102e2ee64,3890424,409,1,00:14:22.393,14,22,42,Ball Receipt*,33,872,Darmstadt 98,From Free Kick,872,Darmstadt 98,8388.0,Jérôme Gondorf,Left Defensive Midfield,98.1,8.8,,,,False,,,,,,,False,,,,,,,False,False,left_to_right,False,98.1,8.8,,,False,False,False,False
a343d1be-d19b-43a3-a013-dd77f64a872c,3890424,410,1,00:14:22.393,14,22,9,Clearance,33,872,Darmstadt 98,From Free Kick,181,Schalke 04,30312.0,Uilson de Souza Paula Júnior,Right Back,20.0,71.8,,,0.0,True,,,,,,,False,,,,,,,False,False,left_to_right,False,20.0,71.8,,,False,False,False,False
fb20cad9-8617-4b51-a32d-bb9c07f8a026,3890424,411,1,00:14:26.588,14,26,30,Pass,34,872,Darmstadt 98,From Throw In,872,Darmstadt 98,9404.0,Luca Caldirola,Left Back,96.2,0.1,95.3,11.0,0.972162,False,,,,,,,True,10.937093,1.6531782,High Pass,Throw-in,11134.0,Konstantin Rausch,False,False,left_to_right,False,96.2,0.1,95.3,11.0,False,False,False,False
9862cfd4-c6af-40e1-8409-ab7df1f24ae1,3890424,412,1,00:14:27.560,14,27,42,Ball Receipt*,34,872,Darmstadt 98,From Throw In,872,Darmstadt 98,11134.0,Konstantin Rausch,Left Midfield,95.3,11.0,,,,False,,,,,,,False,,,,,,,False,False,left_to_right,False,95.3,11.0,,,False,False,False,False
b8976745-d76d-4f64-a5e7-169c2dd94e54,3890424,413,1,00:14:27.560,14,27,30,Pass,34,872,Darmstadt 98,From Throw In,872,Darmstadt 98,11134.0,Konstantin Rausch,Left Midfield,95.3,11.0,97.9,3.8,0.923877,False,,,,,,,True,7.6550636,-1.2242575,Ground Pass,,9404.0,Luca Caldirola,False,False,left_to_right,False,95.3,11.0,97.9,3.8,False,False,False,False
03e01c52-ce73-48cc-8865-b0814fc063a4,3890424,414,1,00:14:28.484,14,28,42,Ball Receipt*,34,872,Darmstadt 98,From Throw In,872,Darmstadt 98,9404.0,Luca Caldirola,Left Back,97.9,3.8,,,,False,,,,,,,False,,,,,,,False,False,left_to_right,False,97.9,3.8,,,False,False,False,False
315239fa-d9fc-4362-a11b-94590b3b7641,3890424,415,1,00:14:31.130,14,31,17,Pressure,34,872,Darmstadt 98,From Throw In,181,Schalke 04,3053.0,Leroy Sané,Right Wing,27.3,75.7,,,0.825763,False,,,,,,,False,,,,,,,False,False,left_to_right,False,27.3,75.7,,,False,False,False,False
05f2d331-457e-4945-819d-8bfda0504ff9,3890424,416,1,00:14:31.678,14,31,30,Pass,34,872,Darmstadt 98,From Throw In,872,Darmstadt 98,9404.0,Luca Caldirola,Left Back,91.1,5.8,96.1,17.4,0.707542,True,,,,,,,True,12.631706,1.1638255,Ground Pass,,40477.0,Jan Rosenthal,False,False,left_to_right,False,91.1,5.8,96.1,17.4,False,True,False,False
b1f074c9-fcf5-415e-9df6-e7149d67f81f,3890424,417,1,00:14:32.130,14,32,17,Pressure,34,872,Darmstadt 98,From Throw In,181,Schalke 04,6324.0,Leon Goretzka,Left Defensive Midfield,24.0,61.3,,,0.495644,False,,,,,,,False,,,,,,,False,False,left_to_right,False,24.0,61.3,,,False,False,False,False
bce09a4d-f438-430d-ae22-397a2bb808a9,3890424,418,1,00:14:32.386,14,32,42,Ball Receipt*,34,872,Darmstadt 98,From Throw In,872,Darmstadt 98,40477.0,Jan Rosenthal,Center Attacking Midfield,96.1,17.4,,,,True,,,,,,,False,,,,,,,False,False,left_to_right,False,96.1,17.4,,,False,False,False,False
74851adf-71ac-47b9-9c94-3e537a8c3e83,3890424,419,1,00:14:32.386,14,32,30,Pass,34,872,Darmstadt 98,From Throw In,872,Darmstadt 98,40477.0,Jan Rosenthal,Center Attacking Midfield,95.4,17.5,99.3,17.4,0.623885,True,,,,,,,True,3.9012818,-0.025635408,Ground Pass,,8388.0,Jérôme Gondorf,False,False,left_to_right,False,95.4,17.5,99.3,17.4,False,False,False,False
04800b75-7004-4df1-a454-feaca53f9ce0,3890424,420,1,00:14:33.010,14,33,42,Ball Receipt*,34,872,Darmstadt 98,From Throw In,872,Darmstadt 98,8388.0,Jérôme Gondorf,Left Defensive Midfield,99.3,17.4,,,,False,,,,,,,False,,,,,,,False,False,left_to_right,False,99.3,17.4,,,False,False,False,False
eae58fb6-cf18-4a24-acb9-cd934742b120,3890424,421,1,00:14:33.010,14,33,43,Carry,34,872,Darmstadt 98,From Throw In,872,Darmstadt 98,8388.0,Jérôme Gondorf,Left Defensive Midfield,99.3,17.4,99.3,18.0,0.863311,False,,,,,,,False,,,,,,,False,False,left_to_right,False,99.3,17.4,99.3,18.0,False,False,False,False
19af7330-62f4-439b-b020-10a92a1263ae,3890424,422,1,00:14:33.873,14,33,30,Pass,34,872,Darmstadt 98,From Throw In,872,Darmstadt 98,8388.0,Jérôme Gondorf,Left Defensive Midfield,99.3,18.0,102.9,18.1,0.273677,False,,,,,,Incomplete,False,3.6013887,0.027770637,Ground Pass,,11134.0,Konstantin Rausch,False,False,left_to_right,False,99.3,18.0,102.9,18.1,False,False,False,True
c53c250b-f631-4e9b-96fa-ba5eb2ba8e62,3890424,423,1,00:14:34.147,14,34,42,Ball Receipt*,34,872,Darmstadt 98,From Throw In,872,Darmstadt 98,11134.0,Konstantin Rausch,Left Midfield,106.1,18.9,,,,False,,,,,,,False,,,,,,,False,False,left_to_right,False,106.1,18.9,,,False,False,False,False
5782b1a7-0402-4b34-91b4-828e19bdacd4,3890424,424,1,00:14:34.147,14,34,6,Block,34,872,Darmstadt 98,From Throw In,181,Schalke 04,3502.0,Joël Andre Job Matip,Right Center Back,17.2,62.0,,,0.0,False,,,,,,,False,,,,,,,False,False,left_to_right,False,17.2,62.0,,,False,False,False,False
59c1f06f-a961-404c-a91f-a9a3c089316d,3890424,425,1,00:14:36.632,14,36,2,Ball Recovery,34,872,Darmstadt 98,From Throw In,872,Darmstadt 98,8388.0,Jérôme Gondorf,Left Defensive Midfield,101.5,5.0,,,0.0,False,,,,,,,False,,,,,,,False,False,left_to_right,False,101.5,5.0,,,False,False,False,False
369a100b-34ff-4dd1-8b5d-f493a2515b85,3890424,426,1,00:14:36.632,14,36,43,Carry,34,872,Darmstadt 98,From Throw In,872,Darmstadt 98,8388.0,Jérôme Gondorf,Left Defensive Midfield,101.5,5.0,103.4,10.5,1.823609,False,,,,,,,False,,,,,,,False,False,left_to_right,False,101.5,5.0,103.4,10.5,False,False,False,False
30f84d87-98b1-4547-a98e-7cc7d0fa5e11,3890424,427,1,00:14:38.455,14,38,38,Miscontrol,34,872,Darmstadt 98,From Throw In,872,Darmstadt 98,8388.0,Jérôme Gondorf,Left Defensive Midfield,103.4,10.5,,,0.0,False,,,,,,,False,,,,,,,False,False,left_to_right,False,103.4,10.5,,,False,False,False,True
fb3de6ed-a133-475b-9a10-3862c51481c9,3890424,428,1,00:14:39.099,14,39,33,50/50,34,872,Darmstadt 98,From Throw In,872,Darmstadt 98,8388.0,Jérôme Gondorf,Left Defensive Midfield,104.8,13.0,,,0.0,True,,,,,,,False,,,,,,,False,False,left_to_right,False,104.8,13.0,,,False,False,False,False
6586bc22-286d-4742-9694-25bcead1fceb,3890424,429,1,00:14:39.099,14,39,33,50/50,35,181,Schalke 04,Regular Play,181,Schalke 04,30312.0,Uilson de Souza Paula Júnior,Right Back,15.3,67.1,,,0.0,True,,,,,,,False,,,,,,,False,False,left_to_right,False,15.3,67.1,,,False,False,False,False
b1e65475-a972-482b-a8e5-4c0d47e676e6,3890424,430,1,00:14:39.099,14,39,43,Carry,35,181,Schalke 04,Regular Play,181,Schalke 04,30312.0,Uilson de Souza Paula Júnior,Right Back,15.3,67.1,17.3,73.1,1.987726,True,,,,,,,False,,,,,,,False,False,left_to_right,False,15.3,67.1,17.3,73.1,False,False,False,False
3f3dc019-1625-4b23-aeba-04566095bde6,3890424,431,1,00:14:40.771,14,40,17,Pressure,35,181,Schalke 04,Regular Play,872,Darmstadt 98,9404.0,Luca Caldirola,Left Back,105.7,7.0,,,0.385309,False,,,,,,,False,,,,,,,False,False,left_to_right,False,105.7,7.0,,,False,False,False,False
f52f9d2d-f278-4e3f-89ac-fb8f93f49c14,3890424,432,1,00:14:41.087,14,41,30,Pass,35,181,Schalke 04,Regular Play,181,Schalke 04,30312.0,Uilson de Souza Paula Júnior,Right Back,17.3,73.1,32.3,76.3,1.623507,True,,,,,,,True,15.337536,0.21018259,Low Pass,,8060.0,Klaas-Jan Huntelaar,False,False,left_to_right,False,17.3,73.1,32.3,76.3,False,False,False,False
c8d16f33-ae65-4942-bd28-82f59a34d5f1,3890424,433,1,00:14:42.644,14,42,17,Pressure,35,181,Schalke 04,Regular Play,872,Darmstadt 98,40467.0,Peter Niemeyer,Right Defensive Midfield,86.8,3.8,,,0.909054,False,,,,,,,False,,,,,,,False,False,left_to_right,False,86.8,3.8,,,False,False,False,False
06c5ac6f-691b-4ad4-8301-4387bf361434,3890424,434,1,00:14:42.711,14,42,42,Ball Receipt*,35,181,Schalke 04,Regular Play,181,Schalke 04,8060.0,Klaas-Jan Huntelaar,Center Forward,32.3,76.3,,,,True,,,,,,,False,,,,,,,False,False,left_to_right,False,32.3,76.3,,,False,False,False,False
d2aab6d1-5b80-4875-a608-fc7a12fe93e8,3890424,435,1,00:14:42.711,14,42,43,Carry,35,181,Schalke 04,Regular Play,181,Schalke 04,8060.0,Klaas-Jan Huntelaar,Center Forward,32.3,76.3,31.1,74.6,0.537483,True,,,,,,,False,,,,,,,False,False,left_to_right,False,32.3,76.3,31.1,74.6,False,False,False,False
49e9b79d-c0e3-45fb-bc3f-4084fc712604,3890424,436,1,00:14:43.248,14,43,30,Pass,35,181,Schalke 04,Regular Play,181,Schalke 04,8060.0,Klaas-Jan Huntelaar,Center Forward,31.1,74.6,29.0,73.5,0.310812,True,,,,,,Incomplete,False,2.3706539,-2.6590793,Ground Pass,,3053.0,Leroy Sané,False,False,left_to_right,False,31.1,74.6,29.0,73.5,False,False,False,True
fef13b5b-cf0c-4c36-97c2-63f9f24eda70,3890424,437,1,00:14:43.559,14,43,42,Ball Receipt*,35,181,Schalke 04,Regular Play,181,Schalke 04,3053.0,Leroy Sané,Right Wing,24.5,73.5,,,,False,,,,,,,False,,,,,,,False,False,left_to_right,False,24.5,73.5,,,False,False,False,False
fbaeb300-c466-4ffe-bf09-7b3b4d4e06b5,3890424,438,1,00:14:43.559,14,43,6,Block,35,181,Schalke 04,Regular Play,872,Darmstadt 98,40467.0,Peter Niemeyer,Right Defensive Midfield,91.1,6.6,,,0.0,False,,,,,,,False,,,,,,,False,False,left_to_right,False,91.1,6.6,,,False,False,False,False
cbe964d5-1ed5-4eda-9a54-859274c9543b,3890424,439,1,00:14:54.339,14,54,30,Pass,36,181,Schalke 04,From Throw In,181,Schalke 04,30312.0,Uilson de Souza Paula Júnior,Right Back,37.0,80.0,35.8,63.2,1.120758,False,,,,,,,True,16.842802,-1.6421038,Low Pass,Throw-in,6717.0,Johannes Geis,False,False,left_to_right,False,37.0,80.0,35.8,63.2,False,False,False,False
88a2cb02-9296-44a4-adbe-456dd8c209e9,3890424,440,1,00:14:55.460,14,55,42,Ball Receipt*,36,181,Schalke 04,From Throw In,181,Schalke 04,6717.0,Johannes Geis,Right Defensive Midfield,35.8,63.2,,,,False,,,,,,,False,,,,,,,False,False,left_to_right,False,35.8,63.2,,,False,False,False,False
2b2a1c7a-d79a-4a44-ba7f-150044394aa6,3890424,441,1,00:14:55.460,14,55,43,Carry,36,181,Schalke 04,From Throw In,181,Schalke 04,6717.0,Johannes Geis,Right Defensive Midfield,35.8,63.2,35.8,64.5,0.291098,False,,,,,,,False,,,,,,,False,False,left_to_right,False,35.8,63.2,35.8,64.5,False,False,False,False
595ad852-c0f7-4d44-9ea4-07ec9cd77518,3890424,442,1,00:14:55.751,14,55,30,Pass,36,181,Schalke 04,From Throw In,181,Schalke 04,6717.0,Johannes Geis,Right Defensive Midfield,35.8,64.5,38.4,76.2,0.963508,False,,,,,,,True,11.985408,1.3521274,Ground Pass,,30312.0,Uilson de Souza Paula Júnior,False,False,left_to_right,False,35.8,64.5,38.4,76.2,False,False,False,False
c427c95b-b303-4781-b06b-a327f8fa98ce,3890424,443,1,00:14:56.485,14,56,17,Pressure,36,181,Schalke 04,From Throw In,872,Darmstadt 98,11134.0,Konstantin Rausch,Left Midfield,80.6,5.8,,,0.840195,False,,,,,,,False,,,,,,,False,False,left_to_right,False,80.6,5.8,,,False,False,False,False
548a94af-ac74-4cc4-b3b6-3ed4f173580c,3890424,444,1,00:14:56.714,14,56,42,Ball Receipt*,36,181,Schalke 04,From Throw In,181,Schalke 04,30312.0,Uilson de Souza Paula Júnior,Right Back,38.4,76.2,,,,True,,,,,,,False,,,,,,,False,False,left_to_right,False,38.4,76.2,,,False,False,False,False
3a89e3d9-10b8-46f8-9ce9-d366b4ba820c,3890424,445,1,00:14:56.714,14,56,43,Carry,36,181,Schalke 04,From Throw In,181,Schalke 04,30312.0,Uilson de Souza Paula Júnior,Right Back,38.4,76.2,38.3,76.8,0.278453,True,,,,,,,False,,,,,,,False,False,left_to_right,False,38.4,76.2,38.3,76.8,False,False,False,False
e14340ea-f91b-4048-b5bc-bfe6146793a8,3890424,446,1,00:14:56.993,14,56,30,Pass,36,181,Schalke 04,From Throw In,181,Schalke 04,30312.0,Uilson de Souza Paula Júnior,Right Back,38.3,76.8,38.9,69.8,1.19099,True,,,,,,,True,7.025667,-1.485291,Ground Pass,,6717.0,Johannes Geis,False,False,left_to_right,False,38.3,76.8,38.9,69.8,False,False,False,False
75d0442f-ffa1-4004-8033-790ff242b31e,3890424,447,1,00:14:57.933,14,57,17,Pressure,36,181,Schalke 04,From Throw In,872,Darmstadt 98,40477.0,Jan Rosenthal,Center Attacking Midfield,81.7,13.3,,,0.410192,False,,,,,,,False,,,,,,,False,False,left_to_right,False,81.7,13.3,,,False,False,False,False
ff092a8a-d44b-4902-909a-26c9531f1205,3890424,448,1,00:14:58.184,14,58,42,Ball Receipt*,36,181,Schalke 04,From Throw In,181,Schalke 04,6717.0,Johannes Geis,Right Defensive Midfield,38.9,69.8,,,,True,,,,,,,False,,,,,,,False,False,left_to_right,False,38.9,69.8,,,False,False,False,False
5777ec94-f3b9-4632-a13b-b67cd39ff01a,3890424,449,1,00:14:58.184,14,58,30,Pass,36,181,Schalke 04,From Throw In,181,Schalke 04,6717.0,Johannes Geis,Right Defensive Midfield,40.9,68.4,75.8,73.1,1.805588,True,,,,,,Incomplete,False,35.215054,0.1338651,High Pass,,8060.0,Klaas-Jan Huntelaar,False,False,left_to_right,False,40.9,68.4,75.8,73.1,False,True,False,True
363dd218-b951-4c43-9e42-0a0244148475,3890424,450,1,00:14:59.989,14,59,42,Ball Receipt*,36,181,Schalke 04,From Throw In,181,Schalke 04,8060.0,Klaas-Jan Huntelaar,Center Forward,73.4,72.0,,,,False,,,,,,,False,,,,,,,False,False,left_to_right,False,73.4,72.0,,,False,False,False,False
e668a38b-f20d-4b13-8a69-4b723a4bdc97,3890424,451,1,00:14:59.989,14,59,30,Pass,36,181,Schalke 04,From Throw In,872,Darmstadt 98,35033.0,Slobodan Rajković,Left Center Back,44.3,7.0,55.1,0.1,2.380204,False,,,,,,Out,False,12.816006,-0.56852454,Low Pass,Recovery,9404.0,Luca Caldirola,False,False,left_to_right,False,44.3,7.0,55.1,0.1,False,False,False,True
12cfa915-d8e8-45b2-ae78-fa1167636ef0,3890424,452,1,00:15:02.370,15,2,42,Ball Receipt*,36,181,Schalke 04,From Throw In,872,Darmstadt 98,9404.0,Luca Caldirola,Left Back,57.2,2.2,,,,False,,,,,,,False,,,,,,,False,False,left_to_right,False,57.2,2.2,,,False,False,False,False
e9700bca-4053-47cd-a919-0a6438d4317f,3890424,453,1,00:15:05.614,15,5,30,Pass,37,181,Schalke 04,From Throw In,181,Schalke 04,30312.0,Uilson de Souza Paula Júnior,Right Back,63.9,80.0,72.8,65.7,0.934123,False,,,,,,,True,16.843397,-1.0140849,High Pass,Throw-in,3053.0,Leroy Sané,False,False,left_to_right,False,63.9,80.0,72.8,65.7,False,False,False,False
75ec824d-5911-4bba-b94b-96afd73dca8d,3890424,454,1,00:15:06.548,15,6,42,Ball Receipt*,37,181,Schalke 04,From Throw In,181,Schalke 04,3053.0,Leroy Sané,Right Wing,72.8,65.7,,,,False,,,,,,,False,,,,,,,False,False,left_to_right,False,72.8,65.7,,,False,False,False,False
c5aefabd-0bf8-49c4-ae43-d88a64ca1bb9,3890424,455,1,00:15:06.548,15,6,43,Carry,37,181,Schalke 04,From Throw In,181,Schalke 04,3053.0,Leroy Sané,Right Wing,72.8,65.7,72.3,74.9,0.468045,False,,,,,,,False,,,,,,,False,False,left_to_right,False,72.8,65.7,72.3,74.9,False,False,False,False
67036d52-ce96-4f6f-88f5-2da61f22995e,3890424,456,1,00:15:07.016,15,7,30,Pass,37,181,Schalke 04,From Throw In,181,Schalke 04,3053.0,Leroy Sané,Right Wing,72.3,74.9,64.7,77.1,1.632855,False,,,,,,,True,7.9120164,2.8598208,Low Pass,,30312.0,Uilson de Souza Paula Júnior,False,False,left_to_right,False,72.3,74.9,64.7,77.1,False,False,False,False
dd8d62e4-12c9-4baf-9338-cc1360e18d1c,3890424,457,1,00:15:08.024,15,8,17,Pressure,37,181,Schalke 04,From Throw In,872,Darmstadt 98,11134.0,Konstantin Rausch,Left Midfield,53.6,4.5,,,0.544178,False,,,,,,,False,,,,,,,False,False,left_to_right,False,53.6,4.5,,,False,False,False,False
788a94e0-3ebe-4d2b-9494-ac5c364833bd,3890424,458,1,00:15:08.649,15,8,42,Ball Receipt*,37,181,Schalke 04,From Throw In,181,Schalke 04,30312.0,Uilson de Souza Paula Júnior,Right Back,64.7,77.1,,,,False,,,,,,,False,,,,,,,False,False,left_to_right,False,64.7,77.1,,,False,False,False,False
389768fd-f177-41aa-8f37-977075d48ce0,3890424,459,1,00:15:08.649,15,8,30,Pass,37,181,Schalke 04,From Throw In,181,Schalke 04,30312.0,Uilson de Souza Paula Júnior,Right Back,65.0,75.6,71.4,69.8,2.129329,False,,,,,,Unknown,False,8.637129,-0.73625743,High Pass,,3053.0,Leroy Sané,False,False,left_to_right,False,65.0,75.6,71.4,69.8,False,False,False,True
ab8ec212-6181-42db-ad18-139facb1616f,3890424,460,1,00:15:09.930,15,9,42,Ball Receipt*,37,181,Schalke 04,From Throw In,181,Schalke 04,3053.0,Leroy Sané,Right Wing,70.8,70.1,,,,False,,,,,,,False,,,,,,,False,False,left_to_right,False,70.8,70.1,,,False,False,False,False
8dd25e75-d5d0-497e-af36-a8082b97f89d,3890424,461,1,00:15:09.930,15,9,22,Foul Committed,37,181,Schalke 04,From Throw In,181,Schalke 04,3053.0,Leroy Sané,Right Wing,70.9,70.7,,,0.0,False,,,,,,,False,,,,,,,False,False,left_to_right,False,70.9,70.7,,,False,False,False,False
0f7e0be7-e1e5-47fe-9679-7065885a3d34,3890424,462,1,00:15:09.930,15,9,21,Foul Won,37,181,Schalke 04,From Throw In,872,Darmstadt 98,9404.0,Luca Caldirola,Left Back,49.2,9.4,,,0.0,True,,,,,,,False,,,,,,,False,False,left_to_right,False,49.2,9.4,,,False,False,False,False
a56afba3-d9b4-4670-9025-9a42a4baa083,3890424,463,1,00:15:44.307,15,44,30,Pass,38,872,Darmstadt 98,From Free Kick,872,Darmstadt 98,9404.0,Luca Caldirola,Left Back,50.3,8.5,96.8,29.9,3.785447,False,,,,,,,True,51.18799,0.43131623,High Pass,Free Kick,9723.0,Sandro Wagner,False,False,left_to_right,False,50.3,8.5,96.8,29.9,False,True,True,False
15ff0e7d-3a7f-45ac-8228-fa84f9c98f57,3890424,464,1,00:15:48.092,15,48,42,Ball Receipt*,38,872,Darmstadt 98,From Free Kick,872,Darmstadt 98,9723.0,Sandro Wagner,Center Forward,96.8,29.9,,,,False,,,,,,,False,,,,,,,False,False,left_to_right,False,96.8,29.9,,,False,False,False,False
e578102b-b802-4764-bf3f-ee786439b611,3890424,465,1,00:15:49.020,15,49,17,Pressure,38,872,Darmstadt 98,From Free Kick,181,Schalke 04,6717.0,Johannes Geis,Right Defensive Midfield,22.0,50.2,,,1.852325,False,,,,,,,False,,,,,,,False,False,left_to_right,False,22.0,50.2,,,False,False,False,False
4b289dc1-1659-4c65-bf93-b270217c1bf2,3890424,466,1,00:15:50.417,15,50,17,Pressure,38,872,Darmstadt 98,From Free Kick,181,Schalke 04,6324.0,Leon Goretzka,Left Defensive Midfield,22.6,48.1,,,0.628511,False,,,,,,,False,,,,,,,False,False,left_to_right,False,22.6,48.1,,,False,False,False,False
7074b015-6aa3-443a-9375-f757f06eaa69,3890424,467,1,00:15:51.046,15,51,3,Dispossessed,38,872,Darmstadt 98,From Free Kick,872,Darmstadt 98,9723.0,Sandro Wagner,Center Forward,95.6,32.0,,,0.0,True,,,,,,,False,,,,,,,False,False,left_to_right,False,95.6,32.0,,,False,False,False,True
193e8f17-9353-4337-bfd0-a639eb32f317,3890424,468,1,00:15:51.046,15,51,4,Duel,39,181,Schalke 04,Regular Play,181,Schalke 04,6324.0,Leon Goretzka,Left Defensive Midfield,24.5,48.1,,,0.0,True,,,,,,,False,,,,,,,False,False,left_to_right,False,24.5,48.1,,,False,False,False,False
0032a567-a27b-4c83-b77b-2e3ea71e889c,3890424,469,1,00:15:52.583,15,52,17,Pressure,39,181,Schalke 04,Regular Play,872,Darmstadt 98,11134.0,Konstantin Rausch,Left Midfield,92.3,18.9,,,0.720521,False,,,,,,,False,,,,,,,False,False,left_to_right,False,92.3,18.9,,,False,False,False,False
70e8e77f-921e-4415-a40b-c99ceaa72b2d,3890424,470,1,00:15:53.002,15,53,30,Pass,39,181,Schalke 04,Regular Play,181,Schalke 04,8508.0,Max Meyer,Center Attacking Midfield,28.4,57.0,22.0,61.2,1.399918,True,,,,,,,True,7.6550636,2.5608363,Ground Pass,Recovery,30312.0,Uilson de Souza Paula Júnior,False,False,left_to_right,False,28.4,57.0,22.0,61.2,False,False,False,False
99d05787-4900-464b-a02a-904863a3a8d0,3890424,471,1,00:15:54.402,15,54,42,Ball Receipt*,39,181,Schalke 04,Regular Play,181,Schalke 04,30312.0,Uilson de Souza Paula Júnior,Right Back,22.0,61.2,,,,False,,,,,,,False,,,,,,,False,False,left_to_right,False,22.0,61.2,,,False,False,False,False
5fa39af9-535b-43a1-a349-e812e190bd60,3890424,472,1,00:15:54.402,15,54,43,Carry,39,181,Schalke 04,Regular Play,181,Schalke 04,30312.0,Uilson de Souza Paula Júnior,Right Back,22.0,61.2,30.6,63.4,1.473052,False,,,,,,,False,,,,,,,False,False,left_to_right,False,22.0,61.2,30.6,63.4,False,False,False,False
704b296f-0622-4a86-a638-d722c60a3cd5,3890424,473,1,00:15:55.875,15,55,30,Pass,39,181,Schalke 04,Regular Play,181,Schalke 04,30312.0,Uilson de Souza Paula Júnior,Right Back,30.6,63.4,41.1,77.7,1.22386,False,,,,,,,True,17.740913,0.9374414,Ground Pass,,8508.0,Max Meyer,False,False,left_to_right,False,30.6,63.4,41.1,77.7,False,False,False,False
d91f444e-5d25-4ca0-afb3-5d0332df6f5f,3890424,474,1,00:15:56.785,15,56,17,Pressure,39,181,Schalke 04,Regular Play,872,Darmstadt 98,9404.0,Luca Caldirola,Left Back,79.3,3.6,,,0.701879,False,,,,,,,False,,,,,,,False,False,left_to_right,False,79.3,3.6,,,False,False,False,False
44cd2853-edb7-40ac-b011-2b2ff4797b65,3890424,475,1,00:15:57.098,15,57,42,Ball Receipt*,39,181,Schalke 04,Regular Play,181,Schalke 04,8508.0,Max Meyer,Center Attacking Midfield,41.1,77.7,,,,True,,,,,,,False,,,,,,,False,False,left_to_right,False,41.1,77.7,,,False,False,False,False
5568c6e6-55ec-4a22-bee8-caeeb6f027a4,3890424,476,1,00:15:57.098,15,57,43,Carry,39,181,Schalke 04,Regular Play,181,Schalke 04,8508.0,Max Meyer,Center Attacking Midfield,41.1,77.7,39.7,76.5,0.388114,True,,,,,,,False,,,,,,,False,False,left_to_right,False,41.1,77.7,39.7,76.5,False,False,False,False
5fed975f-13e5-46d0-9e26-9c67ab240798,3890424,477,1,00:15:57.487,15,57,22,Foul Committed,39,181,Schalke 04,Regular Play,872,Darmstadt 98,9404.0,Luca Caldirola,Left Back,80.4,3.6,,,0.0,False,,,,,,,False,,,,,,,False,False,left_to_right,False,80.4,3.6,,,False,False,False,False
f1a74565-8420-4c23-a642-a9f402107abc,3890424,478,1,00:15:57.487,15,57,21,Foul Won,39,181,Schalke 04,Regular Play,181,Schalke 04,8508.0,Max Meyer,Center Attacking Midfield,39.7,76.5,,,0.0,True,,,,,,,False,,,,,,,False,False,left_to_right,False,39.7,76.5,,,False,False,False,False
78f53d7e-ed21-419a-b6a7-832915cda7c5,3890424,479,1,00:16:16.433,16,16,30,Pass,40,181,Schalke 04,From Free Kick,181,Schalke 04,30312.0,Uilson de Souza Paula Júnior,Right Back,39.2,74.9,36.2,34.8,1.520204,False,,,,,,,True,40.212063,-1.6454701,Ground Pass,Free Kick,3502.0,Joël Andre Job Matip,False,False,left_to_right,False,39.2,74.9,36.2,34.8,False,False,False,False
6948853e-1562-42ce-b142-2946690844d8,3890424,480,1,00:16:17.954,16,17,42,Ball Receipt*,40,181,Schalke 04,From Free Kick,181,Schalke 04,3502.0,Joël Andre Job Matip,Right Center Back,36.2,34.8,,,,False,,,,,,,False,,,,,,,False,False,left_to_right,False,36.2,34.8,,,False,False,False,False
100df32d-c232-4f3c-b001-137048ea6633,3890424,481,1,00:16:17.954,16,17,30,Pass,40,181,Schalke 04,From Free Kick,181,Schalke 04,3502.0,Joël Andre Job Matip,Right Center Back,36.5,37.0,60.6,26.2,0.321238,False,,,,,,,True,26.409279,-0.42130005,Ground Pass,,16534.0,Roman Neustädter,False,False,left_to_right,False,36.5,37.0,60.6,26.2,False,True,False,False
d85c3b01-4ab0-4eb0-b2f9-4717ea7b5937,3890424,482,1,00:16:18.275,16,18,42,Ball Receipt*,40,181,Schalke 04,From Free Kick,181,Schalke 04,16534.0,Roman Neustädter,Left Center Back,60.6,26.2,,,,False,,,,,,,False,,,,,,,False,False,left_to_right,False,60.6,26.2,,,False,False,False,False
a1274ab1-90a8-4001-a120-b54d5606af52,3890424,483,1,00:16:18.636,16,18,30,Pass,40,181,Schalke 04,From Free Kick,181,Schalke 04,16534.0,Roman Neustädter,Left Center Back,62.5,26.0,83.3,26.0,0.659816,False,,,,,,,True,20.8,0.0,Ground Pass,,8060.0,Klaas-Jan Huntelaar,False,False,left_to_right,False,62.5,26.0,83.3,26.0,False,True,True,False
269611fb-e1e4-437d-931b-350c05afb7fd,3890424,484,1,00:16:18.958,16,18,17,Pressure,40,181,Schalke 04,From Free Kick,872,Darmstadt 98,9217.0,Aytac Sulu,Right Center Back,38.1,52.8,,,0.323714,False,,,,,,,False,,,,,,,False,False,left_to_right,False,38.1,52.8,,,False,False,False,False
b3f4f7dd-6491-46c4-9795-534fe802826a,3890424,485,1,00:16:19.296,16,19,42,Ball Receipt*,40,181,Schalke 04,From Free Kick,181,Schalke 04,8060.0,Klaas-Jan Huntelaar,Center Forward,83.3,26.0,,,,False,,,,,,,False,,,,,,,False,False,left_to_right,False,83.3,26.0,,,False,False,False,False
ed94f83d-8f34-464a-912d-f8b01ab26b03,3890424,486,1,00:16:19.296,16,19,30,Pass,40,181,Schalke 04,From Free Kick,181,Schalke 04,8060.0,Klaas-Jan Huntelaar,Center Forward,79.2,27.0,80.9,28.1,0.066393,False,,,,,,Incomplete,False,2.0248456,0.5743048,Ground Pass,,8508.0,Max Meyer,False,False,left_to_right,False,79.2,27.0,80.9,28.1,False,False,True,True
66c2c21d-11d7-4d66-a5f0-cc2eabea7384,3890424,487,1,00:16:19.362,16,19,42,Ball Receipt*,40,181,Schalke 04,From Free Kick,181,Schalke 04,8508.0,Max Meyer,Center Attacking Midfield,85.1,37.3,,,,False,,,,,,,False,,,,,,,False,False,left_to_right,False,85.1,37.3,,,False,False,False,False
cbda525b-995a-4a28-bd19-7155d04b73ff,3890424,488,1,00:16:19.362,16,19,6,Block,40,181,Schalke 04,From Free Kick,872,Darmstadt 98,9217.0,Aytac Sulu,Right Center Back,39.2,52.0,,,0.0,False,,,,,,,False,,,,,,,False,False,left_to_right,False,39.2,52.0,,,False,False,False,False
23ad3372-5630-49ac-9365-b6d51638b87d,3890424,489,1,00:16:20.283,16,20,22,Foul Committed,40,181,Schalke 04,From Free Kick,181,Schalke 04,8060.0,Klaas-Jan Huntelaar,Center Forward,74.8,28.8,,,0.0,False,,,,,,,False,,,,,,,False,False,left_to_right,False,74.8,28.8,,,False,False,False,False
08de8a27-f81e-4a12-98e4-de6cd7096827,3890424,490,1,00:16:20.283,16,20,21,Foul Won,40,181,Schalke 04,From Free Kick,872,Darmstadt 98,9217.0,Aytac Sulu,Right Center Back,45.3,51.3,,,0.0,True,,,,,,,False,,,,,,,False,False,left_to_right,False,45.3,51.3,,,False,False,False,False
4a30c87d-33e6-4a3e-902b-f3a83a53c969,3890424,491,1,00:16:21.769,16,21,30,Pass,41,872,Darmstadt 98,Regular Play,872,Darmstadt 98,40467.0,Peter Niemeyer,Right Defensive Midfield,50.6,51.6,55.0,38.8,1.289867,False,,,,,,,True,13.535139,-1.2397002,Ground Pass,Recovery,40477.0,Jan Rosenthal,False,False,left_to_right,False,50.6,51.6,55.0,38.8,False,False,False,False
6d2e8f18-f263-4dad-9c8b-c3f8d24ccc11,3890424,492,1,00:16:23.059,16,23,42,Ball Receipt*,41,872,Darmstadt 98,Regular Play,872,Darmstadt 98,40477.0,Jan Rosenthal,Center Attacking Midfield,55.0,38.8,,,,False,,,,,,,False,,,,,,,False,False,left_to_right,False,55.0,38.8,,,False,False,False,False
074c8f21-6d4c-4b8c-bb0e-8e7ee7c579e4,3890424,493,1,00:16:23.059,16,23,43,Carry,41,872,Darmstadt 98,Regular Play,872,Darmstadt 98,40477.0,Jan Rosenthal,Center Attacking Midfield,55.0,38.8,56.4,32.7,1.767363,False,,,,,,,False,,,,,,,False,False,left_to_right,False,55.0,38.8,56.4,32.7,False,False,False,False
89a0e948-725f-420a-b9d9-f4978e769f3c,3890424,494,1,00:16:24.827,16,24,30,Pass,41,872,Darmstadt 98,Regular Play,872,Darmstadt 98,40477.0,Jan Rosenthal,Center Attacking Midfield,56.4,32.7,65.3,15.6,1.690703,False,,,,,,,True,19.277449,-1.0909089,Ground Pass,,11134.0,Konstantin Rausch,False,False,left_to_right,False,56.4,32.7,65.3,15.6,False,False,False,False
45d09da1-7e71-4e98-86b6-dcdb6c2ad993,3890424,495,1,00:16:26.517,16,26,42,Ball Receipt*,41,872,Darmstadt 98,Regular Play,872,Darmstadt 98,11134.0,Konstantin Rausch,Left Midfield,65.3,15.6,,,,False,,,,,,,False,,,,,,,False,False,left_to_right,False,65.3,15.6,,,False,False,False,False
7ee87dab-d16b-4f54-bd60-40cc872ab2dc,3890424,496,1,00:16:26.517,16,26,43,Carry,41,872,Darmstadt 98,Regular Play,872,Darmstadt 98,11134.0,Konstantin Rausch,Left Midfield,65.3,15.6,75.1,15.6,1.619023,True,,,,,,,False,,,,,,,False,False,left_to_right,False,65.3,15.6,75.1,15.6,False,False,False,False
be38cd46-9ac0-403b-b76d-a84623e304e7,3890424,497,1,00:16:28.037,16,28,17,Pressure,41,872,Darmstadt 98,Regular Play,181,Schalke 04,8508.0,Max Meyer,Center Attacking Midfield,45.0,62.1,,,0.682092,False,,,,,,,False,,,,,,,False,False,left_to_right,False,45.0,62.1,,,False,False,False,False
16b69b28-09aa-4e85-9613-bacafb6b5686,3890424,498,1,00:16:28.136,16,28,30,Pass,41,872,Darmstadt 98,Regular Play,872,Darmstadt 98,11134.0,Konstantin Rausch,Left Midfield,75.1,15.6,97.6,26.0,1.235487,True,,,,,,Incomplete,False,24.787294,0.43297133,Low Pass,,9723.0,Sandro Wagner,False,False,left_to_right,False,75.1,15.6,97.6,26.0,False,True,True,True
c3f05492-3b9b-4e21-8cd9-24f5645d7a08,3890424,499,1,00:16:29.372,16,29,42,Ball Receipt*,41,872,Darmstadt 98,Regular Play,872,Darmstadt 98,9723.0,Sandro Wagner,Center Forward,97.0,35.5,,,,False,,,,,,,False,,,,,,,False,False,left_to_right,False,97.0,35.5,,,False,False,False,False
36a0c97a-1aa3-4362-a027-51d347de4346,3890424,500,1,00:16:29.372,16,29,30,Pass,41,872,Darmstadt 98,Regular Play,181,Schalke 04,3502.0,Joël Andre Job Matip,Right Center Back,22.5,54.1,32.6,59.5,0.893649,False,,,,,,Incomplete,False,11.452948,0.49098456,Ground Pass,Recovery,30312.0,Uilson de Souza Paula Júnior,False,False,left_to_right,False,22.5,54.1,32.6,59.5,False,False,False,True
adbaa791-a366-49f3-974d-9e3465a2ac21,3890424,501,1,00:16:30.266,16,30,42,Ball Receipt*,41,872,Darmstadt 98,Regular Play,181,Schalke 04,30312.0,Uilson de Souza Paula Júnior,Right Back,35.0,61.2,,,,False,,,,,,,False,,,,,,,False,False,left_to_right,False,35.0,61.2,,,False,False,False,False
85cc9f1e-309d-4de8-9d83-27d856d61bf0,3890424,502,1,00:16:30.266,16,30,2,Ball Recovery,41,872,Darmstadt 98,Regular Play,872,Darmstadt 98,40477.0,Jan Rosenthal,Center Attacking Midfield,87.5,20.6,,,0.0,False,,,,,,,False,,,,,,,False,False,left_to_right,False,87.5,20.6,,,False,False,False,False
09417ab2-da05-4f99-ab5d-a4a491e35b54,3890424,503,1,00:16:30.266,16,30,43,Carry,41,872,Darmstadt 98,Regular Play,872,Darmstadt 98,40477.0,Jan Rosenthal,Center Attacking Midfield,87.5,20.6,94.2,27.4,0.436317,False,,,,,,,False,,,,,,,False,False,left_to_right,False,87.5,20.6,94.2,27.4,False,False,False,False
30fb1f8e-0c73-479b-8b2a-adff9737bf9b,3890424,504,1,00:16:30.702,16,30,30,Pass,41,872,Darmstadt 98,Regular Play,872,Darmstadt 98,40477.0,Jan Rosenthal,Center Attacking Midfield,94.2,27.4,100.3,33.3,0.544488,False,,,,,,Pass Offside,False,8.48646,0.768733,Low Pass,,9723.0,Sandro Wagner,False,False,left_to_right,False,94.2,27.4,100.3,33.3,False,True,False,True
8eab0142-dd12-4fe1-8349-f157b6962893,3890424,505,1,00:16:31.246,16,31,42,Ball Receipt*,41,872,Darmstadt 98,Regular Play,872,Darmstadt 98,9723.0,Sandro Wagner,Center Forward,100.3,33.3,,,,False,,,,,,,False,,,,,,,False,False,left_to_right,False,100.3,33.3,,,False,False,False,False
3553c308-85dc-4c5f-93ab-030aa6b97f3a,3890424,506,1,00:16:50.629,16,50,30,Pass,42,181,Schalke 04,From Free Kick,181,Schalke 04,8517.0,Ralf Fährmann,Goalkeeper,20.1,44.6,38.9,5.7,1.785703,False,,,,,,,True,43.204746,-1.1206055,High Pass,Free Kick,3510.0,Sead Kolašinac,False,False,left_to_right,False,20.1,44.6,38.9,5.7,False,False,False,False
976122bb-b0f4-489d-939e-7924d51f4e2b,3890424,507,1,00:16:52.415,16,52,42,Ball Receipt*,42,181,Schalke 04,From Free Kick,181,Schalke 04,3510.0,Sead Kolašinac,Left Back,38.9,5.7,,,,False,,,,,,,False,,,,,,,False,False,left_to_right,False,38.9,5.7,,,False,False,False,False
6492b2e5-3c57-4964-8f8e-7a5d69c11e8e,3890424,508,1,00:16:52.651,16,52,30,Pass,42,181,Schalke 04,From Free Kick,181,Schalke 04,3510.0,Sead Kolašinac,Left Back,37.0,10.4,31.1,23.4,1.335854,False,,,,,,,True,14.276204,1.996844,Ground Pass,,16534.0,Roman Neustädter,False,False,left_to_right,False,37.0,10.4,31.1,23.4,False,False,False,False
63ba49a6-fd25-4297-bd89-a42adff2721d,3890424,509,1,00:16:53.987,16,53,42,Ball Receipt*,42,181,Schalke 04,From Free Kick,181,Schalke 04,16534.0,Roman Neustädter,Left Center Back,31.1,23.4,,,,False,,,,,,,False,,,,,,,False,False,left_to_right,False,31.1,23.4,,,False,False,False,False
2c6d0f6f-c670-4351-9c67-fb165f1225f0,3890424,510,1,00:16:53.987,16,53,43,Carry,42,181,Schalke 04,From Free Kick,181,Schalke 04,16534.0,Roman Neustädter,Left Center Back,31.1,23.4,31.9,25.2,1.193175,False,,,,,,,False,,,,,,,False,False,left_to_right,False,31.1,23.4,31.9,25.2,False,False,False,False
1a17493b-2d83-418d-a50f-a0d6a8c7d83e,3890424,511,1,00:16:55.180,16,55,30,Pass,42,181,Schalke 04,From Free Kick,181,Schalke 04,16534.0,Roman Neustädter,Left Center Back,31.9,25.2,37.2,52.3,2.69093,False,,,,,,,True,27.613403,1.3776621,Ground Pass,,3502.0,Joël Andre Job Matip,False,False,left_to_right,False,31.9,25.2,37.2,52.3,False,False,False,False
5bde3adf-16ed-48a7-9a59-3cbae636db70,3890424,512,1,00:16:57.871,16,57,42,Ball Receipt*,42,181,Schalke 04,From Free Kick,181,Schalke 04,3502.0,Joël Andre Job Matip,Right Center Back,37.2,52.3,,,,False,,,,,,,False,,,,,,,False,False,left_to_right,False,37.2,52.3,,,False,False,False,False
55060a23-5184-4462-b0a7-469eb5b06635,3890424,513,1,00:16:57.871,16,57,43,Carry,42,181,Schalke 04,From Free Kick,181,Schalke 04,3502.0,Joël Andre Job Matip,Right Center Back,37.2,52.3,39.2,54.3,0.94442,False,,,,,,,False,,,,,,,False,False,left_to_right,False,37.2,52.3,39.2,54.3,False,False,False,False
a261cb15-34b9-438e-9037-3fa27cf472b8,3890424,514,1,00:16:58.816,16,58,30,Pass,42,181,Schalke 04,From Free Kick,181,Schalke 04,3502.0,Joël Andre Job Matip,Right Center Back,39.2,54.3,51.5,43.8,1.26189,False,,,,,,,True,16.1722,-0.7066142,Low Pass,,6717.0,Johannes Geis,False,False,left_to_right,False,39.2,54.3,51.5,43.8,False,False,False,False
0aef3f34-2c21-486d-9df3-cd0c3b5a88e1,3890424,515,1,00:17:00.077,17,0,42,Ball Receipt*,42,181,Schalke 04,From Free Kick,181,Schalke 04,6717.0,Johannes Geis,Right Defensive Midfield,51.5,43.8,,,,False,,,,,,,False,,,,,,,False,False,left_to_right,False,51.5,43.8,,,False,False,False,False
d03785cd-5426-4f36-bca5-f47c4c039c29,3890424,516,1,00:17:00.077,17,0,43,Carry,42,181,Schalke 04,From Free Kick,181,Schalke 04,6717.0,Johannes Geis,Right Defensive Midfield,51.5,43.8,54.5,41.0,1.846033,False,,,,,,,False,,,,,,,False,False,left_to_right,False,51.5,43.8,54.5,41.0,False,False,False,False
989e655f-97fa-441a-976e-e09935b46f2e,3890424,517,1,00:17:01.923,17,1,30,Pass,42,181,Schalke 04,From Free Kick,181,Schalke 04,6717.0,Johannes Geis,Right Defensive Midfield,54.5,41.0,96.9,12.9,2.85134,False,,,,,,,True,50.866196,-0.5852763,High Pass,,3499.0,Jean-Eric Maxim Choupo-Moting,False,False,left_to_right,False,54.5,41.0,96.9,12.9,False,True,True,False
1d94bbdf-ee8d-4f8d-82be-bc429a05a57b,3890424,518,1,00:17:04.775,17,4,42,Ball Receipt*,42,181,Schalke 04,From Free Kick,181,Schalke 04,3499.0,Jean-Eric Maxim Choupo-Moting,Left Wing,96.9,12.9,,,,False,,,,,,,False,,,,,,,False,False,left_to_right,False,96.9,12.9,,,False,False,False,False
ff5fcf19-d0d5-4302-aa2a-ac59cc3555d1,3890424,519,1,00:17:04.775,17,4,30,Pass,42,181,Schalke 04,From Free Kick,181,Schalke 04,3499.0,Jean-Eric Maxim Choupo-Moting,Left Wing,96.5,13.2,87.5,8.5,1.598682,False,,,,,,,True,10.153324,-2.6603258,Low Pass,,3510.0,Sead Kolašinac,False,False,left_to_right,False,96.5,13.2,87.5,8.5,False,False,False,False
4bc19e45-e88a-4462-8191-fd6b000efe0b,3890424,520,1,00:17:06.373,17,6,42,Ball Receipt*,42,181,Schalke 04,From Free Kick,181,Schalke 04,3510.0,Sead Kolašinac,Left Back,87.5,8.5,,,,False,,,,,,,False,,,,,,,False,False,left_to_right,False,87.5,8.5,,,False,False,False,False
0bde9eec-64e2-47e1-9b5a-9df5442759a8,3890424,521,1,00:17:06.373,17,6,43,Carry,42,181,Schalke 04,From Free Kick,181,Schalke 04,3510.0,Sead Kolašinac,Left Back,87.5,8.5,87.3,8.7,2.237341,False,,,,,,,False,,,,,,,False,False,left_to_right,False,87.5,8.5,87.3,8.7,False,False,False,False
132de5fd-4c11-4ec5-8f37-e41103d679fe,3890424,522,1,00:17:08.611,17,8,30,Pass,42,181,Schalke 04,From Free Kick,181,Schalke 04,3510.0,Sead Kolašinac,Left Back,87.3,8.7,82.0,9.8,1.292825,False,,,,,,,True,5.4129477,2.936951,Ground Pass,,3499.0,Jean-Eric Maxim Choupo-Moting,False,False,left_to_right,False,87.3,8.7,82.0,9.8,False,False,False,False
08b5dee3-fd67-4e18-9390-ab4f97ebad3e,3890424,523,1,00:17:09.904,17,9,42,Ball Receipt*,42,181,Schalke 04,From Free Kick,181,Schalke 04,3499.0,Jean-Eric Maxim Choupo-Moting,Left Wing,82.0,9.8,,,,False,,,,,,,False,,,,,,,False,False,left_to_right,False,82.0,9.8,,,False,False,False,False
8474bd34-b284-4730-8b26-4579595476f6,3890424,524,1,00:17:09.904,17,9,43,Carry,42,181,Schalke 04,From Free Kick,181,Schalke 04,3499.0,Jean-Eric Maxim Choupo-Moting,Left Wing,82.0,9.8,87.9,34.1,2.948475,True,,,,,,,False,,,,,,,False,False,left_to_right,False,82.0,9.8,87.9,34.1,True,False,False,False
63013232-1b04-41c0-a75d-c5c2cb08f2b1,3890424,525,1,00:17:10.507,17,10,17,Pressure,42,181,Schalke 04,From Free Kick,872,Darmstadt 98,9401.0,Marcel Heller,Right Midfield,35.0,61.4,,,1.162521,False,,,,,,,False,,,,,,,False,False,left_to_right,False,35.0,61.4,,,False,False,False,False
5a44a047-0ed7-4f21-8fcb-32ce93de8e0c,3890424,526,1,00:17:12.852,17,12,30,Pass,42,181,Schalke 04,From Free Kick,181,Schalke 04,3499.0,Jean-Eric Maxim Choupo-Moting,Left Wing,87.9,34.1,111.5,60.1,2.527542,False,,,,,,,True,35.11353,0.83374757,High Pass,,3053.0,Leroy Sané,False,False,left_to_right,False,87.9,34.1,111.5,60.1,False,True,False,False
d0fef60f-a491-4668-8342-2ba7963a1c32,3890424,527,1,00:17:15.380,17,15,42,Ball Receipt*,42,181,Schalke 04,From Free Kick,181,Schalke 04,3053.0,Leroy Sané,Right Wing,111.5,60.1,,,,False,,,,,,,False,,,,,,,False,False,left_to_right,False,111.5,60.1,,,False,False,False,False
45ca7e1c-af82-4125-bf85-38d8ebf2da6c,3890424,528,1,00:17:15.380,17,15,43,Carry,42,181,Schalke 04,From Free Kick,181,Schalke 04,3053.0,Leroy Sané,Right Wing,111.5,60.1,103.4,73.1,2.889474,True,,,,,,,False,,,,,,,False,False,left_to_right,False,111.5,60.1,103.4,73.1,False,False,False,False
60b44f8f-f322-497e-bd7b-af3808c6cf19,3890424,529,1,00:17:17.096,17,17,17,Pressure,42,181,Schalke 04,From Free Kick,872,Darmstadt 98,9404.0,Luca Caldirola,Left Back,12.0,7.7,,,0.937602,False,,,,,,,False,,,,,,,False,False,left_to_right,False,12.0,7.7,,,False,False,False,False
9b2870db-045b-45b1-87cb-929aaba055fa,3890424,530,1,00:17:18.269,17,18,30,Pass,42,181,Schalke 04,From Free Kick,181,Schalke 04,3053.0,Leroy Sané,Right Wing,103.4,73.1,92.9,74.6,1.327601,False,,,,,,,True,10.606602,2.9996955,Ground Pass,,30312.0,Uilson de Souza Paula Júnior,False,False,left_to_right,False,103.4,73.1,92.9,74.6,False,False,False,False
ee8fdf87-cb35-40a6-90f2-69bd6894a0fa,3890424,531,1,00:17:19.597,17,19,42,Ball Receipt*,42,181,Schalke 04,From Free Kick,181,Schalke 04,30312.0,Uilson de Souza Paula Júnior,Right Back,92.9,74.6,,,,False,,,,,,,False,,,,,,,False,False,left_to_right,False,92.9,74.6,,,False,False,False,False
20e81113-c223-4c85-b05f-ccc82c0228b4,3890424,532,1,00:17:19.597,17,19,43,Carry,42,181,Schalke 04,From Free Kick,181,Schalke 04,30312.0,Uilson de Souza Paula Júnior,Right Back,92.9,74.6,99.7,73.7,1.257277,False,,,,,,,False,,,,,,,False,False,left_to_right,False,92.9,74.6,99.7,73.7,False,False,False,False
d886b47d-ae63-47d6-b38e-6128a398d0b5,3890424,533,1,00:17:20.854,17,20,30,Pass,42,181,Schalke 04,From Free Kick,181,Schalke 04,30312.0,Uilson de Souza Paula Júnior,Right Back,99.7,73.7,112.9,46.3,1.347025,False,,,,,,Incomplete,False,30.413813,-1.1218536,High Pass,,8060.0,Klaas-Jan Huntelaar,False,False,left_to_right,False,99.7,73.7,112.9,46.3,False,True,False,True
60030ea4-4f2f-47a5-bb41-76cf6fdda1c7,3890424,534,1,00:17:22.201,17,22,42,Ball Receipt*,42,181,Schalke 04,From Free Kick,181,Schalke 04,8060.0,Klaas-Jan Huntelaar,Center Forward,110.3,48.4,,,,False,,,,,,,False,,,,,,,False,False,left_to_right,False,110.3,48.4,,,False,False,False,False
8f5755d3-d453-4132-a162-bc6c30a00a27,3890424,535,1,00:17:22.201,17,22,9,Clearance,42,181,Schalke 04,From Free Kick,872,Darmstadt 98,35033.0,Slobodan Rajković,Left Center Back,7.2,33.8,,,0.0,True,,,,,,,False,,,,,,,False,False,left_to_right,False,7.2,33.8,,,False,False,False,False
aef234b9-dd54-444d-9983-11f149062dc8,3890424,536,1,00:17:25.613,17,25,30,Pass,43,872,Darmstadt 98,From Counter,872,Darmstadt 98,11134.0,Konstantin Rausch,Left Midfield,20.6,22.5,26.4,26.4,0.88158,False,,,,,,,True,6.9892774,0.59197086,Ground Pass,Recovery,40477.0,Jan Rosenthal,False,False,left_to_right,False,20.6,22.5,26.4,26.4,False,False,False,False
9539715b-66f4-4e2c-9b2f-c8b6ffe4dc75,3890424,537,1,00:17:26.227,17,26,17,Pressure,43,872,Darmstadt 98,From Counter,181,Schalke 04,6717.0,Johannes Geis,Right Defensive Midfield,92.9,54.0,,,0.455285,False,,,,,,,False,,,,,,,False,False,left_to_right,False,92.9,54.0,,,False,False,False,False
c29eedb2-c166-443b-bb12-f6e8a5f449c1,3890424,538,1,00:17:26.495,17,26,42,Ball Receipt*,43,872,Darmstadt 98,From Counter,872,Darmstadt 98,40477.0,Jan Rosenthal,Center Attacking Midfield,26.4,26.4,,,,True,,,,,,,False,,,,,,,False,False,left_to_right,False,26.4,26.4,,,False,False,False,False
daa20918-7717-429e-b6b3-6c55f2dda7d9,3890424,539,1,00:17:26.495,17,26,30,Pass,43,872,Darmstadt 98,From Counter,872,Darmstadt 98,40477.0,Jan Rosenthal,Center Attacking Midfield,25.6,25.2,37.5,25.5,2.2997,True,,,,,,,True,11.903781,0.025204746,High Pass,,8388.0,Jérôme Gondorf,False,False,left_to_right,False,25.6,25.2,37.5,25.5,False,False,False,False
ac0c07ed-964a-4346-b4a1-58d118e8d382,3890424,540,1,00:17:28.795,17,28,42,Ball Receipt*,43,872,Darmstadt 98,From Counter,872,Darmstadt 98,8388.0,Jérôme Gondorf,Left Defensive Midfield,37.5,25.5,,,,False,,,,,,,False,,,,,,,False,False,left_to_right,False,37.5,25.5,,,False,False,False,False
f4229033-1f4a-4abc-9964-0aa334e917c4,3890424,541,1,00:17:28.795,17,28,43,Carry,43,872,Darmstadt 98,From Counter,872,Darmstadt 98,8388.0,Jérôme Gondorf,Left Defensive Midfield,37.5,25.5,63.6,18.8,2.896008,True,,,,,,,False,,,,,,,False,False,left_to_right,False,37.5,25.5,63.6,18.8,True,False,False,False
d17ff9d5-c745-4341-9048-20b395ce5d8e,3890424,542,1,00:17:30.554,17,30,17,Pressure,43,872,Darmstadt 98,From Counter,181,Schalke 04,3053.0,Leroy Sané,Right Wing,62.6,58.2,,,1.352856,False,,,,,,,False,,,,,,,False,False,left_to_right,False,62.6,58.2,,,False,False,False,False
a62d02e4-7cd5-418a-bd8f-ea7b3e9d8a9c,3890424,543,1,00:17:31.691,17,31,22,Foul Committed,43,872,Darmstadt 98,From Counter,181,Schalke 04,3053.0,Leroy Sané,Right Wing,56.5,61.3,,,0.0,False,,,,,,,False,,,,,,,False,False,left_to_right,False,56.5,61.3,,,False,False,False,False
39bf2dad-6015-4694-a581-c2702ad280ea,3890424,544,1,00:17:31.691,17,31,21,Foul Won,43,872,Darmstadt 98,From Counter,872,Darmstadt 98,8388.0,Jérôme Gondorf,Left Defensive Midfield,63.6,18.8,,,0.0,True,,,,,,,False,,,,,,,False,False,left_to_right,False,63.6,18.8,,,False,False,False,False
183fde57-bb33-4d59-8b7f-82b089f30886,3890424,545,1,00:17:58.886,17,58,30,Pass,44,872,Darmstadt 98,From Free Kick,872,Darmstadt 98,8388.0,Jérôme Gondorf,Left Defensive Midfield,63.7,20.5,89.8,35.8,4.001123,False,,,,,,Unknown,False,30.253925,0.5302158,High Pass,Free Kick,,,False,False,left_to_right,False,63.7,20.5,89.8,35.8,False,True,True,True
0b5befb7-147c-4cb8-8e56-d84c4293663f,3890424,546,1,00:18:03.425,18,3,22,Foul Committed,44,872,Darmstadt 98,From Free Kick,872,Darmstadt 98,40477.0,Jan Rosenthal,Center Attacking Midfield,90.1,39.9,,,0.0,False,,,,,,,False,,,,,,,False,False,left_to_right,False,90.1,39.9,,,False,False,False,False
29800dde-ac5f-460c-b17f-a510c6a0d000,3890424,547,1,00:18:03.425,18,3,21,Foul Won,44,872,Darmstadt 98,From Free Kick,181,Schalke 04,16534.0,Roman Neustädter,Left Center Back,30.0,40.2,,,0.0,True,,,,,,,False,,,,,,,False,False,left_to_right,False,30.0,40.2,,,False,False,False,False
9f974649-1ec6-4425-8742-62e2401aa48e,3890424,548,1,00:18:18.298,18,18,30,Pass,45,181,Schalke 04,From Free Kick,181,Schalke 04,3502.0,Joël Andre Job Matip,Right Center Back,42.2,51.8,42.6,34.0,4.058715,False,,,,,,,True,17.804493,-1.5483282,Ground Pass,Free Kick,16534.0,Roman Neustädter,False,False,left_to_right,False,42.2,51.8,42.6,34.0,False,False,False,False
08171286-9211-4e96-b479-71aad88e7285,3890424,549,1,00:18:22.356,18,22,42,Ball Receipt*,45,181,Schalke 04,From Free Kick,181,Schalke 04,16534.0,Roman Neustädter,Left Center Back,42.6,34.0,,,,False,,,,,,,False,,,,,,,False,False,left_to_right,False,42.6,34.0,,,False,False,False,False
e437b094-cce2-4293-bfab-dc772b130662,3890424,550,1,00:18:24.327,18,24,30,Pass,45,181,Schalke 04,From Free Kick,181,Schalke 04,16534.0,Roman Neustädter,Left Center Back,49.8,34.6,52.5,60.2,2.304525,False,,,,,,,True,25.74199,1.465716,Ground Pass,,6717.0,Johannes Geis,False,False,left_to_right,False,49.8,34.6,52.5,60.2,False,False,False,False
03b51f98-bbbd-4235-9394-741d90e2d73d,3890424,551,1,00:18:26.631,18,26,42,Ball Receipt*,45,181,Schalke 04,From Free Kick,181,Schalke 04,6717.0,Johannes Geis,Right Defensive Midfield,52.5,60.2,,,,False,,,,,,,False,,,,,,,False,False,left_to_right,False,52.5,60.2,,,False,False,False,False
43fbf398-651f-46c0-be6f-48f8e4807b9c,3890424,552,1,00:18:26.631,18,26,43,Carry,45,181,Schalke 04,From Free Kick,181,Schalke 04,6717.0,Johannes Geis,Right Defensive Midfield,52.5,60.2,60.6,71.0,2.466719,False,,,,,,,False,,,,,,,False,False,left_to_right,False,52.5,60.2,60.6,71.0,False,False,False,False
4118ac35-f352-42d2-a3d6-e0318770c75e,3890424,553,1,00:18:29.098,18,29,30,Pass,45,181,Schalke 04,From Free Kick,181,Schalke 04,6717.0,Johannes Geis,Right Defensive Midfield,60.6,71.0,50.8,53.1,2.96284,False,,,,,,,True,20.407106,-2.0717075,Ground Pass,,3502.0,Joël Andre Job Matip,False,False,left_to_right,False,60.6,71.0,50.8,53.1,False,False,False,False
37bf71c8-51d7-405b-b29b-6fce4ac7e9a9,3890424,554,1,00:18:32.061,18,32,42,Ball Receipt*,45,181,Schalke 04,From Free Kick,181,Schalke 04,3502.0,Joël Andre Job Matip,Right Center Back,50.8,53.1,,,,False,,,,,,,False,,,,,,,False,False,left_to_right,False,50.8,53.1,,,False,False,False,False
9666549b-87f9-405c-8262-47c86142c81e,3890424,555,1,00:18:32.061,18,32,43,Carry,45,181,Schalke 04,From Free Kick,181,Schalke 04,3502.0,Joël Andre Job Matip,Right Center Back,50.8,53.1,63.6,45.7,1.908529,False,,,,,,,False,,,,,,,False,False,left_to_right,False,50.8,53.1,63.6,45.7,False,False,False,False
a7129b51-6e5c-4a37-9e35-a0c03c7f753a,3890424,556,1,00:18:33.969,18,33,30,Pass,45,181,Schalke 04,From Free Kick,181,Schalke 04,3502.0,Joël Andre Job Matip,Right Center Back,63.6,45.7,68.4,25.4,2.30567,False,,,,,,,True,20.85977,-1.3386077,Ground Pass,,16534.0,Roman Neustädter,False,False,left_to_right,False,63.6,45.7,68.4,25.4,False,False,False,False
38762574-0764-468d-9f30-a16c696ff19b,3890424,557,1,00:18:36.275,18,36,42,Ball Receipt*,45,181,Schalke 04,From Free Kick,181,Schalke 04,16534.0,Roman Neustädter,Left Center Back,68.4,25.4,,,,False,,,,,,,False,,,,,,,False,False,left_to_right,False,68.4,25.4,,,False,False,False,False
f96faa7b-36ff-483a-a59d-c3b0bc990477,3890424,558,1,00:18:36.275,18,36,43,Carry,45,181,Schalke 04,From Free Kick,181,Schalke 04,16534.0,Roman Neustädter,Left Center Back,68.4,25.4,55.3,27.9,2.586027,False,,,,,,,False,,,,,,,False,False,left_to_right,False,68.4,25.4,55.3,27.9,False,False,False,False
96a745ce-e7a8-46af-b765-4b0d0edca00b,3890424,559,1,00:18:38.861,18,38,30,Pass,45,181,Schalke 04,From Free Kick,181,Schalke 04,16534.0,Roman Neustädter,Left Center Back,55.3,27.9,54.2,42.3,2.328479,False,,,,,,,True,14.441953,1.6470371,Ground Pass,,3502.0,Joël Andre Job Matip,False,False,left_to_right,False,55.3,27.9,54.2,42.3,False,False,False,False
b65c4ecf-d41b-4ee7-b03f-cca10a6b6e9b,3890424,560,1,00:18:41.189,18,41,42,Ball Receipt*,45,181,Schalke 04,From Free Kick,181,Schalke 04,3502.0,Joël Andre Job Matip,Right Center Back,54.2,42.3,,,,False,,,,,,,False,,,,,,,False,False,left_to_right,False,54.2,42.3,,,False,False,False,False
c9a98c39-8d7c-40a6-89d0-0db8f451ff3f,3890424,561,1,00:18:41.189,18,41,43,Carry,45,181,Schalke 04,From Free Kick,181,Schalke 04,3502.0,Joël Andre Job Matip,Right Center Back,54.2,42.3,65.6,43.5,1.1921,False,,,,,,,False,,,,,,,False,False,left_to_right,False,54.2,42.3,65.6,43.5,False,False,False,False
fce185bd-b359-4a8d-b7b9-a71d4d5f5235,3890424,562,1,00:18:42.382,18,42,30,Pass,45,181,Schalke 04,From Free Kick,181,Schalke 04,3502.0,Joël Andre Job Matip,Right Center Back,65.6,43.5,88.1,50.7,1.289248,False,,,,,,,True,23.623928,0.30970293,Ground Pass,,6717.0,Johannes Geis,False,False,left_to_right,False,65.6,43.5,88.1,50.7,False,True,True,False
59d571d2-d42d-4d17-8398-8796f76bd98f,3890424,563,1,00:18:43.671,18,43,42,Ball Receipt*,45,181,Schalke 04,From Free Kick,181,Schalke 04,6717.0,Johannes Geis,Right Defensive Midfield,88.1,50.7,,,,False,,,,,,,False,,,,,,,False,False,left_to_right,False,88.1,50.7,,,False,False,False,False
25fd13bc-dd6e-42c9-8286-5bc48dc0dcfb,3890424,564,1,00:18:43.671,18,43,43,Carry,45,181,Schalke 04,From Free Kick,181,Schalke 04,6717.0,Johannes Geis,Right Defensive Midfield,88.1,50.7,92.3,51.0,0.21704,False,,,,,,,False,,,,,,,False,False,left_to_right,False,88.1,50.7,92.3,51.0,False,False,False,False
134e817c-c92d-41b0-8860-5ff394e17113,3890424,565,1,00:18:43.888,18,43,38,Miscontrol,45,181,Schalke 04,From Free Kick,181,Schalke 04,6717.0,Johannes Geis,Right Defensive Midfield,92.3,51.0,,,0.0,False,,,,,,,False,,,,,,,False,False,left_to_right,False,92.3,51.0,,,False,False,False,True
74e7184e-65fb-4473-8035-d0f5707c85d7,3890424,566,1,00:18:44.657,18,44,17,Pressure,45,181,Schalke 04,From Free Kick,181,Schalke 04,6717.0,Johannes Geis,Right Defensive Midfield,97.2,52.1,,,0.575173,False,,,,,,,False,,,,,,,False,False,left_to_right,False,97.2,52.1,,,False,False,False,False
8929d0b4-8eec-4a56-a8c6-71387cb156f4,3890424,567,1,00:18:44.896,18,44,17,Pressure,45,181,Schalke 04,From Free Kick,872,Darmstadt 98,35033.0,Slobodan Rajković,Left Center Back,24.5,27.4,,,0.43162,True,,,,,,,False,,,,,,,False,False,left_to_right,False,24.5,27.4,,,False,False,False,False
4a4a5880-b78d-47b8-8aef-4552f6b33389,3890424,568,1,00:18:45.327,18,45,22,Foul Committed,45,181,Schalke 04,From Free Kick,181,Schalke 04,6717.0,Johannes Geis,Right Defensive Midfield,93.7,52.3,,,0.0,True,,,,,,,False,,,,,,,False,False,left_to_right,False,93.7,52.3,,,False,False,False,False
117ba937-c0b1-46ad-b727-95289c2243e4,3890424,569,1,00:18:45.327,18,45,21,Foul Won,45,181,Schalke 04,From Free Kick,872,Darmstadt 98,35033.0,Slobodan Rajković,Left Center Back,26.4,27.8,,,0.0,True,,,,,,,False,,,,,,,False,False,left_to_right,False,26.4,27.8,,,False,False,False,False
260e9efd-56d4-49f1-98e4-eb24e49a3904,3890424,570,1,00:19:32.837,19,32,30,Pass,46,872,Darmstadt 98,From Free Kick,872,Darmstadt 98,8306.0,Christian Mathenia,Goalkeeper,26.2,28.8,89.2,22.7,3.648735,False,,,,,,Incomplete,False,63.29463,-0.09652451,High Pass,Free Kick,11134.0,Konstantin Rausch,False,False,left_to_right,False,26.2,28.8,89.2,22.7,False,True,True,True
a04905ec-7ced-4e87-a598-4b11a35e4aae,3890424,571,1,00:19:36.486,19,36,42,Ball Receipt*,46,872,Darmstadt 98,From Free Kick,872,Darmstadt 98,11134.0,Konstantin Rausch,Left Midfield,86.8,23.3,,,,False,,,,,,,False,,,,,,,False,False,left_to_right,False,86.8,23.3,,,False,False,False,False
6927c4e2-72e5-4fff-b12c-6c365fba0ed6,3890424,572,1,00:19:36.486,19,36,4,Duel,46,872,Darmstadt 98,From Free Kick,872,Darmstadt 98,11134.0,Konstantin Rausch,Left Midfield,89.2,22.7,,,0.0,True,,,,,,,False,,,,,,,False,False,left_to_right,False,89.2,22.7,,,False,False,False,False
ec394919-d9cc-4f60-aba0-c7a5fb061e34,3890424,573,1,00:19:36.486,19,36,9,Clearance,46,872,Darmstadt 98,From Free Kick,181,Schalke 04,3502.0,Joël Andre Job Matip,Right Center Back,30.9,57.4,,,0.0,True,,,,,,,False,,,,,,,False,False,left_to_right,False,30.9,57.4,,,False,False,False,False
c7986e7a-4dc4-4b08-92ea-a163d5ebe769,3890424,574,1,00:19:37.360,19,37,30,Pass,46,872,Darmstadt 98,From Free Kick,872,Darmstadt 98,40467.0,Peter Niemeyer,Right Defensive Midfield,67.0,27.7,86.8,20.6,1.420618,False,,,,,,Unknown,False,21.034496,-0.34430313,High Pass,Recovery,40477.0,Jan Rosenthal,False,False,left_to_right,False,67.0,27.7,86.8,20.6,False,True,True,True
efa6e1fc-8ff0-46f9-92d1-493489e2cb0e,3890424,575,1,00:19:38.781,19,38,42,Ball Receipt*,46,872,Darmstadt 98,From Free Kick,872,Darmstadt 98,40477.0,Jan Rosenthal,Center Attacking Midfield,88.1,20.5,,,,False,,,,,,,False,,,,,,,False,False,left_to_right,False,88.1,20.5,,,False,False,False,False
7c43b527-e709-43db-93f3-4e5557ea4a5f,3890424,576,1,00:19:38.845,19,38,22,Foul Committed,46,872,Darmstadt 98,From Free Kick,872,Darmstadt 98,40477.0,Jan Rosenthal,Center Attacking Midfield,88.1,21.4,,,0.0,False,,,,,,,False,,,,,,,False,False,left_to_right,False,88.1,21.4,,,False,False,False,False
3687f872-ebb2-4f1b-a837-601423da55f7,3890424,577,1,00:19:38.845,19,38,21,Foul Won,46,872,Darmstadt 98,From Free Kick,181,Schalke 04,3502.0,Joël Andre Job Matip,Right Center Back,32.0,58.7,,,0.0,True,,,,,,,False,,,,,,,False,False,left_to_right,False,32.0,58.7,,,False,False,False,False
e8e3d405-7cb1-48ec-9acc-7654f8399d43,3890424,578,1,00:19:58.128,19,58,30,Pass,47,181,Schalke 04,From Free Kick,181,Schalke 04,30312.0,Uilson de Souza Paula Júnior,Right Back,41.4,56.6,36.9,44.3,1.657521,False,,,,,,,True,13.097328,-1.9215243,Ground Pass,Free Kick,3502.0,Joël Andre Job Matip,False,False,left_to_right,False,41.4,56.6,36.9,44.3,False,False,False,False
797fde8a-453c-4e5b-91c5-388e912e2536,3890424,579,1,00:19:59.786,19,59,42,Ball Receipt*,47,181,Schalke 04,From Free Kick,181,Schalke 04,3502.0,Joël Andre Job Matip,Right Center Back,36.9,44.3,,,,False,,,,,,,False,,,,,,,False,False,left_to_right,False,36.9,44.3,,,False,False,False,False
f8bfc837-9530-4a4c-a7f5-e42c35ac8eb7,3890424,580,1,00:19:59.786,19,59,43,Carry,47,181,Schalke 04,From Free Kick,181,Schalke 04,3502.0,Joël Andre Job Matip,Right Center Back,36.9,44.3,38.1,42.3,0.874408,False,,,,,,,False,,,,,,,False,False,left_to_right,False,36.9,44.3,38.1,42.3,False,False,False,False
f23735bd-29a5-453e-85ba-7ec1e457e975,3890424,581,1,00:20:00.660,20,0,30,Pass,47,181,Schalke 04,From Free Kick,181,Schalke 04,3502.0,Joël Andre Job Matip,Right Center Back,38.1,42.3,45.3,25.6,2.150043,False,,,,,,,True,18.185984,-1.1637385,Ground Pass,,16534.0,Roman Neustädter,False,False,left_to_right,False,38.1,42.3,45.3,25.6,False,False,False,False
9f0b8696-1435-4aa9-8a8d-6330c19bd6ee,3890424,582,1,00:20:02.810,20,2,42,Ball Receipt*,47,181,Schalke 04,From Free Kick,181,Schalke 04,16534.0,Roman Neustädter,Left Center Back,45.3,25.6,,,,False,,,,,,,False,,,,,,,False,False,left_to_right,False,45.3,25.6,,,False,False,False,False
0f13d97e-3aff-4f16-9d66-87aedae8fc56,3890424,583,1,00:20:02.810,20,2,43,Carry,47,181,Schalke 04,From Free Kick,181,Schalke 04,16534.0,Roman Neustädter,Left Center Back,45.3,25.6,49.5,26.8,1.881535,False,,,,,,,False,,,,,,,False,False,left_to_right,False,45.3,25.6,49.5,26.8,False,False,False,False
68b86f21-735e-4bf1-9fc6-529888547dd0,3890424,584,1,00:20:04.692,20,4,30,Pass,47,181,Schalke 04,From Free Kick,181,Schalke 04,16534.0,Roman Neustädter,Left Center Back,49.5,26.8,64.7,32.0,1.496355,False,,,,,,,True,16.064869,0.3296244,Ground Pass,,6324.0,Leon Goretzka,False,False,left_to_right,False,49.5,26.8,64.7,32.0,False,False,False,False
1d8d3be9-5258-43f9-a072-76ef0d6f1e9c,3890424,585,1,00:20:06.188,20,6,42,Ball Receipt*,47,181,Schalke 04,From Free Kick,181,Schalke 04,6324.0,Leon Goretzka,Left Defensive Midfield,64.7,32.0,,,,False,,,,,,,False,,,,,,,False,False,left_to_right,False,64.7,32.0,,,False,False,False,False
a610cfe8-b89d-42dd-8d3c-1ef0ab050623,3890424,586,1,00:20:06.188,20,6,43,Carry,47,181,Schalke 04,From Free Kick,181,Schalke 04,6324.0,Leon Goretzka,Left Defensive Midfield,64.7,32.0,63.1,30.6,0.472481,True,,,,,,,False,,,,,,,False,False,left_to_right,False,64.7,32.0,63.1,30.6,False,False,False,False
91a13a38-fbff-484a-8ae1-4d3ff548942d,3890424,587,1,00:20:06.261,20,6,17,Pressure,47,181,Schalke 04,From Free Kick,872,Darmstadt 98,8388.0,Jérôme Gondorf,Left Defensive Midfield,53.6,48.8,,,0.625434,False,,,,,,,False,,,,,,,False,False,left_to_right,False,53.6,48.8,,,False,False,False,False
dfa2ef7a-5526-4f0a-a61c-9ac1a52d8d20,3890424,588,1,00:20:06.661,20,6,30,Pass,47,181,Schalke 04,From Free Kick,181,Schalke 04,6324.0,Leon Goretzka,Left Defensive Midfield,63.1,30.6,44.0,39.8,2.496284,True,,,,,,,True,21.200235,2.6927118,Ground Pass,,3502.0,Joël Andre Job Matip,False,False,left_to_right,False,63.1,30.6,44.0,39.8,False,False,False,False
f4bf6c77-e5c7-4700-992f-30a4dc49f476,3890424,589,1,00:20:09.157,20,9,42,Ball Receipt*,47,181,Schalke 04,From Free Kick,181,Schalke 04,3502.0,Joël Andre Job Matip,Right Center Back,44.0,39.8,,,,False,,,,,,,False,,,,,,,False,False,left_to_right,False,44.0,39.8,,,False,False,False,False
90bf26d3-2f33-4cf8-9d05-412c6c9216dd,3890424,590,1,00:20:09.157,20,9,43,Carry,47,181,Schalke 04,From Free Kick,181,Schalke 04,3502.0,Joël Andre Job Matip,Right Center Back,44.0,39.8,53.4,39.8,2.968524,False,,,,,,,False,,,,,,,False,False,left_to_right,False,44.0,39.8,53.4,39.8,False,False,False,False
dd1ffff0-a8a7-4674-9053-e4f3dec618f4,3890424,591,1,00:20:12.125,20,12,30,Pass,47,181,Schalke 04,From Free Kick,181,Schalke 04,3502.0,Joël Andre Job Matip,Right Center Back,53.4,39.8,53.9,22.7,2.19448,False,,,,,,,True,17.107307,-1.541565,Ground Pass,,16534.0,Roman Neustädter,False,False,left_to_right,False,53.4,39.8,53.9,22.7,False,False,False,False
d9c64cb4-62b8-436b-8aea-5fbde46202d7,3890424,592,1,00:20:14.320,20,14,42,Ball Receipt*,47,181,Schalke 04,From Free Kick,181,Schalke 04,16534.0,Roman Neustädter,Left Center Back,53.9,22.7,,,,False,,,,,,,False,,,,,,,False,False,left_to_right,False,53.9,22.7,,,False,False,False,False
5bfadca5-7cb4-4a4a-a358-718d0e617e6a,3890424,593,1,00:20:14.320,20,14,43,Carry,47,181,Schalke 04,From Free Kick,181,Schalke 04,16534.0,Roman Neustädter,Left Center Back,53.9,22.7,57.5,37.3,3.208234,False,,,,,,,False,,,,,,,False,False,left_to_right,False,53.9,22.7,57.5,37.3,False,False,False,False
38acdc41-a380-40bd-8e28-bb00260ecac9,3890424,594,1,00:20:17.528,20,17,30,Pass,47,181,Schalke 04,From Free Kick,181,Schalke 04,16534.0,Roman Neustädter,Left Center Back,57.5,37.3,64.4,58.8,2.251256,False,,,,,,,True,22.58008,1.2602497,Ground Pass,,6717.0,Johannes Geis,False,False,left_to_right,False,57.5,37.3,64.4,58.8,False,False,False,False
8530b744-1203-4782-b71e-d0f3f19c57d6,3890424,595,1,00:20:19.779,20,19,42,Ball Receipt*,47,181,Schalke 04,From Free Kick,181,Schalke 04,6717.0,Johannes Geis,Right Defensive Midfield,64.4,58.8,,,,False,,,,,,,False,,,,,,,False,False,left_to_right,False,64.4,58.8,,,False,False,False,False
49ce5427-389e-4d73-871e-5fe3193aa955,3890424,596,1,00:20:19.779,20,19,43,Carry,47,181,Schalke 04,From Free Kick,181,Schalke 04,6717.0,Johannes Geis,Right Defensive Midfield,64.4,58.8,71.1,72.6,2.332256,False,,,,,,,False,,,,,,,False,False,left_to_right,False,64.4,58.8,71.1,72.6,False,False,False,False
867571e2-6d16-40d1-8766-ff29a816f3fe,3890424,597,1,00:20:22.112,20,22,30,Pass,47,181,Schalke 04,From Free Kick,181,Schalke 04,6717.0,Johannes Geis,Right Defensive Midfield,71.1,72.6,54.7,54.3,2.163151,False,,,,,,,True,24.57336,-2.3014941,Ground Pass,,3502.0,Joël Andre Job Matip,False,False,left_to_right,False,71.1,72.6,54.7,54.3,False,False,False,False
4e3adcaf-e245-43d6-b83e-620e300b29e7,3890424,598,1,00:20:24.275,20,24,42,Ball Receipt*,47,181,Schalke 04,From Free Kick,181,Schalke 04,3502.0,Joël Andre Job Matip,Right Center Back,54.7,54.3,,,,False,,,,,,,False,,,,,,,False,False,left_to_right,False,54.7,54.3,,,False,False,False,False
492a9f0b-854a-4863-82e3-49332dfebfbc,3890424,599,1,00:20:24.275,20,24,43,Carry,47,181,Schalke 04,From Free Kick,181,Schalke 04,3502.0,Joël Andre Job Matip,Right Center Back,54.7,54.3,82.8,44.3,3.568923,False,,,,,,,False,,,,,,,False,False,left_to_right,False,54.7,54.3,82.8,44.3,True,False,False,False
43e0caed-be43-4bf6-9ca2-f3771966747c,3890424,600,1,00:20:27.844,20,27,30,Pass,47,181,Schalke 04,From Free Kick,181,Schalke 04,3502.0,Joël Andre Job Matip,Right Center Back,82.8,44.3,85.9,31.5,1.555231,False,,,,,,,True,13.170042,-1.333184,Ground Pass,,8508.0,Max Meyer,False,False,left_to_right,False,82.8,44.3,85.9,31.5,False,False,False,False
c72d5527-edc5-45ee-b550-362cff47a675,3890424,601,1,00:20:29.399,20,29,42,Ball Receipt*,47,181,Schalke 04,From Free Kick,181,Schalke 04,8508.0,Max Meyer,Center Attacking Midfield,85.9,31.5,,,,False,,,,,,,False,,,,,,,False,False,left_to_right,False,85.9,31.5,,,False,False,False,False
784082cb-6bbc-4aa8-a120-40c655c5e1ad,3890424,602,1,00:20:29.399,20,29,43,Carry,47,181,Schalke 04,From Free Kick,181,Schalke 04,8508.0,Max Meyer,Center Attacking Midfield,85.9,31.5,89.2,30.6,1.944673,False,,,,,,,False,,,,,,,False,False,left_to_right,False,85.9,31.5,89.2,30.6,False,False,False,False
05539032-87c8-4f95-8779-3b16dce990ed,3890424,603,1,00:20:31.344,20,31,30,Pass,47,181,Schalke 04,From Free Kick,181,Schalke 04,8508.0,Max Meyer,Center Attacking Midfield,89.2,30.6,96.5,34.5,0.636338,False,,,,,,,True,8.276473,0.49066806,Ground Pass,,3499.0,Jean-Eric Maxim Choupo-Moting,False,False,left_to_right,False,89.2,30.6,96.5,34.5,False,True,False,False
5e54ada2-bd59-4469-a80b-9348cb80e8e4,3890424,604,1,00:20:31.646,20,31,17,Pressure,47,181,Schalke 04,From Free Kick,872,Darmstadt 98,9217.0,Aytac Sulu,Right Center Back,22.6,45.6,,,0.385994,False,,,,,,,False,,,,,,,False,False,left_to_right,False,22.6,45.6,,,False,False,False,False
eb00053a-28a0-496e-9280-00fbd11b15e4,3890424,605,1,00:20:31.980,20,31,42,Ball Receipt*,47,181,Schalke 04,From Free Kick,181,Schalke 04,3499.0,Jean-Eric Maxim Choupo-Moting,Left Wing,96.5,34.5,,,,True,,,,,,,False,,,,,,,False,False,left_to_right,False,96.5,34.5,,,False,False,False,False
b0bf59fe-6562-44d9-b9b4-174cbb9ac819,3890424,606,1,00:20:31.980,20,31,43,Carry,47,181,Schalke 04,From Free Kick,181,Schalke 04,3499.0,Jean-Eric Maxim Choupo-Moting,Left Wing,96.5,34.5,96.9,34.5,0.112349,True,,,,,,,False,,,,,,,False,False,left_to_right,False,96.5,34.5,96.9,34.5,False,False,False,False
867528d0-de37-41c3-888f-667c86a76bd0,3890424,607,1,00:20:32.092,20,32,38,Miscontrol,47,181,Schalke 04,From Free Kick,181,Schalke 04,3499.0,Jean-Eric Maxim Choupo-Moting,Left Wing,96.9,34.5,,,0.0,False,,,,,,,False,,,,,,,False,False,left_to_right,False,96.9,34.5,,,False,False,False,True
d5921408-b738-4d89-b1c3-e706f08253ef,3890424,608,1,00:20:33.976,20,33,30,Pass,47,181,Schalke 04,From Free Kick,872,Darmstadt 98,8388.0,Jérôme Gondorf,Left Defensive Midfield,30.4,31.6,42.6,28.3,1.74055,False,,,,,,,True,12.638433,-0.26417017,Ground Pass,Recovery,40477.0,Jan Rosenthal,False,False,left_to_right,False,30.4,31.6,42.6,28.3,False,False,False,False
b1fe2e01-89ec-4940-9b8b-af608525f13f,3890424,609,1,00:20:35.686,20,35,17,Pressure,47,181,Schalke 04,From Free Kick,181,Schalke 04,6717.0,Johannes Geis,Right Defensive Midfield,76.4,51.5,,,0.434796,False,,,,,,,False,,,,,,,False,False,left_to_right,False,76.4,51.5,,,False,False,False,False
b8d55a7f-4ee9-4b29-bcf1-3649905e9543,3890424,610,1,00:20:35.717,20,35,42,Ball Receipt*,47,181,Schalke 04,From Free Kick,872,Darmstadt 98,40477.0,Jan Rosenthal,Center Attacking Midfield,42.6,28.3,,,,True,,,,,,,False,,,,,,,False,False,left_to_right,False,42.6,28.3,,,False,False,False,False
fa97ccd9-d04d-4653-988e-863e7a90b238,3890424,611,1,00:20:35.717,20,35,43,Carry,47,181,Schalke 04,From Free Kick,872,Darmstadt 98,40477.0,Jan Rosenthal,Center Attacking Midfield,42.6,28.3,43.1,30.3,0.318012,True,,,,,,,False,,,,,,,False,False,left_to_right,False,42.6,28.3,43.1,30.3,False,False,False,False
eebccce8-965e-450b-bed2-813e84adb51b,3890424,612,1,00:20:36.035,20,36,30,Pass,47,181,Schalke 04,From Free Kick,872,Darmstadt 98,40477.0,Jan Rosenthal,Center Attacking Midfield,43.1,30.3,53.9,49.5,0.839927,True,,,,,,Incomplete,False,22.029072,1.0584068,Low Pass,,9723.0,Sandro Wagner,False,False,left_to_right,False,43.1,30.3,53.9,49.5,False,False,False,True
fba76458-fc39-48ee-b658-deec0416128d,3890424,613,1,00:20:36.875,20,36,42,Ball Receipt*,47,181,Schalke 04,From Free Kick,872,Darmstadt 98,9723.0,Sandro Wagner,Center Forward,51.1,49.5,,,,False,,,,,,,False,,,,,,,False,False,left_to_right,False,51.1,49.5,,,False,False,False,False
865a4663-1d7e-4f26-a27c-d31305b12706,3890424,614,1,00:20:36.875,20,36,30,Pass,47,181,Schalke 04,From Free Kick,181,Schalke 04,16534.0,Roman Neustädter,Left Center Back,66.2,30.6,86.5,33.1,1.748524,False,,,,,,,True,20.453362,0.12253571,Low Pass,Recovery,3499.0,Jean-Eric Maxim Choupo-Moting,False,False,left_to_right,False,66.2,30.6,86.5,33.1,False,True,True,False
ccedd751-6796-45f8-8c7b-f1e6de3d6c8d,3890424,615,1,00:20:38.623,20,38,42,Ball Receipt*,47,181,Schalke 04,From Free Kick,181,Schalke 04,3499.0,Jean-Eric Maxim Choupo-Moting,Left Wing,86.5,33.1,,,,False,,,,,,,False,,,,,,,False,False,left_to_right,False,86.5,33.1,,,False,False,False,False
05650f69-97c0-4799-b6e3-2349a63d66d4,3890424,616,1,00:20:38.623,20,38,43,Carry,47,181,Schalke 04,From Free Kick,181,Schalke 04,3499.0,Jean-Eric Maxim Choupo-Moting,Left Wing,86.5,33.1,83.4,37.1,2.006068,True,,,,,,,False,,,,,,,False,False,left_to_right,False,86.5,33.1,83.4,37.1,False,False,False,False
68f38adc-2d2f-47cb-9233-fc5516d9ae20,3890424,617,1,00:20:39.501,20,39,17,Pressure,47,181,Schalke 04,From Free Kick,872,Darmstadt 98,40467.0,Peter Niemeyer,Right Defensive Midfield,34.0,45.0,,,1.418972,False,,,,,,,False,,,,,,,False,False,left_to_right,False,34.0,45.0,,,False,False,False,False
b4378045-f4ab-4bd8-8474-8a25225e141f,3890424,618,1,00:20:40.629,20,40,30,Pass,47,181,Schalke 04,From Free Kick,181,Schalke 04,3499.0,Jean-Eric Maxim Choupo-Moting,Left Wing,83.4,37.1,57.0,40.6,1.708792,True,,,,,,,True,26.630997,3.0097857,Ground Pass,,3502.0,Joël Andre Job Matip,False,False,left_to_right,False,83.4,37.1,57.0,40.6,False,False,False,False
9f03d553-bfdb-48f9-a333-9d3462fd0db5,3890424,619,1,00:20:42.338,20,42,42,Ball Receipt*,47,181,Schalke 04,From Free Kick,181,Schalke 04,3502.0,Joël Andre Job Matip,Right Center Back,57.0,40.6,,,,False,,,,,,,False,,,,,,,False,False,left_to_right,False,57.0,40.6,,,False,False,False,False
62f21f75-e959-4b75-9acf-144ac74ba802,3890424,620,1,00:20:42.338,20,42,43,Carry,47,181,Schalke 04,From Free Kick,181,Schalke 04,3502.0,Joël Andre Job Matip,Right Center Back,57.0,40.6,57.0,43.5,1.265984,False,,,,,,,False,,,,,,,False,False,left_to_right,False,57.0,40.6,57.0,43.5,False,False,False,False
17d33c22-8136-409b-aaa9-820767b97aec,3890424,621,1,00:20:43.604,20,43,30,Pass,47,181,Schalke 04,From Free Kick,181,Schalke 04,3502.0,Joël Andre Job Matip,Right Center Back,57.0,43.5,57.3,71.8,1.42609,False,,,,,,,True,28.30159,1.560196,Ground Pass,,30312.0,Uilson de Souza Paula Júnior,False,False,left_to_right,False,57.0,43.5,57.3,71.8,False,False,False,False
94f041d1-5491-4892-96de-69c3df733b99,3890424,622,1,00:20:45.030,20,45,42,Ball Receipt*,47,181,Schalke 04,From Free Kick,181,Schalke 04,30312.0,Uilson de Souza Paula Júnior,Right Back,57.3,71.8,,,,False,,,,,,,False,,,,,,,False,False,left_to_right,False,57.3,71.8,,,False,False,False,False
0aa3ed07-4ca1-4d96-9239-fc42d2be0f91,3890424,623,1,00:20:45.030,20,45,43,Carry,47,181,Schalke 04,From Free Kick,181,Schalke 04,30312.0,Uilson de Souza Paula Júnior,Right Back,57.3,71.8,58.6,69.9,1.973187,False,,,,,,,False,,,,,,,False,False,left_to_right,False,57.3,71.8,58.6,69.9,False,False,False,False
2396ecf9-3b26-4382-8a32-547a7bc04848,3890424,624,1,00:20:47.003,20,47,30,Pass,47,181,Schalke 04,From Free Kick,181,Schalke 04,30312.0,Uilson de Souza Paula Júnior,Right Back,58.6,69.9,54.0,52.1,1.554951,False,,,,,,,True,18.384777,-1.8236904,Ground Pass,,3502.0,Joël Andre Job Matip,False,False,left_to_right,False,58.6,69.9,54.0,52.1,False,False,False,False
94c3b632-c561-4440-8d96-403be20c53b8,3890424,625,1,00:20:48.558,20,48,42,Ball Receipt*,47,181,Schalke 04,From Free Kick,181,Schalke 04,3502.0,Joël Andre Job Matip,Right Center Back,54.0,52.1,,,,False,,,,,,,False,,,,,,,False,False,left_to_right,False,54.0,52.1,,,False,False,False,False
46f40f60-11d9-45d6-b77d-26acbd04b0a7,3890424,626,1,00:20:48.558,20,48,43,Carry,47,181,Schalke 04,From Free Kick,181,Schalke 04,3502.0,Joël Andre Job Matip,Right Center Back,54.0,52.1,54.2,50.4,0.348055,False,,,,,,,False,,,,,,,False,False,left_to_right,False,54.0,52.1,54.2,50.4,False,False,False,False
24aa6164-0f17-4a13-a993-e1e263cff9ff,3890424,627,1,00:20:48.906,20,48,30,Pass,47,181,Schalke 04,From Free Kick,181,Schalke 04,3502.0,Joël Andre Job Matip,Right Center Back,54.2,50.4,22.2,47.6,3.036736,False,,,,,,,True,32.122265,-3.0543149,Ground Pass,,8517.0,Ralf Fährmann,False,False,left_to_right,False,54.2,50.4,22.2,47.6,False,False,False,False
b696a2fc-5f45-4d21-9391-c9e81fec6be8,3890424,628,1,00:20:51.943,20,51,42,Ball Receipt*,47,181,Schalke 04,From Free Kick,181,Schalke 04,8517.0,Ralf Fährmann,Goalkeeper,22.2,47.6,,,,False,,,,,,,False,,,,,,,False,False,left_to_right,False,22.2,47.6,,,False,False,False,False
83b2b948-a979-4361-ae29-38ad8e875d29,3890424,629,1,00:20:51.943,20,51,30,Pass,47,181,Schalke 04,From Free Kick,181,Schalke 04,8517.0,Ralf Fährmann,Goalkeeper,23.7,46.3,40.4,24.8,1.97352,False,,,,,,,True,27.223886,-0.91039747,Ground Pass,,16534.0,Roman Neustädter,False,False,left_to_right,False,23.7,46.3,40.4,24.8,False,False,False,False
a90d7ed2-6aae-4c1c-bce5-5fb8fa7b7a5e,3890424,630,1,00:20:53.917,20,53,42,Ball Receipt*,47,181,Schalke 04,From Free Kick,181,Schalke 04,16534.0,Roman Neustädter,Left Center Back,40.4,24.8,,,,False,,,,,,,False,,,,,,,False,False,left_to_right,False,40.4,24.8,,,False,False,False,False
ee338f28-99af-4312-81dc-fe6d8719ff9a,3890424,631,1,00:20:53.917,20,53,43,Carry,47,181,Schalke 04,From Free Kick,181,Schalke 04,16534.0,Roman Neustädter,Left Center Back,40.4,24.8,48.1,22.7,5.839131,False,,,,,,,False,,,,,,,False,False,left_to_right,False,40.4,24.8,48.1,22.7,False,False,False,False
ffff14af-31ec-4311-91de-10bdcebfcac2,3890424,632,1,00:20:59.756,20,59,30,Pass,47,181,Schalke 04,From Free Kick,181,Schalke 04,16534.0,Roman Neustädter,Left Center Back,48.1,22.7,70.9,18.1,1.932283,False,,,,,,,True,23.259407,-0.1990819,Ground Pass,,8508.0,Max Meyer,False,False,left_to_right,False,48.1,22.7,70.9,18.1,False,True,False,False
be561d2a-4e80-43fe-9219-37f41655ee30,3890424,633,1,00:21:01.688,21,1,42,Ball Receipt*,47,181,Schalke 04,From Free Kick,181,Schalke 04,8508.0,Max Meyer,Center Attacking Midfield,70.9,18.1,,,,False,,,,,,,False,,,,,,,False,False,left_to_right,False,70.9,18.1,,,False,False,False,False
c19c37c1-cc79-4c04-8f28-65e64613090b,3890424,634,1,00:21:01.688,21,1,43,Carry,47,181,Schalke 04,From Free Kick,181,Schalke 04,8508.0,Max Meyer,Center Attacking Midfield,70.9,18.1,86.1,10.9,2.178805,True,,,,,,,False,,,,,,,False,False,left_to_right,False,70.9,18.1,86.1,10.9,False,False,False,False
dfc588f1-077a-400e-89d5-d8d8c4123571,3890424,635,1,00:21:02.721,21,2,17,Pressure,47,181,Schalke 04,From Free Kick,872,Darmstadt 98,9401.0,Marcel Heller,Right Midfield,30.3,70.2,,,0.609765,False,,,,,,,False,,,,,,,False,False,left_to_right,False,30.3,70.2,,,False,False,False,False
b38a2505-b81d-4a1f-a51b-77f47e0bca2f,3890424,636,1,00:21:03.867,21,3,30,Pass,47,181,Schalke 04,From Free Kick,181,Schalke 04,8508.0,Max Meyer,Center Attacking Midfield,86.1,10.9,85.4,29.9,0.792986,False,,,,,,,True,19.01289,1.6076218,Ground Pass,,3499.0,Jean-Eric Maxim Choupo-Moting,False,False,left_to_right,False,86.1,10.9,85.4,29.9,False,False,False,False
8e25787f-9bab-4812-b3d7-bbe1bc3d2363,3890424,637,1,00:21:04.660,21,4,42,Ball Receipt*,47,181,Schalke 04,From Free Kick,181,Schalke 04,3499.0,Jean-Eric Maxim Choupo-Moting,Left Wing,85.4,29.9,,,,False,,,,,,,False,,,,,,,False,False,left_to_right,False,85.4,29.9,,,False,False,False,False
64f1255e-97a4-4306-b899-132cdabc0783,3890424,638,1,00:21:04.660,21,4,43,Carry,47,181,Schalke 04,From Free Kick,181,Schalke 04,3499.0,Jean-Eric Maxim Choupo-Moting,Left Wing,85.4,29.9,86.1,27.9,0.976175,True,,,,,,,False,,,,,,,False,False,left_to_right,False,85.4,29.9,86.1,27.9,False,False,False,False
68cc583d-b226-4f29-9bb5-14ab56474e98,3890424,639,1,00:21:05.102,21,5,17,Pressure,47,181,Schalke 04,From Free Kick,872,Darmstadt 98,8388.0,Jérôme Gondorf,Left Defensive Midfield,33.6,48.3,,,0.531186,False,,,,,,,False,,,,,,,False,False,left_to_right,False,33.6,48.3,,,False,False,False,False
c7429f0a-4688-4615-a09e-a18941873a85,3890424,640,1,00:21:05.636,21,5,30,Pass,47,181,Schalke 04,From Free Kick,181,Schalke 04,3499.0,Jean-Eric Maxim Choupo-Moting,Left Wing,86.1,27.9,86.1,43.1,1.872042,False,,,,,,,True,15.2,1.5707964,High Pass,,8060.0,Klaas-Jan Huntelaar,False,False,left_to_right,False,86.1,27.9,86.1,43.1,False,False,False,False
43fef39f-a332-4cb1-97a7-36b829efbab9,3890424,641,1,00:21:07.508,21,7,42,Ball Receipt*,47,181,Schalke 04,From Free Kick,181,Schalke 04,8060.0,Klaas-Jan Huntelaar,Center Forward,86.1,43.1,,,,False,,,,,,,False,,,,,,,False,False,left_to_right,False,86.1,43.1,,,False,False,False,False
60291208-2c81-4a42-972b-e6665652239c,3890424,642,1,00:21:07.508,21,7,30,Pass,47,181,Schalke 04,From Free Kick,181,Schalke 04,8060.0,Klaas-Jan Huntelaar,Center Forward,85.9,42.4,76.4,49.1,0.880715,False,,,,,,,True,11.624973,2.527343,High Pass,,6324.0,Leon Goretzka,False,False,left_to_right,False,85.9,42.4,76.4,49.1,False,False,False,False
40464273-195b-415c-9d7d-9bee6ddbacf4,3890424,643,1,00:21:08.214,21,8,17,Pressure,47,181,Schalke 04,From Free Kick,872,Darmstadt 98,40477.0,Jan Rosenthal,Center Attacking Midfield,44.7,32.7,,,0.350072,False,,,,,,,False,,,,,,,False,False,left_to_right,False,44.7,32.7,,,False,False,False,False
dc1b5a37-7840-4e19-bb6f-c28c5912e926,3890424,644,1,00:21:08.389,21,8,42,Ball Receipt*,47,181,Schalke 04,From Free Kick,181,Schalke 04,6324.0,Leon Goretzka,Left Defensive Midfield,76.4,49.1,,,,True,,,,,,,False,,,,,,,False,False,left_to_right,False,76.4,49.1,,,False,False,False,False
a0b0539b-a22a-4759-b332-eec1ccd15032,3890424,645,1,00:21:08.389,21,8,30,Pass,47,181,Schalke 04,From Free Kick,181,Schalke 04,6324.0,Leon Goretzka,Left Defensive Midfield,76.4,49.1,66.9,42.4,1.631677,True,,,,,,,True,11.624973,-2.527343,Low Pass,,6717.0,Johannes Geis,False,False,left_to_right,False,76.4,49.1,66.9,42.4,False,False,False,False
4e53315b-be89-4093-8d70-d1c6c5411e90,3890424,646,1,00:21:10.020,21,10,42,Ball Receipt*,47,181,Schalke 04,From Free Kick,181,Schalke 04,6717.0,Johannes Geis,Right Defensive Midfield,66.9,42.4,,,,False,,,,,,,False,,,,,,,False,False,left_to_right,False,66.9,42.4,,,False,False,False,False
88d7fa6d-b993-4270-bd63-2e9177d31d98,3890424,647,1,00:21:10.020,21,10,43,Carry,47,181,Schalke 04,From Free Kick,181,Schalke 04,6717.0,Johannes Geis,Right Defensive Midfield,66.9,42.4,67.8,40.6,1.598023,False,,,,,,,False,,,,,,,False,False,left_to_right,False,66.9,42.4,67.8,40.6,False,False,False,False
bec4c621-0f8b-4a45-a2a9-bf69c40692ae,3890424,648,1,00:21:11.618,21,11,30,Pass,47,181,Schalke 04,From Free Kick,181,Schalke 04,6717.0,Johannes Geis,Right Defensive Midfield,67.8,40.6,120.0,10.4,3.964693,False,,,,,,Out,False,60.30655,-0.52449363,High Pass,,3510.0,Sead Kolašinac,False,False,left_to_right,False,67.8,40.6,120.0,10.4,False,True,True,True
0ee466c8-305e-487c-9ffc-5227b725c33a,3890424,649,1,00:21:15.583,21,15,42,Ball Receipt*,47,181,Schalke 04,From Free Kick,181,Schalke 04,3510.0,Sead Kolašinac,Left Back,118.1,10.4,,,,False,,,,,,,False,,,,,,,False,False,left_to_right,False,118.1,10.4,,,False,False,False,False
e544d21d-7933-45f7-a80d-6acc4465c2e2,3890424,650,1,00:21:58.657,21,58,30,Pass,48,872,Darmstadt 98,From Goal Kick,872,Darmstadt 98,8306.0,Christian Mathenia,Goalkeeper,6.0,44.0,63.1,32.7,2.743794,False,,,,,,Incomplete,False,58.207386,-0.195374,High Pass,Goal Kick,11134.0,Konstantin Rausch,False,False,left_to_right,False,6.0,44.0,63.1,32.7,False,True,False,True
3e6c2d9d-e730-42cf-a51a-7dd7479890a1,3890424,651,1,00:22:01.401,22,1,42,Ball Receipt*,48,872,Darmstadt 98,From Goal Kick,872,Darmstadt 98,11134.0,Konstantin Rausch,Left Midfield,59.5,36.4,,,,False,,,,,,,False,,,,,,,False,False,left_to_right,False,59.5,36.4,,,False,False,False,False
e71bc49e-71f4-4b1f-87e6-1d4dab583db3,3890424,652,1,00:22:01.401,22,1,2,Ball Recovery,48,872,Darmstadt 98,From Goal Kick,181,Schalke 04,3053.0,Leroy Sané,Right Wing,57.0,47.4,,,0.0,False,,,,,,,False,,,,,,,False,False,left_to_right,False,57.0,47.4,,,False,False,False,False
60a2d562-bc60-4975-b237-2e8984dc4770,3890424,653,1,00:22:01.401,22,1,43,Carry,48,872,Darmstadt 98,From Goal Kick,181,Schalke 04,3053.0,Leroy Sané,Right Wing,57.0,47.4,83.4,75.2,5.013826,True,,,,,,,False,,,,,,,False,False,left_to_right,False,57.0,47.4,83.4,75.2,False,False,False,False
aed7d886-fcb6-46bf-be20-3fa441197e86,3890424,654,1,00:22:05.806,22,5,17,Pressure,48,872,Darmstadt 98,From Goal Kick,872,Darmstadt 98,11134.0,Konstantin Rausch,Left Midfield,35.4,3.3,,,0.500411,False,,,,,,,False,,,,,,,False,False,left_to_right,False,35.4,3.3,,,False,False,False,False
f895cdcf-b418-45d3-be7a-7b03d47dee12,3890424,655,1,00:22:06.415,22,6,14,Dribble,48,872,Darmstadt 98,From Goal Kick,181,Schalke 04,3053.0,Leroy Sané,Right Wing,83.4,75.2,,,0.0,True,,,,,,,False,,,,,,,False,False,left_to_right,False,83.4,75.2,,,False,False,False,False
63159b88-c005-4eeb-9a71-9c2618dd451b,3890424,656,1,00:22:06.415,22,6,4,Duel,48,872,Darmstadt 98,From Goal Kick,872,Darmstadt 98,11134.0,Konstantin Rausch,Left Midfield,36.7,4.9,,,0.0,True,,,,,,,False,,,,,,,False,False,left_to_right,False,36.7,4.9,,,False,False,False,False
aa4a70a6-35a8-43ce-b386-e4faca6adf08,3890424,657,1,00:22:18.705,22,18,30,Pass,49,872,Darmstadt 98,From Throw In,872,Darmstadt 98,9404.0,Luca Caldirola,Left Back,47.8,0.1,62.2,10.3,1.907825,False,,,,,,,True,17.64653,0.61629695,High Pass,Throw-in,9723.0,Sandro Wagner,False,False,left_to_right,False,47.8,0.1,62.2,10.3,False,False,False,False
064d8aff-0ec7-436d-99e7-1ead5c59b373,3890424,658,1,00:22:20.613,22,20,42,Ball Receipt*,49,872,Darmstadt 98,From Throw In,872,Darmstadt 98,9723.0,Sandro Wagner,Center Forward,62.2,10.3,,,,False,,,,,,,False,,,,,,,False,False,left_to_right,False,62.2,10.3,,,False,False,False,False
25aa6410-a5dd-4c1f-93ab-5b535479fa3c,3890424,659,1,00:22:20.613,22,20,43,Carry,49,872,Darmstadt 98,From Throw In,872,Darmstadt 98,9723.0,Sandro Wagner,Center Forward,62.2,10.3,65.0,6.1,1.749789,True,,,,,,,False,,,,,,,False,False,left_to_right,False,62.2,10.3,65.0,6.1,False,False,False,False
0bb56a21-7091-4e91-ab79-6b6c6c69f376,3890424,660,1,00:22:20.716,22,20,17,Pressure,49,872,Darmstadt 98,From Throw In,181,Schalke 04,30312.0,Uilson de Souza Paula Júnior,Right Back,57.5,69.6,,,2.003089,False,,,,,,,False,,,,,,,False,False,left_to_right,False,57.5,69.6,,,False,False,False,False
7cfa247e-1f92-41f3-a62d-29c5066d1dbf,3890424,661,1,00:22:22.362,22,22,30,Pass,49,872,Darmstadt 98,From Throw In,872,Darmstadt 98,9723.0,Sandro Wagner,Center Forward,65.0,6.1,76.1,5.6,1.249176,True,,,,,,Incomplete,False,11.111256,-0.045014616,Ground Pass,,11134.0,Konstantin Rausch,False,False,left_to_right,False,65.0,6.1,76.1,5.6,False,False,False,True
641d8320-87a5-4320-8837-a5affd9e5e43,3890424,662,1,00:22:23.612,22,23,42,Ball Receipt*,49,872,Darmstadt 98,From Throw In,872,Darmstadt 98,11134.0,Konstantin Rausch,Left Midfield,79.2,4.4,,,,False,,,,,,,False,,,,,,,False,False,left_to_right,False,79.2,4.4,,,False,False,False,False
9a517476-a6b8-4561-8a5e-ba5df7adce1d,3890424,663,1,00:22:23.612,22,23,2,Ball Recovery,50,181,Schalke 04,Regular Play,181,Schalke 04,3502.0,Joël Andre Job Matip,Right Center Back,44.0,74.5,,,0.0,False,,,,,,,False,,,,,,,False,False,left_to_right,False,44.0,74.5,,,False,False,False,False
926b1c41-aece-4195-bbe9-f9e9bf34babe,3890424,664,1,00:22:23.612,22,23,43,Carry,50,181,Schalke 04,Regular Play,181,Schalke 04,3502.0,Joël Andre Job Matip,Right Center Back,44.0,74.5,44.4,74.0,0.597239,False,,,,,,,False,,,,,,,False,False,left_to_right,False,44.0,74.5,44.4,74.0,False,False,False,False
0640d1ea-1aab-49e9-b318-7d62bbe0494e,3890424,665,1,00:22:24.209,22,24,30,Pass,50,181,Schalke 04,Regular Play,181,Schalke 04,3502.0,Joël Andre Job Matip,Right Center Back,44.4,74.0,40.1,50.2,1.724904,False,,,,,,,True,24.185326,-1.7495403,Ground Pass,,16534.0,Roman Neustädter,False,False,left_to_right,False,44.4,74.0,40.1,50.2,False,False,False,False
26fdea82-8411-4464-84cf-caee8ef14c45,3890424,666,1,00:22:25.934,22,25,42,Ball Receipt*,50,181,Schalke 04,Regular Play,181,Schalke 04,16534.0,Roman Neustädter,Left Center Back,40.1,50.2,,,,False,,,,,,,False,,,,,,,False,False,left_to_right,False,40.1,50.2,,,False,False,False,False
184739eb-b745-42f7-b06d-aa390cb4b3bc,3890424,667,1,00:22:25.934,22,25,43,Carry,50,181,Schalke 04,Regular Play,181,Schalke 04,16534.0,Roman Neustädter,Left Center Back,40.1,50.2,45.0,38.5,5.666186,False,,,,,,,False,,,,,,,False,False,left_to_right,False,40.1,50.2,45.0,38.5,False,False,False,False
5a899e22-c22c-48e2-b6b8-2f5d4e8db14a,3890424,668,1,00:22:31.600,22,31,30,Pass,50,181,Schalke 04,Regular Play,181,Schalke 04,16534.0,Roman Neustädter,Left Center Back,45.0,38.5,65.1,14.5,2.091991,False,,,,,,,True,31.30511,-0.87360406,Ground Pass,,3510.0,Sead Kolašinac,False,False,left_to_right,False,45.0,38.5,65.1,14.5,False,False,False,False
bd96a236-0632-4702-876c-82a56525d4f8,3890424,669,1,00:22:33.692,22,33,42,Ball Receipt*,50,181,Schalke 04,Regular Play,181,Schalke 04,3510.0,Sead Kolašinac,Left Back,65.1,14.5,,,,False,,,,,,,False,,,,,,,False,False,left_to_right,False,65.1,14.5,,,False,False,False,False
f31208ec-dcb5-42f8-b990-45dac84bbae8,3890424,670,1,00:22:33.692,22,33,43,Carry,50,181,Schalke 04,Regular Play,181,Schalke 04,3510.0,Sead Kolašinac,Left Back,65.1,14.5,65.3,14.3,0.516127,False,,,,,,,False,,,,,,,False,False,left_to_right,False,65.1,14.5,65.3,14.3,False,False,False,False
2ed73f15-6844-4a4d-be63-42450481bde7,3890424,671,1,00:22:34.208,22,34,30,Pass,50,181,Schalke 04,Regular Play,181,Schalke 04,3510.0,Sead Kolašinac,Left Back,65.3,14.3,84.0,4.6,0.722709,False,,,,,,,True,21.066086,-0.4785085,Ground Pass,,3499.0,Jean-Eric Maxim Choupo-Moting,False,False,left_to_right,False,65.3,14.3,84.0,4.6,False,False,True,False
74e53b33-bc7c-4201-8646-23e59554ec61,3890424,672,1,00:22:34.931,22,34,42,Ball Receipt*,50,181,Schalke 04,Regular Play,181,Schalke 04,3499.0,Jean-Eric Maxim Choupo-Moting,Left Wing,84.0,4.6,,,,False,,,,,,,False,,,,,,,False,False,left_to_right,False,84.0,4.6,,,False,False,False,False
ba5b5e57-1462-40dd-80e7-9828a306f1c7,3890424,673,1,00:22:34.931,22,34,43,Carry,50,181,Schalke 04,Regular Play,181,Schalke 04,3499.0,Jean-Eric Maxim Choupo-Moting,Left Wing,84.0,4.6,79.7,6.0,2.646961,True,,,,,,,False,,,,,,,False,False,left_to_right,False,84.0,4.6,79.7,6.0,False,False,False,False
b55010e4-0199-42c9-8136-a82a48cc3132,3890424,674,1,00:22:35.059,22,35,17,Pressure,50,181,Schalke 04,Regular Play,872,Darmstadt 98,20522.0,György Garics,Right Back,34.8,75.5,,,1.151335,False,,,,,,,False,,,,,,,False,False,left_to_right,False,34.8,75.5,,,False,False,False,False
b7d03bcc-0c5c-471e-9138-4488e10e99de,3890424,675,1,00:22:37.433,22,37,17,Pressure,50,181,Schalke 04,Regular Play,872,Darmstadt 98,40477.0,Jan Rosenthal,Center Attacking Midfield,42.5,74.1,,,0.448699,False,,,,,,,False,,,,,,,False,False,left_to_right,False,42.5,74.1,,,False,False,False,False
f076c889-ecab-4eba-9efa-584922a8eb05,3890424,676,1,00:22:37.578,22,37,30,Pass,50,181,Schalke 04,Regular Play,181,Schalke 04,3499.0,Jean-Eric Maxim Choupo-Moting,Left Wing,79.7,6.0,54.0,21.6,1.950592,True,,,,,,,True,30.064098,2.596039,Ground Pass,,16534.0,Roman Neustädter,False,False,left_to_right,False,79.7,6.0,54.0,21.6,False,False,False,False
da03cc33-a2e6-4c4f-8a2b-d70d61795896,3890424,677,1,00:22:39.528,22,39,42,Ball Receipt*,50,181,Schalke 04,Regular Play,181,Schalke 04,16534.0,Roman Neustädter,Left Center Back,54.0,21.6,,,,False,,,,,,,False,,,,,,,False,False,left_to_right,False,54.0,21.6,,,False,False,False,False
63d455f7-f680-4f9e-879b-1bbd9aa1b847,3890424,678,1,00:22:39.528,22,39,43,Carry,50,181,Schalke 04,Regular Play,181,Schalke 04,16534.0,Roman Neustädter,Left Center Back,54.0,21.6,52.5,23.7,0.636394,False,,,,,,,False,,,,,,,False,False,left_to_right,False,54.0,21.6,52.5,23.7,False,False,False,False
628116df-66b3-4711-b6a7-26af8655e920,3890424,679,1,00:22:40.165,22,40,30,Pass,50,181,Schalke 04,Regular Play,181,Schalke 04,16534.0,Roman Neustädter,Left Center Back,52.5,23.7,54.0,54.6,2.254118,False,,,,,,,True,30.936386,1.5222907,Ground Pass,,3502.0,Joël Andre Job Matip,False,False,left_to_right,False,52.5,23.7,54.0,54.6,False,False,False,False
a219f4bc-9ef3-48e1-897b-8aa77272915b,3890424,680,1,00:22:42.419,22,42,42,Ball Receipt*,50,181,Schalke 04,Regular Play,181,Schalke 04,3502.0,Joël Andre Job Matip,Right Center Back,54.0,54.6,,,,False,,,,,,,False,,,,,,,False,False,left_to_right,False,54.0,54.6,,,False,False,False,False
69efb5c2-c26b-40f9-910e-33da3fee8639,3890424,681,1,00:22:42.419,22,42,43,Carry,50,181,Schalke 04,Regular Play,181,Schalke 04,3502.0,Joël Andre Job Matip,Right Center Back,54.0,54.6,70.1,58.5,2.772471,True,,,,,,,False,,,,,,,False,False,left_to_right,False,54.0,54.6,70.1,58.5,False,False,False,False
c4d80ecc-7367-4d58-881e-13801b76e15b,3890424,682,1,00:22:44.642,22,44,17,Pressure,50,181,Schalke 04,Regular Play,872,Darmstadt 98,9723.0,Sandro Wagner,Center Forward,50.9,18.6,,,0.691553,False,,,,,,,False,,,,,,,False,False,left_to_right,False,50.9,18.6,,,False,False,False,False
040b8504-e4e4-4447-8d6c-5fa42db2426d,3890424,683,1,00:22:45.191,22,45,39,Dribbled Past,50,181,Schalke 04,Regular Play,872,Darmstadt 98,9723.0,Sandro Wagner,Center Forward,50.0,21.6,,,0.0,False,,,,,,,False,,,,,,,False,False,left_to_right,False,50.0,21.6,,,False,False,False,False
1db48ed9-1502-49dc-8e0a-c3de78b813e8,3890424,684,1,00:22:45.191,22,45,14,Dribble,50,181,Schalke 04,Regular Play,181,Schalke 04,3502.0,Joël Andre Job Matip,Right Center Back,70.1,58.5,,,0.0,True,,,,,,,False,,,,,,,False,False,left_to_right,False,70.1,58.5,,,False,False,False,False
6ed9fe59-de5c-4e4a-9cf7-3861f512e27a,3890424,685,1,00:22:45.191,22,45,43,Carry,50,181,Schalke 04,Regular Play,181,Schalke 04,3502.0,Joël Andre Job Matip,Right Center Back,70.1,58.5,91.9,53.5,6.04603,True,,,,,,,False,,,,,,,False,False,left_to_right,False,70.1,58.5,91.9,53.5,True,False,False,False
0cc737c3-af3d-4eb3-8dc2-339179125b62,3890424,686,1,00:22:51.016,22,51,17,Pressure,50,181,Schalke 04,Regular Play,872,Darmstadt 98,40467.0,Peter Niemeyer,Right Defensive Midfield,27.5,33.6,,,0.756433,False,,,,,,,False,,,,,,,False,False,left_to_right,False,27.5,33.6,,,False,False,False,False
78ce509d-3203-4d16-93b8-18793f453e2b,3890424,687,1,00:22:51.237,22,51,30,Pass,50,181,Schalke 04,Regular Play,181,Schalke 04,3502.0,Joël Andre Job Matip,Right Center Back,91.9,53.5,92.6,63.8,1.50325,True,,,,,,,True,10.323759,1.5029395,Ground Pass,,8508.0,Max Meyer,False,False,left_to_right,False,91.9,53.5,92.6,63.8,False,False,False,False
407d3110-9a91-4857-aeca-ca73d6f3fe73,3890424,688,1,00:22:52.741,22,52,42,Ball Receipt*,50,181,Schalke 04,Regular Play,181,Schalke 04,8508.0,Max Meyer,Center Attacking Midfield,92.6,63.8,,,,False,,,,,,,False,,,,,,,False,False,left_to_right,False,92.6,63.8,,,False,False,False,False
82a43eae-eedf-4f10-96ab-a14dcd5594e7,3890424,689,1,00:22:52.741,22,52,43,Carry,50,181,Schalke 04,Regular Play,181,Schalke 04,8508.0,Max Meyer,Center Attacking Midfield,92.6,63.8,92.3,63.5,0.094051,False,,,,,,,False,,,,,,,False,False,left_to_right,False,92.6,63.8,92.3,63.5,False,False,False,False
90ba039f-74db-447d-b80d-a83e81dca4cc,3890424,690,1,00:22:52.835,22,52,30,Pass,50,181,Schalke 04,Regular Play,181,Schalke 04,8508.0,Max Meyer,Center Attacking Midfield,92.3,63.5,102.5,72.4,1.916178,False,,,,,,,True,13.536986,0.7174401,Ground Pass,,3053.0,Leroy Sané,False,False,left_to_right,False,92.3,63.5,102.5,72.4,False,False,False,False
7c147d16-502b-4851-b903-2c1622753323,3890424,691,1,00:22:54.751,22,54,42,Ball Receipt*,50,181,Schalke 04,Regular Play,181,Schalke 04,3053.0,Leroy Sané,Right Wing,102.5,72.4,,,,False,,,,,,,False,,,,,,,False,False,left_to_right,False,102.5,72.4,,,False,False,False,False
af43c336-70fe-445e-8021-9b38b444f41c,3890424,692,1,00:22:54.751,22,54,43,Carry,50,181,Schalke 04,Regular Play,181,Schalke 04,3053.0,Leroy Sané,Right Wing,102.5,72.4,102.3,61.2,4.769681,True,,,,,,,False,,,,,,,False,False,left_to_right,False,102.5,72.4,102.3,61.2,True,False,False,False
9d600577-40d3-49a9-8fd1-ee59e1dc6411,3890424,693,1,00:22:58.265,22,58,17,Pressure,50,181,Schalke 04,Regular Play,872,Darmstadt 98,9404.0,Luca Caldirola,Left Back,18.2,18.1,,,0.791687,False,,,,,,,False,,,,,,,False,False,left_to_right,False,18.2,18.1,,,False,False,False,False
188de968-13a3-4f67-9fc8-cd028d8547ef,3890424,694,1,00:22:59.520,22,59,22,Foul Committed,50,181,Schalke 04,Regular Play,872,Darmstadt 98,9404.0,Luca Caldirola,Left Back,17.8,18.9,,,0.0,False,,,,,,,False,,,,,,,False,False,left_to_right,False,17.8,18.9,,,False,False,False,False
71345c17-19f7-4213-811c-6276e10e1b7e,3890424,695,1,00:22:59.520,22,59,21,Foul Won,50,181,Schalke 04,Regular Play,181,Schalke 04,3053.0,Leroy Sané,Right Wing,102.3,61.2,,,0.0,True,,,,,,,False,,,,,,,False,False,left_to_right,False,102.3,61.2,,,False,False,False,False
3cbb87de-76ac-43a8-9cef-ab5d57ee803c,3890424,696,1,00:24:06.953,24,6,16,Shot,51,181,Schalke 04,From Free Kick,181,Schalke 04,6717.0,Johannes Geis,Right Defensive Midfield,99.0,55.1,120.0,44.2,1.16351,False,0.04736599,Post,Right Foot,Normal,Free Kick,,False,,,,,,,False,False,left_to_right,False,99.0,55.1,120.0,44.2,False,False,False,False
ebedb9bd-c2f3-40ad-b256-0bc64b26632c,3890424,697,1,00:24:08.116,24,8,23,Goal Keeper,51,181,Schalke 04,From Free Kick,872,Darmstadt 98,8306.0,Christian Mathenia,Goalkeeper,0.7,41.0,,,0.0,False,,,,,,,False,,,,,,,False,False,left_to_right,False,0.7,41.0,,,False,False,False,False
d64f9cb7-bf4a-4d81-97bc-cb4426a6cd52,3890424,698,1,00:24:38.629,24,38,30,Pass,52,872,Darmstadt 98,From Goal Kick,872,Darmstadt 98,8306.0,Christian Mathenia,Goalkeeper,6.0,36.0,54.5,2.4,3.599735,False,,,,,,,True,59.00178,-0.60586625,High Pass,Goal Kick,40477.0,Jan Rosenthal,False,False,left_to_right,False,6.0,36.0,54.5,2.4,False,True,False,False
0a07dd7c-dd6c-4f14-80c3-502bd5a5e157,3890424,699,1,00:24:42.229,24,42,42,Ball Receipt*,52,872,Darmstadt 98,From Goal Kick,872,Darmstadt 98,40477.0,Jan Rosenthal,Center Attacking Midfield,54.5,2.4,,,,False,,,,,,,False,,,,,,,False,False,left_to_right,False,54.5,2.4,,,False,False,False,False
72c79d2b-8936-420f-a03d-c69cf6923593,3890424,700,1,00:24:42.479,24,42,38,Miscontrol,52,872,Darmstadt 98,From Goal Kick,872,Darmstadt 98,40477.0,Jan Rosenthal,Center Attacking Midfield,55.1,1.7,,,0.0,False,,,,,,,False,,,,,,,False,False,left_to_right,False,55.1,1.7,,,False,False,False,True
36aecd74-cc4a-4e2f-af4c-db96faa06643,3890424,701,1,00:24:47.102,24,47,30,Pass,53,181,Schalke 04,From Throw In,181,Schalke 04,30312.0,Uilson de Souza Paula Júnior,Right Back,57.5,80.0,42.3,70.6,2.129521,False,,,,,,,True,17.871765,-2.5877383,Low Pass,Throw-in,3502.0,Joël Andre Job Matip,False,False,left_to_right,False,57.5,80.0,42.3,70.6,False,False,False,False
666d7cf3-647d-45b1-87b3-ba8c3da0b619,3890424,702,1,00:24:49.231,24,49,42,Ball Receipt*,53,181,Schalke 04,From Throw In,181,Schalke 04,3502.0,Joël Andre Job Matip,Right Center Back,42.3,70.6,,,,False,,,,,,,False,,,,,,,False,False,left_to_right,False,42.3,70.6,,,False,False,False,False
6aea55fe-fc8a-4860-a07c-294ac112a881,3890424,703,1,00:24:49.231,24,49,43,Carry,53,181,Schalke 04,From Throw In,181,Schalke 04,3502.0,Joël Andre Job Matip,Right Center Back,42.3,70.6,42.3,68.7,1.360448,False,,,,,,,False,,,,,,,False,False,left_to_right,False,42.3,70.6,42.3,68.7,False,False,False,False
6d72dc62-316b-47f3-8fb9-2d7e89e0cea4,3890424,704,1,00:24:50.592,24,50,30,Pass,53,181,Schalke 04,From Throw In,181,Schalke 04,3502.0,Joël Andre Job Matip,Right Center Back,42.3,68.7,42.9,37.0,2.425136,False,,,,,,,True,31.705677,-1.5518712,Ground Pass,,16534.0,Roman Neustädter,False,False,left_to_right,False,42.3,68.7,42.9,37.0,False,False,False,False
7ccbac6c-c173-4b70-88f3-a3061db02034,3890424,705,1,00:24:53.017,24,53,42,Ball Receipt*,53,181,Schalke 04,From Throw In,181,Schalke 04,16534.0,Roman Neustädter,Left Center Back,42.9,37.0,,,,False,,,,,,,False,,,,,,,False,False,left_to_right,False,42.9,37.0,,,False,False,False,False
228b7869-df11-402d-88b8-1622cb218611,3890424,706,1,00:24:53.017,24,53,43,Carry,53,181,Schalke 04,From Throw In,181,Schalke 04,16534.0,Roman Neustädter,Left Center Back,42.9,37.0,43.1,32.7,2.545827,False,,,,,,,False,,,,,,,False,False,left_to_right,False,42.9,37.0,43.1,32.7,False,False,False,False
2b4206cf-902f-4363-b368-474c07ae04d6,3890424,707,1,00:24:55.563,24,55,30,Pass,53,181,Schalke 04,From Throw In,181,Schalke 04,16534.0,Roman Neustädter,Left Center Back,43.1,32.7,47.6,58.5,2.515558,False,,,,,,,True,26.1895,1.3981148,Ground Pass,,3502.0,Joël Andre Job Matip,False,False,left_to_right,False,43.1,32.7,47.6,58.5,False,False,False,False
caa075c6-c9a3-49eb-a0df-550d572b8d6c,3890424,708,1,00:24:58.078,24,58,42,Ball Receipt*,53,181,Schalke 04,From Throw In,181,Schalke 04,3502.0,Joël Andre Job Matip,Right Center Back,47.6,58.5,,,,False,,,,,,,False,,,,,,,False,False,left_to_right,False,47.6,58.5,,,False,False,False,False
71dd5344-bfe1-4383-95f5-4b04c5c95107,3890424,709,1,00:24:58.078,24,58,43,Carry,53,181,Schalke 04,From Throw In,181,Schalke 04,3502.0,Joël Andre Job Matip,Right Center Back,47.6,58.5,53.3,56.0,1.261333,False,,,,,,,False,,,,,,,False,False,left_to_right,False,47.6,58.5,53.3,56.0,False,False,False,False
0eeb915b-cd12-410d-9ab8-59f298472d11,3890424,710,1,00:24:59.340,24,59,30,Pass,53,181,Schalke 04,From Throw In,181,Schalke 04,3502.0,Joël Andre Job Matip,Right Center Back,53.3,56.0,51.4,30.6,1.912454,False,,,,,,,True,25.470964,-1.6454604,Ground Pass,,16534.0,Roman Neustädter,False,False,left_to_right,False,53.3,56.0,51.4,30.6,False,False,False,False
2fad6039-12f9-4861-abb7-0fef0d78d457,3890424,711,1,00:25:01.252,25,1,42,Ball Receipt*,53,181,Schalke 04,From Throw In,181,Schalke 04,16534.0,Roman Neustädter,Left Center Back,51.4,30.6,,,,False,,,,,,,False,,,,,,,False,False,left_to_right,False,51.4,30.6,,,False,False,False,False
d06b8ae0-0bab-421f-b7c5-124fc150196e,3890424,712,1,00:25:01.252,25,1,43,Carry,53,181,Schalke 04,From Throw In,181,Schalke 04,16534.0,Roman Neustädter,Left Center Back,51.4,30.6,59.4,28.1,3.068063,False,,,,,,,False,,,,,,,False,False,left_to_right,False,51.4,30.6,59.4,28.1,False,False,False,False
58f93b09-d99b-4a60-b15e-60053f242eb3,3890424,713,1,00:25:04.320,25,4,30,Pass,53,181,Schalke 04,From Throw In,181,Schalke 04,16534.0,Roman Neustädter,Left Center Back,59.4,28.1,67.8,13.8,1.462617,False,,,,,,,True,16.584631,-1.0396837,Ground Pass,,8508.0,Max Meyer,False,False,left_to_right,False,59.4,28.1,67.8,13.8,False,False,False,False
d5190246-337f-4e3b-b219-2d53e7a5bbc1,3890424,714,1,00:25:05.783,25,5,42,Ball Receipt*,53,181,Schalke 04,From Throw In,181,Schalke 04,8508.0,Max Meyer,Center Attacking Midfield,67.8,13.8,,,,False,,,,,,,False,,,,,,,False,False,left_to_right,False,67.8,13.8,,,False,False,False,False
757cecfc-5b41-4b10-b9ee-17f360ea46f8,3890424,715,1,00:25:05.783,25,5,43,Carry,53,181,Schalke 04,From Throw In,181,Schalke 04,8508.0,Max Meyer,Center Attacking Midfield,67.8,13.8,65.1,20.4,0.558547,False,,,,,,,False,,,,,,,False,False,left_to_right,False,67.8,13.8,65.1,20.4,False,False,False,False
c4c2f969-70d2-452f-a15b-034a1b179f35,3890424,716,1,00:25:06.341,25,6,30,Pass,53,181,Schalke 04,From Throw In,181,Schalke 04,8508.0,Max Meyer,Center Attacking Midfield,65.1,20.4,52.6,28.8,1.390661,False,,,,,,,True,15.060212,2.5499067,Ground Pass,,16534.0,Roman Neustädter,False,False,left_to_right,False,65.1,20.4,52.6,28.8,False,False,False,False
a760086e-02ba-4791-a9d7-2627ff3ae4eb,3890424,717,1,00:25:07.732,25,7,42,Ball Receipt*,53,181,Schalke 04,From Throw In,181,Schalke 04,16534.0,Roman Neustädter,Left Center Back,52.6,28.8,,,,False,,,,,,,False,,,,,,,False,False,left_to_right,False,52.6,28.8,,,False,False,False,False
4e0433d8-2d9c-4826-8d66-2dd414283eb4,3890424,718,1,00:25:07.732,25,7,43,Carry,53,181,Schalke 04,From Throw In,181,Schalke 04,16534.0,Roman Neustädter,Left Center Back,52.6,28.8,52.2,28.7,1.014815,False,,,,,,,False,,,,,,,False,False,left_to_right,False,52.6,28.8,52.2,28.7,False,False,False,False
c79c7c79-83aa-4206-8cd6-7aebb683ef0d,3890424,719,1,00:25:08.747,25,8,30,Pass,53,181,Schalke 04,From Throw In,181,Schalke 04,16534.0,Roman Neustädter,Left Center Back,52.2,28.7,67.8,11.2,1.338765,False,,,,,,,True,23.443762,-0.8427371,Ground Pass,,6324.0,Leon Goretzka,False,False,left_to_right,False,52.2,28.7,67.8,11.2,False,False,False,False
e9e8cbb1-07e2-4c1c-997d-abbdda01c37b,3890424,720,1,00:25:10.086,25,10,42,Ball Receipt*,53,181,Schalke 04,From Throw In,181,Schalke 04,6324.0,Leon Goretzka,Left Defensive Midfield,67.8,11.2,,,,False,,,,,,,False,,,,,,,False,False,left_to_right,False,67.8,11.2,,,False,False,False,False
5676747a-ae7c-4c4e-9829-22cdfc0b7d9f,3890424,721,1,00:25:10.086,25,10,43,Carry,53,181,Schalke 04,From Throw In,181,Schalke 04,6324.0,Leon Goretzka,Left Defensive Midfield,67.8,11.2,68.3,9.3,0.718131,True,,,,,,,False,,,,,,,False,False,left_to_right,False,67.8,11.2,68.3,9.3,False,False,False,False
e2eeab94-523a-4a8f-b144-df13e6952ac9,3890424,722,1,00:25:10.550,25,10,17,Pressure,53,181,Schalke 04,From Throw In,872,Darmstadt 98,20522.0,György Garics,Right Back,48.2,71.4,,,0.48835,False,,,,,,,False,,,,,,,False,False,left_to_right,False,48.2,71.4,,,False,False,False,False
70deccc0-ad1a-41cf-b3e5-dd96edd7ba99,3890424,723,1,00:25:10.804,25,10,30,Pass,53,181,Schalke 04,From Throw In,181,Schalke 04,6324.0,Leon Goretzka,Left Defensive Midfield,68.3,9.3,65.3,4.6,0.85387,True,,,,,,,True,5.575841,-2.138901,Low Pass,,3510.0,Sead Kolašinac,False,False,left_to_right,False,68.3,9.3,65.3,4.6,False,False,False,False
62be076e-891d-4323-a357-5c2936ea68c9,3890424,724,1,00:25:11.658,25,11,42,Ball Receipt*,53,181,Schalke 04,From Throw In,181,Schalke 04,3510.0,Sead Kolašinac,Left Back,65.3,4.6,,,,False,,,,,,,False,,,,,,,False,False,left_to_right,False,65.3,4.6,,,False,False,False,False
0ae89199-824a-4f06-b159-dc457fc29e11,3890424,725,1,00:25:11.658,25,11,30,Pass,53,181,Schalke 04,From Throw In,181,Schalke 04,3510.0,Sead Kolašinac,Left Back,65.1,5.1,106.4,31.3,3.071902,False,,,,,,Incomplete,False,48.909405,0.56531787,High Pass,,3499.0,Jean-Eric Maxim Choupo-Moting,False,False,left_to_right,False,65.1,5.1,106.4,31.3,False,True,True,True
65752879-39b5-4e85-94e0-24938af7b537,3890424,726,1,00:25:14.730,25,14,42,Ball Receipt*,53,181,Schalke 04,From Throw In,181,Schalke 04,3499.0,Jean-Eric Maxim Choupo-Moting,Left Wing,105.8,34.5,,,,False,,,,,,,False,,,,,,,False,False,left_to_right,False,105.8,34.5,,,False,False,False,False
a2025f73-7463-4874-acbc-f5b733b20482,3890424,727,1,00:25:14.730,25,14,30,Pass,54,872,Darmstadt 98,Regular Play,872,Darmstadt 98,35033.0,Slobodan Rajković,Left Center Back,13.7,48.8,27.6,58.5,2.100971,False,,,,,,,True,16.949926,0.609276,High Pass,Recovery,20522.0,György Garics,False,False,left_to_right,False,13.7,48.8,27.6,58.5,False,False,False,False
824fa88a-c26d-4115-a1de-dfdedb9f450d,3890424,728,1,00:25:16.830,25,16,42,Ball Receipt*,54,872,Darmstadt 98,Regular Play,872,Darmstadt 98,20522.0,György Garics,Right Back,27.6,58.5,,,,False,,,,,,,False,,,,,,,False,False,left_to_right,False,27.6,58.5,,,False,False,False,False
b20b8d99-7114-4c22-91ff-02810cd25b8c,3890424,729,1,00:25:16.830,25,16,30,Pass,54,872,Darmstadt 98,Regular Play,872,Darmstadt 98,20522.0,György Garics,Right Back,30.1,58.1,51.7,58.5,1.53556,False,,,,,,,True,21.603703,0.018516403,High Pass,,9723.0,Sandro Wagner,False,False,left_to_right,False,30.1,58.1,51.7,58.5,False,False,False,False
31fcb16c-c5ef-486e-8515-805abbff5adb,3890424,730,1,00:25:18.366,25,18,42,Ball Receipt*,54,872,Darmstadt 98,Regular Play,872,Darmstadt 98,9723.0,Sandro Wagner,Center Forward,51.7,58.5,,,,False,,,,,,,False,,,,,,,False,False,left_to_right,False,51.7,58.5,,,False,False,False,False
185a5472-9614-4e63-aa8a-e7944ae75f91,3890424,731,1,00:25:18.366,25,18,43,Carry,54,872,Darmstadt 98,Regular Play,872,Darmstadt 98,9723.0,Sandro Wagner,Center Forward,51.7,58.5,45.4,60.6,0.803001,True,,,,,,,False,,,,,,,False,False,left_to_right,False,51.7,58.5,45.4,60.6,False,False,False,False
898dbee6-eff3-412f-b93b-e7c4422a65ea,3890424,732,1,00:25:18.661,25,18,17,Pressure,54,872,Darmstadt 98,Regular Play,181,Schalke 04,16534.0,Roman Neustädter,Left Center Back,71.1,20.9,,,0.836624,False,,,,,,,False,,,,,,,False,False,left_to_right,False,71.1,20.9,,,False,False,False,False
53e3c1ed-0f8b-400c-8186-40987660c401,3890424,733,1,00:25:19.169,25,19,30,Pass,54,872,Darmstadt 98,Regular Play,872,Darmstadt 98,9723.0,Sandro Wagner,Center Forward,45.4,60.6,87.5,61.1,3.456459,True,,,,,,,True,42.10297,0.0118759265,High Pass,,9401.0,Marcel Heller,False,False,left_to_right,False,45.4,60.6,87.5,61.1,False,True,True,False
7ae2642a-2fa8-4a79-bc2b-fb66a6c95fbb,3890424,734,1,00:25:22.448,25,22,17,Pressure,54,872,Darmstadt 98,Regular Play,181,Schalke 04,3510.0,Sead Kolašinac,Left Back,23.3,15.7,,,1.936071,False,,,,,,,False,,,,,,,False,False,left_to_right,False,23.3,15.7,,,False,False,False,False
d954d129-72ac-405f-a0c2-daec26f351e7,3890424,735,1,00:25:22.626,25,22,42,Ball Receipt*,54,872,Darmstadt 98,Regular Play,872,Darmstadt 98,9401.0,Marcel Heller,Right Midfield,87.5,61.1,,,,True,,,,,,,False,,,,,,,False,False,left_to_right,False,87.5,61.1,,,False,False,False,False
457d8a61-efe7-4b52-9846-a8e5ff2d3fa7,3890424,736,1,00:25:22.626,25,22,43,Carry,54,872,Darmstadt 98,Regular Play,872,Darmstadt 98,9401.0,Marcel Heller,Right Midfield,87.5,61.1,117.6,58.0,5.105726,True,,,,,,,False,,,,,,,False,False,left_to_right,False,87.5,61.1,117.6,58.0,True,False,False,False
25e1bba5-9d72-472f-93a4-38ca17d8b335,3890424,737,1,00:25:27.731,25,27,30,Pass,54,872,Darmstadt 98,Regular Play,872,Darmstadt 98,9401.0,Marcel Heller,Right Midfield,117.6,58.0,117.3,55.8,0.194678,False,,,,,,Incomplete,False,2.2203603,-1.706324,Low Pass,,8388.0,Jérôme Gondorf,False,False,left_to_right,False,117.6,58.0,117.3,55.8,False,False,False,True
c02fde5b-153f-4a43-a24b-7ae7b48bbe21,3890424,738,1,00:25:27.926,25,27,42,Ball Receipt*,54,872,Darmstadt 98,Regular Play,872,Darmstadt 98,8388.0,Jérôme Gondorf,Left Defensive Midfield,116.4,49.2,,,,False,,,,,,,False,,,,,,,False,False,left_to_right,False,116.4,49.2,,,False,False,False,False
580047e2-7982-4ee2-9fa1-c4eca11da441,3890424,739,1,00:25:27.926,25,27,6,Block,54,872,Darmstadt 98,Regular Play,181,Schalke 04,3510.0,Sead Kolašinac,Left Back,2.8,24.3,,,0.0,False,,,,,,,False,,,,,,,False,False,left_to_right,False,2.8,24.3,,,False,False,False,False
b0634687-7254-4ac1-bad2-6197d04cbb1e,3890424,740,1,00:25:29.799,25,29,2,Ball Recovery,54,872,Darmstadt 98,Regular Play,181,Schalke 04,6717.0,Johannes Geis,Right Defensive Midfield,10.9,10.2,,,0.0,False,,,,,,,False,,,,,,,False,False,left_to_right,False,10.9,10.2,,,False,False,False,False
591a6ce7-b7e4-42f4-8bcd-1d8b708f19c4,3890424,741,1,00:25:29.799,25,29,43,Carry,54,872,Darmstadt 98,Regular Play,181,Schalke 04,6717.0,Johannes Geis,Right Defensive Midfield,10.9,10.2,8.9,4.8,2.379279,False,,,,,,,False,,,,,,,False,False,left_to_right,False,10.9,10.2,8.9,4.8,False,False,False,False
f090635d-2561-46c2-8dd3-a764939068c8,3890424,742,1,00:25:32.178,25,32,30,Pass,54,872,Darmstadt 98,Regular Play,181,Schalke 04,6717.0,Johannes Geis,Right Defensive Midfield,8.9,4.8,47.9,22.3,2.079033,False,,,,,,,True,42.746346,0.42178726,High Pass,,8060.0,Klaas-Jan Huntelaar,False,False,left_to_right,False,8.9,4.8,47.9,22.3,False,True,False,False
de82f2fe-576b-4a48-b015-4b550afa8cc8,3890424,743,1,00:25:34.257,25,34,42,Ball Receipt*,54,872,Darmstadt 98,Regular Play,181,Schalke 04,8060.0,Klaas-Jan Huntelaar,Center Forward,47.9,22.3,,,,False,,,,,,,False,,,,,,,False,False,left_to_right,False,47.9,22.3,,,False,False,False,False
cf49c9e3-3b44-46e8-8a67-735024af27d7,3890424,744,1,00:25:34.257,25,34,43,Carry,54,872,Darmstadt 98,Regular Play,181,Schalke 04,8060.0,Klaas-Jan Huntelaar,Center Forward,47.9,22.3,46.4,20.2,0.08,False,,,,,,,False,,,,,,,False,False,left_to_right,False,47.9,22.3,46.4,20.2,False,False,False,False
b4927a61-7c7a-407a-974e-8fb4d027609a,3890424,745,1,00:25:34.337,25,34,38,Miscontrol,54,872,Darmstadt 98,Regular Play,181,Schalke 04,8060.0,Klaas-Jan Huntelaar,Center Forward,46.4,20.2,,,0.0,False,,,,,,,False,,,,,,,False,False,left_to_right,False,46.4,20.2,,,False,False,False,True
a78ac495-88d3-4c2a-96d7-a763abc6d1e5,3890424,746,1,00:25:34.338,25,34,10,Interception,54,872,Darmstadt 98,Regular Play,872,Darmstadt 98,9217.0,Aytac Sulu,Right Center Back,73.1,59.9,,,0.0,False,,,,,,,False,,,,,,,False,False,left_to_right,False,73.1,59.9,,,False,False,False,False
04c8bed0-6e76-44bb-a99c-3a04612b791b,3890424,747,1,00:25:35.175,25,35,30,Pass,54,872,Darmstadt 98,Regular Play,872,Darmstadt 98,40467.0,Peter Niemeyer,Right Defensive Midfield,70.0,55.8,25.1,60.6,4.555986,False,,,,,,,True,45.15584,3.0350928,Low Pass,Recovery,8306.0,Christian Mathenia,False,False,left_to_right,False,70.0,55.8,25.1,60.6,False,False,False,False
1b168fea-6c09-4d2e-9724-cbb0c9ca2365,3890424,748,1,00:25:39.731,25,39,42,Ball Receipt*,54,872,Darmstadt 98,Regular Play,872,Darmstadt 98,8306.0,Christian Mathenia,Goalkeeper,25.1,60.6,,,,False,,,,,,,False,,,,,,,False,False,left_to_right,False,25.1,60.6,,,False,False,False,False
256405ef-3ac3-4a95-af57-11079499a7c7,3890424,749,1,00:25:39.731,25,39,30,Pass,54,872,Darmstadt 98,Regular Play,872,Darmstadt 98,8306.0,Christian Mathenia,Goalkeeper,26.2,59.9,28.7,40.8,2.11335,False,,,,,,,True,19.262918,-1.4406462,Ground Pass,,35033.0,Slobodan Rajković,False,False,left_to_right,False,26.2,59.9,28.7,40.8,False,False,False,False
10a54f4a-98c3-44e2-ab3a-cb7e4d88ea5d,3890424,750,1,00:25:41.844,25,41,42,Ball Receipt*,54,872,Darmstadt 98,Regular Play,872,Darmstadt 98,35033.0,Slobodan Rajković,Left Center Back,28.7,40.8,,,,False,,,,,,,False,,,,,,,False,False,left_to_right,False,28.7,40.8,,,False,False,False,False
f48cab7b-8ddd-4d51-b800-f0ce178d7e61,3890424,751,1,00:25:41.844,25,41,43,Carry,54,872,Darmstadt 98,Regular Play,872,Darmstadt 98,35033.0,Slobodan Rajković,Left Center Back,28.7,40.8,38.2,38.3,1.943541,False,,,,,,,False,,,,,,,False,False,left_to_right,False,28.7,40.8,38.2,38.3,False,False,False,False
ab1941e4-3619-463c-a42a-ef6029770251,3890424,752,1,00:25:43.788,25,43,30,Pass,54,872,Darmstadt 98,Regular Play,872,Darmstadt 98,35033.0,Slobodan Rajković,Left Center Back,38.2,38.3,46.7,14.4,2.383031,False,,,,,,,True,25.366514,-1.2290983,Ground Pass,,9404.0,Luca Caldirola,False,False,left_to_right,False,38.2,38.3,46.7,14.4,False,False,False,False
77b93c4b-8824-4910-a05f-0ff6c4349d18,3890424,753,1,00:25:46.171,25,46,42,Ball Receipt*,54,872,Darmstadt 98,Regular Play,872,Darmstadt 98,9404.0,Luca Caldirola,Left Back,46.7,14.4,,,,False,,,,,,,False,,,,,,,False,False,left_to_right,False,46.7,14.4,,,False,False,False,False
cea894c0-5065-459a-9664-0163115d3469,3890424,754,1,00:25:46.171,25,46,43,Carry,54,872,Darmstadt 98,Regular Play,872,Darmstadt 98,9404.0,Luca Caldirola,Left Back,46.7,14.4,46.4,11.0,1.831374,False,,,,,,,False,,,,,,,False,False,left_to_right,False,46.7,14.4,46.4,11.0,False,False,False,False
063683db-86fb-4deb-97f4-955474449e8a,3890424,755,1,00:25:48.002,25,48,30,Pass,54,872,Darmstadt 98,Regular Play,872,Darmstadt 98,9404.0,Luca Caldirola,Left Back,46.4,11.0,95.6,24.4,2.504073,False,,,,,,,True,50.992157,0.26590806,High Pass,,8388.0,Jérôme Gondorf,False,False,left_to_right,False,46.4,11.0,95.6,24.4,False,True,True,False
6cbce969-8a78-4ea9-83c6-9595356d8289,3890424,756,1,00:25:50.506,25,50,42,Ball Receipt*,54,872,Darmstadt 98,Regular Play,872,Darmstadt 98,8388.0,Jérôme Gondorf,Left Defensive Midfield,95.6,24.4,,,,False,,,,,,,False,,,,,,,False,False,left_to_right,False,95.6,24.4,,,False,False,False,False
0bdea25a-9877-45f6-9d39-dfa28e9559f5,3890424,757,1,00:25:50.506,25,50,4,Duel,54,872,Darmstadt 98,Regular Play,181,Schalke 04,3502.0,Joël Andre Job Matip,Right Center Back,23.1,54.0,,,0.0,True,,,,,,,False,,,,,,,False,False,left_to_right,False,23.1,54.0,,,False,False,False,False
ce7ffce8-9c23-47f4-aff9-8b6bf78c4adc,3890424,758,1,00:25:50.506,25,50,30,Pass,54,872,Darmstadt 98,Regular Play,872,Darmstadt 98,8388.0,Jérôme Gondorf,Left Defensive Midfield,97.0,26.1,87.2,37.2,1.699061,True,,,,,,Incomplete,False,14.807093,2.2940736,High Pass,,40477.0,Jan Rosenthal,False,False,left_to_right,False,97.0,26.1,87.2,37.2,False,False,False,True
70f2e188-4b0f-475f-a8ae-9fc7d69556d2,3890424,759,1,00:25:52.205,25,52,42,Ball Receipt*,54,872,Darmstadt 98,Regular Play,872,Darmstadt 98,40477.0,Jan Rosenthal,Center Attacking Midfield,86.8,39.5,,,,False,,,,,,,False,,,,,,,False,False,left_to_right,False,86.8,39.5,,,False,False,False,False
a90e525f-5250-4537-81e6-3106829637c4,3890424,760,1,00:25:52.205,25,52,4,Duel,54,872,Darmstadt 98,Regular Play,872,Darmstadt 98,40477.0,Jan Rosenthal,Center Attacking Midfield,87.2,37.2,,,0.0,True,,,,,,,False,,,,,,,False,False,left_to_right,False,87.2,37.2,,,False,False,False,False
5a319f62-7ed2-41ad-b26e-7f23b228b22a,3890424,761,1,00:25:52.205,25,52,30,Pass,55,181,Schalke 04,Regular Play,181,Schalke 04,6324.0,Leon Goretzka,Left Defensive Midfield,32.9,42.9,18.6,72.9,3.411138,True,,,,,,,True,33.233868,2.0156035,High Pass,Recovery,30312.0,Uilson de Souza Paula Júnior,False,False,left_to_right,False,32.9,42.9,18.6,72.9,False,False,False,False
76894f18-39ca-4f71-a4d6-7959c2c21031,3890424,762,1,00:25:55.205,25,55,17,Pressure,55,181,Schalke 04,Regular Play,872,Darmstadt 98,11134.0,Konstantin Rausch,Left Midfield,99.5,6.6,,,0.528943,False,,,,,,,False,,,,,,,False,False,left_to_right,False,99.5,6.6,,,False,False,False,False
609da293-7023-45ae-9c61-1cc1b90d7097,3890424,763,1,00:25:55.617,25,55,42,Ball Receipt*,55,181,Schalke 04,Regular Play,181,Schalke 04,30312.0,Uilson de Souza Paula Júnior,Right Back,18.6,72.9,,,,True,,,,,,,False,,,,,,,False,False,left_to_right,False,18.6,72.9,,,False,False,False,False
940fb278-e281-486c-a263-f6212d004ffa,3890424,764,1,00:25:55.617,25,55,30,Pass,55,181,Schalke 04,Regular Play,181,Schalke 04,30312.0,Uilson de Souza Paula Júnior,Right Back,19.5,75.9,47.0,50.1,2.778295,True,,,,,,Incomplete,False,37.70796,-0.75351405,High Pass,,6717.0,Johannes Geis,False,False,left_to_right,False,19.5,75.9,47.0,50.1,False,True,False,True
c2ab8ce8-2907-4692-ab25-0cdcd247f9e5,3890424,765,1,00:25:58.395,25,58,42,Ball Receipt*,55,181,Schalke 04,Regular Play,181,Schalke 04,6717.0,Johannes Geis,Right Defensive Midfield,46.4,48.5,,,,False,,,,,,,False,,,,,,,False,False,left_to_right,False,46.4,48.5,,,False,False,False,False
dca11484-1eef-4608-843d-3de33df24bd7,3890424,766,1,00:25:58.395,25,58,4,Duel,55,181,Schalke 04,Regular Play,181,Schalke 04,6717.0,Johannes Geis,Right Defensive Midfield,47.0,50.1,,,0.0,True,,,,,,,False,,,,,,,False,False,left_to_right,False,47.0,50.1,,,False,False,False,False
19bb470b-3684-4e4c-b9e0-b8449532d7b4,3890424,767,1,00:25:58.395,25,58,30,Pass,55,181,Schalke 04,Regular Play,872,Darmstadt 98,40467.0,Peter Niemeyer,Right Defensive Midfield,73.1,30.0,91.4,23.3,1.682473,True,,,,,,Incomplete,False,19.487946,-0.35096303,Low Pass,Recovery,,,False,False,left_to_right,False,73.1,30.0,91.4,23.3,False,True,True,True
0df97c1e-49ec-42e8-8156-339f111d8924,3890424,768,1,00:26:00.077,26,0,2,Ball Recovery,55,181,Schalke 04,Regular Play,181,Schalke 04,30312.0,Uilson de Souza Paula Júnior,Right Back,28.7,56.8,,,0.0,False,,,,,,,False,,,,,,,False,False,left_to_right,False,28.7,56.8,,,False,False,False,False
fe3ac51d-fbf9-4e93-811d-5b078302bc8f,3890424,769,1,00:26:00.077,26,0,43,Carry,55,181,Schalke 04,Regular Play,181,Schalke 04,30312.0,Uilson de Souza Paula Júnior,Right Back,28.7,56.8,29.0,58.1,0.666873,True,,,,,,,False,,,,,,,False,False,left_to_right,False,28.7,56.8,29.0,58.1,False,False,False,False
6cfe8732-5cad-4ffe-b149-7afc2fad3432,3890424,770,1,00:26:00.663,26,0,17,Pressure,55,181,Schalke 04,Regular Play,872,Darmstadt 98,11134.0,Konstantin Rausch,Left Midfield,90.4,20.5,,,0.458136,False,,,,,,,False,,,,,,,False,False,left_to_right,False,90.4,20.5,,,False,False,False,False
1dd4aa6d-31f4-4d2e-8d16-e5d6c9c8f2fb,3890424,771,1,00:26:00.744,26,0,30,Pass,55,181,Schalke 04,Regular Play,181,Schalke 04,30312.0,Uilson de Souza Paula Júnior,Right Back,29.0,58.1,51.9,70.1,1.846356,True,,,,,,Incomplete,False,25.853626,0.48267645,Low Pass,,3053.0,Leroy Sané,False,False,left_to_right,False,29.0,58.1,51.9,70.1,False,False,False,True
df705672-5a1e-45a2-962a-9c6e7e6a1184,3890424,772,1,00:26:02.591,26,2,42,Ball Receipt*,55,181,Schalke 04,Regular Play,181,Schalke 04,3053.0,Leroy Sané,Right Wing,53.7,72.4,,,,False,,,,,,,False,,,,,,,False,False,left_to_right,False,53.7,72.4,,,False,False,False,False
91da8869-87b8-4423-b7ff-04c9a3d693d9,3890424,773,1,00:26:02.591,26,2,10,Interception,56,872,Darmstadt 98,Regular Play,872,Darmstadt 98,9404.0,Luca Caldirola,Left Back,68.2,10.0,,,0.0,False,,,,,,,False,,,,,,,False,False,left_to_right,False,68.2,10.0,,,False,False,False,False
a7ce61e9-1971-4514-9fac-3a1fb81f0112,3890424,774,1,00:26:02.591,26,2,43,Carry,56,872,Darmstadt 98,Regular Play,872,Darmstadt 98,9404.0,Luca Caldirola,Left Back,68.2,10.0,89.5,21.3,2.441937,False,,,,,,,False,,,,,,,False,False,left_to_right,False,68.2,10.0,89.5,21.3,True,False,False,False
89903307-92e2-42b4-819a-9da73a9180a1,3890424,775,1,00:26:05.033,26,5,30,Pass,56,872,Darmstadt 98,Regular Play,872,Darmstadt 98,9404.0,Luca Caldirola,Left Back,89.5,21.3,91.7,37.5,2.066122,False,,,,,,,True,16.3487,1.4358196,Ground Pass,,8388.0,Jérôme Gondorf,False,False,left_to_right,False,89.5,21.3,91.7,37.5,False,False,False,False
2b4c7ae4-c140-4e18-aa01-58af190e8d1b,3890424,776,1,00:26:07.099,26,7,42,Ball Receipt*,56,872,Darmstadt 98,Regular Play,872,Darmstadt 98,8388.0,Jérôme Gondorf,Left Defensive Midfield,91.7,37.5,,,,False,,,,,,,False,,,,,,,False,False,left_to_right,False,91.7,37.5,,,False,False,False,False
2fb373e8-a2f8-4937-a6d4-6b244d14abbd,3890424,777,1,00:26:07.099,26,7,43,Carry,56,872,Darmstadt 98,Regular Play,872,Darmstadt 98,8388.0,Jérôme Gondorf,Left Defensive Midfield,91.7,37.5,95.0,46.1,1.137647,False,,,,,,,False,,,,,,,False,False,left_to_right,False,91.7,37.5,95.0,46.1,False,False,False,False
a6ee6a68-480c-49ea-a4da-b79be302c750,3890424,778,1,00:26:08.236,26,8,30,Pass,56,872,Darmstadt 98,Regular Play,872,Darmstadt 98,8388.0,Jérôme Gondorf,Left Defensive Midfield,95.0,46.1,117.6,68.5,3.407064,False,,,,,,,True,31.82012,0.78095376,Ground Pass,,9401.0,Marcel Heller,False,False,left_to_right,False,95.0,46.1,117.6,68.5,False,False,False,False
b7716af3-355b-4d09-9cda-b735fa378a53,3890424,779,1,00:26:11.643,26,11,42,Ball Receipt*,56,872,Darmstadt 98,Regular Play,872,Darmstadt 98,9401.0,Marcel Heller,Right Midfield,117.6,68.5,,,,False,,,,,,,False,,,,,,,False,False,left_to_right,False,117.6,68.5,,,False,False,False,False
f28dfa12-2e8d-4adf-bb13-9b4e5576b01f,3890424,780,1,00:26:11.643,26,11,43,Carry,56,872,Darmstadt 98,Regular Play,872,Darmstadt 98,9401.0,Marcel Heller,Right Midfield,117.6,68.5,117.0,67.2,0.040000003,False,,,,,,,False,,,,,,,False,False,left_to_right,False,117.6,68.5,117.0,67.2,False,False,False,False
cb2667e0-5779-4d82-a97a-3703cb8ee8cd,3890424,781,1,00:26:11.683,26,11,30,Pass,56,872,Darmstadt 98,Regular Play,872,Darmstadt 98,9401.0,Marcel Heller,Right Midfield,117.0,67.2,111.4,39.1,1.506427,False,,,,,,Incomplete,False,28.652575,-1.7675074,High Pass,,40477.0,Jan Rosenthal,False,False,left_to_right,False,117.0,67.2,111.4,39.1,False,True,False,True
062d5d59-f3b8-4978-8043-ec48f288b5ec,3890424,782,1,00:26:13.190,26,13,42,Ball Receipt*,56,872,Darmstadt 98,Regular Play,872,Darmstadt 98,40477.0,Jan Rosenthal,Center Attacking Midfield,108.7,31.6,,,,False,,,,,,,False,,,,,,,False,False,left_to_right,False,108.7,31.6,,,False,False,False,False
0dfc2ae1-c702-42b2-a5b2-7ba646755d7a,3890424,783,1,00:26:13.190,26,13,9,Clearance,56,872,Darmstadt 98,Regular Play,181,Schalke 04,3502.0,Joël Andre Job Matip,Right Center Back,8.7,41.0,,,0.0,True,,,,,,,False,,,,,,,False,False,left_to_right,False,8.7,41.0,,,False,False,False,False
a34a155b-8bf1-4111-8be9-b385f8bdc531,3890424,784,1,00:26:15.093,26,15,2,Ball Recovery,56,872,Darmstadt 98,Regular Play,872,Darmstadt 98,20522.0,György Garics,Right Back,95.7,53.5,,,0.0,False,,,,,,,False,,,,,,,False,False,left_to_right,False,95.7,53.5,,,False,False,False,False
73bbb20b-783b-40d5-9e86-6ddfe61476c0,3890424,785,1,00:26:15.093,26,15,43,Carry,56,872,Darmstadt 98,Regular Play,872,Darmstadt 98,20522.0,György Garics,Right Back,95.7,53.5,96.1,74.1,2.13989,False,,,,,,,False,,,,,,,False,False,left_to_right,False,95.7,53.5,96.1,74.1,False,False,False,False
a6182b4b-374f-48e9-a7d2-a64004d83140,3890424,786,1,00:26:17.233,26,17,30,Pass,56,872,Darmstadt 98,Regular Play,872,Darmstadt 98,20522.0,György Garics,Right Back,96.1,74.1,107.8,72.2,1.145588,False,,,,,,,True,11.85327,-0.16098781,Ground Pass,,9401.0,Marcel Heller,False,False,left_to_right,False,96.1,74.1,107.8,72.2,False,False,False,False
d7de0ad7-5b2f-4f40-897f-51a610a08d9f,3890424,787,1,00:26:18.378,26,18,42,Ball Receipt*,56,872,Darmstadt 98,Regular Play,872,Darmstadt 98,9401.0,Marcel Heller,Right Midfield,107.8,72.2,,,,False,,,,,,,False,,,,,,,False,False,left_to_right,False,107.8,72.2,,,False,False,False,False
bbd95abe-8fb0-4987-914f-37111f8de594,3890424,788,1,00:26:18.378,26,18,30,Pass,56,872,Darmstadt 98,Regular Play,872,Darmstadt 98,9401.0,Marcel Heller,Right Midfield,108.1,71.1,108.4,60.3,1.198389,False,,,,,,Incomplete,False,10.804166,-1.5430257,Ground Pass,,8388.0,Jérôme Gondorf,False,False,left_to_right,False,108.1,71.1,108.4,60.3,False,True,False,True
d97dbfb1-f2bf-4565-8390-3393f75778dc,3890424,789,1,00:26:19.452,26,19,17,Pressure,56,872,Darmstadt 98,Regular Play,872,Darmstadt 98,8388.0,Jérôme Gondorf,Left Defensive Midfield,106.1,63.6,,,0.292709,False,,,,,,,False,,,,,,,False,False,left_to_right,False,106.1,63.6,,,False,False,False,False
35b2bef1-bb5c-460e-b189-283fcc8b4bf1,3890424,790,1,00:26:19.577,26,19,42,Ball Receipt*,56,872,Darmstadt 98,Regular Play,872,Darmstadt 98,8388.0,Jérôme Gondorf,Left Defensive Midfield,107.3,62.4,,,,False,,,,,,,False,,,,,,,False,False,left_to_right,False,107.3,62.4,,,False,False,False,False
e9de4ea3-8093-41eb-b652-56db42fc668e,3890424,791,1,00:26:19.577,26,19,9,Clearance,56,872,Darmstadt 98,Regular Play,181,Schalke 04,6717.0,Johannes Geis,Right Defensive Midfield,11.7,19.8,,,0.0,True,,,,,,,False,,,,,,,False,False,left_to_right,False,11.7,19.8,,,False,False,False,False
5b12426d-af3f-4070-a537-c60e84a405c2,3890424,792,1,00:26:25.645,26,25,17,Pressure,56,872,Darmstadt 98,Regular Play,872,Darmstadt 98,9217.0,Aytac Sulu,Right Center Back,38.1,46.3,,,0.590895,False,,,,,,,False,,,,,,,False,False,left_to_right,False,38.1,46.3,,,False,False,False,False
cd208067-75bf-4256-90c9-ba01fab721ac,3890424,793,1,00:26:28.260,26,28,17,Pressure,56,872,Darmstadt 98,Regular Play,872,Darmstadt 98,20522.0,György Garics,Right Back,42.6,58.8,,,0.326715,False,,,,,,,False,,,,,,,False,False,left_to_right,False,42.6,58.8,,,False,False,False,False
186b3234-7a59-419f-b13e-7a23b56edea1,3890424,794,1,00:26:28.456,26,28,2,Ball Recovery,56,872,Darmstadt 98,Regular Play,181,Schalke 04,8060.0,Klaas-Jan Huntelaar,Center Forward,78.7,20.9,,,0.0,True,,,,,,,False,,,,,,,False,False,left_to_right,False,78.7,20.9,,,False,False,False,False
23be07e0-fa42-4e4c-aa48-2c3ca99b44d4,3890424,795,1,00:26:28.456,26,28,43,Carry,56,872,Darmstadt 98,Regular Play,181,Schalke 04,8060.0,Klaas-Jan Huntelaar,Center Forward,78.7,20.9,79.7,19.8,0.206846,True,,,,,,,False,,,,,,,False,False,left_to_right,False,78.7,20.9,79.7,19.8,False,False,False,False
5565e80e-6013-48c7-b97a-d6c29f3c9dac,3890424,796,1,00:26:28.663,26,28,14,Dribble,56,872,Darmstadt 98,Regular Play,181,Schalke 04,8060.0,Klaas-Jan Huntelaar,Center Forward,79.7,19.8,,,0.0,True,,,,,,,False,,,,,,,False,False,left_to_right,False,79.7,19.8,,,False,False,False,False
a9b3b917-e362-4744-995a-5db78d45260e,3890424,797,1,00:26:28.663,26,28,4,Duel,56,872,Darmstadt 98,Regular Play,872,Darmstadt 98,20522.0,György Garics,Right Back,40.4,60.3,,,0.0,True,,,,,,,False,,,,,,,False,False,left_to_right,False,40.4,60.3,,,False,False,False,False
24590c1d-7bf3-4693-b097-341e5687d0cd,3890424,798,1,00:26:28.663,26,28,43,Carry,56,872,Darmstadt 98,Regular Play,872,Darmstadt 98,20522.0,György Garics,Right Back,40.4,60.3,27.0,65.2,1.301127,False,,,,,,,False,,,,,,,False,False,left_to_right,False,40.4,60.3,27.0,65.2,False,False,False,False
3c0ef51c-a721-4bb3-b64b-ccfb02e5f018,3890424,799,1,00:26:29.964,26,29,30,Pass,56,872,Darmstadt 98,Regular Play,872,Darmstadt 98,20522.0,György Garics,Right Back,27.0,65.2,8.9,47.4,2.931804,False,,,,,,,True,25.38602,-2.3645508,Ground Pass,,8306.0,Christian Mathenia,False,False,left_to_right,False,27.0,65.2,8.9,47.4,False,False,False,False
88a14ab0-8397-42b5-a30a-a71848b464a9,3890424,800,1,00:26:32.896,26,32,42,Ball Receipt*,56,872,Darmstadt 98,Regular Play,872,Darmstadt 98,8306.0,Christian Mathenia,Goalkeeper,8.9,47.4,,,,False,,,,,,,False,,,,,,,False,False,left_to_right,False,8.9,47.4,,,False,False,False,False
510c5077-5975-4925-9e6f-3c8cb2dc360b,3890424,801,1,00:26:34.290,26,34,30,Pass,56,872,Darmstadt 98,Regular Play,872,Darmstadt 98,8306.0,Christian Mathenia,Goalkeeper,13.4,46.6,27.8,10.5,3.796604,False,,,,,,,True,38.86605,-1.1912456,Ground Pass,,9404.0,Luca Caldirola,False,False,left_to_right,False,13.4,46.6,27.8,10.5,False,False,False,False
85e27d0a-d28b-40d7-b8ab-a0212abdda21,3890424,802,1,00:26:38.087,26,38,42,Ball Receipt*,56,872,Darmstadt 98,Regular Play,872,Darmstadt 98,9404.0,Luca Caldirola,Left Back,27.8,10.5,,,,False,,,,,,,False,,,,,,,False,False,left_to_right,False,27.8,10.5,,,False,False,False,False
e7b87652-4e41-4128-ab32-3a7ad0f1592c,3890424,803,1,00:26:42.072,26,42,30,Pass,56,872,Darmstadt 98,Regular Play,872,Darmstadt 98,9404.0,Luca Caldirola,Left Back,40.6,16.9,11.1,35.5,3.130236,False,,,,,,,True,34.874203,2.579042,Ground Pass,,8306.0,Christian Mathenia,False,False,left_to_right,False,40.6,16.9,11.1,35.5,False,False,False,False
135f6728-fac0-4eee-99ce-1493ac14e211,3890424,804,1,00:26:45.202,26,45,42,Ball Receipt*,56,872,Darmstadt 98,Regular Play,872,Darmstadt 98,8306.0,Christian Mathenia,Goalkeeper,11.1,35.5,,,,False,,,,,,,False,,,,,,,False,False,left_to_right,False,11.1,35.5,,,False,False,False,False
dbcc2de4-a0e4-4803-8ba6-71a745089f0d,3890424,805,1,00:26:45.202,26,45,43,Carry,56,872,Darmstadt 98,Regular Play,872,Darmstadt 98,8306.0,Christian Mathenia,Goalkeeper,11.1,35.5,23.9,45.5,5.298326,False,,,,,,,False,,,,,,,False,False,left_to_right,False,11.1,35.5,23.9,45.5,False,False,False,False
2c7815d0-c25a-4150-9eb1-99a91527d0c7,3890424,806,1,00:26:50.500,26,50,30,Pass,56,872,Darmstadt 98,Regular Play,872,Darmstadt 98,8306.0,Christian Mathenia,Goalkeeper,23.9,45.5,82.3,0.1,4.412212,False,,,,,,Out,False,73.97108,-0.66080606,High Pass,,11134.0,Konstantin Rausch,False,False,left_to_right,False,23.9,45.5,82.3,0.1,False,True,True,True
ce073d8b-df47-4a7b-b74a-7b73fc5bb0ab,3890424,807,1,00:26:54.912,26,54,42,Ball Receipt*,56,872,Darmstadt 98,Regular Play,872,Darmstadt 98,11134.0,Konstantin Rausch,Left Midfield,81.2,3.9,,,,False,,,,,,,False,,,,,,,False,False,left_to_right,False,81.2,3.9,,,False,False,False,False
f3a955f6-199b-4b35-86fd-4bd7b97f2ee9,3890424,808,1,00:26:56.385,26,56,17,Pressure,56,872,Darmstadt 98,Regular Play,872,Darmstadt 98,11134.0,Konstantin Rausch,Left Midfield,85.1,2.8,,,2.617464,False,,,,,,,False,,,,,,,False,False,left_to_right,False,85.1,2.8,,,False,False,False,False
ac6ef5d5-4fec-4a52-8d44-f5598a37bd29,3890424,809,1,00:26:58.478,26,58,28,Shield,56,872,Darmstadt 98,Regular Play,181,Schalke 04,30312.0,Uilson de Souza Paula Júnior,Right Back,34.2,77.9,,,0.0,True,,,,,,,False,,,,,,,False,False,left_to_right,False,34.2,77.9,,,False,False,False,False
5a6dd807-0634-4d82-adb8-abb214d0345d,3890424,810,1,00:27:05.240,27,5,30,Pass,57,181,Schalke 04,From Throw In,181,Schalke 04,30312.0,Uilson de Souza Paula Júnior,Right Back,33.9,80.0,20.1,70.4,2.338618,False,,,,,,,True,16.81071,-2.5337906,High Pass,Throw-in,3502.0,Joël Andre Job Matip,False,False,left_to_right,False,33.9,80.0,20.1,70.4,False,False,False,False
c62aa9a3-efd5-41be-b213-609007ec3821,3890424,811,1,00:27:07.578,27,7,42,Ball Receipt*,57,181,Schalke 04,From Throw In,181,Schalke 04,3502.0,Joël Andre Job Matip,Right Center Back,20.1,70.4,,,,False,,,,,,,False,,,,,,,False,False,left_to_right,False,20.1,70.4,,,False,False,False,False
fc5c84a3-d8fa-42bb-ab59-a3989dd3971f,3890424,812,1,00:27:07.578,27,7,43,Carry,57,181,Schalke 04,From Throw In,181,Schalke 04,3502.0,Joël Andre Job Matip,Right Center Back,20.1,70.4,21.5,68.7,0.681641,False,,,,,,,False,,,,,,,False,False,left_to_right,False,20.1,70.4,21.5,68.7,False,False,False,False
ae1d9a1f-4d97-4249-8308-62eeafd95272,3890424,813,1,00:27:08.260,27,8,30,Pass,57,181,Schalke 04,From Throw In,181,Schalke 04,3502.0,Joël Andre Job Matip,Right Center Back,21.5,68.7,7.6,44.6,2.811803,False,,,,,,,True,27.821215,-2.0939548,Ground Pass,,8517.0,Ralf Fährmann,False,False,left_to_right,False,21.5,68.7,7.6,44.6,False,False,False,False
1545c22a-d22c-4bf3-80ba-87b2c1bd1e03,3890424,814,1,00:27:11.072,27,11,42,Ball Receipt*,57,181,Schalke 04,From Throw In,181,Schalke 04,8517.0,Ralf Fährmann,Goalkeeper,7.6,44.6,,,,False,,,,,,,False,,,,,,,False,False,left_to_right,False,7.6,44.6,,,False,False,False,False
a6eb9430-6eb0-40d1-9ab5-213adcaa9263,3890424,815,1,00:27:11.072,27,11,43,Carry,57,181,Schalke 04,From Throw In,181,Schalke 04,8517.0,Ralf Fährmann,Goalkeeper,7.6,44.6,8.9,41.6,0.540462,False,,,,,,,False,,,,,,,False,False,left_to_right,False,7.6,44.6,8.9,41.6,False,False,False,False
1c394609-5223-4b6c-a6dd-303e3765bffc,3890424,816,1,00:27:11.612,27,11,30,Pass,57,181,Schalke 04,From Throw In,181,Schalke 04,8517.0,Ralf Fährmann,Goalkeeper,8.9,41.6,15.6,33.8,1.78474,False,,,,,,,True,10.28251,-0.8611152,Ground Pass,,16534.0,Roman Neustädter,False,False,left_to_right,False,8.9,41.6,15.6,33.8,False,False,False,False
e3865f22-f2d8-4b1a-868f-e69ac2d258d0,3890424,817,1,00:27:13.397,27,13,42,Ball Receipt*,57,181,Schalke 04,From Throw In,181,Schalke 04,16534.0,Roman Neustädter,Left Center Back,15.6,33.8,,,,False,,,,,,,False,,,,,,,False,False,left_to_right,False,15.6,33.8,,,False,False,False,False
3ab8ba49-0f34-41a9-bea4-c6a54a937cc2,3890424,818,1,00:27:13.397,27,13,43,Carry,57,181,Schalke 04,From Throw In,181,Schalke 04,16534.0,Roman Neustädter,Left Center Back,15.6,33.8,30.4,32.4,1.886035,False,,,,,,,False,,,,,,,False,False,left_to_right,False,15.6,33.8,30.4,32.4,False,False,False,False
557a1c08-84b2-41a9-bb9c-5aa578e59faf,3890424,819,1,00:27:15.283,27,15,30,Pass,57,181,Schalke 04,From Throw In,181,Schalke 04,16534.0,Roman Neustädter,Left Center Back,30.4,32.4,39.2,41.8,1.692694,False,,,,,,,True,12.876335,0.81835324,Ground Pass,,6717.0,Johannes Geis,False,False,left_to_right,False,30.4,32.4,39.2,41.8,False,False,False,False
8921c2ee-14f0-46d1-ba8d-d3cee831234d,3890424,820,1,00:27:16.976,27,16,42,Ball Receipt*,57,181,Schalke 04,From Throw In,181,Schalke 04,6717.0,Johannes Geis,Right Defensive Midfield,39.2,41.8,,,,False,,,,,,,False,,,,,,,False,False,left_to_right,False,39.2,41.8,,,False,False,False,False
0f24026a-53ec-4794-8b21-081f8ea18874,3890424,821,1,00:27:16.976,27,16,43,Carry,57,181,Schalke 04,From Throw In,181,Schalke 04,6717.0,Johannes Geis,Right Defensive Midfield,39.2,41.8,44.4,41.8,1.179299,False,,,,,,,False,,,,,,,False,False,left_to_right,False,39.2,41.8,44.4,41.8,False,False,False,False
135c770b-874b-4cd4-be2f-4a15a785aede,3890424,822,1,00:27:18.155,27,18,30,Pass,57,181,Schalke 04,From Throw In,181,Schalke 04,6717.0,Johannes Geis,Right Defensive Midfield,44.4,41.8,114.8,64.8,6.57196,False,,,,,,Incomplete,False,74.06187,0.31577283,High Pass,,6324.0,Leon Goretzka,False,False,left_to_right,False,44.4,41.8,114.8,64.8,False,True,True,True
337c19ee-acab-4ac6-9f31-80ce4c027faa,3890424,823,1,00:27:24.727,27,24,42,Ball Receipt*,57,181,Schalke 04,From Throw In,181,Schalke 04,6324.0,Leon Goretzka,Left Defensive Midfield,111.2,64.6,,,,False,,,,,,,False,,,,,,,False,False,left_to_right,False,111.2,64.6,,,False,False,False,False
ad612333-3079-4d8e-a28f-dc8f4cd33ee4,3890424,824,1,00:27:24.727,27,24,2,Ball Recovery,58,872,Darmstadt 98,Regular Play,872,Darmstadt 98,8306.0,Christian Mathenia,Goalkeeper,5.3,15.3,,,0.0,False,,,,,,,False,,,,,,,False,False,left_to_right,False,5.3,15.3,,,False,False,False,False
05591521-b7fd-4979-acf8-548e2a5ea81e,3890424,825,1,00:27:24.727,27,24,43,Carry,58,872,Darmstadt 98,Regular Play,872,Darmstadt 98,8306.0,Christian Mathenia,Goalkeeper,5.3,15.3,4.7,17.4,1.158674,True,,,,,,,False,,,,,,,False,False,left_to_right,False,5.3,15.3,4.7,17.4,False,False,False,False
dd05e907-1f98-47be-b3a0-09e6dbf205a0,3890424,826,1,00:27:25.007,27,25,17,Pressure,58,872,Darmstadt 98,Regular Play,181,Schalke 04,6324.0,Leon Goretzka,Left Defensive Midfield,113.9,64.0,,,0.550258,False,,,,,,,False,,,,,,,False,False,left_to_right,False,113.9,64.0,,,False,False,False,False
38e16f8d-d5d4-4781-8e9c-6a7e61279fb4,3890424,827,1,00:27:25.886,27,25,38,Miscontrol,58,872,Darmstadt 98,Regular Play,872,Darmstadt 98,8306.0,Christian Mathenia,Goalkeeper,4.7,17.4,,,0.0,False,,,,,,,False,,,,,,,False,False,left_to_right,False,4.7,17.4,,,False,False,False,True
34f555be-1e51-4db5-b584-7b8d5beb62ad,3890424,828,1,00:27:52.771,27,52,30,Pass,59,181,Schalke 04,From Corner,181,Schalke 04,6717.0,Johannes Geis,Right Defensive Midfield,120.0,80.0,116.1,53.5,1.080706,False,,,,,,Incomplete,False,26.785444,-1.7169173,High Pass,Corner,3510.0,Sead Kolašinac,False,False,left_to_right,False,120.0,80.0,116.1,53.5,False,True,False,True
fb7a7fe2-8a7c-4d65-9802-cb5b883dfd1e,3890424,829,1,00:27:53.851,27,53,42,Ball Receipt*,59,181,Schalke 04,From Corner,181,Schalke 04,3510.0,Sead Kolašinac,Left Back,113.6,51.6,,,,False,,,,,,,False,,,,,,,False,False,left_to_right,False,113.6,51.6,,,False,False,False,False
cd51a79d-7a32-4003-8ccf-b9040177f732,3890424,830,1,00:27:53.851,27,53,9,Clearance,59,181,Schalke 04,From Corner,872,Darmstadt 98,9723.0,Sandro Wagner,Center Forward,4.0,26.6,,,0.0,True,,,,,,,False,,,,,,,False,False,left_to_right,False,4.0,26.6,,,False,False,False,False
b59caed7-7e1f-4a24-b827-70c2e0ea50c1,3890424,831,1,00:27:55.961,27,55,17,Pressure,59,181,Schalke 04,From Corner,872,Darmstadt 98,9401.0,Marcel Heller,Right Midfield,17.8,22.7,,,0.5497,False,,,,,,,False,,,,,,,False,False,left_to_right,False,17.8,22.7,,,False,False,False,False
b28b7a51-4d39-4d1a-a6fc-183c59661dae,3890424,832,1,00:27:56.113,27,56,2,Ball Recovery,59,181,Schalke 04,From Corner,181,Schalke 04,3053.0,Leroy Sané,Right Wing,100.3,57.6,,,0.0,True,,,,,,,False,,,,,,,False,False,left_to_right,False,100.3,57.6,,,False,False,False,False
8f9ba7ad-4aaa-4ac4-b644-d1dff1ba5e6d,3890424,833,1,00:27:56.690,27,56,2,Ball Recovery,60,872,Darmstadt 98,Regular Play,872,Darmstadt 98,9401.0,Marcel Heller,Right Midfield,23.7,20.5,,,0.0,False,,,,,,,False,,,,,,,False,False,left_to_right,False,23.7,20.5,,,False,False,False,False
1877ff0e-e3da-4d99-9225-1dbc3e0ad0b2,3890424,834,1,00:27:56.690,27,56,43,Carry,60,872,Darmstadt 98,Regular Play,872,Darmstadt 98,9401.0,Marcel Heller,Right Midfield,23.7,20.5,72.6,31.1,6.549327,False,,,,,,,False,,,,,,,False,False,left_to_right,False,23.7,20.5,72.6,31.1,True,False,False,False
39c37c7e-e7bf-4a84-a9e5-49323c671909,3890424,835,1,00:28:03.239,28,3,30,Pass,60,872,Darmstadt 98,Regular Play,872,Darmstadt 98,9401.0,Marcel Heller,Right Midfield,72.6,31.1,74.7,44.2,1.520897,False,,,,,,Incomplete,False,13.267253,1.4118433,Low Pass,,8388.0,Jérôme Gondorf,False,False,left_to_right,False,72.6,31.1,74.7,44.2,False,False,False,True
76d4ae34-46f5-48ca-a605-30d08282a248,3890424,836,1,00:28:04.760,28,4,42,Ball Receipt*,60,872,Darmstadt 98,Regular Play,872,Darmstadt 98,8388.0,Jérôme Gondorf,Left Defensive Midfield,72.5,48.3,,,,False,,,,,,,False,,,,,,,False,False,left_to_right,False,72.5,48.3,,,False,False,False,False
2f2c8fe0-a5e6-46e3-ae8d-ecb3d7cc6ae7,3890424,837,1,00:28:04.760,28,4,10,Interception,60,872,Darmstadt 98,Regular Play,181,Schalke 04,6324.0,Leon Goretzka,Left Defensive Midfield,45.4,35.9,,,0.0,False,,,,,,,False,,,,,,,False,False,left_to_right,False,45.4,35.9,,,False,False,False,False
56d7668c-81ef-43e0-bebb-cfaf1846274f,3890424,838,1,00:28:06.167,28,6,17,Pressure,60,872,Darmstadt 98,Regular Play,872,Darmstadt 98,11134.0,Konstantin Rausch,Left Midfield,90.7,36.4,,,0.540915,False,,,,,,,False,,,,,,,False,False,left_to_right,False,90.7,36.4,,,False,False,False,False
4fae8923-6776-4c38-ae0c-d722b0a6d216,3890424,839,1,00:28:06.656,28,6,30,Pass,60,872,Darmstadt 98,Regular Play,181,Schalke 04,8508.0,Max Meyer,Center Attacking Midfield,29.0,44.5,52.5,52.3,1.208555,True,,,,,,Incomplete,False,24.760654,0.3204734,High Pass,Recovery,6717.0,Johannes Geis,False,False,left_to_right,False,29.0,44.5,52.5,52.3,False,False,False,True
a5cc8700-cf21-4e4c-bafc-09bfd4419092,3890424,840,1,00:28:07.864,28,7,42,Ball Receipt*,60,872,Darmstadt 98,Regular Play,181,Schalke 04,6717.0,Johannes Geis,Right Defensive Midfield,53.4,49.1,,,,False,,,,,,,False,,,,,,,False,False,left_to_right,False,53.4,49.1,,,False,False,False,False
0fb569ab-7a8f-4733-a16f-129873654613,3890424,841,1,00:28:07.864,28,7,30,Pass,60,872,Darmstadt 98,Regular Play,872,Darmstadt 98,40467.0,Peter Niemeyer,Right Defensive Midfield,67.6,27.8,96.2,0.1,4.457194,False,,,,,,Out,False,39.815197,-0.7694137,High Pass,Recovery,9723.0,Sandro Wagner,False,False,left_to_right,False,67.6,27.8,96.2,0.1,False,False,True,True
4f4a0b19-4866-4d06-aa26-65e8e4abf82a,3890424,842,1,00:28:12.322,28,12,42,Ball Receipt*,60,872,Darmstadt 98,Regular Play,872,Darmstadt 98,9723.0,Sandro Wagner,Center Forward,96.2,1.9,,,,False,,,,,,,False,,,,,,,False,False,left_to_right,False,96.2,1.9,,,False,False,False,False
cefcad97-8379-41a2-a9b4-6457daeb1cc3,3890424,843,1,00:28:30.863,28,30,30,Pass,61,181,Schalke 04,From Throw In,181,Schalke 04,30312.0,Uilson de Souza Paula Júnior,Right Back,29.4,80.0,57.8,69.1,1.640696,False,,,,,,Incomplete,False,30.419895,-0.36646578,High Pass,Throw-in,3499.0,Jean-Eric Maxim Choupo-Moting,False,False,left_to_right,False,29.4,80.0,57.8,69.1,False,True,False,True
6b29cc2d-dc77-43ea-ab6f-09604ba891cb,3890424,844,1,00:28:32.503,28,32,42,Ball Receipt*,61,181,Schalke 04,From Throw In,181,Schalke 04,3499.0,Jean-Eric Maxim Choupo-Moting,Left Wing,60.3,67.9,,,,False,,,,,,,False,,,,,,,False,False,left_to_right,False,60.3,67.9,,,False,False,False,False
35b92e12-2cab-4ea6-924b-f344e7837928,3890424,845,1,00:28:32.503,28,32,30,Pass,62,872,Darmstadt 98,From Counter,872,Darmstadt 98,35033.0,Slobodan Rajković,Left Center Back,62.3,11.0,70.9,19.4,1.24989,False,,,,,,,True,12.021647,0.773634,High Pass,Interception,8388.0,Jérôme Gondorf,False,False,left_to_right,False,62.3,11.0,70.9,19.4,False,False,False,False
c5bec1b9-fa69-4772-8cce-810ce4399324,3890424,846,1,00:28:33.753,28,33,42,Ball Receipt*,62,872,Darmstadt 98,From Counter,872,Darmstadt 98,8388.0,Jérôme Gondorf,Left Defensive Midfield,70.9,19.4,,,,False,,,,,,,False,,,,,,,False,False,left_to_right,False,70.9,19.4,,,False,False,False,False
bf009160-0902-4c4b-81be-c88e5e31552c,3890424,847,1,00:28:33.753,28,33,30,Pass,62,872,Darmstadt 98,From Counter,872,Darmstadt 98,8388.0,Jérôme Gondorf,Left Defensive Midfield,71.2,19.5,80.6,18.0,0.993154,False,,,,,,,True,9.518929,-0.15824032,High Pass,,40477.0,Jan Rosenthal,False,False,left_to_right,False,71.2,19.5,80.6,18.0,False,False,True,False
ffbaa7f1-476d-44fc-b151-52a8485da6e8,3890424,848,1,00:28:34.746,28,34,42,Ball Receipt*,62,872,Darmstadt 98,From Counter,872,Darmstadt 98,40477.0,Jan Rosenthal,Center Attacking Midfield,80.6,18.0,,,,False,,,,,,,False,,,,,,,False,False,left_to_right,False,80.6,18.0,,,False,False,False,False
f301f648-3133-4d52-838d-d0fa95e7fde0,3890424,849,1,00:28:34.746,28,34,43,Carry,62,872,Darmstadt 98,From Counter,872,Darmstadt 98,40477.0,Jan Rosenthal,Center Attacking Midfield,80.6,18.0,80.3,18.3,0.626687,True,,,,,,,False,,,,,,,False,False,left_to_right,False,80.6,18.0,80.3,18.3,False,False,False,False
86ddfe59-9bb7-4c2f-8eb9-c390b3e47e8a,3890424,850,1,00:28:34.985,28,34,17,Pressure,62,872,Darmstadt 98,From Counter,181,Schalke 04,6717.0,Johannes Geis,Right Defensive Midfield,38.9,62.4,,,0.58075,False,,,,,,,False,,,,,,,False,False,left_to_right,False,38.9,62.4,,,False,False,False,False
0924aae5-3748-4cba-be8f-272c58019e52,3890424,851,1,00:28:35.373,28,35,30,Pass,62,872,Darmstadt 98,From Counter,872,Darmstadt 98,40477.0,Jan Rosenthal,Center Attacking Midfield,80.3,18.3,109.3,38.8,3.95486,True,,,,,,Incomplete,False,35.51408,0.6153395,High Pass,,9723.0,Sandro Wagner,False,False,left_to_right,False,80.3,18.3,109.3,38.8,False,True,False,True
edae4e39-ce42-4421-8844-389d4f53ebe6,3890424,852,1,00:28:39.328,28,39,42,Ball Receipt*,62,872,Darmstadt 98,Regular Play,872,Darmstadt 98,9723.0,Sandro Wagner,Center Forward,94.0,22.7,,,,False,,,,,,,False,,,,,,,False,False,left_to_right,False,94.0,22.7,,,False,False,False,False
79922e4a-48f2-425d-b7d7-5697c3cff3d2,3890424,853,1,00:28:39.328,28,39,2,Ball Recovery,63,181,Schalke 04,Regular Play,181,Schalke 04,8517.0,Ralf Fährmann,Goalkeeper,10.8,41.3,,,0.0,False,,,,,,,False,,,,,,,False,False,left_to_right,False,10.8,41.3,,,False,False,False,False
7b69ea26-c68f-49ee-8111-08889a5203b3,3890424,854,1,00:28:39.328,28,39,43,Carry,63,181,Schalke 04,Regular Play,181,Schalke 04,8517.0,Ralf Fährmann,Goalkeeper,10.8,41.3,14.2,43.2,0.411756,False,,,,,,,False,,,,,,,False,False,left_to_right,False,10.8,41.3,14.2,43.2,False,False,False,False
f1a90d75-29b8-4925-9ce5-7823e0d156f6,3890424,855,1,00:28:39.740,28,39,30,Pass,63,181,Schalke 04,Regular Play,181,Schalke 04,8517.0,Ralf Fährmann,Goalkeeper,14.2,43.2,21.4,38.1,2.162106,False,,,,,,,True,8.823265,-0.61629695,Ground Pass,,16534.0,Roman Neustädter,False,False,left_to_right,False,14.2,43.2,21.4,38.1,False,False,False,False
c1160e44-d43b-4907-8258-e5db707299a6,3890424,856,1,00:28:41.902,28,41,42,Ball Receipt*,63,181,Schalke 04,Regular Play,181,Schalke 04,16534.0,Roman Neustädter,Left Center Back,21.4,38.1,,,,False,,,,,,,False,,,,,,,False,False,left_to_right,False,21.4,38.1,,,False,False,False,False
2602f330-bcfa-488f-bd33-711cdb466663,3890424,857,1,00:28:41.902,28,41,43,Carry,63,181,Schalke 04,Regular Play,181,Schalke 04,16534.0,Roman Neustädter,Left Center Back,21.4,38.1,42.8,32.7,5.731274,False,,,,,,,False,,,,,,,False,False,left_to_right,False,21.4,38.1,42.8,32.7,False,False,False,False
bf527ecb-a137-4a8c-a095-e237c345dabb,3890424,858,1,00:28:47.633,28,47,30,Pass,63,181,Schalke 04,Regular Play,181,Schalke 04,16534.0,Roman Neustädter,Left Center Back,42.8,32.7,48.6,58.7,2.52864,False,,,,,,,True,26.639069,1.351313,Ground Pass,,3502.0,Joël Andre Job Matip,False,False,left_to_right,False,42.8,32.7,48.6,58.7,False,False,False,False
72092423-695d-4d51-93e4-3ce18c1f8194,3890424,859,1,00:28:50.162,28,50,42,Ball Receipt*,63,181,Schalke 04,Regular Play,181,Schalke 04,3502.0,Joël Andre Job Matip,Right Center Back,48.6,58.7,,,,False,,,,,,,False,,,,,,,False,False,left_to_right,False,48.6,58.7,,,False,False,False,False
bf2b8b7d-a903-4cdf-b8fd-643bf99a922c,3890424,860,1,00:28:50.162,28,50,43,Carry,63,181,Schalke 04,Regular Play,181,Schalke 04,3502.0,Joël Andre Job Matip,Right Center Back,48.6,58.7,50.1,58.2,7.505907,False,,,,,,,False,,,,,,,False,False,left_to_right,False,48.6,58.7,50.1,58.2,False,False,False,False
853e9929-c7b4-4647-8dee-f68510239a39,3890424,861,1,00:28:57.668,28,57,30,Pass,63,181,Schalke 04,Regular Play,181,Schalke 04,3502.0,Joël Andre Job Matip,Right Center Back,50.1,58.2,64.4,30.1,1.527056,False,,,,,,,True,31.529352,-1.1000566,Ground Pass,,8508.0,Max Meyer,False,False,left_to_right,False,50.1,58.2,64.4,30.1,False,False,False,False
0b5f9aeb-aa5e-4914-a948-9f0d4ad94f0c,3890424,862,1,00:28:59.195,28,59,42,Ball Receipt*,63,181,Schalke 04,Regular Play,181,Schalke 04,8508.0,Max Meyer,Center Attacking Midfield,64.4,30.1,,,,False,,,,,,,False,,,,,,,False,False,left_to_right,False,64.4,30.1,,,False,False,False,False
fa75e724-7e9b-437d-b1a7-851df2c99199,3890424,863,1,00:28:59.195,28,59,43,Carry,63,181,Schalke 04,Regular Play,181,Schalke 04,8508.0,Max Meyer,Center Attacking Midfield,64.4,30.1,67.8,26.3,1.240752,True,,,,,,,False,,,,,,,False,False,left_to_right,False,64.4,30.1,67.8,26.3,False,False,False,False
9ba219cc-86bc-4bbe-9309-7018110b52cf,3890424,864,1,00:29:00.185,29,0,17,Pressure,63,181,Schalke 04,Regular Play,872,Darmstadt 98,40467.0,Peter Niemeyer,Right Defensive Midfield,53.6,51.3,,,0.590826,False,,,,,,,False,,,,,,,False,False,left_to_right,False,53.6,51.3,,,False,False,False,False
6bd11c35-8795-41d2-af16-fbabad5db9e6,3890424,865,1,00:29:00.435,29,0,30,Pass,63,181,Schalke 04,Regular Play,181,Schalke 04,8508.0,Max Meyer,Center Attacking Midfield,67.8,26.3,68.9,12.0,1.237205,True,,,,,,,True,14.342245,-1.4940244,Ground Pass,,3510.0,Sead Kolašinac,False,False,left_to_right,False,67.8,26.3,68.9,12.0,False,False,False,False
6698c333-e675-4cc3-8a6f-b17a4fc30008,3890424,866,1,00:29:01.673,29,1,42,Ball Receipt*,63,181,Schalke 04,Regular Play,181,Schalke 04,3510.0,Sead Kolašinac,Left Back,68.9,12.0,,,,False,,,,,,,False,,,,,,,False,False,left_to_right,False,68.9,12.0,,,False,False,False,False
ebac63e5-6be8-4f6d-b99c-4728818fadde,3890424,867,1,00:29:01.673,29,1,43,Carry,63,181,Schalke 04,Regular Play,181,Schalke 04,3510.0,Sead Kolašinac,Left Back,68.9,12.0,70.8,10.4,1.06607,False,,,,,,,False,,,,,,,False,False,left_to_right,False,68.9,12.0,70.8,10.4,False,False,False,False
053108bc-e4c5-47da-a0c3-5e4ad824b826,3890424,868,1,00:29:02.739,29,2,30,Pass,63,181,Schalke 04,Regular Play,181,Schalke 04,3510.0,Sead Kolašinac,Left Back,70.8,10.4,86.7,26.8,1.069012,False,,,,,,,True,22.842285,0.8008768,Ground Pass,,3499.0,Jean-Eric Maxim Choupo-Moting,False,False,left_to_right,False,70.8,10.4,86.7,26.8,False,True,True,False
a3608bf2-94bb-4b16-8327-e9776bff46a0,3890424,869,1,00:29:03.808,29,3,42,Ball Receipt*,63,181,Schalke 04,Regular Play,181,Schalke 04,3499.0,Jean-Eric Maxim Choupo-Moting,Left Wing,86.7,26.8,,,,False,,,,,,,False,,,,,,,False,False,left_to_right,False,86.7,26.8,,,False,False,False,False
5497d207-c8b1-4d99-84a6-d7d3c4d70b67,3890424,870,1,00:29:03.808,29,3,43,Carry,63,181,Schalke 04,Regular Play,181,Schalke 04,3499.0,Jean-Eric Maxim Choupo-Moting,Left Wing,86.7,26.8,79.4,10.9,2.726605,True,,,,,,,False,,,,,,,False,False,left_to_right,False,86.7,26.8,79.4,10.9,False,False,False,False
710b365a-07e7-492d-a936-024e53f20185,3890424,871,1,00:29:03.816,29,3,17,Pressure,63,181,Schalke 04,Regular Play,872,Darmstadt 98,20522.0,György Garics,Right Back,33.2,52.2,,,0.808992,False,,,,,,,False,,,,,,,False,False,left_to_right,False,33.2,52.2,,,False,False,False,False
3b28f357-6eb4-42cd-864c-a8bbb233dee4,3890424,872,1,00:29:06.254,29,6,17,Pressure,63,181,Schalke 04,Regular Play,872,Darmstadt 98,40467.0,Peter Niemeyer,Right Defensive Midfield,40.1,66.3,,,0.730112,False,,,,,,,False,,,,,,,False,False,left_to_right,False,40.1,66.3,,,False,False,False,False
44c5c4c8-1b27-40a1-9097-2a196ece16a7,3890424,873,1,00:29:06.534,29,6,30,Pass,63,181,Schalke 04,Regular Play,181,Schalke 04,3499.0,Jean-Eric Maxim Choupo-Moting,Left Wing,79.4,10.9,73.4,7.3,1.113867,True,,,,,,,True,6.9971423,-2.6011732,Ground Pass,,3510.0,Sead Kolašinac,False,False,left_to_right,False,79.4,10.9,73.4,7.3,False,False,False,False
6bf3c4a1-8f6f-467f-8f98-3c2c17c03284,3890424,874,1,00:29:07.648,29,7,42,Ball Receipt*,63,181,Schalke 04,Regular Play,181,Schalke 04,3510.0,Sead Kolašinac,Left Back,73.4,7.3,,,,False,,,,,,,False,,,,,,,False,False,left_to_right,False,73.4,7.3,,,False,False,False,False
c329957c-7e32-4989-9ab2-0f48c531e696,3890424,875,1,00:29:07.648,29,7,43,Carry,63,181,Schalke 04,Regular Play,181,Schalke 04,3510.0,Sead Kolašinac,Left Back,73.4,7.3,80.1,5.7,1.337898,True,,,,,,,False,,,,,,,False,False,left_to_right,False,73.4,7.3,80.1,5.7,False,False,False,False
6b698f5b-91c5-49ad-92ec-de855055b444,3890424,876,1,00:29:08.429,29,8,17,Pressure,63,181,Schalke 04,Regular Play,872,Darmstadt 98,9401.0,Marcel Heller,Right Midfield,39.3,73.5,,,0.780873,False,,,,,,,False,,,,,,,False,False,left_to_right,False,39.3,73.5,,,False,False,False,False
f34816f0-9a61-4d24-91db-788d9c437582,3890424,877,1,00:29:08.986,29,8,30,Pass,63,181,Schalke 04,Regular Play,181,Schalke 04,3510.0,Sead Kolašinac,Left Back,80.1,5.7,82.9,6.0,0.26351,True,,,,,,Incomplete,False,2.8160255,0.10673567,Ground Pass,,3499.0,Jean-Eric Maxim Choupo-Moting,False,False,left_to_right,False,80.1,5.7,82.9,6.0,False,False,False,True
f6ae6792-8c17-4dd7-9176-764fd03aa3de,3890424,878,1,00:29:09.250,29,9,42,Ball Receipt*,63,181,Schalke 04,Regular Play,181,Schalke 04,3499.0,Jean-Eric Maxim Choupo-Moting,Left Wing,95.6,5.1,,,,False,,,,,,,False,,,,,,,False,False,left_to_right,False,95.6,5.1,,,False,False,False,False
29ccb90f-0da6-49f0-a94f-2bdc0bdccd36,3890424,879,1,00:29:09.250,29,9,6,Block,63,181,Schalke 04,Regular Play,872,Darmstadt 98,9401.0,Marcel Heller,Right Midfield,37.2,74.1,,,0.0,False,,,,,,,False,,,,,,,False,False,left_to_right,False,37.2,74.1,,,False,False,False,False
32bbd1c5-6669-4f15-a5b6-333f134aafe9,3890424,880,1,00:29:11.968,29,11,30,Pass,63,181,Schalke 04,Regular Play,872,Darmstadt 98,20522.0,György Garics,Right Back,47.6,75.8,80.9,51.4,3.759217,False,,,,,,Incomplete,False,41.282562,-0.63235813,High Pass,Recovery,,,False,False,left_to_right,False,47.6,75.8,80.9,51.4,False,True,True,True
7f2cad2b-d622-46ea-9f34-0d06883c3f6e,3890424,881,1,00:29:15.466,29,15,17,Pressure,63,181,Schalke 04,Regular Play,872,Darmstadt 98,9723.0,Sandro Wagner,Center Forward,78.6,51.4,,,0.375338,False,,,,,,,False,,,,,,,False,False,left_to_right,False,78.6,51.4,,,False,False,False,False
5002d670-042e-4f77-a06b-f2ec6c37870d,3890424,882,1,00:29:15.727,29,15,30,Pass,63,181,Schalke 04,Regular Play,181,Schalke 04,16534.0,Roman Neustädter,Left Center Back,39.2,28.7,12.2,39.3,2.658013,True,,,,,,,True,29.006207,2.7674882,Low Pass,Recovery,8517.0,Ralf Fährmann,False,False,left_to_right,False,39.2,28.7,12.2,39.3,False,False,False,False
61e07f5e-6da2-47ba-9b78-b66c5e9a4c3b,3890424,883,1,00:29:18.385,29,18,42,Ball Receipt*,63,181,Schalke 04,Regular Play,181,Schalke 04,8517.0,Ralf Fährmann,Goalkeeper,12.2,39.3,,,,False,,,,,,,False,,,,,,,False,False,left_to_right,False,12.2,39.3,,,False,False,False,False
69358e1c-f63e-4954-b793-dd782b535704,3890424,884,1,00:29:18.385,29,18,43,Carry,63,181,Schalke 04,Regular Play,181,Schalke 04,8517.0,Ralf Fährmann,Goalkeeper,12.2,39.3,15.0,42.4,1.771824,False,,,,,,,False,,,,,,,False,False,left_to_right,False,12.2,39.3,15.0,42.4,False,False,False,False
d6a994cc-7683-4bcc-804a-2b44c56bba71,3890424,885,1,00:29:20.157,29,20,30,Pass,63,181,Schalke 04,Regular Play,181,Schalke 04,8517.0,Ralf Fährmann,Goalkeeper,15.0,42.4,29.8,65.4,2.062541,False,,,,,,,True,27.35032,0.9990195,Ground Pass,,30312.0,Uilson de Souza Paula Júnior,False,False,left_to_right,False,15.0,42.4,29.8,65.4,False,False,False,False
6747cd78-2803-4eaf-ab56-f22753b55941,3890424,886,1,00:29:22.219,29,22,42,Ball Receipt*,63,181,Schalke 04,Regular Play,181,Schalke 04,30312.0,Uilson de Souza Paula Júnior,Right Back,29.8,65.4,,,,False,,,,,,,False,,,,,,,False,False,left_to_right,False,29.8,65.4,,,False,False,False,False
01511f96-a999-4607-b0cf-8d553231da07,3890424,887,1,00:29:22.219,29,22,43,Carry,63,181,Schalke 04,Regular Play,181,Schalke 04,30312.0,Uilson de Souza Paula Júnior,Right Back,29.8,65.4,36.4,62.6,0.585638,False,,,,,,,False,,,,,,,False,False,left_to_right,False,29.8,65.4,36.4,62.6,False,False,False,False
8c26c78d-dd1d-42ec-8fe5-684a513c0411,3890424,888,1,00:29:22.805,29,22,30,Pass,63,181,Schalke 04,Regular Play,181,Schalke 04,30312.0,Uilson de Souza Paula Júnior,Right Back,36.4,62.6,49.2,50.9,1.406887,False,,,,,,,True,17.341568,-0.7405303,Ground Pass,,6717.0,Johannes Geis,False,False,left_to_right,False,36.4,62.6,49.2,50.9,False,False,False,False
7c8082aa-b3f1-4e97-9283-56d4e91ba6dd,3890424,889,1,00:29:24.212,29,24,42,Ball Receipt*,63,181,Schalke 04,Regular Play,181,Schalke 04,6717.0,Johannes Geis,Right Defensive Midfield,49.2,50.9,,,,False,,,,,,,False,,,,,,,False,False,left_to_right,False,49.2,50.9,,,False,False,False,False
d6bb0ab4-773b-4e91-8737-5c5e6719a719,3890424,890,1,00:29:24.212,29,24,43,Carry,63,181,Schalke 04,Regular Play,181,Schalke 04,6717.0,Johannes Geis,Right Defensive Midfield,49.2,50.9,48.7,49.6,1.059908,False,,,,,,,False,,,,,,,False,False,left_to_right,False,49.2,50.9,48.7,49.6,False,False,False,False
752213dd-7939-46c1-935a-97cdba6c696e,3890424,891,1,00:29:25.272,29,25,30,Pass,63,181,Schalke 04,Regular Play,181,Schalke 04,6717.0,Johannes Geis,Right Defensive Midfield,48.7,49.6,37.0,41.8,1.658223,False,,,,,,,True,14.06165,-2.55359,Ground Pass,,3502.0,Joël Andre Job Matip,False,False,left_to_right,False,48.7,49.6,37.0,41.8,False,False,False,False
e3b5c8b7-824c-4a06-a9dd-e53bcf9fbf50,3890424,892,1,00:29:26.930,29,26,42,Ball Receipt*,63,181,Schalke 04,Regular Play,181,Schalke 04,3502.0,Joël Andre Job Matip,Right Center Back,37.0,41.8,,,,False,,,,,,,False,,,,,,,False,False,left_to_right,False,37.0,41.8,,,False,False,False,False
3d6639ba-9acd-4982-9391-006e3f0ea11f,3890424,893,1,00:29:26.930,29,26,43,Carry,63,181,Schalke 04,Regular Play,181,Schalke 04,3502.0,Joël Andre Job Matip,Right Center Back,37.0,41.8,39.7,40.9,2.662021,False,,,,,,,False,,,,,,,False,False,left_to_right,False,37.0,41.8,39.7,40.9,False,False,False,False
009e42d4-03c7-4bd7-b9ce-7fada47b320a,3890424,894,1,00:29:29.592,29,29,30,Pass,63,181,Schalke 04,Regular Play,181,Schalke 04,3502.0,Joël Andre Job Matip,Right Center Back,39.7,40.9,54.0,19.1,1.939719,False,,,,,,,True,26.071632,-0.9902404,Ground Pass,,16534.0,Roman Neustädter,False,False,left_to_right,False,39.7,40.9,54.0,19.1,False,False,False,False
011be1ba-072e-48ad-a352-650b68837cc2,3890424,895,1,00:29:31.532,29,31,42,Ball Receipt*,63,181,Schalke 04,Regular Play,181,Schalke 04,16534.0,Roman Neustädter,Left Center Back,54.0,19.1,,,,False,,,,,,,False,,,,,,,False,False,left_to_right,False,54.0,19.1,,,False,False,False,False
527e84de-1508-43e9-b715-937bfd1c2f3e,3890424,896,1,00:29:31.532,29,31,43,Carry,63,181,Schalke 04,Regular Play,181,Schalke 04,16534.0,Roman Neustädter,Left Center Back,54.0,19.1,76.2,19.5,3.278795,False,,,,,,,False,,,,,,,False,False,left_to_right,False,54.0,19.1,76.2,19.5,True,False,False,False
6f1ff9a4-2165-4ff7-a17f-ec71d5a8467f,3890424,897,1,00:29:34.811,29,34,30,Pass,63,181,Schalke 04,Regular Play,181,Schalke 04,16534.0,Roman Neustädter,Left Center Back,76.2,19.5,90.8,22.9,0.791151,False,,,,,,,True,14.990664,0.22879885,Ground Pass,,3499.0,Jean-Eric Maxim Choupo-Moting,False,False,left_to_right,False,76.2,19.5,90.8,22.9,False,True,True,False
11a2fd87-334e-4bc5-9af1-aeb1c837fd2e,3890424,898,1,00:29:35.581,29,35,17,Pressure,63,181,Schalke 04,Regular Play,872,Darmstadt 98,20522.0,György Garics,Right Back,27.5,56.6,,,1.680565,False,,,,,,,False,,,,,,,False,False,left_to_right,False,27.5,56.6,,,False,False,False,False
bdfa2fc3-14a6-41e7-8a66-149cd2e70a50,3890424,899,1,00:29:35.602,29,35,42,Ball Receipt*,63,181,Schalke 04,Regular Play,181,Schalke 04,3499.0,Jean-Eric Maxim Choupo-Moting,Left Wing,90.8,22.9,,,,True,,,,,,,False,,,,,,,False,False,left_to_right,False,90.8,22.9,,,False,False,False,False
bd6f5d84-ffaf-474a-8a9c-fa5d89d4ea48,3890424,900,1,00:29:35.602,29,35,43,Carry,63,181,Schalke 04,Regular Play,181,Schalke 04,3499.0,Jean-Eric Maxim Choupo-Moting,Left Wing,90.8,22.9,88.1,12.6,1.413658,True,,,,,,,False,,,,,,,False,False,left_to_right,False,90.8,22.9,88.1,12.6,False,False,False,False
3f310963-2d1a-452b-8b30-f78c004777f7,3890424,901,1,00:29:37.015,29,37,30,Pass,63,181,Schalke 04,Regular Play,181,Schalke 04,3499.0,Jean-Eric Maxim Choupo-Moting,Left Wing,88.1,12.6,91.9,7.6,0.710356,True,,,,,,,True,6.2801275,-0.92092586,Ground Pass,,3510.0,Sead Kolašinac,False,False,left_to_right,False,88.1,12.6,91.9,7.6,False,False,False,False
58d8601c-4b10-42d4-8984-58dfb78f103b,3890424,902,1,00:29:37.726,29,37,42,Ball Receipt*,63,181,Schalke 04,Regular Play,181,Schalke 04,3510.0,Sead Kolašinac,Left Back,91.9,7.6,,,,False,,,,,,,False,,,,,,,False,False,left_to_right,False,91.9,7.6,,,False,False,False,False
867242c2-bf5e-4b55-8fea-462d135d3c51,3890424,903,1,00:29:37.726,29,37,43,Carry,63,181,Schalke 04,Regular Play,181,Schalke 04,3510.0,Sead Kolašinac,Left Back,91.9,7.6,90.6,8.4,0.334934,False,,,,,,,False,,,,,,,False,False,left_to_right,False,91.9,7.6,90.6,8.4,False,False,False,False
32a22246-c3f9-4bd0-8d85-cfddea561528,3890424,904,1,00:29:38.061,29,38,30,Pass,63,181,Schalke 04,Regular Play,181,Schalke 04,3510.0,Sead Kolašinac,Left Back,90.6,8.4,81.2,13.7,0.800383,False,,,,,,,True,10.7912,2.6281936,Ground Pass,,3499.0,Jean-Eric Maxim Choupo-Moting,False,False,left_to_right,False,90.6,8.4,81.2,13.7,False,False,False,False
2ff1a941-2454-45e2-af81-cef27df4b94b,3890424,905,1,00:29:38.861,29,38,42,Ball Receipt*,63,181,Schalke 04,Regular Play,181,Schalke 04,3499.0,Jean-Eric Maxim Choupo-Moting,Left Wing,81.2,13.7,,,,False,,,,,,,False,,,,,,,False,False,left_to_right,False,81.2,13.7,,,False,False,False,False
2d761e25-5e90-4825-9ff4-32ff3d3a572f,3890424,906,1,00:29:38.861,29,38,43,Carry,63,181,Schalke 04,Regular Play,181,Schalke 04,3499.0,Jean-Eric Maxim Choupo-Moting,Left Wing,81.2,13.7,77.0,16.2,2.64923,False,,,,,,,False,,,,,,,False,False,left_to_right,False,81.2,13.7,77.0,16.2,False,False,False,False
8c78a00b-2ccd-4770-9af2-661741958a0d,3890424,907,1,00:29:41.510,29,41,30,Pass,63,181,Schalke 04,Regular Play,181,Schalke 04,3499.0,Jean-Eric Maxim Choupo-Moting,Left Wing,77.0,16.2,58.7,45.1,3.344489,False,,,,,,,True,34.206726,2.1352835,High Pass,,3502.0,Joël Andre Job Matip,False,False,left_to_right,False,77.0,16.2,58.7,45.1,False,False,False,False
577dd540-4f0b-4729-a4a6-21cdbd4bcc4c,3890424,908,1,00:29:44.855,29,44,42,Ball Receipt*,63,181,Schalke 04,Regular Play,181,Schalke 04,3502.0,Joël Andre Job Matip,Right Center Back,58.7,45.1,,,,False,,,,,,,False,,,,,,,False,False,left_to_right,False,58.7,45.1,,,False,False,False,False
dd9efcbb-87e8-45d1-80ad-73785e1dfaf7,3890424,909,1,00:29:44.855,29,44,43,Carry,63,181,Schalke 04,Regular Play,181,Schalke 04,3502.0,Joël Andre Job Matip,Right Center Back,58.7,45.1,63.6,46.3,0.673079,False,,,,,,,False,,,,,,,False,False,left_to_right,False,58.7,45.1,63.6,46.3,False,False,False,False
fbc74631-2154-4f6f-8008-5bcd9c44e2e3,3890424,910,1,00:29:45.528,29,45,30,Pass,63,181,Schalke 04,Regular Play,181,Schalke 04,3502.0,Joël Andre Job Matip,Right Center Back,63.6,46.3,66.2,61.8,1.681271,False,,,,,,,True,15.716552,1.4046016,High Pass,,30312.0,Uilson de Souza Paula Júnior,False,False,left_to_right,False,63.6,46.3,66.2,61.8,False,False,False,False
a09f487f-720d-4449-b37b-bb3930337379,3890424,911,1,00:29:47.209,29,47,42,Ball Receipt*,63,181,Schalke 04,Regular Play,181,Schalke 04,30312.0,Uilson de Souza Paula Júnior,Right Back,66.2,61.8,,,,False,,,,,,,False,,,,,,,False,False,left_to_right,False,66.2,61.8,,,False,False,False,False
31160710-aa69-4aa9-9711-afe7c141cbb1,3890424,912,1,00:29:47.209,29,47,43,Carry,63,181,Schalke 04,Regular Play,181,Schalke 04,30312.0,Uilson de Souza Paula Júnior,Right Back,66.2,61.8,65.1,63.5,1.769782,False,,,,,,,False,,,,,,,False,False,left_to_right,False,66.2,61.8,65.1,63.5,False,False,False,False
42e060a5-0e9b-408e-b8e3-509e758f11dd,3890424,913,1,00:29:48.979,29,48,30,Pass,63,181,Schalke 04,Regular Play,181,Schalke 04,30312.0,Uilson de Souza Paula Júnior,Right Back,65.1,63.5,79.7,76.3,1.564022,False,,,,,,,True,19.416489,0.719799,Ground Pass,,3053.0,Leroy Sané,False,False,left_to_right,False,65.1,63.5,79.7,76.3,False,False,False,False
652e6b56-5762-4d21-8624-f8ec297071e9,3890424,914,1,00:29:50.543,29,50,42,Ball Receipt*,63,181,Schalke 04,Regular Play,181,Schalke 04,3053.0,Leroy Sané,Right Wing,79.7,76.3,,,,False,,,,,,,False,,,,,,,False,False,left_to_right,False,79.7,76.3,,,False,False,False,False
15b4711f-0621-4d72-a918-3d1774289022,3890424,915,1,00:29:50.543,29,50,43,Carry,63,181,Schalke 04,Regular Play,181,Schalke 04,3053.0,Leroy Sané,Right Wing,79.7,76.3,80.0,76.2,1.807543,False,,,,,,,False,,,,,,,False,False,left_to_right,False,79.7,76.3,80.0,76.2,False,False,False,False
4a56208b-1697-4b07-a9ae-39c80ae3473b,3890424,916,1,00:29:52.351,29,52,30,Pass,63,181,Schalke 04,Regular Play,181,Schalke 04,3053.0,Leroy Sané,Right Wing,80.0,76.2,64.4,72.0,1.353001,False,,,,,,,True,16.155495,-2.878598,Ground Pass,,30312.0,Uilson de Souza Paula Júnior,False,False,left_to_right,False,80.0,76.2,64.4,72.0,False,False,False,False
8f2f61f8-ed29-46d9-aad7-131001177055,3890424,917,1,00:29:53.704,29,53,42,Ball Receipt*,63,181,Schalke 04,Regular Play,181,Schalke 04,30312.0,Uilson de Souza Paula Júnior,Right Back,64.4,72.0,,,,False,,,,,,,False,,,,,,,False,False,left_to_right,False,64.4,72.0,,,False,False,False,False
814265a7-b3ab-498e-83c4-f2410b6fb8cb,3890424,918,1,00:29:53.704,29,53,43,Carry,63,181,Schalke 04,Regular Play,181,Schalke 04,30312.0,Uilson de Souza Paula Júnior,Right Back,64.4,72.0,64.4,72.0,0.787396,False,,,,,,,False,,,,,,,False,False,left_to_right,False,64.4,72.0,64.4,72.0,False,False,False,False
e2be6cc0-bf19-4053-93e5-a875d917292a,3890424,919,1,00:29:54.491,29,54,30,Pass,63,181,Schalke 04,Regular Play,181,Schalke 04,30312.0,Uilson de Souza Paula Júnior,Right Back,64.4,72.0,54.8,54.6,1.823127,False,,,,,,,True,19.872595,-2.0749624,Ground Pass,,3502.0,Joël Andre Job Matip,False,False,left_to_right,False,64.4,72.0,54.8,54.6,False,False,False,False
53101809-cab6-43ad-905d-8da51b5f9cb8,3890424,920,1,00:29:56.314,29,56,42,Ball Receipt*,63,181,Schalke 04,Regular Play,181,Schalke 04,3502.0,Joël Andre Job Matip,Right Center Back,54.8,54.6,,,,False,,,,,,,False,,,,,,,False,False,left_to_right,False,54.8,54.6,,,False,False,False,False
2f6f8094-f164-4d55-83d1-d3b2aa1b9160,3890424,921,1,00:29:56.314,29,56,43,Carry,63,181,Schalke 04,Regular Play,181,Schalke 04,3502.0,Joël Andre Job Matip,Right Center Back,54.8,54.6,56.7,52.3,0.291406,False,,,,,,,False,,,,,,,False,False,left_to_right,False,54.8,54.6,56.7,52.3,False,False,False,False
25049a73-f5dd-41d9-bda9-26301e5d84a5,3890424,922,1,00:29:56.605,29,56,30,Pass,63,181,Schalke 04,Regular Play,181,Schalke 04,3502.0,Joël Andre Job Matip,Right Center Back,56.7,52.3,65.0,45.2,1.114944,False,,,,,,,True,10.922454,-0.7076332,Ground Pass,,6717.0,Johannes Geis,False,False,left_to_right,False,56.7,52.3,65.0,45.2,False,False,False,False
09f9aefb-bb40-4bdb-92e4-09dc96099bd9,3890424,923,1,00:29:57.720,29,57,42,Ball Receipt*,63,181,Schalke 04,Regular Play,181,Schalke 04,6717.0,Johannes Geis,Right Defensive Midfield,65.0,45.2,,,,False,,,,,,,False,,,,,,,False,False,left_to_right,False,65.0,45.2,,,False,False,False,False
918843ec-fba1-43e7-92db-74a04c7fc5cc,3890424,924,1,00:29:57.720,29,57,43,Carry,63,181,Schalke 04,Regular Play,181,Schalke 04,6717.0,Johannes Geis,Right Defensive Midfield,65.0,45.2,68.9,42.4,1.322374,False,,,,,,,False,,,,,,,False,False,left_to_right,False,65.0,45.2,68.9,42.4,False,False,False,False
80acd6b5-fdb5-419e-93aa-2691606f9019,3890424,925,1,00:29:59.043,29,59,30,Pass,63,181,Schalke 04,Regular Play,181,Schalke 04,6717.0,Johannes Geis,Right Defensive Midfield,68.9,42.4,82.5,39.9,0.964658,False,,,,,,,True,13.82787,-0.18179399,Ground Pass,,8060.0,Klaas-Jan Huntelaar,False,False,left_to_right,False,68.9,42.4,82.5,39.9,False,True,True,False
0f38cc5f-8c02-4c3f-8a35-5164c2090f30,3890424,926,1,00:30:00.007,30,0,42,Ball Receipt*,63,181,Schalke 04,Regular Play,181,Schalke 04,8060.0,Klaas-Jan Huntelaar,Center Forward,82.5,39.9,,,,False,,,,,,,False,,,,,,,False,False,left_to_right,False,82.5,39.9,,,False,False,False,False
bbee9a31-6cb1-470e-95fe-b6dca761cba0,3890424,927,1,00:30:00.007,30,0,43,Carry,63,181,Schalke 04,Regular Play,181,Schalke 04,8060.0,Klaas-Jan Huntelaar,Center Forward,82.5,39.9,67.8,23.1,2.705579,True,,,,,,,False,,,,,,,False,False,left_to_right,False,82.5,39.9,67.8,23.1,False,False,False,False
58c61afe-2a30-48b5-a2e9-f6b0ebd75d3e,3890424,928,1,00:30:01.793,30,1,17,Pressure,63,181,Schalke 04,Regular Play,872,Darmstadt 98,40467.0,Peter Niemeyer,Right Defensive Midfield,47.9,50.6,,,0.954417,False,,,,,,,False,,,,,,,False,False,left_to_right,False,47.9,50.6,,,False,False,False,False
4936c94d-884a-4391-86f5-4d43e3fc6acc,3890424,929,1,00:30:02.713,30,2,30,Pass,63,181,Schalke 04,Regular Play,181,Schalke 04,8060.0,Klaas-Jan Huntelaar,Center Forward,67.8,23.1,53.7,27.6,2.043354,True,,,,,,,True,14.800675,2.8326619,Ground Pass,,16534.0,Roman Neustädter,False,False,left_to_right,False,67.8,23.1,53.7,27.6,False,False,False,False
3645903f-840d-46f1-88a8-569b13a2d95e,3890424,930,1,00:30:04.756,30,4,42,Ball Receipt*,63,181,Schalke 04,Regular Play,181,Schalke 04,16534.0,Roman Neustädter,Left Center Back,53.7,27.6,,,,False,,,,,,,False,,,,,,,False,False,left_to_right,False,53.7,27.6,,,False,False,False,False
9937d981-cddf-4cf7-8217-0fbab122aaf4,3890424,931,1,00:30:04.756,30,4,30,Pass,63,181,Schalke 04,Regular Play,181,Schalke 04,16534.0,Roman Neustädter,Left Center Back,57.0,28.1,55.9,47.1,1.620053,False,,,,,,,True,19.031815,1.6286265,Ground Pass,,3502.0,Joël Andre Job Matip,False,False,left_to_right,False,57.0,28.1,55.9,47.1,False,False,False,False
ff36cb2b-c34b-4c60-b361-3b195d13fb00,3890424,932,1,00:30:06.376,30,6,42,Ball Receipt*,63,181,Schalke 04,Regular Play,181,Schalke 04,3502.0,Joël Andre Job Matip,Right Center Back,55.9,47.1,,,,False,,,,,,,False,,,,,,,False,False,left_to_right,False,55.9,47.1,,,False,False,False,False
62ec1336-432d-4fd5-8c25-6b2d34217217,3890424,933,1,00:30:06.376,30,6,43,Carry,63,181,Schalke 04,Regular Play,181,Schalke 04,3502.0,Joël Andre Job Matip,Right Center Back,55.9,47.1,57.0,47.7,0.945316,False,,,,,,,False,,,,,,,False,False,left_to_right,False,55.9,47.1,57.0,47.7,False,False,False,False
ff153550-2014-4c8e-88de-5fdddb07e459,3890424,934,1,00:30:07.322,30,7,30,Pass,63,181,Schalke 04,Regular Play,181,Schalke 04,3502.0,Joël Andre Job Matip,Right Center Back,57.0,47.7,83.4,50.4,1.098949,False,,,,,,,True,26.537708,0.10191837,Ground Pass,,6324.0,Leon Goretzka,False,False,left_to_right,False,57.0,47.7,83.4,50.4,False,True,True,False
cb4d76b1-1329-485f-9069-bb92d585d434,3890424,935,1,00:30:08.421,30,8,42,Ball Receipt*,63,181,Schalke 04,Regular Play,181,Schalke 04,6324.0,Leon Goretzka,Left Defensive Midfield,83.4,50.4,,,,False,,,,,,,False,,,,,,,False,False,left_to_right,False,83.4,50.4,,,False,False,False,False
fccb6814-4d9d-4ac4-88e6-db708e78a629,3890424,936,1,00:30:08.421,30,8,43,Carry,63,181,Schalke 04,Regular Play,181,Schalke 04,6324.0,Leon Goretzka,Left Defensive Midfield,83.4,50.4,83.9,56.2,0.813247,True,,,,,,,False,,,,,,,False,False,left_to_right,False,83.4,50.4,83.9,56.2,False,False,False,False
cd50ec1f-fdc3-4709-a6a7-b3b7cfb2522e,3890424,937,1,00:30:08.754,30,8,17,Pressure,63,181,Schalke 04,Regular Play,872,Darmstadt 98,35033.0,Slobodan Rajković,Left Center Back,35.9,24.9,,,0.65699,False,,,,,,,False,,,,,,,False,False,left_to_right,False,35.9,24.9,,,False,False,False,False
2eca54a8-7f98-40eb-993f-da20ec1345b0,3890424,938,1,00:30:09.234,30,9,30,Pass,63,181,Schalke 04,Regular Play,181,Schalke 04,6324.0,Leon Goretzka,Left Defensive Midfield,83.9,56.2,99.0,58.7,1.892526,True,,,,,,Pass Offside,False,15.305554,0.16407457,Ground Pass,,3053.0,Leroy Sané,False,False,left_to_right,False,83.9,56.2,99.0,58.7,False,True,False,True
4b8ec073-5d8e-4f7c-b9b8-de8691dd4f4a,3890424,939,1,00:30:11.126,30,11,42,Ball Receipt*,63,181,Schalke 04,Regular Play,181,Schalke 04,3053.0,Leroy Sané,Right Wing,99.0,58.7,,,,False,,,,,,,False,,,,,,,False,False,left_to_right,False,99.0,58.7,,,False,False,False,False
c7e09709-26d5-417f-9f85-2295d67cb080,3890424,940,1,00:30:46.791,30,46,30,Pass,64,872,Darmstadt 98,From Free Kick,872,Darmstadt 98,8306.0,Christian Mathenia,Goalkeeper,22.3,21.4,74.5,22.2,4.017575,False,,,,,,Incomplete,False,52.20613,0.015324471,High Pass,Free Kick,9723.0,Sandro Wagner,False,False,left_to_right,False,22.3,21.4,74.5,22.2,False,True,False,True
ab40c8b4-45ee-47e4-b022-3b8a0cc8da9e,3890424,941,1,00:30:50.809,30,50,42,Ball Receipt*,64,872,Darmstadt 98,From Free Kick,872,Darmstadt 98,9723.0,Sandro Wagner,Center Forward,77.3,22.5,,,,False,,,,,,,False,,,,,,,False,False,left_to_right,False,77.3,22.5,,,False,False,False,False
3b4898f6-c73a-4e33-ba05-d4d0088b0931,3890424,942,1,00:30:50.809,30,50,30,Pass,64,872,Darmstadt 98,From Free Kick,181,Schalke 04,6324.0,Leon Goretzka,Left Defensive Midfield,45.6,57.9,53.4,51.6,0.582453,False,,,,,,Incomplete,False,10.026465,-0.6794138,High Pass,Recovery,8508.0,Max Meyer,False,False,left_to_right,False,45.6,57.9,53.4,51.6,False,False,False,True
c35c21b5-6cdc-4eb3-8b5d-11baf811f41d,3890424,943,1,00:30:51.391,30,51,42,Ball Receipt*,64,872,Darmstadt 98,From Free Kick,181,Schalke 04,8508.0,Max Meyer,Center Attacking Midfield,54.0,56.0,,,,False,,,,,,,False,,,,,,,False,False,left_to_right,False,54.0,56.0,,,False,False,False,False
83fb972a-d4e8-4a67-b21a-227bc64653a5,3890424,944,1,00:30:51.391,30,51,30,Pass,64,872,Darmstadt 98,From Free Kick,872,Darmstadt 98,40467.0,Peter Niemeyer,Right Defensive Midfield,66.7,28.5,80.9,20.8,2.180737,False,,,,,,,True,16.153328,-0.49687636,High Pass,Recovery,40477.0,Jan Rosenthal,False,False,left_to_right,False,66.7,28.5,80.9,20.8,False,False,True,False
35a649a2-7e3a-41a6-918d-68ebdfd8ce2a,3890424,945,1,00:30:53.572,30,53,42,Ball Receipt*,64,872,Darmstadt 98,From Free Kick,872,Darmstadt 98,40477.0,Jan Rosenthal,Center Attacking Midfield,80.9,20.8,,,,False,,,,,,,False,,,,,,,False,False,left_to_right,False,80.9,20.8,,,False,False,False,False
080ad10b-5ef4-42c0-8fdf-a4f34e773022,3890424,946,1,00:30:53.572,30,53,43,Carry,64,872,Darmstadt 98,From Free Kick,872,Darmstadt 98,40477.0,Jan Rosenthal,Center Attacking Midfield,80.9,20.8,80.4,20.6,0.453286,True,,,,,,,False,,,,,,,False,False,left_to_right,False,80.9,20.8,80.4,20.6,False,False,False,False
e9883e22-27d2-4e6a-bebb-5e3b786e0680,3890424,947,1,00:30:53.629,30,53,17,Pressure,64,872,Darmstadt 98,From Free Kick,181,Schalke 04,3502.0,Joël Andre Job Matip,Right Center Back,39.0,59.5,,,0.694213,False,,,,,,,False,,,,,,,False,False,left_to_right,False,39.0,59.5,,,False,False,False,False
d409a294-9625-4fd4-bfde-d8bda1178c14,3890424,948,1,00:30:54.025,30,54,30,Pass,64,872,Darmstadt 98,From Free Kick,872,Darmstadt 98,40477.0,Jan Rosenthal,Center Attacking Midfield,80.4,20.6,66.8,18.6,1.88845,True,,,,,,Incomplete,False,13.746272,-2.9955804,High Pass,,8388.0,Jérôme Gondorf,False,False,left_to_right,False,80.4,20.6,66.8,18.6,False,False,False,True
0d855317-dbaa-49b8-afb8-a40853e6adaa,3890424,949,1,00:30:54.056,30,54,17,Pressure,64,872,Darmstadt 98,From Free Kick,181,Schalke 04,6324.0,Leon Goretzka,Left Defensive Midfield,41.7,61.2,,,0.464966,False,,,,,,,False,,,,,,,False,False,left_to_right,False,41.7,61.2,,,False,False,False,False
e58fce80-6e91-41d0-8654-7e7f8e607edf,3890424,950,1,00:30:55.805,30,55,17,Pressure,64,872,Darmstadt 98,From Free Kick,872,Darmstadt 98,8388.0,Jérôme Gondorf,Left Defensive Midfield,80.4,18.3,,,0.760413,False,,,,,,,False,,,,,,,False,False,left_to_right,False,80.4,18.3,,,False,False,False,False
956d8b52-5e0a-4070-9c94-22fa0120b008,3890424,951,1,00:30:55.914,30,55,42,Ball Receipt*,64,872,Darmstadt 98,From Free Kick,872,Darmstadt 98,8388.0,Jérôme Gondorf,Left Defensive Midfield,68.6,18.8,,,,False,,,,,,,False,,,,,,,False,False,left_to_right,False,68.6,18.8,,,False,False,False,False
82826f79-1afd-47d5-9e83-0a795ff58aa5,3890424,952,1,00:30:55.914,30,55,2,Ball Recovery,65,181,Schalke 04,Regular Play,181,Schalke 04,3053.0,Leroy Sané,Right Wing,53.3,61.5,,,0.0,True,,,,,,,False,,,,,,,False,False,left_to_right,False,53.3,61.5,,,False,False,False,False
c48ac08a-e020-490a-82f3-21943c3740a8,3890424,953,1,00:30:55.914,30,55,43,Carry,65,181,Schalke 04,Regular Play,181,Schalke 04,3053.0,Leroy Sané,Right Wing,53.3,61.5,53.1,59.6,0.583686,True,,,,,,,False,,,,,,,False,False,left_to_right,False,53.3,61.5,53.1,59.6,False,False,False,False
fcd8bc3b-d2de-4ff8-93ec-b4b0d71dc793,3890424,954,1,00:30:56.497,30,56,30,Pass,65,181,Schalke 04,Regular Play,181,Schalke 04,3053.0,Leroy Sané,Right Wing,53.1,59.6,65.1,58.2,1.12636,True,,,,,,Incomplete,False,12.08139,-0.116141625,High Pass,,8508.0,Max Meyer,False,False,left_to_right,False,53.1,59.6,65.1,58.2,False,False,False,True
252c9208-a6db-45bd-99e4-09324291b109,3890424,955,1,00:30:57.624,30,57,42,Ball Receipt*,65,181,Schalke 04,Regular Play,181,Schalke 04,8508.0,Max Meyer,Center Attacking Midfield,68.4,52.1,,,,False,,,,,,,False,,,,,,,False,False,left_to_right,False,68.4,52.1,,,False,False,False,False
79eed718-44bc-4a6f-9626-2d4a0b6b46da,3890424,956,1,00:30:57.624,30,57,30,Pass,65,181,Schalke 04,Regular Play,872,Darmstadt 98,9404.0,Luca Caldirola,Left Back,55.0,21.9,60.1,34.2,1.944412,False,,,,,,Incomplete,False,13.315405,1.1777383,Ground Pass,Recovery,40467.0,Peter Niemeyer,False,False,left_to_right,False,55.0,21.9,60.1,34.2,False,False,False,True
ff7583fe-db95-471c-8308-d02d7ee69289,3890424,957,1,00:30:59.346,30,59,17,Pressure,65,181,Schalke 04,Regular Play,872,Darmstadt 98,40467.0,Peter Niemeyer,Right Defensive Midfield,59.2,33.0,,,0.375699,False,,,,,,,False,,,,,,,False,False,left_to_right,False,59.2,33.0,,,False,False,False,False
548d235f-ad6c-4407-92ed-afbcc88cca82,3890424,958,1,00:30:59.568,30,59,42,Ball Receipt*,65,181,Schalke 04,Regular Play,872,Darmstadt 98,40467.0,Peter Niemeyer,Right Defensive Midfield,59.7,31.7,,,,False,,,,,,,False,,,,,,,False,False,left_to_right,False,59.7,31.7,,,False,False,False,False
ad558e32-6977-4090-8cbf-3a5642c9c769,3890424,959,1,00:30:59.568,30,59,2,Ball Recovery,65,181,Schalke 04,Regular Play,181,Schalke 04,3499.0,Jean-Eric Maxim Choupo-Moting,Left Wing,60.0,45.9,,,0.0,True,,,,,,,False,,,,,,,False,False,left_to_right,False,60.0,45.9,,,False,False,False,False
c5fde53b-0977-4e04-a650-315f0b95e95f,3890424,960,1,00:31:00.487,31,0,9,Clearance,65,181,Schalke 04,Regular Play,872,Darmstadt 98,9217.0,Aytac Sulu,Right Center Back,58.9,33.9,,,0.0,True,,,,,,,False,,,,,,,False,False,left_to_right,False,58.9,33.9,,,False,False,False,False
08186f72-a8b4-41f1-af22-68cca212f5a7,3890424,961,1,00:31:01.948,31,1,2,Ball Recovery,65,181,Schalke 04,Regular Play,181,Schalke 04,6717.0,Johannes Geis,Right Defensive Midfield,54.0,47.4,,,0.0,False,,,,,,,False,,,,,,,False,False,left_to_right,False,54.0,47.4,,,False,False,False,False
39971dbb-f9b8-4dad-b3a1-a80fa8c08470,3890424,962,1,00:31:01.948,31,1,43,Carry,65,181,Schalke 04,Regular Play,181,Schalke 04,6717.0,Johannes Geis,Right Defensive Midfield,54.0,47.4,54.8,45.7,0.413262,False,,,,,,,False,,,,,,,False,False,left_to_right,False,54.0,47.4,54.8,45.7,False,False,False,False
fb522e9f-1f3d-4934-b51a-181e1764f564,3890424,963,1,00:31:02.361,31,2,30,Pass,65,181,Schalke 04,Regular Play,181,Schalke 04,6717.0,Johannes Geis,Right Defensive Midfield,54.8,45.7,84.2,55.2,1.652061,False,,,,,,Incomplete,False,30.896763,0.31253895,High Pass,,8060.0,Klaas-Jan Huntelaar,False,False,left_to_right,False,54.8,45.7,84.2,55.2,False,True,True,True
5abffef5-ce63-427e-aa9e-5e1c2f268cce,3890424,964,1,00:31:04.013,31,4,42,Ball Receipt*,65,181,Schalke 04,Regular Play,181,Schalke 04,8060.0,Klaas-Jan Huntelaar,Center Forward,82.2,53.7,,,,False,,,,,,,False,,,,,,,False,False,left_to_right,False,82.2,53.7,,,False,False,False,False
c414b497-4d84-4354-952f-da34456129f2,3890424,965,1,00:31:04.013,31,4,30,Pass,65,181,Schalke 04,Regular Play,872,Darmstadt 98,35033.0,Slobodan Rajković,Left Center Back,35.9,24.9,13.1,37.2,2.334255,False,,,,,,,True,25.906178,2.646867,Low Pass,Recovery,8306.0,Christian Mathenia,False,False,left_to_right,False,35.9,24.9,13.1,37.2,False,False,False,False
2d236414-7921-435f-9dad-3f91381622c4,3890424,966,1,00:31:06.348,31,6,42,Ball Receipt*,65,181,Schalke 04,Regular Play,872,Darmstadt 98,8306.0,Christian Mathenia,Goalkeeper,13.1,37.2,,,,False,,,,,,,False,,,,,,,False,False,left_to_right,False,13.1,37.2,,,False,False,False,False
9768c5e7-acd9-4180-998f-2a617eae0a61,3890424,967,1,00:31:18.834,31,18,30,Pass,65,181,Schalke 04,Regular Play,872,Darmstadt 98,8306.0,Christian Mathenia,Goalkeeper,15.1,37.2,67.5,65.6,5.354113,False,,,,,,Incomplete,False,59.60134,0.49666864,High Pass,,9401.0,Marcel Heller,False,False,left_to_right,False,15.1,37.2,67.5,65.6,False,True,False,True
a8de603c-96d6-4b7b-b38b-9559b8c5b478,3890424,968,1,00:31:24.188,31,24,42,Ball Receipt*,65,181,Schalke 04,Regular Play,872,Darmstadt 98,9401.0,Marcel Heller,Right Midfield,66.1,67.2,,,,False,,,,,,,False,,,,,,,False,False,left_to_right,False,66.1,67.2,,,False,False,False,False
2393c65f-6a36-45ae-bd74-df27021da9c4,3890424,969,1,00:31:24.188,31,24,4,Duel,65,181,Schalke 04,Regular Play,872,Darmstadt 98,9401.0,Marcel Heller,Right Midfield,67.5,65.6,,,0.0,True,,,,,,,False,,,,,,,False,False,left_to_right,False,67.5,65.6,,,False,False,False,False
1c03c26c-4bf2-427e-9ca2-89550a80c402,3890424,970,1,00:31:24.188,31,24,30,Pass,65,181,Schalke 04,Regular Play,181,Schalke 04,3510.0,Sead Kolašinac,Left Back,52.6,14.5,64.2,5.2,1.085325,True,,,,,,,True,14.86775,-0.6757914,High Pass,Recovery,3499.0,Jean-Eric Maxim Choupo-Moting,False,False,left_to_right,False,52.6,14.5,64.2,5.2,False,False,False,False
7c97ad76-856a-4756-ace6-7b0d119c4cbf,3890424,971,1,00:31:25.273,31,25,42,Ball Receipt*,65,181,Schalke 04,Regular Play,181,Schalke 04,3499.0,Jean-Eric Maxim Choupo-Moting,Left Wing,64.2,5.2,,,,False,,,,,,,False,,,,,,,False,False,left_to_right,False,64.2,5.2,,,False,False,False,False
ac0fdadc-45ae-4ede-8c33-003342bd60d1,3890424,972,1,00:31:25.350,31,25,30,Pass,65,181,Schalke 04,Regular Play,181,Schalke 04,3499.0,Jean-Eric Maxim Choupo-Moting,Left Wing,63.9,5.1,102.3,7.6,7.240909,False,,,,,,Incomplete,False,38.481293,0.06501242,High Pass,,,,False,False,left_to_right,False,63.9,5.1,102.3,7.6,False,True,True,True
73bae626-16c9-4b18-876e-896e533b26aa,3890424,973,1,00:31:32.591,31,32,2,Ball Recovery,65,181,Schalke 04,Regular Play,872,Darmstadt 98,8306.0,Christian Mathenia,Goalkeeper,17.8,72.5,,,0.0,False,,,,,,,False,,,,,,,False,False,left_to_right,False,17.8,72.5,,,False,False,False,False
56740403-afe0-4ecf-b1e7-7f313483560e,3890424,974,1,00:31:45.413,31,45,30,Pass,65,181,Schalke 04,Regular Play,872,Darmstadt 98,8306.0,Christian Mathenia,Goalkeeper,14.0,42.2,67.6,38.9,2.419233,False,,,,,,Incomplete,False,53.70149,-0.06148955,High Pass,,8388.0,Jérôme Gondorf,False,False,left_to_right,False,14.0,42.2,67.6,38.9,False,True,False,True
981ddfa9-a7a9-4854-a727-8354c8eda53e,3890424,975,1,00:31:47.833,31,47,42,Ball Receipt*,65,181,Schalke 04,Regular Play,872,Darmstadt 98,8388.0,Jérôme Gondorf,Left Defensive Midfield,69.8,40.5,,,,False,,,,,,,False,,,,,,,False,False,left_to_right,False,69.8,40.5,,,False,False,False,False
9db85c45-3d41-4b23-8206-5399edcc7b96,3890424,976,1,00:31:47.833,31,47,9,Clearance,65,181,Schalke 04,Regular Play,181,Schalke 04,6324.0,Leon Goretzka,Left Defensive Midfield,52.5,41.2,,,0.0,True,,,,,,,False,,,,,,,False,False,left_to_right,False,52.5,41.2,,,False,False,False,False
d2cb4637-12dc-4221-8078-0f6e36842ddf,3890424,977,1,00:31:49.490,31,49,30,Pass,65,181,Schalke 04,Regular Play,181,Schalke 04,6717.0,Johannes Geis,Right Defensive Midfield,43.6,32.6,54.7,22.1,1.474614,False,,,,,,,True,15.279398,-0.75762755,Low Pass,Recovery,3499.0,Jean-Eric Maxim Choupo-Moting,False,False,left_to_right,False,43.6,32.6,54.7,22.1,False,False,False,False
4ef4c2ad-8db4-4d34-a4b1-ede8068386ed,3890424,978,1,00:31:50.965,31,50,42,Ball Receipt*,65,181,Schalke 04,Regular Play,181,Schalke 04,3499.0,Jean-Eric Maxim Choupo-Moting,Left Wing,54.7,22.1,,,,False,,,,,,,False,,,,,,,False,False,left_to_right,False,54.7,22.1,,,False,False,False,False
f2adb8cb-d902-4415-a378-907638d15e03,3890424,979,1,00:31:50.965,31,50,43,Carry,65,181,Schalke 04,Regular Play,181,Schalke 04,3499.0,Jean-Eric Maxim Choupo-Moting,Left Wing,54.7,22.1,57.2,15.6,0.754035,True,,,,,,,False,,,,,,,False,False,left_to_right,False,54.7,22.1,57.2,15.6,False,False,False,False
e9b5fb19-415c-47db-b5e2-de7603a9a52f,3890424,980,1,00:31:51.108,31,51,17,Pressure,65,181,Schalke 04,Regular Play,872,Darmstadt 98,40467.0,Peter Niemeyer,Right Defensive Midfield,64.3,61.9,,,0.610375,False,,,,,,,False,,,,,,,False,False,left_to_right,False,64.3,61.9,,,False,False,False,False
ed7913a8-bcc3-4a32-a553-5e214066c370,3890424,981,1,00:31:51.719,31,51,14,Dribble,65,181,Schalke 04,Regular Play,181,Schalke 04,3499.0,Jean-Eric Maxim Choupo-Moting,Left Wing,57.2,15.6,,,0.0,True,,,,,,,False,,,,,,,False,False,left_to_right,False,57.2,15.6,,,False,False,False,False
849189ec-6c1f-4633-afdf-3b18cad49a24,3890424,982,1,00:31:51.719,31,51,4,Duel,66,872,Darmstadt 98,From Counter,872,Darmstadt 98,40467.0,Peter Niemeyer,Right Defensive Midfield,62.9,64.5,,,0.0,True,,,,,,,False,,,,,,,False,False,left_to_right,False,62.9,64.5,,,False,False,False,False
7ee6212e-729c-4cce-bc39-2f163c11c379,3890424,983,1,00:31:52.547,31,52,2,Ball Recovery,66,872,Darmstadt 98,From Counter,872,Darmstadt 98,8388.0,Jérôme Gondorf,Left Defensive Midfield,69.5,62.5,,,0.0,False,,,,,,,False,,,,,,,False,False,left_to_right,False,69.5,62.5,,,False,False,False,False
d9b773fe-8f54-4644-a505-132d1ac0aaa0,3890424,984,1,00:31:52.547,31,52,43,Carry,66,872,Darmstadt 98,From Counter,872,Darmstadt 98,8388.0,Jérôme Gondorf,Left Defensive Midfield,69.5,62.5,71.2,63.0,0.810894,False,,,,,,,False,,,,,,,False,False,left_to_right,False,69.5,62.5,71.2,63.0,False,False,False,False
96375808-465e-4bbd-8378-98d44c02f30a,3890424,985,1,00:31:53.358,31,53,30,Pass,66,872,Darmstadt 98,From Counter,872,Darmstadt 98,8388.0,Jérôme Gondorf,Left Defensive Midfield,71.2,63.0,117.8,53.5,3.946094,False,,,,,,,True,47.55849,-0.20110688,High Pass,,9401.0,Marcel Heller,False,False,left_to_right,False,71.2,63.0,117.8,53.5,False,True,True,False
5141dfe0-dde1-421c-838e-dfbd37ab4615,3890424,986,1,00:31:57.304,31,57,42,Ball Receipt*,66,872,Darmstadt 98,From Counter,872,Darmstadt 98,9401.0,Marcel Heller,Right Midfield,117.8,53.5,,,,False,,,,,,,False,,,,,,,False,False,left_to_right,False,117.8,53.5,,,False,False,False,False
62300e68-6c66-43ea-842e-40ae3fc930ee,3890424,987,1,00:31:57.304,31,57,43,Carry,66,872,Darmstadt 98,From Counter,872,Darmstadt 98,9401.0,Marcel Heller,Right Midfield,117.8,53.5,117.8,53.1,0.293688,False,,,,,,,False,,,,,,,False,False,left_to_right,False,117.8,53.5,117.8,53.1,False,False,False,False
108441b2-e199-4f09-8782-d2dc147d0231,3890424,988,1,00:31:57.598,31,57,30,Pass,66,872,Darmstadt 98,From Counter,872,Darmstadt 98,9401.0,Marcel Heller,Right Midfield,117.8,53.1,116.5,50.6,0.191385,False,,,,,,Incomplete,False,2.8178005,-2.0503156,Low Pass,,11134.0,Konstantin Rausch,False,False,left_to_right,False,117.8,53.1,116.5,50.6,False,False,False,True
bebae3ca-f510-43be-a443-d4dd6533b4f3,3890424,989,1,00:31:57.790,31,57,42,Ball Receipt*,66,872,Darmstadt 98,Regular Play,872,Darmstadt 98,11134.0,Konstantin Rausch,Left Midfield,111.1,44.9,,,,False,,,,,,,False,,,,,,,False,False,left_to_right,False,111.1,44.9,,,False,False,False,False
1752ae52-e180-4d31-8721-0d8bf413fe47,3890424,990,1,00:31:57.790,31,57,6,Block,66,872,Darmstadt 98,Regular Play,181,Schalke 04,16534.0,Roman Neustädter,Left Center Back,3.6,29.5,,,0.0,False,,,,,,,False,,,,,,,False,False,left_to_right,False,3.6,29.5,,,False,False,False,False
13d8555f-8ea2-49c6-bc78-54c50e6ff17a,3890424,991,1,00:32:28.782,32,28,30,Pass,67,872,Darmstadt 98,From Corner,872,Darmstadt 98,11134.0,Konstantin Rausch,Left Midfield,120.0,80.0,116.4,52.7,1.150495,False,,,,,,Incomplete,False,27.536339,-1.701908,High Pass,Corner,40477.0,Jan Rosenthal,False,False,left_to_right,False,120.0,80.0,116.4,52.7,False,True,False,True
dfb41614-e3f7-4edc-b8f2-772f2c03d480,3890424,992,1,00:32:29.932,32,29,42,Ball Receipt*,67,872,Darmstadt 98,From Corner,872,Darmstadt 98,40477.0,Jan Rosenthal,Center Attacking Midfield,114.0,49.2,,,,False,,,,,,,False,,,,,,,False,False,left_to_right,False,114.0,49.2,,,False,False,False,False
9d77946b-659a-4041-bbd2-3a3bfa7f4d63,3890424,993,1,00:32:29.932,32,29,9,Clearance,67,872,Darmstadt 98,From Corner,181,Schalke 04,6717.0,Johannes Geis,Right Defensive Midfield,3.7,27.4,,,0.0,True,,,,,,,False,,,,,,,False,False,left_to_right,False,3.7,27.4,,,False,False,False,False
0232d618-4282-407a-b8d0-f65a431d7555,3890424,994,1,00:32:52.691,32,52,30,Pass,68,872,Darmstadt 98,From Throw In,872,Darmstadt 98,20522.0,György Garics,Right Back,104.0,80.0,112.5,62.4,1.32215,False,,,,,,,True,19.545076,-1.1208779,High Pass,Throw-in,40477.0,Jan Rosenthal,False,False,left_to_right,False,104.0,80.0,112.5,62.4,False,True,False,False
6f47af7c-f604-4c71-8e67-fd476cea46d5,3890424,995,1,00:32:54.013,32,54,42,Ball Receipt*,68,872,Darmstadt 98,From Throw In,872,Darmstadt 98,40477.0,Jan Rosenthal,Center Attacking Midfield,112.5,62.4,,,,False,,,,,,,False,,,,,,,False,False,left_to_right,False,112.5,62.4,,,False,False,False,False
ec827200-c923-4110-b2c4-5885c93bc3f8,3890424,996,1,00:32:54.013,32,54,30,Pass,68,872,Darmstadt 98,From Throw In,872,Darmstadt 98,40477.0,Jan Rosenthal,Center Attacking Midfield,112.5,62.4,93.1,41.1,4.100905,False,,,,,,Incomplete,False,28.810589,-2.3095453,High Pass,,8388.0,Jérôme Gondorf,False,False,left_to_right,False,112.5,62.4,93.1,41.1,False,False,False,True
482cf5c9-21e5-4960-95c1-75a29cf2bf15,3890424,997,1,00:32:58.114,32,58,42,Ball Receipt*,68,872,Darmstadt 98,From Throw In,872,Darmstadt 98,8388.0,Jérôme Gondorf,Left Defensive Midfield,95.6,37.2,,,,False,,,,,,,False,,,,,,,False,False,left_to_right,False,95.6,37.2,,,False,False,False,False
3f5eec1b-2120-4cdb-8a8a-03d639c5131f,3890424,998,1,00:32:58.114,32,58,2,Ball Recovery,69,181,Schalke 04,Regular Play,181,Schalke 04,3053.0,Leroy Sané,Right Wing,27.0,39.0,,,0.0,False,,,,,,,False,,,,,,,False,False,left_to_right,False,27.0,39.0,,,False,False,False,False
16b94b47-2c54-411a-8c40-23e0569e425a,3890424,999,1,00:32:58.114,32,58,43,Carry,69,181,Schalke 04,Regular Play,181,Schalke 04,3053.0,Leroy Sané,Right Wing,27.0,39.0,29.4,39.0,0.145592,True,,,,,,,False,,,,,,,False,False,left_to_right,False,27.0,39.0,29.4,39.0,False,False,False,False
29353044-d7bd-4169-a84f-563f711fd38f,3890424,1000,1,00:32:58.162,32,58,17,Pressure,69,181,Schalke 04,Regular Play,872,Darmstadt 98,9404.0,Luca Caldirola,Left Back,90.1,40.2,,,0.410652,False,,,,,,,False,,,,,,,False,False,left_to_right,False,90.1,40.2,,,False,False,False,False
e8136e0b-a9d5-4cde-ac93-6a5fc7109dc5,3890424,1001,1,00:32:58.260,32,58,30,Pass,69,181,Schalke 04,Regular Play,181,Schalke 04,3053.0,Leroy Sané,Right Wing,29.4,39.0,71.1,24.6,3.200752,True,,,,,,Incomplete,False,44.116325,-0.33250284,High Pass,,8060.0,Klaas-Jan Huntelaar,False,False,left_to_right,False,29.4,39.0,71.1,24.6,False,True,False,True
09d9709e-b6b7-4cd9-9f13-99a7439da7c3,3890424,1002,1,00:33:01.460,33,1,42,Ball Receipt*,69,181,Schalke 04,Regular Play,181,Schalke 04,8060.0,Klaas-Jan Huntelaar,Center Forward,68.3,24.6,,,,False,,,,,,,False,,,,,,,False,False,left_to_right,False,68.3,24.6,,,False,False,False,False
7b0b190b-c601-41f6-a9e2-7aa12e19bb7f,3890424,1003,1,00:33:01.460,33,1,30,Pass,69,181,Schalke 04,Regular Play,872,Darmstadt 98,35033.0,Slobodan Rajković,Left Center Back,49.0,55.5,74.7,78.6,2.063615,False,,,,,,Out,False,34.55575,0.7321698,High Pass,Recovery,,,False,False,left_to_right,False,49.0,55.5,74.7,78.6,False,False,False,True
3f9812ab-a54d-4c5e-b25d-641f31624bbd,3890424,1004,1,00:33:06.187,33,6,30,Pass,70,181,Schalke 04,From Throw In,181,Schalke 04,3499.0,Jean-Eric Maxim Choupo-Moting,Left Wing,52.0,0.1,65.9,9.0,0.823566,False,,,,,,,True,16.50515,0.5695173,Low Pass,Throw-in,8060.0,Klaas-Jan Huntelaar,False,False,left_to_right,False,52.0,0.1,65.9,9.0,False,False,False,False
a0d1ba34-4f1d-46d9-b21d-f1104a580502,3890424,1005,1,00:33:07.011,33,7,42,Ball Receipt*,70,181,Schalke 04,From Throw In,181,Schalke 04,8060.0,Klaas-Jan Huntelaar,Center Forward,65.9,9.0,,,,False,,,,,,,False,,,,,,,False,False,left_to_right,False,65.9,9.0,,,False,False,False,False
46030be7-3159-4ec2-bec9-2521f58a07c0,3890424,1006,1,00:33:07.011,33,7,30,Pass,70,181,Schalke 04,From Throw In,181,Schalke 04,8060.0,Klaas-Jan Huntelaar,Center Forward,65.3,8.5,62.3,0.1,0.889945,False,,,,,,Out,False,8.9196415,-1.9138203,Ground Pass,,3499.0,Jean-Eric Maxim Choupo-Moting,False,False,left_to_right,False,65.3,8.5,62.3,0.1,False,False,False,True
a0d3474c-2fe9-478f-99f0-d8925bd9f1da,3890424,1007,1,00:33:07.901,33,7,42,Ball Receipt*,70,181,Schalke 04,From Throw In,181,Schalke 04,3499.0,Jean-Eric Maxim Choupo-Moting,Left Wing,61.2,2.6,,,,False,,,,,,,False,,,,,,,False,False,left_to_right,False,61.2,2.6,,,False,False,False,False
de38e0f2-f947-4a9c-bcab-25699cf78fb1,3890424,1008,1,00:33:31.787,33,31,30,Pass,71,872,Darmstadt 98,From Throw In,872,Darmstadt 98,20522.0,György Garics,Right Back,60.3,80.0,75.9,71.6,1.474031,False,,,,,,,True,17.717787,-0.49394137,Low Pass,Throw-in,9723.0,Sandro Wagner,False,False,left_to_right,False,60.3,80.0,75.9,71.6,False,False,False,False
532de68e-be66-4fd2-bc6a-1545e03f3ea9,3890424,1009,1,00:33:32.981,33,32,17,Pressure,71,872,Darmstadt 98,From Throw In,181,Schalke 04,3499.0,Jean-Eric Maxim Choupo-Moting,Left Wing,42.8,9.0,,,0.947177,False,,,,,,,False,,,,,,,False,False,left_to_right,False,42.8,9.0,,,False,False,False,False
91765b9f-b027-40f5-aaf8-a0637319f71c,3890424,1010,1,00:33:33.261,33,33,42,Ball Receipt*,71,872,Darmstadt 98,From Throw In,872,Darmstadt 98,9723.0,Sandro Wagner,Center Forward,75.9,71.6,,,,True,,,,,,,False,,,,,,,False,False,left_to_right,False,75.9,71.6,,,False,False,False,False
862437ee-2e82-4692-bafb-b26cd3043fc9,3890424,1011,1,00:33:33.261,33,33,43,Carry,71,872,Darmstadt 98,From Throw In,872,Darmstadt 98,9723.0,Sandro Wagner,Center Forward,75.9,71.6,77.0,71.4,0.817044,True,,,,,,,False,,,,,,,False,False,left_to_right,False,75.9,71.6,77.0,71.4,False,False,False,False
ebb8073e-e5bc-4e2b-8a75-64d1065d3a5c,3890424,1012,1,00:33:34.078,33,34,38,Miscontrol,71,872,Darmstadt 98,From Throw In,872,Darmstadt 98,9723.0,Sandro Wagner,Center Forward,77.0,71.4,,,0.0,False,,,,,,,False,,,,,,,False,False,left_to_right,False,77.0,71.4,,,False,False,False,True
11e25787-818a-4e15-89c0-82311a8ac42d,3890424,1013,1,00:33:34.481,33,34,2,Ball Recovery,72,181,Schalke 04,Regular Play,181,Schalke 04,8508.0,Max Meyer,Center Attacking Midfield,45.6,10.9,,,0.0,False,,,,,,,False,,,,,,,False,False,left_to_right,False,45.6,10.9,,,False,False,False,False
a35d060d-6a2d-473d-9246-865b31642b4f,3890424,1014,1,00:33:34.481,33,34,43,Carry,72,181,Schalke 04,Regular Play,181,Schalke 04,8508.0,Max Meyer,Center Attacking Midfield,45.6,10.9,45.0,9.9,0.588819,False,,,,,,,False,,,,,,,False,False,left_to_right,False,45.6,10.9,45.0,9.9,False,False,False,False
2bd18088-0339-4e20-8a11-9917d846811d,3890424,1015,1,00:33:35.070,33,35,30,Pass,72,181,Schalke 04,Regular Play,181,Schalke 04,8508.0,Max Meyer,Center Attacking Midfield,45.0,9.9,63.6,14.3,0.951857,False,,,,,,,True,19.113346,0.23228899,Low Pass,,8060.0,Klaas-Jan Huntelaar,False,False,left_to_right,False,45.0,9.9,63.6,14.3,False,False,False,False
816dd833-cb2a-49b6-811e-ebb574a6c3c3,3890424,1016,1,00:33:35.959,33,35,17,Pressure,72,181,Schalke 04,Regular Play,872,Darmstadt 98,9217.0,Aytac Sulu,Right Center Back,55.7,65.8,,,0.26596,False,,,,,,,False,,,,,,,False,False,left_to_right,False,55.7,65.8,,,False,False,False,False
a500b4cf-3cc2-454b-bf3d-48bcdd0f7c33,3890424,1017,1,00:33:36.021,33,36,42,Ball Receipt*,72,181,Schalke 04,Regular Play,181,Schalke 04,8060.0,Klaas-Jan Huntelaar,Center Forward,63.6,14.3,,,,True,,,,,,,False,,,,,,,False,False,left_to_right,False,63.6,14.3,,,False,False,False,False
e24b57f2-9a02-460d-9a95-27f4cf034969,3890424,1018,1,00:33:36.021,33,36,43,Carry,72,181,Schalke 04,Regular Play,181,Schalke 04,8060.0,Klaas-Jan Huntelaar,Center Forward,63.6,14.3,63.6,13.7,0.04,True,,,,,,,False,,,,,,,False,False,left_to_right,False,63.6,14.3,63.6,13.7,False,False,False,False
d966189d-175f-454c-90f8-08a90e79138e,3890424,1019,1,00:33:36.061,33,36,38,Miscontrol,72,181,Schalke 04,Regular Play,181,Schalke 04,8060.0,Klaas-Jan Huntelaar,Center Forward,63.6,13.7,,,0.0,True,,,,,,,False,,,,,,,False,False,left_to_right,False,63.6,13.7,,,False,False,False,True
19ba01b7-c7a9-45b2-91b1-af72a685555b,3890424,1020,1,00:33:39.344,33,39,2,Ball Recovery,72,181,Schalke 04,Regular Play,181,Schalke 04,8060.0,Klaas-Jan Huntelaar,Center Forward,93.7,7.7,,,0.0,False,,,,,,,False,,,,,,,False,False,left_to_right,False,93.7,7.7,,,False,False,False,False
ce19b526-b107-43ea-9a8e-277b00d5d2d0,3890424,1021,1,00:33:39.344,33,39,43,Carry,72,181,Schalke 04,Regular Play,181,Schalke 04,8060.0,Klaas-Jan Huntelaar,Center Forward,93.7,7.7,95.9,6.6,0.937163,False,,,,,,,False,,,,,,,False,False,left_to_right,False,93.7,7.7,95.9,6.6,False,False,False,False
e4a04ac6-a64b-4e58-9f70-4c4020c16197,3890424,1022,1,00:33:40.282,33,40,38,Miscontrol,72,181,Schalke 04,Regular Play,181,Schalke 04,8060.0,Klaas-Jan Huntelaar,Center Forward,95.9,6.6,,,0.0,False,,,,,,,False,,,,,,,False,False,left_to_right,False,95.9,6.6,,,False,False,False,True
89e1951e-84fa-48ec-80f5-1f2b507fc9d8,3890424,1023,1,00:34:04.618,34,4,9,Clearance,72,181,Schalke 04,Regular Play,181,Schalke 04,3499.0,Jean-Eric Maxim Choupo-Moting,Left Wing,77.9,7.6,,,0.0,True,,,,,,,False,,,,,,,False,False,left_to_right,False,77.9,7.6,,,False,False,False,False
c29b1e0a-bc2b-4aae-92a9-d589c859371e,3890424,1024,1,00:34:21.195,34,21,30,Pass,73,872,Darmstadt 98,From Throw In,872,Darmstadt 98,20522.0,György Garics,Right Back,57.8,80.0,71.2,68.6,1.241806,False,,,,,,,True,17.59318,-0.70492715,High Pass,Throw-in,9723.0,Sandro Wagner,False,False,left_to_right,False,57.8,80.0,71.2,68.6,False,False,False,False
f429a379-0efd-4cbc-820c-6dac842a3927,3890424,1025,1,00:34:22.437,34,22,42,Ball Receipt*,73,872,Darmstadt 98,From Throw In,872,Darmstadt 98,9723.0,Sandro Wagner,Center Forward,71.2,68.6,,,,False,,,,,,,False,,,,,,,False,False,left_to_right,False,71.2,68.6,,,False,False,False,False
b0edfb3b-d788-42e7-b589-5d834767b2a4,3890424,1026,1,00:34:22.437,34,22,30,Pass,73,872,Darmstadt 98,From Throw In,872,Darmstadt 98,9723.0,Sandro Wagner,Center Forward,71.4,68.6,55.6,67.2,1.859245,False,,,,,,,True,15.861904,-3.053216,High Pass,,20522.0,György Garics,False,False,left_to_right,False,71.4,68.6,55.6,67.2,False,False,False,False
40523620-e66c-4118-bcfd-3eef2b2bc380,3890424,1027,1,00:34:24.297,34,24,42,Ball Receipt*,73,872,Darmstadt 98,From Throw In,872,Darmstadt 98,20522.0,György Garics,Right Back,55.6,67.2,,,,False,,,,,,,False,,,,,,,False,False,left_to_right,False,55.6,67.2,,,False,False,False,False
f26ce36f-e8e8-4931-9090-b8f4c31e56ba,3890424,1028,1,00:34:24.297,34,24,30,Pass,73,872,Darmstadt 98,From Throw In,872,Darmstadt 98,20522.0,György Garics,Right Back,55.4,67.2,68.7,65.0,0.985421,False,,,,,,,True,13.480727,-0.16392916,High Pass,,9723.0,Sandro Wagner,False,False,left_to_right,False,55.4,67.2,68.7,65.0,False,False,False,False
d8a8f578-7ea5-4f39-8543-1ccb6ac2807f,3890424,1029,1,00:34:24.758,34,24,17,Pressure,73,872,Darmstadt 98,From Throw In,181,Schalke 04,6324.0,Leon Goretzka,Left Defensive Midfield,51.4,14.9,,,0.684201,False,,,,,,,False,,,,,,,False,False,left_to_right,False,51.4,14.9,,,False,False,False,False
9624b471-f58c-4b07-8039-64190d696239,3890424,1030,1,00:34:25.282,34,25,42,Ball Receipt*,73,872,Darmstadt 98,From Throw In,872,Darmstadt 98,9723.0,Sandro Wagner,Center Forward,68.7,65.0,,,,True,,,,,,,False,,,,,,,False,False,left_to_right,False,68.7,65.0,,,False,False,False,False
60955d8e-d965-40bf-aeee-4c8cabe1d1a4,3890424,1031,1,00:34:25.282,34,25,43,Carry,73,872,Darmstadt 98,From Throw In,872,Darmstadt 98,9723.0,Sandro Wagner,Center Forward,68.7,65.0,63.6,59.7,0.761129,True,,,,,,,False,,,,,,,False,False,left_to_right,False,68.7,65.0,63.6,59.7,False,False,False,False
11b9a3db-b88b-41e1-8999-970334123ee3,3890424,1032,1,00:34:26.043,34,26,30,Pass,73,872,Darmstadt 98,From Throw In,872,Darmstadt 98,9723.0,Sandro Wagner,Center Forward,63.6,59.7,82.6,11.6,5.955502,False,,,,,,Incomplete,False,51.716633,-1.1945987,High Pass,,11134.0,Konstantin Rausch,False,False,left_to_right,False,63.6,59.7,82.6,11.6,False,False,True,True
0cf6c251-5fea-4cad-97cd-d60592f1a2e8,3890424,1033,1,00:34:31.223,34,31,17,Pressure,73,872,Darmstadt 98,From Throw In,872,Darmstadt 98,11134.0,Konstantin Rausch,Left Midfield,79.8,11.0,,,0.817031,False,,,,,,,False,,,,,,,False,False,left_to_right,False,79.8,11.0,,,False,False,False,False
da98bb32-c71a-434c-a031-1c032aa64b04,3890424,1034,1,00:34:31.999,34,31,42,Ball Receipt*,73,872,Darmstadt 98,From Throw In,872,Darmstadt 98,11134.0,Konstantin Rausch,Left Midfield,80.3,12.0,,,,False,,,,,,,False,,,,,,,False,False,left_to_right,False,80.3,12.0,,,False,False,False,False
239335cd-17a3-40e8-ab80-1f67cfc7f4f2,3890424,1035,1,00:34:31.999,34,31,9,Clearance,73,872,Darmstadt 98,From Throw In,181,Schalke 04,30312.0,Uilson de Souza Paula Júnior,Right Back,37.5,68.5,,,0.0,True,,,,,,,False,,,,,,,False,False,left_to_right,False,37.5,68.5,,,False,False,False,False
0f680998-e9be-4dcf-8e96-f4f5ca3fd78e,3890424,1036,1,00:34:32.101,34,32,6,Block,73,872,Darmstadt 98,From Throw In,872,Darmstadt 98,11134.0,Konstantin Rausch,Left Midfield,81.2,9.7,,,0.0,False,,,,,,,False,,,,,,,False,False,left_to_right,False,81.2,9.7,,,False,False,False,False
d6f9f597-ae14-4d6e-b8ff-0da3bd284f89,3890424,1037,1,00:34:40.682,34,40,30,Pass,74,872,Darmstadt 98,From Throw In,872,Darmstadt 98,9404.0,Luca Caldirola,Left Back,98.6,0.1,116.4,6.1,2.209764,False,,,,,,,True,18.784037,0.32511756,Low Pass,Throw-in,40477.0,Jan Rosenthal,False,False,left_to_right,False,98.6,0.1,116.4,6.1,False,False,False,False
1b035094-8c1a-4f75-b4d4-902a626ff734,3890424,1038,1,00:34:42.863,34,42,17,Pressure,74,872,Darmstadt 98,From Throw In,181,Schalke 04,30312.0,Uilson de Souza Paula Júnior,Right Back,3.1,72.9,,,2.384152,False,,,,,,,False,,,,,,,False,False,left_to_right,False,3.1,72.9,,,False,False,False,False
c809dec3-7c26-405d-89be-02205de1bbf2,3890424,1039,1,00:34:42.891,34,42,42,Ball Receipt*,74,872,Darmstadt 98,From Throw In,872,Darmstadt 98,40477.0,Jan Rosenthal,Center Attacking Midfield,116.4,6.1,,,,True,,,,,,,False,,,,,,,False,False,left_to_right,False,116.4,6.1,,,False,False,False,False
3018034e-4a36-463e-855b-e33d916cfdcc,3890424,1040,1,00:34:42.891,34,42,43,Carry,74,872,Darmstadt 98,From Throw In,872,Darmstadt 98,40477.0,Jan Rosenthal,Center Attacking Midfield,116.4,6.1,117.2,5.2,1.587153,True,,,,,,,False,,,,,,,False,False,left_to_right,False,116.4,6.1,117.2,5.2,False,False,False,False
7752b204-14c6-4c9c-8ff2-5c42c73abb70,3890424,1041,1,00:34:44.479,34,44,30,Pass,74,872,Darmstadt 98,From Throw In,872,Darmstadt 98,40477.0,Jan Rosenthal,Center Attacking Midfield,117.2,5.2,112.5,10.3,0.896315,True,,,,,,,True,6.935416,2.3154008,Ground Pass,,9404.0,Luca Caldirola,False,False,left_to_right,False,117.2,5.2,112.5,10.3,False,False,False,False
5f396cb1-e4f4-4933-a31b-550263207139,3890424,1042,1,00:34:45.375,34,45,42,Ball Receipt*,74,872,Darmstadt 98,From Throw In,872,Darmstadt 98,9404.0,Luca Caldirola,Left Back,112.5,10.3,,,,False,,,,,,,False,,,,,,,False,False,left_to_right,False,112.5,10.3,,,False,False,False,False
a09761e8-d403-439a-96a2-b225fd482afb,3890424,1043,1,00:34:45.375,34,45,43,Carry,74,872,Darmstadt 98,From Throw In,872,Darmstadt 98,9404.0,Luca Caldirola,Left Back,112.5,10.3,115.3,13.6,0.55015403,True,,,,,,,False,,,,,,,False,False,left_to_right,False,112.5,10.3,115.3,13.6,False,False,False,False
d5b293a7-799b-4c16-8bc4-b145e9ba0b2b,3890424,1044,1,00:34:45.621,34,45,17,Pressure,74,872,Darmstadt 98,From Throw In,181,Schalke 04,30312.0,Uilson de Souza Paula Júnior,Right Back,5.6,66.3,,,0.622574,False,,,,,,,False,,,,,,,False,False,left_to_right,False,5.6,66.3,,,False,False,False,False
c3621e1f-1a25-4fba-9eea-e7fe5d9b6ed4,3890424,1045,1,00:34:45.925,34,45,38,Miscontrol,74,872,Darmstadt 98,From Throw In,872,Darmstadt 98,9404.0,Luca Caldirola,Left Back,115.3,13.6,,,0.0,True,,,,,,,False,,,,,,,False,False,left_to_right,False,115.3,13.6,,,False,False,False,True
df55ae20-4f38-4a82-b8f8-c1cdf4dbe025,3890424,1046,1,00:34:47.336,34,47,2,Ball Recovery,74,872,Darmstadt 98,From Throw In,181,Schalke 04,3502.0,Joël Andre Job Matip,Right Center Back,2.5,62.0,,,0.0,False,,,,,,,False,,,,,,,False,False,left_to_right,False,2.5,62.0,,,False,False,False,False
ef93db27-621f-4703-bdc2-0552eab6c782,3890424,1047,1,00:34:50.953,34,50,30,Pass,74,872,Darmstadt 98,From Throw In,181,Schalke 04,3502.0,Joël Andre Job Matip,Right Center Back,14.8,60.9,62.9,80.0,4.45095,False,,,,,,Out,False,51.753452,0.37799472,High Pass,,8060.0,Klaas-Jan Huntelaar,False,False,left_to_right,False,14.8,60.9,62.9,80.0,False,True,False,True
4f3d708e-f02c-4741-bf2d-4b616c5c4fe8,3890424,1048,1,00:34:52.414,34,52,17,Pressure,74,872,Darmstadt 98,From Throw In,872,Darmstadt 98,35033.0,Slobodan Rajković,Left Center Back,64.8,1.9,,,0.471397,False,,,,,,,False,,,,,,,False,False,left_to_right,False,64.8,1.9,,,False,False,False,False
4e23a4db-b06a-48d1-961d-b6e3d35c63c8,3890424,1049,1,00:34:55.404,34,55,42,Ball Receipt*,74,872,Darmstadt 98,From Throw In,181,Schalke 04,8060.0,Klaas-Jan Huntelaar,Center Forward,57.9,78.2,,,,False,,,,,,,False,,,,,,,False,False,left_to_right,False,57.9,78.2,,,False,False,False,False
3166641b-18c2-42a5-b4eb-75d939ee7195,3890424,1050,1,00:35:19.474,35,19,30,Pass,75,872,Darmstadt 98,From Throw In,872,Darmstadt 98,9404.0,Luca Caldirola,Left Back,64.0,0.1,83.1,4.9,1.389641,False,,,,,,,True,19.693907,0.24621019,High Pass,Throw-in,40477.0,Jan Rosenthal,False,False,left_to_right,False,64.0,0.1,83.1,4.9,False,True,True,False
8a9c6628-e19a-4f09-ab8e-191cc88cbced,3890424,1051,1,00:35:20.863,35,20,42,Ball Receipt*,75,872,Darmstadt 98,From Throw In,872,Darmstadt 98,40477.0,Jan Rosenthal,Center Attacking Midfield,83.1,4.9,,,,False,,,,,,,False,,,,,,,False,False,left_to_right,False,83.1,4.9,,,False,False,False,False
83ec419c-1a68-4ea6-9b2a-2bab6cd48437,3890424,1052,1,00:35:20.863,35,20,30,Pass,75,872,Darmstadt 98,From Throw In,872,Darmstadt 98,40477.0,Jan Rosenthal,Center Attacking Midfield,79.8,4.4,90.3,7.8,0.851977,False,,,,,,Incomplete,False,11.0367565,0.3131548,Low Pass,,11134.0,Konstantin Rausch,False,False,left_to_right,False,79.8,4.4,90.3,7.8,False,False,True,True
8486548c-0d10-4e37-9e7c-c049e265707f,3890424,1053,1,00:35:21.715,35,21,42,Ball Receipt*,75,872,Darmstadt 98,From Throw In,872,Darmstadt 98,11134.0,Konstantin Rausch,Left Midfield,90.4,4.4,,,,False,,,,,,,False,,,,,,,False,False,left_to_right,False,90.4,4.4,,,False,False,False,False
811928dd-9cd6-4288-9098-fb610c0f8a5c,3890424,1054,1,00:35:21.715,35,21,9,Clearance,75,872,Darmstadt 98,From Throw In,181,Schalke 04,30312.0,Uilson de Souza Paula Júnior,Right Back,29.8,72.3,,,0.0,True,,,,,,,False,,,,,,,False,False,left_to_right,False,29.8,72.3,,,False,False,False,False
28c2c0c1-55c8-464f-b8aa-c0d326b4158d,3890424,1055,1,00:35:23.666,35,23,4,Duel,75,872,Darmstadt 98,From Throw In,181,Schalke 04,8508.0,Max Meyer,Center Attacking Midfield,49.2,62.1,,,0.0,True,,,,,,,False,,,,,,,False,False,left_to_right,False,49.2,62.1,,,False,False,False,False
7b9eb513-1a69-4432-9aac-e148fecbf8d3,3890424,1056,1,00:35:23.666,35,23,30,Pass,75,872,Darmstadt 98,From Throw In,872,Darmstadt 98,40467.0,Peter Niemeyer,Right Defensive Midfield,70.9,18.0,82.0,8.1,1.711935,True,,,,,,,True,14.8734665,-0.7283174,High Pass,Recovery,11134.0,Konstantin Rausch,False,False,left_to_right,False,70.9,18.0,82.0,8.1,False,False,True,False
455bcfb5-9885-439c-b054-57ebf10abdd2,3890424,1057,1,00:35:25.378,35,25,42,Ball Receipt*,75,872,Darmstadt 98,From Throw In,872,Darmstadt 98,11134.0,Konstantin Rausch,Left Midfield,82.0,8.1,,,,False,,,,,,,False,,,,,,,False,False,left_to_right,False,82.0,8.1,,,False,False,False,False
1fc1e679-fbb8-4fcd-999a-5f67d7c213ab,3890424,1058,1,00:35:25.378,35,25,4,Duel,75,872,Darmstadt 98,From Throw In,181,Schalke 04,30312.0,Uilson de Souza Paula Júnior,Right Back,38.1,71.3,,,0.0,True,,,,,,,False,,,,,,,False,False,left_to_right,False,38.1,71.3,,,False,False,False,False
b489e6f2-b799-42d4-912b-84317c110c88,3890424,1059,1,00:35:25.378,35,25,30,Pass,75,872,Darmstadt 98,From Throw In,872,Darmstadt 98,11134.0,Konstantin Rausch,Left Midfield,82.0,8.8,94.3,9.7,1.505013,True,,,,,,Incomplete,False,12.332883,0.07304057,Low Pass,,9723.0,Sandro Wagner,False,False,left_to_right,False,82.0,8.8,94.3,9.7,False,False,False,True
101b95b7-d4cb-4f78-87fd-deabb5faa946,3890424,1060,1,00:35:26.883,35,26,42,Ball Receipt*,75,872,Darmstadt 98,From Throw In,872,Darmstadt 98,9723.0,Sandro Wagner,Center Forward,92.8,11.4,,,,False,,,,,,,False,,,,,,,False,False,left_to_right,False,92.8,11.4,,,False,False,False,False
a501d29b-4584-4bef-af71-ae9c89b75ea0,3890424,1061,1,00:35:26.883,35,26,9,Clearance,75,872,Darmstadt 98,From Throw In,181,Schalke 04,3502.0,Joël Andre Job Matip,Right Center Back,25.8,70.4,,,0.0,True,,,,,,,False,,,,,,,False,False,left_to_right,False,25.8,70.4,,,False,False,False,False
9467d910-2988-4d41-ae2b-78e085534663,3890424,1062,1,00:35:28.518,35,28,2,Ball Recovery,75,872,Darmstadt 98,From Throw In,872,Darmstadt 98,40467.0,Peter Niemeyer,Right Defensive Midfield,66.8,12.0,,,0.0,False,,,,,,,False,,,,,,,False,False,left_to_right,False,66.8,12.0,,,False,False,False,False
c05e8a1d-b2de-4032-8dcb-d519aa6ac3ac,3890424,1063,1,00:35:28.518,35,28,43,Carry,75,872,Darmstadt 98,From Throw In,872,Darmstadt 98,40467.0,Peter Niemeyer,Right Defensive Midfield,66.8,12.0,69.3,11.6,0.839013,True,,,,,,,False,,,,,,,False,False,left_to_right,False,66.8,12.0,69.3,11.6,False,False,False,False
03ee9918-47f9-4df5-89f7-b7bad903f085,3890424,1064,1,00:35:29.224,35,29,17,Pressure,75,872,Darmstadt 98,From Throw In,181,Schalke 04,8060.0,Klaas-Jan Huntelaar,Center Forward,54.0,68.1,,,0.450484,False,,,,,,,False,,,,,,,False,False,left_to_right,False,54.0,68.1,,,False,False,False,False
5b6a2784-7b14-4549-91ef-f4cbdfb26c99,3890424,1065,1,00:35:29.357,35,29,30,Pass,75,872,Darmstadt 98,From Throw In,872,Darmstadt 98,40467.0,Peter Niemeyer,Right Defensive Midfield,69.3,11.6,78.4,3.9,1.113325,True,,,,,,,True,11.92057,-0.7022569,Ground Pass,,9404.0,Luca Caldirola,False,False,left_to_right,False,69.3,11.6,78.4,3.9,False,False,False,False
3f5da202-5c83-48fa-a9ef-84226d1e4b3a,3890424,1066,1,00:35:30.471,35,30,42,Ball Receipt*,75,872,Darmstadt 98,From Throw In,872,Darmstadt 98,9404.0,Luca Caldirola,Left Back,78.4,3.9,,,,False,,,,,,,False,,,,,,,False,False,left_to_right,False,78.4,3.9,,,False,False,False,False
583e6bb5-9e5f-4bf1-9ddf-160cccb9a1a5,3890424,1067,1,00:35:30.471,35,30,43,Carry,75,872,Darmstadt 98,From Throw In,872,Darmstadt 98,9404.0,Luca Caldirola,Left Back,78.4,3.9,79.7,2.2,0.415533,True,,,,,,,False,,,,,,,False,False,left_to_right,False,78.4,3.9,79.7,2.2,False,False,False,False
f6be72ec-66ad-4832-9ca7-23e5be480a49,3890424,1068,1,00:35:30.600,35,30,17,Pressure,75,872,Darmstadt 98,From Throw In,181,Schalke 04,3053.0,Leroy Sané,Right Wing,42.0,75.2,,,0.608686,False,,,,,,,False,,,,,,,False,False,left_to_right,False,42.0,75.2,,,False,False,False,False
5bb6a203-6817-44d5-9c2e-2c4f9941ab82,3890424,1069,1,00:35:30.886,35,30,30,Pass,75,872,Darmstadt 98,From Throw In,872,Darmstadt 98,9404.0,Luca Caldirola,Left Back,79.7,2.2,88.4,3.6,1.302251,True,,,,,,,True,8.811924,0.15955172,Ground Pass,,11134.0,Konstantin Rausch,False,False,left_to_right,False,79.7,2.2,88.4,3.6,False,False,True,False
3c28f21b-1cc7-4afb-a475-5cfc5ca4a9e6,3890424,1070,1,00:35:32.188,35,32,42,Ball Receipt*,75,872,Darmstadt 98,From Throw In,872,Darmstadt 98,11134.0,Konstantin Rausch,Left Midfield,88.4,3.6,,,,False,,,,,,,False,,,,,,,False,False,left_to_right,False,88.4,3.6,,,False,False,False,False
53ce1e95-40a4-4db4-9c3f-337448882189,3890424,1071,1,00:35:32.188,35,32,43,Carry,75,872,Darmstadt 98,From Throw In,872,Darmstadt 98,11134.0,Konstantin Rausch,Left Midfield,88.4,3.6,85.1,2.5,3.475794,True,,,,,,,False,,,,,,,False,False,left_to_right,False,88.4,3.6,85.1,2.5,False,False,False,False
30014e9a-ff39-4cd8-a1fa-c79ac27af0bf,3890424,1072,1,00:35:33.238,35,33,17,Pressure,75,872,Darmstadt 98,From Throw In,181,Schalke 04,3053.0,Leroy Sané,Right Wing,31.7,76.5,,,1.72213,False,,,,,,,False,,,,,,,False,False,left_to_right,False,31.7,76.5,,,False,False,False,False
6eb2f43c-81d8-4694-8ffa-4e645664beb5,3890424,1073,1,00:35:34.872,35,34,17,Pressure,75,872,Darmstadt 98,From Throw In,181,Schalke 04,30312.0,Uilson de Souza Paula Júnior,Right Back,33.6,77.7,,,0.299564,False,,,,,,,False,,,,,,,False,False,left_to_right,False,33.6,77.7,,,False,False,False,False
7cb849d7-fd76-43c0-a829-20b64c761746,3890424,1074,1,00:35:35.664,35,35,22,Foul Committed,75,872,Darmstadt 98,From Throw In,181,Schalke 04,30312.0,Uilson de Souza Paula Júnior,Right Back,35.0,77.6,,,0.0,False,,,,,,,False,,,,,,,False,False,left_to_right,False,35.0,77.6,,,False,False,False,False
ac419f06-2389-43d7-8163-342fc9b49e85,3890424,1075,1,00:35:35.664,35,35,21,Foul Won,75,872,Darmstadt 98,From Throw In,872,Darmstadt 98,11134.0,Konstantin Rausch,Left Midfield,85.1,2.5,,,0.0,True,,,,,,,False,,,,,,,False,False,left_to_right,False,85.1,2.5,,,False,False,False,False
0ee14d37-a795-4b4f-a1a1-fe91e2207ef7,3890424,1076,1,00:36:30.071,36,30,30,Pass,76,872,Darmstadt 98,From Free Kick,872,Darmstadt 98,8388.0,Jérôme Gondorf,Left Defensive Midfield,95.7,5.2,109.0,28.3,1.079103,False,,,,,,Incomplete,False,26.655207,1.0483929,High Pass,Free Kick,9404.0,Luca Caldirola,False,False,left_to_right,False,95.7,5.2,109.0,28.3,False,True,False,True
8e16d632-ab30-437b-be47-3a0990ba5c88,3890424,1077,1,00:36:31.150,36,31,42,Ball Receipt*,76,872,Darmstadt 98,From Free Kick,872,Darmstadt 98,9404.0,Luca Caldirola,Left Back,110.6,30.5,,,,False,,,,,,,False,,,,,,,False,False,left_to_right,False,110.6,30.5,,,False,False,False,False
95065063-de26-491c-98e2-20dabcde1602,3890424,1078,1,00:36:31.150,36,31,9,Clearance,76,872,Darmstadt 98,From Free Kick,181,Schalke 04,30312.0,Uilson de Souza Paula Júnior,Right Back,11.1,51.8,,,0.0,True,,,,,,,False,,,,,,,False,False,left_to_right,False,11.1,51.8,,,False,False,False,False
6b0165b8-2e6f-4aaa-bc70-e39be98b3b6c,3890424,1079,1,00:36:34.181,36,34,30,Pass,76,872,Darmstadt 98,From Free Kick,181,Schalke 04,8508.0,Max Meyer,Center Attacking Midfield,6.2,72.6,11.4,72.4,0.416766,False,,,,,,Incomplete,False,5.2038445,-0.03844259,Ground Pass,Recovery,30312.0,Uilson de Souza Paula Júnior,False,False,left_to_right,False,6.2,72.6,11.4,72.4,False,False,False,True
5337da41-a673-4ef3-a6a0-ae7863164673,3890424,1080,1,00:36:34.213,36,34,17,Pressure,76,872,Darmstadt 98,From Free Kick,872,Darmstadt 98,8388.0,Jérôme Gondorf,Left Defensive Midfield,109.0,5.6,,,0.38558,False,,,,,,,False,,,,,,,False,False,left_to_right,False,109.0,5.6,,,False,False,False,False
fc223f2f-5370-428f-9ad9-f6f616a2c50d,3890424,1081,1,00:36:34.598,36,34,42,Ball Receipt*,76,872,Darmstadt 98,From Free Kick,181,Schalke 04,30312.0,Uilson de Souza Paula Júnior,Right Back,20.8,67.7,,,,True,,,,,,,False,,,,,,,False,False,left_to_right,False,20.8,67.7,,,False,False,False,False
24f94f18-8ec3-423a-8ea1-88726dd4d744,3890424,1082,1,00:36:34.598,36,34,6,Block,76,872,Darmstadt 98,From Free Kick,872,Darmstadt 98,8388.0,Jérôme Gondorf,Left Defensive Midfield,108.7,7.7,,,0.0,False,,,,,,,False,,,,,,,False,False,left_to_right,False,108.7,7.7,,,False,False,False,False
7d229db0-ce6a-4f26-8be9-341b9b83fd24,3890424,1083,1,00:37:04.207,37,4,30,Pass,77,181,Schalke 04,From Goal Kick,181,Schalke 04,8517.0,Ralf Fährmann,Goalkeeper,7.0,44.1,68.6,49.8,2.556909,False,,,,,,Incomplete,False,61.863155,0.09226972,High Pass,Goal Kick,8060.0,Klaas-Jan Huntelaar,False,False,left_to_right,False,7.0,44.1,68.6,49.8,False,True,False,True
a73e935c-f324-4dc6-9aa6-c3979ddfe688,3890424,1084,1,00:37:06.764,37,6,42,Ball Receipt*,77,181,Schalke 04,From Goal Kick,181,Schalke 04,8060.0,Klaas-Jan Huntelaar,Center Forward,66.4,50.4,,,,False,,,,,,,False,,,,,,,False,False,left_to_right,False,66.4,50.4,,,False,False,False,False
6bae6054-56db-427e-81d6-9d084fc92ac7,3890424,1085,1,00:37:06.764,37,6,4,Duel,77,181,Schalke 04,From Goal Kick,181,Schalke 04,8060.0,Klaas-Jan Huntelaar,Center Forward,68.6,49.8,,,0.0,True,,,,,,,False,,,,,,,False,False,left_to_right,False,68.6,49.8,,,False,False,False,False
f922d322-df75-4c3c-9463-2d478e878490,3890424,1086,1,00:37:06.764,37,6,9,Clearance,77,181,Schalke 04,From Goal Kick,872,Darmstadt 98,35033.0,Slobodan Rajković,Left Center Back,51.5,30.3,,,0.0,True,,,,,,,False,,,,,,,False,False,left_to_right,False,51.5,30.3,,,False,False,False,False
3951dc7a-f5d9-4f73-ae1c-2bcdb1ac2ea8,3890424,1087,1,00:37:08.850,37,8,30,Pass,78,872,Darmstadt 98,Regular Play,872,Darmstadt 98,9217.0,Aytac Sulu,Right Center Back,40.7,39.1,56.2,33.1,1.962939,False,,,,,,,True,16.62077,-0.36933365,High Pass,Recovery,8388.0,Jérôme Gondorf,False,False,left_to_right,False,40.7,39.1,56.2,33.1,False,False,False,False
e96db838-042e-4563-8f6e-e76a6f5695dd,3890424,1088,1,00:37:10.813,37,10,42,Ball Receipt*,78,872,Darmstadt 98,Regular Play,872,Darmstadt 98,8388.0,Jérôme Gondorf,Left Defensive Midfield,56.2,33.1,,,,False,,,,,,,False,,,,,,,False,False,left_to_right,False,56.2,33.1,,,False,False,False,False
d671d80d-b73f-4fba-a520-8033aa5a837c,3890424,1089,1,00:37:10.813,37,10,4,Duel,78,872,Darmstadt 98,Regular Play,181,Schalke 04,6717.0,Johannes Geis,Right Defensive Midfield,63.7,47.1,,,0.0,True,,,,,,,False,,,,,,,False,False,left_to_right,False,63.7,47.1,,,False,False,False,False
f8b86d3b-3adc-449e-bfbe-b58b1ebcb4bb,3890424,1090,1,00:37:10.813,37,10,30,Pass,78,872,Darmstadt 98,Regular Play,872,Darmstadt 98,8388.0,Jérôme Gondorf,Left Defensive Midfield,56.4,33.0,65.6,25.2,1.432916,True,,,,,,,True,12.061509,-0.7032306,Low Pass,,40477.0,Jan Rosenthal,False,False,left_to_right,False,56.4,33.0,65.6,25.2,False,False,False,False
289b7d6e-3808-4dc6-b70e-0a214b5e5cd1,3890424,1091,1,00:37:12.245,37,12,42,Ball Receipt*,78,872,Darmstadt 98,Regular Play,872,Darmstadt 98,40477.0,Jan Rosenthal,Center Attacking Midfield,65.6,25.2,,,,False,,,,,,,False,,,,,,,False,False,left_to_right,False,65.6,25.2,,,False,False,False,False
a687eef1-7810-4c66-b1e9-b4f06471047d,3890424,1092,1,00:37:12.245,37,12,30,Pass,78,872,Darmstadt 98,Regular Play,872,Darmstadt 98,40477.0,Jan Rosenthal,Center Attacking Midfield,66.1,23.8,57.5,8.8,1.781529,False,,,,,,,True,17.29046,-2.0913773,Low Pass,,11134.0,Konstantin Rausch,False,False,left_to_right,False,66.1,23.8,57.5,8.8,False,False,False,False
c3e957bb-bc56-4188-af99-d9a0cedfd1e3,3890424,1093,1,00:37:14.027,37,14,42,Ball Receipt*,78,872,Darmstadt 98,Regular Play,872,Darmstadt 98,11134.0,Konstantin Rausch,Left Midfield,57.5,8.8,,,,False,,,,,,,False,,,,,,,False,False,left_to_right,False,57.5,8.8,,,False,False,False,False
37ebb087-0275-45ec-9006-8cea4ee437cd,3890424,1094,1,00:37:14.027,37,14,43,Carry,78,872,Darmstadt 98,Regular Play,872,Darmstadt 98,11134.0,Konstantin Rausch,Left Midfield,57.5,8.8,63.7,8.8,4.175445,True,,,,,,,False,,,,,,,False,False,left_to_right,False,57.5,8.8,63.7,8.8,False,False,False,False
e8c911ed-84c0-4758-adc9-05b93de321ab,3890424,1095,1,00:37:16.276,37,16,17,Pressure,78,872,Darmstadt 98,Regular Play,181,Schalke 04,3053.0,Leroy Sané,Right Wing,52.5,71.3,,,1.150124,False,,,,,,,False,,,,,,,False,False,left_to_right,False,52.5,71.3,,,False,False,False,False
ac8d7071-a3e4-42ef-892d-d143cfa17642,3890424,1096,1,00:37:18.202,37,18,30,Pass,78,872,Darmstadt 98,Regular Play,872,Darmstadt 98,11134.0,Konstantin Rausch,Left Midfield,63.7,8.8,48.4,11.4,1.553242,False,,,,,,,True,15.519342,2.9732661,Ground Pass,,9404.0,Luca Caldirola,False,False,left_to_right,False,63.7,8.8,48.4,11.4,False,False,False,False
58d32550-0965-4333-931e-8bfaee8d670a,3890424,1097,1,00:37:19.756,37,19,42,Ball Receipt*,78,872,Darmstadt 98,Regular Play,872,Darmstadt 98,9404.0,Luca Caldirola,Left Back,48.4,11.4,,,,False,,,,,,,False,,,,,,,False,False,left_to_right,False,48.4,11.4,,,False,False,False,False
ce81dca3-726c-458d-93e7-924afde3a856,3890424,1098,1,00:37:19.756,37,19,43,Carry,78,872,Darmstadt 98,Regular Play,872,Darmstadt 98,9404.0,Luca Caldirola,Left Back,48.4,11.4,47.8,10.8,3.574251,True,,,,,,,False,,,,,,,False,False,left_to_right,False,48.4,11.4,47.8,10.8,False,False,False,False
0560d89a-2a07-462c-a140-aa8fb3249746,3890424,1099,1,00:37:23.107,37,23,17,Pressure,78,872,Darmstadt 98,Regular Play,181,Schalke 04,8060.0,Klaas-Jan Huntelaar,Center Forward,71.1,67.1,,,0.618397,False,,,,,,,False,,,,,,,False,False,left_to_right,False,71.1,67.1,,,False,False,False,False
cc38990b-eb42-440e-8f7b-2b2f1a1b9919,3890424,1100,1,00:37:23.330,37,23,30,Pass,78,872,Darmstadt 98,Regular Play,872,Darmstadt 98,9404.0,Luca Caldirola,Left Back,47.8,10.8,68.6,4.5,1.321647,True,,,,,,,True,21.733154,-0.29410112,Ground Pass,,11134.0,Konstantin Rausch,False,False,left_to_right,False,47.8,10.8,68.6,4.5,False,False,False,False
3c7d31ce-eca5-4ecf-9228-91f28a2c60b6,3890424,1101,1,00:37:24.652,37,24,42,Ball Receipt*,78,872,Darmstadt 98,Regular Play,872,Darmstadt 98,11134.0,Konstantin Rausch,Left Midfield,68.6,4.5,,,,False,,,,,,,False,,,,,,,False,False,left_to_right,False,68.6,4.5,,,False,False,False,False
553da306-4e44-409c-a59b-523a1ef9e6f8,3890424,1102,1,00:37:24.652,37,24,43,Carry,78,872,Darmstadt 98,Regular Play,872,Darmstadt 98,11134.0,Konstantin Rausch,Left Midfield,68.6,4.5,84.5,4.9,2.515351,False,,,,,,,False,,,,,,,False,False,left_to_right,False,68.6,4.5,84.5,4.9,False,False,False,False
1cad41b1-0310-4021-9b89-aca97725ab07,3890424,1103,1,00:37:27.167,37,27,30,Pass,78,872,Darmstadt 98,Regular Play,872,Darmstadt 98,11134.0,Konstantin Rausch,Left Midfield,84.5,4.9,120.0,26.7,2.303812,False,,,,,,Out,False,41.659214,0.55071145,High Pass,,9723.0,Sandro Wagner,False,False,left_to_right,False,84.5,4.9,120.0,26.7,False,True,False,True
5f5b12df-19fb-458a-9931-e5fe7b687d1f,3890424,1104,1,00:37:29.471,37,29,42,Ball Receipt*,78,872,Darmstadt 98,Regular Play,872,Darmstadt 98,9723.0,Sandro Wagner,Center Forward,112.5,37.0,,,,False,,,,,,,False,,,,,,,False,False,left_to_right,False,112.5,37.0,,,False,False,False,False
a07b3254-fa37-496e-a81c-0bb63afae237,3890424,1105,1,00:37:52.931,37,52,30,Pass,79,181,Schalke 04,From Goal Kick,181,Schalke 04,8517.0,Ralf Fährmann,Goalkeeper,7.0,44.1,42.9,45.7,1.008604,False,,,,,,Incomplete,False,35.93564,0.04453877,High Pass,Goal Kick,6324.0,Leon Goretzka,False,False,left_to_right,False,7.0,44.1,42.9,45.7,False,True,False,True
f104ff91-7a73-419d-bb8d-44eaa75fbd78,3890424,1106,1,00:37:53.939,37,53,42,Ball Receipt*,79,181,Schalke 04,From Goal Kick,181,Schalke 04,6324.0,Leon Goretzka,Left Defensive Midfield,38.7,45.6,,,,False,,,,,,,False,,,,,,,False,False,left_to_right,False,38.7,45.6,,,False,False,False,False
f63c5fd8-4651-4002-ab66-b2d535b95742,3890424,1107,1,00:37:53.939,37,53,30,Pass,80,872,Darmstadt 98,Regular Play,872,Darmstadt 98,40467.0,Peter Niemeyer,Right Defensive Midfield,77.2,34.4,84.5,26.7,1.530189,False,,,,,,,True,10.610373,-0.8120585,High Pass,Recovery,8388.0,Jérôme Gondorf,False,False,left_to_right,False,77.2,34.4,84.5,26.7,False,False,True,False
8816a102-f978-4b0a-8053-7afdcea5cbb3,3890424,1108,1,00:37:55.470,37,55,42,Ball Receipt*,80,872,Darmstadt 98,Regular Play,872,Darmstadt 98,8388.0,Jérôme Gondorf,Left Defensive Midfield,84.5,26.7,,,,False,,,,,,,False,,,,,,,False,False,left_to_right,False,84.5,26.7,,,False,False,False,False
a754db73-bade-4dee-8920-b0c60a805fe3,3890424,1109,1,00:37:55.470,37,55,4,Duel,80,872,Darmstadt 98,Regular Play,181,Schalke 04,8508.0,Max Meyer,Center Attacking Midfield,34.8,53.1,,,0.0,True,,,,,,,False,,,,,,,False,False,left_to_right,False,34.8,53.1,,,False,False,False,False
0d57b075-fa5f-4652-a953-554d2fc1010f,3890424,1110,1,00:37:55.470,37,55,38,Miscontrol,80,872,Darmstadt 98,Regular Play,872,Darmstadt 98,8388.0,Jérôme Gondorf,Left Defensive Midfield,85.3,27.0,,,0.0,True,,,,,,,False,,,,,,,False,False,left_to_right,False,85.3,27.0,,,False,False,False,True
dcb45c2e-ca2d-480c-994d-c02f9a115ca4,3890424,1111,1,00:37:56.943,37,56,17,Pressure,80,872,Darmstadt 98,Regular Play,872,Darmstadt 98,40477.0,Jan Rosenthal,Center Attacking Midfield,86.4,36.6,,,0.319912,False,,,,,,,False,,,,,,,False,False,left_to_right,False,86.4,36.6,,,False,False,False,False
0c4e1216-2320-48ad-8257-70ac67b4d27d,3890424,1112,1,00:37:57.105,37,57,2,Ball Recovery,80,872,Darmstadt 98,Regular Play,181,Schalke 04,6324.0,Leon Goretzka,Left Defensive Midfield,35.8,41.8,,,0.0,True,,,,,,,False,,,,,,,False,False,left_to_right,False,35.8,41.8,,,False,False,False,False
5c7792f2-3761-448a-98b3-1678bfbdea16,3890424,1113,1,00:37:57.105,37,57,43,Carry,80,872,Darmstadt 98,Regular Play,181,Schalke 04,6324.0,Leon Goretzka,Left Defensive Midfield,35.8,41.8,33.3,47.0,0.197477,True,,,,,,,False,,,,,,,False,False,left_to_right,False,35.8,41.8,33.3,47.0,False,False,False,False
943c0b2c-9b82-4f56-a01d-973b7eec7058,3890424,1114,1,00:37:57.302,37,57,14,Dribble,80,872,Darmstadt 98,Regular Play,181,Schalke 04,6324.0,Leon Goretzka,Left Defensive Midfield,33.3,47.0,,,0.0,True,,,,,,,False,,,,,,,False,False,left_to_right,False,33.3,47.0,,,False,False,False,False
11e2a950-5b4b-48ad-97da-79b6ab52cfba,3890424,1115,1,00:37:57.302,37,57,4,Duel,80,872,Darmstadt 98,Regular Play,872,Darmstadt 98,40477.0,Jan Rosenthal,Center Attacking Midfield,86.8,33.1,,,0.0,True,,,,,,,False,,,,,,,False,False,left_to_right,False,86.8,33.1,,,False,False,False,False
0852ac12-38ff-4a20-be29-a18599b8a8c5,3890424,1116,1,00:37:58.213,37,58,30,Pass,80,872,Darmstadt 98,Regular Play,872,Darmstadt 98,8388.0,Jérôme Gondorf,Left Defensive Midfield,85.9,33.9,84.3,38.9,1.377359,False,,,,,,,True,5.249762,1.8804992,Ground Pass,Recovery,40477.0,Jan Rosenthal,False,False,left_to_right,False,85.9,33.9,84.3,38.9,False,False,False,False
5313ef92-9554-43c3-84f7-d3c5b0e43e9e,3890424,1117,1,00:37:59.590,37,59,42,Ball Receipt*,80,872,Darmstadt 98,Regular Play,872,Darmstadt 98,40477.0,Jan Rosenthal,Center Attacking Midfield,84.3,38.9,,,,False,,,,,,,False,,,,,,,False,False,left_to_right,False,84.3,38.9,,,False,False,False,False
9fec62ea-080f-4b8f-955a-d8950590d2ba,3890424,1118,1,00:37:59.590,37,59,43,Carry,80,872,Darmstadt 98,Regular Play,872,Darmstadt 98,40477.0,Jan Rosenthal,Center Attacking Midfield,84.3,38.9,84.3,39.1,2.391487,False,,,,,,,False,,,,,,,False,False,left_to_right,False,84.3,38.9,84.3,39.1,False,False,False,False
2a767518-c1c9-4ee1-afdb-b5d6b56f633a,3890424,1119,1,00:38:01.981,38,1,30,Pass,80,872,Darmstadt 98,Regular Play,872,Darmstadt 98,40477.0,Jan Rosenthal,Center Attacking Midfield,84.3,39.1,85.7,0.1,4.553022,False,,,,,,Out,False,39.02512,-1.5349143,Ground Pass,,9404.0,Luca Caldirola,False,False,left_to_right,False,84.3,39.1,85.7,0.1,False,False,False,True
a2200d42-c2cf-4889-a72d-5ceeaf578019,3890424,1120,1,00:38:06.535,38,6,42,Ball Receipt*,80,872,Darmstadt 98,Regular Play,872,Darmstadt 98,9404.0,Luca Caldirola,Left Back,85.7,3.8,,,,False,,,,,,,False,,,,,,,False,False,left_to_right,False,85.7,3.8,,,False,False,False,False
1cb080ef-ef66-44f0-8fac-ff4a3f2b1c1c,3890424,1121,1,00:38:53.004,38,53,30,Pass,81,181,Schalke 04,From Throw In,181,Schalke 04,30312.0,Uilson de Souza Paula Júnior,Right Back,39.5,80.0,27.9,75.2,0.648704,False,,,,,,,True,12.553884,-2.7492526,High Pass,Throw-in,3502.0,Joël Andre Job Matip,False,False,left_to_right,False,39.5,80.0,27.9,75.2,False,False,False,False
afe73273-114f-4720-8692-64facbe8ed7d,3890424,1122,1,00:38:53.653,38,53,42,Ball Receipt*,81,181,Schalke 04,From Throw In,181,Schalke 04,3502.0,Joël Andre Job Matip,Right Center Back,27.9,75.2,,,,False,,,,,,,False,,,,,,,False,False,left_to_right,False,27.9,75.2,,,False,False,False,False
78659af8-792b-40c3-a801-751ca9f2ca2e,3890424,1123,1,00:38:53.653,38,53,30,Pass,81,181,Schalke 04,From Throw In,181,Schalke 04,3502.0,Joël Andre Job Matip,Right Center Back,29.0,74.6,67.8,52.3,3.155787,False,,,,,,Incomplete,False,44.751873,-0.52164054,High Pass,,3499.0,Jean-Eric Maxim Choupo-Moting,False,False,left_to_right,False,29.0,74.6,67.8,52.3,False,True,False,True
edba46bd-7f0c-473d-85c2-514c2965def2,3890424,1124,1,00:38:56.809,38,56,42,Ball Receipt*,81,181,Schalke 04,From Throw In,181,Schalke 04,3499.0,Jean-Eric Maxim Choupo-Moting,Left Wing,66.2,50.7,,,,False,,,,,,,False,,,,,,,False,False,left_to_right,False,66.2,50.7,,,False,False,False,False
ba301c17-64b4-4c28-9510-33322a014f05,3890424,1125,1,00:38:56.809,38,56,30,Pass,81,181,Schalke 04,From Throw In,872,Darmstadt 98,9217.0,Aytac Sulu,Right Center Back,52.3,27.8,64.0,27.2,2.177153,False,,,,,,,True,11.715375,-0.051237166,High Pass,Recovery,8388.0,Jérôme Gondorf,False,False,left_to_right,False,52.3,27.8,64.0,27.2,False,False,False,False
866518f1-fc78-4c82-ba8e-c63a1358f7aa,3890424,1126,1,00:38:58.986,38,58,42,Ball Receipt*,81,181,Schalke 04,From Throw In,872,Darmstadt 98,8388.0,Jérôme Gondorf,Left Defensive Midfield,64.0,27.2,,,,False,,,,,,,False,,,,,,,False,False,left_to_right,False,64.0,27.2,,,False,False,False,False
5786a8de-42c9-4f64-9fd9-5937010da48d,3890424,1127,1,00:38:58.986,38,58,43,Carry,81,181,Schalke 04,From Throw In,872,Darmstadt 98,8388.0,Jérôme Gondorf,Left Defensive Midfield,64.0,27.2,65.3,28.0,0.04,False,,,,,,,False,,,,,,,False,False,left_to_right,False,64.0,27.2,65.3,28.0,False,False,False,False
0e575d1c-121e-4509-a3b4-037d4d10a8c8,3890424,1128,1,00:38:59.026,38,59,30,Pass,81,181,Schalke 04,From Throw In,872,Darmstadt 98,8388.0,Jérôme Gondorf,Left Defensive Midfield,65.3,28.0,76.5,48.8,1.566531,False,,,,,,Incomplete,False,23.623716,1.076855,High Pass,,9401.0,Marcel Heller,False,False,left_to_right,False,65.3,28.0,76.5,48.8,False,False,False,True
769c5d8c-d13d-48f4-9cee-b2f965d085f0,3890424,1129,1,00:39:00.592,39,0,42,Ball Receipt*,81,181,Schalke 04,From Throw In,872,Darmstadt 98,9401.0,Marcel Heller,Right Midfield,70.6,50.6,,,,False,,,,,,,False,,,,,,,False,False,left_to_right,False,70.6,50.6,,,False,False,False,False
58c659c3-4f52-4121-a444-194b126654c0,3890424,1130,1,00:39:00.592,39,0,30,Pass,81,181,Schalke 04,From Throw In,181,Schalke 04,3510.0,Sead Kolašinac,Left Back,43.6,31.3,63.3,33.2,1.995422,False,,,,,,,True,19.791412,0.09614931,Low Pass,Recovery,8508.0,Max Meyer,False,False,left_to_right,False,43.6,31.3,63.3,33.2,False,True,False,False
295fa1db-f6f6-42af-acca-b6048278b58e,3890424,1131,1,00:39:02.588,39,2,42,Ball Receipt*,81,181,Schalke 04,From Throw In,181,Schalke 04,8508.0,Max Meyer,Center Attacking Midfield,63.3,33.2,,,,False,,,,,,,False,,,,,,,False,False,left_to_right,False,63.3,33.2,,,False,False,False,False
b947d4c2-a50d-4ac8-8cab-f59202f3be76,3890424,1132,1,00:39:02.588,39,2,43,Carry,81,181,Schalke 04,From Throw In,181,Schalke 04,8508.0,Max Meyer,Center Attacking Midfield,63.3,33.2,77.0,12.6,3.008807,False,,,,,,,False,,,,,,,False,False,left_to_right,False,63.3,33.2,77.0,12.6,False,False,False,False
11a4ac5a-27e3-4c29-b76d-c5a939224465,3890424,1133,1,00:39:05.596,39,5,30,Pass,81,181,Schalke 04,From Throw In,181,Schalke 04,8508.0,Max Meyer,Center Attacking Midfield,77.0,12.6,99.2,28.5,1.686301,False,,,,,,,True,27.306593,0.6215266,Ground Pass,,8060.0,Klaas-Jan Huntelaar,False,False,left_to_right,False,77.0,12.6,99.2,28.5,False,True,True,False
922d4a92-a139-46e3-873f-c95115204804,3890424,1134,1,00:39:07.283,39,7,42,Ball Receipt*,81,181,Schalke 04,From Throw In,181,Schalke 04,8060.0,Klaas-Jan Huntelaar,Center Forward,99.2,28.5,,,,False,,,,,,,False,,,,,,,False,False,left_to_right,False,99.2,28.5,,,False,False,False,False
b1e6f059-49c0-435d-8741-774c0810e83a,3890424,1135,1,00:39:07.283,39,7,43,Carry,81,181,Schalke 04,From Throw In,181,Schalke 04,8060.0,Klaas-Jan Huntelaar,Center Forward,99.2,28.5,100.1,24.0,1.055619,False,,,,,,,False,,,,,,,False,False,left_to_right,False,99.2,28.5,100.1,24.0,False,False,False,False
cfe7fe9e-48f9-40c7-9046-dbe6c806a84c,3890424,1136,1,00:39:08.338,39,8,38,Miscontrol,81,181,Schalke 04,From Throw In,181,Schalke 04,8060.0,Klaas-Jan Huntelaar,Center Forward,100.1,24.0,,,0.0,False,,,,,,,False,,,,,,,False,False,left_to_right,False,100.1,24.0,,,False,False,False,True
147c9f29-e7fa-4ab8-98a7-7b5162748723,3890424,1137,1,00:39:08.578,39,8,22,Foul Committed,81,181,Schalke 04,From Throw In,181,Schalke 04,8060.0,Klaas-Jan Huntelaar,Center Forward,100.4,22.9,,,0.0,False,,,,,,,False,,,,,,,False,False,left_to_right,False,100.4,22.9,,,False,False,False,False
94b174c9-55d6-42ba-8a73-90d0329fabd3,3890424,1138,1,00:39:08.578,39,8,21,Foul Won,81,181,Schalke 04,From Throw In,872,Darmstadt 98,20522.0,György Garics,Right Back,19.7,57.2,,,0.0,True,,,,,,,False,,,,,,,False,False,left_to_right,False,19.7,57.2,,,False,False,False,False
ec8fb7dc-292c-4449-b50a-4a3af32204d0,3890424,1139,1,00:39:39.205,39,39,30,Pass,82,872,Darmstadt 98,From Free Kick,872,Darmstadt 98,8306.0,Christian Mathenia,Goalkeeper,16.4,57.5,71.8,63.1,3.127172,False,,,,,,,True,55.682312,0.10074085,High Pass,Free Kick,40477.0,Jan Rosenthal,False,False,left_to_right,False,16.4,57.5,71.8,63.1,False,True,False,False
70dcf761-52d3-4268-a23e-cdda69af6e19,3890424,1140,1,00:39:42.332,39,42,42,Ball Receipt*,82,872,Darmstadt 98,From Free Kick,872,Darmstadt 98,40477.0,Jan Rosenthal,Center Attacking Midfield,71.8,63.1,,,,False,,,,,,,False,,,,,,,False,False,left_to_right,False,71.8,63.1,,,False,False,False,False
4f8477d3-3e0d-43ff-a091-86522fa757a2,3890424,1141,1,00:39:42.332,39,42,30,Pass,82,872,Darmstadt 98,From Free Kick,872,Darmstadt 98,40477.0,Jan Rosenthal,Center Attacking Midfield,72.6,63.6,82.6,53.5,1.469405,True,,,,,,Incomplete,False,14.213022,-0.79037327,Low Pass,,9723.0,Sandro Wagner,False,False,left_to_right,False,72.6,63.6,82.6,53.5,False,False,True,True
bf600123-ae77-4f22-adc4-60cb8f968410,3890424,1142,1,00:39:42.332,39,42,4,Duel,82,872,Darmstadt 98,From Free Kick,181,Schalke 04,3499.0,Jean-Eric Maxim Choupo-Moting,Left Wing,47.5,16.5,,,0.0,True,,,,,,,False,,,,,,,False,False,left_to_right,False,47.5,16.5,,,False,False,False,False
87f20822-1e64-46db-8670-c494ed44aa3f,3890424,1143,1,00:39:43.801,39,43,42,Ball Receipt*,82,872,Darmstadt 98,From Free Kick,872,Darmstadt 98,9723.0,Sandro Wagner,Center Forward,83.9,53.3,,,,False,,,,,,,False,,,,,,,False,False,left_to_right,False,83.9,53.3,,,False,False,False,False
6062b0e0-0e2b-4ce0-b149-ec35bbdedd46,3890424,1144,1,00:39:43.801,39,43,9,Clearance,82,872,Darmstadt 98,From Free Kick,181,Schalke 04,6717.0,Johannes Geis,Right Defensive Midfield,37.5,26.6,,,0.0,True,,,,,,,False,,,,,,,False,False,left_to_right,False,37.5,26.6,,,False,False,False,False
333f2151-7901-4325-9d38-6034dbd28264,3890424,1145,1,00:39:45.985,39,45,30,Pass,82,872,Darmstadt 98,From Free Kick,872,Darmstadt 98,35033.0,Slobodan Rajković,Left Center Back,55.4,45.0,75.1,47.7,1.484744,False,,,,,,,True,19.884165,0.13620722,High Pass,Recovery,8388.0,Jérôme Gondorf,False,False,left_to_right,False,55.4,45.0,75.1,47.7,False,True,False,False
bd4b7cd0-725a-4624-9052-4b51d939c0ba,3890424,1146,1,00:39:47.469,39,47,42,Ball Receipt*,82,872,Darmstadt 98,From Free Kick,872,Darmstadt 98,8388.0,Jérôme Gondorf,Left Defensive Midfield,75.1,47.7,,,,False,,,,,,,False,,,,,,,False,False,left_to_right,False,75.1,47.7,,,False,False,False,False
c27ebb1d-ac82-4f9d-b3e3-0b39e63ce982,3890424,1147,1,00:39:47.469,39,47,4,Duel,82,872,Darmstadt 98,From Free Kick,181,Schalke 04,6717.0,Johannes Geis,Right Defensive Midfield,44.7,32.7,,,0.0,True,,,,,,,False,,,,,,,False,False,left_to_right,False,44.7,32.7,,,False,False,False,False
c5d8ebab-b394-4cb4-886c-28a36dd4779b,3890424,1148,1,00:39:47.469,39,47,30,Pass,82,872,Darmstadt 98,From Free Kick,872,Darmstadt 98,8388.0,Jérôme Gondorf,Left Defensive Midfield,75.4,47.4,75.3,37.5,1.448906,True,,,,,,,True,9.900505,-1.580897,High Pass,,11134.0,Konstantin Rausch,False,False,left_to_right,False,75.4,47.4,75.3,37.5,False,False,False,False
da9d5a4b-cca1-428c-a5bf-55d050ad7ad6,3890424,1149,1,00:39:48.918,39,48,42,Ball Receipt*,82,872,Darmstadt 98,From Free Kick,872,Darmstadt 98,11134.0,Konstantin Rausch,Left Midfield,75.3,37.5,,,,False,,,,,,,False,,,,,,,False,False,left_to_right,False,75.3,37.5,,,False,False,False,False
018e2570-0b31-4caa-8908-89be15c4eb89,3890424,1150,1,00:39:48.918,39,48,30,Pass,82,872,Darmstadt 98,From Free Kick,872,Darmstadt 98,11134.0,Konstantin Rausch,Left Midfield,75.3,37.8,73.1,44.1,0.856326,False,,,,,,,True,6.6730804,1.9067639,Ground Pass,,40477.0,Jan Rosenthal,False,False,left_to_right,False,75.3,37.8,73.1,44.1,False,False,False,False
1489c352-318b-45b1-9b65-6090f5f31b88,3890424,1151,1,00:39:49.775,39,49,42,Ball Receipt*,82,872,Darmstadt 98,From Free Kick,872,Darmstadt 98,40477.0,Jan Rosenthal,Center Attacking Midfield,73.1,44.1,,,,False,,,,,,,False,,,,,,,False,False,left_to_right,False,73.1,44.1,,,False,False,False,False
85ab92a7-21bb-4481-b567-0fea70df0947,3890424,1152,1,00:39:49.775,39,49,30,Pass,82,872,Darmstadt 98,From Free Kick,872,Darmstadt 98,40477.0,Jan Rosenthal,Center Attacking Midfield,73.1,44.1,76.4,37.0,0.133204,False,,,,,,Incomplete,False,7.8294315,-1.1357124,Low Pass,,11134.0,Konstantin Rausch,False,False,left_to_right,False,73.1,44.1,76.4,37.0,False,False,False,True
e83c6702-90a9-40db-a94f-12fc372ab38f,3890424,1153,1,00:39:49.908,39,49,42,Ball Receipt*,82,872,Darmstadt 98,From Free Kick,872,Darmstadt 98,11134.0,Konstantin Rausch,Left Midfield,82.6,37.2,,,,False,,,,,,,False,,,,,,,False,False,left_to_right,False,82.6,37.2,,,False,False,False,False
5368d83c-7d20-4279-99fe-0f8dfb201edf,3890424,1154,1,00:39:49.908,39,49,6,Block,82,872,Darmstadt 98,From Free Kick,181,Schalke 04,6324.0,Leon Goretzka,Left Defensive Midfield,43.7,43.1,,,0.0,False,,,,,,,False,,,,,,,False,False,left_to_right,False,43.7,43.1,,,False,False,False,False
39cf3d7a-8f56-4e9c-8c61-70e0aafb9a1e,3890424,1155,1,00:39:51.115,39,51,2,Ball Recovery,82,872,Darmstadt 98,From Free Kick,872,Darmstadt 98,40467.0,Peter Niemeyer,Right Defensive Midfield,70.0,48.6,,,0.0,False,,,,,,,False,,,,,,,False,False,left_to_right,False,70.0,48.6,,,False,False,False,False
b14a19d1-ad44-4199-809d-56540e286930,3890424,1156,1,00:39:51.115,39,51,43,Carry,82,872,Darmstadt 98,From Free Kick,872,Darmstadt 98,40467.0,Peter Niemeyer,Right Defensive Midfield,70.0,48.6,70.6,49.2,0.829856,False,,,,,,,False,,,,,,,False,False,left_to_right,False,70.0,48.6,70.6,49.2,False,False,False,False
c1242505-57c3-44a6-86c2-dd90c261a9d9,3890424,1157,1,00:39:51.945,39,51,30,Pass,82,872,Darmstadt 98,From Free Kick,872,Darmstadt 98,40467.0,Peter Niemeyer,Right Defensive Midfield,70.6,49.2,99.3,63.9,2.233681,False,,,,,,Incomplete,False,32.24562,0.47335604,High Pass,,9401.0,Marcel Heller,False,False,left_to_right,False,70.6,49.2,99.3,63.9,False,True,True,True
6b8bfbc2-e8ba-4630-aaec-0cf0be4e2a72,3890424,1158,1,00:39:54.179,39,54,42,Ball Receipt*,82,872,Darmstadt 98,From Free Kick,872,Darmstadt 98,9401.0,Marcel Heller,Right Midfield,100.1,64.9,,,,False,,,,,,,False,,,,,,,False,False,left_to_right,False,100.1,64.9,,,False,False,False,False
c8145726-b3fa-4ca3-a155-f093cfb5f607,3890424,1159,1,00:39:54.179,39,54,10,Interception,82,872,Darmstadt 98,From Free Kick,181,Schalke 04,3510.0,Sead Kolašinac,Left Back,20.8,16.2,,,0.0,False,,,,,,,False,,,,,,,False,False,left_to_right,False,20.8,16.2,,,False,False,False,False
adad122b-3a50-4f93-9c3e-39cb85ef4ad9,3890424,1160,1,00:39:57.762,39,57,30,Pass,83,872,Darmstadt 98,From Throw In,872,Darmstadt 98,8388.0,Jérôme Gondorf,Left Defensive Midfield,99.2,80.0,101.4,69.7,0.770425,False,,,,,,,True,10.532331,-1.3603661,Low Pass,Throw-in,9401.0,Marcel Heller,False,False,left_to_right,False,99.2,80.0,101.4,69.7,False,False,False,False
e3bc6e70-230f-490c-bff7-00a5b6088c3a,3890424,1161,1,00:39:58.533,39,58,42,Ball Receipt*,83,872,Darmstadt 98,From Throw In,872,Darmstadt 98,9401.0,Marcel Heller,Right Midfield,101.4,69.7,,,,False,,,,,,,False,,,,,,,False,False,left_to_right,False,101.4,69.7,,,False,False,False,False
922140fe-c2e7-426d-ae0c-bedcf5fb7c25,3890424,1162,1,00:39:58.533,39,58,30,Pass,83,872,Darmstadt 98,From Throw In,872,Darmstadt 98,9401.0,Marcel Heller,Right Midfield,101.2,69.7,100.1,74.2,0.994368,False,,,,,,,True,4.632494,1.8105395,Ground Pass,,8388.0,Jérôme Gondorf,False,False,left_to_right,False,101.2,69.7,100.1,74.2,False,False,False,False
82eedd41-8661-439f-9e78-cc86233e75e0,3890424,1163,1,00:39:59.527,39,59,42,Ball Receipt*,83,872,Darmstadt 98,From Throw In,872,Darmstadt 98,8388.0,Jérôme Gondorf,Left Defensive Midfield,100.1,74.2,,,,False,,,,,,,False,,,,,,,False,False,left_to_right,False,100.1,74.2,,,False,False,False,False
1b204175-557f-4d96-beec-8c4c8e47da9d,3890424,1164,1,00:39:59.688,39,59,17,Pressure,83,872,Darmstadt 98,From Throw In,181,Schalke 04,3499.0,Jean-Eric Maxim Choupo-Moting,Left Wing,17.2,6.3,,,1.384151,False,,,,,,,False,,,,,,,False,False,left_to_right,False,17.2,6.3,,,False,False,False,False
26cdae77-96cb-4c14-8db7-43e4bcc194dc,3890424,1165,1,00:40:01.974,40,1,3,Dispossessed,83,872,Darmstadt 98,From Throw In,872,Darmstadt 98,8388.0,Jérôme Gondorf,Left Defensive Midfield,104.7,73.0,,,0.0,True,,,,,,,False,,,,,,,False,False,left_to_right,False,104.7,73.0,,,False,False,False,True
33cd1bb2-3e8d-4514-85db-85b48fe6f655,3890424,1166,1,00:40:01.974,40,1,4,Duel,84,181,Schalke 04,Regular Play,181,Schalke 04,3499.0,Jean-Eric Maxim Choupo-Moting,Left Wing,15.4,7.1,,,0.0,True,,,,,,,False,,,,,,,False,False,left_to_right,False,15.4,7.1,,,False,False,False,False
f602142e-a362-435e-82b6-12b02ac673fb,3890424,1167,1,00:40:01.974,40,1,43,Carry,84,181,Schalke 04,Regular Play,181,Schalke 04,3499.0,Jean-Eric Maxim Choupo-Moting,Left Wing,15.4,7.1,30.4,4.5,2.405556,False,,,,,,,False,,,,,,,False,False,left_to_right,False,15.4,7.1,30.4,4.5,False,False,False,False
47dfa88c-d3c6-4244-ba6a-b2680d463ebb,3890424,1168,1,00:40:04.379,40,4,14,Dribble,84,181,Schalke 04,Regular Play,181,Schalke 04,3499.0,Jean-Eric Maxim Choupo-Moting,Left Wing,30.4,4.5,,,0.0,True,,,,,,,False,,,,,,,False,False,left_to_right,False,30.4,4.5,,,False,False,False,False
aa9cfff0-f9c2-409e-801a-62c2fd5819c3,3890424,1169,1,00:40:04.379,40,4,4,Duel,84,181,Schalke 04,Regular Play,872,Darmstadt 98,20522.0,György Garics,Right Back,89.7,75.6,,,0.0,True,,,,,,,False,,,,,,,False,False,left_to_right,False,89.7,75.6,,,False,False,False,False
99c17ddc-21f7-4c7d-a1c7-c1cec00d1ac2,3890424,1170,1,00:40:26.977,40,26,30,Pass,85,181,Schalke 04,From Throw In,181,Schalke 04,3510.0,Sead Kolašinac,Left Back,37.6,0.1,51.9,11.8,1.16823,False,,,,,,,True,18.47647,0.6857295,High Pass,Throw-in,6324.0,Leon Goretzka,False,False,left_to_right,False,37.6,0.1,51.9,11.8,False,False,False,False
0d3d1664-b9fe-44d6-8974-f48b079667fe,3890424,1171,1,00:40:28.145,40,28,42,Ball Receipt*,85,181,Schalke 04,From Throw In,181,Schalke 04,6324.0,Leon Goretzka,Left Defensive Midfield,51.9,11.8,,,,False,,,,,,,False,,,,,,,False,False,left_to_right,False,51.9,11.8,,,False,False,False,False
b8438082-0920-4e23-b3a6-a69f20b85884,3890424,1172,1,00:40:28.145,40,28,30,Pass,85,181,Schalke 04,From Throw In,181,Schalke 04,6324.0,Leon Goretzka,Left Defensive Midfield,51.2,11.8,40.3,24.0,1.678722,False,,,,,,,True,16.360012,2.2999768,Low Pass,,6717.0,Johannes Geis,False,False,left_to_right,False,51.2,11.8,40.3,24.0,False,False,False,False
d0d8ac64-cd5b-433a-a08c-b65417d3677c,3890424,1173,1,00:40:29.824,40,29,42,Ball Receipt*,85,181,Schalke 04,From Throw In,181,Schalke 04,6717.0,Johannes Geis,Right Defensive Midfield,40.3,24.0,,,,False,,,,,,,False,,,,,,,False,False,left_to_right,False,40.3,24.0,,,False,False,False,False
7db4802e-f218-485f-88ca-05ded68d6afa,3890424,1174,1,00:40:29.824,40,29,43,Carry,85,181,Schalke 04,From Throw In,181,Schalke 04,6717.0,Johannes Geis,Right Defensive Midfield,40.3,24.0,39.8,27.4,0.527374,True,,,,,,,False,,,,,,,False,False,left_to_right,False,40.3,24.0,39.8,27.4,False,False,False,False
0e110b36-e46c-4154-a48e-742ee9d95770,3890424,1175,1,00:40:29.831,40,29,17,Pressure,85,181,Schalke 04,From Throw In,872,Darmstadt 98,9723.0,Sandro Wagner,Center Forward,80.3,55.5,,,0.567059,False,,,,,,,False,,,,,,,False,False,left_to_right,False,80.3,55.5,,,False,False,False,False
8a0115cd-48de-4c0d-b3ae-9a38099019d8,3890424,1176,1,00:40:30.351,40,30,30,Pass,85,181,Schalke 04,From Throw In,181,Schalke 04,6717.0,Johannes Geis,Right Defensive Midfield,39.8,27.4,39.2,40.4,1.655958,True,,,,,,,True,13.013839,1.6169175,Ground Pass,,3502.0,Joël Andre Job Matip,False,False,left_to_right,False,39.8,27.4,39.2,40.4,False,False,False,False
392c7be9-1aea-4f0b-b548-add77d52711d,3890424,1177,1,00:40:32.007,40,32,42,Ball Receipt*,85,181,Schalke 04,From Throw In,181,Schalke 04,3502.0,Joël Andre Job Matip,Right Center Back,39.2,40.4,,,,False,,,,,,,False,,,,,,,False,False,left_to_right,False,39.2,40.4,,,False,False,False,False
5670c351-4b7e-4fb7-8a34-c9a8f3484c48,3890424,1178,1,00:40:32.007,40,32,43,Carry,85,181,Schalke 04,From Throw In,181,Schalke 04,3502.0,Joël Andre Job Matip,Right Center Back,39.2,40.4,54.0,53.1,2.720706,False,,,,,,,False,,,,,,,False,False,left_to_right,False,39.2,40.4,54.0,53.1,False,False,False,False
3b30da5d-0c78-4a91-a402-74163b3fbe28,3890424,1179,1,00:40:34.728,40,34,30,Pass,85,181,Schalke 04,From Throw In,181,Schalke 04,3502.0,Joël Andre Job Matip,Right Center Back,54.0,53.1,72.2,74.5,2.129208,False,,,,,,,True,28.092703,0.86603105,Ground Pass,,30312.0,Uilson de Souza Paula Júnior,False,False,left_to_right,False,54.0,53.1,72.2,74.5,False,False,False,False
6d2254fc-3fa2-4a5d-9661-8a7522c4c796,3890424,1180,1,00:40:36.857,40,36,42,Ball Receipt*,85,181,Schalke 04,From Throw In,181,Schalke 04,30312.0,Uilson de Souza Paula Júnior,Right Back,72.2,74.5,,,,False,,,,,,,False,,,,,,,False,False,left_to_right,False,72.2,74.5,,,False,False,False,False
ac38c2c0-bb83-46b6-bab9-5e14178714e8,3890424,1181,1,00:40:36.857,40,36,43,Carry,85,181,Schalke 04,From Throw In,181,Schalke 04,30312.0,Uilson de Souza Paula Júnior,Right Back,72.2,74.5,76.1,76.3,0.737374,True,,,,,,,False,,,,,,,False,False,left_to_right,False,72.2,74.5,76.1,76.3,False,False,False,False
280f0624-2fd9-4233-9839-e298373062cb,3890424,1182,1,00:40:37.109,40,37,17,Pressure,85,181,Schalke 04,From Throw In,872,Darmstadt 98,11134.0,Konstantin Rausch,Left Midfield,44.5,4.5,,,0.644485,False,,,,,,,False,,,,,,,False,False,left_to_right,False,44.5,4.5,,,False,False,False,False
c23c360c-b45a-4c6e-b6d2-4f5a7a276b6b,3890424,1183,1,00:40:37.594,40,37,30,Pass,85,181,Schalke 04,From Throw In,181,Schalke 04,30312.0,Uilson de Souza Paula Júnior,Right Back,76.1,76.3,86.4,80.0,0.96617,True,,,,,,Out,False,10.944405,0.34486783,Ground Pass,,3053.0,Leroy Sané,False,False,left_to_right,False,76.1,76.3,86.4,80.0,False,False,True,True
8f68c57f-e857-4ce4-99e0-d94702f3e04e,3890424,1184,1,00:40:38.560,40,38,42,Ball Receipt*,85,181,Schalke 04,From Throw In,181,Schalke 04,3053.0,Leroy Sané,Right Wing,89.8,76.2,,,,False,,,,,,,False,,,,,,,False,False,left_to_right,False,89.8,76.2,,,False,False,False,False
4b2f8d5f-cfa2-4c89-8d67-22dcb54513a4,3890424,1185,1,00:40:57.929,40,57,30,Pass,86,872,Darmstadt 98,From Throw In,872,Darmstadt 98,9404.0,Luca Caldirola,Left Back,49.2,0.1,67.5,6.3,1.686735,False,,,,,,,True,19.321749,0.32666048,High Pass,Throw-in,9723.0,Sandro Wagner,False,False,left_to_right,False,49.2,0.1,67.5,6.3,False,False,False,False
4f52e068-3dac-45e5-b678-e47601636e8c,3890424,1186,1,00:40:59.616,40,59,42,Ball Receipt*,86,872,Darmstadt 98,From Throw In,872,Darmstadt 98,9723.0,Sandro Wagner,Center Forward,67.5,6.3,,,,False,,,,,,,False,,,,,,,False,False,left_to_right,False,67.5,6.3,,,False,False,False,False
6fdb7494-087a-4d08-883d-beb26b6d3cff,3890424,1187,1,00:40:59.616,40,59,30,Pass,86,872,Darmstadt 98,From Throw In,872,Darmstadt 98,9723.0,Sandro Wagner,Center Forward,66.7,6.3,56.4,10.3,1.448082,False,,,,,,,True,11.049435,2.77117,Low Pass,,8388.0,Jérôme Gondorf,False,False,left_to_right,False,66.7,6.3,56.4,10.3,False,False,False,False
1aa133ff-8b15-40eb-9430-7d948827a79f,3890424,1188,1,00:41:00.860,41,0,17,Pressure,86,872,Darmstadt 98,From Throw In,181,Schalke 04,3053.0,Leroy Sané,Right Wing,64.2,69.0,,,0.468194,False,,,,,,,False,,,,,,,False,False,left_to_right,False,64.2,69.0,,,False,False,False,False
4aa39c53-2cca-4a7c-9e81-14010eb5be56,3890424,1189,1,00:41:01.064,41,1,42,Ball Receipt*,86,872,Darmstadt 98,From Throw In,872,Darmstadt 98,8388.0,Jérôme Gondorf,Left Defensive Midfield,56.4,10.3,,,,True,,,,,,,False,,,,,,,False,False,left_to_right,False,56.4,10.3,,,False,False,False,False
eab5b42c-769a-4033-abdd-368f012e19a7,3890424,1190,1,00:41:01.064,41,1,43,Carry,86,872,Darmstadt 98,From Throw In,872,Darmstadt 98,8388.0,Jérôme Gondorf,Left Defensive Midfield,56.4,10.3,55.4,12.2,0.040000003,True,,,,,,,False,,,,,,,False,False,left_to_right,False,56.4,10.3,55.4,12.2,False,False,False,False
5aaf2f6d-86da-4d21-a03f-ff9cbe37480b,3890424,1191,1,00:41:01.104,41,1,30,Pass,86,872,Darmstadt 98,From Throw In,872,Darmstadt 98,8388.0,Jérôme Gondorf,Left Defensive Midfield,55.4,12.2,95.3,7.0,3.590572,True,,,,,,Incomplete,False,40.23742,-0.12959538,High Pass,,11134.0,Konstantin Rausch,False,False,left_to_right,False,55.4,12.2,95.3,7.0,False,True,True,True
0735ffbc-b786-472b-9d1c-e8889534823d,3890424,1192,1,00:41:04.694,41,4,42,Ball Receipt*,86,872,Darmstadt 98,From Throw In,872,Darmstadt 98,11134.0,Konstantin Rausch,Left Midfield,92.9,7.5,,,,False,,,,,,,False,,,,,,,False,False,left_to_right,False,92.9,7.5,,,False,False,False,False
115f590a-572b-4b90-80d4-c2bbb28e371e,3890424,1193,1,00:41:04.694,41,4,2,Ball Recovery,87,181,Schalke 04,Regular Play,181,Schalke 04,3502.0,Joël Andre Job Matip,Right Center Back,24.8,73.1,,,0.0,False,,,,,,,False,,,,,,,False,False,left_to_right,False,24.8,73.1,,,False,False,False,False
6bdda0ac-05d1-4c29-a0f0-7018474d3d7b,3890424,1194,1,00:41:04.694,41,4,43,Carry,87,181,Schalke 04,Regular Play,181,Schalke 04,3502.0,Joël Andre Job Matip,Right Center Back,24.8,73.1,19.2,67.4,0.938669,False,,,,,,,False,,,,,,,False,False,left_to_right,False,24.8,73.1,19.2,67.4,False,False,False,False
83e809ad-43bd-42c7-9fb8-eb5dab60c6a3,3890424,1195,1,00:41:05.633,41,5,30,Pass,87,181,Schalke 04,Regular Play,181,Schalke 04,3502.0,Joël Andre Job Matip,Right Center Back,19.2,67.4,7.2,53.7,2.158756,False,,,,,,,True,18.212358,-2.2901428,Ground Pass,,8517.0,Ralf Fährmann,False,False,left_to_right,False,19.2,67.4,7.2,53.7,False,False,False,False
d7b6acbb-88e7-4f93-bdb7-f9e21f7c52ae,3890424,1196,1,00:41:05.660,41,5,17,Pressure,87,181,Schalke 04,Regular Play,872,Darmstadt 98,11134.0,Konstantin Rausch,Left Midfield,99.3,13.8,,,0.544735,False,,,,,,,False,,,,,,,False,False,left_to_right,False,99.3,13.8,,,False,False,False,False
7e3e6e81-fc13-406c-af34-86a5ea26eb26,3890424,1197,1,00:41:07.792,41,7,42,Ball Receipt*,87,181,Schalke 04,Regular Play,181,Schalke 04,8517.0,Ralf Fährmann,Goalkeeper,7.2,53.7,,,,False,,,,,,,False,,,,,,,False,False,left_to_right,False,7.2,53.7,,,False,False,False,False
3ffb59d4-09fb-4d5c-abbe-2bdf6a5d03cb,3890424,1198,1,00:41:07.792,41,7,30,Pass,87,181,Schalke 04,Regular Play,181,Schalke 04,8517.0,Ralf Fährmann,Goalkeeper,8.7,54.1,53.9,51.8,1.686511,False,,,,,,,True,45.25848,-0.050841104,High Pass,,8508.0,Max Meyer,False,False,left_to_right,False,8.7,54.1,53.9,51.8,False,True,False,False
bdb6a756-5368-4e16-8b98-46bdc28d409b,3890424,1199,1,00:41:09.478,41,9,42,Ball Receipt*,87,181,Schalke 04,Regular Play,181,Schalke 04,8508.0,Max Meyer,Center Attacking Midfield,53.9,51.8,,,,False,,,,,,,False,,,,,,,False,False,left_to_right,False,53.9,51.8,,,False,False,False,False
ade2791b-4f2c-4f97-9128-a0131b580458,3890424,1200,1,00:41:09.478,41,9,30,Pass,87,181,Schalke 04,Regular Play,181,Schalke 04,8508.0,Max Meyer,Center Attacking Midfield,53.9,50.4,49.4,58.7,1.450044,False,,,,,,,True,9.441399,2.0676072,High Pass,,6717.0,Johannes Geis,False,False,left_to_right,False,53.9,50.4,49.4,58.7,False,False,False,False
b5455cba-f2c6-4929-ac5e-461af5cc1e31,3890424,1201,1,00:41:10.928,41,10,42,Ball Receipt*,87,181,Schalke 04,Regular Play,181,Schalke 04,6717.0,Johannes Geis,Right Defensive Midfield,49.4,58.7,,,,False,,,,,,,False,,,,,,,False,False,left_to_right,False,49.4,58.7,,,False,False,False,False
f30fb89d-218f-4ca3-9a6b-4c49e959e51b,3890424,1202,1,00:41:10.928,41,10,30,Pass,87,181,Schalke 04,Regular Play,181,Schalke 04,6717.0,Johannes Geis,Right Defensive Midfield,48.9,59.0,54.8,74.9,2.863013,False,,,,,,,True,16.959364,1.2154763,High Pass,,30312.0,Uilson de Souza Paula Júnior,False,False,left_to_right,False,48.9,59.0,54.8,74.9,False,False,False,False
784ea6a4-afc6-4808-a1b4-a506dad9cf62,3890424,1203,1,00:41:13.791,41,13,42,Ball Receipt*,87,181,Schalke 04,Regular Play,181,Schalke 04,30312.0,Uilson de Souza Paula Júnior,Right Back,54.8,74.9,,,,False,,,,,,,False,,,,,,,False,False,left_to_right,False,54.8,74.9,,,False,False,False,False
ba882519-e0cb-4ea7-bb0d-e4b6c7232db1,3890424,1204,1,00:41:13.791,41,13,43,Carry,87,181,Schalke 04,Regular Play,181,Schalke 04,30312.0,Uilson de Souza Paula Júnior,Right Back,54.8,74.9,55.4,76.8,1.210399,True,,,,,,,False,,,,,,,False,False,left_to_right,False,54.8,74.9,55.4,76.8,False,False,False,False
9870f724-13f8-46fc-8bc6-640f09721ae0,3890424,1205,1,00:41:14.895,41,14,17,Pressure,87,181,Schalke 04,Regular Play,872,Darmstadt 98,8388.0,Jérôme Gondorf,Left Defensive Midfield,63.6,4.5,,,0.303206,False,,,,,,,False,,,,,,,False,False,left_to_right,False,63.6,4.5,,,False,False,False,False
730243e1-8303-46b8-8988-4efa2b363aad,3890424,1206,1,00:41:15.002,41,15,30,Pass,87,181,Schalke 04,Regular Play,181,Schalke 04,30312.0,Uilson de Souza Paula Júnior,Right Back,55.4,76.8,57.9,76.8,0.236323,True,,,,,,Incomplete,False,2.5,0.0,Ground Pass,,3053.0,Leroy Sané,False,False,left_to_right,False,55.4,76.8,57.9,76.8,False,False,False,True
02270eb5-9baa-4de2-aabe-8554fed12be8,3890424,1207,1,00:41:15.238,41,15,42,Ball Receipt*,87,181,Schalke 04,Regular Play,181,Schalke 04,3053.0,Leroy Sané,Right Wing,61.7,76.3,,,,False,,,,,,,False,,,,,,,False,False,left_to_right,False,61.7,76.3,,,False,False,False,False
14a15451-6b9c-4376-b02a-60805da99a5f,3890424,1208,1,00:41:15.238,41,15,6,Block,87,181,Schalke 04,Regular Play,872,Darmstadt 98,8388.0,Jérôme Gondorf,Left Defensive Midfield,62.2,3.3,,,0.0,False,,,,,,,False,,,,,,,False,False,left_to_right,False,62.2,3.3,,,False,False,False,False
f9ad5965-e904-491e-9bdf-bea0fe5a5fed,3890424,1209,1,00:41:22.176,41,22,30,Pass,88,181,Schalke 04,From Throw In,181,Schalke 04,30312.0,Uilson de Souza Paula Júnior,Right Back,56.1,80.0,41.4,73.1,2.218161,False,,,,,,,True,16.238842,-2.7027333,Low Pass,Throw-in,3502.0,Joël Andre Job Matip,False,False,left_to_right,False,56.1,80.0,41.4,73.1,False,False,False,False
dac3e628-1e8e-4a4a-b6e4-dbf59d52e8f8,3890424,1210,1,00:41:24.394,41,24,42,Ball Receipt*,88,181,Schalke 04,From Throw In,181,Schalke 04,3502.0,Joël Andre Job Matip,Right Center Back,41.4,73.1,,,,False,,,,,,,False,,,,,,,False,False,left_to_right,False,41.4,73.1,,,False,False,False,False
af50ea07-8b1f-4496-9238-95d1caca1311,3890424,1211,1,00:41:27.897,41,27,30,Pass,88,181,Schalke 04,From Throw In,181,Schalke 04,3502.0,Joël Andre Job Matip,Right Center Back,47.3,55.6,47.5,30.2,2.625727,False,,,,,,,True,25.400787,-1.5629225,Ground Pass,,6324.0,Leon Goretzka,False,False,left_to_right,False,47.3,55.6,47.5,30.2,False,False,False,False
cdb7162d-d64b-4bd1-a135-0a12db8e9cb9,3890424,1212,1,00:41:30.523,41,30,42,Ball Receipt*,88,181,Schalke 04,From Throw In,181,Schalke 04,6324.0,Leon Goretzka,Left Defensive Midfield,47.5,30.2,,,,False,,,,,,,False,,,,,,,False,False,left_to_right,False,47.5,30.2,,,False,False,False,False
78c7f9d7-e399-4b17-84f1-eafb55759c85,3890424,1213,1,00:41:30.523,41,30,43,Carry,88,181,Schalke 04,From Throw In,181,Schalke 04,6324.0,Leon Goretzka,Left Defensive Midfield,47.5,30.2,50.8,24.8,0.95835,False,,,,,,,False,,,,,,,False,False,left_to_right,False,47.5,30.2,50.8,24.8,False,False,False,False
cf79b8e1-620c-4e33-8882-baec52922493,3890424,1214,1,00:41:31.481,41,31,30,Pass,88,181,Schalke 04,From Throw In,181,Schalke 04,6324.0,Leon Goretzka,Left Defensive Midfield,50.8,24.8,66.9,5.9,1.821664,False,,,,,,,True,24.827806,-0.8652282,Ground Pass,,3510.0,Sead Kolašinac,False,False,left_to_right,False,50.8,24.8,66.9,5.9,False,False,False,False
c8dbc745-4854-472d-8e05-dfaea2fda148,3890424,1215,1,00:41:33.303,41,33,42,Ball Receipt*,88,181,Schalke 04,From Throw In,181,Schalke 04,3510.0,Sead Kolašinac,Left Back,66.9,5.9,,,,False,,,,,,,False,,,,,,,False,False,left_to_right,False,66.9,5.9,,,False,False,False,False
bfc6ecf3-c075-4b35-aedd-47970435e661,3890424,1216,1,00:41:33.303,41,33,43,Carry,88,181,Schalke 04,From Throw In,181,Schalke 04,3510.0,Sead Kolašinac,Left Back,66.9,5.9,70.3,5.2,1.354367,False,,,,,,,False,,,,,,,False,False,left_to_right,False,66.9,5.9,70.3,5.2,False,False,False,False
05304826-ddf9-4b7e-a050-0b53a9361805,3890424,1217,1,00:41:34.657,41,34,30,Pass,88,181,Schalke 04,From Throw In,181,Schalke 04,3510.0,Sead Kolašinac,Left Back,70.3,5.2,89.7,22.6,1.283125,False,,,,,,Incomplete,False,26.05993,0.7311038,Ground Pass,,8508.0,Max Meyer,False,False,left_to_right,False,70.3,5.2,89.7,22.6,False,True,True,True
9bafc48b-fca4-4a7e-8ae7-d7f69eae8cbd,3890424,1218,1,00:41:35.940,41,35,42,Ball Receipt*,88,181,Schalke 04,From Throw In,181,Schalke 04,8508.0,Max Meyer,Center Attacking Midfield,86.1,23.7,,,,False,,,,,,,False,,,,,,,False,False,left_to_right,False,86.1,23.7,,,False,False,False,False
b50887f6-a67e-4fb0-993e-3cd7a7197718,3890424,1219,1,00:41:35.940,41,35,30,Pass,88,181,Schalke 04,From Throw In,872,Darmstadt 98,9217.0,Aytac Sulu,Right Center Back,30.4,57.5,80.6,68.3,3.662523,False,,,,,,Incomplete,False,51.348614,0.21190944,High Pass,Recovery,9723.0,Sandro Wagner,False,False,left_to_right,False,30.4,57.5,80.6,68.3,False,True,True,True
82c47e99-5569-4b1e-b256-bfd717e2a8bc,3890424,1220,1,00:41:39.481,41,39,17,Pressure,88,181,Schalke 04,From Throw In,872,Darmstadt 98,9723.0,Sandro Wagner,Center Forward,78.1,67.8,,,0.41607,False,,,,,,,False,,,,,,,False,False,left_to_right,False,78.1,67.8,,,False,False,False,False
345c5209-b7c4-43de-b40c-e47449c64b24,3890424,1221,1,00:41:39.603,41,39,42,Ball Receipt*,88,181,Schalke 04,From Throw In,872,Darmstadt 98,9723.0,Sandro Wagner,Center Forward,77.2,66.4,,,,False,,,,,,,False,,,,,,,False,False,left_to_right,False,77.2,66.4,,,False,False,False,False
e443dc7a-a6f0-4606-b522-27f87151972b,3890424,1222,1,00:41:39.603,41,39,30,Pass,88,181,Schalke 04,From Throw In,181,Schalke 04,16534.0,Roman Neustädter,Left Center Back,39.5,11.8,14.4,25.4,2.652697,True,,,,,,,True,28.54768,2.6450415,Low Pass,Recovery,8517.0,Ralf Fährmann,False,False,left_to_right,False,39.5,11.8,14.4,25.4,False,False,False,False
e4b7ec3b-639b-4d80-a58e-5e41621369c4,3890424,1223,1,00:41:42.256,41,42,42,Ball Receipt*,88,181,Schalke 04,From Throw In,181,Schalke 04,8517.0,Ralf Fährmann,Goalkeeper,14.4,25.4,,,,False,,,,,,,False,,,,,,,False,False,left_to_right,False,14.4,25.4,,,False,False,False,False
e381dc1c-f32e-4471-845b-7992fdfe50dc,3890424,1224,1,00:41:42.256,41,42,43,Carry,88,181,Schalke 04,From Throw In,181,Schalke 04,8517.0,Ralf Fährmann,Goalkeeper,14.4,25.4,16.1,32.7,2.1066191,False,,,,,,,False,,,,,,,False,False,left_to_right,False,14.4,25.4,16.1,32.7,False,False,False,False
94849e6f-0309-45b5-a2dd-7f0165791cdd,3890424,1225,1,00:41:44.362,41,44,30,Pass,88,181,Schalke 04,From Throw In,181,Schalke 04,8517.0,Ralf Fährmann,Goalkeeper,16.1,32.7,35.8,52.3,2.235015,False,,,,,,,True,27.789387,0.78285366,Ground Pass,,3502.0,Joël Andre Job Matip,False,False,left_to_right,False,16.1,32.7,35.8,52.3,False,False,False,False
a7f074ef-8b33-4120-a65c-e3b07f6251f6,3890424,1226,1,00:41:46.597,41,46,42,Ball Receipt*,88,181,Schalke 04,From Throw In,181,Schalke 04,3502.0,Joël Andre Job Matip,Right Center Back,35.8,52.3,,,,False,,,,,,,False,,,,,,,False,False,left_to_right,False,35.8,52.3,,,False,False,False,False
452fa780-4373-46c0-8ff3-d9868e6119cb,3890424,1227,1,00:41:46.597,41,46,43,Carry,88,181,Schalke 04,From Throw In,181,Schalke 04,3502.0,Joël Andre Job Matip,Right Center Back,35.8,52.3,39.2,52.4,5.002326,False,,,,,,,False,,,,,,,False,False,left_to_right,False,35.8,52.3,39.2,52.4,False,False,False,False
64484654-634b-44a8-8e4a-4b00efe05d26,3890424,1228,1,00:41:51.600,41,51,30,Pass,88,181,Schalke 04,From Throw In,181,Schalke 04,3502.0,Joël Andre Job Matip,Right Center Back,39.2,52.4,57.2,56.8,1.577753,False,,,,,,,True,18.529976,0.23974311,Ground Pass,,8508.0,Max Meyer,False,False,left_to_right,False,39.2,52.4,57.2,56.8,False,False,False,False
3f341cf2-dbea-4793-b0d0-f47da8004a3f,3890424,1229,1,00:41:53.177,41,53,42,Ball Receipt*,88,181,Schalke 04,From Throw In,181,Schalke 04,8508.0,Max Meyer,Center Attacking Midfield,57.2,56.8,,,,False,,,,,,,False,,,,,,,False,False,left_to_right,False,57.2,56.8,,,False,False,False,False
62f3ac5e-5387-486e-a0fe-a7ed169af91c,3890424,1230,1,00:41:53.177,41,53,43,Carry,88,181,Schalke 04,From Throw In,181,Schalke 04,8508.0,Max Meyer,Center Attacking Midfield,57.2,56.8,63.3,65.7,1.316934,False,,,,,,,False,,,,,,,False,False,left_to_right,False,57.2,56.8,63.3,65.7,False,False,False,False
9fbb19df-e3bc-49ea-bea2-bf3df1148190,3890424,1231,1,00:41:54.494,41,54,30,Pass,88,181,Schalke 04,From Throw In,181,Schalke 04,8508.0,Max Meyer,Center Attacking Midfield,63.3,65.7,74.7,74.6,1.728282,False,,,,,,,True,14.46271,0.6628625,Ground Pass,,3053.0,Leroy Sané,False,False,left_to_right,False,63.3,65.7,74.7,74.6,False,False,False,False
2f4dde62-afe7-4566-8c6b-ef16b85ef130,3890424,1232,1,00:41:56.223,41,56,42,Ball Receipt*,88,181,Schalke 04,From Throw In,181,Schalke 04,3053.0,Leroy Sané,Right Wing,74.7,74.6,,,,False,,,,,,,False,,,,,,,False,False,left_to_right,False,74.7,74.6,,,False,False,False,False
3d354918-7f31-498c-9e7f-049edba07600,3890424,1233,1,00:41:56.223,41,56,43,Carry,88,181,Schalke 04,From Throw In,181,Schalke 04,3053.0,Leroy Sané,Right Wing,74.7,74.6,73.6,70.7,2.891909,False,,,,,,,False,,,,,,,False,False,left_to_right,False,74.7,74.6,73.6,70.7,False,False,False,False
c48e5056-0116-4a4b-a15c-4f3b55e91bad,3890424,1234,1,00:41:59.114,41,59,30,Pass,88,181,Schalke 04,From Throw In,181,Schalke 04,3053.0,Leroy Sané,Right Wing,73.6,70.7,75.3,39.8,1.611502,False,,,,,,,True,30.946728,-1.5158355,Ground Pass,,6324.0,Leon Goretzka,False,False,left_to_right,False,73.6,70.7,75.3,39.8,False,False,False,False
dfbd8494-2055-406a-bab9-c4f80bafa4dc,3890424,1235,1,00:42:00.726,42,0,42,Ball Receipt*,88,181,Schalke 04,From Throw In,181,Schalke 04,6324.0,Leon Goretzka,Left Defensive Midfield,75.3,39.8,,,,False,,,,,,,False,,,,,,,False,False,left_to_right,False,75.3,39.8,,,False,False,False,False
1ea57f42-dbe7-49d3-8788-251278102a89,3890424,1236,1,00:42:00.726,42,0,43,Carry,88,181,Schalke 04,From Throw In,181,Schalke 04,6324.0,Leon Goretzka,Left Defensive Midfield,75.3,39.8,88.7,35.4,2.923745,True,,,,,,,False,,,,,,,False,False,left_to_right,False,75.3,39.8,88.7,35.4,True,False,False,False
74210f6b-72d5-48f5-a36d-ca8931519473,3890424,1237,1,00:42:03.524,42,3,17,Pressure,88,181,Schalke 04,From Throw In,872,Darmstadt 98,40467.0,Peter Niemeyer,Right Defensive Midfield,31.5,43.0,,,0.406409,False,,,,,,,False,,,,,,,False,False,left_to_right,False,31.5,43.0,,,False,False,False,False
923b8451-064f-4fe8-8d54-64757ee56797,3890424,1238,1,00:42:03.650,42,3,30,Pass,88,181,Schalke 04,From Throw In,181,Schalke 04,6324.0,Leon Goretzka,Left Defensive Midfield,88.7,35.4,115.6,29.5,3.357734,True,,,,,,,True,27.539427,-0.21591195,High Pass,,3053.0,Leroy Sané,False,False,left_to_right,False,88.7,35.4,115.6,29.5,False,True,False,False
e9ab118d-d6ad-4724-9bdd-229738644675,3890424,1239,1,00:42:06.536,42,6,17,Pressure,88,181,Schalke 04,From Throw In,872,Darmstadt 98,9217.0,Aytac Sulu,Right Center Back,2.9,49.2,,,0.405197,False,,,,,,,False,,,,,,,False,False,left_to_right,False,2.9,49.2,,,False,False,False,False
92170931-e272-4772-89ff-eab99a0a9a80,3890424,1240,1,00:42:07.007,42,7,42,Ball Receipt*,88,181,Schalke 04,From Throw In,181,Schalke 04,3053.0,Leroy Sané,Right Wing,115.6,29.5,,,,False,,,,,,,False,,,,,,,False,False,left_to_right,False,115.6,29.5,,,False,False,False,False
615d61f4-fa50-4f4e-b150-8915133d362d,3890424,1241,1,00:42:07.007,42,7,30,Pass,88,181,Schalke 04,From Throw In,181,Schalke 04,3053.0,Leroy Sané,Right Wing,117.3,31.5,115.3,44.5,1.1017,False,,,,,,,True,13.152946,1.7234457,Low Pass,,8060.0,Klaas-Jan Huntelaar,False,False,left_to_right,False,117.3,31.5,115.3,44.5,False,True,False,False
fd370152-122f-458d-8333-9848a235b7ff,3890424,1242,1,00:42:08.109,42,8,42,Ball Receipt*,88,181,Schalke 04,From Throw In,181,Schalke 04,8060.0,Klaas-Jan Huntelaar,Center Forward,115.3,44.5,,,,False,,,,,,,False,,,,,,,False,False,left_to_right,False,115.3,44.5,,,False,False,False,False
77f8b89a-a8df-4df8-ba3a-692ed6ba0a9d,3890424,1243,1,00:42:08.109,42,8,43,Carry,88,181,Schalke 04,From Throw In,181,Schalke 04,8060.0,Klaas-Jan Huntelaar,Center Forward,115.3,44.5,114.5,44.1,0.094544,False,,,,,,,False,,,,,,,False,False,left_to_right,False,115.3,44.5,114.5,44.1,False,False,False,False
f73e513d-45b4-4594-8213-8bd2ea8d40c2,3890424,1244,1,00:42:08.204,42,8,30,Pass,88,181,Schalke 04,From Throw In,181,Schalke 04,8060.0,Klaas-Jan Huntelaar,Center Forward,114.5,44.1,116.2,39.1,0.756962,False,,,,,,,True,5.2810984,-1.2430578,Ground Pass,,8508.0,Max Meyer,False,True,left_to_right,False,114.5,44.1,116.2,39.1,False,True,False,False
6c7e2248-47c0-4c31-abf7-034891547fa4,3890424,1245,1,00:42:08.961,42,8,42,Ball Receipt*,88,181,Schalke 04,From Throw In,181,Schalke 04,8508.0,Max Meyer,Center Attacking Midfield,116.2,39.1,,,,False,,,,,,,False,,,,,,,False,False,left_to_right,False,116.2,39.1,,,False,False,False,False
5572227f-4190-4d0b-9005-9ca9e68fd7dc,3890424,1246,1,00:42:08.961,42,8,43,Carry,88,181,Schalke 04,From Throw In,181,Schalke 04,8508.0,Max Meyer,Center Attacking Midfield,116.2,39.1,114.1,39.4,1.290457,True,,,,,,,False,,,,,,,False,False,left_to_right,False,116.2,39.1,114.1,39.4,False,False,False,False
d4d0df42-188b-4664-8a13-e58705e65dd7,3890424,1247,1,00:42:09.840,42,9,17,Pressure,88,181,Schalke 04,From Throw In,872,Darmstadt 98,35033.0,Slobodan Rajković,Left Center Back,4.8,37.7,,,0.560374,False,,,,,,,False,,,,,,,False,False,left_to_right,False,4.8,37.7,,,False,False,False,False
b9b2239b-0192-4c07-9906-6b6189aaab57,3890424,1248,1,00:42:10.251,42,10,16,Shot,88,181,Schalke 04,From Throw In,181,Schalke 04,8508.0,Max Meyer,Center Attacking Midfield,114.1,39.4,120.0,43.8,0.541204,True,0.26857728,Goal,Right Foot,Normal,Open Play,,False,,,,,,,False,False,left_to_right,False,114.1,39.4,120.0,43.8,False,False,False,False
30dad850-3cc3-4c7d-aca9-1ac1b16e8942,3890424,1249,1,00:42:10.792,42,10,23,Goal Keeper,88,181,Schalke 04,From Throw In,872,Darmstadt 98,8306.0,Christian Mathenia,Goalkeeper,3.6,41.4,,,0.0,False,,,,,,,False,,,,,,,False,False,left_to_right,False,3.6,41.4,,,False,False,False,False
d7ab1400-feb3-4287-a3bb-64b43ed5d641,3890424,1250,1,00:43:08.572,43,8,30,Pass,89,872,Darmstadt 98,From Kick Off,872,Darmstadt 98,40477.0,Jan Rosenthal,Center Attacking Midfield,60.0,40.0,60.9,34.4,1.288738,False,,,,,,,True,5.67186,-1.4114447,Ground Pass,Kick Off,9723.0,Sandro Wagner,False,False,left_to_right,False,60.0,40.0,60.9,34.4,False,False,False,False
ae682d7d-63f6-45d4-84ab-355e1a30c8c6,3890424,1251,1,00:43:09.861,43,9,42,Ball Receipt*,89,872,Darmstadt 98,From Kick Off,872,Darmstadt 98,9723.0,Sandro Wagner,Center Forward,60.9,34.4,,,,False,,,,,,,False,,,,,,,False,False,left_to_right,False,60.9,34.4,,,False,False,False,False
7b3f6e55-ae1c-4408-94da-b17115bb1a9f,3890424,1252,1,00:43:09.948,43,9,30,Pass,89,872,Darmstadt 98,From Kick Off,872,Darmstadt 98,9723.0,Sandro Wagner,Center Forward,60.3,34.2,47.8,14.2,1.754983,False,,,,,,,True,23.584953,-2.1293957,Ground Pass,,9404.0,Luca Caldirola,False,False,left_to_right,False,60.3,34.2,47.8,14.2,False,False,False,False
adc09c8d-6972-4f60-bc7e-a08c424c6465,3890424,1253,1,00:43:11.703,43,11,42,Ball Receipt*,89,872,Darmstadt 98,From Kick Off,872,Darmstadt 98,9404.0,Luca Caldirola,Left Back,47.8,14.2,,,,False,,,,,,,False,,,,,,,False,False,left_to_right,False,47.8,14.2,,,False,False,False,False
03abdc8e-f584-4715-a96c-243c5bfa46bc,3890424,1254,1,00:43:14.251,43,14,30,Pass,89,872,Darmstadt 98,From Kick Off,872,Darmstadt 98,9404.0,Luca Caldirola,Left Back,50.9,14.7,85.9,21.1,2.774312,False,,,,,,Incomplete,False,35.58033,0.18085903,High Pass,,40477.0,Jan Rosenthal,False,False,left_to_right,False,50.9,14.7,85.9,21.1,False,True,True,True
8e8412fe-ab80-4dd3-affb-4103c29cc807,3890424,1255,1,00:43:17.025,43,17,42,Ball Receipt*,89,872,Darmstadt 98,From Kick Off,872,Darmstadt 98,40477.0,Jan Rosenthal,Center Attacking Midfield,84.7,21.4,,,,False,,,,,,,False,,,,,,,False,False,left_to_right,False,84.7,21.4,,,False,False,False,False
46b92116-c775-4f89-a2bc-d8e94568205c,3890424,1256,1,00:43:17.025,43,17,4,Duel,89,872,Darmstadt 98,From Kick Off,872,Darmstadt 98,40477.0,Jan Rosenthal,Center Attacking Midfield,85.9,21.1,,,0.0,True,,,,,,,False,,,,,,,False,False,left_to_right,False,85.9,21.1,,,False,False,False,False
bf0ea61c-e8fa-43d1-ac85-f40be2ae4359,3890424,1257,1,00:43:17.025,43,17,30,Pass,89,872,Darmstadt 98,From Kick Off,181,Schalke 04,3502.0,Joël Andre Job Matip,Right Center Back,34.2,59.0,52.6,64.5,1.761784,True,,,,,,,True,19.204426,0.29045928,High Pass,Recovery,8508.0,Max Meyer,False,False,left_to_right,False,34.2,59.0,52.6,64.5,False,False,False,False
553bca22-d038-432c-9e51-aa1ba4937a90,3890424,1258,1,00:43:18.787,43,18,42,Ball Receipt*,89,872,Darmstadt 98,From Kick Off,181,Schalke 04,8508.0,Max Meyer,Center Attacking Midfield,52.6,64.5,,,,False,,,,,,,False,,,,,,,False,False,left_to_right,False,52.6,64.5,,,False,False,False,False
724c9b54-2c5c-4af4-a2e2-5761ffe5fc2c,3890424,1259,1,00:43:18.787,43,18,43,Carry,89,872,Darmstadt 98,From Kick Off,181,Schalke 04,8508.0,Max Meyer,Center Attacking Midfield,52.6,64.5,52.2,62.9,0.014290001,False,,,,,,,False,,,,,,,False,False,left_to_right,False,52.6,64.5,52.2,62.9,False,False,False,False
2a213713-3c6c-4837-adbf-4524117076b8,3890424,1260,1,00:43:18.801,43,18,30,Pass,89,872,Darmstadt 98,From Kick Off,181,Schalke 04,8508.0,Max Meyer,Center Attacking Midfield,52.2,62.9,84.2,74.6,4.38307,False,,,,,,Incomplete,False,34.071835,0.35052627,High Pass,,8060.0,Klaas-Jan Huntelaar,False,False,left_to_right,False,52.2,62.9,84.2,74.6,False,True,True,True
880d5898-c5ea-4609-af4f-e1ad48b634b4,3890424,1261,1,00:43:23.184,43,23,42,Ball Receipt*,89,872,Darmstadt 98,From Kick Off,181,Schalke 04,8060.0,Klaas-Jan Huntelaar,Center Forward,82.5,72.6,,,,False,,,,,,,False,,,,,,,False,False,left_to_right,False,82.5,72.6,,,False,False,False,False
264d026a-c07f-4d10-a2a5-6e948faac0a6,3890424,1262,1,00:43:23.184,43,23,2,Ball Recovery,89,872,Darmstadt 98,From Kick Off,872,Darmstadt 98,35033.0,Slobodan Rajković,Left Center Back,35.9,5.5,,,0.0,False,,,,,,,False,,,,,,,False,False,left_to_right,False,35.9,5.5,,,False,False,False,False
fa3526db-2572-4805-8170-62ef5af7e460,3890424,1263,1,00:43:23.184,43,23,43,Carry,89,872,Darmstadt 98,From Kick Off,872,Darmstadt 98,35033.0,Slobodan Rajković,Left Center Back,35.9,5.5,25.4,4.2,1.87638,True,,,,,,,False,,,,,,,False,False,left_to_right,False,35.9,5.5,25.4,4.2,False,False,False,False
a5b84b7e-d4e2-4688-81df-d29d989f84ae,3890424,1264,1,00:43:24.612,43,24,17,Pressure,89,872,Darmstadt 98,From Kick Off,181,Schalke 04,8060.0,Klaas-Jan Huntelaar,Center Forward,92.6,75.1,,,0.519105,False,,,,,,,False,,,,,,,False,False,left_to_right,False,92.6,75.1,,,False,False,False,False
c6f28896-aef6-41f9-81e6-ff19d6cf68ec,3890424,1265,1,00:43:25.060,43,25,30,Pass,89,872,Darmstadt 98,From Kick Off,872,Darmstadt 98,35033.0,Slobodan Rajković,Left Center Back,25.4,4.2,63.6,11.4,2.48482,True,,,,,,,True,38.872612,0.18629612,High Pass,,9404.0,Luca Caldirola,False,False,left_to_right,False,25.4,4.2,63.6,11.4,False,True,False,False
6f5b5a4d-37b0-443a-b4ab-d506189e3390,3890424,1266,1,00:43:27.545,43,27,42,Ball Receipt*,89,872,Darmstadt 98,From Kick Off,872,Darmstadt 98,9404.0,Luca Caldirola,Left Back,63.6,11.4,,,,False,,,,,,,False,,,,,,,False,False,left_to_right,False,63.6,11.4,,,False,False,False,False
41d396c5-3d02-4c9b-ad55-5399f70fb18f,3890424,1267,1,00:43:27.545,43,27,4,Duel,89,872,Darmstadt 98,From Kick Off,181,Schalke 04,6717.0,Johannes Geis,Right Defensive Midfield,56.5,68.7,,,0.0,True,,,,,,,False,,,,,,,False,False,left_to_right,False,56.5,68.7,,,False,False,False,False
d0187c41-5903-47f4-b7e1-67eab266588b,3890424,1268,1,00:43:27.545,43,27,30,Pass,89,872,Darmstadt 98,From Kick Off,872,Darmstadt 98,9404.0,Luca Caldirola,Left Back,63.6,11.4,74.5,13.6,2.218901,True,,,,,,Incomplete,False,11.119802,0.19915922,High Pass,,9723.0,Sandro Wagner,False,False,left_to_right,False,63.6,11.4,74.5,13.6,False,False,False,True
28d40881-6ebf-4089-ac6a-a9fd0ad14cd4,3890424,1269,1,00:43:29.764,43,29,42,Ball Receipt*,89,872,Darmstadt 98,From Kick Off,872,Darmstadt 98,9723.0,Sandro Wagner,Center Forward,76.1,14.9,,,,False,,,,,,,False,,,,,,,False,False,left_to_right,False,76.1,14.9,,,False,False,False,False
267d6cdf-714b-48fe-aae4-e88304810632,3890424,1270,1,00:43:29.764,43,29,9,Clearance,89,872,Darmstadt 98,From Kick Off,181,Schalke 04,3502.0,Joël Andre Job Matip,Right Center Back,45.6,66.5,,,0.0,True,,,,,,,False,,,,,,,False,False,left_to_right,False,45.6,66.5,,,False,False,False,False
aab64fb5-0f4c-4fdf-9515-55367313bee2,3890424,1271,1,00:43:32.369,43,32,4,Duel,89,872,Darmstadt 98,From Kick Off,181,Schalke 04,6324.0,Leon Goretzka,Left Defensive Midfield,46.9,66.0,,,0.0,True,,,,,,,False,,,,,,,False,False,left_to_right,False,46.9,66.0,,,False,False,False,False
8cefcd62-c9a5-47e2-9496-736ec3bc33b5,3890424,1272,1,00:43:32.369,43,32,30,Pass,89,872,Darmstadt 98,From Kick Off,872,Darmstadt 98,40477.0,Jan Rosenthal,Center Attacking Midfield,73.2,14.1,83.9,12.8,1.549796,True,,,,,,,True,10.778683,-0.12090276,High Pass,Recovery,9723.0,Sandro Wagner,False,False,left_to_right,False,73.2,14.1,83.9,12.8,False,False,True,False
1060e282-4e03-4aa8-a03b-9b0ec3068d31,3890424,1273,1,00:43:33.919,43,33,42,Ball Receipt*,89,872,Darmstadt 98,From Kick Off,872,Darmstadt 98,9723.0,Sandro Wagner,Center Forward,83.9,12.8,,,,False,,,,,,,False,,,,,,,False,False,left_to_right,False,83.9,12.8,,,False,False,False,False
70054527-7fee-477a-8545-40da50f06152,3890424,1274,1,00:43:33.919,43,33,43,Carry,89,872,Darmstadt 98,From Kick Off,872,Darmstadt 98,9723.0,Sandro Wagner,Center Forward,83.9,12.8,81.7,18.1,1.000241,False,,,,,,,False,,,,,,,False,False,left_to_right,False,83.9,12.8,81.7,18.1,False,False,False,False
505cb3ca-abda-4f85-aae9-4896b621d73f,3890424,1275,1,00:43:34.919,43,34,30,Pass,89,872,Darmstadt 98,From Kick Off,872,Darmstadt 98,9723.0,Sandro Wagner,Center Forward,81.7,18.1,73.4,40.8,1.230637,False,,,,,,Incomplete,False,24.169815,1.9213347,Low Pass,,9401.0,Marcel Heller,False,False,left_to_right,False,81.7,18.1,73.4,40.8,False,False,False,True
936bb80f-1e14-478b-8855-8422a7be6085,3890424,1276,1,00:43:36.150,43,36,42,Ball Receipt*,89,872,Darmstadt 98,From Kick Off,872,Darmstadt 98,9401.0,Marcel Heller,Right Midfield,74.5,52.8,,,,False,,,,,,,False,,,,,,,False,False,left_to_right,False,74.5,52.8,,,False,False,False,False
6fe4d725-9098-4b58-b834-c28c2220584d,3890424,1277,1,00:43:36.150,43,36,2,Ball Recovery,90,181,Schalke 04,Regular Play,181,Schalke 04,3499.0,Jean-Eric Maxim Choupo-Moting,Left Wing,46.7,39.3,,,0.0,False,,,,,,,False,,,,,,,False,False,left_to_right,False,46.7,39.3,,,False,False,False,False
650cb005-435d-4a7d-8493-8f2b218a3303,3890424,1278,1,00:43:36.150,43,36,43,Carry,90,181,Schalke 04,Regular Play,181,Schalke 04,3499.0,Jean-Eric Maxim Choupo-Moting,Left Wing,46.7,39.3,40.8,37.0,1.257495,False,,,,,,,False,,,,,,,False,False,left_to_right,False,46.7,39.3,40.8,37.0,False,False,False,False
282adab1-4178-4d8c-91aa-335f56fa66b3,3890424,1279,1,00:43:37.407,43,37,30,Pass,90,181,Schalke 04,Regular Play,181,Schalke 04,3499.0,Jean-Eric Maxim Choupo-Moting,Left Wing,40.8,37.0,25.4,34.1,1.687616,False,,,,,,,True,15.670673,-2.9554608,Ground Pass,,3510.0,Sead Kolašinac,False,False,left_to_right,False,40.8,37.0,25.4,34.1,False,False,False,False
64a13375-ea1c-48a4-ade4-ae976ffed054,3890424,1280,1,00:43:39.095,43,39,42,Ball Receipt*,90,181,Schalke 04,Regular Play,181,Schalke 04,3510.0,Sead Kolašinac,Left Back,25.4,34.1,,,,False,,,,,,,False,,,,,,,False,False,left_to_right,False,25.4,34.1,,,False,False,False,False
4a9654b0-44da-4886-a290-b6a2f6e6966b,3890424,1281,1,00:43:39.095,43,39,43,Carry,90,181,Schalke 04,Regular Play,181,Schalke 04,3510.0,Sead Kolašinac,Left Back,25.4,34.1,24.4,30.1,0.572091,False,,,,,,,False,,,,,,,False,False,left_to_right,False,25.4,34.1,24.4,30.1,False,False,False,False
8f5e62b3-5edd-451c-9501-0864cf482bf4,3890424,1282,1,00:43:39.667,43,39,30,Pass,90,181,Schalke 04,Regular Play,181,Schalke 04,3510.0,Sead Kolašinac,Left Back,24.4,30.1,38.7,18.4,1.727118,False,,,,,,,True,18.47647,-0.6857295,Ground Pass,,3499.0,Jean-Eric Maxim Choupo-Moting,False,False,left_to_right,False,24.4,30.1,38.7,18.4,False,False,False,False
6f5c6386-8059-41dc-a9e8-4fc10f74c89b,3890424,1283,1,00:43:41.394,43,41,42,Ball Receipt*,90,181,Schalke 04,Regular Play,181,Schalke 04,3499.0,Jean-Eric Maxim Choupo-Moting,Left Wing,38.7,18.4,,,,False,,,,,,,False,,,,,,,False,False,left_to_right,False,38.7,18.4,,,False,False,False,False
7f70ae96-b3d2-4016-9d3e-ff42c01b2310,3890424,1284,1,00:43:41.394,43,41,43,Carry,90,181,Schalke 04,Regular Play,181,Schalke 04,3499.0,Jean-Eric Maxim Choupo-Moting,Left Wing,38.7,18.4,42.0,26.0,2.729402,True,,,,,,,False,,,,,,,False,False,left_to_right,False,38.7,18.4,42.0,26.0,False,False,False,False
c9abf2bd-d154-4736-98fc-995fa2b83ca8,3890424,1285,1,00:43:43.791,43,43,17,Pressure,90,181,Schalke 04,Regular Play,872,Darmstadt 98,20522.0,György Garics,Right Back,78.1,57.5,,,0.780698,False,,,,,,,False,,,,,,,False,False,left_to_right,False,78.1,57.5,,,False,False,False,False
02b362c5-70ab-44e1-a12e-4a612ace5e63,3890424,1286,1,00:43:44.123,43,44,30,Pass,90,181,Schalke 04,Regular Play,181,Schalke 04,3499.0,Jean-Eric Maxim Choupo-Moting,Left Wing,42.0,26.0,40.8,39.3,1.393722,True,,,,,,,True,13.354026,1.6607783,Ground Pass,,6717.0,Johannes Geis,False,False,left_to_right,False,42.0,26.0,40.8,39.3,False,False,False,False
82e43f22-3bb5-4884-a75c-024f99db6137,3890424,1287,1,00:43:45.517,43,45,42,Ball Receipt*,90,181,Schalke 04,Regular Play,181,Schalke 04,6717.0,Johannes Geis,Right Defensive Midfield,40.8,39.3,,,,False,,,,,,,False,,,,,,,False,False,left_to_right,False,40.8,39.3,,,False,False,False,False
71e44ff6-40f5-49a9-81ab-9ee955cbee18,3890424,1288,1,00:43:45.517,43,45,43,Carry,90,181,Schalke 04,Regular Play,181,Schalke 04,6717.0,Johannes Geis,Right Defensive Midfield,40.8,39.3,44.7,44.5,3.59337,False,,,,,,,False,,,,,,,False,False,left_to_right,False,40.8,39.3,44.7,44.5,False,False,False,False
4421375e-c3f6-4cc8-8e86-61d39058bf91,3890424,1289,1,00:43:49.110,43,49,30,Pass,90,181,Schalke 04,Regular Play,181,Schalke 04,6717.0,Johannes Geis,Right Defensive Midfield,44.7,44.5,35.4,56.8,1.36211,False,,,,,,,True,15.420116,2.2181885,Ground Pass,,3502.0,Joël Andre Job Matip,False,False,left_to_right,False,44.7,44.5,35.4,56.8,False,False,False,False
5f31dabc-8658-42f5-9d6f-df47d96f491a,3890424,1290,1,00:43:50.472,43,50,42,Ball Receipt*,90,181,Schalke 04,Regular Play,181,Schalke 04,3502.0,Joël Andre Job Matip,Right Center Back,35.4,56.8,,,,False,,,,,,,False,,,,,,,False,False,left_to_right,False,35.4,56.8,,,False,False,False,False
c97ca669-be46-4419-be5f-e3d4487dc6b7,3890424,1291,1,00:43:50.472,43,50,30,Pass,90,181,Schalke 04,Regular Play,181,Schalke 04,3502.0,Joël Andre Job Matip,Right Center Back,35.4,54.1,35.9,32.4,2.147996,False,,,,,,,True,21.70576,-1.5477589,Ground Pass,,16534.0,Roman Neustädter,False,False,left_to_right,False,35.4,54.1,35.9,32.4,False,False,False,False
bd95b15d-b771-4d98-9e65-9f1b9b57c11c,3890424,1292,1,00:43:52.620,43,52,42,Ball Receipt*,90,181,Schalke 04,Regular Play,181,Schalke 04,16534.0,Roman Neustädter,Left Center Back,35.9,32.4,,,,False,,,,,,,False,,,,,,,False,False,left_to_right,False,35.9,32.4,,,False,False,False,False
d6215270-5324-473e-8df0-43aa02962171,3890424,1293,1,00:43:52.620,43,52,43,Carry,90,181,Schalke 04,Regular Play,181,Schalke 04,16534.0,Roman Neustädter,Left Center Back,35.9,32.4,37.6,30.7,1.031264,False,,,,,,,False,,,,,,,False,False,left_to_right,False,35.9,32.4,37.6,30.7,False,False,False,False
519631ef-6d0b-4900-b23d-d8407c710565,3890424,1294,1,00:43:53.652,43,53,30,Pass,90,181,Schalke 04,Regular Play,181,Schalke 04,16534.0,Roman Neustädter,Left Center Back,37.6,30.7,44.8,41.0,1.638699,False,,,,,,,True,12.56702,0.96072227,Ground Pass,,6717.0,Johannes Geis,False,False,left_to_right,False,37.6,30.7,44.8,41.0,False,False,False,False
b8f9709e-b777-4c35-8cd4-f1e070f6bc67,3890424,1295,1,00:43:55.290,43,55,42,Ball Receipt*,90,181,Schalke 04,Regular Play,181,Schalke 04,6717.0,Johannes Geis,Right Defensive Midfield,44.8,41.0,,,,False,,,,,,,False,,,,,,,False,False,left_to_right,False,44.8,41.0,,,False,False,False,False
21445bb8-1b62-4c31-b96c-59cd72d097bb,3890424,1296,1,00:43:55.290,43,55,43,Carry,90,181,Schalke 04,Regular Play,181,Schalke 04,6717.0,Johannes Geis,Right Defensive Midfield,44.8,41.0,44.8,39.8,0.521961,False,,,,,,,False,,,,,,,False,False,left_to_right,False,44.8,41.0,44.8,39.8,False,False,False,False
43ddbfbf-984e-4616-827e-f5c666396d64,3890424,1297,1,00:43:55.812,43,55,30,Pass,90,181,Schalke 04,Regular Play,181,Schalke 04,6717.0,Johannes Geis,Right Defensive Midfield,44.8,39.8,38.1,29.8,2.0,False,,,,,,,True,12.037026,-2.161103,Ground Pass,,16534.0,Roman Neustädter,False,False,left_to_right,False,44.8,39.8,38.1,29.8,False,False,False,False
5ff764f1-188e-4c49-a962-ad656e5a28d3,3890424,1298,1,00:43:57.812,43,57,42,Ball Receipt*,90,181,Schalke 04,Regular Play,181,Schalke 04,16534.0,Roman Neustädter,Left Center Back,38.1,29.8,,,,False,,,,,,,False,,,,,,,False,False,left_to_right,False,38.1,29.8,,,False,False,False,False
aac3d983-e02c-46d9-a2c1-2d465d5647d5,3890424,1299,1,00:44:01.642,44,1,30,Pass,90,181,Schalke 04,Regular Play,181,Schalke 04,16534.0,Roman Neustädter,Left Center Back,49.2,25.6,10.1,39.0,4.852208,False,,,,,,,True,41.33243,2.8114262,Ground Pass,,8517.0,Ralf Fährmann,False,False,left_to_right,False,49.2,25.6,10.1,39.0,False,False,False,False
a08a8a7b-f94f-41b3-b80a-0b2220a4d042,3890424,1300,1,00:44:06.495,44,6,42,Ball Receipt*,90,181,Schalke 04,Regular Play,181,Schalke 04,8517.0,Ralf Fährmann,Goalkeeper,10.1,39.0,,,,False,,,,,,,False,,,,,,,False,False,left_to_right,False,10.1,39.0,,,False,False,False,False
629ee594-ef97-4649-802a-39e0fe6d28bb,3890424,1301,1,00:44:16.802,44,16,30,Pass,90,181,Schalke 04,Regular Play,181,Schalke 04,8517.0,Ralf Fährmann,Goalkeeper,12.8,39.1,42.6,40.9,0.003675,False,,,,,,Incomplete,False,29.854313,0.060329385,High Pass,,,,False,False,left_to_right,False,12.8,39.1,42.6,40.9,False,True,False,True
303f6187-1e0d-4a0b-8fe0-2707ee8ca384,3890424,1302,1,00:44:16.806,44,16,2,Ball Recovery,91,872,Darmstadt 98,Regular Play,872,Darmstadt 98,8388.0,Jérôme Gondorf,Left Defensive Midfield,77.5,39.2,,,0.0,False,,,,,,,False,,,,,,,False,False,left_to_right,False,77.5,39.2,,,False,False,False,False
af86fa07-9a63-4a87-b8fb-ab41e493da43,3890424,1303,1,00:44:17.903,44,17,30,Pass,91,872,Darmstadt 98,Regular Play,872,Darmstadt 98,8388.0,Jérôme Gondorf,Left Defensive Midfield,90.1,50.0,101.2,69.2,1.607835,False,,,,,,,True,22.177692,1.0466167,Ground Pass,,9401.0,Marcel Heller,False,False,left_to_right,False,90.1,50.0,101.2,69.2,False,False,False,False
ce6d1b9e-ae61-4d5d-9287-3411c484d25a,3890424,1304,1,00:44:19.511,44,19,42,Ball Receipt*,91,872,Darmstadt 98,Regular Play,872,Darmstadt 98,9401.0,Marcel Heller,Right Midfield,101.2,69.2,,,,False,,,,,,,False,,,,,,,False,False,left_to_right,False,101.2,69.2,,,False,False,False,False
6daa575f-28e6-43a1-b1c0-604f5f3ce78e,3890424,1305,1,00:44:20.325,44,20,30,Pass,91,872,Darmstadt 98,Regular Play,872,Darmstadt 98,9401.0,Marcel Heller,Right Midfield,105.3,69.1,108.7,44.9,1.357721,False,,,,,,Incomplete,False,24.437675,-1.4312141,High Pass,,9723.0,Sandro Wagner,False,False,left_to_right,False,105.3,69.1,108.7,44.9,False,True,False,True
09cbeae3-40a0-463f-b43d-c26b488db15f,3890424,1306,1,00:44:21.683,44,21,42,Ball Receipt*,91,872,Darmstadt 98,Regular Play,872,Darmstadt 98,9723.0,Sandro Wagner,Center Forward,106.8,42.7,,,,False,,,,,,,False,,,,,,,False,False,left_to_right,False,106.8,42.7,,,False,False,False,False
69349443-a2de-49fc-ba37-1b53bad93371,3890424,1307,1,00:44:21.683,44,21,9,Clearance,91,872,Darmstadt 98,Regular Play,181,Schalke 04,6324.0,Leon Goretzka,Left Defensive Midfield,11.4,35.2,,,0.0,True,,,,,,,False,,,,,,,False,False,left_to_right,False,11.4,35.2,,,False,False,False,False
8df86060-b7cf-40c4-a80f-b90094716832,3890424,1308,1,00:44:23.100,44,23,30,Pass,92,181,Schalke 04,Regular Play,181,Schalke 04,8508.0,Max Meyer,Center Attacking Midfield,24.5,35.1,35.8,31.2,1.541225,False,,,,,,,True,11.954079,-0.33233216,Low Pass,Recovery,3499.0,Jean-Eric Maxim Choupo-Moting,False,False,left_to_right,False,24.5,35.1,35.8,31.2,False,False,False,False
0eedee33-83ac-45f5-bee0-4e6a6c6d9886,3890424,1309,1,00:44:24.641,44,24,42,Ball Receipt*,92,181,Schalke 04,Regular Play,181,Schalke 04,3499.0,Jean-Eric Maxim Choupo-Moting,Left Wing,35.8,31.2,,,,False,,,,,,,False,,,,,,,False,False,left_to_right,False,35.8,31.2,,,False,False,False,False
1949060e-8ad5-456c-82fe-1ca2ea97a0ba,3890424,1310,1,00:44:24.641,44,24,43,Carry,92,181,Schalke 04,Regular Play,181,Schalke 04,3499.0,Jean-Eric Maxim Choupo-Moting,Left Wing,35.8,31.2,41.1,42.3,1.741446,False,,,,,,,False,,,,,,,False,False,left_to_right,False,35.8,31.2,41.1,42.3,False,False,False,False
f55644e4-a636-4150-89f5-8674606ce575,3890424,1311,1,00:44:26.383,44,26,30,Pass,92,181,Schalke 04,Regular Play,181,Schalke 04,3499.0,Jean-Eric Maxim Choupo-Moting,Left Wing,41.1,42.3,54.7,44.9,0.535272,False,,,,,,,True,13.846299,0.18889718,Low Pass,,3053.0,Leroy Sané,False,False,left_to_right,False,41.1,42.3,54.7,44.9,False,False,False,False
f7500ede-b0ab-4e2d-ba6d-ac0c91027c53,3890424,1312,1,00:44:26.918,44,26,42,Ball Receipt*,92,181,Schalke 04,Regular Play,181,Schalke 04,3053.0,Leroy Sané,Right Wing,54.7,44.9,,,,False,,,,,,,False,,,,,,,False,False,left_to_right,False,54.7,44.9,,,False,False,False,False
d0f7f139-653b-4fbb-931a-a731b49f943a,3890424,1313,1,00:44:26.918,44,26,43,Carry,92,181,Schalke 04,Regular Play,181,Schalke 04,3053.0,Leroy Sané,Right Wing,54.7,44.9,53.1,40.9,0.773216,False,,,,,,,False,,,,,,,False,False,left_to_right,False,54.7,44.9,53.1,40.9,False,False,False,False
f27c092f-9bad-4c25-b626-ef57f60ac6ca,3890424,1314,1,00:44:27.691,44,27,38,Miscontrol,92,181,Schalke 04,Regular Play,181,Schalke 04,3053.0,Leroy Sané,Right Wing,53.1,40.9,,,0.0,False,,,,,,,False,,,,,,,False,False,left_to_right,False,53.1,40.9,,,False,False,False,True
33c50642-c375-438b-9a95-0b292a8ccfb2,3890424,1315,1,00:44:28.369,44,28,30,Pass,92,181,Schalke 04,Regular Play,872,Darmstadt 98,40467.0,Peter Niemeyer,Right Defensive Midfield,68.2,41.0,72.5,29.1,2.158182,False,,,,,,Incomplete,False,12.653063,-1.224051,Low Pass,Recovery,20522.0,György Garics,False,False,left_to_right,False,68.2,41.0,72.5,29.1,False,False,False,True
21eb34c5-3b01-4388-b40c-0789f135fff1,3890424,1316,1,00:44:30.528,44,30,42,Ball Receipt*,92,181,Schalke 04,Regular Play,872,Darmstadt 98,20522.0,György Garics,Right Back,66.8,34.4,,,,False,,,,,,,False,,,,,,,False,False,left_to_right,False,66.8,34.4,,,False,False,False,False
301b105c-e22d-46b1-8395-8464f7a0e3d6,3890424,1317,1,00:44:30.528,44,30,2,Ball Recovery,92,181,Schalke 04,Regular Play,181,Schalke 04,3499.0,Jean-Eric Maxim Choupo-Moting,Left Wing,47.6,51.0,,,0.0,False,,,,,,,False,,,,,,,False,False,left_to_right,False,47.6,51.0,,,False,False,False,False
e4d58af5-8951-4dca-aa17-a091f8657dbf,3890424,1318,1,00:44:30.528,44,30,43,Carry,92,181,Schalke 04,Regular Play,181,Schalke 04,3499.0,Jean-Eric Maxim Choupo-Moting,Left Wing,47.6,51.0,48.3,53.1,0.811802,False,,,,,,,False,,,,,,,False,False,left_to_right,False,47.6,51.0,48.3,53.1,False,False,False,False
d119b825-f23d-4a4a-a536-319e66bcdbca,3890424,1319,1,00:44:31.339,44,31,30,Pass,92,181,Schalke 04,Regular Play,181,Schalke 04,3499.0,Jean-Eric Maxim Choupo-Moting,Left Wing,48.3,53.1,48.6,70.1,1.703077,False,,,,,,,True,17.002647,1.5531511,Ground Pass,,30312.0,Uilson de Souza Paula Júnior,False,False,left_to_right,False,48.3,53.1,48.6,70.1,False,False,False,False
ee968ad4-df12-494a-b277-aa1b2dd0855e,3890424,1320,1,00:44:33.042,44,33,42,Ball Receipt*,92,181,Schalke 04,Regular Play,181,Schalke 04,30312.0,Uilson de Souza Paula Júnior,Right Back,48.6,70.1,,,,False,,,,,,,False,,,,,,,False,False,left_to_right,False,48.6,70.1,,,False,False,False,False
35bbb478-d08d-4489-a5d3-41ac01161037,3890424,1321,1,00:44:33.042,44,33,43,Carry,92,181,Schalke 04,Regular Play,181,Schalke 04,30312.0,Uilson de Souza Paula Júnior,Right Back,48.6,70.1,48.9,69.9,1.214919,False,,,,,,,False,,,,,,,False,False,left_to_right,False,48.6,70.1,48.9,69.9,False,False,False,False
35248217-de36-4890-b016-5799a7914438,3890424,1322,1,00:44:34.257,44,34,30,Pass,92,181,Schalke 04,Regular Play,181,Schalke 04,30312.0,Uilson de Souza Paula Júnior,Right Back,48.9,69.9,49.5,59.5,0.897904,False,,,,,,,True,10.417294,-1.5131679,Ground Pass,,3499.0,Jean-Eric Maxim Choupo-Moting,False,False,left_to_right,False,48.9,69.9,49.5,59.5,False,False,False,False
edcb2a4e-61c7-4173-9bc3-0f886dc30447,3890424,1323,1,00:44:35.155,44,35,42,Ball Receipt*,92,181,Schalke 04,Regular Play,181,Schalke 04,3499.0,Jean-Eric Maxim Choupo-Moting,Left Wing,49.5,59.5,,,,False,,,,,,,False,,,,,,,False,False,left_to_right,False,49.5,59.5,,,False,False,False,False
521cfaaa-0e60-4a52-8110-0547f60dd65e,3890424,1324,1,00:44:35.155,44,35,30,Pass,92,181,Schalke 04,Regular Play,181,Schalke 04,3499.0,Jean-Eric Maxim Choupo-Moting,Left Wing,50.0,60.2,72.8,70.7,3.289532,False,,,,,,,True,25.101593,0.43157306,Ground Pass,,30312.0,Uilson de Souza Paula Júnior,False,False,left_to_right,False,50.0,60.2,72.8,70.7,False,False,False,False
53b8fbb5-3987-4cea-bf4d-dc66d42e1101,3890424,1325,1,00:44:38.445,44,38,42,Ball Receipt*,92,181,Schalke 04,Regular Play,181,Schalke 04,30312.0,Uilson de Souza Paula Júnior,Right Back,72.8,70.7,,,,False,,,,,,,False,,,,,,,False,False,left_to_right,False,72.8,70.7,,,False,False,False,False
7bc2503f-114a-438a-b1b8-b6465e607a1f,3890424,1326,1,00:44:38.445,44,38,43,Carry,92,181,Schalke 04,Regular Play,181,Schalke 04,30312.0,Uilson de Souza Paula Júnior,Right Back,72.8,70.7,83.9,73.5,1.085116,True,,,,,,,False,,,,,,,False,False,left_to_right,False,72.8,70.7,83.9,73.5,False,False,False,False
a04fd49c-a3b8-4b67-9b41-e7fc665568ba,3890424,1327,1,00:44:39.407,44,39,17,Pressure,92,181,Schalke 04,Regular Play,872,Darmstadt 98,11134.0,Konstantin Rausch,Left Midfield,38.6,7.7,,,0.848246,False,,,,,,,False,,,,,,,False,False,left_to_right,False,38.6,7.7,,,False,False,False,False
16d5a698-c86b-48da-9059-e852364b4534,3890424,1328,1,00:44:39.530,44,39,30,Pass,92,181,Schalke 04,Regular Play,181,Schalke 04,30312.0,Uilson de Souza Paula Júnior,Right Back,83.9,73.5,96.9,74.9,1.314789,True,,,,,,,True,13.075168,0.10727885,Ground Pass,,8060.0,Klaas-Jan Huntelaar,False,False,left_to_right,False,83.9,73.5,96.9,74.9,False,False,False,False
4253a50c-aad9-405d-ac7f-843fff27780a,3890424,1329,1,00:44:40.845,44,40,42,Ball Receipt*,92,181,Schalke 04,Regular Play,181,Schalke 04,8060.0,Klaas-Jan Huntelaar,Center Forward,96.9,74.9,,,,False,,,,,,,False,,,,,,,False,False,left_to_right,False,96.9,74.9,,,False,False,False,False
19cf4efa-ed8d-4dff-9c2d-066a64f00621,3890424,1330,1,00:44:40.845,44,40,43,Carry,92,181,Schalke 04,Regular Play,181,Schalke 04,8060.0,Klaas-Jan Huntelaar,Center Forward,96.9,74.9,90.1,59.3,3.79954,False,,,,,,,False,,,,,,,False,False,left_to_right,False,96.9,74.9,90.1,59.3,False,False,False,False
bb35aed7-08be-4754-816e-93afc5d87efe,3890424,1331,1,00:44:44.644,44,44,30,Pass,92,181,Schalke 04,Regular Play,181,Schalke 04,8060.0,Klaas-Jan Huntelaar,Center Forward,90.1,59.3,84.8,38.1,1.382605,False,,,,,,,True,21.852459,-1.815775,Ground Pass,,3499.0,Jean-Eric Maxim Choupo-Moting,False,False,left_to_right,False,90.1,59.3,84.8,38.1,False,False,False,False
45d1eccd-a961-4e0b-9558-4382c6135448,3890424,1332,1,00:44:46.027,44,46,42,Ball Receipt*,92,181,Schalke 04,Regular Play,181,Schalke 04,3499.0,Jean-Eric Maxim Choupo-Moting,Left Wing,84.8,38.1,,,,False,,,,,,,False,,,,,,,False,False,left_to_right,False,84.8,38.1,,,False,False,False,False
8f4901b2-1026-4b52-867d-d374a182da94,3890424,1333,1,00:44:46.027,44,46,43,Carry,92,181,Schalke 04,Regular Play,181,Schalke 04,3499.0,Jean-Eric Maxim Choupo-Moting,Left Wing,84.8,38.1,86.1,44.1,2.575667,False,,,,,,,False,,,,,,,False,False,left_to_right,False,84.8,38.1,86.1,44.1,False,False,False,False
46bd9a18-aa4b-43ad-857a-b15ee008c2ef,3890424,1334,1,00:44:48.603,44,48,30,Pass,92,181,Schalke 04,Regular Play,181,Schalke 04,3499.0,Jean-Eric Maxim Choupo-Moting,Left Wing,86.1,44.1,97.2,53.7,1.054926,False,,,,,,,True,14.675489,0.71306086,Ground Pass,,8508.0,Max Meyer,False,False,left_to_right,False,86.1,44.1,97.2,53.7,False,False,False,False
16a05e06-242e-4e96-b7f0-617311bda131,3890424,1335,1,00:44:49.657,44,49,42,Ball Receipt*,92,181,Schalke 04,Regular Play,181,Schalke 04,8508.0,Max Meyer,Center Attacking Midfield,97.2,53.7,,,,False,,,,,,,False,,,,,,,False,False,left_to_right,False,97.2,53.7,,,False,False,False,False
fa5cb73c-3c30-4854-b5bb-8d05683bca44,3890424,1336,1,00:44:49.657,44,49,43,Carry,92,181,Schalke 04,Regular Play,181,Schalke 04,8508.0,Max Meyer,Center Attacking Midfield,97.2,53.7,97.5,54.0,0.308612,False,,,,,,,False,,,,,,,False,False,left_to_right,False,97.2,53.7,97.5,54.0,False,False,False,False
ace52568-5db4-4226-a44c-21d16999da60,3890424,1337,1,00:44:49.966,44,49,30,Pass,92,181,Schalke 04,Regular Play,181,Schalke 04,8508.0,Max Meyer,Center Attacking Midfield,97.5,54.0,100.9,55.7,1.206293,False,,,,,,,True,3.8013155,0.4636476,Ground Pass,,3053.0,Leroy Sané,False,False,left_to_right,False,97.5,54.0,100.9,55.7,False,False,False,False
23491652-0a90-4696-bc91-ae3fedce28d6,3890424,1338,1,00:44:50.050,44,50,17,Pressure,92,181,Schalke 04,Regular Play,872,Darmstadt 98,9404.0,Luca Caldirola,Left Back,21.5,25.8,,,0.295446,False,,,,,,,False,,,,,,,False,False,left_to_right,False,21.5,25.8,,,False,False,False,False
91232dd8-ff47-4a79-a1cc-4d40187bc94f,3890424,1339,1,00:44:50.346,44,50,42,Ball Receipt*,92,181,Schalke 04,Regular Play,181,Schalke 04,3053.0,Leroy Sané,Right Wing,100.9,55.7,,,,True,,,,,,,False,,,,,,,False,False,left_to_right,False,100.9,55.7,,,False,False,False,False
0aabe96f-5b99-4925-b22a-99bb9897dcb1,3890424,1340,1,00:44:50.346,44,50,43,Carry,92,181,Schalke 04,Regular Play,181,Schalke 04,3053.0,Leroy Sané,Right Wing,100.9,55.7,95.1,67.4,2.99614,True,,,,,,,False,,,,,,,False,False,left_to_right,False,100.9,55.7,95.1,67.4,False,False,False,False
8678cbfc-721d-4f1f-b472-d6e6572f0bba,3890424,1341,1,00:44:50.346,44,50,6,Block,92,181,Schalke 04,Regular Play,872,Darmstadt 98,9404.0,Luca Caldirola,Left Back,22.3,24.7,,,0.0,False,,,,,,,False,,,,,,,False,False,left_to_right,False,22.3,24.7,,,False,False,False,False
b8c7d5b8-884b-4e3c-a6ce-682db51d306d,3890424,1342,1,00:44:53.342,44,53,30,Pass,92,181,Schalke 04,Regular Play,181,Schalke 04,3053.0,Leroy Sané,Right Wing,95.1,67.4,101.1,75.7,1.361382,False,,,,,,,True,10.241582,0.94487154,Ground Pass,,30312.0,Uilson de Souza Paula Júnior,False,False,left_to_right,False,95.1,67.4,101.1,75.7,False,False,False,False
b5ca0767-aeee-44b7-a468-9ffa5c28aa36,3890424,1343,1,00:44:54.703,44,54,42,Ball Receipt*,92,181,Schalke 04,Regular Play,181,Schalke 04,30312.0,Uilson de Souza Paula Júnior,Right Back,101.1,75.7,,,,False,,,,,,,False,,,,,,,False,False,left_to_right,False,101.1,75.7,,,False,False,False,False
6421f11f-e19f-4a13-a321-361c5fecf658,3890424,1344,1,00:44:54.703,44,54,43,Carry,92,181,Schalke 04,Regular Play,181,Schalke 04,30312.0,Uilson de Souza Paula Júnior,Right Back,101.1,75.7,102.2,74.0,0.81558,False,,,,,,,False,,,,,,,False,False,left_to_right,False,101.1,75.7,102.2,74.0,False,False,False,False
45845047-7d7f-4ab9-8196-353abe368477,3890424,1345,1,00:44:55.519,44,55,30,Pass,92,181,Schalke 04,Regular Play,181,Schalke 04,30312.0,Uilson de Souza Paula Júnior,Right Back,102.2,74.0,92.9,66.8,1.7912,False,,,,,,,True,11.761377,-2.4827867,Ground Pass,,3053.0,Leroy Sané,False,False,left_to_right,False,102.2,74.0,92.9,66.8,False,False,False,False
d4b98c1a-d1f7-4ceb-9510-c6498ed58d9a,3890424,1346,1,00:44:57.310,44,57,42,Ball Receipt*,92,181,Schalke 04,Regular Play,181,Schalke 04,3053.0,Leroy Sané,Right Wing,92.9,66.8,,,,False,,,,,,,False,,,,,,,False,False,left_to_right,False,92.9,66.8,,,False,False,False,False
422d72e2-ec4e-4973-b0c1-870f61fa8611,3890424,1347,1,00:44:57.310,44,57,43,Carry,92,181,Schalke 04,Regular Play,181,Schalke 04,3053.0,Leroy Sané,Right Wing,92.9,66.8,91.9,64.5,0.229649,False,,,,,,,False,,,,,,,False,False,left_to_right,False,92.9,66.8,91.9,64.5,False,False,False,False
a3ded103-8200-4684-b47d-4e3443e9164d,3890424,1348,1,00:44:57.540,44,57,30,Pass,92,181,Schalke 04,Regular Play,181,Schalke 04,3053.0,Leroy Sané,Right Wing,91.9,64.5,89.0,50.1,1.362618,False,,,,,,,True,14.689112,-1.769527,Ground Pass,,6717.0,Johannes Geis,False,False,left_to_right,False,91.9,64.5,89.0,50.1,False,False,False,False
c9c0e235-52c9-4ee4-921c-d15d89cbbb12,3890424,1349,1,00:44:58.902,44,58,42,Ball Receipt*,92,181,Schalke 04,Regular Play,181,Schalke 04,6717.0,Johannes Geis,Right Defensive Midfield,89.0,50.1,,,,False,,,,,,,False,,,,,,,False,False,left_to_right,False,89.0,50.1,,,False,False,False,False
357f1061-f484-4514-ab39-8f646418b876,3890424,1350,1,00:44:58.902,44,58,43,Carry,92,181,Schalke 04,Regular Play,181,Schalke 04,6717.0,Johannes Geis,Right Defensive Midfield,89.0,50.1,95.1,53.4,1.846442,False,,,,,,,False,,,,,,,False,False,left_to_right,False,89.0,50.1,95.1,53.4,False,False,False,False
0f7529c1-3cbb-4890-9a11-a215e2515898,3890424,1351,1,00:45:00.749,45,0,30,Pass,92,181,Schalke 04,Regular Play,181,Schalke 04,6717.0,Johannes Geis,Right Defensive Midfield,95.1,53.4,105.8,75.2,1.695646,False,,,,,,,True,24.284357,1.1145151,Ground Pass,,30312.0,Uilson de Souza Paula Júnior,False,False,left_to_right,False,95.1,53.4,105.8,75.2,False,False,False,False
f481fcd5-d899-4721-8f0d-199e766ae78d,3890424,1352,1,00:45:02.445,45,2,42,Ball Receipt*,92,181,Schalke 04,Regular Play,181,Schalke 04,30312.0,Uilson de Souza Paula Júnior,Right Back,105.8,75.2,,,,False,,,,,,,False,,,,,,,False,False,left_to_right,False,105.8,75.2,,,False,False,False,False
029fa2e4-0007-4fe4-ad71-b791766c1e73,3890424,1353,1,00:45:02.445,45,2,43,Carry,92,181,Schalke 04,Regular Play,181,Schalke 04,30312.0,Uilson de Souza Paula Júnior,Right Back,105.8,75.2,105.1,72.6,0.613827,False,,,,,,,False,,,,,,,False,False,left_to_right,False,105.8,75.2,105.1,72.6,False,False,False,False
eafaf18a-f395-4030-b787-a6f5fb49a9b8,3890424,1354,1,00:45:03.058,45,3,30,Pass,92,181,Schalke 04,Regular Play,181,Schalke 04,30312.0,Uilson de Souza Paula Júnior,Right Back,105.1,72.6,88.7,65.1,1.925864,False,,,,,,,True,18.033579,-2.7126706,Ground Pass,,3053.0,Leroy Sané,False,False,left_to_right,False,105.1,72.6,88.7,65.1,False,False,False,False
9e009d95-9f35-4a4c-927f-0fada7b464ca,3890424,1355,1,00:45:09.629,45,9,34,Half End,92,181,Schalke 04,Regular Play,181,Schalke 04,,,,,,,,0.0,False,,,,,,,False,,,,,,,False,False,left_to_right,False,,,,,False,False,False,False
3a3ec15e-97ee-4dbf-8147-310ee0ccf848,3890424,1356,1,00:45:09.629,45,9,34,Half End,92,181,Schalke 04,Regular Play,872,Darmstadt 98,,,,,,,,0.0,False,,,,,,,False,,,,,,,False,False,left_to_right,False,,,,,False,False,False,False
41e6e09b-7fed-4bba-a4b8-a9dc1129b64f,3890424,1357,2,00:00:00.000,45,0,18,Half Start,92,181,Schalke 04,Regular Play,872,Darmstadt 98,,,,,,,,0.0,False,,,,,,,False,,,,,,,False,False,left_to_right,False,,,,,False,False,False,False
54fca292-340d-479a-b7c0-7fb62edbecad,3890424,1358,2,00:00:00.000,45,0,18,Half Start,92,181,Schalke 04,Regular Play,181,Schalke 04,,,,,,,,0.0,False,,,,,,,False,,,,,,,False,False,left_to_right,False,,,,,False,False,False,False
ae7c3664-7321-4e6c-92f5-aa2e53a4f0dc,3890424,1359,2,00:00:00.996,45,0,30,Pass,93,872,Darmstadt 98,From Kick Off,872,Darmstadt 98,40477.0,Jan Rosenthal,Center Attacking Midfield,61.0,40.1,58.4,42.9,1.696874,False,,,,,,,True,3.8209946,2.3191743,Ground Pass,Kick Off,9723.0,Sandro Wagner,False,False,left_to_right,False,61.0,40.1,58.4,42.9,False,False,False,False
0294474e-6309-4f3c-8741-15e4261a4b3d,3890424,1360,2,00:00:02.364,45,2,17,Pressure,93,872,Darmstadt 98,From Kick Off,181,Schalke 04,8060.0,Klaas-Jan Huntelaar,Center Forward,59.0,36.3,,,0.614981,False,,,,,,,False,,,,,,,False,False,left_to_right,False,59.0,36.3,,,False,False,False,False
c5f706fb-79ee-4f3d-8e57-02af701a19ba,3890424,1361,2,00:00:02.692,45,2,42,Ball Receipt*,93,872,Darmstadt 98,From Kick Off,872,Darmstadt 98,9723.0,Sandro Wagner,Center Forward,58.4,42.9,,,,True,,,,,,,False,,,,,,,False,False,left_to_right,False,58.4,42.9,,,False,False,False,False
53173186-0b8d-4021-889f-139b1c559d71,3890424,1362,2,00:00:02.692,45,2,30,Pass,93,872,Darmstadt 98,From Kick Off,872,Darmstadt 98,9723.0,Sandro Wagner,Center Forward,59.4,39.9,85.8,11.2,2.501311,True,,,,,,Incomplete,False,38.995514,-0.82711625,High Pass,,11134.0,Konstantin Rausch,False,False,left_to_right,False,59.4,39.9,85.8,11.2,False,True,True,True
04d0a1cb-ad80-4421-ac05-9ec261ff109f,3890424,1363,2,00:00:05.194,45,5,42,Ball Receipt*,93,872,Darmstadt 98,From Kick Off,872,Darmstadt 98,11134.0,Konstantin Rausch,Left Midfield,83.3,11.2,,,,False,,,,,,,False,,,,,,,False,False,left_to_right,False,83.3,11.2,,,False,False,False,False
a005e939-911c-4a09-9c3f-5c66d690cfd6,3890424,1364,2,00:00:05.194,45,5,9,Clearance,93,872,Darmstadt 98,From Kick Off,181,Schalke 04,30312.0,Uilson de Souza Paula Júnior,Right Back,34.3,68.9,,,0.0,True,,,,,,,False,,,,,,,False,False,left_to_right,False,34.3,68.9,,,False,False,False,False
12c113dd-cbb1-4d63-9f8e-42ddf93c0e13,3890424,1365,2,00:00:07.712,45,7,30,Pass,93,872,Darmstadt 98,From Kick Off,872,Darmstadt 98,35033.0,Slobodan Rajković,Left Center Back,46.2,27.4,69.8,20.9,1.303438,False,,,,,,Incomplete,False,24.478765,-0.26876011,High Pass,Recovery,40477.0,Jan Rosenthal,False,False,left_to_right,False,46.2,27.4,69.8,20.9,False,True,False,True
d0f35d12-2ae7-498b-92a0-fe1245381749,3890424,1366,2,00:00:09.015,45,9,42,Ball Receipt*,93,872,Darmstadt 98,From Kick Off,872,Darmstadt 98,40477.0,Jan Rosenthal,Center Attacking Midfield,61.9,20.4,,,,False,,,,,,,False,,,,,,,False,False,left_to_right,False,61.9,20.4,,,False,False,False,False
5d90d5d3-c86f-4f94-a511-bc1b12fdfc40,3890424,1367,2,00:00:09.015,45,9,2,Ball Recovery,94,181,Schalke 04,Regular Play,181,Schalke 04,3053.0,Leroy Sané,Right Wing,50.3,59.2,,,0.0,False,,,,,,,False,,,,,,,False,False,left_to_right,False,50.3,59.2,,,False,False,False,False
de5f0968-5c60-4e12-87ba-e6f144c76668,3890424,1368,2,00:00:09.015,45,9,43,Carry,94,181,Schalke 04,Regular Play,181,Schalke 04,3053.0,Leroy Sané,Right Wing,50.3,59.2,50.6,58.8,1.57195,True,,,,,,,False,,,,,,,False,False,left_to_right,False,50.3,59.2,50.6,58.8,False,False,False,False
603493b0-64ae-4709-970c-dd117cb7b020,3890424,1369,2,00:00:10.557,45,10,17,Pressure,94,181,Schalke 04,Regular Play,872,Darmstadt 98,40477.0,Jan Rosenthal,Center Attacking Midfield,70.1,22.1,,,0.284322,False,,,,,,,False,,,,,,,False,False,left_to_right,False,70.1,22.1,,,False,False,False,False
0ce5b68b-fe95-4057-b4b3-3719e762e7ec,3890424,1370,2,00:00:10.587,45,10,30,Pass,94,181,Schalke 04,Regular Play,181,Schalke 04,3053.0,Leroy Sané,Right Wing,50.6,58.8,27.6,47.5,1.241898,True,,,,,,,True,25.625963,-2.6849258,Low Pass,,3502.0,Joël Andre Job Matip,False,False,left_to_right,False,50.6,58.8,27.6,47.5,False,False,False,False
c38d9689-93fa-4c87-98b8-a4fdb2f740e9,3890424,1371,2,00:00:11.829,45,11,42,Ball Receipt*,94,181,Schalke 04,Regular Play,181,Schalke 04,3502.0,Joël Andre Job Matip,Right Center Back,27.6,47.5,,,,False,,,,,,,False,,,,,,,False,False,left_to_right,False,27.6,47.5,,,False,False,False,False
b7b5bde7-bc90-447d-8841-081ed5c9a2d0,3890424,1372,2,00:00:11.829,45,11,43,Carry,94,181,Schalke 04,Regular Play,181,Schalke 04,3502.0,Joël Andre Job Matip,Right Center Back,27.6,47.5,31.4,51.0,1.761123,True,,,,,,,False,,,,,,,False,False,left_to_right,False,27.6,47.5,31.4,51.0,False,False,False,False
6a4e5de1-bc5b-4c17-967a-ac62560a3b98,3890424,1373,2,00:00:13.246,45,13,17,Pressure,94,181,Schalke 04,Regular Play,872,Darmstadt 98,9723.0,Sandro Wagner,Center Forward,88.1,32.4,,,0.640348,False,,,,,,,False,,,,,,,False,False,left_to_right,False,88.1,32.4,,,False,False,False,False
9d057463-7d9a-4c00-9315-8418ce99b17e,3890424,1374,2,00:00:13.590,45,13,30,Pass,94,181,Schalke 04,Regular Play,181,Schalke 04,3502.0,Joël Andre Job Matip,Right Center Back,31.4,51.0,62.0,52.0,1.276595,True,,,,,,Incomplete,False,30.616335,0.032668114,High Pass,,8060.0,Klaas-Jan Huntelaar,False,False,left_to_right,False,31.4,51.0,62.0,52.0,False,True,False,True
52624f8d-e854-4a6a-9959-a9a837ecfd04,3890424,1375,2,00:00:14.867,45,14,42,Ball Receipt*,94,181,Schalke 04,Regular Play,181,Schalke 04,8060.0,Klaas-Jan Huntelaar,Center Forward,56.8,53.5,,,,False,,,,,,,False,,,,,,,False,False,left_to_right,False,56.8,53.5,,,False,False,False,False
fcb49b75-eb97-45f4-9d9a-5e866a60a724,3890424,1376,2,00:00:14.867,45,14,30,Pass,94,181,Schalke 04,Regular Play,872,Darmstadt 98,40467.0,Peter Niemeyer,Right Defensive Midfield,58.1,28.1,80.8,44.1,2.068255,False,,,,,,Incomplete,False,27.772108,0.6139708,High Pass,Recovery,40477.0,Jan Rosenthal,False,False,left_to_right,False,58.1,28.1,80.8,44.1,False,True,True,True
5e8f5805-2451-4435-9f93-7a7296f6073d,3890424,1377,2,00:00:16.935,45,16,42,Ball Receipt*,94,181,Schalke 04,Regular Play,872,Darmstadt 98,40477.0,Jan Rosenthal,Center Attacking Midfield,78.1,39.3,,,,False,,,,,,,False,,,,,,,False,False,left_to_right,False,78.1,39.3,,,False,False,False,False
3e563379-f3c8-48a1-b095-c4671bf9cc3d,3890424,1378,2,00:00:16.935,45,16,30,Pass,94,181,Schalke 04,Regular Play,181,Schalke 04,16534.0,Roman Neustädter,Left Center Back,39.3,36.0,56.2,39.2,1.557213,False,,,,,,,True,17.20029,0.18713365,High Pass,Recovery,6324.0,Leon Goretzka,False,False,left_to_right,False,39.3,36.0,56.2,39.2,False,False,False,False
4bfa7d87-0a7f-4e95-a764-a1d9bf1e9c40,3890424,1379,2,00:00:18.332,45,18,17,Pressure,94,181,Schalke 04,Regular Play,872,Darmstadt 98,40467.0,Peter Niemeyer,Right Defensive Midfield,62.6,40.4,,,0.551436,False,,,,,,,False,,,,,,,False,False,left_to_right,False,62.6,40.4,,,False,False,False,False
838c9e1c-8aaf-43a2-9abc-dae0d0312764,3890424,1380,2,00:00:18.492,45,18,42,Ball Receipt*,94,181,Schalke 04,Regular Play,181,Schalke 04,6324.0,Leon Goretzka,Left Defensive Midfield,56.2,39.2,,,,True,,,,,,,False,,,,,,,False,False,left_to_right,False,56.2,39.2,,,False,False,False,False
4dea5a26-900b-4379-816e-179a4995e323,3890424,1381,2,00:00:18.492,45,18,30,Pass,94,181,Schalke 04,Regular Play,181,Schalke 04,6324.0,Leon Goretzka,Left Defensive Midfield,55.7,39.7,65.3,43.6,1.390292,True,,,,,,,True,10.36195,0.38588268,High Pass,,8508.0,Max Meyer,False,False,left_to_right,False,55.7,39.7,65.3,43.6,False,False,False,False
841739d3-43fa-4d60-b7c2-b496bcd26295,3890424,1382,2,00:00:19.883,45,19,42,Ball Receipt*,94,181,Schalke 04,Regular Play,181,Schalke 04,8508.0,Max Meyer,Center Attacking Midfield,65.3,43.6,,,,False,,,,,,,False,,,,,,,False,False,left_to_right,False,65.3,43.6,,,False,False,False,False
b2271c36-1b03-47b5-8206-4826b6e390fd,3890424,1383,2,00:00:19.883,45,19,43,Carry,94,181,Schalke 04,Regular Play,181,Schalke 04,8508.0,Max Meyer,Center Attacking Midfield,65.3,43.6,83.1,49.5,2.673146,True,,,,,,,False,,,,,,,False,False,left_to_right,False,65.3,43.6,83.1,49.5,True,False,False,False
07f2f966-5388-4de6-9487-142fa2d57a22,3890424,1384,2,00:00:20.188,45,20,17,Pressure,94,181,Schalke 04,Regular Play,872,Darmstadt 98,8388.0,Jérôme Gondorf,Left Defensive Midfield,50.3,34.8,,,1.906186,False,,,,,,,False,,,,,,,False,False,left_to_right,False,50.3,34.8,,,False,False,False,False
18491e64-8b87-419f-bccf-682576dae7e1,3890424,1385,2,00:00:22.556,45,22,30,Pass,94,181,Schalke 04,Regular Play,181,Schalke 04,8508.0,Max Meyer,Center Attacking Midfield,83.1,49.5,100.1,71.0,1.896819,False,,,,,,,True,27.40894,0.9017533,Ground Pass,,3053.0,Leroy Sané,False,False,left_to_right,False,83.1,49.5,100.1,71.0,False,False,False,False
c8c18535-35e4-4f46-899c-6ca1e16bb468,3890424,1386,2,00:00:24.453,45,24,42,Ball Receipt*,94,181,Schalke 04,Regular Play,181,Schalke 04,3053.0,Leroy Sané,Right Wing,100.1,71.0,,,,False,,,,,,,False,,,,,,,False,False,left_to_right,False,100.1,71.0,,,False,False,False,False
67b98377-a255-4c81-bd9c-2a95bf9db6c6,3890424,1387,2,00:00:24.453,45,24,43,Carry,94,181,Schalke 04,Regular Play,181,Schalke 04,3053.0,Leroy Sané,Right Wing,100.1,71.0,100.1,69.1,5.622964,True,,,,,,,False,,,,,,,False,False,left_to_right,False,100.1,71.0,100.1,69.1,False,False,False,False
bae8d374-15e1-45a2-94fc-319a50db252a,3890424,1388,2,00:00:29.450,45,29,17,Pressure,94,181,Schalke 04,Regular Play,872,Darmstadt 98,11134.0,Konstantin Rausch,Left Midfield,20.9,15.1,,,0.971549,False,,,,,,,False,,,,,,,False,False,left_to_right,False,20.9,15.1,,,False,False,False,False
305668b8-2753-48f9-9f06-97e4365dbe31,3890424,1389,2,00:00:30.076,45,30,30,Pass,94,181,Schalke 04,Regular Play,181,Schalke 04,3053.0,Leroy Sané,Right Wing,100.1,69.1,100.7,74.4,1.699931,True,,,,,,,True,5.333854,1.4580687,Ground Pass,,30312.0,Uilson de Souza Paula Júnior,False,False,left_to_right,False,100.1,69.1,100.7,74.4,False,False,False,False
21f9e4c9-60c2-4eb9-a8c1-fd0cc3dee191,3890424,1390,2,00:00:31.776,45,31,42,Ball Receipt*,94,181,Schalke 04,Regular Play,181,Schalke 04,30312.0,Uilson de Souza Paula Júnior,Right Back,100.7,74.4,,,,False,,,,,,,False,,,,,,,False,False,left_to_right,False,100.7,74.4,,,False,False,False,False
4e70212c-bc7f-4b13-827b-0930a017362b,3890424,1391,2,00:00:31.776,45,31,43,Carry,94,181,Schalke 04,Regular Play,181,Schalke 04,30312.0,Uilson de Souza Paula Júnior,Right Back,100.7,74.4,102.8,74.2,0.693795,False,,,,,,,False,,,,,,,False,False,left_to_right,False,100.7,74.4,102.8,74.2,False,False,False,False
0d659cca-6e2a-4358-99b1-3e171dee3a69,3890424,1392,2,00:00:32.469,45,32,30,Pass,94,181,Schalke 04,Regular Play,181,Schalke 04,30312.0,Uilson de Souza Paula Júnior,Right Back,102.8,74.2,96.2,60.3,1.28056,False,,,,,,,True,15.387333,-2.014098,Ground Pass,,8508.0,Max Meyer,False,False,left_to_right,False,102.8,74.2,96.2,60.3,False,False,False,False
6b8388ed-6f06-47ab-a7ed-c9e4f88002ff,3890424,1393,2,00:00:33.750,45,33,42,Ball Receipt*,94,181,Schalke 04,Regular Play,181,Schalke 04,8508.0,Max Meyer,Center Attacking Midfield,96.2,60.3,,,,False,,,,,,,False,,,,,,,False,False,left_to_right,False,96.2,60.3,,,False,False,False,False
d368e95d-8339-441a-9257-a4a86e1bc85b,3890424,1394,2,00:00:33.750,45,33,43,Carry,94,181,Schalke 04,Regular Play,181,Schalke 04,8508.0,Max Meyer,Center Attacking Midfield,96.2,60.3,100.1,65.8,1.523174,False,,,,,,,False,,,,,,,False,False,left_to_right,False,96.2,60.3,100.1,65.8,False,False,False,False
22a52ee3-4abb-4ed1-b5ff-8cf5af243330,3890424,1395,2,00:00:35.273,45,35,30,Pass,94,181,Schalke 04,Regular Play,181,Schalke 04,8508.0,Max Meyer,Center Attacking Midfield,100.1,65.8,92.9,73.6,1.467587,False,,,,,,,True,10.615084,2.3162158,Ground Pass,,30312.0,Uilson de Souza Paula Júnior,False,False,left_to_right,False,100.1,65.8,92.9,73.6,False,False,False,False
f433146a-a647-499f-b91c-95ec0bfda545,3890424,1396,2,00:00:36.452,45,36,17,Pressure,94,181,Schalke 04,Regular Play,872,Darmstadt 98,9404.0,Luca Caldirola,Left Back,24.5,9.0,,,0.50819,False,,,,,,,False,,,,,,,False,False,left_to_right,False,24.5,9.0,,,False,False,False,False
3a414ac4-eeb8-4800-ab94-1e05e82bdf86,3890424,1397,2,00:00:36.741,45,36,42,Ball Receipt*,94,181,Schalke 04,Regular Play,181,Schalke 04,30312.0,Uilson de Souza Paula Júnior,Right Back,92.9,73.6,,,,True,,,,,,,False,,,,,,,False,False,left_to_right,False,92.9,73.6,,,False,False,False,False
60d4a569-330c-4ab3-8e26-87f658ce3ac1,3890424,1398,2,00:00:36.741,45,36,30,Pass,94,181,Schalke 04,Regular Play,181,Schalke 04,30312.0,Uilson de Souza Paula Júnior,Right Back,94.8,72.0,95.0,59.7,1.149209,True,,,,,,,True,12.301626,-1.5545377,Ground Pass,,3053.0,Leroy Sané,False,False,left_to_right,False,94.8,72.0,95.0,59.7,False,False,False,False
d6220b66-6f1e-42de-9f80-e223714377d7,3890424,1399,2,00:00:37.890,45,37,42,Ball Receipt*,94,181,Schalke 04,Regular Play,181,Schalke 04,3053.0,Leroy Sané,Right Wing,95.0,59.7,,,,False,,,,,,,False,,,,,,,False,False,left_to_right,False,95.0,59.7,,,False,False,False,False
f358baf8-1167-41b0-89f9-088735bda0db,3890424,1400,2,00:00:37.890,45,37,43,Carry,94,181,Schalke 04,Regular Play,181,Schalke 04,3053.0,Leroy Sané,Right Wing,95.0,59.7,83.1,60.3,1.393283,True,,,,,,,False,,,,,,,False,False,left_to_right,False,95.0,59.7,83.1,60.3,False,False,False,False
d8ba7b74-4b06-445e-948a-7077840e5b51,3890424,1401,2,00:00:38.293,45,38,17,Pressure,94,181,Schalke 04,Regular Play,872,Darmstadt 98,11134.0,Konstantin Rausch,Left Midfield,32.6,21.6,,,1.361128,False,,,,,,,False,,,,,,,False,False,left_to_right,False,32.6,21.6,,,False,False,False,False
389c6a6b-a570-4b92-8f4d-9cc6c1526908,3890424,1402,2,00:00:39.283,45,39,30,Pass,94,181,Schalke 04,Regular Play,181,Schalke 04,3053.0,Leroy Sané,Right Wing,83.1,60.3,79.8,71.7,1.264626,True,,,,,,,True,11.868024,1.8525681,Ground Pass,,30312.0,Uilson de Souza Paula Júnior,False,False,left_to_right,False,83.1,60.3,79.8,71.7,False,False,False,False
9ec1c1e3-6178-4173-afc4-ce842b25a541,3890424,1403,2,00:00:40.548,45,40,42,Ball Receipt*,94,181,Schalke 04,Regular Play,181,Schalke 04,30312.0,Uilson de Souza Paula Júnior,Right Back,79.8,71.7,,,,False,,,,,,,False,,,,,,,False,False,left_to_right,False,79.8,71.7,,,False,False,False,False
c9e1c663-30c2-4644-b798-a6f7da6090d8,3890424,1404,2,00:00:40.548,45,40,43,Carry,94,181,Schalke 04,Regular Play,181,Schalke 04,30312.0,Uilson de Souza Paula Júnior,Right Back,79.8,71.7,90.3,75.0,0.465106,False,,,,,,,False,,,,,,,False,False,left_to_right,False,79.8,71.7,90.3,75.0,False,False,False,False
b073c9c0-fab0-42cf-af3f-99228557c121,3890424,1405,2,00:00:41.013,45,41,30,Pass,94,181,Schalke 04,Regular Play,181,Schalke 04,30312.0,Uilson de Souza Paula Júnior,Right Back,90.3,75.0,115.7,66.9,2.6033,False,,,,,,,True,26.66027,-0.30870265,Ground Pass,,8508.0,Max Meyer,False,False,left_to_right,False,90.3,75.0,115.7,66.9,False,True,False,False
8f5bdc5e-f77b-443d-88d2-f7f26bc7e8b9,3890424,1406,2,00:00:43.328,45,43,17,Pressure,94,181,Schalke 04,Regular Play,872,Darmstadt 98,8388.0,Jérôme Gondorf,Left Defensive Midfield,5.1,11.5,,,3.432161,False,,,,,,,False,,,,,,,False,False,left_to_right,False,5.1,11.5,,,False,False,False,False
10fabe66-469e-48f5-8f1f-f8b7bdcfaadb,3890424,1407,2,00:00:43.616,45,43,42,Ball Receipt*,94,181,Schalke 04,Regular Play,181,Schalke 04,8508.0,Max Meyer,Center Attacking Midfield,115.7,66.9,,,,True,,,,,,,False,,,,,,,False,False,left_to_right,False,115.7,66.9,,,False,False,False,False
c2369f39-3605-4610-bdb5-9d11bd8f2679,3890424,1408,2,00:00:43.616,45,43,43,Carry,94,181,Schalke 04,Regular Play,181,Schalke 04,8508.0,Max Meyer,Center Attacking Midfield,115.7,66.9,117.3,74.4,3.060805,True,,,,,,,False,,,,,,,False,False,left_to_right,False,115.7,66.9,117.3,74.4,False,False,False,False
5c19a1d5-f021-449a-b756-a421f7859532,3890424,1409,2,00:00:46.677,45,46,30,Pass,94,181,Schalke 04,Regular Play,181,Schalke 04,8508.0,Max Meyer,Center Attacking Midfield,117.3,74.4,115.6,71.1,0.083318,True,,,,,,Incomplete,False,3.7121422,-2.0464916,Ground Pass,,,,False,False,left_to_right,False,117.3,74.4,115.6,71.1,False,False,False,True
031e433a-6d18-49a5-a21f-78103b6d2e63,3890424,1410,2,00:00:46.760,45,46,6,Block,94,181,Schalke 04,Regular Play,872,Darmstadt 98,8388.0,Jérôme Gondorf,Left Defensive Midfield,4.5,9.0,,,0.0,False,,,,,,,False,,,,,,,False,False,left_to_right,False,4.5,9.0,,,False,False,False,False
5aad36d3-7844-4a05-94c6-71c8b39fb8ef,3890424,1411,2,00:01:15.027,46,15,30,Pass,95,181,Schalke 04,From Corner,181,Schalke 04,6717.0,Johannes Geis,Right Defensive Midfield,120.0,80.0,111.3,40.3,1.671795,False,,,,,,,True,40.642097,-1.7865295,High Pass,Corner,3499.0,Jean-Eric Maxim Choupo-Moting,True,False,left_to_right,False,120.0,80.0,111.3,40.3,False,True,False,False
c5b6355b-afc0-49fc-8227-3ce97ff3f19d,3890424,1412,2,00:01:16.695,46,16,42,Ball Receipt*,95,181,Schalke 04,From Corner,181,Schalke 04,3499.0,Jean-Eric Maxim Choupo-Moting,Left Wing,111.3,40.3,,,,False,,,,,,,False,,,,,,,False,False,left_to_right,False,111.3,40.3,,,False,False,False,False
b0533b6f-edea-4336-9738-dfa4adf67c86,3890424,1413,2,00:01:16.695,46,16,4,Duel,95,181,Schalke 04,From Corner,872,Darmstadt 98,40477.0,Jan Rosenthal,Center Attacking Midfield,8.8,39.8,,,0.0,True,,,,,,,False,,,,,,,False,False,left_to_right,False,8.8,39.8,,,False,False,False,False
21ef963c-9740-4f75-a210-91f9fcdba84a,3890424,1414,2,00:01:16.695,46,16,16,Shot,95,181,Schalke 04,From Corner,181,Schalke 04,3499.0,Jean-Eric Maxim Choupo-Moting,Left Wing,111.3,40.3,112.0,40.5,0.084238,True,0.063743204,Blocked,Head,Normal,Open Play,,False,,,,,,,False,False,left_to_right,False,111.3,40.3,112.0,40.5,False,False,False,False
1c459e34-ccab-44c9-9b7c-5a9a7f949f1e,3890424,1415,2,00:01:16.779,46,16,6,Block,95,181,Schalke 04,From Corner,872,Darmstadt 98,40477.0,Jan Rosenthal,Center Attacking Midfield,8.1,39.6,,,0.0,False,,,,,,,False,,,,,,,False,False,left_to_right,False,8.1,39.6,,,False,False,False,False
9176439d-d93c-4fc6-8cfa-678b6820e664,3890424,1416,2,00:01:16.859,46,16,23,Goal Keeper,95,181,Schalke 04,From Corner,872,Darmstadt 98,8306.0,Christian Mathenia,Goalkeeper,0.8,40.4,,,0.0,False,,,,,,,False,,,,,,,False,False,left_to_right,False,0.8,40.4,,,False,False,False,False
24bb96c7-ee33-4bac-8387-f0566eaf94ff,3890424,1417,2,00:01:41.265,46,41,30,Pass,96,181,Schalke 04,From Corner,181,Schalke 04,6717.0,Johannes Geis,Right Defensive Midfield,120.0,80.0,112.3,43.5,1.702025,False,,,,,,,True,37.303352,-1.7787068,High Pass,Corner,3499.0,Jean-Eric Maxim Choupo-Moting,False,False,left_to_right,False,120.0,80.0,112.3,43.5,False,True,False,False
1a2c3f46-8f44-4bc1-a166-12f85e996a89,3890424,1418,2,00:01:42.967,46,42,42,Ball Receipt*,96,181,Schalke 04,From Corner,181,Schalke 04,3499.0,Jean-Eric Maxim Choupo-Moting,Left Wing,112.3,43.5,,,,False,,,,,,,False,,,,,,,False,False,left_to_right,False,112.3,43.5,,,False,False,False,False
d609a92c-f530-443b-9097-dce21a8d47ef,3890424,1419,2,00:01:42.967,46,42,43,Carry,96,181,Schalke 04,From Corner,181,Schalke 04,3499.0,Jean-Eric Maxim Choupo-Moting,Left Wing,112.3,43.5,108.6,38.1,0.660472,False,,,,,,,False,,,,,,,False,False,left_to_right,False,112.3,43.5,108.6,38.1,False,False,False,False
fd1b2711-a6b6-4151-b41e-0f20977c95b1,3890424,1420,2,00:01:43.627,46,43,38,Miscontrol,96,181,Schalke 04,From Corner,181,Schalke 04,3499.0,Jean-Eric Maxim Choupo-Moting,Left Wing,108.6,38.1,,,0.0,False,,,,,,,False,,,,,,,False,False,left_to_right,False,108.6,38.1,,,False,False,False,True
f65ee779-f018-4af3-87f7-0e2e1054f0f1,3890424,1421,2,00:01:44.071,46,44,30,Pass,97,872,Darmstadt 98,Regular Play,872,Darmstadt 98,20522.0,György Garics,Right Back,10.8,40.2,10.4,34.1,2.202305,False,,,,,,,True,6.1131005,-1.6362764,Low Pass,Recovery,9217.0,Aytac Sulu,False,False,left_to_right,False,10.8,40.2,10.4,34.1,False,False,False,False
22a31b4b-0c36-4206-a9b2-8f192dd8d6c8,3890424,1422,2,00:01:46.273,46,46,42,Ball Receipt*,97,872,Darmstadt 98,Regular Play,872,Darmstadt 98,9217.0,Aytac Sulu,Right Center Back,10.4,34.1,,,,False,,,,,,,False,,,,,,,False,False,left_to_right,False,10.4,34.1,,,False,False,False,False
2f5e1a91-0a96-404d-b008-855867f76c90,3890424,1423,2,00:01:46.273,46,46,30,Pass,97,872,Darmstadt 98,Regular Play,872,Darmstadt 98,9217.0,Aytac Sulu,Right Center Back,11.7,32.6,42.0,8.7,3.314858,False,,,,,,,True,38.59145,-0.6678612,Low Pass,,9401.0,Marcel Heller,False,False,left_to_right,False,11.7,32.6,42.0,8.7,False,False,False,False
c4bd4fa7-5b99-4f3d-b213-521e20fbdf6d,3890424,1424,2,00:01:49.491,46,49,17,Pressure,97,872,Darmstadt 98,Regular Play,181,Schalke 04,3053.0,Leroy Sané,Right Wing,74.0,72.0,,,1.449972,False,,,,,,,False,,,,,,,False,False,left_to_right,False,74.0,72.0,,,False,False,False,False
ed09208f-f34a-47b1-924b-c3e09c0ed90c,3890424,1425,2,00:01:49.588,46,49,42,Ball Receipt*,97,872,Darmstadt 98,Regular Play,872,Darmstadt 98,9401.0,Marcel Heller,Right Midfield,42.0,8.7,,,,True,,,,,,,False,,,,,,,False,False,left_to_right,False,42.0,8.7,,,False,False,False,False
af7b962f-6f35-4438-9319-5c8a3e83bffb,3890424,1426,2,00:01:49.588,46,49,43,Carry,97,872,Darmstadt 98,Regular Play,872,Darmstadt 98,9401.0,Marcel Heller,Right Midfield,42.0,8.7,50.0,5.7,1.352646,True,,,,,,,False,,,,,,,False,False,left_to_right,False,42.0,8.7,50.0,5.7,False,False,False,False
6093f98e-24cf-45d9-8d70-a4fb3724630d,3890424,1427,2,00:01:50.941,46,50,3,Dispossessed,97,872,Darmstadt 98,Regular Play,872,Darmstadt 98,9401.0,Marcel Heller,Right Midfield,50.0,5.7,,,0.0,True,,,,,,,False,,,,,,,False,False,left_to_right,False,50.0,5.7,,,False,False,False,True
10db483a-2ff8-4286-8c0c-103c2e81013f,3890424,1428,2,00:01:50.941,46,50,4,Duel,97,872,Darmstadt 98,Regular Play,181,Schalke 04,3053.0,Leroy Sané,Right Wing,70.1,74.4,,,0.0,True,,,,,,,False,,,,,,,False,False,left_to_right,False,70.1,74.4,,,False,False,False,False
66da93d8-3d94-4aac-b740-490e0a9131bc,3890424,1429,2,00:02:10.936,47,10,30,Pass,98,181,Schalke 04,From Throw In,181,Schalke 04,30312.0,Uilson de Souza Paula Júnior,Right Back,66.2,80.0,85.0,67.0,2.003171,False,,,,,,Incomplete,False,22.856947,-0.60499126,High Pass,Throw-in,3053.0,Leroy Sané,False,False,left_to_right,False,66.2,80.0,85.0,67.0,False,True,True,True
32142c6c-0c84-470f-8213-03d111190c18,3890424,1430,2,00:02:12.939,47,12,42,Ball Receipt*,98,181,Schalke 04,From Throw In,181,Schalke 04,3053.0,Leroy Sané,Right Wing,87.8,65.6,,,,False,,,,,,,False,,,,,,,False,False,left_to_right,False,87.8,65.6,,,False,False,False,False
7f6228c5-5f42-4d0b-bc6f-423cb531b71b,3890424,1431,2,00:02:12.939,47,12,30,Pass,99,872,Darmstadt 98,From Counter,872,Darmstadt 98,9404.0,Luca Caldirola,Left Back,35.1,13.1,68.4,26.2,2.31724,False,,,,,,,True,35.784073,0.3747981,High Pass,Recovery,9401.0,Marcel Heller,False,False,left_to_right,False,35.1,13.1,68.4,26.2,False,True,False,False
0d006488-0844-45f8-b843-6af4650829da,3890424,1432,2,00:02:15.257,47,15,42,Ball Receipt*,99,872,Darmstadt 98,From Counter,872,Darmstadt 98,9401.0,Marcel Heller,Right Midfield,68.4,26.2,,,,False,,,,,,,False,,,,,,,False,False,left_to_right,False,68.4,26.2,,,False,False,False,False
d6816799-c6f2-46b6-bf96-3ed2bc9a4ea1,3890424,1433,2,00:02:15.257,47,15,30,Pass,99,872,Darmstadt 98,From Counter,872,Darmstadt 98,9401.0,Marcel Heller,Right Midfield,68.6,24.9,69.7,19.1,0.685162,False,,,,,,,True,5.903389,-1.3833672,Low Pass,,9723.0,Sandro Wagner,False,False,left_to_right,False,68.6,24.9,69.7,19.1,False,False,False,False
763ebd7d-0027-4509-b47e-786a707c3d0f,3890424,1434,2,00:02:15.816,47,15,17,Pressure,99,872,Darmstadt 98,From Counter,181,Schalke 04,30312.0,Uilson de Souza Paula Júnior,Right Back,47.6,62.7,,,0.607462,False,,,,,,,False,,,,,,,False,False,left_to_right,False,47.6,62.7,,,False,False,False,False
b0cb0424-0d33-4b49-a3fc-86d0fc6dbbef,3890424,1435,2,00:02:15.942,47,15,42,Ball Receipt*,99,872,Darmstadt 98,From Counter,872,Darmstadt 98,9723.0,Sandro Wagner,Center Forward,69.7,19.1,,,,True,,,,,,,False,,,,,,,False,False,left_to_right,False,69.7,19.1,,,False,False,False,False
10de95b8-1819-4442-aaa1-7b04a868ea9c,3890424,1436,2,00:02:15.942,47,15,43,Carry,99,872,Darmstadt 98,From Counter,872,Darmstadt 98,9723.0,Sandro Wagner,Center Forward,69.7,19.1,72.8,18.2,0.079998,True,,,,,,,False,,,,,,,False,False,left_to_right,False,69.7,19.1,72.8,18.2,False,False,False,False
23f00d4b-8721-4068-85c8-07291e9e9ee3,3890424,1437,2,00:02:16.022,47,16,38,Miscontrol,99,872,Darmstadt 98,From Counter,872,Darmstadt 98,9723.0,Sandro Wagner,Center Forward,72.8,18.2,,,0.0,True,,,,,,,False,,,,,,,False,False,left_to_right,False,72.8,18.2,,,False,False,False,True
c5d0103a-3018-4cab-9675-b61f73937f84,3890424,1438,2,00:02:16.424,47,16,30,Pass,100,181,Schalke 04,Regular Play,181,Schalke 04,30312.0,Uilson de Souza Paula Júnior,Right Back,43.9,56.7,38.9,51.0,1.375938,False,,,,,,,True,7.5822163,-2.290867,Ground Pass,Recovery,3502.0,Joël Andre Job Matip,False,False,left_to_right,False,43.9,56.7,38.9,51.0,False,False,False,False
99a575cd-bb70-4527-b247-0554932f2f5b,3890424,1439,2,00:02:17.319,47,17,17,Pressure,100,181,Schalke 04,Regular Play,872,Darmstadt 98,9723.0,Sandro Wagner,Center Forward,79.5,30.9,,,0.705747,False,,,,,,,False,,,,,,,False,False,left_to_right,False,79.5,30.9,,,False,False,False,False
15f95951-1d69-45c1-9780-6cb568459b6c,3890424,1440,2,00:02:17.800,47,17,42,Ball Receipt*,100,181,Schalke 04,Regular Play,181,Schalke 04,3502.0,Joël Andre Job Matip,Right Center Back,38.9,51.0,,,,True,,,,,,,False,,,,,,,False,False,left_to_right,False,38.9,51.0,,,False,False,False,False
13244675-1bf8-435b-a17a-5356fe6300bc,3890424,1441,2,00:02:17.800,47,17,30,Pass,100,181,Schalke 04,Regular Play,181,Schalke 04,3502.0,Joël Andre Job Matip,Right Center Back,36.5,49.4,8.7,43.6,2.507923,True,,,,,,,True,28.398592,-2.93591,Ground Pass,,8517.0,Ralf Fährmann,False,False,left_to_right,False,36.5,49.4,8.7,43.6,False,False,False,False
6a5d4586-dcac-40fa-a393-f718b8bb47db,3890424,1442,2,00:02:20.308,47,20,42,Ball Receipt*,100,181,Schalke 04,Regular Play,181,Schalke 04,8517.0,Ralf Fährmann,Goalkeeper,8.7,43.6,,,,False,,,,,,,False,,,,,,,False,False,left_to_right,False,8.7,43.6,,,False,False,False,False
f9eab0c9-561f-456a-b84f-0e8a687672fc,3890424,1443,2,00:02:20.308,47,20,30,Pass,100,181,Schalke 04,Regular Play,181,Schalke 04,8517.0,Ralf Fährmann,Goalkeeper,12.5,43.6,62.6,0.1,4.43873,False,,,,,,Out,False,66.349525,-0.7150019,High Pass,,3499.0,Jean-Eric Maxim Choupo-Moting,False,False,left_to_right,False,12.5,43.6,62.6,0.1,False,True,False,True
55de8300-11fa-46d9-b69f-5097d3173b0e,3890424,1444,2,00:02:24.747,47,24,42,Ball Receipt*,100,181,Schalke 04,Regular Play,181,Schalke 04,3499.0,Jean-Eric Maxim Choupo-Moting,Left Wing,60.9,5.2,,,,False,,,,,,,False,,,,,,,False,False,left_to_right,False,60.9,5.2,,,False,False,False,False
3e7b146c-08ae-45e3-9238-fbac52deb0b0,3890424,1445,2,00:02:38.823,47,38,30,Pass,101,872,Darmstadt 98,From Throw In,872,Darmstadt 98,20522.0,György Garics,Right Back,62.6,80.0,84.2,70.6,2.081407,False,,,,,,Incomplete,False,23.55674,-0.41046587,High Pass,Throw-in,9723.0,Sandro Wagner,False,False,left_to_right,False,62.6,80.0,84.2,70.6,False,True,True,True
b3028ad8-20c4-4781-899b-39496c486d9e,3890424,1446,2,00:02:40.905,47,40,42,Ball Receipt*,101,872,Darmstadt 98,From Throw In,872,Darmstadt 98,9723.0,Sandro Wagner,Center Forward,82.5,70.1,,,,False,,,,,,,False,,,,,,,False,False,left_to_right,False,82.5,70.1,,,False,False,False,False
b6604426-43c5-42ca-9f40-68b70a8b0164,3890424,1447,2,00:02:40.905,47,40,4,Duel,101,872,Darmstadt 98,From Throw In,872,Darmstadt 98,9723.0,Sandro Wagner,Center Forward,84.2,70.6,,,0.0,True,,,,,,,False,,,,,,,False,False,left_to_right,False,84.2,70.6,,,False,False,False,False
65325b16-568f-4a2a-991a-053484da0413,3890424,1448,2,00:02:40.905,47,40,9,Clearance,101,872,Darmstadt 98,From Throw In,181,Schalke 04,30312.0,Uilson de Souza Paula Júnior,Right Back,35.9,9.5,,,0.0,True,,,,,,,False,,,,,,,False,False,left_to_right,False,35.9,9.5,,,False,False,False,False
cf15e13b-89d4-4900-b98f-1ec1fb227847,3890424,1449,2,00:02:42.795,47,42,30,Pass,101,872,Darmstadt 98,From Throw In,181,Schalke 04,3499.0,Jean-Eric Maxim Choupo-Moting,Left Wing,47.8,3.3,65.6,5.2,2.051137,False,,,,,,Incomplete,False,17.901117,0.106338926,Ground Pass,Recovery,8060.0,Klaas-Jan Huntelaar,False,False,left_to_right,False,47.8,3.3,65.6,5.2,False,False,False,True
422cc1ae-af6f-469b-ba00-dd533f7c1f1f,3890424,1450,2,00:02:44.846,47,44,42,Ball Receipt*,101,872,Darmstadt 98,From Throw In,181,Schalke 04,8060.0,Klaas-Jan Huntelaar,Center Forward,59.7,5.6,,,,False,,,,,,,False,,,,,,,False,False,left_to_right,False,59.7,5.6,,,False,False,False,False
ca5c6f3b-c92f-4141-9079-3b6a2cf554d3,3890424,1451,2,00:02:44.846,47,44,9,Clearance,101,872,Darmstadt 98,From Throw In,872,Darmstadt 98,9217.0,Aytac Sulu,Right Center Back,54.5,74.9,,,0.0,True,,,,,,,False,,,,,,,False,False,left_to_right,False,54.5,74.9,,,False,False,False,False
a33dbe15-8823-4983-b7c9-896bd2ea750c,3890424,1452,2,00:02:52.925,47,52,30,Pass,102,181,Schalke 04,From Throw In,181,Schalke 04,3499.0,Jean-Eric Maxim Choupo-Moting,Left Wing,59.7,0.1,51.2,10.0,0.979836,False,,,,,,,True,13.048371,2.280254,High Pass,Throw-in,6324.0,Leon Goretzka,False,False,left_to_right,False,59.7,0.1,51.2,10.0,False,False,False,False
b6b191de-9c59-448e-8a86-f9f1171cb239,3890424,1453,2,00:02:53.905,47,53,42,Ball Receipt*,102,181,Schalke 04,From Throw In,181,Schalke 04,6324.0,Leon Goretzka,Left Defensive Midfield,51.2,10.0,,,,False,,,,,,,False,,,,,,,False,False,left_to_right,False,51.2,10.0,,,False,False,False,False
2ee94593-e981-43e3-b2ba-2ed93d6a815a,3890424,1454,2,00:02:53.905,47,53,30,Pass,102,181,Schalke 04,From Throw In,181,Schalke 04,6324.0,Leon Goretzka,Left Defensive Midfield,51.8,9.7,55.6,0.1,1.238817,False,,,,,,Out,False,10.324728,-1.1938871,Low Pass,,3499.0,Jean-Eric Maxim Choupo-Moting,False,False,left_to_right,False,51.8,9.7,55.6,0.1,False,False,False,True
d1d930f3-9df4-40ec-903e-7b69ca956b00,3890424,1455,2,00:02:55.144,47,55,42,Ball Receipt*,102,181,Schalke 04,From Throw In,181,Schalke 04,3499.0,Jean-Eric Maxim Choupo-Moting,Left Wing,56.4,2.5,,,,False,,,,,,,False,,,,,,,False,False,left_to_right,False,56.4,2.5,,,False,False,False,False
24545695-d7d2-490e-a65d-a2b41e5939e6,3890424,1456,2,00:02:58.080,47,58,30,Pass,103,181,Schalke 04,From Throw In,181,Schalke 04,3499.0,Jean-Eric Maxim Choupo-Moting,Left Wing,60.3,0.1,79.8,6.3,2.096703,False,,,,,,Incomplete,False,20.461916,0.3078411,High Pass,Throw-in,8060.0,Klaas-Jan Huntelaar,False,False,left_to_right,False,60.3,0.1,79.8,6.3,False,True,False,True
db243763-9f98-4ba2-9231-d131c7cab424,3890424,1457,2,00:03:00.176,48,0,42,Ball Receipt*,103,181,Schalke 04,From Throw In,181,Schalke 04,8060.0,Klaas-Jan Huntelaar,Center Forward,82.0,6.9,,,,False,,,,,,,False,,,,,,,False,False,left_to_right,False,82.0,6.9,,,False,False,False,False
5ee39b2f-ced1-494a-8f57-8f3a992624cd,3890424,1458,2,00:03:00.176,48,0,30,Pass,104,872,Darmstadt 98,Regular Play,872,Darmstadt 98,9217.0,Aytac Sulu,Right Center Back,40.3,73.8,44.8,74.6,1.087649,False,,,,,,,True,4.570558,0.17593962,High Pass,Recovery,20522.0,György Garics,False,False,left_to_right,False,40.3,73.8,44.8,74.6,False,False,False,False
bbc5f08f-bd74-455e-8bdf-433a7c4e342f,3890424,1459,2,00:03:01.264,48,1,42,Ball Receipt*,104,872,Darmstadt 98,Regular Play,872,Darmstadt 98,20522.0,György Garics,Right Back,44.8,74.6,,,,False,,,,,,,False,,,,,,,False,False,left_to_right,False,44.8,74.6,,,False,False,False,False
8cc82fec-cbd6-4de8-9db1-cc9b5b3d31ad,3890424,1460,2,00:03:01.264,48,1,30,Pass,104,872,Darmstadt 98,Regular Play,872,Darmstadt 98,20522.0,György Garics,Right Back,42.9,73.8,15.3,69.3,3.737098,False,,,,,,,True,27.964441,-2.9799714,High Pass,,35033.0,Slobodan Rajković,False,False,left_to_right,False,42.9,73.8,15.3,69.3,False,False,False,False
4619e0c8-173f-4436-854f-0b5cf854bed0,3890424,1461,2,00:03:05.001,48,5,42,Ball Receipt*,104,872,Darmstadt 98,Regular Play,872,Darmstadt 98,35033.0,Slobodan Rajković,Left Center Back,15.3,69.3,,,,False,,,,,,,False,,,,,,,False,False,left_to_right,False,15.3,69.3,,,False,False,False,False
685a50fc-ba30-45eb-857c-de9f1234c2bf,3890424,1462,2,00:03:05.001,48,5,43,Carry,104,872,Darmstadt 98,Regular Play,872,Darmstadt 98,35033.0,Slobodan Rajković,Left Center Back,15.3,69.3,12.6,74.9,1.292864,True,,,,,,,False,,,,,,,False,False,left_to_right,False,15.3,69.3,12.6,74.9,False,False,False,False
dc010295-ce64-4045-8f07-00b0740b9a32,3890424,1463,2,00:03:05.884,48,5,17,Pressure,104,872,Darmstadt 98,Regular Play,181,Schalke 04,8508.0,Max Meyer,Center Attacking Midfield,106.4,8.1,,,0.60113,False,,,,,,,False,,,,,,,False,False,left_to_right,False,106.4,8.1,,,False,False,False,False
7efba7f7-f8ae-44c2-a73f-c66122d554a0,3890424,1464,2,00:03:06.294,48,6,30,Pass,104,872,Darmstadt 98,Regular Play,872,Darmstadt 98,35033.0,Slobodan Rajković,Left Center Back,12.6,74.9,27.9,74.6,0.748515,True,,,,,,,True,15.302941,-0.019605331,Ground Pass,,20522.0,György Garics,False,False,left_to_right,False,12.6,74.9,27.9,74.6,False,False,False,False
ac6630be-ff7d-4c9f-8f85-c758bbe974a1,3890424,1465,2,00:03:07.043,48,7,42,Ball Receipt*,104,872,Darmstadt 98,Regular Play,872,Darmstadt 98,20522.0,György Garics,Right Back,27.9,74.6,,,,False,,,,,,,False,,,,,,,False,False,left_to_right,False,27.9,74.6,,,False,False,False,False
8cb03093-6fe7-41ea-bf53-a960c569e522,3890424,1466,2,00:03:07.043,48,7,38,Miscontrol,104,872,Darmstadt 98,Regular Play,872,Darmstadt 98,20522.0,György Garics,Right Back,28.3,74.5,,,0.0,False,,,,,,,False,,,,,,,False,False,left_to_right,False,28.3,74.5,,,False,False,False,True
2b9cd5bb-5e79-4b9f-affc-8c1d30786daf,3890424,1467,2,00:03:08.551,48,8,33,50/50,104,872,Darmstadt 98,Regular Play,181,Schalke 04,3499.0,Jean-Eric Maxim Choupo-Moting,Left Wing,85.0,9.7,,,0.0,True,,,,,,,False,,,,,,,False,False,left_to_right,False,85.0,9.7,,,False,False,False,False
82225983-e320-4c32-911e-c83d877b400d,3890424,1468,2,00:03:08.551,48,8,33,50/50,104,872,Darmstadt 98,Regular Play,872,Darmstadt 98,8388.0,Jérôme Gondorf,Left Defensive Midfield,35.1,70.4,,,0.0,True,,,,,,,False,,,,,,,False,False,left_to_right,False,35.1,70.4,,,False,False,False,False
011cfd61-511b-400f-b0e4-0604f4fa7444,3890424,1469,2,00:03:08.957,48,8,22,Foul Committed,104,872,Darmstadt 98,Regular Play,181,Schalke 04,8060.0,Klaas-Jan Huntelaar,Center Forward,86.2,8.8,,,0.0,False,,,,,,,False,,,,,,,False,False,left_to_right,False,86.2,8.8,,,False,False,False,False
5d8c4e32-1f9a-4fe2-965e-dff1124f9caa,3890424,1470,2,00:03:37.683,48,37,30,Pass,105,872,Darmstadt 98,From Free Kick,872,Darmstadt 98,8306.0,Christian Mathenia,Goalkeeper,30.0,71.8,89.4,67.9,2.244388,False,,,,,,Unknown,False,59.527893,-0.065562464,High Pass,Free Kick,40477.0,Jan Rosenthal,False,False,left_to_right,False,30.0,71.8,89.4,67.9,False,True,True,True
2056bafe-9c1b-43c0-8c03-7015865f86d1,3890424,1471,2,00:03:39.927,48,39,42,Ball Receipt*,105,872,Darmstadt 98,From Free Kick,872,Darmstadt 98,40477.0,Jan Rosenthal,Center Attacking Midfield,88.6,67.1,,,,False,,,,,,,False,,,,,,,False,False,left_to_right,False,88.6,67.1,,,False,False,False,False
76b4a7af-e797-46cf-a5ca-5fe76beb38ed,3890424,1472,2,00:03:40.125,48,40,22,Foul Committed,105,872,Darmstadt 98,From Free Kick,872,Darmstadt 98,40477.0,Jan Rosenthal,Center Attacking Midfield,89.0,66.8,,,0.0,False,,,,,,,False,,,,,,,False,False,left_to_right,False,89.0,66.8,,,False,False,False,False
72d2bbf0-b558-41c2-b885-ba5dd418143e,3890424,1473,2,00:03:40.125,48,40,21,Foul Won,105,872,Darmstadt 98,From Free Kick,181,Schalke 04,6324.0,Leon Goretzka,Left Defensive Midfield,31.1,13.3,,,0.0,True,,,,,,,False,,,,,,,False,False,left_to_right,False,31.1,13.3,,,False,False,False,False
a37375c4-ae72-4136-a03b-7e42321c834a,3890424,1474,2,00:04:38.588,49,38,30,Pass,106,181,Schalke 04,From Free Kick,181,Schalke 04,16534.0,Roman Neustädter,Left Center Back,36.1,12.7,84.5,23.3,3.159364,False,,,,,,Incomplete,False,49.54715,0.21560416,High Pass,Free Kick,8060.0,Klaas-Jan Huntelaar,False,False,left_to_right,False,36.1,12.7,84.5,23.3,False,True,True,True
3060272e-525f-40ba-80eb-5350579399a9,3890424,1475,2,00:04:41.747,49,41,42,Ball Receipt*,106,181,Schalke 04,From Free Kick,181,Schalke 04,8060.0,Klaas-Jan Huntelaar,Center Forward,83.2,25.2,,,,False,,,,,,,False,,,,,,,False,False,left_to_right,False,83.2,25.2,,,False,False,False,False
016cb9c9-f248-448e-9b47-552a2cdfac6f,3890424,1476,2,00:04:41.747,49,41,4,Duel,106,181,Schalke 04,From Free Kick,181,Schalke 04,8060.0,Klaas-Jan Huntelaar,Center Forward,84.5,23.3,,,0.0,True,,,,,,,False,,,,,,,False,False,left_to_right,False,84.5,23.3,,,False,False,False,False
e1b1050d-e9ed-4b42-986c-c39cd04fe85d,3890424,1477,2,00:04:41.747,49,41,9,Clearance,106,181,Schalke 04,From Free Kick,872,Darmstadt 98,9217.0,Aytac Sulu,Right Center Back,35.6,56.8,,,0.0,True,,,,,,,False,,,,,,,False,False,left_to_right,False,35.6,56.8,,,False,False,False,False
d88c17ef-8c9b-4817-a0f6-a587b416bbb8,3890424,1478,2,00:04:44.026,49,44,30,Pass,106,181,Schalke 04,From Free Kick,872,Darmstadt 98,8388.0,Jérôme Gondorf,Left Defensive Midfield,44.0,55.7,70.9,80.0,3.854944,False,,,,,,Out,False,36.25052,0.7346605,High Pass,Recovery,9723.0,Sandro Wagner,False,False,left_to_right,False,44.0,55.7,70.9,80.0,False,False,False,True
02c7b1ea-65d2-4fb8-af4f-f0ba35e19ed7,3890424,1479,2,00:04:47.881,49,47,42,Ball Receipt*,106,181,Schalke 04,From Free Kick,872,Darmstadt 98,9723.0,Sandro Wagner,Center Forward,71.1,77.1,,,,False,,,,,,,False,,,,,,,False,False,left_to_right,False,71.1,77.1,,,False,False,False,False
e8e16e65-592a-4003-bca1-a1f54c1b296c,3890424,1480,2,00:04:56.781,49,56,30,Pass,107,181,Schalke 04,From Throw In,181,Schalke 04,3510.0,Sead Kolašinac,Left Back,62.6,0.1,77.9,14.9,1.605765,False,,,,,,Incomplete,False,21.28685,0.7687884,High Pass,Throw-in,3499.0,Jean-Eric Maxim Choupo-Moting,False,False,left_to_right,False,62.6,0.1,77.9,14.9,False,True,False,True
18911494-9eb4-4ab9-9de6-befb03f99c92,3890424,1481,2,00:04:58.387,49,58,42,Ball Receipt*,107,181,Schalke 04,From Throw In,181,Schalke 04,3499.0,Jean-Eric Maxim Choupo-Moting,Left Wing,78.6,16.3,,,,False,,,,,,,False,,,,,,,False,False,left_to_right,False,78.6,16.3,,,False,False,False,False
67dd29ac-2446-41c0-8171-b1db676be7fe,3890424,1482,2,00:04:58.387,49,58,30,Pass,107,181,Schalke 04,From Throw In,872,Darmstadt 98,40467.0,Peter Niemeyer,Right Defensive Midfield,42.2,65.2,57.2,64.8,0.722983,False,,,,,,Incomplete,False,15.005332,-0.02666035,High Pass,Interception,40477.0,Jan Rosenthal,False,False,left_to_right,False,42.2,65.2,57.2,64.8,False,False,False,True
4dd18e66-3925-45ef-b335-5e00b995c8eb,3890424,1483,2,00:04:59.110,49,59,42,Ball Receipt*,107,181,Schalke 04,From Throw In,872,Darmstadt 98,40477.0,Jan Rosenthal,Center Attacking Midfield,61.9,63.2,,,,False,,,,,,,False,,,,,,,False,False,left_to_right,False,61.9,63.2,,,False,False,False,False
063517fd-e313-4580-b736-bd394c912a6d,3890424,1484,2,00:04:59.110,49,59,30,Pass,107,181,Schalke 04,From Throw In,181,Schalke 04,6324.0,Leon Goretzka,Left Defensive Midfield,62.9,15.3,72.5,27.8,1.74544,False,,,,,,,True,15.761028,0.9158744,High Pass,Recovery,8508.0,Max Meyer,False,False,left_to_right,False,62.9,15.3,72.5,27.8,False,False,False,False
b93a34e6-17b1-49ea-9fec-c74d82f53bf0,3890424,1485,2,00:05:00.855,50,0,42,Ball Receipt*,107,181,Schalke 04,From Throw In,181,Schalke 04,8508.0,Max Meyer,Center Attacking Midfield,72.5,27.8,,,,False,,,,,,,False,,,,,,,False,False,left_to_right,False,72.5,27.8,,,False,False,False,False
fc3a277e-f8c7-4581-baef-dd153a593a17,3890424,1486,2,00:05:00.855,50,0,43,Carry,107,181,Schalke 04,From Throw In,181,Schalke 04,8508.0,Max Meyer,Center Attacking Midfield,72.5,27.8,73.4,30.6,0.720875,False,,,,,,,False,,,,,,,False,False,left_to_right,False,72.5,27.8,73.4,30.6,False,False,False,False
cef4fa17-cf18-43c7-bd06-1159fc7548e8,3890424,1487,2,00:05:01.576,50,1,30,Pass,107,181,Schalke 04,From Throw In,181,Schalke 04,8508.0,Max Meyer,Center Attacking Midfield,73.4,30.6,75.4,51.4,4.350437,False,,,,,,,True,20.895933,1.4749372,High Pass,,30312.0,Uilson de Souza Paula Júnior,False,False,left_to_right,False,73.4,30.6,75.4,51.4,False,False,False,False
6952ff20-cd05-4f3d-bf7e-c4203ebd815b,3890424,1488,2,00:05:05.927,50,5,42,Ball Receipt*,107,181,Schalke 04,From Throw In,181,Schalke 04,30312.0,Uilson de Souza Paula Júnior,Right Back,75.4,51.4,,,,False,,,,,,,False,,,,,,,False,False,left_to_right,False,75.4,51.4,,,False,False,False,False
f8afe1fb-e938-4981-932c-90566d2d691f,3890424,1489,2,00:05:05.927,50,5,30,Pass,107,181,Schalke 04,From Throw In,181,Schalke 04,30312.0,Uilson de Souza Paula Júnior,Right Back,85.6,57.5,94.0,46.9,1.2389,False,,,,,,,True,13.524792,-0.9006743,Ground Pass,,3053.0,Leroy Sané,False,False,left_to_right,False,85.6,57.5,94.0,46.9,False,True,False,False
0b6c6ce6-db53-4863-be99-7a453fefb90f,3890424,1490,2,00:05:07.166,50,7,42,Ball Receipt*,107,181,Schalke 04,From Throw In,181,Schalke 04,3053.0,Leroy Sané,Right Wing,94.0,46.9,,,,False,,,,,,,False,,,,,,,False,False,left_to_right,False,94.0,46.9,,,False,False,False,False
6ab1b41e-bfed-42d1-a1f3-2246835c223d,3890424,1491,2,00:05:07.166,50,7,43,Carry,107,181,Schalke 04,From Throw In,181,Schalke 04,3053.0,Leroy Sané,Right Wing,94.0,46.9,93.1,45.6,0.070896,False,,,,,,,False,,,,,,,False,False,left_to_right,False,94.0,46.9,93.1,45.6,False,False,False,False
139754d9-1b3c-4b37-8372-0f7919c9caf1,3890424,1492,2,00:05:07.236,50,7,38,Miscontrol,107,181,Schalke 04,From Throw In,181,Schalke 04,3053.0,Leroy Sané,Right Wing,93.1,45.6,,,0.0,False,,,,,,,False,,,,,,,False,False,left_to_right,False,93.1,45.6,,,False,False,False,True
bf898af6-a0e4-42f5-a916-7f186c4f745a,3890424,1493,2,00:05:08.384,50,8,17,Pressure,107,181,Schalke 04,From Throw In,181,Schalke 04,3053.0,Leroy Sané,Right Wing,89.8,39.2,,,0.438629,False,,,,,,,False,,,,,,,False,False,left_to_right,False,89.8,39.2,,,False,False,False,False
65e66960-b44a-4455-95f8-ef7a9ee97ce1,3890424,1494,2,00:05:08.519,50,8,2,Ball Recovery,107,181,Schalke 04,From Throw In,872,Darmstadt 98,8388.0,Jérôme Gondorf,Left Defensive Midfield,29.7,42.3,,,0.0,True,,,,,,,False,,,,,,,False,False,left_to_right,False,29.7,42.3,,,False,False,False,False
00fe9130-7e2a-4d3c-acba-4c821eee0889,3890424,1495,2,00:05:08.519,50,8,43,Carry,107,181,Schalke 04,From Throw In,872,Darmstadt 98,8388.0,Jérôme Gondorf,Left Defensive Midfield,29.7,42.3,29.0,38.5,0.339102,True,,,,,,,False,,,,,,,False,False,left_to_right,False,29.7,42.3,29.0,38.5,False,False,False,False
e6e93c33-6967-42ae-a543-0d25a1af3092,3890424,1496,2,00:05:08.858,50,8,39,Dribbled Past,107,181,Schalke 04,From Throw In,181,Schalke 04,3053.0,Leroy Sané,Right Wing,91.1,41.6,,,0.0,False,,,,,,,False,,,,,,,False,False,left_to_right,False,91.1,41.6,,,False,False,False,False
a6a285a6-ca96-414d-9c13-84a6df859f72,3890424,1497,2,00:05:08.858,50,8,14,Dribble,107,181,Schalke 04,From Throw In,872,Darmstadt 98,8388.0,Jérôme Gondorf,Left Defensive Midfield,29.0,38.5,,,0.0,True,,,,,,,False,,,,,,,False,False,left_to_right,False,29.0,38.5,,,False,False,False,False
9f4ba285-e59f-4994-ab11-2637fb10cce4,3890424,1498,2,00:05:08.858,50,8,43,Carry,107,181,Schalke 04,From Throw In,872,Darmstadt 98,8388.0,Jérôme Gondorf,Left Defensive Midfield,29.0,38.5,63.3,5.7,6.399166,True,,,,,,,False,,,,,,,False,False,left_to_right,False,29.0,38.5,63.3,5.7,True,False,False,False
aef53e06-a521-4028-a98c-736fec30b554,3890424,1499,2,00:05:12.573,50,12,17,Pressure,107,181,Schalke 04,From Throw In,181,Schalke 04,8508.0,Max Meyer,Center Attacking Midfield,68.2,57.0,,,2.923583,False,,,,,,,False,,,,,,,False,False,left_to_right,False,68.2,57.0,,,False,False,False,False
6831a002-afa8-446b-9642-b73b8f5d9e10,3890424,1500,2,00:05:15.258,50,15,22,Foul Committed,107,181,Schalke 04,From Throw In,181,Schalke 04,8508.0,Max Meyer,Center Attacking Midfield,56.8,74.4,,,0.0,False,,,,,,,False,,,,,,,False,False,left_to_right,False,56.8,74.4,,,False,False,False,False
5d193519-7488-4c5b-a38d-9185f911723d,3890424,1501,2,00:05:15.258,50,15,21,Foul Won,107,181,Schalke 04,From Throw In,872,Darmstadt 98,8388.0,Jérôme Gondorf,Left Defensive Midfield,63.3,5.7,,,0.0,True,,,,,,,False,,,,,,,False,False,left_to_right,False,63.3,5.7,,,False,False,False,False
a4e23f35-8a03-4e80-aa9e-369cda187488,3890424,1502,2,00:05:41.935,50,41,30,Pass,108,872,Darmstadt 98,From Free Kick,872,Darmstadt 98,9404.0,Luca Caldirola,Left Back,70.1,9.9,106.2,40.4,2.788786,False,,,,,,Incomplete,False,47.259495,0.7015114,High Pass,Free Kick,9723.0,Sandro Wagner,False,False,left_to_right,False,70.1,9.9,106.2,40.4,False,True,True,True
c79c001e-aaf1-45f0-9554-2312aeba70f2,3890424,1503,2,00:05:44.724,50,44,42,Ball Receipt*,108,872,Darmstadt 98,From Free Kick,872,Darmstadt 98,9723.0,Sandro Wagner,Center Forward,105.4,38.1,,,,False,,,,,,,False,,,,,,,False,False,left_to_right,False,105.4,38.1,,,False,False,False,False
4230615d-018a-40ef-a14b-05acccf3cb71,3890424,1504,2,00:05:44.724,50,44,9,Clearance,108,872,Darmstadt 98,From Free Kick,181,Schalke 04,3502.0,Joël Andre Job Matip,Right Center Back,13.9,39.7,,,0.0,True,,,,,,,False,,,,,,,False,False,left_to_right,False,13.9,39.7,,,False,False,False,False
7226ab4e-1386-4f7b-9c0b-c8ce79947cd9,3890424,1505,2,00:05:46.752,50,46,17,Pressure,108,872,Darmstadt 98,From Free Kick,872,Darmstadt 98,9404.0,Luca Caldirola,Left Back,77.5,38.7,,,1.67816,False,,,,,,,False,,,,,,,False,False,left_to_right,False,77.5,38.7,,,False,False,False,False
620af6a3-b74a-4445-a638-d8948c411d54,3890424,1506,2,00:05:46.995,50,46,2,Ball Recovery,109,181,Schalke 04,Regular Play,181,Schalke 04,8508.0,Max Meyer,Center Attacking Midfield,43.7,39.1,,,0.0,True,,,,,,,False,,,,,,,False,False,left_to_right,False,43.7,39.1,,,False,False,False,False
e7584ef0-cbd9-492a-98dc-8df1e001c437,3890424,1507,2,00:05:46.995,50,46,43,Carry,109,181,Schalke 04,Regular Play,181,Schalke 04,8508.0,Max Meyer,Center Attacking Midfield,43.7,39.1,43.7,38.1,1.276582,True,,,,,,,False,,,,,,,False,False,left_to_right,False,43.7,39.1,43.7,38.1,False,False,False,False
a5a4c3ff-c310-4fc6-9b59-0f9914f8e43c,3890424,1508,2,00:05:48.271,50,48,22,Foul Committed,109,181,Schalke 04,Regular Play,872,Darmstadt 98,9404.0,Luca Caldirola,Left Back,76.4,42.0,,,0.0,False,,,,,,,False,,,,,,,False,False,left_to_right,False,76.4,42.0,,,False,False,False,False
a2023492-e767-4dd6-aec3-984e14e79211,3890424,1509,2,00:05:48.271,50,48,21,Foul Won,109,181,Schalke 04,Regular Play,181,Schalke 04,8508.0,Max Meyer,Center Attacking Midfield,43.7,38.1,,,0.0,True,,,,,,,False,,,,,,,False,False,left_to_right,False,43.7,38.1,,,False,False,False,False
fa6dcb5a-36a5-484d-9a25-9b1b2c534a99,3890424,1510,2,00:05:54.213,50,54,30,Pass,110,181,Schalke 04,From Free Kick,181,Schalke 04,16534.0,Roman Neustädter,Left Center Back,44.5,36.6,91.8,57.5,2.780427,False,,,,,,,True,51.7117,0.4160645,High Pass,Free Kick,8060.0,Klaas-Jan Huntelaar,False,False,left_to_right,False,44.5,36.6,91.8,57.5,False,True,True,False
d543623a-a562-4fdb-99fb-6bcfafc7f90c,3890424,1511,2,00:05:56.993,50,56,42,Ball Receipt*,110,181,Schalke 04,From Free Kick,181,Schalke 04,8060.0,Klaas-Jan Huntelaar,Center Forward,91.8,57.5,,,,False,,,,,,,False,,,,,,,False,False,left_to_right,False,91.8,57.5,,,False,False,False,False
f5821dae-a099-494f-ab93-3cf7eacfe246,3890424,1512,2,00:05:59.451,50,59,30,Pass,110,181,Schalke 04,From Free Kick,181,Schalke 04,8060.0,Klaas-Jan Huntelaar,Center Forward,93.7,61.1,111.8,64.2,2.158766,False,,,,,,,True,18.36355,0.16962492,Ground Pass,,30312.0,Uilson de Souza Paula Júnior,False,False,left_to_right,False,93.7,61.1,111.8,64.2,False,False,False,False
0de61109-0b62-4fc9-837b-2f0eca20fe34,3890424,1513,2,00:06:01.242,51,1,17,Pressure,110,181,Schalke 04,From Free Kick,872,Darmstadt 98,9217.0,Aytac Sulu,Right Center Back,5.6,19.8,,,0.646126,False,,,,,,,False,,,,,,,False,False,left_to_right,False,5.6,19.8,,,False,False,False,False
495704ac-e0fc-4d3f-a78c-c38ecb973b17,3890424,1514,2,00:06:01.609,51,1,42,Ball Receipt*,110,181,Schalke 04,From Free Kick,181,Schalke 04,30312.0,Uilson de Souza Paula Júnior,Right Back,111.8,64.2,,,,True,,,,,,,False,,,,,,,False,False,left_to_right,False,111.8,64.2,,,False,False,False,False
1fee7a43-accc-4ce4-a6be-e539c669ccce,3890424,1515,2,00:06:01.609,51,1,43,Carry,110,181,Schalke 04,From Free Kick,181,Schalke 04,30312.0,Uilson de Souza Paula Júnior,Right Back,111.8,64.2,116.2,61.1,0.28223,True,,,,,,,False,,,,,,,False,False,left_to_right,False,111.8,64.2,116.2,61.1,False,False,False,False
9d2e66d2-b996-4330-84ea-dd489649303b,3890424,1516,2,00:06:01.892,51,1,38,Miscontrol,110,181,Schalke 04,From Free Kick,181,Schalke 04,30312.0,Uilson de Souza Paula Júnior,Right Back,116.2,61.1,,,0.0,False,,,,,,,False,,,,,,,False,False,left_to_right,False,116.2,61.1,,,False,False,False,True
20d179f3-2103-4fbe-84c3-9925ea9ca817,3890424,1517,2,00:06:23.378,51,23,30,Pass,111,872,Darmstadt 98,From Goal Kick,872,Darmstadt 98,8306.0,Christian Mathenia,Goalkeeper,7.0,36.1,92.6,43.2,5.518257,False,,,,,,Incomplete,False,85.89394,0.0827545,High Pass,Goal Kick,40477.0,Jan Rosenthal,False,False,left_to_right,False,7.0,36.1,92.6,43.2,False,True,True,True
8ab3fbad-e0de-4a14-84cc-7ed484eb6446,3890424,1518,2,00:06:28.647,51,28,17,Pressure,111,872,Darmstadt 98,From Goal Kick,872,Darmstadt 98,40477.0,Jan Rosenthal,Center Attacking Midfield,91.2,42.9,,,0.408666,False,,,,,,,False,,,,,,,False,False,left_to_right,False,91.2,42.9,,,False,False,False,False
06e28950-4ce4-45c2-8850-dd54d2344aca,3890424,1519,2,00:06:28.896,51,28,42,Ball Receipt*,111,872,Darmstadt 98,From Goal Kick,872,Darmstadt 98,40477.0,Jan Rosenthal,Center Attacking Midfield,90.6,43.2,,,,False,,,,,,,False,,,,,,,False,False,left_to_right,False,90.6,43.2,,,False,False,False,False
a5d3dd5b-f137-425d-94d7-14fa5610c04d,3890424,1520,2,00:06:28.896,51,28,30,Pass,112,181,Schalke 04,Regular Play,181,Schalke 04,16534.0,Roman Neustädter,Left Center Back,27.5,36.9,25.7,51.0,1.57033,True,,,,,,,True,14.214429,1.6977692,Low Pass,Recovery,30312.0,Uilson de Souza Paula Júnior,False,False,left_to_right,False,27.5,36.9,25.7,51.0,False,False,False,False
d772f1f6-76f3-4c5f-961b-3f58aea3a64e,3890424,1521,2,00:06:30.466,51,30,42,Ball Receipt*,112,181,Schalke 04,Regular Play,181,Schalke 04,30312.0,Uilson de Souza Paula Júnior,Right Back,25.7,51.0,,,,False,,,,,,,False,,,,,,,False,False,left_to_right,False,25.7,51.0,,,False,False,False,False
688e1422-a61b-4a7f-b4cb-6acd651e27ca,3890424,1522,2,00:06:30.466,51,30,43,Carry,112,181,Schalke 04,Regular Play,181,Schalke 04,30312.0,Uilson de Souza Paula Júnior,Right Back,25.7,51.0,13.9,68.1,1.963682,True,,,,,,,False,,,,,,,False,False,left_to_right,False,25.7,51.0,13.9,68.1,False,False,False,False
c4a0b314-1195-4849-91a5-5725bdbb5766,3890424,1523,2,00:06:32.170,51,32,17,Pressure,112,181,Schalke 04,Regular Play,872,Darmstadt 98,11134.0,Konstantin Rausch,Left Midfield,100.8,12.9,,,0.579403,False,,,,,,,False,,,,,,,False,False,left_to_right,False,100.8,12.9,,,False,False,False,False
f28d31b5-3248-4f10-8560-055729b79f12,3890424,1524,2,00:06:32.430,51,32,30,Pass,112,181,Schalke 04,Regular Play,181,Schalke 04,30312.0,Uilson de Souza Paula Júnior,Right Back,13.9,68.1,18.4,68.1,0.319289,True,,,,,,Incomplete,False,4.5,0.0,Low Pass,,,,False,False,left_to_right,False,13.9,68.1,18.4,68.1,False,False,False,True
cbd4f427-4b97-46ba-959f-b914dd6ed236,3890424,1525,2,00:06:32.749,51,32,6,Block,112,181,Schalke 04,Regular Play,872,Darmstadt 98,11134.0,Konstantin Rausch,Left Midfield,101.7,12.0,,,0.0,False,,,,,,,False,,,,,,,False,False,left_to_right,False,101.7,12.0,,,False,False,False,False
3d0307a7-2061-4020-b361-58fbb9aa7dd7,3890424,1526,2,00:06:44.824,51,44,30,Pass,113,181,Schalke 04,From Throw In,181,Schalke 04,30312.0,Uilson de Souza Paula Júnior,Right Back,32.3,80.0,19.7,72.8,1.713406,False,,,,,,,True,14.512064,-2.6224465,Low Pass,Throw-in,3502.0,Joël Andre Job Matip,False,False,left_to_right,False,32.3,80.0,19.7,72.8,False,False,False,False
14702d87-5993-49ad-839c-e6ea3cdfaff3,3890424,1527,2,00:06:45.753,51,45,17,Pressure,113,181,Schalke 04,From Throw In,872,Darmstadt 98,9723.0,Sandro Wagner,Center Forward,98.6,9.3,,,0.774226,False,,,,,,,False,,,,,,,False,False,left_to_right,False,98.6,9.3,,,False,False,False,False
31037d5c-03e9-4ec9-8035-a1c4c1afbb88,3890424,1528,2,00:06:46.538,51,46,42,Ball Receipt*,113,181,Schalke 04,From Throw In,181,Schalke 04,3502.0,Joël Andre Job Matip,Right Center Back,19.7,72.8,,,,False,,,,,,,False,,,,,,,False,False,left_to_right,False,19.7,72.8,,,False,False,False,False
3ffec615-0c4d-493d-a8c2-258fa2b1a945,3890424,1529,2,00:06:46.538,51,46,43,Carry,113,181,Schalke 04,From Throw In,181,Schalke 04,3502.0,Joël Andre Job Matip,Right Center Back,19.7,72.8,11.8,68.3,1.295926,False,,,,,,,False,,,,,,,False,False,left_to_right,False,19.7,72.8,11.8,68.3,False,False,False,False
7017273c-4e6d-4d9f-b809-327698a3d1e0,3890424,1530,2,00:06:47.834,51,47,30,Pass,113,181,Schalke 04,From Throw In,181,Schalke 04,3502.0,Joël Andre Job Matip,Right Center Back,11.8,68.3,4.8,40.8,2.360655,False,,,,,,,True,28.376926,-1.8200485,Ground Pass,,8517.0,Ralf Fährmann,False,False,left_to_right,False,11.8,68.3,4.8,40.8,False,False,False,False
096c302b-c91e-4e29-82a7-e80546c7e522,3890424,1531,2,00:06:50.194,51,50,42,Ball Receipt*,113,181,Schalke 04,From Throw In,181,Schalke 04,8517.0,Ralf Fährmann,Goalkeeper,4.8,40.8,,,,False,,,,,,,False,,,,,,,False,False,left_to_right,False,4.8,40.8,,,False,False,False,False
1dc58be5-2f6c-4dbd-ac1b-e1fc0c68acce,3890424,1532,2,00:06:50.194,51,50,30,Pass,113,181,Schalke 04,From Throw In,181,Schalke 04,8517.0,Ralf Fährmann,Goalkeeper,5.4,40.8,44.3,44.4,3.703067,False,,,,,,Incomplete,False,39.066227,0.09228213,High Pass,,8508.0,Max Meyer,False,False,left_to_right,False,5.4,40.8,44.3,44.4,False,True,False,True
766c353a-bcef-4185-9a2f-1c8840d2e00e,3890424,1533,2,00:06:53.897,51,53,42,Ball Receipt*,113,181,Schalke 04,From Throw In,181,Schalke 04,8508.0,Max Meyer,Center Attacking Midfield,45.1,42.4,,,,False,,,,,,,False,,,,,,,False,False,left_to_right,False,45.1,42.4,,,False,False,False,False
323d1d6c-a647-47fc-a547-476208496026,3890424,1534,2,00:06:53.897,51,53,30,Pass,113,181,Schalke 04,From Throw In,872,Darmstadt 98,40467.0,Peter Niemeyer,Right Defensive Midfield,75.8,35.7,94.0,47.4,2.486582,False,,,,,,Incomplete,False,21.636312,0.57133746,High Pass,Recovery,40477.0,Jan Rosenthal,False,False,left_to_right,False,75.8,35.7,94.0,47.4,False,True,True,True
a2a3e8df-e0de-4fae-b560-8d9e7b9361b0,3890424,1535,2,00:06:56.384,51,56,42,Ball Receipt*,113,181,Schalke 04,From Throw In,872,Darmstadt 98,40477.0,Jan Rosenthal,Center Attacking Midfield,93.1,46.5,,,,False,,,,,,,False,,,,,,,False,False,left_to_right,False,93.1,46.5,,,False,False,False,False
14b64f1e-30bb-48df-9cd4-8d72e8bdb669,3890424,1536,2,00:06:56.384,51,56,4,Duel,113,181,Schalke 04,From Throw In,872,Darmstadt 98,40477.0,Jan Rosenthal,Center Attacking Midfield,94.0,47.4,,,0.0,True,,,,,,,False,,,,,,,False,False,left_to_right,False,94.0,47.4,,,False,False,False,False
b4dda620-068b-4608-825f-b5859ff6ebb2,3890424,1537,2,00:06:56.384,51,56,9,Clearance,113,181,Schalke 04,From Throw In,181,Schalke 04,16534.0,Roman Neustädter,Left Center Back,26.1,32.7,,,0.0,True,,,,,,,False,,,,,,,False,False,left_to_right,False,26.1,32.7,,,False,False,False,False
1f81673f-0813-4093-82bc-35d5b1d813fc,3890424,1538,2,00:06:58.298,51,58,2,Ball Recovery,113,181,Schalke 04,From Throw In,181,Schalke 04,3499.0,Jean-Eric Maxim Choupo-Moting,Left Wing,38.9,27.0,,,0.0,False,,,,,,,False,,,,,,,False,False,left_to_right,False,38.9,27.0,,,False,False,False,False
269a9311-b8a8-49e3-814c-d6ca00b0ff6c,3890424,1539,2,00:06:58.298,51,58,43,Carry,113,181,Schalke 04,From Throw In,181,Schalke 04,3499.0,Jean-Eric Maxim Choupo-Moting,Left Wing,38.9,27.0,30.0,26.4,1.580254,True,,,,,,,False,,,,,,,False,False,left_to_right,False,38.9,27.0,30.0,26.4,False,False,False,False
3c705ec2-7983-46bd-8cce-89df0c804690,3890424,1540,2,00:06:59.287,51,59,17,Pressure,113,181,Schalke 04,From Throw In,872,Darmstadt 98,20522.0,György Garics,Right Back,87.3,54.6,,,0.782094,False,,,,,,,False,,,,,,,False,False,left_to_right,False,87.3,54.6,,,False,False,False,False
4cd2c64b-d402-493e-be4a-5cf80e694f68,3890424,1541,2,00:06:59.878,51,59,30,Pass,113,181,Schalke 04,From Throw In,181,Schalke 04,3499.0,Jean-Eric Maxim Choupo-Moting,Left Wing,30.0,26.4,20.6,21.4,1.07626,True,,,,,,,True,10.647065,-2.6527402,Ground Pass,,16534.0,Roman Neustädter,False,False,left_to_right,False,30.0,26.4,20.6,21.4,False,False,False,False
c6b30669-3e50-4852-8b79-630a76377b53,3890424,1542,2,00:07:00.954,52,0,42,Ball Receipt*,113,181,Schalke 04,From Throw In,181,Schalke 04,16534.0,Roman Neustädter,Left Center Back,20.6,21.4,,,,False,,,,,,,False,,,,,,,False,False,left_to_right,False,20.6,21.4,,,False,False,False,False
c80468a5-ae85-4b2b-b386-f2c20c0bbc5a,3890424,1543,2,00:07:00.954,52,0,30,Pass,113,181,Schalke 04,From Throw In,181,Schalke 04,16534.0,Roman Neustädter,Left Center Back,22.3,22.0,48.6,10.2,2.079463,False,,,,,,Incomplete,False,28.825857,-0.42174667,Ground Pass,,8508.0,Max Meyer,False,False,left_to_right,False,22.3,22.0,48.6,10.2,False,False,False,True
ee9fb5b4-d63f-429f-8658-029f3a97561b,3890424,1544,2,00:07:03.034,52,3,42,Ball Receipt*,113,181,Schalke 04,From Throw In,181,Schalke 04,8508.0,Max Meyer,Center Attacking Midfield,49.7,10.2,,,,False,,,,,,,False,,,,,,,False,False,left_to_right,False,49.7,10.2,,,False,False,False,False
bf1ec069-51a9-4759-8941-22a54b86dac8,3890424,1545,2,00:07:03.034,52,3,10,Interception,113,181,Schalke 04,From Throw In,872,Darmstadt 98,40467.0,Peter Niemeyer,Right Defensive Midfield,71.5,69.9,,,0.0,False,,,,,,,False,,,,,,,False,False,left_to_right,False,71.5,69.9,,,False,False,False,False
4cc5d923-fd82-4e0c-8e69-d281a8eaf64d,3890424,1546,2,00:07:04.276,52,4,17,Pressure,113,181,Schalke 04,From Throw In,872,Darmstadt 98,9401.0,Marcel Heller,Right Midfield,80.9,76.5,,,0.439311,False,,,,,,,False,,,,,,,False,False,left_to_right,False,80.9,76.5,,,False,False,False,False
f8d70780-ac18-4596-a4bd-0510f32fadb8,3890424,1547,2,00:07:04.639,52,4,2,Ball Recovery,113,181,Schalke 04,From Throw In,181,Schalke 04,3510.0,Sead Kolašinac,Left Back,40.7,3.1,,,0.0,True,,,,,,,False,,,,,,,False,False,left_to_right,False,40.7,3.1,,,False,False,False,False
502d10a8-ef8d-4e36-8a27-9b1d96c21851,3890424,1548,2,00:07:04.639,52,4,43,Carry,113,181,Schalke 04,From Throw In,181,Schalke 04,3510.0,Sead Kolašinac,Left Back,40.7,3.1,47.6,5.0,1.321312,True,,,,,,,False,,,,,,,False,False,left_to_right,False,40.7,3.1,47.6,5.0,False,False,False,False
2ced8436-1435-444a-be7b-2d0303afc3ed,3890424,1549,2,00:07:05.547,52,5,17,Pressure,113,181,Schalke 04,From Throw In,872,Darmstadt 98,40467.0,Peter Niemeyer,Right Defensive Midfield,69.0,75.6,,,0.724788,False,,,,,,,False,,,,,,,False,False,left_to_right,False,69.0,75.6,,,False,False,False,False
f860a3b9-6be1-442e-979e-14341f08c1a9,3890424,1550,2,00:07:05.960,52,5,30,Pass,113,181,Schalke 04,From Throw In,181,Schalke 04,3510.0,Sead Kolašinac,Left Back,47.6,5.0,50.4,14.7,1.476693,True,,,,,,,True,10.096039,1.2897756,Ground Pass,,8508.0,Max Meyer,False,False,left_to_right,False,47.6,5.0,50.4,14.7,False,False,False,False
0fecf458-7f58-4cf8-b392-cdecd7eeb70a,3890424,1551,2,00:07:07.437,52,7,42,Ball Receipt*,113,181,Schalke 04,From Throw In,181,Schalke 04,8508.0,Max Meyer,Center Attacking Midfield,50.4,14.7,,,,False,,,,,,,False,,,,,,,False,False,left_to_right,False,50.4,14.7,,,False,False,False,False
9abf7a3a-8c99-4d7a-b6a6-e48479a5b71e,3890424,1552,2,00:07:07.437,52,7,43,Carry,113,181,Schalke 04,From Throw In,181,Schalke 04,8508.0,Max Meyer,Center Attacking Midfield,50.4,14.7,81.7,32.0,4.329335,False,,,,,,,False,,,,,,,False,False,left_to_right,False,50.4,14.7,81.7,32.0,True,False,False,False
c2cdc325-5c8b-44f7-8380-2b09d7b11341,3890424,1553,2,00:07:11.766,52,11,30,Pass,113,181,Schalke 04,From Throw In,181,Schalke 04,8508.0,Max Meyer,Center Attacking Midfield,81.7,32.0,97.9,33.0,1.084173,False,,,,,,,True,16.230835,0.061650172,Ground Pass,,3053.0,Leroy Sané,False,True,left_to_right,False,81.7,32.0,97.9,33.0,False,True,False,False
6fc5c6ea-a72e-4a7b-9c2a-108d9f5fdf65,3890424,1554,2,00:07:12.850,52,12,42,Ball Receipt*,113,181,Schalke 04,From Throw In,181,Schalke 04,3053.0,Leroy Sané,Right Wing,97.9,33.0,,,,False,,,,,,,False,,,,,,,False,False,left_to_right,False,97.9,33.0,,,False,False,False,False
285d6e3b-9f76-4e0b-8e09-cc3e859b9b89,3890424,1555,2,00:07:12.850,52,12,43,Carry,113,181,Schalke 04,From Throw In,181,Schalke 04,3053.0,Leroy Sané,Right Wing,97.9,33.0,108.1,30.4,1.594607,False,,,,,,,False,,,,,,,False,False,left_to_right,False,97.9,33.0,108.1,30.4,True,False,False,False
71b9eeae-f9f0-4ca3-a208-9b25bfbbac13,3890424,1556,2,00:07:14.445,52,14,16,Shot,113,181,Schalke 04,From Throw In,181,Schalke 04,3053.0,Leroy Sané,Right Wing,108.1,30.4,120.0,42.1,0.691384,False,0.26859978,Goal,Left Foot,Normal,Open Play,,False,,,,,,,False,False,left_to_right,False,108.1,30.4,120.0,42.1,False,False,False,False
e41db074-c773-4074-86a4-b5a183874ef8,3890424,1557,2,00:07:15.136,52,15,23,Goal Keeper,113,181,Schalke 04,From Throw In,872,Darmstadt 98,8306.0,Christian Mathenia,Goalkeeper,5.2,45.1,,,0.0,False,,,,,,,False,,,,,,,False,False,left_to_right,False,5.2,45.1,,,False,False,False,False
2c0be635-cae2-4d21-9784-a2205e500a57,3890424,1558,2,00:08:16.853,53,16,30,Pass,114,872,Darmstadt 98,From Kick Off,872,Darmstadt 98,40477.0,Jan Rosenthal,Center Attacking Midfield,61.0,40.1,61.2,44.6,1.207957,False,,,,,,,True,4.504442,1.5263811,Ground Pass,Kick Off,9723.0,Sandro Wagner,False,False,left_to_right,False,61.0,40.1,61.2,44.6,False,False,False,False
40b00fba-f9c2-483e-9979-28a761d7f754,3890424,1559,2,00:08:18.061,53,18,42,Ball Receipt*,114,872,Darmstadt 98,From Kick Off,872,Darmstadt 98,9723.0,Sandro Wagner,Center Forward,61.2,44.6,,,,False,,,,,,,False,,,,,,,False,False,left_to_right,False,61.2,44.6,,,False,False,False,False
c46c1b20-029d-4581-8933-63a618106a7b,3890424,1560,2,00:08:18.599,53,18,30,Pass,114,872,Darmstadt 98,From Kick Off,872,Darmstadt 98,9723.0,Sandro Wagner,Center Forward,61.7,45.6,50.9,59.6,0.600951,False,,,,,,Incomplete,False,17.68163,2.2278712,High Pass,,,,False,False,left_to_right,False,61.7,45.6,50.9,59.6,False,False,False,True
de25470f-82ba-48ec-a6f1-73a15346267e,3890424,1561,2,00:08:19.200,53,19,2,Ball Recovery,115,181,Schalke 04,Regular Play,181,Schalke 04,3499.0,Jean-Eric Maxim Choupo-Moting,Left Wing,69.2,20.5,,,0.0,False,,,,,,,False,,,,,,,False,False,left_to_right,False,69.2,20.5,,,False,False,False,False
6288e7bd-0116-4c55-927b-b75e86b46cf9,3890424,1562,2,00:08:21.652,53,21,17,Pressure,115,181,Schalke 04,Regular Play,872,Darmstadt 98,9401.0,Marcel Heller,Right Midfield,50.6,69.0,,,1.865073,False,,,,,,,False,,,,,,,False,False,left_to_right,False,50.6,69.0,,,False,False,False,False
73bffac5-e45e-4201-b5c8-9bcd69adc902,3890424,1563,2,00:08:23.724,53,23,39,Dribbled Past,115,181,Schalke 04,Regular Play,872,Darmstadt 98,9401.0,Marcel Heller,Right Midfield,45.4,73.1,,,0.0,False,,,,,,,False,,,,,,,False,False,left_to_right,False,45.4,73.1,,,False,False,False,False
db46dbeb-a6cd-4044-ab20-6f393d5b013c,3890424,1564,2,00:08:23.724,53,23,14,Dribble,115,181,Schalke 04,Regular Play,181,Schalke 04,3499.0,Jean-Eric Maxim Choupo-Moting,Left Wing,74.7,7.0,,,0.0,True,,,,,,,False,,,,,,,False,False,left_to_right,False,74.7,7.0,,,False,False,False,False
cc1c38c5-ab88-474c-adbc-df7df2ad31b5,3890424,1565,2,00:08:23.724,53,23,43,Carry,115,181,Schalke 04,Regular Play,181,Schalke 04,3499.0,Jean-Eric Maxim Choupo-Moting,Left Wing,74.7,7.0,76.4,14.2,3.445874,True,,,,,,,False,,,,,,,False,False,left_to_right,False,74.7,7.0,76.4,14.2,False,False,False,False
ddcafd8b-78fb-40aa-8e55-8b14d45036e3,3890424,1566,2,00:08:27.170,53,27,30,Pass,115,181,Schalke 04,Regular Play,181,Schalke 04,3499.0,Jean-Eric Maxim Choupo-Moting,Left Wing,76.4,14.2,68.9,35.0,2.619501,False,,,,,,,True,22.110857,1.9168625,Low Pass,,6717.0,Johannes Geis,False,False,left_to_right,False,76.4,14.2,68.9,35.0,False,False,False,False
d7fa135d-6346-471c-9e0c-f891438385f5,3890424,1567,2,00:08:29.789,53,29,42,Ball Receipt*,115,181,Schalke 04,Regular Play,181,Schalke 04,6717.0,Johannes Geis,Right Defensive Midfield,68.9,35.0,,,,False,,,,,,,False,,,,,,,False,False,left_to_right,False,68.9,35.0,,,False,False,False,False
302674ce-cb81-4c51-bf61-07ece732f3d7,3890424,1568,2,00:08:29.789,53,29,43,Carry,115,181,Schalke 04,Regular Play,181,Schalke 04,6717.0,Johannes Geis,Right Defensive Midfield,68.9,35.0,68.7,53.3,2.2654,False,,,,,,,False,,,,,,,False,False,left_to_right,False,68.9,35.0,68.7,53.3,False,False,False,False
13debf90-9a14-4315-a0f8-ce9694c6b365,3890424,1569,2,00:08:32.054,53,32,30,Pass,115,181,Schalke 04,Regular Play,181,Schalke 04,6717.0,Johannes Geis,Right Defensive Midfield,68.7,53.3,53.1,47.0,1.819129,False,,,,,,,True,16.82409,-2.757775,Ground Pass,,3502.0,Joël Andre Job Matip,False,False,left_to_right,False,68.7,53.3,53.1,47.0,False,False,False,False
ff696cf4-ff73-4456-b23d-613f0266e647,3890424,1570,2,00:08:33.874,53,33,42,Ball Receipt*,115,181,Schalke 04,Regular Play,181,Schalke 04,3502.0,Joël Andre Job Matip,Right Center Back,53.1,47.0,,,,False,,,,,,,False,,,,,,,False,False,left_to_right,False,53.1,47.0,,,False,False,False,False
68e5f97c-c3ef-48cd-b588-5b50209d1000,3890424,1571,2,00:08:33.874,53,33,43,Carry,115,181,Schalke 04,Regular Play,181,Schalke 04,3502.0,Joël Andre Job Matip,Right Center Back,53.1,47.0,53.6,39.9,2.437934,False,,,,,,,False,,,,,,,False,False,left_to_right,False,53.1,47.0,53.6,39.9,False,False,False,False
599bae23-011d-4c9f-a318-6e6efe2665e2,3890424,1572,2,00:08:36.312,53,36,30,Pass,115,181,Schalke 04,Regular Play,181,Schalke 04,3502.0,Joël Andre Job Matip,Right Center Back,53.6,39.9,50.4,27.2,1.889363,False,,,,,,,True,13.096946,-1.8176268,Ground Pass,,16534.0,Roman Neustädter,False,False,left_to_right,False,53.6,39.9,50.4,27.2,False,False,False,False
393aa1d2-bf22-4368-9ae2-60833a366b14,3890424,1573,2,00:08:38.201,53,38,42,Ball Receipt*,115,181,Schalke 04,Regular Play,181,Schalke 04,16534.0,Roman Neustädter,Left Center Back,50.4,27.2,,,,False,,,,,,,False,,,,,,,False,False,left_to_right,False,50.4,27.2,,,False,False,False,False
cd2cb280-86ad-4adf-8290-54a289590f47,3890424,1574,2,00:08:38.201,53,38,43,Carry,115,181,Schalke 04,Regular Play,181,Schalke 04,16534.0,Roman Neustädter,Left Center Back,50.4,27.2,47.6,30.0,1.62947,False,,,,,,,False,,,,,,,False,False,left_to_right,False,50.4,27.2,47.6,30.0,False,False,False,False
323013e8-7b91-4552-ab29-277663512167,3890424,1575,2,00:08:39.830,53,39,30,Pass,115,181,Schalke 04,Regular Play,181,Schalke 04,16534.0,Roman Neustädter,Left Center Back,47.6,30.0,24.8,38.8,3.156584,False,,,,,,,True,24.439312,2.7732437,Ground Pass,,8517.0,Ralf Fährmann,False,False,left_to_right,False,47.6,30.0,24.8,38.8,False,False,False,False
b2e51bea-e764-4edc-82ba-d2e8f7db8c6e,3890424,1576,2,00:08:42.987,53,42,42,Ball Receipt*,115,181,Schalke 04,Regular Play,181,Schalke 04,8517.0,Ralf Fährmann,Goalkeeper,24.8,38.8,,,,False,,,,,,,False,,,,,,,False,False,left_to_right,False,24.8,38.8,,,False,False,False,False
9d18a40b-14cd-41a7-87bd-1ccd8d26c32b,3890424,1577,2,00:08:42.987,53,42,43,Carry,115,181,Schalke 04,Regular Play,181,Schalke 04,8517.0,Ralf Fährmann,Goalkeeper,24.8,38.8,27.0,39.1,1.111996,False,,,,,,,False,,,,,,,False,False,left_to_right,False,24.8,38.8,27.0,39.1,False,False,False,False
0fff7005-71ee-4391-a40d-9cfb1479b8d0,3890424,1578,2,00:08:44.099,53,44,30,Pass,115,181,Schalke 04,Regular Play,181,Schalke 04,8517.0,Ralf Fährmann,Goalkeeper,27.0,39.1,74.2,46.1,3.456128,False,,,,,,Incomplete,False,47.716244,0.14723192,High Pass,,3053.0,Leroy Sané,False,False,left_to_right,False,27.0,39.1,74.2,46.1,False,True,False,True
27973a85-c43c-4630-963c-ed90ba86c8c6,3890424,1579,2,00:08:47.555,53,47,42,Ball Receipt*,115,181,Schalke 04,Regular Play,181,Schalke 04,3053.0,Leroy Sané,Right Wing,74.5,48.1,,,,False,,,,,,,False,,,,,,,False,False,left_to_right,False,74.5,48.1,,,False,False,False,False
491acaa8-439e-408c-b070-3cbca40963c4,3890424,1580,2,00:08:47.555,53,47,30,Pass,115,181,Schalke 04,Regular Play,872,Darmstadt 98,9404.0,Luca Caldirola,Left Back,45.9,34.0,110.8,52.3,5.829512,False,,,,,,Incomplete,False,67.4307,0.27483666,High Pass,Recovery,9723.0,Sandro Wagner,False,False,left_to_right,False,45.9,34.0,110.8,52.3,False,True,True,True
14c8894a-8029-4eec-911c-3db8ba3af5af,3890424,1581,2,00:08:53.385,53,53,42,Ball Receipt*,115,181,Schalke 04,Regular Play,872,Darmstadt 98,9723.0,Sandro Wagner,Center Forward,92.6,43.5,,,,False,,,,,,,False,,,,,,,False,False,left_to_right,False,92.6,43.5,,,False,False,False,False
395ce4fa-2fae-4d60-8ca3-ddbb4d07a103,3890424,1582,2,00:08:53.385,53,53,2,Ball Recovery,115,181,Schalke 04,Regular Play,181,Schalke 04,8517.0,Ralf Fährmann,Goalkeeper,9.3,27.8,,,0.0,False,,,,,,,False,,,,,,,False,False,left_to_right,False,9.3,27.8,,,False,False,False,False
06519192-fe3c-4bd3-a5ac-4d84655f68fe,3890424,1583,2,00:08:53.385,53,53,43,Carry,115,181,Schalke 04,Regular Play,181,Schalke 04,8517.0,Ralf Fährmann,Goalkeeper,9.3,27.8,10.1,35.6,5.87786,True,,,,,,,False,,,,,,,False,False,left_to_right,False,9.3,27.8,10.1,35.6,False,False,False,False
16475300-d887-41fb-8e4c-0b141dbb18b0,3890424,1584,2,00:08:58.009,53,58,17,Pressure,115,181,Schalke 04,Regular Play,872,Darmstadt 98,9723.0,Sandro Wagner,Center Forward,107.3,48.1,,,1.037609,False,,,,,,,False,,,,,,,False,False,left_to_right,False,107.3,48.1,,,False,False,False,False
c5fe130f-3c00-4b62-ae34-53e25336dcf3,3890424,1585,2,00:08:59.262,53,59,30,Pass,115,181,Schalke 04,Regular Play,181,Schalke 04,8517.0,Ralf Fährmann,Goalkeeper,10.1,35.6,23.6,55.2,3.482209,False,,,,,,,True,23.79937,0.9676434,Low Pass,,3502.0,Joël Andre Job Matip,False,False,left_to_right,False,10.1,35.6,23.6,55.2,False,False,False,False
e7d662f1-07d6-46c9-a40a-7a52669d7ca3,3890424,1586,2,00:09:02.745,54,2,42,Ball Receipt*,115,181,Schalke 04,Regular Play,181,Schalke 04,3502.0,Joël Andre Job Matip,Right Center Back,23.6,55.2,,,,False,,,,,,,False,,,,,,,False,False,left_to_right,False,23.6,55.2,,,False,False,False,False
c43ccfae-94d7-4844-9a80-38428641e62a,3890424,1587,2,00:09:02.745,54,2,43,Carry,115,181,Schalke 04,Regular Play,181,Schalke 04,3502.0,Joël Andre Job Matip,Right Center Back,23.6,55.2,50.0,73.5,3.388052,False,,,,,,,False,,,,,,,False,False,left_to_right,False,23.6,55.2,50.0,73.5,False,False,False,False
8437c391-2b84-475b-98a7-c04dfb387655,3890424,1588,2,00:09:06.133,54,6,30,Pass,115,181,Schalke 04,Regular Play,181,Schalke 04,3502.0,Joël Andre Job Matip,Right Center Back,50.0,73.5,66.7,74.2,0.784374,False,,,,,,Incomplete,False,16.714664,0.041891646,Ground Pass,,30312.0,Uilson de Souza Paula Júnior,False,False,left_to_right,False,50.0,73.5,66.7,74.2,False,False,False,True
16029f25-381c-47d5-a9c7-c89c84561718,3890424,1589,2,00:09:06.917,54,6,42,Ball Receipt*,115,181,Schalke 04,Regular Play,181,Schalke 04,30312.0,Uilson de Souza Paula Júnior,Right Back,70.6,74.4,,,,False,,,,,,,False,,,,,,,False,False,left_to_right,False,70.6,74.4,,,False,False,False,False
2712706b-08f6-4ffd-b49c-760d2aa8b191,3890424,1590,2,00:09:06.917,54,6,10,Interception,115,181,Schalke 04,Regular Play,872,Darmstadt 98,11134.0,Konstantin Rausch,Left Midfield,53.4,5.9,,,0.0,False,,,,,,,False,,,,,,,False,False,left_to_right,False,53.4,5.9,,,False,False,False,False
9f592a7d-2ea7-4d51-893a-2f8b51e6bb3d,3890424,1591,2,00:09:19.612,54,19,30,Pass,116,181,Schalke 04,From Throw In,181,Schalke 04,30312.0,Uilson de Souza Paula Júnior,Right Back,68.2,80.0,74.5,63.8,1.027627,False,,,,,,,True,17.381887,-1.199905,High Pass,Throw-in,8508.0,Max Meyer,False,False,left_to_right,False,68.2,80.0,74.5,63.8,False,False,False,False
23146498-af6a-4218-90a4-eeceda3c45c0,3890424,1592,2,00:09:20.639,54,20,42,Ball Receipt*,116,181,Schalke 04,From Throw In,181,Schalke 04,8508.0,Max Meyer,Center Attacking Midfield,74.5,63.8,,,,False,,,,,,,False,,,,,,,False,False,left_to_right,False,74.5,63.8,,,False,False,False,False
b2dd5900-4d86-4eea-ae7e-c490e68d98dc,3890424,1593,2,00:09:20.639,54,20,30,Pass,116,181,Schalke 04,From Throw In,181,Schalke 04,8508.0,Max Meyer,Center Attacking Midfield,75.1,65.2,68.7,74.2,1.282149,False,,,,,,,True,11.0435505,2.1889405,Low Pass,,30312.0,Uilson de Souza Paula Júnior,False,False,left_to_right,False,75.1,65.2,68.7,74.2,False,False,False,False
b5241843-aec6-4bfc-ba15-f88c85001e4c,3890424,1594,2,00:09:21.921,54,21,42,Ball Receipt*,116,181,Schalke 04,From Throw In,181,Schalke 04,30312.0,Uilson de Souza Paula Júnior,Right Back,68.7,74.2,,,,False,,,,,,,False,,,,,,,False,False,left_to_right,False,68.7,74.2,,,False,False,False,False
e8795a41-4765-476f-bfc8-713c97e62caf,3890424,1595,2,00:09:21.921,54,21,43,Carry,116,181,Schalke 04,From Throw In,181,Schalke 04,30312.0,Uilson de Souza Paula Júnior,Right Back,68.7,74.2,69.5,73.0,0.173875,False,,,,,,,False,,,,,,,False,False,left_to_right,False,68.7,74.2,69.5,73.0,False,False,False,False
36ee3f68-9118-404e-8f27-538217831332,3890424,1596,2,00:09:22.095,54,22,30,Pass,116,181,Schalke 04,From Throw In,181,Schalke 04,30312.0,Uilson de Souza Paula Júnior,Right Back,69.5,73.0,73.2,63.6,0.7796,False,,,,,,Incomplete,False,10.10198,-1.1958046,Ground Pass,,8508.0,Max Meyer,False,False,left_to_right,False,69.5,73.0,73.2,63.6,False,False,False,True
40e1493b-39a9-4ddf-b103-700a7ea9ad4f,3890424,1597,2,00:09:22.875,54,22,42,Ball Receipt*,116,181,Schalke 04,From Throw In,181,Schalke 04,8508.0,Max Meyer,Center Attacking Midfield,73.9,59.9,,,,False,,,,,,,False,,,,,,,False,False,left_to_right,False,73.9,59.9,,,False,False,False,False
74a8effc-bfd9-4201-b5d0-bf88c0c34d97,3890424,1598,2,00:09:22.875,54,22,10,Interception,116,181,Schalke 04,From Throw In,872,Darmstadt 98,8388.0,Jérôme Gondorf,Left Defensive Midfield,46.9,16.5,,,0.0,False,,,,,,,False,,,,,,,False,False,left_to_right,False,46.9,16.5,,,False,False,False,False
a91a612c-d15e-4d67-b2cc-89c25e5ada13,3890424,1599,2,00:09:22.875,54,22,43,Carry,116,181,Schalke 04,From Throw In,872,Darmstadt 98,8388.0,Jérôme Gondorf,Left Defensive Midfield,46.9,16.5,48.1,18.1,0.618167,False,,,,,,,False,,,,,,,False,False,left_to_right,False,46.9,16.5,48.1,18.1,False,False,False,False
2bd9a11e-1a4c-43ba-be81-f45c248c92e4,3890424,1600,2,00:09:23.493,54,23,22,Foul Committed,116,181,Schalke 04,From Throw In,872,Darmstadt 98,40467.0,Peter Niemeyer,Right Defensive Midfield,48.1,18.1,,,0.0,False,,,,,,,False,,,,,,,False,False,left_to_right,False,48.1,18.1,,,False,False,False,False
407a78e0-db7c-4518-a7d6-5de434022c4f,3890424,1601,2,00:09:23.493,54,23,21,Foul Won,116,181,Schalke 04,From Throw In,181,Schalke 04,8508.0,Max Meyer,Center Attacking Midfield,72.0,62.0,,,0.0,False,,,,,,,False,,,,,,,False,False,left_to_right,False,72.0,62.0,,,False,False,False,False
eaa035dd-8284-46da-8b85-7a1a0b570bf5,3890424,1602,2,00:09:36.546,54,36,24,Bad Behaviour,116,181,Schalke 04,From Throw In,872,Darmstadt 98,11134.0,Konstantin Rausch,Left Midfield,,,,,0.0,False,,,,,,,False,,,,,,,False,False,left_to_right,False,,,,,False,False,False,False
10d01cd7-4aca-4dbb-b8bf-25c2c7aa4621,3890424,1603,2,00:10:15.398,55,15,30,Pass,117,181,Schalke 04,From Free Kick,181,Schalke 04,6717.0,Johannes Geis,Right Defensive Midfield,77.5,62.0,101.8,32.4,2.044819,False,,,,,,Incomplete,False,38.296867,-0.8834133,High Pass,Free Kick,16534.0,Roman Neustädter,False,False,left_to_right,False,77.5,62.0,101.8,32.4,False,True,True,True
b6f5ea7b-bc76-4922-9be8-b816faa1d9e3,3890424,1604,2,00:10:17.443,55,17,42,Ball Receipt*,117,181,Schalke 04,From Free Kick,181,Schalke 04,16534.0,Roman Neustädter,Left Center Back,101.2,30.3,,,,False,,,,,,,False,,,,,,,False,False,left_to_right,False,101.2,30.3,,,False,False,False,False
f5932f59-f594-494a-9cb4-bc8768632e0e,3890424,1605,2,00:10:17.443,55,17,4,Duel,117,181,Schalke 04,From Free Kick,181,Schalke 04,16534.0,Roman Neustädter,Left Center Back,101.8,32.4,,,0.0,True,,,,,,,False,,,,,,,False,False,left_to_right,False,101.8,32.4,,,False,False,False,False
ca78b411-f3a1-4728-9a53-331cb1599847,3890424,1606,2,00:10:17.443,55,17,9,Clearance,117,181,Schalke 04,From Free Kick,872,Darmstadt 98,9217.0,Aytac Sulu,Right Center Back,18.3,47.7,,,0.0,True,,,,,,,False,,,,,,,False,False,left_to_right,False,18.3,47.7,,,False,False,False,False
9f228a50-30f0-4a3f-899d-0c6163474e72,3890424,1607,2,00:10:37.448,55,37,30,Pass,118,181,Schalke 04,From Throw In,181,Schalke 04,3510.0,Sead Kolašinac,Left Back,102.6,0.1,105.1,10.5,1.386692,False,,,,,,,True,10.696261,1.3348877,High Pass,Throw-in,8060.0,Klaas-Jan Huntelaar,False,False,left_to_right,False,102.6,0.1,105.1,10.5,False,False,False,False
c2320bc2-0bb1-4765-bc41-8926d06e5178,3890424,1608,2,00:10:38.563,55,38,17,Pressure,118,181,Schalke 04,From Throw In,872,Darmstadt 98,9217.0,Aytac Sulu,Right Center Back,14.7,70.6,,,0.732496,False,,,,,,,False,,,,,,,False,False,left_to_right,False,14.7,70.6,,,False,False,False,False
b18b69fc-4c6a-4d17-8728-e7576c666c32,3890424,1609,2,00:10:38.835,55,38,42,Ball Receipt*,118,181,Schalke 04,From Throw In,181,Schalke 04,8060.0,Klaas-Jan Huntelaar,Center Forward,105.1,10.5,,,,True,,,,,,,False,,,,,,,False,False,left_to_right,False,105.1,10.5,,,False,False,False,False
cb574e83-7aa0-4d9e-8542-0ed2e03afee9,3890424,1610,2,00:10:38.835,55,38,43,Carry,118,181,Schalke 04,From Throw In,181,Schalke 04,8060.0,Klaas-Jan Huntelaar,Center Forward,105.1,10.5,104.2,9.4,0.460469,True,,,,,,,False,,,,,,,False,False,left_to_right,False,105.1,10.5,104.2,9.4,False,False,False,False
7663c0d4-f0e2-48db-94ec-3d8740eec202,3890424,1611,2,00:10:39.295,55,39,3,Dispossessed,118,181,Schalke 04,From Throw In,181,Schalke 04,8060.0,Klaas-Jan Huntelaar,Center Forward,104.2,9.4,,,0.0,True,,,,,,,False,,,,,,,False,False,left_to_right,False,104.2,9.4,,,False,False,False,True
f47000e1-3783-43cf-8f80-4d979d9b35a6,3890424,1612,2,00:10:39.295,55,39,4,Duel,118,181,Schalke 04,From Throw In,872,Darmstadt 98,9217.0,Aytac Sulu,Right Center Back,15.9,70.7,,,0.0,True,,,,,,,False,,,,,,,False,False,left_to_right,False,15.9,70.7,,,False,False,False,False
6e023b5c-32b3-4711-ba7e-5f24eb50678f,3890424,1613,2,00:10:40.989,55,40,2,Ball Recovery,118,181,Schalke 04,From Throw In,872,Darmstadt 98,40477.0,Jan Rosenthal,Center Attacking Midfield,32.9,71.8,,,0.0,False,,,,,,,False,,,,,,,False,False,left_to_right,False,32.9,71.8,,,False,False,False,False
28bd95e5-fac3-417c-82b9-acc0b22edf00,3890424,1614,2,00:10:40.989,55,40,43,Carry,118,181,Schalke 04,From Throw In,872,Darmstadt 98,40477.0,Jan Rosenthal,Center Attacking Midfield,32.9,71.8,37.0,70.1,1.175532,True,,,,,,,False,,,,,,,False,False,left_to_right,False,32.9,71.8,37.0,70.1,False,False,False,False
49ddd020-d7aa-42c6-86fe-d754b4e140b8,3890424,1615,2,00:10:41.734,55,41,17,Pressure,118,181,Schalke 04,From Throw In,181,Schalke 04,6324.0,Leon Goretzka,Left Defensive Midfield,83.1,8.3,,,0.501817,False,,,,,,,False,,,,,,,False,False,left_to_right,False,83.1,8.3,,,False,False,False,False
70100c95-6ed5-4f36-8860-4778d479d1b7,3890424,1616,2,00:10:42.165,55,42,30,Pass,118,181,Schalke 04,From Throw In,872,Darmstadt 98,40477.0,Jan Rosenthal,Center Attacking Midfield,37.0,70.1,40.4,68.5,0.110493,True,,,,,,Incomplete,False,3.757659,-0.43984258,Ground Pass,,8388.0,Jérôme Gondorf,False,False,left_to_right,False,37.0,70.1,40.4,68.5,False,False,False,True
7c58c02d-7697-49d2-a7ab-7c25662434f7,3890424,1617,2,00:10:42.275,55,42,42,Ball Receipt*,118,181,Schalke 04,From Throw In,872,Darmstadt 98,8388.0,Jérôme Gondorf,Left Defensive Midfield,42.9,62.7,,,,False,,,,,,,False,,,,,,,False,False,left_to_right,False,42.9,62.7,,,False,False,False,False
61c14139-1d0d-4537-b10d-a964a9ad1f2b,3890424,1618,2,00:10:42.275,55,42,6,Block,118,181,Schalke 04,From Throw In,181,Schalke 04,6324.0,Leon Goretzka,Left Defensive Midfield,79.7,11.6,,,0.0,False,,,,,,,False,,,,,,,False,False,left_to_right,False,79.7,11.6,,,False,False,False,False
00508762-c21c-488a-9948-e225346cb212,3890424,1619,2,00:10:43.859,55,43,2,Ball Recovery,118,181,Schalke 04,From Throw In,181,Schalke 04,6324.0,Leon Goretzka,Left Defensive Midfield,79.3,9.7,,,0.0,False,,,,,,,False,,,,,,,False,False,left_to_right,False,79.3,9.7,,,False,False,False,False
37ee4df2-f576-4cae-abb7-66fe3290f2c5,3890424,1620,2,00:10:43.859,55,43,43,Carry,118,181,Schalke 04,From Throw In,181,Schalke 04,6324.0,Leon Goretzka,Left Defensive Midfield,79.3,9.7,77.9,12.8,1.172978,True,,,,,,,False,,,,,,,False,False,left_to_right,False,79.3,9.7,77.9,12.8,False,False,False,False
88842d7c-4992-43db-abda-cdc11a632f94,3890424,1621,2,00:10:44.875,55,44,17,Pressure,118,181,Schalke 04,From Throw In,872,Darmstadt 98,9401.0,Marcel Heller,Right Midfield,42.2,67.7,,,0.45715,False,,,,,,,False,,,,,,,False,False,left_to_right,False,42.2,67.7,,,False,False,False,False
b2ed42f5-9575-460d-a8c7-257c56946d7d,3890424,1622,2,00:10:45.032,55,45,30,Pass,118,181,Schalke 04,From Throw In,181,Schalke 04,6324.0,Leon Goretzka,Left Defensive Midfield,77.9,12.8,95.0,27.2,1.374184,True,,,,,,Incomplete,False,22.355536,0.6998929,High Pass,,3053.0,Leroy Sané,False,False,left_to_right,False,77.9,12.8,95.0,27.2,False,True,True,True
13f017ea-00cf-4676-ac2e-3fda5d948017,3890424,1623,2,00:10:46.406,55,46,42,Ball Receipt*,118,181,Schalke 04,From Throw In,181,Schalke 04,3053.0,Leroy Sané,Right Wing,96.1,30.6,,,,False,,,,,,,False,,,,,,,False,False,left_to_right,False,96.1,30.6,,,False,False,False,False
d9dc5d55-2569-4132-b1f9-3aa9f58ff6f0,3890424,1624,2,00:10:46.406,55,46,30,Pass,118,181,Schalke 04,From Throw In,872,Darmstadt 98,35033.0,Slobodan Rajković,Left Center Back,25.1,52.9,42.0,53.7,1.11361,False,,,,,,,True,16.918924,0.047301967,Low Pass,Recovery,40477.0,Jan Rosenthal,False,False,left_to_right,False,25.1,52.9,42.0,53.7,False,False,False,False
0df44e11-0040-4e15-a7d2-f55fae3470b9,3890424,1625,2,00:10:47.519,55,47,42,Ball Receipt*,118,181,Schalke 04,From Throw In,872,Darmstadt 98,40477.0,Jan Rosenthal,Center Attacking Midfield,42.0,53.7,,,,False,,,,,,,False,,,,,,,False,False,left_to_right,False,42.0,53.7,,,False,False,False,False
01dac2f1-e9b8-4486-8ea4-68bf580347fd,3890424,1626,2,00:10:47.519,55,47,43,Carry,118,181,Schalke 04,From Throw In,872,Darmstadt 98,40477.0,Jan Rosenthal,Center Attacking Midfield,42.0,53.7,42.0,52.4,0.06301,False,,,,,,,False,,,,,,,False,False,left_to_right,False,42.0,53.7,42.0,52.4,False,False,False,False
34c3c194-1551-4432-a029-c3f3f703df1b,3890424,1627,2,00:10:47.582,55,47,30,Pass,118,181,Schalke 04,From Throw In,872,Darmstadt 98,40477.0,Jan Rosenthal,Center Attacking Midfield,42.0,52.4,46.4,48.8,1.381706,False,,,,,,Incomplete,False,5.685068,-0.6857295,High Pass,,8388.0,Jérôme Gondorf,False,False,left_to_right,False,42.0,52.4,46.4,48.8,False,False,False,True
6b29dfdb-ded8-42e8-89c0-b446c1acc54f,3890424,1628,2,00:10:48.964,55,48,42,Ball Receipt*,118,181,Schalke 04,From Throw In,872,Darmstadt 98,8388.0,Jérôme Gondorf,Left Defensive Midfield,42.0,45.2,,,,False,,,,,,,False,,,,,,,False,False,left_to_right,False,42.0,45.2,,,False,False,False,False
49c239cb-8dbd-4ee6-a446-9b721a38be44,3890424,1629,2,00:10:48.964,55,48,30,Pass,118,181,Schalke 04,From Throw In,181,Schalke 04,6717.0,Johannes Geis,Right Defensive Midfield,73.7,31.3,81.8,39.9,1.050465,False,,,,,,,True,11.813974,0.8153293,High Pass,Recovery,8508.0,Max Meyer,False,False,left_to_right,False,73.7,31.3,81.8,39.9,False,False,True,False
b31babd0-46d8-4def-9784-7c1e871c35b9,3890424,1630,2,00:10:50.005,55,50,17,Pressure,118,181,Schalke 04,From Throw In,872,Darmstadt 98,8388.0,Jérôme Gondorf,Left Defensive Midfield,39.5,42.6,,,0.472434,False,,,,,,,False,,,,,,,False,False,left_to_right,False,39.5,42.6,,,False,False,False,False
a86a5221-d32f-4458-be32-f0ab3b608391,3890424,1631,2,00:10:50.015,55,50,42,Ball Receipt*,118,181,Schalke 04,From Throw In,181,Schalke 04,8508.0,Max Meyer,Center Attacking Midfield,81.8,39.9,,,,True,,,,,,,False,,,,,,,False,False,left_to_right,False,81.8,39.9,,,False,False,False,False
cea16c8d-8f86-41a9-84cd-d088e9051814,3890424,1632,2,00:10:50.015,55,50,30,Pass,118,181,Schalke 04,From Throw In,181,Schalke 04,8508.0,Max Meyer,Center Attacking Midfield,81.4,38.9,65.0,42.2,3.044732,True,,,,,,Incomplete,False,16.728718,2.9430249,Low Pass,,6717.0,Johannes Geis,False,False,left_to_right,False,81.4,38.9,65.0,42.2,False,False,False,True
a324ed12-9520-47d3-94ad-794e7247dd7c,3890424,1633,2,00:10:53.059,55,53,42,Ball Receipt*,118,181,Schalke 04,From Throw In,181,Schalke 04,6717.0,Johannes Geis,Right Defensive Midfield,64.3,40.2,,,,False,,,,,,,False,,,,,,,False,False,left_to_right,False,64.3,40.2,,,False,False,False,False
71d40488-cbc3-4621-ba05-99ed077b83fb,3890424,1634,2,00:10:53.059,55,53,2,Ball Recovery,118,181,Schalke 04,From Throw In,872,Darmstadt 98,40477.0,Jan Rosenthal,Center Attacking Midfield,55.1,37.9,,,0.0,False,,,,,,,False,,,,,,,False,False,left_to_right,False,55.1,37.9,,,False,False,False,False
ac64b482-2bbf-49af-97bd-a45518fa453b,3890424,1635,2,00:10:53.059,55,53,43,Carry,118,181,Schalke 04,From Throw In,872,Darmstadt 98,40477.0,Jan Rosenthal,Center Attacking Midfield,55.1,37.9,89.7,42.6,3.89526,True,,,,,,,False,,,,,,,False,False,left_to_right,False,55.1,37.9,89.7,42.6,True,False,False,False
39a8478d-511e-4e23-99b3-d1336eb95db1,3890424,1636,2,00:10:56.230,55,56,17,Pressure,118,181,Schalke 04,From Throw In,181,Schalke 04,30312.0,Uilson de Souza Paula Júnior,Right Back,32.3,38.9,,,0.913301,False,,,,,,,False,,,,,,,False,False,left_to_right,False,32.3,38.9,,,False,False,False,False
01a089bc-140e-4656-9d93-01ec249d5c3f,3890424,1637,2,00:10:56.617,55,56,17,Pressure,118,181,Schalke 04,From Throw In,181,Schalke 04,6717.0,Johannes Geis,Right Defensive Midfield,30.9,39.1,,,0.413331,False,,,,,,,False,,,,,,,False,False,left_to_right,False,30.9,39.1,,,False,False,False,False
af271975-852e-43b3-866d-d46f065f07e5,3890424,1638,2,00:10:56.955,55,56,30,Pass,118,181,Schalke 04,From Throw In,872,Darmstadt 98,40477.0,Jan Rosenthal,Center Attacking Midfield,89.7,42.6,90.8,45.9,0.521424,True,,,,,,Incomplete,False,3.4785054,1.2490457,Ground Pass,,9723.0,Sandro Wagner,False,False,left_to_right,False,89.7,42.6,90.8,45.9,False,False,False,True
728aa809-ac90-4209-a718-67148c439ab5,3890424,1639,2,00:10:57.476,55,57,42,Ball Receipt*,118,181,Schalke 04,From Throw In,872,Darmstadt 98,9723.0,Sandro Wagner,Center Forward,89.0,46.8,,,,False,,,,,,,False,,,,,,,False,False,left_to_right,False,89.0,46.8,,,False,False,False,False
3f7992e8-770b-4f39-b0bf-0be679c67e4a,3890424,1640,2,00:10:57.476,55,57,9,Clearance,118,181,Schalke 04,From Throw In,181,Schalke 04,16534.0,Roman Neustädter,Left Center Back,29.3,34.2,,,0.0,True,,,,,,,False,,,,,,,False,False,left_to_right,False,29.3,34.2,,,False,False,False,False
a6547bfb-87ee-4909-b5cc-0b5a1b7f39e4,3890424,1641,2,00:11:00.777,56,0,2,Ball Recovery,118,181,Schalke 04,From Throw In,181,Schalke 04,3499.0,Jean-Eric Maxim Choupo-Moting,Left Wing,53.6,10.2,,,0.0,False,,,,,,,False,,,,,,,False,False,left_to_right,False,53.6,10.2,,,False,False,False,False
c035fa00-7697-4549-bf76-5940b4cd1b72,3890424,1642,2,00:11:00.777,56,0,43,Carry,118,181,Schalke 04,From Throw In,181,Schalke 04,3499.0,Jean-Eric Maxim Choupo-Moting,Left Wing,53.6,10.2,66.4,18.8,5.343422,True,,,,,,,False,,,,,,,False,False,left_to_right,False,53.6,10.2,66.4,18.8,False,False,False,False
15f6eb64-ed28-4223-8593-7d79512bd542,3890424,1643,2,00:11:05.874,56,5,17,Pressure,118,181,Schalke 04,From Throw In,872,Darmstadt 98,40467.0,Peter Niemeyer,Right Defensive Midfield,51.5,62.6,,,0.47258,False,,,,,,,False,,,,,,,False,False,left_to_right,False,51.5,62.6,,,False,False,False,False
eb289120-bfb1-4af0-8c57-ef9532c6da37,3890424,1644,2,00:11:06.121,56,6,30,Pass,118,181,Schalke 04,From Throw In,181,Schalke 04,3499.0,Jean-Eric Maxim Choupo-Moting,Left Wing,66.4,18.8,57.8,35.5,1.673873,True,,,,,,,True,18.784302,2.046348,Ground Pass,,6717.0,Johannes Geis,False,False,left_to_right,False,66.4,18.8,57.8,35.5,False,False,False,False
77600fde-8e59-4e74-824c-c5821b34b134,3890424,1645,2,00:11:07.795,56,7,42,Ball Receipt*,118,181,Schalke 04,From Throw In,181,Schalke 04,6717.0,Johannes Geis,Right Defensive Midfield,57.8,35.5,,,,False,,,,,,,False,,,,,,,False,False,left_to_right,False,57.8,35.5,,,False,False,False,False
8dffdfd5-6d51-4314-89b0-e1a44ecfe7ed,3890424,1646,2,00:11:07.795,56,7,43,Carry,118,181,Schalke 04,From Throw In,181,Schalke 04,6717.0,Johannes Geis,Right Defensive Midfield,57.8,35.5,63.1,39.9,3.54963,False,,,,,,,False,,,,,,,False,False,left_to_right,False,57.8,35.5,63.1,39.9,False,False,False,False
9690f9a4-ece9-4f56-8d43-a9a7c272d92e,3890424,1647,2,00:11:11.344,56,11,30,Pass,118,181,Schalke 04,From Throw In,181,Schalke 04,6717.0,Johannes Geis,Right Defensive Midfield,63.1,39.9,68.9,50.6,1.009432,False,,,,,,,True,12.170867,1.0740726,Ground Pass,,8508.0,Max Meyer,False,False,left_to_right,False,63.1,39.9,68.9,50.6,False,False,False,False
958a5b39-45d7-4849-b595-a1cf3258919f,3890424,1648,2,00:11:12.354,56,12,42,Ball Receipt*,118,181,Schalke 04,From Throw In,181,Schalke 04,8508.0,Max Meyer,Center Attacking Midfield,68.9,50.6,,,,False,,,,,,,False,,,,,,,False,False,left_to_right,False,68.9,50.6,,,False,False,False,False
a7f8762a-2617-4bd2-8530-141aac275062,3890424,1649,2,00:11:12.354,56,12,43,Carry,118,181,Schalke 04,From Throw In,181,Schalke 04,8508.0,Max Meyer,Center Attacking Midfield,68.9,50.6,73.7,59.1,1.454022,False,,,,,,,False,,,,,,,False,False,left_to_right,False,68.9,50.6,73.7,59.1,False,False,False,False
13152d02-054c-4acb-8068-17a33ef5f5ce,3890424,1650,2,00:11:13.808,56,13,30,Pass,118,181,Schalke 04,From Throw In,181,Schalke 04,8508.0,Max Meyer,Center Attacking Midfield,73.7,59.1,71.5,71.1,1.129497,False,,,,,,,True,12.2,1.7521161,Ground Pass,,30312.0,Uilson de Souza Paula Júnior,False,False,left_to_right,False,73.7,59.1,71.5,71.1,False,False,False,False
ed1b9265-486b-4de2-889c-3b3b00bcb58c,3890424,1651,2,00:11:14.937,56,14,42,Ball Receipt*,118,181,Schalke 04,From Throw In,181,Schalke 04,30312.0,Uilson de Souza Paula Júnior,Right Back,71.5,71.1,,,,False,,,,,,,False,,,,,,,False,False,left_to_right,False,71.5,71.1,,,False,False,False,False
ca5f8b40-baed-4297-b9b4-9b8b319d50fb,3890424,1652,2,00:11:14.937,56,14,43,Carry,118,181,Schalke 04,From Throw In,181,Schalke 04,30312.0,Uilson de Souza Paula Júnior,Right Back,71.5,71.1,72.5,61.9,2.38368,False,,,,,,,False,,,,,,,False,False,left_to_right,False,71.5,71.1,72.5,61.9,False,False,False,False
dd05561c-5272-445c-9bd5-d4cdf4a6ba19,3890424,1653,2,00:11:17.321,56,17,30,Pass,118,181,Schalke 04,From Throw In,181,Schalke 04,30312.0,Uilson de Souza Paula Júnior,Right Back,72.5,61.9,86.2,55.3,0.88986,False,,,,,,,True,15.206906,-0.44894278,Ground Pass,,3053.0,Leroy Sané,False,False,left_to_right,False,72.5,61.9,86.2,55.3,False,True,True,False
9c80ed5f-6edb-4a1e-9122-4a331d0a9803,3890424,1654,2,00:11:17.927,56,17,17,Pressure,118,181,Schalke 04,From Throw In,872,Darmstadt 98,9404.0,Luca Caldirola,Left Back,33.3,24.3,,,0.538146,False,,,,,,,False,,,,,,,False,False,left_to_right,False,33.3,24.3,,,False,False,False,False
1f0a497a-89a9-4d97-97f3-dc75a3dfb89c,3890424,1655,2,00:11:18.211,56,18,42,Ball Receipt*,118,181,Schalke 04,From Throw In,181,Schalke 04,3053.0,Leroy Sané,Right Wing,86.2,55.3,,,,True,,,,,,,False,,,,,,,False,False,left_to_right,False,86.2,55.3,,,False,False,False,False
3f5a3f16-435a-41b9-9328-f4d060e4ac59,3890424,1656,2,00:11:18.211,56,18,30,Pass,118,181,Schalke 04,From Throw In,181,Schalke 04,3053.0,Leroy Sané,Right Wing,84.3,55.5,80.4,47.0,0.579429,True,,,,,,,True,9.352005,-2.0009637,Ground Pass,,30312.0,Uilson de Souza Paula Júnior,False,False,left_to_right,False,84.3,55.5,80.4,47.0,False,False,False,False
3183ac56-6f20-408c-95da-b0268f5a7391,3890424,1657,2,00:11:18.790,56,18,42,Ball Receipt*,118,181,Schalke 04,From Throw In,181,Schalke 04,30312.0,Uilson de Souza Paula Júnior,Right Back,80.4,47.0,,,,False,,,,,,,False,,,,,,,False,False,left_to_right,False,80.4,47.0,,,False,False,False,False
073f916f-0fe0-4bf8-b458-6f12a6f7beb3,3890424,1658,2,00:11:18.790,56,18,43,Carry,118,181,Schalke 04,From Throw In,181,Schalke 04,30312.0,Uilson de Souza Paula Júnior,Right Back,80.4,47.0,93.4,48.8,1.725781,True,,,,,,,False,,,,,,,False,False,left_to_right,False,80.4,47.0,93.4,48.8,True,False,False,False
48968786-3747-41a7-b4f4-e3a098d7a828,3890424,1659,2,00:11:20.099,56,20,17,Pressure,118,181,Schalke 04,From Throw In,872,Darmstadt 98,35033.0,Slobodan Rajković,Left Center Back,26.1,30.9,,,0.417208,False,,,,,,,False,,,,,,,False,False,left_to_right,False,26.1,30.9,,,False,False,False,False
4c305a10-60b0-4c54-8915-065a235d1c27,3890424,1660,2,00:11:20.516,56,20,14,Dribble,118,181,Schalke 04,From Throw In,181,Schalke 04,30312.0,Uilson de Souza Paula Júnior,Right Back,93.4,48.8,,,0.0,True,,,,,,,False,,,,,,,False,False,left_to_right,False,93.4,48.8,,,False,False,False,False
a0d9196d-6336-423b-9ff5-f74ef13a6838,3890424,1661,2,00:11:20.516,56,20,4,Duel,118,181,Schalke 04,From Throw In,872,Darmstadt 98,35033.0,Slobodan Rajković,Left Center Back,26.7,31.3,,,0.0,True,,,,,,,False,,,,,,,False,False,left_to_right,False,26.7,31.3,,,False,False,False,False
7b4f4726-b8cb-4c6d-b3c5-1a79694670fc,3890424,1662,2,00:11:22.585,56,22,2,Ball Recovery,118,181,Schalke 04,From Throw In,872,Darmstadt 98,9217.0,Aytac Sulu,Right Center Back,36.5,39.8,,,0.0,False,,,,,,,False,,,,,,,False,False,left_to_right,False,36.5,39.8,,,False,False,False,False
7de6ce85-95b9-4187-ae02-48472500b5ac,3890424,1663,2,00:11:22.585,56,22,43,Carry,118,181,Schalke 04,From Throw In,872,Darmstadt 98,9217.0,Aytac Sulu,Right Center Back,36.5,39.8,38.9,39.8,1.344883,False,,,,,,,False,,,,,,,False,False,left_to_right,False,36.5,39.8,38.9,39.8,False,False,False,False
9a29e3c8-31ee-4bcc-be84-432cb0214cf1,3890424,1664,2,00:11:23.930,56,23,30,Pass,118,181,Schalke 04,From Throw In,872,Darmstadt 98,9217.0,Aytac Sulu,Right Center Back,38.9,39.8,52.0,42.0,1.016952,False,,,,,,,True,13.283448,0.1663863,Ground Pass,,40477.0,Jan Rosenthal,False,False,left_to_right,False,38.9,39.8,52.0,42.0,False,False,False,False
814f5727-820f-4a0a-b9d6-efb7abdfd552,3890424,1665,2,00:11:23.948,56,23,17,Pressure,118,181,Schalke 04,From Throw In,181,Schalke 04,3053.0,Leroy Sané,Right Wing,80.3,42.2,,,0.210555,False,,,,,,,False,,,,,,,False,False,left_to_right,False,80.3,42.2,,,False,False,False,False
ec173009-a241-428d-a885-edecf72947c5,3890424,1666,2,00:11:24.947,56,24,42,Ball Receipt*,118,181,Schalke 04,From Throw In,872,Darmstadt 98,40477.0,Jan Rosenthal,Center Attacking Midfield,52.0,42.0,,,,False,,,,,,,False,,,,,,,False,False,left_to_right,False,52.0,42.0,,,False,False,False,False
dc5c2dda-4462-4f71-a38d-406031403235,3890424,1667,2,00:11:24.947,56,24,43,Carry,118,181,Schalke 04,From Throw In,872,Darmstadt 98,40477.0,Jan Rosenthal,Center Attacking Midfield,52.0,42.0,54.2,38.4,0.971715,False,,,,,,,False,,,,,,,False,False,left_to_right,False,52.0,42.0,54.2,38.4,False,False,False,False
bc264844-843e-4b27-902c-a0a4c51a3196,3890424,1668,2,00:11:25.919,56,25,30,Pass,118,181,Schalke 04,From Throw In,872,Darmstadt 98,40477.0,Jan Rosenthal,Center Attacking Midfield,54.2,38.4,82.9,0.9,4.120759,False,,,,,,Out,False,47.22224,-0.9175539,Low Pass,,11134.0,Konstantin Rausch,False,False,left_to_right,False,54.2,38.4,82.9,0.9,False,False,True,True
d0103f19-8912-4e3f-a31e-b18c07db88b4,3890424,1669,2,00:11:30.040,56,30,42,Ball Receipt*,118,181,Schalke 04,From Throw In,872,Darmstadt 98,11134.0,Konstantin Rausch,Left Midfield,77.6,5.4,,,,False,,,,,,,False,,,,,,,False,False,left_to_right,False,77.6,5.4,,,False,False,False,False
6695c227-a8af-42b2-a78f-c71f715b3c2c,3890424,1670,2,00:11:58.694,56,58,30,Pass,119,181,Schalke 04,From Throw In,181,Schalke 04,30312.0,Uilson de Souza Paula Júnior,Right Back,40.4,80.0,52.9,75.3,1.804268,False,,,,,,,True,13.3544,-0.3596471,High Pass,Throw-in,3053.0,Leroy Sané,False,False,left_to_right,False,40.4,80.0,52.9,75.3,False,False,False,False
9a3bc02b-b761-436a-98e9-f55d78182b40,3890424,1671,2,00:12:00.498,57,0,42,Ball Receipt*,119,181,Schalke 04,From Throw In,181,Schalke 04,3053.0,Leroy Sané,Right Wing,52.9,75.3,,,,False,,,,,,,False,,,,,,,False,False,left_to_right,False,52.9,75.3,,,False,False,False,False
fce536af-86ad-4c34-b140-30ed9db23f9c,3890424,1672,2,00:12:01.032,57,1,38,Miscontrol,119,181,Schalke 04,From Throw In,181,Schalke 04,3053.0,Leroy Sané,Right Wing,55.9,76.1,,,0.0,False,,,,,,,False,,,,,,,False,False,left_to_right,False,55.9,76.1,,,False,False,False,True
0646d863-2746-440c-8839-1cee49a802dc,3890424,1673,2,00:12:03.092,57,3,30,Pass,120,872,Darmstadt 98,From Throw In,872,Darmstadt 98,9404.0,Luca Caldirola,Left Back,53.3,0.1,72.3,5.4,1.299521,False,,,,,,,True,19.725365,0.27203232,High Pass,Throw-in,9723.0,Sandro Wagner,False,False,left_to_right,False,53.3,0.1,72.3,5.4,False,False,False,False
11267860-a77f-4799-ab2c-2899ff891374,3890424,1674,2,00:12:04.097,57,4,17,Pressure,120,872,Darmstadt 98,From Throw In,181,Schalke 04,30312.0,Uilson de Souza Paula Júnior,Right Back,46.7,74.4,,,0.413225,False,,,,,,,False,,,,,,,False,False,left_to_right,False,46.7,74.4,,,False,False,False,False
3605fbd1-f5bb-486e-8786-acc4f54f7156,3890424,1675,2,00:12:04.392,57,4,42,Ball Receipt*,120,872,Darmstadt 98,From Throw In,872,Darmstadt 98,9723.0,Sandro Wagner,Center Forward,72.3,5.4,,,,True,,,,,,,False,,,,,,,False,False,left_to_right,False,72.3,5.4,,,False,False,False,False
876848ab-e90e-43ed-a7db-ac1f0b12ee3a,3890424,1676,2,00:12:04.392,57,4,43,Carry,120,872,Darmstadt 98,From Throw In,872,Darmstadt 98,9723.0,Sandro Wagner,Center Forward,72.3,5.4,72.2,6.0,0.125198,True,,,,,,,False,,,,,,,False,False,left_to_right,False,72.3,5.4,72.2,6.0,False,False,False,False
3dc1ebbe-7a41-4eb2-aaa7-913d31dc4452,3890424,1677,2,00:12:04.517,57,4,22,Foul Committed,120,872,Darmstadt 98,From Throw In,181,Schalke 04,30312.0,Uilson de Souza Paula Júnior,Right Back,47.9,74.1,,,0.0,False,,,,,,,False,,,,,,,False,False,left_to_right,False,47.9,74.1,,,False,False,False,False
129c267e-dba1-41cd-8b2d-d93e7085fa21,3890424,1678,2,00:12:04.517,57,4,21,Foul Won,120,872,Darmstadt 98,From Throw In,872,Darmstadt 98,9723.0,Sandro Wagner,Center Forward,72.2,6.0,,,0.0,True,,,,,,,False,,,,,,,False,False,left_to_right,False,72.2,6.0,,,False,False,False,False
2d8040ea-2c5a-4c40-a8b1-8e389720d3b2,3890424,1679,2,00:12:35.476,57,35,30,Pass,121,872,Darmstadt 98,From Free Kick,872,Darmstadt 98,8388.0,Jérôme Gondorf,Left Defensive Midfield,75.6,6.3,105.8,44.6,2.836294,False,,,,,,Incomplete,False,48.774277,0.9030998,High Pass,Free Kick,9217.0,Aytac Sulu,False,False,left_to_right,False,75.6,6.3,105.8,44.6,False,True,True,True
2cc69ebd-9e0c-44cd-a56f-d7f738099e15,3890424,1680,2,00:12:38.313,57,38,42,Ball Receipt*,121,872,Darmstadt 98,From Free Kick,872,Darmstadt 98,9217.0,Aytac Sulu,Right Center Back,102.8,43.2,,,,False,,,,,,,False,,,,,,,False,False,left_to_right,False,102.8,43.2,,,False,False,False,False
2afd4ba2-5875-4f3d-b01e-bcfbaac76794,3890424,1681,2,00:12:38.313,57,38,4,Duel,121,872,Darmstadt 98,From Free Kick,872,Darmstadt 98,9217.0,Aytac Sulu,Right Center Back,105.8,44.6,,,0.0,True,,,,,,,False,,,,,,,False,False,left_to_right,False,105.8,44.6,,,False,False,False,False
b82a9675-76f4-484b-b5fe-05f3d498d8a8,3890424,1682,2,00:12:38.313,57,38,9,Clearance,121,872,Darmstadt 98,From Free Kick,181,Schalke 04,3499.0,Jean-Eric Maxim Choupo-Moting,Left Wing,14.3,35.5,,,0.0,True,,,,,,,False,,,,,,,False,False,left_to_right,False,14.3,35.5,,,False,False,False,False
48564fd9-d8c2-426a-bdd0-a8b8a72cbc37,3890424,1683,2,00:12:40.727,57,40,17,Pressure,121,872,Darmstadt 98,From Free Kick,872,Darmstadt 98,35033.0,Slobodan Rajković,Left Center Back,95.1,59.3,,,0.653588,False,,,,,,,False,,,,,,,False,False,left_to_right,False,95.1,59.3,,,False,False,False,False
70d77ff5-6a54-4dba-83e8-2bd66696eb91,3890424,1684,2,00:12:41.005,57,41,30,Pass,121,872,Darmstadt 98,From Free Kick,181,Schalke 04,3510.0,Sead Kolašinac,Left Back,25.0,17.4,72.2,23.8,4.122612,True,,,,,,Incomplete,False,47.631924,0.13477129,High Pass,Recovery,3053.0,Leroy Sané,False,False,left_to_right,False,25.0,17.4,72.2,23.8,False,True,False,True
1c00cadc-52be-47af-bf45-fe91d400f3e2,3890424,1685,2,00:12:44.920,57,44,17,Pressure,121,872,Darmstadt 98,From Free Kick,181,Schalke 04,3053.0,Leroy Sané,Right Wing,70.6,23.8,,,0.193971,False,,,,,,,False,,,,,,,False,False,left_to_right,False,70.6,23.8,,,False,False,False,False
5bdedf0f-57f6-4225-b508-47cc76f593db,3890424,1686,2,00:12:45.128,57,45,42,Ball Receipt*,121,872,Darmstadt 98,From Free Kick,181,Schalke 04,3053.0,Leroy Sané,Right Wing,69.8,23.5,,,,False,,,,,,,False,,,,,,,False,False,left_to_right,False,69.8,23.5,,,False,False,False,False
de8caebe-163d-4fa0-8023-e9621d887da6,3890424,1687,2,00:12:45.128,57,45,30,Pass,121,872,Darmstadt 98,From Free Kick,872,Darmstadt 98,20522.0,György Garics,Right Back,47.9,56.3,11.4,75.2,4.58857,False,,,,,,,True,41.103043,2.6638002,High Pass,Recovery,8306.0,Christian Mathenia,False,False,left_to_right,False,47.9,56.3,11.4,75.2,False,False,False,False
dbc82559-39ee-485b-bff6-0c0c501e26f1,3890424,1688,2,00:12:49.716,57,49,42,Ball Receipt*,121,872,Darmstadt 98,From Free Kick,872,Darmstadt 98,8306.0,Christian Mathenia,Goalkeeper,11.4,75.2,,,,False,,,,,,,False,,,,,,,False,False,left_to_right,False,11.4,75.2,,,False,False,False,False
a33f976e-27f5-4ff6-873c-569b4ed804a4,3890424,1689,2,00:12:49.716,57,49,30,Pass,121,872,Darmstadt 98,From Free Kick,872,Darmstadt 98,8306.0,Christian Mathenia,Goalkeeper,11.1,75.6,12.3,80.0,0.558115,False,,,,,,Out,False,4.560702,1.3045443,Ground Pass,,,,False,False,left_to_right,False,11.1,75.6,12.3,80.0,False,False,False,True
906c09c7-9ef3-4498-9680-1af11c9e55ac,3890424,1690,2,00:13:10.725,58,10,30,Pass,122,181,Schalke 04,From Throw In,181,Schalke 04,3510.0,Sead Kolašinac,Left Back,104.0,0.1,116.4,9.7,1.59227,False,,,,,,,True,15.681837,0.658806,Low Pass,Throw-in,8060.0,Klaas-Jan Huntelaar,False,False,left_to_right,False,104.0,0.1,116.4,9.7,False,True,False,False
affe464e-8c27-49f2-9e66-462a4d3d654c,3890424,1691,2,00:13:12.317,58,12,42,Ball Receipt*,122,181,Schalke 04,From Throw In,181,Schalke 04,8060.0,Klaas-Jan Huntelaar,Center Forward,116.4,9.7,,,,False,,,,,,,False,,,,,,,False,False,left_to_right,False,116.4,9.7,,,False,False,False,False
fc5ab9c8-a5f1-44a9-8907-021fa77e3242,3890424,1692,2,00:13:12.317,58,12,43,Carry,122,181,Schalke 04,From Throw In,181,Schalke 04,8060.0,Klaas-Jan Huntelaar,Center Forward,116.4,9.7,108.6,5.8,1.311676,True,,,,,,,False,,,,,,,False,False,left_to_right,False,116.4,9.7,108.6,5.8,False,False,False,False
81542776-2c5d-4ab8-a69e-513b32d880ca,3890424,1693,2,00:13:13.198,58,13,17,Pressure,122,181,Schalke 04,From Throw In,872,Darmstadt 98,20522.0,György Garics,Right Back,9.0,72.6,,,0.73366,False,,,,,,,False,,,,,,,False,False,left_to_right,False,9.0,72.6,,,False,False,False,False
e27e15c0-e334-4e12-aa8f-97bd26636882,3890424,1694,2,00:13:13.629,58,13,30,Pass,122,181,Schalke 04,From Throw In,181,Schalke 04,8060.0,Klaas-Jan Huntelaar,Center Forward,108.6,5.8,115.9,7.5,0.651925,True,,,,,,,True,7.495332,0.22879885,Ground Pass,,3510.0,Sead Kolašinac,False,False,left_to_right,False,108.6,5.8,115.9,7.5,False,False,False,False
b9cf5cf3-2906-48a3-b28d-c3ada65c98df,3890424,1695,2,00:13:14.280,58,14,42,Ball Receipt*,122,181,Schalke 04,From Throw In,181,Schalke 04,3510.0,Sead Kolašinac,Left Back,115.9,7.5,,,,False,,,,,,,False,,,,,,,False,False,left_to_right,False,115.9,7.5,,,False,False,False,False
cb311211-1f2a-4568-9708-2d58aa30842b,3890424,1696,2,00:13:14.280,58,14,43,Carry,122,181,Schalke 04,From Throw In,181,Schalke 04,3510.0,Sead Kolašinac,Left Back,115.9,7.5,116.5,9.7,0.437417,True,,,,,,,False,,,,,,,False,False,left_to_right,False,115.9,7.5,116.5,9.7,False,False,False,False
9aeaaec5-dd81-4741-bd42-e3f4e6e12261,3890424,1697,2,00:13:14.718,58,14,39,Dribbled Past,122,181,Schalke 04,From Throw In,872,Darmstadt 98,20522.0,György Garics,Right Back,3.6,70.4,,,0.0,False,,,,,,,False,,,,,,,False,False,left_to_right,False,3.6,70.4,,,False,False,False,False
ff4aea28-bafc-43d3-908e-4d265263eb08,3890424,1698,2,00:13:14.718,58,14,14,Dribble,122,181,Schalke 04,From Throw In,181,Schalke 04,3510.0,Sead Kolašinac,Left Back,116.5,9.7,,,0.0,True,,,,,,,False,,,,,,,False,False,left_to_right,False,116.5,9.7,,,False,False,False,False
f4bc31ee-4731-49ab-b139-894fb463cc2f,3890424,1699,2,00:13:14.718,58,14,43,Carry,122,181,Schalke 04,From Throw In,181,Schalke 04,3510.0,Sead Kolašinac,Left Back,116.5,9.7,117.6,15.3,0.992545,True,,,,,,,False,,,,,,,False,False,left_to_right,False,116.5,9.7,117.6,15.3,False,False,False,False
04564fcd-62ec-48ae-b656-362845389128,3890424,1700,2,00:13:15.301,58,15,17,Pressure,122,181,Schalke 04,From Throw In,872,Darmstadt 98,9217.0,Aytac Sulu,Right Center Back,3.3,64.0,,,0.502519,False,,,,,,,False,,,,,,,False,False,left_to_right,False,3.3,64.0,,,False,False,False,False
130b2d2b-2dfc-4b0a-811d-818ecfec4319,3890424,1701,2,00:13:15.710,58,15,30,Pass,122,181,Schalke 04,From Throw In,181,Schalke 04,3510.0,Sead Kolašinac,Left Back,117.6,15.3,116.8,17.7,0.093408,True,,,,,,Incomplete,False,2.529822,1.8925469,Low Pass,,3053.0,Leroy Sané,False,False,left_to_right,False,117.6,15.3,116.8,17.7,False,False,False,True
b02a7c9e-6bec-4c2b-b173-c9d73a641944,3890424,1702,2,00:13:15.804,58,15,42,Ball Receipt*,122,181,Schalke 04,From Throw In,181,Schalke 04,3053.0,Leroy Sané,Right Wing,109.7,38.1,,,,True,,,,,,,False,,,,,,,False,False,left_to_right,False,109.7,38.1,,,False,False,False,False
53facc6c-d0b9-4354-98ea-5a438988b0f3,3890424,1703,2,00:13:15.804,58,15,6,Block,122,181,Schalke 04,From Throw In,872,Darmstadt 98,9217.0,Aytac Sulu,Right Center Back,3.3,62.4,,,0.0,False,,,,,,,False,,,,,,,False,False,left_to_right,False,3.3,62.4,,,False,False,False,False
74af32b3-dc01-450d-8d0a-727cbc4c9a58,3890424,1704,2,00:13:48.325,58,48,30,Pass,123,181,Schalke 04,From Corner,181,Schalke 04,6717.0,Johannes Geis,Right Defensive Midfield,120.0,0.1,115.6,32.5,2.680379,False,,,,,,Incomplete,False,32.6974,1.7057731,High Pass,Corner,3502.0,Joël Andre Job Matip,False,False,left_to_right,False,120.0,0.1,115.6,32.5,False,True,False,True
cb4e00bd-3b4a-4de1-8630-f408d9563728,3890424,1705,2,00:13:51.005,58,51,42,Ball Receipt*,123,181,Schalke 04,From Corner,181,Schalke 04,3502.0,Joël Andre Job Matip,Right Center Back,115.0,34.2,,,,False,,,,,,,False,,,,,,,False,False,left_to_right,False,115.0,34.2,,,False,False,False,False
55785f62-4a5c-4430-bc88-5096e1ecb4cd,3890424,1706,2,00:13:51.005,58,51,23,Goal Keeper,123,181,Schalke 04,From Corner,872,Darmstadt 98,8306.0,Christian Mathenia,Goalkeeper,4.5,47.6,,,0.0,False,,,,,,,False,,,,,,,False,False,left_to_right,False,4.5,47.6,,,False,False,False,False
65ea0b1f-b231-4ed0-9097-39410a0e3007,3890424,1707,2,00:13:53.298,58,53,30,Pass,123,181,Schalke 04,From Corner,872,Darmstadt 98,9401.0,Marcel Heller,Right Midfield,22.6,56.0,50.8,27.6,3.562515,False,,,,,,,True,40.022495,-0.7889317,High Pass,Recovery,11134.0,Konstantin Rausch,False,False,left_to_right,False,22.6,56.0,50.8,27.6,False,True,False,False
d7528e74-8564-438f-ba96-be034144c4ef,3890424,1708,2,00:13:56.861,58,56,42,Ball Receipt*,123,181,Schalke 04,From Corner,872,Darmstadt 98,11134.0,Konstantin Rausch,Left Midfield,50.8,27.6,,,,False,,,,,,,False,,,,,,,False,False,left_to_right,False,50.8,27.6,,,False,False,False,False
9bfec012-755f-4f4f-846d-42585566d3c4,3890424,1709,2,00:13:56.861,58,56,43,Carry,123,181,Schalke 04,From Corner,872,Darmstadt 98,11134.0,Konstantin Rausch,Left Midfield,50.8,27.6,53.3,26.6,0.28526402,True,,,,,,,False,,,,,,,False,False,left_to_right,False,50.8,27.6,53.3,26.6,False,False,False,False
b4838771-6b4e-45c9-962b-daca1adf3527,3890424,1710,2,00:13:57.146,58,57,22,Foul Committed,123,181,Schalke 04,From Corner,181,Schalke 04,8508.0,Max Meyer,Center Attacking Midfield,66.8,53.5,,,0.0,False,,,,,,,False,,,,,,,False,False,left_to_right,False,66.8,53.5,,,False,False,False,False
74d0eb80-5736-4cb3-9ac4-ff91b16f1717,3890424,1711,2,00:13:57.146,58,57,21,Foul Won,123,181,Schalke 04,From Corner,872,Darmstadt 98,9401.0,Marcel Heller,Right Midfield,53.3,26.6,,,0.0,True,,,,,,,False,,,,,,,False,False,left_to_right,False,53.3,26.6,,,False,False,False,False
42daf5ac-b78d-43be-a333-b7b718153d0b,3890424,1712,2,00:15:14.432,60,14,19,Substitution,123,181,Schalke 04,From Corner,872,Darmstadt 98,40477.0,Jan Rosenthal,Center Attacking Midfield,,,,,0.0,False,,,,,,,False,,,,,,,False,False,left_to_right,False,,,,,False,False,False,False
ca7cc290-017c-4252-96a9-697841f046f5,3890424,1713,2,00:15:17.434,60,17,19,Substitution,123,181,Schalke 04,From Corner,872,Darmstadt 98,11134.0,Konstantin Rausch,Left Midfield,,,,,0.0,False,,,,,,,False,,,,,,,False,False,left_to_right,False,,,,,False,False,False,False
1680929a-ec37-46b3-8d60-04c59a045af5,3890424,1714,2,00:15:26.464,60,26,30,Pass,124,872,Darmstadt 98,From Free Kick,872,Darmstadt 98,13675.0,Mario Vrančić,Left Midfield,77.9,37.4,120.0,56.3,3.319002,False,,,,,,Out,False,46.147804,0.42196468,High Pass,Free Kick,35033.0,Slobodan Rajković,False,False,left_to_right,False,77.9,37.4,120.0,56.3,False,True,True,True
8cb57fa7-df11-471e-b3cc-f5e4a362aae3,3890424,1715,2,00:15:29.783,60,29,42,Ball Receipt*,124,872,Darmstadt 98,From Free Kick,872,Darmstadt 98,35033.0,Slobodan Rajković,Left Center Back,114.8,54.3,,,,False,,,,,,,False,,,,,,,False,False,left_to_right,False,114.8,54.3,,,False,False,False,False
4f0eadc9-8c29-4887-8fc2-e5a19883aa70,3890424,1716,2,00:15:55.507,60,55,30,Pass,125,181,Schalke 04,From Goal Kick,181,Schalke 04,8517.0,Ralf Fährmann,Goalkeeper,6.0,36.0,65.4,14.7,3.624632,False,,,,,,,True,63.103485,-0.34430313,High Pass,Goal Kick,3499.0,Jean-Eric Maxim Choupo-Moting,False,False,left_to_right,False,6.0,36.0,65.4,14.7,False,True,False,False
713f06cb-0b59-4311-a7fd-62c688d4250b,3890424,1717,2,00:15:59.131,60,59,42,Ball Receipt*,125,181,Schalke 04,From Goal Kick,181,Schalke 04,3499.0,Jean-Eric Maxim Choupo-Moting,Left Wing,65.4,14.7,,,,False,,,,,,,False,,,,,,,False,False,left_to_right,False,65.4,14.7,,,False,False,False,False
4b8a0a19-22dd-4936-b718-0437528622fd,3890424,1718,2,00:15:59.131,60,59,30,Pass,125,181,Schalke 04,From Goal Kick,181,Schalke 04,3499.0,Jean-Eric Maxim Choupo-Moting,Left Wing,66.1,14.2,76.7,11.4,0.865402,True,,,,,,Incomplete,False,10.963576,-0.25825223,Low Pass,,8060.0,Klaas-Jan Huntelaar,False,False,left_to_right,False,66.1,14.2,76.7,11.4,False,False,False,True
25314882-8ef9-4a18-b999-c8a173dccd12,3890424,1719,2,00:15:59.131,60,59,4,Duel,125,181,Schalke 04,From Goal Kick,872,Darmstadt 98,40467.0,Peter Niemeyer,Right Defensive Midfield,54.0,65.9,,,0.0,True,,,,,,,False,,,,,,,False,False,left_to_right,False,54.0,65.9,,,False,False,False,False
d8475f75-35ac-4004-a1e2-d5c41031b599,3890424,1720,2,00:15:59.997,60,59,42,Ball Receipt*,125,181,Schalke 04,From Goal Kick,181,Schalke 04,8060.0,Klaas-Jan Huntelaar,Center Forward,76.1,12.7,,,,False,,,,,,,False,,,,,,,False,False,left_to_right,False,76.1,12.7,,,False,False,False,False
0a8059b1-2a6e-4a57-9e17-63a23664d19e,3890424,1721,2,00:15:59.997,60,59,30,Pass,125,181,Schalke 04,From Goal Kick,872,Darmstadt 98,20522.0,György Garics,Right Back,43.4,68.7,57.3,67.1,1.376981,False,,,,,,Incomplete,False,13.991783,-0.11460353,High Pass,Recovery,9401.0,Marcel Heller,False,False,left_to_right,False,43.4,68.7,57.3,67.1,False,False,False,True
110b0939-9950-4de7-8c3f-a9c0fdb36b1d,3890424,1722,2,00:16:01.374,61,1,42,Ball Receipt*,125,181,Schalke 04,From Goal Kick,872,Darmstadt 98,9401.0,Marcel Heller,Right Midfield,53.7,66.5,,,,False,,,,,,,False,,,,,,,False,False,left_to_right,False,53.7,66.5,,,False,False,False,False
7fb082b1-35e5-4525-8d54-12c4eafee367,3890424,1723,2,00:16:01.374,61,1,2,Ball Recovery,125,181,Schalke 04,From Goal Kick,181,Schalke 04,3499.0,Jean-Eric Maxim Choupo-Moting,Left Wing,62.8,13.0,,,0.0,False,,,,,,,False,,,,,,,False,False,left_to_right,False,62.8,13.0,,,False,False,False,False
4082ee4c-a71d-4a00-9460-e60113b402c1,3890424,1724,2,00:16:01.374,61,1,43,Carry,125,181,Schalke 04,From Goal Kick,181,Schalke 04,3499.0,Jean-Eric Maxim Choupo-Moting,Left Wing,62.8,13.0,56.8,12.8,0.911763,True,,,,,,,False,,,,,,,False,False,left_to_right,False,62.8,13.0,56.8,12.8,False,False,False,False
0e08cb92-ee58-4768-956a-89225a05cc81,3890424,1725,2,00:16:01.964,61,1,17,Pressure,125,181,Schalke 04,From Goal Kick,872,Darmstadt 98,40467.0,Peter Niemeyer,Right Defensive Midfield,61.7,67.9,,,0.916421,False,,,,,,,False,,,,,,,False,False,left_to_right,False,61.7,67.9,,,False,False,False,False
39923a82-2590-4882-b864-1f13d4ca4dae,3890424,1726,2,00:16:02.286,61,2,38,Miscontrol,125,181,Schalke 04,From Goal Kick,181,Schalke 04,3499.0,Jean-Eric Maxim Choupo-Moting,Left Wing,56.8,12.8,,,0.0,True,,,,,,,False,,,,,,,False,False,left_to_right,False,56.8,12.8,,,False,False,False,True
a83c8bcd-01cc-4da6-a9c1-6970e6f3ecca,3890424,1727,2,00:16:03.008,61,3,2,Ball Recovery,125,181,Schalke 04,From Goal Kick,872,Darmstadt 98,8388.0,Jérôme Gondorf,Left Defensive Midfield,64.7,66.0,,,0.0,False,,,,,,,False,,,,,,,False,False,left_to_right,False,64.7,66.0,,,False,False,False,False
97cc7a91-ca64-4605-bc8a-38d48eddfe75,3890424,1728,2,00:16:03.008,61,3,43,Carry,125,181,Schalke 04,From Goal Kick,872,Darmstadt 98,8388.0,Jérôme Gondorf,Left Defensive Midfield,64.7,66.0,68.4,66.6,0.600317,True,,,,,,,False,,,,,,,False,False,left_to_right,False,64.7,66.0,68.4,66.6,False,False,False,False
4a185b36-160c-4b78-91cf-a0c51a642d15,3890424,1729,2,00:16:03.011,61,3,17,Pressure,125,181,Schalke 04,From Goal Kick,181,Schalke 04,3499.0,Jean-Eric Maxim Choupo-Moting,Left Wing,53.9,16.0,,,1.1441,False,,,,,,,False,,,,,,,False,False,left_to_right,False,53.9,16.0,,,False,False,False,False
5fa278d7-1c8d-429c-bfb0-9d5a32ab3e75,3890424,1730,2,00:16:03.609,61,3,30,Pass,125,181,Schalke 04,From Goal Kick,872,Darmstadt 98,8388.0,Jérôme Gondorf,Left Defensive Midfield,68.4,66.6,76.1,67.7,1.12385,True,,,,,,,True,7.7781744,0.14189705,Ground Pass,,9723.0,Sandro Wagner,False,False,left_to_right,False,68.4,66.6,76.1,67.7,False,False,False,False
3f806192-4653-4ca1-a8a1-511997cc77f6,3890424,1731,2,00:16:04.732,61,4,42,Ball Receipt*,125,181,Schalke 04,From Goal Kick,872,Darmstadt 98,9723.0,Sandro Wagner,Center Forward,76.1,67.7,,,,False,,,,,,,False,,,,,,,False,False,left_to_right,False,76.1,67.7,,,False,False,False,False
0bbb66e3-1cdf-4e7c-b2ba-4f0ffd9380dd,3890424,1732,2,00:16:04.732,61,4,43,Carry,125,181,Schalke 04,From Goal Kick,872,Darmstadt 98,9723.0,Sandro Wagner,Center Forward,76.1,67.7,67.6,62.6,1.265186,True,,,,,,,False,,,,,,,False,False,left_to_right,False,76.1,67.7,67.6,62.6,False,False,False,False
9a77fe79-df10-466c-b0f2-2f91debf9110,3890424,1733,2,00:16:05.775,61,5,17,Pressure,125,181,Schalke 04,From Goal Kick,181,Schalke 04,6324.0,Leon Goretzka,Left Defensive Midfield,53.7,18.8,,,0.39281,False,,,,,,,False,,,,,,,False,False,left_to_right,False,53.7,18.8,,,False,False,False,False
da307859-545d-4345-80e3-653fb59ee349,3890424,1734,2,00:16:05.998,61,5,30,Pass,125,181,Schalke 04,From Goal Kick,872,Darmstadt 98,9723.0,Sandro Wagner,Center Forward,67.6,62.6,70.3,58.7,0.604247,True,,,,,,Incomplete,False,4.7434163,-0.9652517,Ground Pass,,8388.0,Jérôme Gondorf,False,False,left_to_right,False,67.6,62.6,70.3,58.7,False,False,False,True
04ba36c8-0cd5-4bb9-a612-7fa1f8d788f9,3890424,1735,2,00:16:06.602,61,6,42,Ball Receipt*,125,181,Schalke 04,From Goal Kick,872,Darmstadt 98,8388.0,Jérôme Gondorf,Left Defensive Midfield,71.1,57.4,,,,False,,,,,,,False,,,,,,,False,False,left_to_right,False,71.1,57.4,,,False,False,False,False
50377992-7050-4d72-a0ee-20b140262444,3890424,1736,2,00:16:06.602,61,6,6,Block,125,181,Schalke 04,From Goal Kick,872,Darmstadt 98,8388.0,Jérôme Gondorf,Left Defensive Midfield,70.3,58.7,,,0.0,False,,,,,,,False,,,,,,,False,False,left_to_right,False,70.3,58.7,,,False,False,False,False
9d35651f-63f7-4e2a-9588-c284dea4bd4b,3890424,1737,2,00:16:08.364,61,8,17,Pressure,125,181,Schalke 04,From Goal Kick,872,Darmstadt 98,9723.0,Sandro Wagner,Center Forward,71.1,74.5,,,1.658155,False,,,,,,,False,,,,,,,False,False,left_to_right,False,71.1,74.5,,,False,False,False,False
6a094af2-dea5-448c-9936-3724ff3eb631,3890424,1738,2,00:16:08.589,61,8,2,Ball Recovery,125,181,Schalke 04,From Goal Kick,181,Schalke 04,6324.0,Leon Goretzka,Left Defensive Midfield,45.4,4.4,,,0.0,True,,,,,,,False,,,,,,,False,False,left_to_right,False,45.4,4.4,,,False,False,False,False
826cddc4-b1f9-45ce-86b0-45694160c822,3890424,1739,2,00:16:08.589,61,8,43,Carry,125,181,Schalke 04,From Goal Kick,181,Schalke 04,6324.0,Leon Goretzka,Left Defensive Midfield,45.4,4.4,44.7,5.2,0.942454,True,,,,,,,False,,,,,,,False,False,left_to_right,False,45.4,4.4,44.7,5.2,False,False,False,False
6b9eb948-f5d5-4e1f-bcc4-cc6d5522dee3,3890424,1740,2,00:16:09.531,61,9,30,Pass,125,181,Schalke 04,From Goal Kick,181,Schalke 04,6324.0,Leon Goretzka,Left Defensive Midfield,44.7,5.2,31.1,13.8,1.304753,True,,,,,,,True,16.090992,2.5777233,Ground Pass,,16534.0,Roman Neustädter,False,False,left_to_right,False,44.7,5.2,31.1,13.8,False,False,False,False
a3d75808-36b0-4298-8e4c-e716f37c6cb4,3890424,1741,2,00:16:10.836,61,10,42,Ball Receipt*,125,181,Schalke 04,From Goal Kick,181,Schalke 04,16534.0,Roman Neustädter,Left Center Back,31.1,13.8,,,,False,,,,,,,False,,,,,,,False,False,left_to_right,False,31.1,13.8,,,False,False,False,False
78f52d8c-3a2a-44b1-9d71-255405e9eba7,3890424,1742,2,00:16:10.836,61,10,43,Carry,125,181,Schalke 04,From Goal Kick,181,Schalke 04,16534.0,Roman Neustädter,Left Center Back,31.1,13.8,28.1,18.6,1.372961,True,,,,,,,False,,,,,,,False,False,left_to_right,False,31.1,13.8,28.1,18.6,False,False,False,False
e7f7bc63-9a7c-4842-831a-f70935daf283,3890424,1743,2,00:16:12.126,61,12,17,Pressure,125,181,Schalke 04,From Goal Kick,872,Darmstadt 98,8388.0,Jérôme Gondorf,Left Defensive Midfield,87.8,65.2,,,0.545614,False,,,,,,,False,,,,,,,False,False,left_to_right,False,87.8,65.2,,,False,False,False,False
a4ac3926-5326-42fc-9d72-e5d43b120a2d,3890424,1744,2,00:16:12.209,61,12,30,Pass,125,181,Schalke 04,From Goal Kick,181,Schalke 04,16534.0,Roman Neustädter,Left Center Back,28.1,18.6,56.5,29.2,2.214437,True,,,,,,,True,30.313694,0.35722628,Ground Pass,,8508.0,Max Meyer,False,False,left_to_right,False,28.1,18.6,56.5,29.2,False,True,False,False
5098ccb0-a946-4d0b-9359-ba57cf2cf2ea,3890424,1745,2,00:16:14.072,61,14,17,Pressure,125,181,Schalke 04,From Goal Kick,872,Darmstadt 98,8388.0,Jérôme Gondorf,Left Defensive Midfield,62.6,49.0,,,0.564275,False,,,,,,,False,,,,,,,False,False,left_to_right,False,62.6,49.0,,,False,False,False,False
e09a7eaf-b3ad-45ee-b9c4-0b50aa5aa729,3890424,1746,2,00:16:14.158,61,14,17,Pressure,125,181,Schalke 04,From Goal Kick,872,Darmstadt 98,40467.0,Peter Niemeyer,Right Defensive Midfield,64.2,49.5,,,0.429328,False,,,,,,,False,,,,,,,False,False,left_to_right,False,64.2,49.5,,,False,False,False,False
36334844-86f1-4036-b78e-11c04b9c21c5,3890424,1747,2,00:16:14.423,61,14,42,Ball Receipt*,125,181,Schalke 04,From Goal Kick,181,Schalke 04,8508.0,Max Meyer,Center Attacking Midfield,56.5,29.2,,,,True,,,,,,,False,,,,,,,False,False,left_to_right,False,56.5,29.2,,,False,False,False,False
517c6ce7-3b9d-4069-be4b-f1797db5ea6e,3890424,1748,2,00:16:14.423,61,14,43,Carry,125,181,Schalke 04,From Goal Kick,181,Schalke 04,8508.0,Max Meyer,Center Attacking Midfield,56.5,29.2,55.9,31.0,0.163662,True,,,,,,,False,,,,,,,False,False,left_to_right,False,56.5,29.2,55.9,31.0,False,False,False,False
4c41bf72-576e-4a8a-9f5a-2eebdfd92e17,3890424,1749,2,00:16:14.587,61,14,3,Dispossessed,125,181,Schalke 04,From Goal Kick,181,Schalke 04,8508.0,Max Meyer,Center Attacking Midfield,55.9,31.0,,,0.0,True,,,,,,,False,,,,,,,False,False,left_to_right,False,55.9,31.0,,,False,False,False,True
b381f10e-5f11-4d47-a061-cfa92339dd39,3890424,1750,2,00:16:14.587,61,14,4,Duel,126,872,Darmstadt 98,Regular Play,872,Darmstadt 98,40467.0,Peter Niemeyer,Right Defensive Midfield,64.2,49.1,,,0.0,True,,,,,,,False,,,,,,,False,False,left_to_right,False,64.2,49.1,,,False,False,False,False
246963e2-422e-4495-976b-79a09816b524,3890424,1751,2,00:16:16.928,61,16,2,Ball Recovery,126,872,Darmstadt 98,Regular Play,872,Darmstadt 98,9219.0,Tobias Kempe,Center Attacking Midfield,82.6,35.9,,,0.0,False,,,,,,,False,,,,,,,False,False,left_to_right,False,82.6,35.9,,,False,False,False,False
94d87449-273e-4a59-a081-03c02e9add59,3890424,1752,2,00:16:16.928,61,16,43,Carry,126,872,Darmstadt 98,Regular Play,872,Darmstadt 98,9219.0,Tobias Kempe,Center Attacking Midfield,82.6,35.9,91.4,32.7,3.019958,False,,,,,,,False,,,,,,,False,False,left_to_right,False,82.6,35.9,91.4,32.7,False,False,False,False
8014b808-8a0b-49e5-8ab7-11dda8761a68,3890424,1753,2,00:16:19.948,61,19,30,Pass,126,872,Darmstadt 98,Regular Play,872,Darmstadt 98,9219.0,Tobias Kempe,Center Attacking Midfield,91.4,32.7,99.2,20.4,1.620719,False,,,,,,,True,14.564683,-1.005647,Ground Pass,,9723.0,Sandro Wagner,False,False,left_to_right,False,91.4,32.7,99.2,20.4,False,False,False,False
4528249c-4f95-498e-9e50-d436fc4a44e6,3890424,1754,2,00:16:21.419,61,21,17,Pressure,126,872,Darmstadt 98,Regular Play,181,Schalke 04,3502.0,Joël Andre Job Matip,Right Center Back,21.8,62.0,,,3.100361,False,,,,,,,False,,,,,,,False,False,left_to_right,False,21.8,62.0,,,False,False,False,False
cfe07089-61ef-44f2-8ed4-18936300fc61,3890424,1755,2,00:16:21.569,61,21,42,Ball Receipt*,126,872,Darmstadt 98,Regular Play,872,Darmstadt 98,9723.0,Sandro Wagner,Center Forward,99.2,20.4,,,,True,,,,,,,False,,,,,,,False,False,left_to_right,False,99.2,20.4,,,False,False,False,False
01963952-84ce-4c73-b2aa-c67507d507e0,3890424,1756,2,00:16:21.569,61,21,43,Carry,126,872,Darmstadt 98,Regular Play,872,Darmstadt 98,9723.0,Sandro Wagner,Center Forward,99.2,20.4,80.0,25.4,2.797485,True,,,,,,,False,,,,,,,False,False,left_to_right,False,99.2,20.4,80.0,25.4,False,False,False,False
21300127-e3a5-4945-852f-85ff995ca01d,3890424,1757,2,00:16:24.366,61,24,30,Pass,126,872,Darmstadt 98,Regular Play,872,Darmstadt 98,9723.0,Sandro Wagner,Center Forward,80.0,25.4,54.0,29.8,2.748572,True,,,,,,,True,26.36968,2.9739501,Ground Pass,,35033.0,Slobodan Rajković,False,False,left_to_right,False,80.0,25.4,54.0,29.8,False,False,False,False
eb8b200b-596d-4fe2-8fd5-403d6d4f281f,3890424,1758,2,00:16:27.115,61,27,42,Ball Receipt*,126,872,Darmstadt 98,Regular Play,872,Darmstadt 98,35033.0,Slobodan Rajković,Left Center Back,54.0,29.8,,,,False,,,,,,,False,,,,,,,False,False,left_to_right,False,54.0,29.8,,,False,False,False,False
259ab63d-556e-4364-bda1-df01ee3f2930,3890424,1759,2,00:16:28.529,61,28,17,Pressure,126,872,Darmstadt 98,Regular Play,181,Schalke 04,8508.0,Max Meyer,Center Attacking Midfield,62.9,56.1,,,0.461083,False,,,,,,,False,,,,,,,False,False,left_to_right,False,62.9,56.1,,,False,False,False,False
71bf2c4d-65a8-4f98-949c-c99a81906852,3890424,1760,2,00:16:28.622,61,28,30,Pass,126,872,Darmstadt 98,Regular Play,872,Darmstadt 98,35033.0,Slobodan Rajković,Left Center Back,55.1,13.8,89.7,24.0,1.472316,True,,,,,,,True,36.07215,0.2866772,High Pass,,9219.0,Tobias Kempe,False,False,left_to_right,False,55.1,13.8,89.7,24.0,False,True,True,False
9d1cfea8-eaa5-4eca-9713-49d0e6fb6266,3890424,1761,2,00:16:30.094,61,30,42,Ball Receipt*,126,872,Darmstadt 98,Regular Play,872,Darmstadt 98,9219.0,Tobias Kempe,Center Attacking Midfield,89.7,24.0,,,,False,,,,,,,False,,,,,,,False,False,left_to_right,False,89.7,24.0,,,False,False,False,False
e1bc2e7b-8103-4979-84c1-3d1036c13068,3890424,1762,2,00:16:30.094,61,30,30,Pass,126,872,Darmstadt 98,Regular Play,872,Darmstadt 98,9219.0,Tobias Kempe,Center Attacking Midfield,88.1,25.9,83.4,33.1,1.427592,False,,,,,,,True,8.598256,2.1491218,High Pass,,13675.0,Mario Vrančić,False,False,left_to_right,False,88.1,25.9,83.4,33.1,False,False,False,False
092a4f98-d862-4f8d-90ad-338bc222402e,3890424,1763,2,00:16:31.353,61,31,17,Pressure,126,872,Darmstadt 98,Regular Play,181,Schalke 04,6717.0,Johannes Geis,Right Defensive Midfield,35.9,46.9,,,0.26524,False,,,,,,,False,,,,,,,False,False,left_to_right,False,35.9,46.9,,,False,False,False,False
42ff0560-c36e-4a0b-9f46-f2d5a6bcac44,3890424,1764,2,00:16:31.522,61,31,42,Ball Receipt*,126,872,Darmstadt 98,Regular Play,872,Darmstadt 98,13675.0,Mario Vrančić,Left Midfield,83.4,33.1,,,,True,,,,,,,False,,,,,,,False,False,left_to_right,False,83.4,33.1,,,False,False,False,False
8f94c198-e7b3-47bf-aaff-b3fc5cf47deb,3890424,1765,2,00:16:31.522,61,31,30,Pass,126,872,Darmstadt 98,Regular Play,872,Darmstadt 98,13675.0,Mario Vrančić,Left Midfield,82.9,32.7,83.9,34.6,0.899535,True,,,,,,Incomplete,False,2.1470912,1.0863184,Ground Pass,,40467.0,Peter Niemeyer,False,False,left_to_right,False,82.9,32.7,83.9,34.6,False,False,False,True
a00897e0-4d65-4259-a54e-dd1b7f9b80a8,3890424,1766,2,00:16:32.286,61,32,17,Pressure,126,872,Darmstadt 98,Regular Play,872,Darmstadt 98,13675.0,Mario Vrančić,Left Midfield,82.9,33.8,,,0.419628,False,,,,,,,False,,,,,,,False,False,left_to_right,False,82.9,33.8,,,False,False,False,False
e79fe042-a11b-427d-8927-da5f23e99eca,3890424,1767,2,00:16:32.421,61,32,42,Ball Receipt*,126,872,Darmstadt 98,Regular Play,872,Darmstadt 98,40467.0,Peter Niemeyer,Right Defensive Midfield,82.2,39.9,,,,False,,,,,,,False,,,,,,,False,False,left_to_right,False,82.2,39.9,,,False,False,False,False
3fda3074-ea11-48bd-902e-fa0df9572e78,3890424,1768,2,00:16:32.421,61,32,22,Foul Committed,126,872,Darmstadt 98,Regular Play,872,Darmstadt 98,13675.0,Mario Vrančić,Left Midfield,84.5,35.4,,,0.0,False,,,,,,,False,,,,,,,False,False,left_to_right,False,84.5,35.4,,,False,False,False,False
e5d02eed-7904-4064-b42b-7c89227aeec6,3890424,1769,2,00:16:32.421,61,32,21,Foul Won,126,872,Darmstadt 98,Regular Play,181,Schalke 04,6717.0,Johannes Geis,Right Defensive Midfield,35.6,44.7,,,0.0,True,,,,,,,False,,,,,,,False,False,left_to_right,False,35.6,44.7,,,False,False,False,False
2a4b8fa5-0d6e-4dc1-87d4-b4974ff11309,3890424,1770,2,00:16:32.421,61,32,43,Carry,126,872,Darmstadt 98,Regular Play,181,Schalke 04,6717.0,Johannes Geis,Right Defensive Midfield,35.6,44.7,37.3,45.3,0.089428,True,,,,,,,False,,,,,,,False,False,left_to_right,False,35.6,44.7,37.3,45.3,False,False,False,False
5248a069-e231-43bb-80d9-cacf588bfbf7,3890424,1771,2,00:16:32.511,61,32,30,Pass,127,181,Schalke 04,Regular Play,181,Schalke 04,6717.0,Johannes Geis,Right Defensive Midfield,37.3,45.3,45.1,46.1,0.995478,True,,,,,,,True,7.8409185,0.102206714,Ground Pass,Recovery,8508.0,Max Meyer,False,False,left_to_right,False,37.3,45.3,45.1,46.1,False,False,False,False
709d8cc0-094b-4c69-8eac-5d33c17f4a2d,3890424,1772,2,00:16:33.506,61,33,42,Ball Receipt*,127,181,Schalke 04,Regular Play,181,Schalke 04,8508.0,Max Meyer,Center Attacking Midfield,45.1,46.1,,,,False,,,,,,,False,,,,,,,False,False,left_to_right,False,45.1,46.1,,,False,False,False,False
f38bbec1-a33e-4cae-ae74-099a59b0bd37,3890424,1773,2,00:16:33.506,61,33,43,Carry,127,181,Schalke 04,Regular Play,181,Schalke 04,8508.0,Max Meyer,Center Attacking Midfield,45.1,46.1,55.0,55.3,0.774343,False,,,,,,,False,,,,,,,False,False,left_to_right,False,45.1,46.1,55.0,55.3,False,False,False,False
f2a5720a-cb77-4071-addd-571da70d64ae,3890424,1774,2,00:16:34.280,61,34,30,Pass,127,181,Schalke 04,Regular Play,181,Schalke 04,8508.0,Max Meyer,Center Attacking Midfield,55.0,55.3,67.6,69.7,1.549301,False,,,,,,,True,19.134262,0.8519663,Ground Pass,,8060.0,Klaas-Jan Huntelaar,False,False,left_to_right,False,55.0,55.3,67.6,69.7,False,False,False,False
61a67321-f6f4-4a92-8389-fa02e1966548,3890424,1775,2,00:16:35.830,61,35,42,Ball Receipt*,127,181,Schalke 04,Regular Play,181,Schalke 04,8060.0,Klaas-Jan Huntelaar,Center Forward,67.6,69.7,,,,False,,,,,,,False,,,,,,,False,False,left_to_right,False,67.6,69.7,,,False,False,False,False
819fcc2a-8981-40e6-a351-a95603c3dbbc,3890424,1776,2,00:16:35.830,61,35,43,Carry,127,181,Schalke 04,Regular Play,181,Schalke 04,8060.0,Klaas-Jan Huntelaar,Center Forward,67.6,69.7,72.5,68.3,0.717355,False,,,,,,,False,,,,,,,False,False,left_to_right,False,67.6,69.7,72.5,68.3,False,False,False,False
3935a593-74e1-411c-a570-0f1621c5c240,3890424,1777,2,00:16:36.547,61,36,30,Pass,127,181,Schalke 04,Regular Play,181,Schalke 04,8060.0,Klaas-Jan Huntelaar,Center Forward,72.5,68.3,105.4,67.2,4.666189,False,,,,,,,True,32.918385,-0.033422202,Ground Pass,,3053.0,Leroy Sané,False,False,left_to_right,False,72.5,68.3,105.4,67.2,False,True,True,False
c7ff827f-0010-4154-b42f-933879ef3e01,3890424,1778,2,00:16:41.213,61,41,42,Ball Receipt*,127,181,Schalke 04,Regular Play,181,Schalke 04,3053.0,Leroy Sané,Right Wing,105.4,67.2,,,,False,,,,,,,False,,,,,,,False,False,left_to_right,False,105.4,67.2,,,False,False,False,False
b4705a0b-eb6a-4568-afb6-fd0d320e3072,3890424,1779,2,00:16:41.213,61,41,43,Carry,127,181,Schalke 04,Regular Play,181,Schalke 04,3053.0,Leroy Sané,Right Wing,105.4,67.2,109.7,58.6,1.963639,False,,,,,,,False,,,,,,,False,False,left_to_right,False,105.4,67.2,109.7,58.6,True,False,False,False
c9038a3f-996f-44ef-976e-abb5ddc257a6,3890424,1780,2,00:16:43.177,61,43,30,Pass,127,181,Schalke 04,Regular Play,181,Schalke 04,3053.0,Leroy Sané,Right Wing,109.7,58.6,98.7,45.6,1.249451,False,,,,,,,True,17.029387,-2.2730532,Ground Pass,,8508.0,Max Meyer,True,False,left_to_right,False,109.7,58.6,98.7,45.6,False,False,False,False
7cc66a11-bec3-424c-b362-35d781a8740e,3890424,1781,2,00:16:44.426,61,44,42,Ball Receipt*,127,181,Schalke 04,Regular Play,181,Schalke 04,8508.0,Max Meyer,Center Attacking Midfield,98.7,45.6,,,,False,,,,,,,False,,,,,,,False,False,left_to_right,False,98.7,45.6,,,False,False,False,False
7a412c57-69b1-45f1-8040-f7e0eca467c3,3890424,1782,2,00:16:44.426,61,44,43,Carry,127,181,Schalke 04,Regular Play,181,Schalke 04,8508.0,Max Meyer,Center Attacking Midfield,98.7,45.6,98.8,45.2,0.927934,True,,,,,,,False,,,,,,,False,False,left_to_right,False,98.7,45.6,98.8,45.2,False,False,False,False
d31f9769-ff47-4c51-801f-0f703c10523e,3890424,1783,2,00:16:45.351,61,45,17,Pressure,127,181,Schalke 04,Regular Play,872,Darmstadt 98,35033.0,Slobodan Rajković,Left Center Back,17.9,38.7,,,0.321532,False,,,,,,,False,,,,,,,False,False,left_to_right,False,17.9,38.7,,,False,False,False,False
33026d75-3110-4295-8c1a-e898c7d8f802,3890424,1784,2,00:16:45.354,61,45,16,Shot,127,181,Schalke 04,Regular Play,181,Schalke 04,8508.0,Max Meyer,Center Attacking Midfield,98.8,45.2,117.1,40.7,0.830104,True,0.06561339,Saved,Left Foot,Normal,Open Play,,False,,,,,,,False,False,left_to_right,False,98.8,45.2,117.1,40.7,False,False,False,False
72035a5f-ae63-4c0d-8195-a591155746e9,3890424,1785,2,00:16:46.184,61,46,23,Goal Keeper,128,872,Darmstadt 98,Regular Play,872,Darmstadt 98,8306.0,Christian Mathenia,Goalkeeper,3.1,40.2,,,0.0,False,,,,,,,False,,,,,,,False,False,left_to_right,False,3.1,40.2,,,False,False,False,False
9b8655ce-c548-4fa7-a8c0-6ec0e816c53b,3890424,1786,2,00:17:00.973,62,0,30,Pass,129,872,Darmstadt 98,From Keeper,872,Darmstadt 98,8306.0,Christian Mathenia,Goalkeeper,7.6,38.1,85.1,40.2,2.05177,False,,,,,,,True,77.52845,0.027090145,High Pass,,9723.0,Sandro Wagner,False,False,left_to_right,False,7.6,38.1,85.1,40.2,False,True,True,False
08036442-1c34-4e7a-8a79-ac872b07e412,3890424,1787,2,00:17:03.025,62,3,42,Ball Receipt*,129,872,Darmstadt 98,From Keeper,872,Darmstadt 98,9723.0,Sandro Wagner,Center Forward,85.1,40.2,,,,False,,,,,,,False,,,,,,,False,False,left_to_right,False,85.1,40.2,,,False,False,False,False
4b30e223-6ce1-4069-921a-411f4dbc7ab8,3890424,1788,2,00:17:03.025,62,3,30,Pass,129,872,Darmstadt 98,From Keeper,872,Darmstadt 98,9723.0,Sandro Wagner,Center Forward,83.4,39.3,100.1,18.4,2.948077,True,,,,,,Incomplete,False,26.75257,-0.89663917,High Pass,,9219.0,Tobias Kempe,False,False,left_to_right,False,83.4,39.3,100.1,18.4,False,False,False,True
efe87463-faa4-4b4c-afd4-845c96686fce,3890424,1789,2,00:17:03.025,62,3,4,Duel,129,872,Darmstadt 98,From Keeper,181,Schalke 04,3502.0,Joël Andre Job Matip,Right Center Back,36.7,40.8,,,0.0,True,,,,,,,False,,,,,,,False,False,left_to_right,False,36.7,40.8,,,False,False,False,False
2dc5e6ba-c6fb-4c74-928a-e00ec5e24794,3890424,1790,2,00:17:05.485,62,5,17,Pressure,129,872,Darmstadt 98,From Keeper,872,Darmstadt 98,9219.0,Tobias Kempe,Center Attacking Midfield,99.2,18.1,,,0.612801,False,,,,,,,False,,,,,,,False,False,left_to_right,False,99.2,18.1,,,False,False,False,False
5bbaf07d-3b83-41a1-b5da-fa9a3241d4d7,3890424,1791,2,00:17:05.973,62,5,42,Ball Receipt*,129,872,Darmstadt 98,From Keeper,872,Darmstadt 98,9219.0,Tobias Kempe,Center Attacking Midfield,98.9,18.8,,,,False,,,,,,,False,,,,,,,False,False,left_to_right,False,98.9,18.8,,,False,False,False,False
09279f19-fef8-4ae0-a401-451367aedd17,3890424,1792,2,00:17:05.973,62,5,9,Clearance,129,872,Darmstadt 98,From Keeper,181,Schalke 04,30312.0,Uilson de Souza Paula Júnior,Right Back,20.0,61.7,,,0.0,True,,,,,,,False,,,,,,,False,False,left_to_right,False,20.0,61.7,,,False,False,False,False
0c79d88f-fd35-4d69-b9ff-2d1bbcb8b1f1,3890424,1793,2,00:17:09.903,62,9,30,Pass,130,872,Darmstadt 98,From Throw In,872,Darmstadt 98,9219.0,Tobias Kempe,Center Attacking Midfield,103.7,0.1,95.8,10.9,1.344778,False,,,,,,,True,13.380957,2.20234,High Pass,Throw-in,8388.0,Jérôme Gondorf,False,False,left_to_right,False,103.7,0.1,95.8,10.9,False,False,False,False
badc88e5-203d-4e56-93a9-9eee12638305,3890424,1794,2,00:17:11.248,62,11,42,Ball Receipt*,130,872,Darmstadt 98,From Throw In,872,Darmstadt 98,8388.0,Jérôme Gondorf,Left Defensive Midfield,95.8,10.9,,,,False,,,,,,,False,,,,,,,False,False,left_to_right,False,95.8,10.9,,,False,False,False,False
b57dd0e5-98d3-4f7a-b3e9-f41edc2d348b,3890424,1795,2,00:17:11.248,62,11,43,Carry,130,872,Darmstadt 98,From Throw In,872,Darmstadt 98,8388.0,Jérôme Gondorf,Left Defensive Midfield,95.8,10.9,103.7,5.7,1.686496,False,,,,,,,False,,,,,,,False,False,left_to_right,False,95.8,10.9,103.7,5.7,False,False,False,False
5e7a8167-c05f-4d5e-af61-6543cc28028f,3890424,1796,2,00:17:12.934,62,12,38,Miscontrol,130,872,Darmstadt 98,From Throw In,872,Darmstadt 98,8388.0,Jérôme Gondorf,Left Defensive Midfield,103.7,5.7,,,0.0,False,,,,,,,False,,,,,,,False,False,left_to_right,False,103.7,5.7,,,False,False,False,True
e1064b02-1941-45e3-acb2-9c5c4b03143a,3890424,1797,2,00:17:13.706,62,13,9,Clearance,130,872,Darmstadt 98,From Throw In,181,Schalke 04,30312.0,Uilson de Souza Paula Júnior,Right Back,14.5,72.8,,,0.0,True,,,,,,,False,,,,,,,False,False,left_to_right,False,14.5,72.8,,,False,False,False,False
b7339629-9496-40d5-bbbc-bc7907978d67,3890424,1798,2,00:17:16.297,62,16,2,Ball Recovery,130,872,Darmstadt 98,From Throw In,181,Schalke 04,8508.0,Max Meyer,Center Attacking Midfield,37.9,52.0,,,0.0,False,,,,,,,False,,,,,,,False,False,left_to_right,False,37.9,52.0,,,False,False,False,False
22538ba4-f6fa-407c-9a46-194d13c6d6b7,3890424,1799,2,00:17:17.301,62,17,4,Duel,130,872,Darmstadt 98,From Throw In,181,Schalke 04,8508.0,Max Meyer,Center Attacking Midfield,39.5,52.5,,,0.0,True,,,,,,,False,,,,,,,False,False,left_to_right,False,39.5,52.5,,,False,False,False,False
0126bf12-3b7c-4d5f-947b-1605d99c2783,3890424,1800,2,00:17:17.301,62,17,30,Pass,130,872,Darmstadt 98,From Throw In,872,Darmstadt 98,35033.0,Slobodan Rajković,Left Center Back,80.6,27.6,91.4,9.9,2.040068,True,,,,,,,True,20.734753,-1.0229328,High Pass,Recovery,9404.0,Luca Caldirola,False,False,left_to_right,False,80.6,27.6,91.4,9.9,False,False,False,False
197d2003-15d6-4d8a-8b23-d48f540e173f,3890424,1801,2,00:17:18.790,62,18,17,Pressure,130,872,Darmstadt 98,From Throw In,181,Schalke 04,30312.0,Uilson de Souza Paula Júnior,Right Back,27.6,70.8,,,0.666658,False,,,,,,,False,,,,,,,False,False,left_to_right,False,27.6,70.8,,,False,False,False,False
57329edb-2e4b-40f1-8437-cda77690a54c,3890424,1802,2,00:17:19.341,62,19,42,Ball Receipt*,130,872,Darmstadt 98,From Throw In,872,Darmstadt 98,9404.0,Luca Caldirola,Left Back,91.4,9.9,,,,True,,,,,,,False,,,,,,,False,False,left_to_right,False,91.4,9.9,,,False,False,False,False
e99a40e8-7e3d-4f4d-b85e-1f0705f3ce0b,3890424,1803,2,00:17:19.341,62,19,43,Carry,130,872,Darmstadt 98,From Throw In,872,Darmstadt 98,9404.0,Luca Caldirola,Left Back,91.4,9.9,89.8,10.6,0.208897,True,,,,,,,False,,,,,,,False,False,left_to_right,False,91.4,9.9,89.8,10.6,False,False,False,False
1b5cef3f-40d8-4c77-b0b2-d9378f58b3bb,3890424,1804,2,00:17:19.550,62,19,22,Foul Committed,130,872,Darmstadt 98,From Throw In,181,Schalke 04,30312.0,Uilson de Souza Paula Júnior,Right Back,30.3,69.5,,,0.0,False,,,,,,,False,,,,,,,False,False,left_to_right,False,30.3,69.5,,,False,False,False,False
72f1db5c-2ac3-41ab-b1dc-5c6965f02380,3890424,1805,2,00:17:19.550,62,19,21,Foul Won,130,872,Darmstadt 98,From Throw In,872,Darmstadt 98,9404.0,Luca Caldirola,Left Back,89.8,10.6,,,0.0,True,,,,,,,False,,,,,,,False,False,left_to_right,False,89.8,10.6,,,False,False,False,False
f5d5abef-9c5a-4db8-93ac-3b2a3ca6db54,3890424,1806,2,00:17:43.962,62,43,30,Pass,131,872,Darmstadt 98,From Free Kick,872,Darmstadt 98,13675.0,Mario Vrančić,Left Midfield,92.3,11.2,110.0,39.9,1.484964,False,,,,,,Incomplete,False,33.719135,1.0181699,High Pass,Free Kick,40467.0,Peter Niemeyer,False,False,left_to_right,False,92.3,11.2,110.0,39.9,False,True,False,True
8235af79-5634-47a8-b98a-c6e29d8fc6ef,3890424,1807,2,00:17:45.447,62,45,42,Ball Receipt*,131,872,Darmstadt 98,From Free Kick,872,Darmstadt 98,40467.0,Peter Niemeyer,Right Defensive Midfield,109.0,36.5,,,,False,,,,,,,False,,,,,,,False,False,left_to_right,False,109.0,36.5,,,False,False,False,False
68bb207a-846a-47ca-8645-5c1eaef617cb,3890424,1808,2,00:17:45.447,62,45,9,Clearance,131,872,Darmstadt 98,From Free Kick,181,Schalke 04,3502.0,Joël Andre Job Matip,Right Center Back,10.1,40.2,,,0.0,True,,,,,,,False,,,,,,,False,False,left_to_right,False,10.1,40.2,,,False,False,False,False
f4301428-c752-4409-a00c-c8ad580ac34a,3890424,1809,2,00:17:48.371,62,48,30,Pass,131,872,Darmstadt 98,From Free Kick,872,Darmstadt 98,8388.0,Jérôme Gondorf,Left Defensive Midfield,86.9,40.4,103.1,35.4,1.743383,False,,,,,,Incomplete,False,16.954056,-0.29936624,High Pass,Recovery,40467.0,Peter Niemeyer,False,False,left_to_right,False,86.9,40.4,103.1,35.4,False,True,False,True
9cc214b8-ae6e-4270-9260-0a56dcb2d5b5,3890424,1810,2,00:17:50.114,62,50,42,Ball Receipt*,131,872,Darmstadt 98,From Free Kick,872,Darmstadt 98,40467.0,Peter Niemeyer,Right Defensive Midfield,100.1,33.5,,,,False,,,,,,,False,,,,,,,False,False,left_to_right,False,100.1,33.5,,,False,False,False,False
602d0a12-0dc2-4d2c-bc17-8240ae73a7f0,3890424,1811,2,00:17:50.114,62,50,30,Pass,131,872,Darmstadt 98,From Free Kick,181,Schalke 04,3502.0,Joël Andre Job Matip,Right Center Back,17.0,44.7,34.7,38.3,2.288724,False,,,,,,Incomplete,False,18.82153,-0.3469553,High Pass,Recovery,3499.0,Jean-Eric Maxim Choupo-Moting,False,False,left_to_right,False,17.0,44.7,34.7,38.3,False,False,False,True
0384ca10-7931-4251-ab65-8b88f36857df,3890424,1812,2,00:17:52.403,62,52,42,Ball Receipt*,131,872,Darmstadt 98,From Free Kick,181,Schalke 04,3499.0,Jean-Eric Maxim Choupo-Moting,Left Wing,36.1,39.7,,,,False,,,,,,,False,,,,,,,False,False,left_to_right,False,36.1,39.7,,,False,False,False,False
53d25b0c-d998-4307-8a58-b89abeff6313,3890424,1813,2,00:17:52.403,62,52,2,Ball Recovery,131,872,Darmstadt 98,From Free Kick,872,Darmstadt 98,8388.0,Jérôme Gondorf,Left Defensive Midfield,85.4,41.8,,,0.0,False,,,,,,,False,,,,,,,False,False,left_to_right,False,85.4,41.8,,,False,False,False,False
d52536af-acfa-4f02-9afc-715eef525867,3890424,1814,2,00:17:52.403,62,52,43,Carry,131,872,Darmstadt 98,From Free Kick,872,Darmstadt 98,8388.0,Jérôme Gondorf,Left Defensive Midfield,85.4,41.8,86.4,42.6,0.461294,True,,,,,,,False,,,,,,,False,False,left_to_right,False,85.4,41.8,86.4,42.6,False,False,False,False
14701872-6c3c-4b45-83bf-af68d79f345b,3890424,1815,2,00:17:52.484,62,52,17,Pressure,131,872,Darmstadt 98,From Free Kick,181,Schalke 04,3499.0,Jean-Eric Maxim Choupo-Moting,Left Wing,34.3,38.1,,,0.380475,False,,,,,,,False,,,,,,,False,False,left_to_right,False,34.3,38.1,,,False,False,False,False
d651c31a-44d6-4d24-8a79-856956f627d2,3890424,1816,2,00:17:52.864,62,52,14,Dribble,131,872,Darmstadt 98,From Free Kick,872,Darmstadt 98,8388.0,Jérôme Gondorf,Left Defensive Midfield,86.4,42.6,,,0.0,True,,,,,,,False,,,,,,,False,False,left_to_right,False,86.4,42.6,,,False,False,False,False
145dd798-b619-4951-9a55-16b3298b526b,3890424,1817,2,00:17:52.864,62,52,4,Duel,131,872,Darmstadt 98,From Free Kick,181,Schalke 04,3499.0,Jean-Eric Maxim Choupo-Moting,Left Wing,33.7,37.5,,,0.0,True,,,,,,,False,,,,,,,False,False,left_to_right,False,33.7,37.5,,,False,False,False,False
fa0d549c-c3d2-4b02-a9ae-f6eb49e70358,3890424,1818,2,00:17:53.868,62,53,33,50/50,131,872,Darmstadt 98,From Free Kick,181,Schalke 04,3499.0,Jean-Eric Maxim Choupo-Moting,Left Wing,33.6,37.8,,,0.0,True,,,,,,,False,,,,,,,False,False,left_to_right,False,33.6,37.8,,,False,False,False,False
c955fa18-414a-4a64-8d54-7accc504d722,3890424,1819,2,00:17:53.868,62,53,33,50/50,131,872,Darmstadt 98,From Free Kick,872,Darmstadt 98,8388.0,Jérôme Gondorf,Left Defensive Midfield,86.5,42.3,,,0.0,True,,,,,,,False,,,,,,,False,False,left_to_right,False,86.5,42.3,,,False,False,False,False
ae2ee75c-ee6e-4792-b9d3-e4950682d9ad,3890424,1820,2,00:17:53.868,62,53,43,Carry,131,872,Darmstadt 98,From Free Kick,872,Darmstadt 98,8388.0,Jérôme Gondorf,Left Defensive Midfield,86.5,42.3,89.0,39.3,0.736022,True,,,,,,,False,,,,,,,False,False,left_to_right,False,86.5,42.3,89.0,39.3,False,False,False,False
754f7a9b-788c-4c02-b5e2-2a17ecf36515,3890424,1821,2,00:17:54.213,62,54,17,Pressure,131,872,Darmstadt 98,From Free Kick,181,Schalke 04,3053.0,Leroy Sané,Right Wing,32.9,39.1,,,0.26521,False,,,,,,,False,,,,,,,False,False,left_to_right,False,32.9,39.1,,,False,False,False,False
5718d6b0-6292-4fef-a7f7-b9923dce0a3e,3890424,1822,2,00:17:54.604,62,54,39,Dribbled Past,131,872,Darmstadt 98,From Free Kick,181,Schalke 04,3053.0,Leroy Sané,Right Wing,31.1,40.8,,,0.0,False,,,,,,,False,,,,,,,False,False,left_to_right,False,31.1,40.8,,,False,False,False,False
94c74b8c-07b3-440e-8344-d177a88266ca,3890424,1823,2,00:17:54.604,62,54,14,Dribble,131,872,Darmstadt 98,From Free Kick,872,Darmstadt 98,8388.0,Jérôme Gondorf,Left Defensive Midfield,89.0,39.3,,,0.0,True,,,,,,,False,,,,,,,False,False,left_to_right,False,89.0,39.3,,,False,False,False,False
70ca66a5-bcae-4a4b-8062-81a12562b5a8,3890424,1824,2,00:17:54.604,62,54,43,Carry,131,872,Darmstadt 98,From Free Kick,872,Darmstadt 98,8388.0,Jérôme Gondorf,Left Defensive Midfield,89.0,39.3,89.8,34.3,2.051116,True,,,,,,,False,,,,,,,False,False,left_to_right,False,89.0,39.3,89.8,34.3,False,False,False,False
56d4b1c8-45a7-465f-ac5f-813bea1d159b,3890424,1825,2,00:17:56.656,62,56,16,Shot,131,872,Darmstadt 98,From Free Kick,872,Darmstadt 98,8388.0,Jérôme Gondorf,Left Defensive Midfield,89.8,34.3,120.0,30.7,1.63934,False,0.021936746,Off T,Left Foot,Normal,Open Play,,False,,,,,,,False,False,left_to_right,False,89.8,34.3,120.0,30.7,False,False,False,False
c218da81-1d5d-4721-a62e-033b820c1f58,3890424,1826,2,00:17:58.295,62,58,23,Goal Keeper,131,872,Darmstadt 98,From Free Kick,181,Schalke 04,8517.0,Ralf Fährmann,Goalkeeper,1.8,39.8,,,0.0,False,,,,,,,False,,,,,,,False,False,left_to_right,False,1.8,39.8,,,False,False,False,False
98021fa7-21a8-4e76-bac4-5c2568299a6f,3890424,1827,2,00:18:24.538,63,24,30,Pass,132,181,Schalke 04,From Goal Kick,181,Schalke 04,8517.0,Ralf Fährmann,Goalkeeper,6.0,44.0,64.0,48.3,2.837086,False,,,,,,Incomplete,False,58.15918,0.07400255,High Pass,Goal Kick,8060.0,Klaas-Jan Huntelaar,False,False,left_to_right,False,6.0,44.0,64.0,48.3,False,True,False,True
3d197ccd-425d-4fcb-b7dc-a883e29fc2dc,3890424,1828,2,00:18:27.375,63,27,42,Ball Receipt*,132,181,Schalke 04,From Goal Kick,181,Schalke 04,8060.0,Klaas-Jan Huntelaar,Center Forward,64.0,50.3,,,,False,,,,,,,False,,,,,,,False,False,left_to_right,False,64.0,50.3,,,False,False,False,False
9d7a3919-733a-4a72-870a-003ed98c51ba,3890424,1829,2,00:18:27.375,63,27,30,Pass,132,181,Schalke 04,From Goal Kick,872,Darmstadt 98,40467.0,Peter Niemeyer,Right Defensive Midfield,56.1,31.8,74.7,35.7,2.608547,False,,,,,,Incomplete,False,19.004473,0.20668322,High Pass,Recovery,9723.0,Sandro Wagner,False,False,left_to_right,False,56.1,31.8,74.7,35.7,False,True,False,True
841bd004-f602-4071-83ca-eb29222e76aa,3890424,1830,2,00:18:29.703,63,29,17,Pressure,132,181,Schalke 04,From Goal Kick,872,Darmstadt 98,9723.0,Sandro Wagner,Center Forward,74.8,34.8,,,0.423296,False,,,,,,,False,,,,,,,False,False,left_to_right,False,74.8,34.8,,,False,False,False,False
00b3dc20-d711-4e57-b31b-d6f3f70f9fa9,3890424,1831,2,00:18:29.984,63,29,42,Ball Receipt*,132,181,Schalke 04,From Goal Kick,872,Darmstadt 98,9723.0,Sandro Wagner,Center Forward,75.3,34.5,,,,False,,,,,,,False,,,,,,,False,False,left_to_right,False,75.3,34.5,,,False,False,False,False
16a0eb5b-d42c-42d5-8a96-0fe1039fc9f9,3890424,1832,2,00:18:29.984,63,29,9,Clearance,132,181,Schalke 04,From Goal Kick,181,Schalke 04,3502.0,Joël Andre Job Matip,Right Center Back,45.4,44.4,,,0.0,True,,,,,,,False,,,,,,,False,False,left_to_right,False,45.4,44.4,,,False,False,False,False
20841106-c1a6-47b4-849a-8601283a7a11,3890424,1833,2,00:18:31.844,63,31,30,Pass,132,181,Schalke 04,From Goal Kick,181,Schalke 04,3499.0,Jean-Eric Maxim Choupo-Moting,Left Wing,63.6,38.5,69.3,45.5,1.085175,True,,,,,,Incomplete,False,9.027182,0.8874051,High Pass,Recovery,8060.0,Klaas-Jan Huntelaar,False,False,left_to_right,False,63.6,38.5,69.3,45.5,False,False,False,True
335e348f-63e9-46e0-9b27-9adc3c571e0b,3890424,1834,2,00:18:31.844,63,31,4,Duel,132,181,Schalke 04,From Goal Kick,872,Darmstadt 98,9217.0,Aytac Sulu,Right Center Back,56.5,41.6,,,0.0,True,,,,,,,False,,,,,,,False,False,left_to_right,False,56.5,41.6,,,False,False,False,False
513c99be-ff3c-422e-a528-c5083af0c3de,3890424,1835,2,00:18:32.929,63,32,42,Ball Receipt*,132,181,Schalke 04,From Goal Kick,181,Schalke 04,8060.0,Klaas-Jan Huntelaar,Center Forward,70.7,45.3,,,,False,,,,,,,False,,,,,,,False,False,left_to_right,False,70.7,45.3,,,False,False,False,False
8f8f88b9-36fd-4b0e-b5d9-07d5ef5df6e3,3890424,1836,2,00:18:32.929,63,32,30,Pass,133,872,Darmstadt 98,Regular Play,872,Darmstadt 98,35033.0,Slobodan Rajković,Left Center Back,50.8,34.6,62.6,33.8,1.737499,False,,,,,,,True,11.827087,-0.067693025,High Pass,Recovery,8388.0,Jérôme Gondorf,False,False,left_to_right,False,50.8,34.6,62.6,33.8,False,False,False,False
62211745-8d80-42f3-9ffa-109baf7b6b88,3890424,1837,2,00:18:34.667,63,34,42,Ball Receipt*,133,872,Darmstadt 98,Regular Play,872,Darmstadt 98,8388.0,Jérôme Gondorf,Left Defensive Midfield,62.6,33.8,,,,False,,,,,,,False,,,,,,,False,False,left_to_right,False,62.6,33.8,,,False,False,False,False
9193ebb9-28e2-45f9-a7a7-cf2c2b96fa4e,3890424,1838,2,00:18:34.667,63,34,30,Pass,133,872,Darmstadt 98,Regular Play,872,Darmstadt 98,8388.0,Jérôme Gondorf,Left Defensive Midfield,62.6,33.8,44.7,26.0,2.084696,False,,,,,,,True,19.525623,-2.7306485,Low Pass,,9404.0,Luca Caldirola,False,False,left_to_right,False,62.6,33.8,44.7,26.0,False,False,False,False
e0fa8cee-13ab-485d-9a9f-989e3b08af70,3890424,1839,2,00:18:36.751,63,36,42,Ball Receipt*,133,872,Darmstadt 98,Regular Play,872,Darmstadt 98,9404.0,Luca Caldirola,Left Back,44.7,26.0,,,,False,,,,,,,False,,,,,,,False,False,left_to_right,False,44.7,26.0,,,False,False,False,False
7b190921-8139-4c58-b148-831bfef3f74d,3890424,1840,2,00:18:36.751,63,36,43,Carry,133,872,Darmstadt 98,Regular Play,872,Darmstadt 98,9404.0,Luca Caldirola,Left Back,44.7,26.0,46.7,23.5,2.604536,False,,,,,,,False,,,,,,,False,False,left_to_right,False,44.7,26.0,46.7,23.5,False,False,False,False
fea3b0a7-c30a-41cc-b6ee-3c7d3b68babf,3890424,1841,2,00:18:39.356,63,39,30,Pass,133,872,Darmstadt 98,Regular Play,872,Darmstadt 98,9404.0,Luca Caldirola,Left Back,46.7,23.5,82.9,31.2,1.810435,False,,,,,,Incomplete,False,37.009865,0.20958361,High Pass,,9723.0,Sandro Wagner,False,False,left_to_right,False,46.7,23.5,82.9,31.2,False,True,True,True
73d4dc56-b36e-42c9-85cc-cf3149991587,3890424,1842,2,00:18:41.166,63,41,42,Ball Receipt*,133,872,Darmstadt 98,Regular Play,872,Darmstadt 98,9723.0,Sandro Wagner,Center Forward,80.3,30.7,,,,False,,,,,,,False,,,,,,,False,False,left_to_right,False,80.3,30.7,,,False,False,False,False
208a67a6-d1de-4437-8757-a33726a5f7b9,3890424,1843,2,00:18:41.166,63,41,30,Pass,134,181,Schalke 04,Regular Play,181,Schalke 04,3502.0,Joël Andre Job Matip,Right Center Back,37.2,48.9,54.5,38.3,3.230879,False,,,,,,,True,20.28916,-0.5497176,High Pass,Recovery,8508.0,Max Meyer,False,False,left_to_right,False,37.2,48.9,54.5,38.3,False,False,False,False
8c0f4337-e261-4bf6-ae20-ba880930cb31,3890424,1844,2,00:18:44.397,63,44,42,Ball Receipt*,134,181,Schalke 04,Regular Play,181,Schalke 04,8508.0,Max Meyer,Center Attacking Midfield,54.5,38.3,,,,False,,,,,,,False,,,,,,,False,False,left_to_right,False,54.5,38.3,,,False,False,False,False
432359bc-dd66-40d2-b33b-199f004e0427,3890424,1845,2,00:18:46.609,63,46,30,Pass,134,181,Schalke 04,Regular Play,181,Schalke 04,8508.0,Max Meyer,Center Attacking Midfield,63.1,30.5,68.1,18.3,1.478341,False,,,,,,,True,13.18484,-1.1818395,Ground Pass,,3499.0,Jean-Eric Maxim Choupo-Moting,False,False,left_to_right,False,63.1,30.5,68.1,18.3,False,False,False,False
a8b7bd87-523d-4438-ba71-93e91ccbd677,3890424,1846,2,00:18:48.087,63,48,42,Ball Receipt*,134,181,Schalke 04,Regular Play,181,Schalke 04,3499.0,Jean-Eric Maxim Choupo-Moting,Left Wing,68.1,18.3,,,,False,,,,,,,False,,,,,,,False,False,left_to_right,False,68.1,18.3,,,False,False,False,False
835d96e3-37a9-49a6-b6d2-62fe3e5ddba6,3890424,1847,2,00:18:48.087,63,48,43,Carry,134,181,Schalke 04,Regular Play,181,Schalke 04,3499.0,Jean-Eric Maxim Choupo-Moting,Left Wing,68.1,18.3,78.6,11.6,2.933807,False,,,,,,,False,,,,,,,False,False,left_to_right,False,68.1,18.3,78.6,11.6,False,False,False,False
5ebd13bf-13b4-466b-8551-33e5f30efd4e,3890424,1848,2,00:18:51.021,63,51,30,Pass,134,181,Schalke 04,Regular Play,181,Schalke 04,3499.0,Jean-Eric Maxim Choupo-Moting,Left Wing,78.6,11.6,74.5,22.2,1.497121,False,,,,,,,True,11.365298,1.9398654,Ground Pass,,8508.0,Max Meyer,False,False,left_to_right,False,78.6,11.6,74.5,22.2,False,False,False,False
26c9ef71-5f85-46a4-8acc-9ec276cccf9a,3890424,1849,2,00:18:51.124,63,51,17,Pressure,134,181,Schalke 04,Regular Play,872,Darmstadt 98,40467.0,Peter Niemeyer,Right Defensive Midfield,40.9,67.4,,,0.480159,False,,,,,,,False,,,,,,,False,False,left_to_right,False,40.9,67.4,,,False,False,False,False
14cd1fa3-a4df-48c5-8f73-cafdaefc16ad,3890424,1850,2,00:18:52.518,63,52,42,Ball Receipt*,134,181,Schalke 04,Regular Play,181,Schalke 04,8508.0,Max Meyer,Center Attacking Midfield,74.5,22.2,,,,False,,,,,,,False,,,,,,,False,False,left_to_right,False,74.5,22.2,,,False,False,False,False
a7afc17c-9f3a-4fef-9d91-f3b4a2ebf53b,3890424,1851,2,00:18:52.518,63,52,43,Carry,134,181,Schalke 04,Regular Play,181,Schalke 04,8508.0,Max Meyer,Center Attacking Midfield,74.5,22.2,71.8,23.9,0.542196,False,,,,,,,False,,,,,,,False,False,left_to_right,False,74.5,22.2,71.8,23.9,False,False,False,False
cce4fae4-bac5-4f1d-ad55-e53b1a43d962,3890424,1852,2,00:18:53.060,63,53,30,Pass,134,181,Schalke 04,Regular Play,181,Schalke 04,8508.0,Max Meyer,Center Attacking Midfield,71.8,23.9,66.1,27.4,1.397784,False,,,,,,,True,6.6887965,2.590917,Ground Pass,,6324.0,Leon Goretzka,False,False,left_to_right,False,71.8,23.9,66.1,27.4,False,False,False,False
71a07b00-6c8e-4e9a-8dcf-4de1f94dd057,3890424,1853,2,00:18:53.149,63,53,36,Tactical Shift,134,181,Schalke 04,Regular Play,872,Darmstadt 98,,,,,,,,0.0,False,,,,,,,False,,,,,,,False,False,left_to_right,False,,,,,False,False,False,False
4892f0a9-98b0-40af-bb5e-71db8b56da7f,3890424,1854,2,00:18:54.458,63,54,42,Ball Receipt*,134,181,Schalke 04,Regular Play,181,Schalke 04,6324.0,Leon Goretzka,Left Defensive Midfield,66.1,27.4,,,,False,,,,,,,False,,,,,,,False,False,left_to_right,False,66.1,27.4,,,False,False,False,False
235ce9d3-9525-436d-a8ed-293edb3f873a,3890424,1855,2,00:18:54.458,63,54,43,Carry,134,181,Schalke 04,Regular Play,181,Schalke 04,6324.0,Leon Goretzka,Left Defensive Midfield,66.1,27.4,73.7,48.0,5.500086,False,,,,,,,False,,,,,,,False,False,left_to_right,False,66.1,27.4,73.7,48.0,False,False,False,False
f4947b22-8774-44e7-978c-79680fa762c6,3890424,1856,2,00:18:59.958,63,59,30,Pass,134,181,Schalke 04,Regular Play,181,Schalke 04,6324.0,Leon Goretzka,Left Defensive Midfield,73.7,48.0,65.9,63.3,1.479046,False,,,,,,,True,17.173527,2.0422564,Ground Pass,,30312.0,Uilson de Souza Paula Júnior,False,False,left_to_right,False,73.7,48.0,65.9,63.3,False,False,False,False
5a25a17f-4902-45d7-a6ab-f1c65a77277e,3890424,1857,2,00:19:01.437,64,1,42,Ball Receipt*,134,181,Schalke 04,Regular Play,181,Schalke 04,30312.0,Uilson de Souza Paula Júnior,Right Back,65.9,63.3,,,,False,,,,,,,False,,,,,,,False,False,left_to_right,False,65.9,63.3,,,False,False,False,False
9c1c3886-9f94-41f7-814b-50169e73f6fe,3890424,1858,2,00:19:01.437,64,1,43,Carry,134,181,Schalke 04,Regular Play,181,Schalke 04,30312.0,Uilson de Souza Paula Júnior,Right Back,65.9,63.3,67.5,63.9,0.578995,False,,,,,,,False,,,,,,,False,False,left_to_right,False,65.9,63.3,67.5,63.9,False,False,False,False
9fb62cd3-8aef-444e-aa52-14e8a7059ff9,3890424,1859,2,00:19:02.016,64,2,30,Pass,134,181,Schalke 04,Regular Play,181,Schalke 04,30312.0,Uilson de Souza Paula Júnior,Right Back,67.5,63.9,80.3,46.3,1.377704,False,,,,,,,True,21.762352,-0.94200003,Ground Pass,,8060.0,Klaas-Jan Huntelaar,False,False,left_to_right,False,67.5,63.9,80.3,46.3,False,True,True,False
3380082b-45e5-4759-a53f-790c5211aeb0,3890424,1860,2,00:19:03.111,64,3,17,Pressure,134,181,Schalke 04,Regular Play,872,Darmstadt 98,35033.0,Slobodan Rajković,Left Center Back,39.2,33.1,,,0.365099,False,,,,,,,False,,,,,,,False,False,left_to_right,False,39.2,33.1,,,False,False,False,False
11a0915a-0319-4f36-961d-7624cedf88a3,3890424,1861,2,00:19:03.394,64,3,42,Ball Receipt*,134,181,Schalke 04,Regular Play,181,Schalke 04,8060.0,Klaas-Jan Huntelaar,Center Forward,80.3,46.3,,,,True,,,,,,,False,,,,,,,False,False,left_to_right,False,80.3,46.3,,,False,False,False,False
e37937ee-b39a-46f4-b2d1-1a1b2dbf9ee1,3890424,1862,2,00:19:03.394,64,3,38,Miscontrol,134,181,Schalke 04,Regular Play,181,Schalke 04,8060.0,Klaas-Jan Huntelaar,Center Forward,81.1,49.5,,,0.0,True,,,,,,,False,,,,,,,False,False,left_to_right,False,81.1,49.5,,,False,False,False,True
3e6fa76b-b2cc-40d5-a017-f75ae0a5d59c,3890424,1863,2,00:19:05.262,64,5,30,Pass,134,181,Schalke 04,Regular Play,872,Darmstadt 98,13675.0,Mario Vrančić,Right Center Midfield,35.6,24.8,53.9,23.4,0.922197,False,,,,,,Incomplete,False,18.353474,-0.076354004,High Pass,Recovery,9219.0,Tobias Kempe,False,False,left_to_right,False,35.6,24.8,53.9,23.4,False,False,False,True
7bb215b0-9615-4959-9a15-cbbdada63da1,3890424,1864,2,00:19:06.184,64,6,42,Ball Receipt*,134,181,Schalke 04,Regular Play,872,Darmstadt 98,9219.0,Tobias Kempe,Left Midfield,53.7,22.3,,,,False,,,,,,,False,,,,,,,False,False,left_to_right,False,53.7,22.3,,,False,False,False,False
600de5e1-7c9b-4d9f-b852-56ba890bf1bb,3890424,1865,2,00:19:06.184,64,6,30,Pass,134,181,Schalke 04,Regular Play,181,Schalke 04,30312.0,Uilson de Souza Paula Júnior,Right Back,66.2,56.7,76.1,58.8,1.522597,False,,,,,,,True,10.120276,0.20902294,High Pass,Recovery,6324.0,Leon Goretzka,False,False,left_to_right,False,66.2,56.7,76.1,58.8,False,False,False,False
329b3227-55be-4abe-8904-53cc9897f838,3890424,1866,2,00:19:06.946,64,6,17,Pressure,134,181,Schalke 04,Regular Play,872,Darmstadt 98,9219.0,Tobias Kempe,Left Midfield,45.6,21.5,,,0.759258,False,,,,,,,False,,,,,,,False,False,left_to_right,False,45.6,21.5,,,False,False,False,False
732df675-a035-485d-b04a-365c774b399f,3890424,1867,2,00:19:07.707,64,7,42,Ball Receipt*,134,181,Schalke 04,Regular Play,181,Schalke 04,6324.0,Leon Goretzka,Left Defensive Midfield,76.1,58.8,,,,False,,,,,,,False,,,,,,,False,False,left_to_right,False,76.1,58.8,,,False,False,False,False
23e9ba89-eba2-4e79-93e7-583f32af8691,3890424,1868,2,00:19:07.707,64,7,43,Carry,134,181,Schalke 04,Regular Play,181,Schalke 04,6324.0,Leon Goretzka,Left Defensive Midfield,76.1,58.8,76.4,59.7,0.201166,False,,,,,,,False,,,,,,,False,False,left_to_right,False,76.1,58.8,76.4,59.7,False,False,False,False
79695814-fcdd-4c4c-b3b3-a0854d177aa0,3890424,1869,2,00:19:07.908,64,7,14,Dribble,134,181,Schalke 04,Regular Play,181,Schalke 04,6324.0,Leon Goretzka,Left Defensive Midfield,76.4,59.7,,,0.0,True,,,,,,,False,,,,,,,False,False,left_to_right,False,76.4,59.7,,,False,False,False,False
827d7bc6-723b-42e1-9e30-19ed15c6c599,3890424,1870,2,00:19:07.908,64,7,4,Duel,134,181,Schalke 04,Regular Play,872,Darmstadt 98,9219.0,Tobias Kempe,Left Midfield,43.7,20.4,,,0.0,True,,,,,,,False,,,,,,,False,False,left_to_right,False,43.7,20.4,,,False,False,False,False
e41c95a6-0a5f-4d36-99cb-0b1747838e6e,3890424,1871,2,00:19:07.908,64,7,43,Carry,134,181,Schalke 04,Regular Play,872,Darmstadt 98,9219.0,Tobias Kempe,Left Midfield,43.7,20.4,36.4,17.6,1.06565,True,,,,,,,False,,,,,,,False,False,left_to_right,False,43.7,20.4,36.4,17.6,False,False,False,False
af859b55-49fa-4eb8-9338-0ec3898a9af8,3890424,1872,2,00:19:08.750,64,8,17,Pressure,134,181,Schalke 04,Regular Play,181,Schalke 04,6324.0,Leon Goretzka,Left Defensive Midfield,82.0,65.2,,,0.315344,False,,,,,,,False,,,,,,,False,False,left_to_right,False,82.0,65.2,,,False,False,False,False
b1f73af2-ea4c-43cd-9761-faf84469f0af,3890424,1873,2,00:19:08.973,64,8,30,Pass,134,181,Schalke 04,Regular Play,872,Darmstadt 98,9219.0,Tobias Kempe,Left Midfield,36.4,17.6,47.0,16.8,0.655354,True,,,,,,Incomplete,False,10.630146,-0.075328894,Ground Pass,,8388.0,Jérôme Gondorf,False,False,left_to_right,False,36.4,17.6,47.0,16.8,False,False,False,True
94d398a9-640e-4cf6-9cd8-ee0ec953514e,3890424,1874,2,00:19:09.629,64,9,42,Ball Receipt*,134,181,Schalke 04,Regular Play,872,Darmstadt 98,8388.0,Jérôme Gondorf,Left Center Midfield,48.7,19.1,,,,False,,,,,,,False,,,,,,,False,False,left_to_right,False,48.7,19.1,,,False,False,False,False
0ef2109f-cda9-4958-b067-b293a403bdb2,3890424,1875,2,00:19:09.629,64,9,2,Ball Recovery,134,181,Schalke 04,Regular Play,181,Schalke 04,30312.0,Uilson de Souza Paula Júnior,Right Back,73.1,63.3,,,0.0,False,,,,,,,False,,,,,,,False,False,left_to_right,False,73.1,63.3,,,False,False,False,False
acba1593-6a9b-4c1f-98ef-a0a598816e3b,3890424,1876,2,00:19:09.629,64,9,43,Carry,134,181,Schalke 04,Regular Play,181,Schalke 04,30312.0,Uilson de Souza Paula Júnior,Right Back,73.1,63.3,75.4,62.5,1.342441,False,,,,,,,False,,,,,,,False,False,left_to_right,False,73.1,63.3,75.4,62.5,False,False,False,False
b0020a98-e291-4a8f-a225-a9dafe573d69,3890424,1877,2,00:19:10.971,64,10,30,Pass,134,181,Schalke 04,Regular Play,181,Schalke 04,30312.0,Uilson de Souza Paula Júnior,Right Back,75.4,62.5,83.1,58.0,0.750728,False,,,,,,,True,8.91852,-0.52888155,Ground Pass,,6324.0,Leon Goretzka,False,False,left_to_right,False,75.4,62.5,83.1,58.0,False,False,True,False
ad1574e1-7395-4e55-a38b-c3866b692abb,3890424,1878,2,00:19:11.722,64,11,42,Ball Receipt*,134,181,Schalke 04,Regular Play,181,Schalke 04,6324.0,Leon Goretzka,Left Defensive Midfield,83.1,58.0,,,,False,,,,,,,False,,,,,,,False,False,left_to_right,False,83.1,58.0,,,False,False,False,False
51ad5dd3-03b9-4fdb-8529-cbba5fd2a4b9,3890424,1879,2,00:19:11.722,64,11,30,Pass,134,181,Schalke 04,Regular Play,181,Schalke 04,6324.0,Leon Goretzka,Left Defensive Midfield,84.2,57.8,93.6,66.0,1.612861,False,,,,,,,True,12.473973,0.7173217,Ground Pass,,30312.0,Uilson de Souza Paula Júnior,False,False,left_to_right,False,84.2,57.8,93.6,66.0,False,False,False,False
eab06c32-cec5-402d-8605-24f1c3e5f4d1,3890424,1880,2,00:19:13.335,64,13,42,Ball Receipt*,134,181,Schalke 04,Regular Play,181,Schalke 04,30312.0,Uilson de Souza Paula Júnior,Right Back,93.6,66.0,,,,False,,,,,,,False,,,,,,,False,False,left_to_right,False,93.6,66.0,,,False,False,False,False
cbeb4900-1455-4197-ba50-1abc172cb686,3890424,1881,2,00:19:13.335,64,13,43,Carry,134,181,Schalke 04,Regular Play,181,Schalke 04,30312.0,Uilson de Souza Paula Júnior,Right Back,93.6,66.0,115.3,64.2,2.949637,False,,,,,,,False,,,,,,,False,False,left_to_right,False,93.6,66.0,115.3,64.2,True,False,False,False
78dbb9c1-1db6-4215-a051-df2bf0f060cd,3890424,1882,2,00:19:16.284,64,16,30,Pass,134,181,Schalke 04,Regular Play,181,Schalke 04,30312.0,Uilson de Souza Paula Júnior,Right Back,115.3,64.2,106.1,44.7,1.407629,False,,,,,,,True,21.561308,-2.0116262,Ground Pass,,3499.0,Jean-Eric Maxim Choupo-Moting,False,False,left_to_right,False,115.3,64.2,106.1,44.7,False,True,False,False
afd79d2e-c3bd-460b-a96a-691015da5362,3890424,1883,2,00:19:17.692,64,17,42,Ball Receipt*,134,181,Schalke 04,Regular Play,181,Schalke 04,3499.0,Jean-Eric Maxim Choupo-Moting,Left Wing,106.1,44.7,,,,False,,,,,,,False,,,,,,,False,False,left_to_right,False,106.1,44.7,,,False,False,False,False
09af8625-aad9-4bc5-b2ce-521a384cf081,3890424,1884,2,00:19:17.692,64,17,43,Carry,134,181,Schalke 04,Regular Play,181,Schalke 04,3499.0,Jean-Eric Maxim Choupo-Moting,Left Wing,106.1,44.7,106.1,43.6,0.04,False,,,,,,,False,,,,,,,False,False,left_to_right,False,106.1,44.7,106.1,43.6,False,False,False,False
f5b1ddc5-5b2b-4910-8100-4646d3162534,3890424,1885,2,00:19:17.732,64,17,38,Miscontrol,134,181,Schalke 04,Regular Play,181,Schalke 04,3499.0,Jean-Eric Maxim Choupo-Moting,Left Wing,106.1,43.6,,,0.0,False,,,,,,,False,,,,,,,False,False,left_to_right,False,106.1,43.6,,,False,False,False,True
19b0ca9d-7b3e-4503-8c93-fadd64740e64,3890424,1886,2,00:19:19.532,64,19,9,Clearance,134,181,Schalke 04,Regular Play,872,Darmstadt 98,9219.0,Tobias Kempe,Left Midfield,3.1,21.5,,,0.0,True,,,,,,,False,,,,,,,False,False,left_to_right,False,3.1,21.5,,,False,False,False,False
3528a9c5-fd95-48d4-b1bb-11421ee7a3db,3890424,1887,2,00:19:20.692,64,20,2,Ball Recovery,134,181,Schalke 04,Regular Play,872,Darmstadt 98,13675.0,Mario Vrančić,Right Center Midfield,24.0,35.1,,,0.0,False,,,,,,,False,,,,,,,False,False,left_to_right,False,24.0,35.1,,,False,False,False,False
547d72eb-9b62-4a35-803d-53bde27fadb8,3890424,1888,2,00:19:23.607,64,23,2,Ball Recovery,134,181,Schalke 04,Regular Play,181,Schalke 04,3510.0,Sead Kolašinac,Left Back,75.4,27.0,,,0.0,False,,,,,,,False,,,,,,,False,False,left_to_right,False,75.4,27.0,,,False,False,False,False
9025434f-1c25-4d2e-9b68-e9163bb49ba7,3890424,1889,2,00:19:23.607,64,23,43,Carry,134,181,Schalke 04,Regular Play,181,Schalke 04,3510.0,Sead Kolašinac,Left Back,75.4,27.0,87.0,26.7,1.603054,False,,,,,,,False,,,,,,,False,False,left_to_right,False,75.4,27.0,87.0,26.7,False,False,False,False
8baa1030-1899-4d75-9b39-ddb61f7f2866,3890424,1890,2,00:19:25.210,64,25,30,Pass,134,181,Schalke 04,Regular Play,181,Schalke 04,3510.0,Sead Kolašinac,Left Back,87.0,26.7,102.5,33.9,1.387337,False,,,,,,,True,17.090641,0.43485975,Ground Pass,,8060.0,Klaas-Jan Huntelaar,True,False,left_to_right,False,87.0,26.7,102.5,33.9,False,True,False,False
58bd3ef8-767b-48c9-a5d6-5ff0e409aa58,3890424,1891,2,00:19:26.597,64,26,42,Ball Receipt*,134,181,Schalke 04,Regular Play,181,Schalke 04,8060.0,Klaas-Jan Huntelaar,Center Forward,102.5,33.9,,,,False,,,,,,,False,,,,,,,False,False,left_to_right,False,102.5,33.9,,,False,False,False,False
89e5c27d-fca2-4c55-8c9a-99764d30d24e,3890424,1892,2,00:19:26.597,64,26,43,Carry,134,181,Schalke 04,Regular Play,181,Schalke 04,8060.0,Klaas-Jan Huntelaar,Center Forward,102.5,33.9,102.8,28.7,2.955464,True,,,,,,,False,,,,,,,False,False,left_to_right,False,102.5,33.9,102.8,28.7,False,False,False,False
cea942a2-50df-4976-8de6-a23486dfb0c1,3890424,1893,2,00:19:26.730,64,26,17,Pressure,134,181,Schalke 04,Regular Play,872,Darmstadt 98,9217.0,Aytac Sulu,Right Center Back,15.0,45.7,,,1.678594,False,,,,,,,False,,,,,,,False,False,left_to_right,False,15.0,45.7,,,False,False,False,False
0f91f382-d94a-463e-a510-b31c8d4d3d4c,3890424,1894,2,00:19:29.552,64,29,16,Shot,134,181,Schalke 04,Regular Play,181,Schalke 04,8060.0,Klaas-Jan Huntelaar,Center Forward,102.8,28.7,118.3,37.7,0.833759,False,0.06555969,Saved,Left Foot,Normal,Open Play,,False,,,,,,,False,False,left_to_right,False,102.8,28.7,118.3,37.7,False,False,False,False
375e15e8-79da-478f-ac28-c164ab2d0cf5,3890424,1895,2,00:19:30.386,64,30,23,Goal Keeper,134,181,Schalke 04,Regular Play,872,Darmstadt 98,8306.0,Christian Mathenia,Goalkeeper,2.0,42.4,,,0.0,False,,,,,,,False,,,,,,,False,False,left_to_right,False,2.0,42.4,,,False,False,False,False
9cb42508-4d10-434e-8805-2326a22af9e7,3890424,1896,2,00:19:33.803,64,33,30,Pass,135,872,Darmstadt 98,From Keeper,872,Darmstadt 98,8306.0,Christian Mathenia,Goalkeeper,13.4,42.3,112.9,22.6,7.580857,False,,,,,,Incomplete,False,101.43146,-0.19546208,High Pass,,9723.0,Sandro Wagner,False,False,left_to_right,False,13.4,42.3,112.9,22.6,False,True,True,True
3c60dc28-879b-4b0a-ba71-1bc91e7820f1,3890424,1897,2,00:19:41.384,64,41,42,Ball Receipt*,135,872,Darmstadt 98,From Keeper,872,Darmstadt 98,9723.0,Sandro Wagner,Center Forward,104.4,24.3,,,,False,,,,,,,False,,,,,,,False,False,left_to_right,False,104.4,24.3,,,False,False,False,False
154420ba-4390-49a0-81eb-cd90035c6bf2,3890424,1898,2,00:19:41.384,64,41,2,Ball Recovery,136,181,Schalke 04,Regular Play,181,Schalke 04,8517.0,Ralf Fährmann,Goalkeeper,7.2,57.5,,,0.0,False,,,,,,,False,,,,,,,False,False,left_to_right,False,7.2,57.5,,,False,False,False,False
863c3d2e-73ac-4b07-a862-6fc71f4c2136,3890424,1899,2,00:19:41.384,64,41,43,Carry,136,181,Schalke 04,Regular Play,181,Schalke 04,8517.0,Ralf Fährmann,Goalkeeper,7.2,57.5,15.3,51.9,3.732964,False,,,,,,,False,,,,,,,False,False,left_to_right,False,7.2,57.5,15.3,51.9,False,False,False,False
48411712-4af8-4134-a9c1-88a91ef97e76,3890424,1900,2,00:19:45.117,64,45,30,Pass,136,181,Schalke 04,Regular Play,181,Schalke 04,8517.0,Ralf Fährmann,Goalkeeper,15.3,51.9,24.8,27.0,2.619503,False,,,,,,,True,26.650703,-1.2063165,Low Pass,,6324.0,Leon Goretzka,False,False,left_to_right,False,15.3,51.9,24.8,27.0,False,False,False,False
3ff6c5ff-dfd3-4f92-a4f2-9f8ee5771e50,3890424,1901,2,00:19:47.736,64,47,42,Ball Receipt*,136,181,Schalke 04,Regular Play,181,Schalke 04,6324.0,Leon Goretzka,Left Defensive Midfield,24.8,27.0,,,,False,,,,,,,False,,,,,,,False,False,left_to_right,False,24.8,27.0,,,False,False,False,False
bba157fe-34e1-4811-af60-c44d88ec4479,3890424,1902,2,00:19:47.736,64,47,43,Carry,136,181,Schalke 04,Regular Play,181,Schalke 04,6324.0,Leon Goretzka,Left Defensive Midfield,24.8,27.0,38.2,28.8,2.568588,False,,,,,,,False,,,,,,,False,False,left_to_right,False,24.8,27.0,38.2,28.8,False,False,False,False
7327c4ee-d766-47a7-8417-717cac81b3e1,3890424,1903,2,00:19:50.305,64,50,30,Pass,136,181,Schalke 04,Regular Play,181,Schalke 04,6324.0,Leon Goretzka,Left Defensive Midfield,38.2,28.8,42.5,39.2,1.834622,False,,,,,,,True,11.253888,1.1787393,Ground Pass,,6717.0,Johannes Geis,False,False,left_to_right,False,38.2,28.8,42.5,39.2,False,False,False,False
7b47c88c-0900-4bc6-8077-23a1a2ee098c,3890424,1904,2,00:19:52.139,64,52,42,Ball Receipt*,136,181,Schalke 04,Regular Play,181,Schalke 04,6717.0,Johannes Geis,Right Defensive Midfield,42.5,39.2,,,,False,,,,,,,False,,,,,,,False,False,left_to_right,False,42.5,39.2,,,False,False,False,False
b41ff32f-d6fb-4543-a584-518433a7fdeb,3890424,1905,2,00:19:52.139,64,52,43,Carry,136,181,Schalke 04,Regular Play,181,Schalke 04,6717.0,Johannes Geis,Right Defensive Midfield,42.5,39.2,43.9,42.0,0.791064,False,,,,,,,False,,,,,,,False,False,left_to_right,False,42.5,39.2,43.9,42.0,False,False,False,False
899ebeca-acc1-47d0-b358-c1e00c100e74,3890424,1906,2,00:19:52.930,64,52,30,Pass,136,181,Schalke 04,Regular Play,181,Schalke 04,6717.0,Johannes Geis,Right Defensive Midfield,43.9,42.0,34.7,46.1,2.373899,False,,,,,,,True,10.072239,2.7223604,Ground Pass,,3502.0,Joël Andre Job Matip,False,False,left_to_right,False,43.9,42.0,34.7,46.1,False,False,False,False
7932beee-4b98-4429-954b-638d2ee015c1,3890424,1907,2,00:19:55.304,64,55,42,Ball Receipt*,136,181,Schalke 04,Regular Play,181,Schalke 04,3502.0,Joël Andre Job Matip,Right Center Back,34.7,46.1,,,,False,,,,,,,False,,,,,,,False,False,left_to_right,False,34.7,46.1,,,False,False,False,False
ab65347c-96ac-4f1d-8870-5142f282900e,3890424,1908,2,00:19:55.304,64,55,30,Pass,136,181,Schalke 04,Regular Play,181,Schalke 04,3502.0,Joël Andre Job Matip,Right Center Back,34.8,47.5,47.9,21.3,1.981059,False,,,,,,,True,29.29249,-1.1071488,Ground Pass,,6324.0,Leon Goretzka,False,False,left_to_right,False,34.8,47.5,47.9,21.3,False,False,False,False
c9cefd77-75a9-4f30-bf85-ad33c47bba36,3890424,1909,2,00:19:57.285,64,57,42,Ball Receipt*,136,181,Schalke 04,Regular Play,181,Schalke 04,6324.0,Leon Goretzka,Left Defensive Midfield,47.9,21.3,,,,False,,,,,,,False,,,,,,,False,False,left_to_right,False,47.9,21.3,,,False,False,False,False
0abadc2f-17ba-43c9-ad40-ba28f0436523,3890424,1910,2,00:19:57.285,64,57,43,Carry,136,181,Schalke 04,Regular Play,181,Schalke 04,6324.0,Leon Goretzka,Left Defensive Midfield,47.9,21.3,60.4,15.3,3.276919,False,,,,,,,False,,,,,,,False,False,left_to_right,False,47.9,21.3,60.4,15.3,False,False,False,False
41510a8c-6a40-4679-a5ef-3b4ffb3c30f9,3890424,1911,2,00:20:00.562,65,0,30,Pass,136,181,Schalke 04,Regular Play,181,Schalke 04,6324.0,Leon Goretzka,Left Defensive Midfield,60.4,15.3,68.9,6.4,1.2473,False,,,,,,,True,12.306909,-0.80838263,Ground Pass,,8508.0,Max Meyer,False,False,left_to_right,False,60.4,15.3,68.9,6.4,False,False,False,False
d4f28b09-0bc8-4c4e-b031-26f44c4df3ea,3890424,1912,2,00:20:01.809,65,1,42,Ball Receipt*,136,181,Schalke 04,Regular Play,181,Schalke 04,8508.0,Max Meyer,Center Attacking Midfield,68.9,6.4,,,,False,,,,,,,False,,,,,,,False,False,left_to_right,False,68.9,6.4,,,False,False,False,False
792f62a2-c387-4a5a-bb85-1e1d269f1869,3890424,1913,2,00:20:01.809,65,1,43,Carry,136,181,Schalke 04,Regular Play,181,Schalke 04,8508.0,Max Meyer,Center Attacking Midfield,68.9,6.4,55.1,17.7,2.845453,False,,,,,,,False,,,,,,,False,False,left_to_right,False,68.9,6.4,55.1,17.7,False,False,False,False
641e8bdc-deab-4c7a-8d2d-81b3c8b87d7f,3890424,1914,2,00:20:04.655,65,4,30,Pass,136,181,Schalke 04,Regular Play,181,Schalke 04,8508.0,Max Meyer,Center Attacking Midfield,55.1,17.7,40.6,47.4,3.776972,False,,,,,,,True,33.050568,2.024972,Ground Pass,,3502.0,Joël Andre Job Matip,False,False,left_to_right,False,55.1,17.7,40.6,47.4,False,False,False,False
a20736be-27fd-4be8-a679-737132edade3,3890424,1915,2,00:20:08.432,65,8,42,Ball Receipt*,136,181,Schalke 04,Regular Play,181,Schalke 04,3502.0,Joël Andre Job Matip,Right Center Back,40.6,47.4,,,,False,,,,,,,False,,,,,,,False,False,left_to_right,False,40.6,47.4,,,False,False,False,False
627df3f0-6bee-45cf-8115-be907c9f6a46,3890424,1916,2,00:20:08.432,65,8,43,Carry,136,181,Schalke 04,Regular Play,181,Schalke 04,3502.0,Joël Andre Job Matip,Right Center Back,40.6,47.4,41.5,47.7,1.039885,False,,,,,,,False,,,,,,,False,False,left_to_right,False,40.6,47.4,41.5,47.7,False,False,False,False
c41ec762-9eba-4840-a9f7-3f18c956a1b0,3890424,1917,2,00:20:09.472,65,9,30,Pass,136,181,Schalke 04,Regular Play,181,Schalke 04,3502.0,Joël Andre Job Matip,Right Center Back,41.5,47.7,53.9,50.6,1.259847,False,,,,,,,True,12.734598,0.22974175,Ground Pass,,6717.0,Johannes Geis,False,False,left_to_right,False,41.5,47.7,53.9,50.6,False,False,False,False
1c817a36-baaf-45b2-83a9-e878c1c1e6bb,3890424,1918,2,00:20:10.732,65,10,42,Ball Receipt*,136,181,Schalke 04,Regular Play,181,Schalke 04,6717.0,Johannes Geis,Right Defensive Midfield,53.9,50.6,,,,False,,,,,,,False,,,,,,,False,False,left_to_right,False,53.9,50.6,,,False,False,False,False
ffddc985-cac3-4b9c-b8b5-45534650b0e9,3890424,1919,2,00:20:10.732,65,10,43,Carry,136,181,Schalke 04,Regular Play,181,Schalke 04,6717.0,Johannes Geis,Right Defensive Midfield,53.9,50.6,55.6,52.5,0.579665,False,,,,,,,False,,,,,,,False,False,left_to_right,False,53.9,50.6,55.6,52.5,False,False,False,False
7d19ad8a-86b5-4787-8d5b-63bba29fb1a4,3890424,1920,2,00:20:11.311,65,11,30,Pass,136,181,Schalke 04,Regular Play,181,Schalke 04,6717.0,Johannes Geis,Right Defensive Midfield,55.6,52.5,64.3,69.5,1.629499,False,,,,,,,True,19.096859,1.0977813,Ground Pass,,30312.0,Uilson de Souza Paula Júnior,False,False,left_to_right,False,55.6,52.5,64.3,69.5,False,False,False,False
6659637f-4bb8-4308-a523-3c182e1e39d8,3890424,1921,2,00:20:12.941,65,12,42,Ball Receipt*,136,181,Schalke 04,Regular Play,181,Schalke 04,30312.0,Uilson de Souza Paula Júnior,Right Back,64.3,69.5,,,,False,,,,,,,False,,,,,,,False,False,left_to_right,False,64.3,69.5,,,False,False,False,False
4292c42c-1655-4cf9-9f5c-268a5d934568,3890424,1922,2,00:20:12.941,65,12,43,Carry,136,181,Schalke 04,Regular Play,181,Schalke 04,30312.0,Uilson de Souza Paula Júnior,Right Back,64.3,69.5,65.9,69.5,1.574793,False,,,,,,,False,,,,,,,False,False,left_to_right,False,64.3,69.5,65.9,69.5,False,False,False,False
023c4774-ba85-492c-97ad-874818ac1e83,3890424,1923,2,00:20:14.516,65,14,30,Pass,136,181,Schalke 04,Regular Play,181,Schalke 04,30312.0,Uilson de Souza Paula Júnior,Right Back,65.9,69.5,86.4,71.7,1.20289,False,,,,,,,True,20.61771,0.10690791,Ground Pass,,3053.0,Leroy Sané,False,False,left_to_right,False,65.9,69.5,86.4,71.7,False,True,True,False
925efcf5-8e7f-48db-b956-2349301fd95a,3890424,1924,2,00:20:15.365,65,15,17,Pressure,136,181,Schalke 04,Regular Play,872,Darmstadt 98,9404.0,Luca Caldirola,Left Back,32.9,8.4,,,0.43781,False,,,,,,,False,,,,,,,False,False,left_to_right,False,32.9,8.4,,,False,False,False,False
e5f0df2f-3466-4f46-aba0-02fdc7192d21,3890424,1925,2,00:20:15.718,65,15,42,Ball Receipt*,136,181,Schalke 04,Regular Play,181,Schalke 04,3053.0,Leroy Sané,Right Wing,86.4,71.7,,,,True,,,,,,,False,,,,,,,False,False,left_to_right,False,86.4,71.7,,,False,False,False,False
e860d404-1532-41c2-b0cf-b9ddb82ca60a,3890424,1926,2,00:20:15.718,65,15,30,Pass,136,181,Schalke 04,Regular Play,181,Schalke 04,3053.0,Leroy Sané,Right Wing,86.4,72.5,76.4,57.5,0.875641,True,,,,,,,True,18.027756,-2.158799,Ground Pass,,6717.0,Johannes Geis,False,False,left_to_right,False,86.4,72.5,76.4,57.5,False,False,False,False
a1348c91-c2f1-4bd3-a3d5-1bf111e0a6c9,3890424,1927,2,00:20:16.552,65,16,17,Pressure,136,181,Schalke 04,Regular Play,872,Darmstadt 98,40467.0,Peter Niemeyer,Center Defensive Midfield,42.8,22.0,,,0.243013,False,,,,,,,False,,,,,,,False,False,left_to_right,False,42.8,22.0,,,False,False,False,False
6c69f287-d9ba-4496-bcf4-ae9729b1b084,3890424,1928,2,00:20:16.594,65,16,42,Ball Receipt*,136,181,Schalke 04,Regular Play,181,Schalke 04,6717.0,Johannes Geis,Right Defensive Midfield,76.4,57.5,,,,True,,,,,,,False,,,,,,,False,False,left_to_right,False,76.4,57.5,,,False,False,False,False
ce5d0ea6-bd40-4e5b-8147-7d9993637fbf,3890424,1929,2,00:20:16.594,65,16,43,Carry,136,181,Schalke 04,Regular Play,181,Schalke 04,6717.0,Johannes Geis,Right Defensive Midfield,76.4,57.5,76.7,59.7,0.185232,True,,,,,,,False,,,,,,,False,False,left_to_right,False,76.4,57.5,76.7,59.7,False,False,False,False
b6ee6101-103b-4ad8-b53d-0c7c28a8c823,3890424,1930,2,00:20:16.779,65,16,22,Foul Committed,136,181,Schalke 04,Regular Play,872,Darmstadt 98,40467.0,Peter Niemeyer,Center Defensive Midfield,43.4,20.4,,,0.0,False,,,,,,,False,,,,,,,False,False,left_to_right,False,43.4,20.4,,,False,False,False,False
429704ec-06b6-45b0-9e10-6b7548a42d05,3890424,1931,2,00:20:16.779,65,16,21,Foul Won,136,181,Schalke 04,Regular Play,181,Schalke 04,6717.0,Johannes Geis,Right Defensive Midfield,76.7,59.7,,,0.0,True,,,,,,,False,,,,,,,False,False,left_to_right,False,76.7,59.7,,,False,False,False,False
b250b9b7-e5b8-4e7d-92af-d721dc73c809,3890424,1932,2,00:21:05.189,66,5,30,Pass,137,181,Schalke 04,From Free Kick,181,Schalke 04,6717.0,Johannes Geis,Right Defensive Midfield,78.4,58.6,108.6,34.2,2.313267,False,,,,,,Unknown,False,38.82525,-0.67956793,High Pass,Free Kick,3499.0,Jean-Eric Maxim Choupo-Moting,False,False,left_to_right,False,78.4,58.6,108.6,34.2,False,True,True,True
d00650d6-78d1-4691-97f4-cb618fc5eaa9,3890424,1933,2,00:21:07.217,66,7,42,Ball Receipt*,137,181,Schalke 04,From Free Kick,181,Schalke 04,3499.0,Jean-Eric Maxim Choupo-Moting,Left Wing,108.1,35.8,,,,False,,,,,,,False,,,,,,,False,False,left_to_right,False,108.1,35.8,,,False,False,False,False
50a4012a-9b0a-4bb3-a4f8-ce90efdfd7f3,3890424,1934,2,00:21:07.217,66,7,22,Foul Committed,137,181,Schalke 04,From Free Kick,181,Schalke 04,3499.0,Jean-Eric Maxim Choupo-Moting,Left Wing,110.1,34.2,,,0.0,False,,,,,,,False,,,,,,,False,False,left_to_right,False,110.1,34.2,,,False,False,False,False
5052be2a-6c9a-4596-962d-7448876697f5,3890424,1935,2,00:21:07.217,66,7,21,Foul Won,137,181,Schalke 04,From Free Kick,872,Darmstadt 98,13675.0,Mario Vrančić,Right Center Midfield,10.0,45.9,,,0.0,True,,,,,,,False,,,,,,,False,False,left_to_right,False,10.0,45.9,,,False,False,False,False
45f46c2b-e481-4792-8571-e9fa3565b650,3890424,1936,2,00:21:24.237,66,24,30,Pass,138,872,Darmstadt 98,From Free Kick,872,Darmstadt 98,8306.0,Christian Mathenia,Goalkeeper,14.8,39.3,77.0,44.9,3.596147,False,,,,,,Incomplete,False,62.45158,0.08979007,High Pass,Free Kick,13675.0,Mario Vrančić,False,False,left_to_right,False,14.8,39.3,77.0,44.9,False,True,False,True
fdf5ec61-b0df-48e1-a0f1-49e32029b0bc,3890424,1937,2,00:21:27.833,66,27,42,Ball Receipt*,138,872,Darmstadt 98,From Free Kick,872,Darmstadt 98,13675.0,Mario Vrančić,Right Center Midfield,76.2,42.4,,,,False,,,,,,,False,,,,,,,False,False,left_to_right,False,76.2,42.4,,,False,False,False,False
164fbd60-1eb4-4b2b-adcb-e96c94a023b4,3890424,1938,2,00:21:27.833,66,27,4,Duel,138,872,Darmstadt 98,From Free Kick,872,Darmstadt 98,13675.0,Mario Vrančić,Right Center Midfield,77.0,44.9,,,0.0,True,,,,,,,False,,,,,,,False,False,left_to_right,False,77.0,44.9,,,False,False,False,False
a38bac29-adb3-4a18-9d43-ae6ddf35d3a7,3890424,1939,2,00:21:27.833,66,27,30,Pass,138,872,Darmstadt 98,From Free Kick,181,Schalke 04,3499.0,Jean-Eric Maxim Choupo-Moting,Left Wing,43.1,35.2,40.1,29.1,2.141939,True,,,,,,Incomplete,False,6.797794,-2.0278652,High Pass,Recovery,6324.0,Leon Goretzka,False,False,left_to_right,False,43.1,35.2,40.1,29.1,False,False,False,True
e02ae869-f5f4-48fb-8efd-1988e87eb89c,3890424,1940,2,00:21:29.975,66,29,42,Ball Receipt*,138,872,Darmstadt 98,From Free Kick,181,Schalke 04,6324.0,Leon Goretzka,Left Defensive Midfield,40.6,31.6,,,,False,,,,,,,False,,,,,,,False,False,left_to_right,False,40.6,31.6,,,False,False,False,False
394bb7ca-2444-4961-a704-666846fa9b7a,3890424,1941,2,00:21:29.975,66,29,4,Duel,138,872,Darmstadt 98,From Free Kick,181,Schalke 04,6324.0,Leon Goretzka,Left Defensive Midfield,40.1,29.1,,,0.0,True,,,,,,,False,,,,,,,False,False,left_to_right,False,40.1,29.1,,,False,False,False,False
7e51bd55-25c8-44ba-bdb8-14a91418b6a7,3890424,1942,2,00:21:29.975,66,29,30,Pass,138,872,Darmstadt 98,From Free Kick,872,Darmstadt 98,9723.0,Sandro Wagner,Center Forward,80.0,51.0,85.4,46.3,2.061669,True,,,,,,Incomplete,False,7.1589108,-0.7162019,High Pass,Recovery,9401.0,Marcel Heller,False,False,left_to_right,False,80.0,51.0,85.4,46.3,False,False,False,True
cc91621e-83f5-4fac-954f-5ca35c639ea5,3890424,1943,2,00:21:32.037,66,32,42,Ball Receipt*,138,872,Darmstadt 98,From Free Kick,872,Darmstadt 98,9401.0,Marcel Heller,Right Midfield,83.9,43.8,,,,False,,,,,,,False,,,,,,,False,False,left_to_right,False,83.9,43.8,,,False,False,False,False
9e00d9b8-82ff-4600-9100-c1b1b1b77faa,3890424,1944,2,00:21:32.037,66,32,30,Pass,138,872,Darmstadt 98,From Free Kick,181,Schalke 04,3510.0,Sead Kolašinac,Left Back,34.7,33.8,40.4,36.4,1.078827,False,,,,,,Incomplete,False,6.264982,0.4279485,Low Pass,Recovery,3499.0,Jean-Eric Maxim Choupo-Moting,False,False,left_to_right,False,34.7,33.8,40.4,36.4,False,False,False,True
f0dc60dc-06bd-48d2-acaa-485066067730,3890424,1945,2,00:21:33.115,66,33,42,Ball Receipt*,138,872,Darmstadt 98,From Free Kick,181,Schalke 04,3499.0,Jean-Eric Maxim Choupo-Moting,Left Wing,43.2,37.7,,,,False,,,,,,,False,,,,,,,False,False,left_to_right,False,43.2,37.7,,,False,False,False,False
8c908353-413c-48df-bf2f-53e58840f61f,3890424,1946,2,00:21:33.115,66,33,30,Pass,138,872,Darmstadt 98,From Free Kick,872,Darmstadt 98,9723.0,Sandro Wagner,Center Forward,79.7,43.7,87.9,32.4,1.73905,False,,,,,,,True,13.961734,-0.94305325,High Pass,Recovery,9219.0,Tobias Kempe,False,False,left_to_right,False,79.7,43.7,87.9,32.4,False,False,True,False
dcd87be0-e3fa-42b2-83ab-39f78dd38e75,3890424,1947,2,00:21:34.854,66,34,42,Ball Receipt*,138,872,Darmstadt 98,From Free Kick,872,Darmstadt 98,9219.0,Tobias Kempe,Left Midfield,87.9,32.4,,,,False,,,,,,,False,,,,,,,False,False,left_to_right,False,87.9,32.4,,,False,False,False,False
428c26e5-7eb7-4874-9758-167875ccde1a,3890424,1948,2,00:21:34.854,66,34,30,Pass,138,872,Darmstadt 98,From Free Kick,872,Darmstadt 98,9219.0,Tobias Kempe,Left Midfield,87.9,33.2,81.2,45.7,2.13196,False,,,,,,Incomplete,False,14.182384,2.0628276,Ground Pass,,8388.0,Jérôme Gondorf,False,False,left_to_right,False,87.9,33.2,81.2,45.7,False,False,False,True
ac0953c3-1bfe-453e-886a-decad0897008,3890424,1949,2,00:21:36.986,66,36,42,Ball Receipt*,138,872,Darmstadt 98,From Free Kick,872,Darmstadt 98,8388.0,Jérôme Gondorf,Left Center Midfield,80.6,41.6,,,,False,,,,,,,False,,,,,,,False,False,left_to_right,False,80.6,41.6,,,False,False,False,False
0fc4b81c-a4ee-49b9-a694-683077c2f911,3890424,1950,2,00:21:36.986,66,36,2,Ball Recovery,138,872,Darmstadt 98,From Free Kick,181,Schalke 04,3499.0,Jean-Eric Maxim Choupo-Moting,Left Wing,38.9,34.4,,,0.0,False,,,,,,,False,,,,,,,False,False,left_to_right,False,38.9,34.4,,,False,False,False,False
d8d41ad6-1739-4364-bac0-ff79342b0595,3890424,1951,2,00:21:36.986,66,36,43,Carry,138,872,Darmstadt 98,From Free Kick,181,Schalke 04,3499.0,Jean-Eric Maxim Choupo-Moting,Left Wing,38.9,34.4,42.5,41.7,1.019446,False,,,,,,,False,,,,,,,False,False,left_to_right,False,38.9,34.4,42.5,41.7,False,False,False,False
14a812ac-d9ab-4e69-8c25-55196791f7e4,3890424,1952,2,00:21:38.006,66,38,30,Pass,138,872,Darmstadt 98,From Free Kick,181,Schalke 04,3499.0,Jean-Eric Maxim Choupo-Moting,Left Wing,42.5,41.7,37.2,57.5,1.656908,False,,,,,,,True,16.665234,1.8944445,Ground Pass,,30312.0,Uilson de Souza Paula Júnior,False,False,left_to_right,False,42.5,41.7,37.2,57.5,False,False,False,False
576ccaa1-21cf-43e2-b345-553719b5bdfe,3890424,1953,2,00:21:39.663,66,39,42,Ball Receipt*,138,872,Darmstadt 98,From Free Kick,181,Schalke 04,30312.0,Uilson de Souza Paula Júnior,Right Back,37.2,57.5,,,,False,,,,,,,False,,,,,,,False,False,left_to_right,False,37.2,57.5,,,False,False,False,False
c41a0fe0-b6c9-43cd-8385-a1c245a02c76,3890424,1954,2,00:21:39.663,66,39,43,Carry,138,872,Darmstadt 98,From Free Kick,181,Schalke 04,30312.0,Uilson de Souza Paula Júnior,Right Back,37.2,57.5,41.2,68.9,0.938229,False,,,,,,,False,,,,,,,False,False,left_to_right,False,37.2,57.5,41.2,68.9,False,False,False,False
86c0261d-e983-47d7-ab87-14e9da539190,3890424,1955,2,00:21:40.601,66,40,30,Pass,138,872,Darmstadt 98,From Free Kick,181,Schalke 04,30312.0,Uilson de Souza Paula Júnior,Right Back,41.2,68.9,79.3,56.0,2.938014,False,,,,,,Incomplete,False,40.22462,-0.3264675,High Pass,,3053.0,Leroy Sané,False,False,left_to_right,False,41.2,68.9,79.3,56.0,False,True,False,True
f1a54ba4-ccda-4895-aad4-59f2264dbed1,3890424,1956,2,00:21:43.539,66,43,42,Ball Receipt*,138,872,Darmstadt 98,From Free Kick,181,Schalke 04,3053.0,Leroy Sané,Right Wing,78.1,58.0,,,,False,,,,,,,False,,,,,,,False,False,left_to_right,False,78.1,58.0,,,False,False,False,False
142953a2-c859-4e02-8538-046e0353dced,3890424,1957,2,00:21:43.539,66,43,30,Pass,138,872,Darmstadt 98,From Free Kick,872,Darmstadt 98,35033.0,Slobodan Rajković,Left Center Back,40.8,24.1,61.4,15.6,1.738733,False,,,,,,,True,22.284748,-0.39133927,Low Pass,Recovery,8388.0,Jérôme Gondorf,False,False,left_to_right,False,40.8,24.1,61.4,15.6,False,False,False,False
c33f9ef3-b0e4-406c-9217-41c22381d43c,3890424,1958,2,00:21:45.278,66,45,42,Ball Receipt*,138,872,Darmstadt 98,From Free Kick,872,Darmstadt 98,8388.0,Jérôme Gondorf,Left Center Midfield,61.4,15.6,,,,False,,,,,,,False,,,,,,,False,False,left_to_right,False,61.4,15.6,,,False,False,False,False
971d5b25-d3b4-4fce-b12d-c3b4a7f57b76,3890424,1959,2,00:21:45.278,66,45,43,Carry,138,872,Darmstadt 98,From Free Kick,872,Darmstadt 98,8388.0,Jérôme Gondorf,Left Center Midfield,61.4,15.6,62.3,13.5,1.311177,False,,,,,,,False,,,,,,,False,False,left_to_right,False,61.4,15.6,62.3,13.5,False,False,False,False
ea3e06b3-103b-4d68-9ab5-5712bb989aff,3890424,1960,2,00:21:46.589,66,46,30,Pass,138,872,Darmstadt 98,From Free Kick,872,Darmstadt 98,8388.0,Jérôme Gondorf,Left Center Midfield,62.3,13.5,99.2,27.4,3.712236,False,,,,,,Incomplete,False,39.431206,0.3602548,High Pass,,9723.0,Sandro Wagner,False,False,left_to_right,False,62.3,13.5,99.2,27.4,False,True,True,True
a375c910-e3cf-452a-9874-c938ed8c8df5,3890424,1961,2,00:21:50.237,66,50,17,Pressure,138,872,Darmstadt 98,From Free Kick,872,Darmstadt 98,9723.0,Sandro Wagner,Center Forward,97.2,28.5,,,0.440711,False,,,,,,,False,,,,,,,False,False,left_to_right,False,97.2,28.5,,,False,False,False,False
57eb2101-115a-4b61-be6d-05c58e5c3bc8,3890424,1962,2,00:21:50.301,66,50,42,Ball Receipt*,138,872,Darmstadt 98,From Free Kick,872,Darmstadt 98,9723.0,Sandro Wagner,Center Forward,97.6,29.3,,,,False,,,,,,,False,,,,,,,False,False,left_to_right,False,97.6,29.3,,,False,False,False,False
7729ed5e-8457-4c87-a0aa-4a3510f4d111,3890424,1963,2,00:21:50.301,66,50,9,Clearance,138,872,Darmstadt 98,From Free Kick,181,Schalke 04,3502.0,Joël Andre Job Matip,Right Center Back,20.9,52.7,,,0.0,True,,,,,,,False,,,,,,,False,False,left_to_right,False,20.9,52.7,,,False,False,False,False
e5b80a7c-b8bd-480c-b572-dfd47ddaf165,3890424,1964,2,00:22:00.071,67,0,30,Pass,139,872,Darmstadt 98,From Throw In,872,Darmstadt 98,9404.0,Luca Caldirola,Left Back,76.2,0.1,87.5,13.8,1.700877,False,,,,,,,True,17.758942,0.8811049,High Pass,Throw-in,9219.0,Tobias Kempe,False,False,left_to_right,False,76.2,0.1,87.5,13.8,False,True,True,False
9a755776-1bae-4201-8b1d-1d319c87ced5,3890424,1965,2,00:22:01.772,67,1,42,Ball Receipt*,139,872,Darmstadt 98,From Throw In,872,Darmstadt 98,9219.0,Tobias Kempe,Left Midfield,87.5,13.8,,,,False,,,,,,,False,,,,,,,False,False,left_to_right,False,87.5,13.8,,,False,False,False,False
11754928-a050-476d-8188-cbcb2ea03e34,3890424,1966,2,00:22:01.772,67,1,43,Carry,139,872,Darmstadt 98,From Throw In,872,Darmstadt 98,9219.0,Tobias Kempe,Left Midfield,87.5,13.8,93.7,17.7,0.900281,True,,,,,,,False,,,,,,,False,False,left_to_right,False,87.5,13.8,93.7,17.7,False,False,False,False
507bbe5e-6c83-4964-89c1-81a79981f2b9,3890424,1967,2,00:22:02.085,67,2,17,Pressure,139,872,Darmstadt 98,From Throw In,181,Schalke 04,6717.0,Johannes Geis,Right Defensive Midfield,28.4,62.7,,,0.466712,False,,,,,,,False,,,,,,,False,False,left_to_right,False,28.4,62.7,,,False,False,False,False
47c5a38b-9109-4254-9f06-f88b2b54b16d,3890424,1968,2,00:22:02.672,67,2,3,Dispossessed,139,872,Darmstadt 98,From Throw In,872,Darmstadt 98,9219.0,Tobias Kempe,Left Midfield,93.7,17.7,,,0.0,True,,,,,,,False,,,,,,,False,False,left_to_right,False,93.7,17.7,,,False,False,False,True
91338a5a-820f-472d-9091-a5153f165201,3890424,1969,2,00:22:02.672,67,2,4,Duel,139,872,Darmstadt 98,From Throw In,181,Schalke 04,6717.0,Johannes Geis,Right Defensive Midfield,26.4,62.4,,,0.0,True,,,,,,,False,,,,,,,False,False,left_to_right,False,26.4,62.4,,,False,False,False,False
f1666c08-4bd0-47d4-8886-dadf1d94e3e9,3890424,1970,2,00:22:03.641,67,3,2,Ball Recovery,139,872,Darmstadt 98,From Throw In,872,Darmstadt 98,9219.0,Tobias Kempe,Left Midfield,94.4,16.8,,,0.0,False,,,,,,,False,,,,,,,False,False,left_to_right,False,94.4,16.8,,,False,False,False,False
01e39a83-2ea0-473e-b9af-354e5c596812,3890424,1971,2,00:22:03.641,67,3,43,Carry,139,872,Darmstadt 98,From Throw In,872,Darmstadt 98,9219.0,Tobias Kempe,Left Midfield,94.4,16.8,94.0,14.9,0.363015,True,,,,,,,False,,,,,,,False,False,left_to_right,False,94.4,16.8,94.0,14.9,False,False,False,False
38b3e86a-7807-45c3-afb6-e57aa766a459,3890424,1972,2,00:22:03.694,67,3,17,Pressure,139,872,Darmstadt 98,From Throw In,181,Schalke 04,3502.0,Joël Andre Job Matip,Right Center Back,25.7,63.8,,,0.230663,False,,,,,,,False,,,,,,,False,False,left_to_right,False,25.7,63.8,,,False,False,False,False
443654e4-0cef-4856-b6f6-ba85c86f871b,3890424,1973,2,00:22:04.004,67,4,14,Dribble,139,872,Darmstadt 98,From Throw In,872,Darmstadt 98,9219.0,Tobias Kempe,Left Midfield,94.0,14.9,,,0.0,True,,,,,,,False,,,,,,,False,False,left_to_right,False,94.0,14.9,,,False,False,False,False
15b16f68-f70d-44e5-8ecf-5711d55013da,3890424,1974,2,00:22:04.004,67,4,4,Duel,139,872,Darmstadt 98,From Throw In,181,Schalke 04,3502.0,Joël Andre Job Matip,Right Center Back,26.1,65.2,,,0.0,True,,,,,,,False,,,,,,,False,False,left_to_right,False,26.1,65.2,,,False,False,False,False
d11c905e-d2b2-4f82-9fa1-7f5d2c45171e,3890424,1975,2,00:22:04.857,67,4,2,Ball Recovery,139,872,Darmstadt 98,From Throw In,181,Schalke 04,6717.0,Johannes Geis,Right Defensive Midfield,27.6,63.9,,,0.0,False,,,,,,,False,,,,,,,False,False,left_to_right,False,27.6,63.9,,,False,False,False,False
114b7aec-bf37-4473-b5bf-58de5f68251d,3890424,1976,2,00:22:04.857,67,4,43,Carry,139,872,Darmstadt 98,From Throw In,181,Schalke 04,6717.0,Johannes Geis,Right Defensive Midfield,27.6,63.9,28.7,63.9,0.467577,False,,,,,,,False,,,,,,,False,False,left_to_right,False,27.6,63.9,28.7,63.9,False,False,False,False
1ac42e1e-b4df-4f9b-9089-5d4ed124cc52,3890424,1977,2,00:22:05.325,67,5,30,Pass,139,872,Darmstadt 98,From Throw In,181,Schalke 04,6717.0,Johannes Geis,Right Defensive Midfield,28.7,63.9,37.5,63.6,0.710805,False,,,,,,,True,8.805112,-0.03407771,Ground Pass,,3053.0,Leroy Sané,False,False,left_to_right,False,28.7,63.9,37.5,63.6,False,False,False,False
9b432d04-6afb-4caa-a3a0-4e20cb606a39,3890424,1978,2,00:22:06.036,67,6,42,Ball Receipt*,139,872,Darmstadt 98,From Throw In,181,Schalke 04,3053.0,Leroy Sané,Right Wing,37.5,63.6,,,,False,,,,,,,False,,,,,,,False,False,left_to_right,False,37.5,63.6,,,False,False,False,False
fd2a7b5f-6f5f-4122-b97a-79da51746da1,3890424,1979,2,00:22:06.036,67,6,43,Carry,139,872,Darmstadt 98,From Throw In,181,Schalke 04,3053.0,Leroy Sané,Right Wing,37.5,63.6,39.2,63.3,0.746623,True,,,,,,,False,,,,,,,False,False,left_to_right,False,37.5,63.6,39.2,63.3,False,False,False,False
59519644-f352-435f-a851-8dae8759e38f,3890424,1980,2,00:22:06.160,67,6,17,Pressure,139,872,Darmstadt 98,From Throw In,872,Darmstadt 98,9404.0,Luca Caldirola,Left Back,80.1,15.6,,,0.621911,False,,,,,,,False,,,,,,,False,False,left_to_right,False,80.1,15.6,,,False,False,False,False
5faf29b6-327f-4575-9041-485729545b47,3890424,1981,2,00:22:06.782,67,6,14,Dribble,139,872,Darmstadt 98,From Throw In,181,Schalke 04,3053.0,Leroy Sané,Right Wing,39.2,63.3,,,0.0,True,,,,,,,False,,,,,,,False,False,left_to_right,False,39.2,63.3,,,False,False,False,False
d7bf2051-57b0-4874-88a0-d1f8908d7565,3890424,1982,2,00:22:06.782,67,6,4,Duel,139,872,Darmstadt 98,From Throw In,872,Darmstadt 98,9404.0,Luca Caldirola,Left Back,80.9,16.8,,,0.0,True,,,,,,,False,,,,,,,False,False,left_to_right,False,80.9,16.8,,,False,False,False,False
47a84837-8103-4580-a757-5afb8beaffe9,3890424,1983,2,00:22:08.057,67,8,2,Ball Recovery,139,872,Darmstadt 98,From Throw In,872,Darmstadt 98,40467.0,Peter Niemeyer,Center Defensive Midfield,74.8,22.7,,,0.0,False,,,,,,,False,,,,,,,False,False,left_to_right,False,74.8,22.7,,,False,False,False,False
ba53737f-70c5-47bc-b76e-a60e7913a645,3890424,1984,2,00:22:08.057,67,8,43,Carry,139,872,Darmstadt 98,From Throw In,872,Darmstadt 98,40467.0,Peter Niemeyer,Center Defensive Midfield,74.8,22.7,74.2,24.8,0.58978,False,,,,,,,False,,,,,,,False,False,left_to_right,False,74.8,22.7,74.2,24.8,False,False,False,False
29ce9e9b-ad8f-484d-b2c0-6e4bfdaecb9e,3890424,1985,2,00:22:08.647,67,8,30,Pass,139,872,Darmstadt 98,From Throw In,872,Darmstadt 98,40467.0,Peter Niemeyer,Center Defensive Midfield,74.2,24.8,87.3,60.6,3.648268,False,,,,,,Incomplete,False,38.121517,1.2200083,High Pass,,9401.0,Marcel Heller,False,False,left_to_right,False,74.2,24.8,87.3,60.6,False,False,True,True
d5cd670f-2498-444d-b1af-a81d9e3a2430,3890424,1986,2,00:22:12.295,67,12,42,Ball Receipt*,139,872,Darmstadt 98,From Throw In,872,Darmstadt 98,9401.0,Marcel Heller,Right Midfield,87.3,63.8,,,,False,,,,,,,False,,,,,,,False,False,left_to_right,False,87.3,63.8,,,False,False,False,False
18bd321f-2aa8-4cf4-a536-723815fb182a,3890424,1987,2,00:22:12.295,67,12,10,Interception,139,872,Darmstadt 98,From Throw In,181,Schalke 04,3510.0,Sead Kolašinac,Left Back,32.8,19.5,,,0.0,False,,,,,,,False,,,,,,,False,False,left_to_right,False,32.8,19.5,,,False,False,False,False
110ec9cf-233c-400f-9002-66b638904117,3890424,1988,2,00:22:12.295,67,12,43,Carry,139,872,Darmstadt 98,From Throw In,181,Schalke 04,3510.0,Sead Kolašinac,Left Back,32.8,19.5,37.5,15.3,1.289091,False,,,,,,,False,,,,,,,False,False,left_to_right,False,32.8,19.5,37.5,15.3,False,False,False,False
3392ecb9-4d4b-430b-a4a0-4fcd353dbd85,3890424,1989,2,00:22:13.584,67,13,30,Pass,139,872,Darmstadt 98,From Throw In,181,Schalke 04,3510.0,Sead Kolašinac,Left Back,37.5,15.3,49.8,24.5,1.315052,False,,,,,,,True,15.360013,0.64219904,Ground Pass,,3499.0,Jean-Eric Maxim Choupo-Moting,False,False,left_to_right,False,37.5,15.3,49.8,24.5,False,False,False,False
f434482b-0dd6-40a4-ab6a-4e1e561e386e,3890424,1990,2,00:22:13.770,67,13,17,Pressure,139,872,Darmstadt 98,From Throw In,872,Darmstadt 98,9401.0,Marcel Heller,Right Midfield,76.1,63.5,,,0.617288,False,,,,,,,False,,,,,,,False,False,left_to_right,False,76.1,63.5,,,False,False,False,False
15897d46-e864-443d-a4ce-1e018ed48c5d,3890424,1991,2,00:22:14.899,67,14,42,Ball Receipt*,139,872,Darmstadt 98,From Throw In,181,Schalke 04,3499.0,Jean-Eric Maxim Choupo-Moting,Left Wing,49.8,24.5,,,,False,,,,,,,False,,,,,,,False,False,left_to_right,False,49.8,24.5,,,False,False,False,False
1944c38e-5e78-4e1c-9de3-e4a5daacab07,3890424,1992,2,00:22:14.899,67,14,43,Carry,139,872,Darmstadt 98,From Throw In,181,Schalke 04,3499.0,Jean-Eric Maxim Choupo-Moting,Left Wing,49.8,24.5,55.7,25.5,0.553478,False,,,,,,,False,,,,,,,False,False,left_to_right,False,49.8,24.5,55.7,25.5,False,False,False,False
76690273-c943-4db0-bbe5-2dfd373577a8,3890424,1993,2,00:22:15.453,67,15,30,Pass,139,872,Darmstadt 98,From Throw In,181,Schalke 04,3499.0,Jean-Eric Maxim Choupo-Moting,Left Wing,55.7,25.5,71.5,14.7,1.956241,False,,,,,,Incomplete,False,19.138443,-0.59959626,Ground Pass,,3510.0,Sead Kolašinac,False,False,left_to_right,False,55.7,25.5,71.5,14.7,False,False,False,True
439faf49-6ba6-4b1c-aa1a-90862b734537,3890424,1994,2,00:22:17.409,67,17,42,Ball Receipt*,139,872,Darmstadt 98,From Throw In,181,Schalke 04,3510.0,Sead Kolašinac,Left Back,71.8,11.6,,,,False,,,,,,,False,,,,,,,False,False,left_to_right,False,71.8,11.6,,,False,False,False,False
997fe0c2-007e-4ac3-ab2d-5c5b52ae1b11,3890424,1995,2,00:22:17.409,67,17,10,Interception,139,872,Darmstadt 98,From Throw In,872,Darmstadt 98,9217.0,Aytac Sulu,Right Center Back,48.6,65.4,,,0.0,False,,,,,,,False,,,,,,,False,False,left_to_right,False,48.6,65.4,,,False,False,False,False
6353952a-9576-4ff8-9822-5a14c0de9397,3890424,1996,2,00:22:17.409,67,17,43,Carry,139,872,Darmstadt 98,From Throw In,872,Darmstadt 98,9217.0,Aytac Sulu,Right Center Back,48.6,65.4,55.4,64.0,2.619896,False,,,,,,,False,,,,,,,False,False,left_to_right,False,48.6,65.4,55.4,64.0,False,False,False,False
b87073c3-5e78-4686-8c0b-66b613b48619,3890424,1997,2,00:22:20.029,67,20,30,Pass,139,872,Darmstadt 98,From Throw In,872,Darmstadt 98,9217.0,Aytac Sulu,Right Center Back,55.4,64.0,62.6,44.3,1.984407,False,,,,,,,True,20.974508,-1.220396,Ground Pass,,13675.0,Mario Vrančić,False,False,left_to_right,False,55.4,64.0,62.6,44.3,False,False,False,False
c1742b7f-5f6a-4269-a967-2f6eba33563f,3890424,1998,2,00:22:22.013,67,22,42,Ball Receipt*,139,872,Darmstadt 98,From Throw In,872,Darmstadt 98,13675.0,Mario Vrančić,Right Center Midfield,62.6,44.3,,,,False,,,,,,,False,,,,,,,False,False,left_to_right,False,62.6,44.3,,,False,False,False,False
1a1686bf-2c52-49d5-8e7c-c4fdb0f1eb8e,3890424,1999,2,00:22:22.013,67,22,30,Pass,139,872,Darmstadt 98,From Throw In,872,Darmstadt 98,13675.0,Mario Vrančić,Right Center Midfield,62.5,45.2,55.3,51.3,1.272263,False,,,,,,,True,9.436631,2.4387136,Ground Pass,,40467.0,Peter Niemeyer,False,False,left_to_right,False,62.5,45.2,55.3,51.3,False,False,False,False
d3432fe5-ded5-4f9d-b932-91c0af46b2aa,3890424,2000,2,00:22:23.285,67,23,42,Ball Receipt*,139,872,Darmstadt 98,From Throw In,872,Darmstadt 98,40467.0,Peter Niemeyer,Center Defensive Midfield,55.3,51.3,,,,False,,,,,,,False,,,,,,,False,False,left_to_right,False,55.3,51.3,,,False,False,False,False
72a16420-3ac4-4017-b21c-c87323a2deb5,3890424,2001,2,00:22:23.285,67,23,43,Carry,139,872,Darmstadt 98,From Throw In,872,Darmstadt 98,40467.0,Peter Niemeyer,Center Defensive Midfield,55.3,51.3,58.7,41.6,1.387567,True,,,,,,,False,,,,,,,False,False,left_to_right,False,55.3,51.3,58.7,41.6,False,False,False,False
9d4f180c-3aec-4253-b020-ad62fe36d11a,3890424,2002,2,00:22:24.556,67,24,17,Pressure,139,872,Darmstadt 98,From Throw In,181,Schalke 04,6717.0,Johannes Geis,Right Defensive Midfield,60.3,37.5,,,0.40629,False,,,,,,,False,,,,,,,False,False,left_to_right,False,60.3,37.5,,,False,False,False,False
3926cf71-eba5-40cf-9d12-707b31bf3f49,3890424,2003,2,00:22:24.673,67,24,30,Pass,139,872,Darmstadt 98,From Throw In,872,Darmstadt 98,40467.0,Peter Niemeyer,Center Defensive Midfield,58.7,41.6,95.1,27.3,1.670823,True,,,,,,,True,39.108185,-0.37433362,High Pass,,9219.0,Tobias Kempe,False,False,left_to_right,False,58.7,41.6,95.1,27.3,False,True,True,False
47b89280-0a9d-467f-8c45-61005171733b,3890424,2004,2,00:22:26.344,67,26,42,Ball Receipt*,139,872,Darmstadt 98,From Throw In,872,Darmstadt 98,9219.0,Tobias Kempe,Left Midfield,95.1,27.3,,,,False,,,,,,,False,,,,,,,False,False,left_to_right,False,95.1,27.3,,,False,False,False,False
60938d86-d005-4547-aeb8-b50f6e484652,3890424,2005,2,00:22:26.344,67,26,30,Pass,139,872,Darmstadt 98,From Throw In,872,Darmstadt 98,9219.0,Tobias Kempe,Left Midfield,95.1,27.6,90.6,34.8,1.70474,False,,,,,,,True,8.490583,2.1293957,High Pass,,8388.0,Jérôme Gondorf,False,False,left_to_right,False,95.1,27.6,90.6,34.8,False,False,False,False
d39ec541-3d90-4c69-99da-8e4e38904f6f,3890424,2006,2,00:22:28.048,67,28,42,Ball Receipt*,139,872,Darmstadt 98,From Throw In,872,Darmstadt 98,8388.0,Jérôme Gondorf,Left Center Midfield,90.6,34.8,,,,False,,,,,,,False,,,,,,,False,False,left_to_right,False,90.6,34.8,,,False,False,False,False
7ca212be-f1f3-4356-8769-7c2295b2aac1,3890424,2007,2,00:22:28.048,67,28,30,Pass,139,872,Darmstadt 98,From Throw In,872,Darmstadt 98,8388.0,Jérôme Gondorf,Left Center Midfield,90.1,34.1,89.4,0.9,2.196818,False,,,,,,Out,False,33.20738,-1.5918776,High Pass,,9404.0,Luca Caldirola,False,False,left_to_right,False,90.1,34.1,89.4,0.9,False,False,False,True
97920b2a-aaf9-435e-9e58-c1d97019b80d,3890424,2008,2,00:22:30.245,67,30,42,Ball Receipt*,139,872,Darmstadt 98,From Throw In,872,Darmstadt 98,9404.0,Luca Caldirola,Left Back,91.7,2.7,,,,False,,,,,,,False,,,,,,,False,False,left_to_right,False,91.7,2.7,,,False,False,False,False
078db8a7-b493-49b7-ab71-cbc4776445ae,3890424,2009,2,00:22:40.728,67,40,30,Pass,140,181,Schalke 04,From Throw In,181,Schalke 04,3510.0,Sead Kolašinac,Left Back,35.4,80.0,37.9,64.9,1.499239,False,,,,,,,True,15.305554,-1.4067217,High Pass,Throw-in,6717.0,Johannes Geis,False,False,left_to_right,False,35.4,80.0,37.9,64.9,False,False,False,False
81933a92-f421-4d00-a522-f9e6921a7346,3890424,2010,2,00:22:42.227,67,42,42,Ball Receipt*,140,181,Schalke 04,From Throw In,181,Schalke 04,6717.0,Johannes Geis,Right Defensive Midfield,37.9,64.9,,,,False,,,,,,,False,,,,,,,False,False,left_to_right,False,37.9,64.9,,,False,False,False,False
2ca1ba87-219d-4f15-b933-bb793ace89d0,3890424,2011,2,00:22:42.288,67,42,17,Pressure,140,181,Schalke 04,From Throw In,872,Darmstadt 98,8388.0,Jérôme Gondorf,Left Center Midfield,80.1,15.1,,,0.502769,False,,,,,,,False,,,,,,,False,False,left_to_right,False,80.1,15.1,,,False,False,False,False
62292e90-ceeb-4380-8ead-06c1b7c23916,3890424,2012,2,00:22:42.632,67,42,30,Pass,140,181,Schalke 04,From Throw In,181,Schalke 04,6717.0,Johannes Geis,Right Defensive Midfield,38.2,66.3,80.3,71.7,4.63049,True,,,,,,,True,42.444904,0.12756948,High Pass,,8060.0,Klaas-Jan Huntelaar,False,False,left_to_right,False,38.2,66.3,80.3,71.7,False,True,True,False
a9f3c7f5-06df-4eb4-b98e-b0697eccb796,3890424,2013,2,00:22:46.154,67,46,17,Pressure,140,181,Schalke 04,From Throw In,872,Darmstadt 98,35033.0,Slobodan Rajković,Left Center Back,39.5,7.7,,,1.177117,False,,,,,,,False,,,,,,,False,False,left_to_right,False,39.5,7.7,,,False,False,False,False
8d4d009d-71e8-4075-b9cf-4735a3721be7,3890424,2014,2,00:22:47.262,67,47,42,Ball Receipt*,140,181,Schalke 04,From Throw In,181,Schalke 04,8060.0,Klaas-Jan Huntelaar,Center Forward,80.3,71.7,,,,True,,,,,,,False,,,,,,,False,False,left_to_right,False,80.3,71.7,,,False,False,False,False
88c49f1e-6e2e-470c-a7fc-1af1036e34eb,3890424,2015,2,00:22:47.262,67,47,43,Carry,140,181,Schalke 04,From Throw In,181,Schalke 04,8060.0,Klaas-Jan Huntelaar,Center Forward,80.3,71.7,81.7,72.8,0.109357,True,,,,,,,False,,,,,,,False,False,left_to_right,False,80.3,71.7,81.7,72.8,False,False,False,False
a531ea7a-b3e0-42f4-ba1a-1fe0ec69eb33,3890424,2016,2,00:22:47.372,67,47,3,Dispossessed,140,181,Schalke 04,From Throw In,181,Schalke 04,8060.0,Klaas-Jan Huntelaar,Center Forward,81.7,72.8,,,0.0,True,,,,,,,False,,,,,,,False,False,left_to_right,False,81.7,72.8,,,False,False,False,True
c06ead49-6ee3-4fdf-8e52-00ce68307713,3890424,2017,2,00:22:47.372,67,47,4,Duel,140,181,Schalke 04,From Throw In,872,Darmstadt 98,35033.0,Slobodan Rajković,Left Center Back,38.4,7.3,,,0.0,True,,,,,,,False,,,,,,,False,False,left_to_right,False,38.4,7.3,,,False,False,False,False
a4434a97-cd5f-4382-a695-b4a30018dcae,3890424,2018,2,00:22:47.372,67,47,43,Carry,140,181,Schalke 04,From Throw In,872,Darmstadt 98,35033.0,Slobodan Rajković,Left Center Back,38.4,7.3,31.5,7.1,1.834047,True,,,,,,,False,,,,,,,False,False,left_to_right,False,38.4,7.3,31.5,7.1,False,False,False,False
0ac8bd05-1d1e-427c-bfd2-465b07ed86ed,3890424,2019,2,00:22:48.695,67,48,17,Pressure,140,181,Schalke 04,From Throw In,181,Schalke 04,8060.0,Klaas-Jan Huntelaar,Center Forward,87.2,73.0,,,1.431839,False,,,,,,,False,,,,,,,False,False,left_to_right,False,87.2,73.0,,,False,False,False,False
9e60b6ed-bd26-4b69-b6c4-18edbfee3a98,3890424,2020,2,00:22:49.206,67,49,22,Foul Committed,140,181,Schalke 04,From Throw In,181,Schalke 04,8060.0,Klaas-Jan Huntelaar,Center Forward,88.6,73.0,,,0.0,False,,,,,,,False,,,,,,,False,False,left_to_right,False,88.6,73.0,,,False,False,False,False
ac4ae34f-d264-4e7f-baf3-05b04f3dc8bb,3890424,2021,2,00:22:49.206,67,49,21,Foul Won,140,181,Schalke 04,From Throw In,872,Darmstadt 98,35033.0,Slobodan Rajković,Left Center Back,31.5,7.1,,,0.0,True,,,,,,,False,,,,,,,False,False,left_to_right,False,31.5,7.1,,,False,False,False,False
c5eca131-b5ca-44a4-a924-e8e8c024ee53,3890424,2022,2,00:23:03.330,68,3,30,Pass,141,872,Darmstadt 98,From Free Kick,872,Darmstadt 98,35033.0,Slobodan Rajković,Left Center Back,35.9,7.1,87.5,25.2,0.798436,False,,,,,,Incomplete,False,54.682446,0.33736524,High Pass,Free Kick,9723.0,Sandro Wagner,False,False,left_to_right,False,35.9,7.1,87.5,25.2,False,True,True,True
c24cd793-dd5e-4f86-841a-001d8aea3caa,3890424,2023,2,00:23:04.128,68,4,42,Ball Receipt*,141,872,Darmstadt 98,From Free Kick,872,Darmstadt 98,9723.0,Sandro Wagner,Center Forward,86.4,25.2,,,,False,,,,,,,False,,,,,,,False,False,left_to_right,False,86.4,25.2,,,False,False,False,False
8fa04370-575d-4e28-8507-168b6f56428a,3890424,2024,2,00:23:04.128,68,4,4,Duel,141,872,Darmstadt 98,From Free Kick,872,Darmstadt 98,9723.0,Sandro Wagner,Center Forward,87.5,25.2,,,0.0,True,,,,,,,False,,,,,,,False,False,left_to_right,False,87.5,25.2,,,False,False,False,False
17810a65-1017-406c-b6c5-7dfb839d8c9e,3890424,2025,2,00:23:04.128,68,4,9,Clearance,141,872,Darmstadt 98,From Free Kick,181,Schalke 04,6324.0,Leon Goretzka,Left Defensive Midfield,32.6,54.9,,,0.0,True,,,,,,,False,,,,,,,False,False,left_to_right,False,32.6,54.9,,,False,False,False,False
4de35b8e-e959-4a52-9077-77e3d2ab3633,3890424,2026,2,00:23:05.219,68,5,30,Pass,141,872,Darmstadt 98,From Free Kick,872,Darmstadt 98,40467.0,Peter Niemeyer,Center Defensive Midfield,71.9,27.9,80.3,36.6,1.609135,False,,,,,,Incomplete,False,12.093387,0.80294025,Low Pass,Recovery,13675.0,Mario Vrančić,False,False,left_to_right,False,71.9,27.9,80.3,36.6,False,False,True,True
e2c66271-e042-4c02-aa68-118b76edf878,3890424,2027,2,00:23:06.674,68,6,17,Pressure,141,872,Darmstadt 98,From Free Kick,872,Darmstadt 98,13675.0,Mario Vrančić,Right Center Midfield,81.9,36.0,,,0.586715,False,,,,,,,False,,,,,,,False,False,left_to_right,False,81.9,36.0,,,False,False,False,False
c49ab0a7-23e8-45dc-9fee-b355fe7b3aaa,3890424,2028,2,00:23:06.829,68,6,42,Ball Receipt*,141,872,Darmstadt 98,From Free Kick,872,Darmstadt 98,13675.0,Mario Vrančić,Right Center Midfield,81.9,37.4,,,,False,,,,,,,False,,,,,,,False,False,left_to_right,False,81.9,37.4,,,False,False,False,False
626a3cbf-f39c-44ba-91fe-4d48f6903d08,3890424,2029,2,00:23:06.829,68,6,10,Interception,141,872,Darmstadt 98,From Free Kick,181,Schalke 04,3499.0,Jean-Eric Maxim Choupo-Moting,Left Wing,39.8,43.5,,,0.0,True,,,,,,,False,,,,,,,False,False,left_to_right,False,39.8,43.5,,,False,False,False,False
054bf191-9f0e-41ce-8e19-08ec0187be1a,3890424,2030,2,00:23:06.829,68,6,43,Carry,141,872,Darmstadt 98,From Free Kick,181,Schalke 04,3499.0,Jean-Eric Maxim Choupo-Moting,Left Wing,39.8,43.5,37.6,47.0,0.454805,True,,,,,,,False,,,,,,,False,False,left_to_right,False,39.8,43.5,37.6,47.0,False,False,False,False
44b94d65-d704-4cb5-9f2b-7dda53f82a9c,3890424,2031,2,00:23:07.283,68,7,3,Dispossessed,141,872,Darmstadt 98,From Free Kick,181,Schalke 04,3499.0,Jean-Eric Maxim Choupo-Moting,Left Wing,37.6,47.0,,,0.0,True,,,,,,,False,,,,,,,False,False,left_to_right,False,37.6,47.0,,,False,False,False,True
372f1525-82ae-48ac-8ea1-9b0bd0ba8f2e,3890424,2032,2,00:23:07.283,68,7,4,Duel,141,872,Darmstadt 98,From Free Kick,872,Darmstadt 98,13675.0,Mario Vrančić,Right Center Midfield,82.5,33.1,,,0.0,True,,,,,,,False,,,,,,,False,False,left_to_right,False,82.5,33.1,,,False,False,False,False
13d91737-bcd2-4d33-99ad-f67106f3d966,3890424,2033,2,00:23:08.309,68,8,17,Pressure,141,872,Darmstadt 98,From Free Kick,181,Schalke 04,3502.0,Joël Andre Job Matip,Right Center Back,24.3,50.0,,,0.716233,False,,,,,,,False,,,,,,,False,False,left_to_right,False,24.3,50.0,,,False,False,False,False
e4bc9c7e-add3-41ea-9142-05a7768e7e6a,3890424,2034,2,00:23:08.442,68,8,2,Ball Recovery,141,872,Darmstadt 98,From Free Kick,872,Darmstadt 98,9723.0,Sandro Wagner,Center Forward,93.3,29.3,,,0.0,True,,,,,,,False,,,,,,,False,False,left_to_right,False,93.3,29.3,,,False,False,False,False
044d3166-b9b1-48c9-b445-a55cfedae168,3890424,2035,2,00:23:08.442,68,8,43,Carry,141,872,Darmstadt 98,From Free Kick,872,Darmstadt 98,9723.0,Sandro Wagner,Center Forward,93.3,29.3,92.6,27.3,0.396029,True,,,,,,,False,,,,,,,False,False,left_to_right,False,93.3,29.3,92.6,27.3,False,False,False,False
dd307dee-686d-4f9e-90f3-09b20c6b08cf,3890424,2036,2,00:23:08.838,68,8,30,Pass,141,872,Darmstadt 98,From Free Kick,872,Darmstadt 98,9723.0,Sandro Wagner,Center Forward,92.6,27.3,94.5,21.6,0.485956,True,,,,,,,True,6.0083275,-1.2490457,Ground Pass,,9219.0,Tobias Kempe,False,False,left_to_right,False,92.6,27.3,94.5,21.6,False,False,False,False
10f08f07-3f88-4c57-a066-aa8e2dffee43,3890424,2037,2,00:23:09.324,68,9,42,Ball Receipt*,141,872,Darmstadt 98,From Free Kick,872,Darmstadt 98,9219.0,Tobias Kempe,Left Midfield,94.5,21.6,,,,False,,,,,,,False,,,,,,,False,False,left_to_right,False,94.5,21.6,,,False,False,False,False
53b5ef34-f50c-42c1-b78d-704bdacb602b,3890424,2038,2,00:23:09.324,68,9,30,Pass,141,872,Darmstadt 98,From Free Kick,872,Darmstadt 98,9219.0,Tobias Kempe,Left Midfield,94.5,21.0,111.4,43.2,3.216087,False,,,,,,Incomplete,False,27.900717,0.92012686,Ground Pass,,8388.0,Jérôme Gondorf,False,False,left_to_right,False,94.5,21.0,111.4,43.2,False,True,False,True
22166e26-acd9-4d84-8afd-5a6833bce40c,3890424,2039,2,00:23:12.540,68,12,42,Ball Receipt*,141,872,Darmstadt 98,From Free Kick,872,Darmstadt 98,8388.0,Jérôme Gondorf,Left Center Midfield,105.0,36.5,,,,False,,,,,,,False,,,,,,,False,False,left_to_right,False,105.0,36.5,,,False,False,False,False
e4d7b300-e716-41bf-b41d-5c7cc7a17eb6,3890424,2040,2,00:23:12.540,68,12,2,Ball Recovery,141,872,Darmstadt 98,From Free Kick,181,Schalke 04,8517.0,Ralf Fährmann,Goalkeeper,8.7,36.9,,,0.0,False,,,,,,,False,,,,,,,False,False,left_to_right,False,8.7,36.9,,,False,False,False,False
1a7e519b-37b5-482c-8885-f6c96c91ce61,3890424,2041,2,00:23:12.540,68,12,43,Carry,141,872,Darmstadt 98,From Free Kick,181,Schalke 04,8517.0,Ralf Fährmann,Goalkeeper,8.7,36.9,13.9,39.2,13.890969,True,,,,,,,False,,,,,,,False,False,left_to_right,False,8.7,36.9,13.9,39.2,False,False,False,False
4be5e295-9993-4e19-9e65-893c90e1616b,3890424,2042,2,00:23:14.586,68,14,17,Pressure,141,872,Darmstadt 98,From Free Kick,872,Darmstadt 98,9723.0,Sandro Wagner,Center Forward,109.5,43.7,,,0.250725,False,,,,,,,False,,,,,,,False,False,left_to_right,False,109.5,43.7,,,False,False,False,False
3981b31d-a082-4cd8-a724-5c84b7f36ca6,3890424,2043,2,00:23:26.431,68,26,30,Pass,141,872,Darmstadt 98,From Free Kick,181,Schalke 04,8517.0,Ralf Fährmann,Goalkeeper,13.9,39.2,54.3,56.7,3.679913,False,,,,,,Incomplete,False,44.027378,0.4087689,High Pass,,3053.0,Leroy Sané,False,False,left_to_right,False,13.9,39.2,54.3,56.7,False,True,False,True
4b0e79ad-4099-4c64-be14-a5b9b3b78fd0,3890424,2044,2,00:23:30.111,68,30,42,Ball Receipt*,141,872,Darmstadt 98,From Free Kick,181,Schalke 04,3053.0,Leroy Sané,Right Wing,53.6,58.1,,,,False,,,,,,,False,,,,,,,False,False,left_to_right,False,53.6,58.1,,,False,False,False,False
960e39ac-cfc5-40f9-a2ae-f1b77f507bcd,3890424,2045,2,00:23:30.111,68,30,2,Ball Recovery,141,872,Darmstadt 98,From Free Kick,872,Darmstadt 98,9219.0,Tobias Kempe,Left Midfield,65.8,23.4,,,0.0,False,,,,,,,False,,,,,,,False,False,left_to_right,False,65.8,23.4,,,False,False,False,False
016407b0-d4e2-4d50-9a8d-9f9aada05629,3890424,2046,2,00:23:30.111,68,30,43,Carry,141,872,Darmstadt 98,From Free Kick,872,Darmstadt 98,9219.0,Tobias Kempe,Left Midfield,65.8,23.4,68.4,23.5,1.073529,False,,,,,,,False,,,,,,,False,False,left_to_right,False,65.8,23.4,68.4,23.5,False,False,False,False
de1e3ac3-6447-43a4-9017-995d06fe3496,3890424,2047,2,00:23:31.185,68,31,30,Pass,141,872,Darmstadt 98,From Free Kick,872,Darmstadt 98,9219.0,Tobias Kempe,Left Midfield,68.4,23.5,66.4,28.5,0.99921,False,,,,,,,True,5.3851647,1.9513026,Ground Pass,,13675.0,Mario Vrančić,False,False,left_to_right,False,68.4,23.5,66.4,28.5,False,False,False,False
cec13228-37d6-40bb-b9e1-0a66404a5242,3890424,2048,2,00:23:32.184,68,32,42,Ball Receipt*,141,872,Darmstadt 98,From Free Kick,872,Darmstadt 98,13675.0,Mario Vrančić,Right Center Midfield,66.4,28.5,,,,False,,,,,,,False,,,,,,,False,False,left_to_right,False,66.4,28.5,,,False,False,False,False
f9f57f3a-09ab-46c5-8f69-a57c8c3d0df5,3890424,2049,2,00:23:32.184,68,32,30,Pass,141,872,Darmstadt 98,From Free Kick,872,Darmstadt 98,13675.0,Mario Vrančić,Right Center Midfield,66.4,27.4,120.0,8.1,5.954371,False,,,,,,Out,False,56.968853,-0.34562165,High Pass,,8388.0,Jérôme Gondorf,False,False,left_to_right,False,66.4,27.4,120.0,8.1,False,True,True,True
d13ebeb3-d68f-4cec-9511-470eff4736bc,3890424,2050,2,00:23:37.138,68,37,28,Shield,141,872,Darmstadt 98,From Free Kick,181,Schalke 04,3502.0,Joël Andre Job Matip,Right Center Back,2.3,70.8,,,0.0,False,,,,,,,False,,,,,,,False,False,left_to_right,False,2.3,70.8,,,False,False,False,False
cb3fd0cb-0277-42b2-be68-1286e7f67944,3890424,2051,2,00:23:38.138,68,38,42,Ball Receipt*,141,872,Darmstadt 98,From Free Kick,872,Darmstadt 98,8388.0,Jérôme Gondorf,Left Center Midfield,116.9,8.4,,,,False,,,,,,,False,,,,,,,False,False,left_to_right,False,116.9,8.4,,,False,False,False,False
21e58778-da64-41ac-97db-073885884c16,3890424,2052,2,00:24:03.572,69,3,30,Pass,142,181,Schalke 04,From Goal Kick,181,Schalke 04,8517.0,Ralf Fährmann,Goalkeeper,6.0,44.0,67.0,48.6,3.578556,False,,,,,,Unknown,False,61.173195,0.07526738,High Pass,Goal Kick,8060.0,Klaas-Jan Huntelaar,False,False,left_to_right,False,6.0,44.0,67.0,48.6,False,True,False,True
58f10f68-0dab-495a-8761-688defb56770,3890424,2053,2,00:24:07.084,69,7,42,Ball Receipt*,142,181,Schalke 04,From Goal Kick,181,Schalke 04,8060.0,Klaas-Jan Huntelaar,Center Forward,68.6,48.6,,,,False,,,,,,,False,,,,,,,False,False,left_to_right,False,68.6,48.6,,,False,False,False,False
bd78d96c-1f08-4485-b4a4-9d4f2eec2cff,3890424,2054,2,00:24:07.084,69,7,22,Foul Committed,142,181,Schalke 04,From Goal Kick,181,Schalke 04,8060.0,Klaas-Jan Huntelaar,Center Forward,67.6,48.8,,,0.0,False,,,,,,,False,,,,,,,False,False,left_to_right,False,67.6,48.8,,,False,False,False,False
4cf2838c-6a23-49f3-9fe1-072fd9db09fd,3890424,2055,2,00:24:07.084,69,7,21,Foul Won,142,181,Schalke 04,From Goal Kick,872,Darmstadt 98,40467.0,Peter Niemeyer,Center Defensive Midfield,52.5,31.3,,,0.0,True,,,,,,,False,,,,,,,False,False,left_to_right,False,52.5,31.3,,,False,False,False,False
04dbc188-7729-44d8-b5c8-5c46b8f0064b,3890424,2056,2,00:24:29.910,69,29,30,Pass,143,872,Darmstadt 98,From Free Kick,872,Darmstadt 98,9217.0,Aytac Sulu,Right Center Back,55.3,29.5,102.9,52.1,2.377149,False,,,,,,Incomplete,False,52.692696,0.4432769,High Pass,Free Kick,13675.0,Mario Vrančić,False,False,left_to_right,False,55.3,29.5,102.9,52.1,False,True,True,True
090119fa-56c8-4892-be14-02fd232693fa,3890424,2057,2,00:24:32.287,69,32,42,Ball Receipt*,143,872,Darmstadt 98,From Free Kick,872,Darmstadt 98,13675.0,Mario Vrančić,Right Center Midfield,101.2,51.5,,,,False,,,,,,,False,,,,,,,False,False,left_to_right,False,101.2,51.5,,,False,False,False,False
1e162153-396f-4108-81c3-a8495dc695f8,3890424,2058,2,00:24:32.287,69,32,4,Duel,143,872,Darmstadt 98,From Free Kick,872,Darmstadt 98,13675.0,Mario Vrančić,Right Center Midfield,102.9,52.1,,,0.0,True,,,,,,,False,,,,,,,False,False,left_to_right,False,102.9,52.1,,,False,False,False,False
978bd45b-7e7e-4973-9d3a-f8d83e94f8a8,3890424,2059,2,00:24:32.287,69,32,9,Clearance,143,872,Darmstadt 98,From Free Kick,181,Schalke 04,3510.0,Sead Kolašinac,Left Back,17.2,28.0,,,0.0,True,,,,,,,False,,,,,,,False,False,left_to_right,False,17.2,28.0,,,False,False,False,False
7703ffef-2e7d-4ba5-b83a-dd2705b354ce,3890424,2060,2,00:24:36.768,69,36,2,Ball Recovery,144,181,Schalke 04,Regular Play,181,Schalke 04,3499.0,Jean-Eric Maxim Choupo-Moting,Left Wing,29.3,6.3,,,0.0,False,,,,,,,False,,,,,,,False,False,left_to_right,False,29.3,6.3,,,False,False,False,False
3415aca1-a448-4972-9444-191b793245ef,3890424,2061,2,00:24:36.768,69,36,43,Carry,144,181,Schalke 04,Regular Play,181,Schalke 04,3499.0,Jean-Eric Maxim Choupo-Moting,Left Wing,29.3,6.3,30.1,5.8,0.502141,False,,,,,,,False,,,,,,,False,False,left_to_right,False,29.3,6.3,30.1,5.8,False,False,False,False
6b5e9a55-3603-49eb-a2d3-65a5d9d8fcf1,3890424,2062,2,00:24:37.270,69,37,30,Pass,144,181,Schalke 04,Regular Play,181,Schalke 04,3499.0,Jean-Eric Maxim Choupo-Moting,Left Wing,30.1,5.8,42.2,0.1,1.129026,False,,,,,,Out,False,13.37535,-0.4402405,Ground Pass,,8508.0,Max Meyer,False,False,left_to_right,False,30.1,5.8,42.2,0.1,False,False,False,True
d62392b7-a221-4955-bde5-4dfe1d707dc0,3890424,2063,2,00:24:37.531,69,37,42,Ball Receipt*,144,181,Schalke 04,Regular Play,181,Schalke 04,8508.0,Max Meyer,Center Attacking Midfield,42.2,1.9,,,,False,,,,,,,False,,,,,,,False,False,left_to_right,False,42.2,1.9,,,False,False,False,False
bf67a420-c01d-4372-8d0d-49b329d5169f,3890424,2064,2,00:24:37.531,69,37,6,Block,144,181,Schalke 04,Regular Play,872,Darmstadt 98,40467.0,Peter Niemeyer,Center Defensive Midfield,86.1,76.3,,,0.0,False,,,,,,,False,,,,,,,False,False,left_to_right,False,86.1,76.3,,,False,False,False,False
f3617199-1ba0-40db-a344-f624126572bd,3890424,2065,2,00:24:52.607,69,52,30,Pass,145,181,Schalke 04,From Throw In,181,Schalke 04,3510.0,Sead Kolašinac,Left Back,47.2,0.1,67.3,6.1,1.444752,False,,,,,,,True,20.976416,0.29008693,High Pass,Throw-in,8060.0,Klaas-Jan Huntelaar,False,False,left_to_right,False,47.2,0.1,67.3,6.1,False,False,False,False
964f815a-d838-46bb-93bf-e33227623fae,3890424,2066,2,00:24:53.604,69,53,17,Pressure,145,181,Schalke 04,From Throw In,872,Darmstadt 98,9217.0,Aytac Sulu,Right Center Back,52.5,74.0,,,0.489119,False,,,,,,,False,,,,,,,False,False,left_to_right,False,52.5,74.0,,,False,False,False,False
77e94acc-9888-4013-8c48-003f1821255f,3890424,2067,2,00:24:54.052,69,54,42,Ball Receipt*,145,181,Schalke 04,From Throw In,181,Schalke 04,8060.0,Klaas-Jan Huntelaar,Center Forward,67.3,6.1,,,,True,,,,,,,False,,,,,,,False,False,left_to_right,False,67.3,6.1,,,False,False,False,False
e0008b35-73c8-4a73-83ff-27241a46a710,3890424,2068,2,00:24:54.052,69,54,30,Pass,145,181,Schalke 04,From Throw In,181,Schalke 04,8060.0,Klaas-Jan Huntelaar,Center Forward,67.6,5.6,60.4,13.3,0.890633,True,,,,,,,True,10.5418215,2.32265,Low Pass,,3499.0,Jean-Eric Maxim Choupo-Moting,False,False,left_to_right,False,67.6,5.6,60.4,13.3,False,False,False,False
0c00cce3-c26b-4c62-ac15-1117f61610fe,3890424,2069,2,00:24:54.943,69,54,42,Ball Receipt*,145,181,Schalke 04,From Throw In,181,Schalke 04,3499.0,Jean-Eric Maxim Choupo-Moting,Left Wing,60.4,13.3,,,,False,,,,,,,False,,,,,,,False,False,left_to_right,False,60.4,13.3,,,False,False,False,False
fb438102-f53a-428f-8110-df2d638e8390,3890424,2070,2,00:24:54.943,69,54,43,Carry,145,181,Schalke 04,From Throw In,181,Schalke 04,3499.0,Jean-Eric Maxim Choupo-Moting,Left Wing,60.4,13.3,63.6,21.1,1.977444,True,,,,,,,False,,,,,,,False,False,left_to_right,False,60.4,13.3,63.6,21.1,False,False,False,False
06a23a7b-a5fb-4aef-b683-047abf39a393,3890424,2071,2,00:24:55.180,69,55,17,Pressure,145,181,Schalke 04,From Throw In,872,Darmstadt 98,40467.0,Peter Niemeyer,Center Defensive Midfield,56.4,64.8,,,1.098554,False,,,,,,,False,,,,,,,False,False,left_to_right,False,56.4,64.8,,,False,False,False,False
1411996f-8597-438c-905e-95edc935f647,3890424,2072,2,00:24:56.920,69,56,30,Pass,145,181,Schalke 04,From Throw In,181,Schalke 04,3499.0,Jean-Eric Maxim Choupo-Moting,Left Wing,63.6,21.1,68.9,24.4,0.450045,False,,,,,,Incomplete,False,6.2433963,0.5569015,Ground Pass,,3053.0,Leroy Sané,False,False,left_to_right,False,63.6,21.1,68.9,24.4,False,False,False,True
cf9a70db-c248-4e8f-97ad-e8ae277741eb,3890424,2073,2,00:24:57.370,69,57,42,Ball Receipt*,145,181,Schalke 04,From Throw In,181,Schalke 04,3053.0,Leroy Sané,Right Wing,76.4,24.7,,,,False,,,,,,,False,,,,,,,False,False,left_to_right,False,76.4,24.7,,,False,False,False,False
0e8aa55e-a74c-4cc0-bc20-fc3b84bb8783,3890424,2074,2,00:24:57.370,69,57,6,Block,145,181,Schalke 04,From Throw In,872,Darmstadt 98,13675.0,Mario Vrančić,Right Center Midfield,51.2,55.7,,,0.0,False,,,,,,,False,,,,,,,False,False,left_to_right,False,51.2,55.7,,,False,False,False,False
ede86d96-376c-47ab-bb0f-13a5e06fb297,3890424,2075,2,00:24:58.151,69,58,2,Ball Recovery,145,181,Schalke 04,From Throw In,181,Schalke 04,8508.0,Max Meyer,Center Attacking Midfield,71.5,32.4,,,0.0,False,,,,,,,False,,,,,,,False,False,left_to_right,False,71.5,32.4,,,False,False,False,False
63fe434b-6529-4a68-8033-ca751f3652b5,3890424,2076,2,00:24:58.151,69,58,43,Carry,145,181,Schalke 04,From Throw In,181,Schalke 04,8508.0,Max Meyer,Center Attacking Midfield,71.5,32.4,85.9,42.8,4.000529,False,,,,,,,False,,,,,,,False,False,left_to_right,False,71.5,32.4,85.9,42.8,True,False,False,False
76f514d0-4d1d-4817-b9a7-3fa1fe869f80,3890424,2077,2,00:25:02.151,70,2,30,Pass,145,181,Schalke 04,From Throw In,181,Schalke 04,8508.0,Max Meyer,Center Attacking Midfield,85.9,42.8,93.4,39.1,0.799745,False,,,,,,,True,8.363014,-0.45830005,Ground Pass,,3053.0,Leroy Sané,False,False,left_to_right,False,85.9,42.8,93.4,39.1,False,False,False,False
9fc7526f-0f8e-4d9a-9732-ca09d2bb0ae9,3890424,2078,2,00:25:02.797,70,2,17,Pressure,145,181,Schalke 04,From Throw In,872,Darmstadt 98,9404.0,Luca Caldirola,Left Back,24.7,40.6,,,0.412957,False,,,,,,,False,,,,,,,False,False,left_to_right,False,24.7,40.6,,,False,False,False,False
ab829b08-8837-4480-9253-e7c95d8f43ae,3890424,2079,2,00:25:02.951,70,2,42,Ball Receipt*,145,181,Schalke 04,From Throw In,181,Schalke 04,3053.0,Leroy Sané,Right Wing,93.4,39.1,,,,True,,,,,,,False,,,,,,,False,False,left_to_right,False,93.4,39.1,,,False,False,False,False
02adad3b-cc12-425f-8dee-dc18057c703e,3890424,2080,2,00:25:02.951,70,2,30,Pass,145,181,Schalke 04,From Throw In,181,Schalke 04,3053.0,Leroy Sané,Right Wing,93.7,39.1,99.3,46.9,1.336962,True,,,,,,,True,9.602083,0.94812554,Ground Pass,,8508.0,Max Meyer,True,False,left_to_right,False,93.7,39.1,99.3,46.9,False,False,False,False
c6ececac-4cf6-4cc3-a6fa-7ae0af1dfea3,3890424,2081,2,00:25:04.288,70,4,42,Ball Receipt*,145,181,Schalke 04,From Throw In,181,Schalke 04,8508.0,Max Meyer,Center Attacking Midfield,99.3,46.9,,,,False,,,,,,,False,,,,,,,False,False,left_to_right,False,99.3,46.9,,,False,False,False,False
c26e7207-64fb-45b3-8784-f2223da7e523,3890424,2082,2,00:25:04.288,70,4,43,Carry,145,181,Schalke 04,From Throw In,181,Schalke 04,8508.0,Max Meyer,Center Attacking Midfield,99.3,46.9,103.0,52.3,0.549226,False,,,,,,,False,,,,,,,False,False,left_to_right,False,99.3,46.9,103.0,52.3,False,False,False,False
02e68a62-6589-4757-9583-2b87f11ae449,3890424,2083,2,00:25:04.837,70,4,16,Shot,145,181,Schalke 04,From Throw In,181,Schalke 04,8508.0,Max Meyer,Center Attacking Midfield,103.0,52.3,115.7,40.5,1.043452,False,0.088602304,Saved,Right Foot,Normal,Open Play,,False,,,,,,,False,False,left_to_right,False,103.0,52.3,115.7,40.5,False,False,False,False
ddafc04b-3b30-43c2-8aaf-d18b829c0c66,3890424,2084,2,00:25:05.881,70,5,23,Goal Keeper,146,872,Darmstadt 98,Regular Play,872,Darmstadt 98,8306.0,Christian Mathenia,Goalkeeper,4.0,36.8,,,0.0,False,,,,,,,False,,,,,,,False,False,left_to_right,False,4.0,36.8,,,False,False,False,False
5c3f5139-181a-4b29-afcf-ccd18a017809,3890424,2085,2,00:25:19.038,70,19,30,Pass,147,872,Darmstadt 98,From Keeper,872,Darmstadt 98,8306.0,Christian Mathenia,Goalkeeper,13.7,39.1,98.6,69.0,4.478872,False,,,,,,Incomplete,False,90.01122,0.33861473,High Pass,,9401.0,Marcel Heller,False,False,left_to_right,False,13.7,39.1,98.6,69.0,False,True,True,True
5e8e995b-b4bd-4e90-93da-9ea309366c8e,3890424,2086,2,00:25:23.517,70,23,42,Ball Receipt*,147,872,Darmstadt 98,From Keeper,872,Darmstadt 98,9401.0,Marcel Heller,Right Midfield,97.2,68.5,,,,False,,,,,,,False,,,,,,,False,False,left_to_right,False,97.2,68.5,,,False,False,False,False
147de9eb-efa5-44e8-bea4-b77e57f4cda0,3890424,2087,2,00:25:23.517,70,23,4,Duel,147,872,Darmstadt 98,From Keeper,872,Darmstadt 98,9401.0,Marcel Heller,Right Midfield,98.6,69.0,,,0.0,True,,,,,,,False,,,,,,,False,False,left_to_right,False,98.6,69.0,,,False,False,False,False
2610f782-00e8-4e55-9bbb-5d5c62212e74,3890424,2088,2,00:25:23.517,70,23,9,Clearance,147,872,Darmstadt 98,From Keeper,181,Schalke 04,16534.0,Roman Neustädter,Left Center Back,21.5,11.1,,,0.0,True,,,,,,,False,,,,,,,False,False,left_to_right,False,21.5,11.1,,,False,False,False,False
1dacf7f5-508e-49fa-bf1a-2cc6bd04b81d,3890424,2089,2,00:25:29.732,70,29,30,Pass,148,872,Darmstadt 98,From Throw In,872,Darmstadt 98,9401.0,Marcel Heller,Right Midfield,98.3,80.0,100.3,69.0,1.128893,False,,,,,,,True,11.18034,-1.3909428,High Pass,Throw-in,13675.0,Mario Vrančić,False,False,left_to_right,False,98.3,80.0,100.3,69.0,False,False,False,False
66e69482-ffff-4fac-a63a-8a980e739bb3,3890424,2090,2,00:25:30.861,70,30,42,Ball Receipt*,148,872,Darmstadt 98,From Throw In,872,Darmstadt 98,13675.0,Mario Vrančić,Right Center Midfield,100.3,69.0,,,,False,,,,,,,False,,,,,,,False,False,left_to_right,False,100.3,69.0,,,False,False,False,False
70be9027-ffbc-4d14-9989-2d689b0d3ca1,3890424,2091,2,00:25:30.861,70,30,30,Pass,148,872,Darmstadt 98,From Throw In,872,Darmstadt 98,13675.0,Mario Vrančić,Right Center Midfield,100.4,69.1,97.9,77.1,0.622715,False,,,,,,,True,8.381527,1.8736812,Ground Pass,,9401.0,Marcel Heller,False,False,left_to_right,False,100.4,69.1,97.9,77.1,False,False,False,False
2a75677b-0bdb-48f1-acea-5f869aba0369,3890424,2092,2,00:25:31.483,70,31,42,Ball Receipt*,148,872,Darmstadt 98,From Throw In,872,Darmstadt 98,9401.0,Marcel Heller,Right Midfield,97.9,77.1,,,,False,,,,,,,False,,,,,,,False,False,left_to_right,False,97.9,77.1,,,False,False,False,False
57361ca8-928a-4344-ae9c-e45494cc3c63,3890424,2093,2,00:25:31.483,70,31,30,Pass,148,872,Darmstadt 98,From Throw In,872,Darmstadt 98,9401.0,Marcel Heller,Right Midfield,97.8,76.5,84.5,75.1,1.815519,False,,,,,,,True,13.373481,-3.0367157,Ground Pass,,20522.0,György Garics,False,False,left_to_right,False,97.8,76.5,84.5,75.1,False,False,False,False
aaac14b9-a6b9-46b1-807d-4758d24c5365,3890424,2094,2,00:25:33.299,70,33,42,Ball Receipt*,148,872,Darmstadt 98,From Throw In,872,Darmstadt 98,20522.0,György Garics,Right Back,84.5,75.1,,,,False,,,,,,,False,,,,,,,False,False,left_to_right,False,84.5,75.1,,,False,False,False,False
5ff9359a-7377-4acc-baa9-29dc0f2bd108,3890424,2095,2,00:25:33.299,70,33,30,Pass,148,872,Darmstadt 98,From Throw In,872,Darmstadt 98,20522.0,György Garics,Right Back,84.5,74.3,114.5,41.8,2.630651,False,,,,,,Incomplete,False,44.229515,-0.82537687,High Pass,,9219.0,Tobias Kempe,False,False,left_to_right,False,84.5,74.3,114.5,41.8,False,True,False,True
161cd3e7-a957-4cd4-942b-48b4c27fb1f4,3890424,2096,2,00:25:35.930,70,35,42,Ball Receipt*,148,872,Darmstadt 98,From Throw In,872,Darmstadt 98,9219.0,Tobias Kempe,Left Midfield,110.8,37.7,,,,False,,,,,,,False,,,,,,,False,False,left_to_right,False,110.8,37.7,,,False,False,False,False
88c361c3-62da-47ee-abfd-c0808edcbcf4,3890424,2097,2,00:25:35.930,70,35,2,Ball Recovery,148,872,Darmstadt 98,From Throw In,181,Schalke 04,8517.0,Ralf Fährmann,Goalkeeper,5.6,38.3,,,0.0,False,,,,,,,False,,,,,,,False,False,left_to_right,False,5.6,38.3,,,False,False,False,False
ea5e4723-f6b7-41d8-9b32-7d25636cb493,3890424,2098,2,00:25:35.930,70,35,43,Carry,148,872,Darmstadt 98,From Throw In,181,Schalke 04,8517.0,Ralf Fährmann,Goalkeeper,5.6,38.3,14.3,46.0,12.997828,False,,,,,,,False,,,,,,,False,False,left_to_right,False,5.6,38.3,14.3,46.0,False,False,False,False
9035d1d8-1300-415a-b20b-25a367be3219,3890424,2099,2,00:25:37.531,70,37,36,Tactical Shift,148,872,Darmstadt 98,From Throw In,872,Darmstadt 98,,,,,,,,0.0,False,,,,,,,False,,,,,,,False,False,left_to_right,False,,,,,False,False,False,False
8af68e33-b038-48f6-a1a4-560b2a60575d,3890424,2100,2,00:25:48.927,70,48,30,Pass,148,872,Darmstadt 98,From Throw In,181,Schalke 04,8517.0,Ralf Fährmann,Goalkeeper,14.3,46.0,52.5,54.9,3.085988,False,,,,,,,True,39.22308,0.2289009,High Pass,,3053.0,Leroy Sané,False,False,left_to_right,False,14.3,46.0,52.5,54.9,False,True,False,False
ca9cd369-78c3-42a6-8aeb-e43921275180,3890424,2101,2,00:25:52.013,70,52,42,Ball Receipt*,148,872,Darmstadt 98,From Throw In,181,Schalke 04,3053.0,Leroy Sané,Right Wing,52.5,54.9,,,,False,,,,,,,False,,,,,,,False,False,left_to_right,False,52.5,54.9,,,False,False,False,False
7c17e416-33e9-466f-99d4-94714c59ccac,3890424,2102,2,00:25:52.013,70,52,43,Carry,148,872,Darmstadt 98,From Throw In,181,Schalke 04,3053.0,Leroy Sané,Right Wing,52.5,54.9,52.5,54.9,0.04,False,,,,,,,False,,,,,,,False,False,left_to_right,False,52.5,54.9,52.5,54.9,False,False,False,False
8f502395-0372-44d4-92e1-5ab9050fc4c2,3890424,2103,2,00:25:52.053,70,52,38,Miscontrol,148,872,Darmstadt 98,From Throw In,181,Schalke 04,3053.0,Leroy Sané,Right Wing,52.5,54.9,,,0.0,False,,,,,,,False,,,,,,,False,False,left_to_right,False,52.5,54.9,,,False,False,False,True
7cfaf282-59c3-4266-bad5-e3bc8ac78b40,3890424,2104,2,00:25:53.474,70,53,17,Pressure,148,872,Darmstadt 98,From Throw In,181,Schalke 04,3053.0,Leroy Sané,Right Wing,65.9,53.1,,,2.478813,False,,,,,,,False,,,,,,,False,False,left_to_right,False,65.9,53.1,,,False,False,False,False
aa4db8da-b59f-45ca-8468-bcb2a8392028,3890424,2105,2,00:25:54.486,70,54,2,Ball Recovery,148,872,Darmstadt 98,From Throw In,872,Darmstadt 98,8388.0,Jérôme Gondorf,Left Defensive Midfield,51.9,26.8,,,0.0,True,,,,,,,False,,,,,,,False,False,left_to_right,False,51.9,26.8,,,False,False,False,False
7036589e-e1cc-4f9a-baa7-501fe77f582a,3890424,2106,2,00:25:54.486,70,54,43,Carry,148,872,Darmstadt 98,From Throw In,872,Darmstadt 98,8388.0,Jérôme Gondorf,Left Defensive Midfield,51.9,26.8,55.1,23.5,1.118619,True,,,,,,,False,,,,,,,False,False,left_to_right,False,51.9,26.8,55.1,23.5,False,False,False,False
3f535b95-c8e8-4040-87d6-aa3f755b4283,3890424,2107,2,00:25:55.605,70,55,22,Foul Committed,148,872,Darmstadt 98,From Throw In,181,Schalke 04,3053.0,Leroy Sané,Right Wing,65.0,56.6,,,0.0,False,,,,,,,False,,,,,,,False,False,left_to_right,False,65.0,56.6,,,False,False,False,False
1008adb1-efae-4a5c-a382-66c470b9a7f8,3890424,2108,2,00:25:55.605,70,55,21,Foul Won,148,872,Darmstadt 98,From Throw In,872,Darmstadt 98,8388.0,Jérôme Gondorf,Left Defensive Midfield,55.1,23.5,,,0.0,True,,,,,,,False,,,,,,,False,False,left_to_right,False,55.1,23.5,,,False,False,False,False
3a911bfd-0bb1-46c4-8d38-a3e424d3f2a1,3890424,2109,2,00:26:08.889,71,8,30,Pass,149,872,Darmstadt 98,From Free Kick,872,Darmstadt 98,9404.0,Luca Caldirola,Left Back,63.9,21.6,95.9,40.4,1.949244,False,,,,,,Incomplete,False,37.11388,0.53117764,High Pass,Free Kick,9723.0,Sandro Wagner,False,False,left_to_right,False,63.9,21.6,95.9,40.4,False,True,True,True
53cf012d-57d0-415b-a9a4-838f2b5621d2,3890424,2110,2,00:26:10.838,71,10,42,Ball Receipt*,149,872,Darmstadt 98,From Free Kick,872,Darmstadt 98,9723.0,Sandro Wagner,Center Forward,98.6,48.4,,,,False,,,,,,,False,,,,,,,False,False,left_to_right,False,98.6,48.4,,,False,False,False,False
86f69b99-9ed3-47b8-9ebf-f37a17ca6a5b,3890424,2111,2,00:26:10.838,71,10,30,Pass,149,872,Darmstadt 98,From Free Kick,181,Schalke 04,6324.0,Leon Goretzka,Left Defensive Midfield,24.2,39.7,32.3,43.8,1.66396,False,,,,,,,True,9.078547,0.4685737,Low Pass,Recovery,6717.0,Johannes Geis,False,False,left_to_right,False,24.2,39.7,32.3,43.8,False,False,False,False
5d5b54cf-51dc-431e-99e7-23a34cec06e4,3890424,2112,2,00:26:12.157,71,12,17,Pressure,149,872,Darmstadt 98,From Free Kick,872,Darmstadt 98,8388.0,Jérôme Gondorf,Left Defensive Midfield,86.5,36.3,,,0.415325,False,,,,,,,False,,,,,,,False,False,left_to_right,False,86.5,36.3,,,False,False,False,False
036e97a3-1c2a-4325-93ec-5b7c43e20faf,3890424,2113,2,00:26:12.502,71,12,42,Ball Receipt*,149,872,Darmstadt 98,From Free Kick,181,Schalke 04,6717.0,Johannes Geis,Right Defensive Midfield,32.3,43.8,,,,True,,,,,,,False,,,,,,,False,False,left_to_right,False,32.3,43.8,,,False,False,False,False
df83f79a-7603-408b-a0c0-b80a9c5c1f1d,3890424,2114,2,00:26:12.502,71,12,30,Pass,149,872,Darmstadt 98,From Free Kick,181,Schalke 04,6717.0,Johannes Geis,Right Defensive Midfield,33.2,45.0,69.5,80.0,4.930485,True,,,,,,Out,False,50.425095,0.7671674,Low Pass,,8508.0,Max Meyer,False,False,left_to_right,False,33.2,45.0,69.5,80.0,False,True,False,True
c906cc26-ee4b-4fd1-921d-522b201146c5,3890424,2115,2,00:26:17.432,71,17,42,Ball Receipt*,149,872,Darmstadt 98,From Free Kick,181,Schalke 04,8508.0,Max Meyer,Center Attacking Midfield,67.0,75.6,,,,False,,,,,,,False,,,,,,,False,False,left_to_right,False,67.0,75.6,,,False,False,False,False
c66aea61-e1e3-4830-9e2a-135fbf52ff71,3890424,2116,2,00:26:21.779,71,21,30,Pass,150,872,Darmstadt 98,From Throw In,872,Darmstadt 98,9404.0,Luca Caldirola,Left Back,57.0,0.1,87.8,13.2,1.440022,False,,,,,,,True,33.470135,0.40214562,High Pass,Throw-in,9219.0,Tobias Kempe,False,False,left_to_right,False,57.0,0.1,87.8,13.2,False,True,True,False
aba8255e-d299-4324-8011-67d444da864b,3890424,2117,2,00:26:23.219,71,23,42,Ball Receipt*,150,872,Darmstadt 98,From Throw In,872,Darmstadt 98,9219.0,Tobias Kempe,Left Wing,87.8,13.2,,,,False,,,,,,,False,,,,,,,False,False,left_to_right,False,87.8,13.2,,,False,False,False,False
276c98df-3e2e-4ec2-8c08-2f379e44f1f5,3890424,2118,2,00:26:23.219,71,23,30,Pass,150,872,Darmstadt 98,From Throw In,872,Darmstadt 98,9219.0,Tobias Kempe,Left Wing,87.8,13.8,93.6,27.0,1.508275,False,,,,,,Incomplete,False,14.418044,1.1567973,High Pass,,8388.0,Jérôme Gondorf,False,False,left_to_right,False,87.8,13.8,93.6,27.0,False,True,False,True
4a080957-c4b0-42dd-b8c2-92d6f2518644,3890424,2119,2,00:26:24.727,71,24,42,Ball Receipt*,150,872,Darmstadt 98,From Throw In,872,Darmstadt 98,8388.0,Jérôme Gondorf,Left Defensive Midfield,94.5,25.2,,,,False,,,,,,,False,,,,,,,False,False,left_to_right,False,94.5,25.2,,,False,False,False,False
c24a2a32-3a6b-423e-9827-c74bb6df2dbe,3890424,2120,2,00:26:24.727,71,24,30,Pass,150,872,Darmstadt 98,From Throw In,181,Schalke 04,6324.0,Leon Goretzka,Left Defensive Midfield,26.5,53.1,32.8,52.5,1.21396,False,,,,,,Incomplete,False,6.328507,-0.094951704,Low Pass,Recovery,6717.0,Johannes Geis,False,False,left_to_right,False,26.5,53.1,32.8,52.5,False,False,False,True
8c5280b1-8829-4d9d-882e-d54f6897e622,3890424,2121,2,00:26:25.941,71,25,42,Ball Receipt*,150,872,Darmstadt 98,From Throw In,181,Schalke 04,6717.0,Johannes Geis,Right Defensive Midfield,30.1,54.5,,,,False,,,,,,,False,,,,,,,False,False,left_to_right,False,30.1,54.5,,,False,False,False,False
209e530c-eb26-48a2-859b-f724d0b40c54,3890424,2122,2,00:26:25.941,71,25,2,Ball Recovery,150,872,Darmstadt 98,From Throw In,872,Darmstadt 98,13675.0,Mario Vrančić,Center Attacking Midfield,87.3,27.6,,,0.0,False,,,,,,,False,,,,,,,False,False,left_to_right,False,87.3,27.6,,,False,False,False,False
19d40114-cfa1-4e40-8d06-6b0935ab41f9,3890424,2123,2,00:26:25.941,71,25,43,Carry,150,872,Darmstadt 98,From Throw In,872,Darmstadt 98,13675.0,Mario Vrančić,Center Attacking Midfield,87.3,27.6,88.8,28.2,1.234747,True,,,,,,,False,,,,,,,False,False,left_to_right,False,87.3,27.6,88.8,28.2,False,False,False,False
947ee85c-3f65-4387-a85a-c1a61b325a7e,3890424,2124,2,00:26:27.088,71,27,17,Pressure,150,872,Darmstadt 98,From Throw In,181,Schalke 04,6324.0,Leon Goretzka,Left Defensive Midfield,29.7,44.1,,,0.365108,False,,,,,,,False,,,,,,,False,False,left_to_right,False,29.7,44.1,,,False,False,False,False
2a721caf-5175-4932-a472-54f3d2d41367,3890424,2125,2,00:26:27.176,71,27,16,Shot,150,872,Darmstadt 98,From Throw In,872,Darmstadt 98,13675.0,Mario Vrančić,Center Attacking Midfield,88.8,28.2,120.0,49.5,1.795477,True,0.011321571,Off T,Right Foot,Normal,Open Play,,False,,,,,,,False,False,left_to_right,False,88.8,28.2,120.0,49.5,False,False,False,False
f7f26da9-c995-410c-a011-9ec8590bb2f4,3890424,2126,2,00:26:28.971,71,28,23,Goal Keeper,150,872,Darmstadt 98,From Throw In,181,Schalke 04,8517.0,Ralf Fährmann,Goalkeeper,3.6,41.5,,,0.0,False,,,,,,,False,,,,,,,False,False,left_to_right,False,3.6,41.5,,,False,False,False,False
aa1b5208-9de6-4c32-a165-a7bc06c9ea31,3890424,2127,2,00:26:52.895,71,52,30,Pass,151,181,Schalke 04,From Goal Kick,181,Schalke 04,8517.0,Ralf Fährmann,Goalkeeper,6.0,44.0,58.7,2.8,3.293669,False,,,,,,,True,66.893425,-0.66353434,High Pass,Goal Kick,3510.0,Sead Kolašinac,False,False,left_to_right,False,6.0,44.0,58.7,2.8,False,True,False,False
5f34d097-9229-4609-9f94-9af3e11657b4,3890424,2128,2,00:26:56.188,71,56,42,Ball Receipt*,151,181,Schalke 04,From Goal Kick,181,Schalke 04,3510.0,Sead Kolašinac,Left Back,58.7,2.8,,,,False,,,,,,,False,,,,,,,False,False,left_to_right,False,58.7,2.8,,,False,False,False,False
6acb149f-6c74-4e34-838e-a6be1d5ef1e9,3890424,2129,2,00:26:56.808,71,56,17,Pressure,151,181,Schalke 04,From Goal Kick,872,Darmstadt 98,9401.0,Marcel Heller,Right Wing,62.5,76.2,,,0.420881,False,,,,,,,False,,,,,,,False,False,left_to_right,False,62.5,76.2,,,False,False,False,False
eb0d3d35-05e2-434d-aecf-07c4af9dc3f3,3890424,2130,2,00:26:57.077,71,57,30,Pass,151,181,Schalke 04,From Goal Kick,181,Schalke 04,3510.0,Sead Kolašinac,Left Back,60.4,3.1,76.7,5.0,1.687274,True,,,,,,Incomplete,False,16.410362,0.11604075,High Pass,,8060.0,Klaas-Jan Huntelaar,False,False,left_to_right,False,60.4,3.1,76.7,5.0,False,False,False,True
5f79346c-2dd0-42b9-a7b3-90441e6eadaf,3890424,2131,2,00:26:58.764,71,58,42,Ball Receipt*,151,181,Schalke 04,From Goal Kick,181,Schalke 04,8060.0,Klaas-Jan Huntelaar,Center Forward,81.2,6.1,,,,False,,,,,,,False,,,,,,,False,False,left_to_right,False,81.2,6.1,,,False,False,False,False
b81cff16-c01e-485f-bab4-d6bb55f8ea45,3890424,2132,2,00:26:58.764,71,58,2,Ball Recovery,152,872,Darmstadt 98,Regular Play,872,Darmstadt 98,20522.0,György Garics,Right Back,43.4,75.1,,,0.0,False,,,,,,,False,,,,,,,False,False,left_to_right,False,43.4,75.1,,,False,False,False,False
e65ab719-1f04-4b5f-94d5-af70b7994de6,3890424,2133,2,00:26:58.764,71,58,43,Carry,152,872,Darmstadt 98,Regular Play,872,Darmstadt 98,20522.0,György Garics,Right Back,43.4,75.1,47.6,73.2,0.816068,False,,,,,,,False,,,,,,,False,False,left_to_right,False,43.4,75.1,47.6,73.2,False,False,False,False
2478637b-ed05-41c9-a230-0149134a1884,3890424,2134,2,00:26:59.580,71,59,30,Pass,152,872,Darmstadt 98,Regular Play,872,Darmstadt 98,20522.0,György Garics,Right Back,47.6,73.2,34.5,60.1,1.428547,False,,,,,,,True,18.526197,-2.3561945,Low Pass,,9217.0,Aytac Sulu,False,False,left_to_right,False,47.6,73.2,34.5,60.1,False,False,False,False
6b39b453-a50c-42d1-a150-17f5285d0570,3890424,2135,2,00:27:01.009,72,1,42,Ball Receipt*,152,872,Darmstadt 98,Regular Play,872,Darmstadt 98,9217.0,Aytac Sulu,Right Center Back,34.5,60.1,,,,False,,,,,,,False,,,,,,,False,False,left_to_right,False,34.5,60.1,,,False,False,False,False
4877a28e-47bb-473e-af1e-5ee9996645e5,3890424,2136,2,00:27:01.009,72,1,43,Carry,152,872,Darmstadt 98,Regular Play,872,Darmstadt 98,9217.0,Aytac Sulu,Right Center Back,34.5,60.1,34.8,57.3,1.125095,False,,,,,,,False,,,,,,,False,False,left_to_right,False,34.5,60.1,34.8,57.3,False,False,False,False
bc7fe9d7-bd7e-4986-94e9-bb362aecd9ef,3890424,2137,2,00:27:02.134,72,2,30,Pass,152,872,Darmstadt 98,Regular Play,872,Darmstadt 98,9217.0,Aytac Sulu,Right Center Back,34.8,57.3,14.0,45.1,3.057522,False,,,,,,,True,24.113897,-2.6111302,Ground Pass,,8306.0,Christian Mathenia,False,False,left_to_right,False,34.8,57.3,14.0,45.1,False,False,False,False
dfb1e96e-3436-4021-9d0f-0d1d1c8dea61,3890424,2138,2,00:27:05.191,72,5,42,Ball Receipt*,152,872,Darmstadt 98,Regular Play,872,Darmstadt 98,8306.0,Christian Mathenia,Goalkeeper,14.0,45.1,,,,False,,,,,,,False,,,,,,,False,False,left_to_right,False,14.0,45.1,,,False,False,False,False
f501c4a4-7f26-4897-92f1-6b382bcaf3aa,3890424,2139,2,00:27:05.191,72,5,43,Carry,152,872,Darmstadt 98,Regular Play,872,Darmstadt 98,8306.0,Christian Mathenia,Goalkeeper,14.0,45.1,21.5,48.1,3.834449,False,,,,,,,False,,,,,,,False,False,left_to_right,False,14.0,45.1,21.5,48.1,False,False,False,False
57ba43ea-09a7-4fa3-b456-b19b55f4baa4,3890424,2140,2,00:27:09.026,72,9,30,Pass,152,872,Darmstadt 98,Regular Play,872,Darmstadt 98,8306.0,Christian Mathenia,Goalkeeper,21.5,48.1,100.3,57.0,4.887522,False,,,,,,Incomplete,False,79.30101,0.11246755,High Pass,,13675.0,Mario Vrančić,False,False,left_to_right,False,21.5,48.1,100.3,57.0,False,True,True,True
4a0944bb-81e2-4115-9e88-c8ee40403e0a,3890424,2141,2,00:27:13.913,72,13,42,Ball Receipt*,152,872,Darmstadt 98,Regular Play,872,Darmstadt 98,13675.0,Mario Vrančić,Center Attacking Midfield,97.8,55.6,,,,False,,,,,,,False,,,,,,,False,False,left_to_right,False,97.8,55.6,,,False,False,False,False
5809ebef-0279-4047-b19a-08b7cf1b8afa,3890424,2142,2,00:27:13.913,72,13,30,Pass,153,181,Schalke 04,Regular Play,181,Schalke 04,3510.0,Sead Kolašinac,Left Back,19.8,23.1,9.5,34.9,1.194934,False,,,,,,,True,15.663013,2.2884252,High Pass,Recovery,8517.0,Ralf Fährmann,False,False,left_to_right,False,19.8,23.1,9.5,34.9,False,False,False,False
450dc55c-195a-4dd8-947d-3e33f5efc64b,3890424,2143,2,00:27:15.108,72,15,42,Ball Receipt*,153,181,Schalke 04,Regular Play,181,Schalke 04,8517.0,Ralf Fährmann,Goalkeeper,9.5,34.9,,,,False,,,,,,,False,,,,,,,False,False,left_to_right,False,9.5,34.9,,,False,False,False,False
3771e12f-312e-4b6c-a0fa-955e44579982,3890424,2144,2,00:27:15.108,72,15,43,Carry,153,181,Schalke 04,Regular Play,181,Schalke 04,8517.0,Ralf Fährmann,Goalkeeper,9.5,34.9,16.4,38.1,9.037398,False,,,,,,,False,,,,,,,False,False,left_to_right,False,9.5,34.9,16.4,38.1,False,False,False,False
366fc9c8-cad8-462c-ad47-7f1bfe805904,3890424,2145,2,00:27:24.146,72,24,30,Pass,153,181,Schalke 04,Regular Play,181,Schalke 04,8517.0,Ralf Fährmann,Goalkeeper,16.4,38.1,53.2,50.8,3.184817,False,,,,,,Incomplete,False,38.92981,0.33231068,High Pass,,3053.0,Leroy Sané,False,False,left_to_right,False,16.4,38.1,53.2,50.8,False,True,False,True
6b27e674-60d5-4d18-bbc9-b74039d2973f,3890424,2146,2,00:27:27.331,72,27,42,Ball Receipt*,153,181,Schalke 04,Regular Play,181,Schalke 04,3053.0,Leroy Sané,Right Wing,53.7,52.7,,,,False,,,,,,,False,,,,,,,False,False,left_to_right,False,53.7,52.7,,,False,False,False,False
c6de48ba-4ccb-45b6-874e-7c99ae8ba37a,3890424,2147,2,00:27:27.331,72,27,30,Pass,153,181,Schalke 04,Regular Play,872,Darmstadt 98,8388.0,Jérôme Gondorf,Left Defensive Midfield,66.9,29.3,70.1,0.4,2.43922,False,,,,,,Out,False,29.076622,-1.460519,High Pass,Recovery,9219.0,Tobias Kempe,False,False,left_to_right,False,66.9,29.3,70.1,0.4,False,False,False,True
a9e252fa-8d4e-436f-965e-095a60a13dfb,3890424,2148,2,00:27:29.770,72,29,42,Ball Receipt*,153,181,Schalke 04,Regular Play,872,Darmstadt 98,9219.0,Tobias Kempe,Left Wing,68.9,22.1,,,,False,,,,,,,False,,,,,,,False,False,left_to_right,False,68.9,22.1,,,False,False,False,False
c1b20c8c-bf92-463c-b88e-0ade07174b88,3890424,2149,2,00:27:46.255,72,46,30,Pass,154,181,Schalke 04,From Throw In,181,Schalke 04,30312.0,Uilson de Souza Paula Júnior,Right Back,56.5,80.0,73.7,71.6,1.885256,False,,,,,,Unknown,False,19.141579,-0.45430207,High Pass,Throw-in,8060.0,Klaas-Jan Huntelaar,False,False,left_to_right,False,56.5,80.0,73.7,71.6,False,True,False,True
10410446-bf8e-41c9-af2d-fdb22495846d,3890424,2150,2,00:27:47.410,72,47,17,Pressure,154,181,Schalke 04,From Throw In,872,Darmstadt 98,9404.0,Luca Caldirola,Left Back,48.1,6.0,,,0.695725,False,,,,,,,False,,,,,,,False,False,left_to_right,False,48.1,6.0,,,False,False,False,False
869fa87c-a1a8-419e-9289-478283400acc,3890424,2151,2,00:27:48.140,72,48,42,Ball Receipt*,154,181,Schalke 04,From Throw In,181,Schalke 04,8060.0,Klaas-Jan Huntelaar,Center Forward,72.6,72.4,,,,False,,,,,,,False,,,,,,,False,False,left_to_right,False,72.6,72.4,,,False,False,False,False
2bc3b17b-0812-41aa-b8c7-f1a9ae4efa08,3890424,2152,2,00:27:48.233,72,48,22,Foul Committed,154,181,Schalke 04,From Throw In,872,Darmstadt 98,9404.0,Luca Caldirola,Left Back,47.0,5.2,,,0.0,False,,,,,,,False,,,,,,,False,False,left_to_right,False,47.0,5.2,,,False,False,False,False
394beb3e-6836-4b1a-a964-af73b9f53f5c,3890424,2153,2,00:27:48.233,72,48,21,Foul Won,154,181,Schalke 04,From Throw In,181,Schalke 04,8060.0,Klaas-Jan Huntelaar,Center Forward,73.1,74.9,,,0.0,True,,,,,,,False,,,,,,,False,False,left_to_right,False,73.1,74.9,,,False,False,False,False
3eea18ef-76a8-41db-a46d-8f4d8c212e36,3890424,2154,2,00:28:09.949,73,9,30,Pass,155,181,Schalke 04,From Free Kick,181,Schalke 04,6717.0,Johannes Geis,Right Defensive Midfield,80.0,71.7,116.2,52.7,2.33997,False,,,,,,,True,40.883247,-0.4833387,High Pass,Free Kick,8060.0,Klaas-Jan Huntelaar,False,False,left_to_right,False,80.0,71.7,116.2,52.7,False,True,False,False
f64bffa9-99fb-423c-bf1c-34b3d046096d,3890424,2155,2,00:28:12.017,73,12,17,Pressure,155,181,Schalke 04,From Free Kick,872,Darmstadt 98,35033.0,Slobodan Rajković,Left Center Back,5.1,27.4,,,1.121126,False,,,,,,,False,,,,,,,False,False,left_to_right,False,5.1,27.4,,,False,False,False,False
97c50230-010b-4635-9e90-c5828eb24e85,3890424,2156,2,00:28:12.289,73,12,42,Ball Receipt*,155,181,Schalke 04,From Free Kick,181,Schalke 04,8060.0,Klaas-Jan Huntelaar,Center Forward,116.2,52.7,,,,True,,,,,,,False,,,,,,,False,False,left_to_right,False,116.2,52.7,,,False,False,False,False
b05f85fb-7831-4916-a2fd-75750e3eaa04,3890424,2157,2,00:28:12.289,73,12,43,Carry,155,181,Schalke 04,From Free Kick,181,Schalke 04,8060.0,Klaas-Jan Huntelaar,Center Forward,116.2,52.7,117.2,53.1,0.08,True,,,,,,,False,,,,,,,False,False,left_to_right,False,116.2,52.7,117.2,53.1,False,False,False,False
f7289179-3198-4362-9d49-96a68720614f,3890424,2158,2,00:28:12.369,73,12,38,Miscontrol,155,181,Schalke 04,From Free Kick,181,Schalke 04,8060.0,Klaas-Jan Huntelaar,Center Forward,117.2,53.1,,,0.0,True,,,,,,,False,,,,,,,False,False,left_to_right,False,117.2,53.1,,,False,False,False,True
ac605d3b-4473-44b5-9713-0b7fb686fa4c,3890424,2159,2,00:28:13.363,73,13,9,Clearance,155,181,Schalke 04,From Free Kick,872,Darmstadt 98,35033.0,Slobodan Rajković,Left Center Back,2.8,27.9,,,0.0,True,,,,,,,False,,,,,,,False,False,left_to_right,False,2.8,27.9,,,False,False,False,False
02b4e3e8-49d1-46b0-97fc-44b20e4d3667,3890424,2160,2,00:28:32.294,73,32,30,Pass,156,181,Schalke 04,From Throw In,181,Schalke 04,30312.0,Uilson de Souza Paula Júnior,Right Back,113.2,80.0,115.7,67.7,0.991693,False,,,,,,,True,12.551494,-1.3702757,High Pass,Throw-in,8508.0,Max Meyer,False,False,left_to_right,False,113.2,80.0,115.7,67.7,False,True,False,False
dcec2e3b-2676-4122-b590-29ebae5a655f,3890424,2161,2,00:28:33.171,73,33,17,Pressure,156,181,Schalke 04,From Throw In,872,Darmstadt 98,9404.0,Luca Caldirola,Left Back,5.0,11.5,,,2.273564,False,,,,,,,False,,,,,,,False,False,left_to_right,False,5.0,11.5,,,False,False,False,False
72318228-9e32-43be-a6ee-97194a317e11,3890424,2162,2,00:28:33.286,73,33,42,Ball Receipt*,156,181,Schalke 04,From Throw In,181,Schalke 04,8508.0,Max Meyer,Center Attacking Midfield,115.7,67.7,,,,True,,,,,,,False,,,,,,,False,False,left_to_right,False,115.7,67.7,,,False,False,False,False
568c19c6-ebb0-4e86-83e8-2151d4e5f29a,3890424,2163,2,00:28:33.286,73,33,43,Carry,156,181,Schalke 04,From Throw In,181,Schalke 04,8508.0,Max Meyer,Center Attacking Midfield,115.7,67.7,117.2,70.3,1.980093,True,,,,,,,False,,,,,,,False,False,left_to_right,False,115.7,67.7,117.2,70.3,False,False,False,False
7482514b-8790-4527-882c-aa0f073d22e4,3890424,2164,2,00:28:34.900,73,34,17,Pressure,156,181,Schalke 04,From Throw In,872,Darmstadt 98,9219.0,Tobias Kempe,Left Wing,3.7,10.4,,,0.614414,False,,,,,,,False,,,,,,,False,False,left_to_right,False,3.7,10.4,,,False,False,False,False
7e2ed20e-db52-4cde-afe2-6686b06b6980,3890424,2165,2,00:28:35.266,73,35,3,Dispossessed,156,181,Schalke 04,From Throw In,181,Schalke 04,8508.0,Max Meyer,Center Attacking Midfield,117.2,70.3,,,0.0,True,,,,,,,False,,,,,,,False,False,left_to_right,False,117.2,70.3,,,False,False,False,True
4053e0b6-cef5-4639-ab5d-b2b59ac66a7c,3890424,2166,2,00:28:35.266,73,35,4,Duel,156,181,Schalke 04,From Throw In,872,Darmstadt 98,9404.0,Luca Caldirola,Left Back,2.9,9.8,,,0.0,True,,,,,,,False,,,,,,,False,False,left_to_right,False,2.9,9.8,,,False,False,False,False
27c5f086-41a0-4c62-a2f1-b523568ee6a9,3890424,2167,2,00:29:00.835,74,0,30,Pass,157,181,Schalke 04,From Corner,181,Schalke 04,6717.0,Johannes Geis,Right Defensive Midfield,120.0,80.0,109.7,30.4,2.10324,False,,,,,,,True,50.65817,-1.7755475,High Pass,Corner,3499.0,Jean-Eric Maxim Choupo-Moting,True,False,left_to_right,False,120.0,80.0,109.7,30.4,False,True,False,False
704aca55-5bd4-4350-87c7-a394c03ccfd4,3890424,2168,2,00:29:02.938,74,2,42,Ball Receipt*,157,181,Schalke 04,From Corner,181,Schalke 04,3499.0,Jean-Eric Maxim Choupo-Moting,Left Wing,109.7,30.4,,,,False,,,,,,,False,,,,,,,False,False,left_to_right,False,109.7,30.4,,,False,False,False,False
acf9573b-8269-4080-acd7-e568642ee421,3890424,2169,2,00:29:02.938,74,2,16,Shot,157,181,Schalke 04,From Corner,181,Schalke 04,3499.0,Jean-Eric Maxim Choupo-Moting,Left Wing,109.7,30.4,120.0,35.0,0.973989,False,0.026794972,Off T,Head,Normal,Open Play,,False,,,,,,,False,False,left_to_right,False,109.7,30.4,120.0,35.0,False,False,False,False
ad876c55-fa9a-4c41-adbd-85181abd76d5,3890424,2170,2,00:29:03.912,74,3,23,Goal Keeper,157,181,Schalke 04,From Corner,872,Darmstadt 98,8306.0,Christian Mathenia,Goalkeeper,0.8,42.7,,,0.0,False,,,,,,,False,,,,,,,False,False,left_to_right,False,0.8,42.7,,,False,False,False,False
3c331a3a-e37c-43b3-b146-f28cb989fd2a,3890424,2171,2,00:29:20.691,74,20,30,Pass,158,872,Darmstadt 98,From Goal Kick,872,Darmstadt 98,8306.0,Christian Mathenia,Goalkeeper,7.0,36.1,72.3,27.0,3.014518,False,,,,,,,True,65.93102,-0.13846506,High Pass,Goal Kick,9723.0,Sandro Wagner,False,False,left_to_right,False,7.0,36.1,72.3,27.0,False,True,False,False
3ea0a4b5-6947-427a-a144-80b74df9d0c3,3890424,2172,2,00:29:23.706,74,23,42,Ball Receipt*,158,872,Darmstadt 98,From Goal Kick,872,Darmstadt 98,9723.0,Sandro Wagner,Center Forward,72.3,27.0,,,,False,,,,,,,False,,,,,,,False,False,left_to_right,False,72.3,27.0,,,False,False,False,False
5c819b2a-4f4e-4152-b632-f0626a08b7fe,3890424,2173,2,00:29:23.706,74,23,30,Pass,158,872,Darmstadt 98,From Goal Kick,872,Darmstadt 98,9723.0,Sandro Wagner,Center Forward,72.8,28.2,90.0,43.5,1.109929,False,,,,,,,True,23.020208,0.7270031,High Pass,,9401.0,Marcel Heller,False,False,left_to_right,False,72.8,28.2,90.0,43.5,False,True,True,False
f14879f4-4754-4cbd-9f7c-30c0d246fa28,3890424,2174,2,00:29:24.470,74,24,17,Pressure,158,872,Darmstadt 98,From Goal Kick,181,Schalke 04,16534.0,Roman Neustädter,Left Center Back,29.7,37.2,,,0.589269,False,,,,,,,False,,,,,,,False,False,left_to_right,False,29.7,37.2,,,False,False,False,False
135ebf44-218b-4550-952c-70c134978867,3890424,2175,2,00:29:24.816,74,24,42,Ball Receipt*,158,872,Darmstadt 98,From Goal Kick,872,Darmstadt 98,9401.0,Marcel Heller,Right Wing,90.0,43.5,,,,True,,,,,,,False,,,,,,,False,False,left_to_right,False,90.0,43.5,,,False,False,False,False
049bfde9-657f-4886-8474-dda95a25271d,3890424,2176,2,00:29:24.816,74,24,43,Carry,158,872,Darmstadt 98,From Goal Kick,872,Darmstadt 98,9401.0,Marcel Heller,Right Wing,90.0,43.5,89.8,42.4,0.08,True,,,,,,,False,,,,,,,False,False,left_to_right,False,90.0,43.5,89.8,42.4,False,False,False,False
1039dd69-89a5-4ae6-9515-3ea9771fb86a,3890424,2177,2,00:29:24.896,74,24,38,Miscontrol,158,872,Darmstadt 98,From Goal Kick,872,Darmstadt 98,9401.0,Marcel Heller,Right Wing,89.8,42.4,,,0.0,True,,,,,,,False,,,,,,,False,False,left_to_right,False,89.8,42.4,,,False,False,False,True
a89ef0dc-a7d4-42b1-85ca-c4d8eca11556,3890424,2178,2,00:29:26.741,74,26,30,Pass,158,872,Darmstadt 98,From Goal Kick,181,Schalke 04,3502.0,Joël Andre Job Matip,Right Center Back,22.6,49.9,9.3,42.8,1.74533,False,,,,,,,True,15.076471,-2.651245,Ground Pass,Recovery,8517.0,Ralf Fährmann,False,False,left_to_right,False,22.6,49.9,9.3,42.8,False,False,False,False
ba6bc6e4-7849-4b3d-a0a6-727ba9ba333b,3890424,2179,2,00:29:28.487,74,28,42,Ball Receipt*,158,872,Darmstadt 98,From Goal Kick,181,Schalke 04,8517.0,Ralf Fährmann,Goalkeeper,9.3,42.8,,,,False,,,,,,,False,,,,,,,False,False,left_to_right,False,9.3,42.8,,,False,False,False,False
00ea9b7f-83f2-4f09-a7cd-47937d978390,3890424,2180,2,00:29:28.487,74,28,30,Pass,158,872,Darmstadt 98,From Goal Kick,181,Schalke 04,8517.0,Ralf Fährmann,Goalkeeper,9.3,42.7,57.8,41.1,4.150504,False,,,,,,Unknown,False,48.526386,-0.03297773,High Pass,,8060.0,Klaas-Jan Huntelaar,False,False,left_to_right,False,9.3,42.7,57.8,41.1,False,True,False,True
cd8b9cf7-ea23-48bd-b2a3-833994c9241e,3890424,2181,2,00:29:32.637,74,32,42,Ball Receipt*,158,872,Darmstadt 98,From Goal Kick,181,Schalke 04,8060.0,Klaas-Jan Huntelaar,Center Forward,56.8,42.7,,,,False,,,,,,,False,,,,,,,False,False,left_to_right,False,56.8,42.7,,,False,False,False,False
4c6242d9-d8fc-4634-88a4-a1cb8a465a32,3890424,2182,2,00:29:34.505,74,34,22,Foul Committed,158,872,Darmstadt 98,From Goal Kick,181,Schalke 04,8060.0,Klaas-Jan Huntelaar,Center Forward,65.9,33.3,,,0.0,False,,,,,,,False,,,,,,,False,False,left_to_right,False,65.9,33.3,,,False,False,False,False
5efb81c5-31e0-4c83-84ec-1bc385497f70,3890424,2183,2,00:29:34.505,74,34,21,Foul Won,158,872,Darmstadt 98,From Goal Kick,872,Darmstadt 98,9217.0,Aytac Sulu,Right Center Back,54.2,46.8,,,0.0,True,,,,,,,False,,,,,,,False,False,left_to_right,False,54.2,46.8,,,False,False,False,False
c58a926c-b255-48d9-980c-148a4ecb2f33,3890424,2184,2,00:29:58.828,74,58,30,Pass,159,872,Darmstadt 98,From Free Kick,872,Darmstadt 98,8306.0,Christian Mathenia,Goalkeeper,54.7,44.9,98.6,28.5,2.16212,False,,,,,,,True,46.86331,-0.35752192,High Pass,Free Kick,9723.0,Sandro Wagner,False,False,left_to_right,False,54.7,44.9,98.6,28.5,False,True,True,False
6a0b8db8-8823-494e-b6e3-104454bed13e,3890424,2185,2,00:30:00.990,75,0,42,Ball Receipt*,159,872,Darmstadt 98,From Free Kick,872,Darmstadt 98,9723.0,Sandro Wagner,Center Forward,98.6,28.5,,,,False,,,,,,,False,,,,,,,False,False,left_to_right,False,98.6,28.5,,,False,False,False,False
9b58e52a-0e93-49d9-8236-d316f26a4e33,3890424,2186,2,00:30:01.179,75,1,30,Pass,159,872,Darmstadt 98,From Free Kick,872,Darmstadt 98,9723.0,Sandro Wagner,Center Forward,98.4,29.3,105.8,34.5,0.30828,False,,,,,,Incomplete,False,9.044335,0.61253756,High Pass,,13675.0,Mario Vrančić,False,False,left_to_right,False,98.4,29.3,105.8,34.5,False,True,False,True
a212b83a-3217-4421-8b0f-532debb59eeb,3890424,2187,2,00:30:01.487,75,1,42,Ball Receipt*,159,872,Darmstadt 98,From Free Kick,872,Darmstadt 98,13675.0,Mario Vrančić,Center Attacking Midfield,104.8,39.3,,,,False,,,,,,,False,,,,,,,False,False,left_to_right,False,104.8,39.3,,,False,False,False,False
5177afec-44f3-4768-9e32-18df6e7e9ede,3890424,2188,2,00:30:01.487,75,1,9,Clearance,159,872,Darmstadt 98,From Free Kick,181,Schalke 04,3502.0,Joël Andre Job Matip,Right Center Back,14.3,45.6,,,0.0,True,,,,,,,False,,,,,,,False,False,left_to_right,False,14.3,45.6,,,False,False,False,False
c9265cab-f22f-4bef-9f55-11d3b3323ede,3890424,2189,2,00:30:02.848,75,2,2,Ball Recovery,160,181,Schalke 04,From Counter,181,Schalke 04,6324.0,Leon Goretzka,Left Defensive Midfield,22.6,43.8,,,0.0,False,,,,,,,False,,,,,,,False,False,left_to_right,False,22.6,43.8,,,False,False,False,False
3119eebf-4328-47f6-81f7-38e66d7d0daf,3890424,2190,2,00:30:02.848,75,2,43,Carry,160,181,Schalke 04,From Counter,181,Schalke 04,6324.0,Leon Goretzka,Left Defensive Midfield,22.6,43.8,22.6,43.8,0.695851,False,,,,,,,False,,,,,,,False,False,left_to_right,False,22.6,43.8,22.6,43.8,False,False,False,False
3096641d-3307-42c2-a897-718a157e7bf8,3890424,2191,2,00:30:03.544,75,3,30,Pass,160,181,Schalke 04,From Counter,181,Schalke 04,6324.0,Leon Goretzka,Left Defensive Midfield,22.6,43.8,52.6,39.1,1.937228,False,,,,,,,True,30.365934,-0.15540345,High Pass,,8060.0,Klaas-Jan Huntelaar,False,False,left_to_right,False,22.6,43.8,52.6,39.1,False,True,False,False
d5ca3c2d-33a5-4757-b76b-a7bc2dd2bb71,3890424,2192,2,00:30:05.482,75,5,42,Ball Receipt*,160,181,Schalke 04,From Counter,181,Schalke 04,8060.0,Klaas-Jan Huntelaar,Center Forward,52.6,39.1,,,,False,,,,,,,False,,,,,,,False,False,left_to_right,False,52.6,39.1,,,False,False,False,False
23812d12-c19e-487c-a19c-17d7abdf46ac,3890424,2193,2,00:30:05.482,75,5,30,Pass,160,181,Schalke 04,From Counter,181,Schalke 04,8060.0,Klaas-Jan Huntelaar,Center Forward,53.6,40.8,57.2,46.9,1.425243,False,,,,,,,True,7.0830784,1.0376406,High Pass,,3053.0,Leroy Sané,False,False,left_to_right,False,53.6,40.8,57.2,46.9,False,False,False,False
47ccc2ba-00ef-4679-b4f9-a52a28199406,3890424,2194,2,00:30:06.907,75,6,42,Ball Receipt*,160,181,Schalke 04,From Counter,181,Schalke 04,3053.0,Leroy Sané,Right Wing,57.2,46.9,,,,False,,,,,,,False,,,,,,,False,False,left_to_right,False,57.2,46.9,,,False,False,False,False
54e095d8-923f-4759-8293-1b5290563643,3890424,2195,2,00:30:06.907,75,6,43,Carry,160,181,Schalke 04,From Counter,181,Schalke 04,3053.0,Leroy Sané,Right Wing,57.2,46.9,59.0,46.9,0.039999,False,,,,,,,False,,,,,,,False,False,left_to_right,False,57.2,46.9,59.0,46.9,False,False,False,False
bb9920f4-5f94-4441-9d90-4a8f109d897d,3890424,2196,2,00:30:06.947,75,6,30,Pass,160,181,Schalke 04,From Counter,181,Schalke 04,3053.0,Leroy Sané,Right Wing,59.0,46.9,69.8,32.7,1.752777,False,,,,,,Incomplete,False,17.840405,-0.9205689,Low Pass,,8060.0,Klaas-Jan Huntelaar,False,False,left_to_right,False,59.0,46.9,69.8,32.7,False,False,False,True
33126cf6-37f7-4361-9312-520edf3f17e7,3890424,2197,2,00:30:08.700,75,8,42,Ball Receipt*,160,181,Schalke 04,Regular Play,181,Schalke 04,8060.0,Klaas-Jan Huntelaar,Center Forward,67.6,34.4,,,,False,,,,,,,False,,,,,,,False,False,left_to_right,False,67.6,34.4,,,False,False,False,False
9941fc0e-4ac9-4272-aa52-756b5ad91250,3890424,2198,2,00:30:08.700,75,8,30,Pass,161,872,Darmstadt 98,Regular Play,872,Darmstadt 98,20522.0,György Garics,Right Back,50.3,47.4,14.7,39.3,2.689194,False,,,,,,,True,36.50986,-2.9178731,Ground Pass,Recovery,8306.0,Christian Mathenia,False,False,left_to_right,False,50.3,47.4,14.7,39.3,False,False,False,False
5ae3fc60-3d83-4fff-b743-9653625207ed,3890424,2199,2,00:30:11.389,75,11,42,Ball Receipt*,161,872,Darmstadt 98,Regular Play,872,Darmstadt 98,8306.0,Christian Mathenia,Goalkeeper,14.7,39.3,,,,False,,,,,,,False,,,,,,,False,False,left_to_right,False,14.7,39.3,,,False,False,False,False
8ae1a9f9-bfe4-4666-828d-4b3f265096d7,3890424,2200,2,00:30:11.389,75,11,43,Carry,161,872,Darmstadt 98,Regular Play,872,Darmstadt 98,8306.0,Christian Mathenia,Goalkeeper,14.7,39.3,17.3,40.9,1.753093,True,,,,,,,False,,,,,,,False,False,left_to_right,False,14.7,39.3,17.3,40.9,False,False,False,False
f75b1fd2-2ffb-4f59-a979-3085ca91836b,3890424,2201,2,00:30:12.707,75,12,17,Pressure,161,872,Darmstadt 98,Regular Play,181,Schalke 04,8060.0,Klaas-Jan Huntelaar,Center Forward,98.2,36.6,,,0.745313,False,,,,,,,False,,,,,,,False,False,left_to_right,False,98.2,36.6,,,False,False,False,False
f61cda3b-66ac-4e0f-8f07-8606bec322f5,3890424,2202,2,00:30:13.142,75,13,30,Pass,161,872,Darmstadt 98,Regular Play,872,Darmstadt 98,8306.0,Christian Mathenia,Goalkeeper,17.3,40.9,63.1,28.2,2.671661,True,,,,,,,True,47.528202,-0.27049634,High Pass,,9219.0,Tobias Kempe,False,False,left_to_right,False,17.3,40.9,63.1,28.2,False,True,False,False
bed0e999-cc28-4eca-9ce1-8e299d14a07b,3890424,2203,2,00:30:15.813,75,15,42,Ball Receipt*,161,872,Darmstadt 98,Regular Play,872,Darmstadt 98,9219.0,Tobias Kempe,Left Wing,63.1,28.2,,,,False,,,,,,,False,,,,,,,False,False,left_to_right,False,63.1,28.2,,,False,False,False,False
d525ab11-3b71-45e6-aa15-86e47c8fcaf8,3890424,2204,2,00:30:15.813,75,15,30,Pass,161,872,Darmstadt 98,Regular Play,872,Darmstadt 98,9219.0,Tobias Kempe,Left Wing,63.3,28.2,71.9,35.7,2.071247,True,,,,,,Incomplete,False,11.410959,0.7171812,High Pass,,13675.0,Mario Vrančić,False,False,left_to_right,False,63.3,28.2,71.9,35.7,False,False,False,True
b1037da5-cb47-42d7-afb1-2d6ca4c68b2f,3890424,2205,2,00:30:15.813,75,15,4,Duel,161,872,Darmstadt 98,Regular Play,181,Schalke 04,30312.0,Uilson de Souza Paula Júnior,Right Back,56.8,51.9,,,0.0,True,,,,,,,False,,,,,,,False,False,left_to_right,False,56.8,51.9,,,False,False,False,False
3952cd9f-c0a1-4afb-8084-950d156a7356,3890424,2206,2,00:30:17.885,75,17,42,Ball Receipt*,161,872,Darmstadt 98,Regular Play,872,Darmstadt 98,13675.0,Mario Vrančić,Center Attacking Midfield,74.0,35.7,,,,False,,,,,,,False,,,,,,,False,False,left_to_right,False,74.0,35.7,,,False,False,False,False
5ebf5189-037d-474d-8a84-77796be34894,3890424,2207,2,00:30:17.885,75,17,4,Duel,161,872,Darmstadt 98,Regular Play,872,Darmstadt 98,13675.0,Mario Vrančić,Center Attacking Midfield,71.9,35.7,,,0.0,True,,,,,,,False,,,,,,,False,False,left_to_right,False,71.9,35.7,,,False,False,False,False
d3834cd4-7385-4a0b-ba06-b222c3e47d5f,3890424,2208,2,00:30:17.885,75,17,30,Pass,162,181,Schalke 04,Regular Play,181,Schalke 04,6717.0,Johannes Geis,Right Defensive Midfield,48.2,44.4,37.2,26.7,2.652526,True,,,,,,,True,20.839626,-2.1268525,High Pass,Recovery,3510.0,Sead Kolašinac,False,False,left_to_right,False,48.2,44.4,37.2,26.7,False,False,False,False
d6025ba6-d836-4612-8e20-8e872e7e0d21,3890424,2209,2,00:30:20.256,75,20,17,Pressure,162,181,Schalke 04,Regular Play,872,Darmstadt 98,9401.0,Marcel Heller,Right Wing,81.2,53.4,,,0.435481,False,,,,,,,False,,,,,,,False,False,left_to_right,False,81.2,53.4,,,False,False,False,False
29d94c6a-1b17-448b-8c57-e65f8a5bed5f,3890424,2210,2,00:30:20.537,75,20,42,Ball Receipt*,162,181,Schalke 04,Regular Play,181,Schalke 04,3510.0,Sead Kolašinac,Left Back,37.2,26.7,,,,True,,,,,,,False,,,,,,,False,False,left_to_right,False,37.2,26.7,,,False,False,False,False
53c599e4-3a49-4f8c-b55e-b29fec43e593,3890424,2211,2,00:30:20.537,75,20,30,Pass,162,181,Schalke 04,Regular Play,181,Schalke 04,3510.0,Sead Kolašinac,Left Back,40.0,26.7,48.4,18.0,3.053813,True,,,,,,,True,12.093387,-0.80294025,High Pass,,3499.0,Jean-Eric Maxim Choupo-Moting,False,False,left_to_right,False,40.0,26.7,48.4,18.0,False,False,False,False
c93bbfc1-98c0-4cb3-bb4a-9e7e5fad76d0,3890424,2212,2,00:30:23.591,75,23,42,Ball Receipt*,162,181,Schalke 04,Regular Play,181,Schalke 04,3499.0,Jean-Eric Maxim Choupo-Moting,Left Wing,48.4,18.0,,,,False,,,,,,,False,,,,,,,False,False,left_to_right,False,48.4,18.0,,,False,False,False,False
7bdeb393-07ec-4ad5-8c58-6f1f3a475aa4,3890424,2213,2,00:30:23.591,75,23,43,Carry,162,181,Schalke 04,Regular Play,181,Schalke 04,3499.0,Jean-Eric Maxim Choupo-Moting,Left Wing,48.4,18.0,29.0,6.6,3.53997,True,,,,,,,False,,,,,,,False,False,left_to_right,False,48.4,18.0,29.0,6.6,False,False,False,False
cd2fb14e-d372-45b4-93b0-27696c4a0c21,3890424,2214,2,00:30:26.836,75,26,17,Pressure,162,181,Schalke 04,Regular Play,872,Darmstadt 98,13675.0,Mario Vrančić,Center Attacking Midfield,87.9,73.2,,,0.692616,False,,,,,,,False,,,,,,,False,False,left_to_right,False,87.9,73.2,,,False,False,False,False
629cce70-0bbd-429c-9ed0-dc9879713558,3890424,2215,2,00:30:27.131,75,27,30,Pass,162,181,Schalke 04,Regular Play,181,Schalke 04,3499.0,Jean-Eric Maxim Choupo-Moting,Left Wing,29.0,6.6,33.2,7.2,0.397437,True,,,,,,Incomplete,False,4.2426405,0.14189705,Ground Pass,,6717.0,Johannes Geis,False,False,left_to_right,False,29.0,6.6,33.2,7.2,False,False,False,True
ced75242-59b2-44fd-9df7-d2eb5b9359e2,3890424,2216,2,00:30:27.528,75,27,42,Ball Receipt*,162,181,Schalke 04,Regular Play,181,Schalke 04,6717.0,Johannes Geis,Right Defensive Midfield,41.4,7.2,,,,True,,,,,,,False,,,,,,,False,False,left_to_right,False,41.4,7.2,,,False,False,False,False
ce630a7b-9ba6-46a3-b876-1a2e4ded134a,3890424,2217,2,00:30:27.528,75,27,6,Block,162,181,Schalke 04,Regular Play,872,Darmstadt 98,13675.0,Mario Vrančić,Center Attacking Midfield,86.9,72.9,,,0.0,False,,,,,,,False,,,,,,,False,False,left_to_right,False,86.9,72.9,,,False,False,False,False
5c568546-3e10-4192-8261-4890052ce781,3890424,2218,2,00:30:29.145,75,29,33,50/50,162,181,Schalke 04,Regular Play,181,Schalke 04,3499.0,Jean-Eric Maxim Choupo-Moting,Left Wing,30.3,6.6,,,0.0,True,,,,,,,False,,,,,,,False,False,left_to_right,False,30.3,6.6,,,False,False,False,False
205906ad-baa3-483f-93ac-fb822e095dcf,3890424,2219,2,00:30:29.145,75,29,33,50/50,162,181,Schalke 04,Regular Play,872,Darmstadt 98,13675.0,Mario Vrančić,Center Attacking Midfield,89.8,73.5,,,0.0,True,,,,,,,False,,,,,,,False,False,left_to_right,False,89.8,73.5,,,False,False,False,False
07cbbf38-92f8-4390-a9cd-5c555629985f,3890424,2220,2,00:30:30.407,75,30,2,Ball Recovery,162,181,Schalke 04,Regular Play,872,Darmstadt 98,9401.0,Marcel Heller,Right Wing,102.2,71.2,,,0.0,False,,,,,,,False,,,,,,,False,False,left_to_right,False,102.2,71.2,,,False,False,False,False
c0772282-130f-4685-aac7-a13343e796b2,3890424,2221,2,00:30:30.407,75,30,43,Carry,162,181,Schalke 04,Regular Play,872,Darmstadt 98,9401.0,Marcel Heller,Right Wing,102.2,71.2,100.8,70.1,2.37401,True,,,,,,,False,,,,,,,False,False,left_to_right,False,102.2,71.2,100.8,70.1,False,False,False,False
2bdb9ce7-1849-4b40-b133-34ddd5043f63,3890424,2222,2,00:30:30.562,75,30,17,Pressure,162,181,Schalke 04,Regular Play,181,Schalke 04,3510.0,Sead Kolašinac,Left Back,16.4,8.9,,,2.213763,False,,,,,,,False,,,,,,,False,False,left_to_right,False,16.4,8.9,,,False,False,False,False
616ea0a2-2c6c-4144-b468-8de7804757d6,3890424,2223,2,00:30:32.781,75,32,39,Dribbled Past,162,181,Schalke 04,Regular Play,181,Schalke 04,3510.0,Sead Kolašinac,Left Back,19.3,10.0,,,0.0,False,,,,,,,False,,,,,,,False,False,left_to_right,False,19.3,10.0,,,False,False,False,False
78f844b7-254e-45d4-aff6-9722600025a2,3890424,2224,2,00:30:32.781,75,32,14,Dribble,162,181,Schalke 04,Regular Play,872,Darmstadt 98,9401.0,Marcel Heller,Right Wing,100.8,70.1,,,0.0,True,,,,,,,False,,,,,,,False,False,left_to_right,False,100.8,70.1,,,False,False,False,False
5e7ddd8a-cd01-4960-bc4e-7d1d9dc3c02d,3890424,2225,2,00:30:32.781,75,32,43,Carry,162,181,Schalke 04,Regular Play,872,Darmstadt 98,9401.0,Marcel Heller,Right Wing,100.8,70.1,104.2,68.7,0.862081,True,,,,,,,False,,,,,,,False,False,left_to_right,False,100.8,70.1,104.2,68.7,False,False,False,False
536b9f6d-f0f0-4158-9301-b55db51cd5a1,3890424,2226,2,00:30:33.097,75,33,17,Pressure,162,181,Schalke 04,Regular Play,181,Schalke 04,3499.0,Jean-Eric Maxim Choupo-Moting,Left Wing,17.8,10.3,,,0.387684,False,,,,,,,False,,,,,,,False,False,left_to_right,False,17.8,10.3,,,False,False,False,False
47beea25-980d-4628-a46c-bfff8e95020f,3890424,2227,2,00:30:33.643,75,33,3,Dispossessed,162,181,Schalke 04,Regular Play,872,Darmstadt 98,9401.0,Marcel Heller,Right Wing,104.2,68.7,,,0.0,True,,,,,,,False,,,,,,,False,False,left_to_right,False,104.2,68.7,,,False,False,False,True
9cdf29ac-9cd9-4e5d-9c2e-cb2a7183f289,3890424,2228,2,00:30:33.643,75,33,4,Duel,162,181,Schalke 04,Regular Play,181,Schalke 04,3499.0,Jean-Eric Maxim Choupo-Moting,Left Wing,15.9,11.4,,,0.0,True,,,,,,,False,,,,,,,False,False,left_to_right,False,15.9,11.4,,,False,False,False,False
59e37433-6714-478f-ade2-562c536579e6,3890424,2229,2,00:30:34.344,75,34,2,Ball Recovery,162,181,Schalke 04,Regular Play,181,Schalke 04,3510.0,Sead Kolašinac,Left Back,14.3,11.7,,,0.0,False,,,,,,,False,,,,,,,False,False,left_to_right,False,14.3,11.7,,,False,False,False,False
81556b1e-2a79-4e24-8e55-9145c9e464d1,3890424,2230,2,00:30:34.344,75,34,43,Carry,162,181,Schalke 04,Regular Play,181,Schalke 04,3510.0,Sead Kolašinac,Left Back,14.3,11.7,15.3,3.8,2.159145,True,,,,,,,False,,,,,,,False,False,left_to_right,False,14.3,11.7,15.3,3.8,False,False,False,False
de345360-7482-44f2-bf1a-467d8fd5a8ab,3890424,2231,2,00:30:35.412,75,35,17,Pressure,162,181,Schalke 04,Regular Play,872,Darmstadt 98,9401.0,Marcel Heller,Right Wing,105.6,72.6,,,1.224336,False,,,,,,,False,,,,,,,False,False,left_to_right,False,105.6,72.6,,,False,False,False,False
4bc5097a-f80b-438c-a075-bb525033b1cc,3890424,2232,2,00:30:36.503,75,36,30,Pass,162,181,Schalke 04,Regular Play,181,Schalke 04,3510.0,Sead Kolašinac,Left Back,15.3,3.8,17.8,4.4,0.133763,True,,,,,,Incomplete,False,2.570992,0.23554498,Ground Pass,,3499.0,Jean-Eric Maxim Choupo-Moting,False,False,left_to_right,False,15.3,3.8,17.8,4.4,False,False,False,True
633a8f47-9d4d-4d29-a869-de5178a02e66,3890424,2233,2,00:30:36.637,75,36,42,Ball Receipt*,162,181,Schalke 04,Regular Play,181,Schalke 04,3499.0,Jean-Eric Maxim Choupo-Moting,Left Wing,19.7,5.8,,,,False,,,,,,,False,,,,,,,False,False,left_to_right,False,19.7,5.8,,,False,False,False,False
477b0f85-2a12-4afd-9eb2-8c8950b62db2,3890424,2234,2,00:30:36.637,75,36,6,Block,162,181,Schalke 04,Regular Play,872,Darmstadt 98,9401.0,Marcel Heller,Right Wing,102.3,75.7,,,0.0,False,,,,,,,False,,,,,,,False,False,left_to_right,False,102.3,75.7,,,False,False,False,False
9743269d-29df-4697-9ed0-de054a2f2fe3,3890424,2235,2,00:30:59.261,75,59,30,Pass,163,181,Schalke 04,From Throw In,181,Schalke 04,3510.0,Sead Kolašinac,Left Back,17.9,0.1,35.3,5.2,1.761197,False,,,,,,,True,18.132015,0.28511775,High Pass,Throw-in,3499.0,Jean-Eric Maxim Choupo-Moting,False,False,left_to_right,False,17.9,0.1,35.3,5.2,False,False,False,False
d2d84269-6ed8-43a2-94d2-ceabee26f82d,3890424,2236,2,00:31:00.744,76,0,17,Pressure,163,181,Schalke 04,From Throw In,872,Darmstadt 98,13675.0,Mario Vrančić,Center Attacking Midfield,83.3,74.9,,,1.409989,False,,,,,,,False,,,,,,,False,False,left_to_right,False,83.3,74.9,,,False,False,False,False
baebfbcb-f500-40d3-b1bf-6f54cb6bf4c0,3890424,2237,2,00:31:01.022,76,1,42,Ball Receipt*,163,181,Schalke 04,From Throw In,181,Schalke 04,3499.0,Jean-Eric Maxim Choupo-Moting,Left Wing,35.3,5.2,,,,True,,,,,,,False,,,,,,,False,False,left_to_right,False,35.3,5.2,,,False,False,False,False
0c93a636-5abd-463f-b0dc-805923e8e261,3890424,2238,2,00:31:01.022,76,1,43,Carry,163,181,Schalke 04,From Throw In,181,Schalke 04,3499.0,Jean-Eric Maxim Choupo-Moting,Left Wing,35.3,5.2,34.3,5.2,0.952734,True,,,,,,,False,,,,,,,False,False,left_to_right,False,35.3,5.2,34.3,5.2,False,False,False,False
a7dbd270-3968-4aac-924a-ef5aaf216dde,3890424,2239,2,00:31:01.975,76,1,30,Pass,163,181,Schalke 04,From Throw In,181,Schalke 04,3499.0,Jean-Eric Maxim Choupo-Moting,Left Wing,34.3,5.2,19.2,3.0,1.248288,True,,,,,,,True,15.259423,-2.9969153,High Pass,,3510.0,Sead Kolašinac,False,False,left_to_right,False,34.3,5.2,19.2,3.0,False,False,False,False
19029007-fa94-418c-abfb-335b66b1d0c4,3890424,2240,2,00:31:03.223,76,3,42,Ball Receipt*,163,181,Schalke 04,From Throw In,181,Schalke 04,3510.0,Sead Kolašinac,Left Back,19.2,3.0,,,,False,,,,,,,False,,,,,,,False,False,left_to_right,False,19.2,3.0,,,False,False,False,False
10163585-5c68-4c12-b27a-3bf3b7b9d6e5,3890424,2241,2,00:31:03.223,76,3,30,Pass,163,181,Schalke 04,From Throw In,181,Schalke 04,3510.0,Sead Kolašinac,Left Back,18.9,3.8,45.9,13.3,2.68883,False,,,,,,Incomplete,False,28.622543,0.33832362,High Pass,,8060.0,Klaas-Jan Huntelaar,False,False,left_to_right,False,18.9,3.8,45.9,13.3,False,True,False,True
85d66771-de57-4946-9fa0-1d1cd44446cf,3890424,2242,2,00:31:05.912,76,5,42,Ball Receipt*,163,181,Schalke 04,From Throw In,181,Schalke 04,8060.0,Klaas-Jan Huntelaar,Center Forward,45.4,11.6,,,,False,,,,,,,False,,,,,,,False,False,left_to_right,False,45.4,11.6,,,False,False,False,False
fb15178f-4885-4b7c-af5e-f4570133904d,3890424,2243,2,00:31:05.912,76,5,30,Pass,163,181,Schalke 04,From Throw In,872,Darmstadt 98,9217.0,Aytac Sulu,Right Center Back,74.2,66.8,92.6,59.5,1.275602,False,,,,,,Incomplete,False,19.795202,-0.37769213,High Pass,Recovery,9219.0,Tobias Kempe,False,False,left_to_right,False,74.2,66.8,92.6,59.5,False,True,True,True
baf1bfcd-d318-499c-b7c4-527e73765c95,3890424,2244,2,00:31:07.188,76,7,42,Ball Receipt*,163,181,Schalke 04,From Throw In,872,Darmstadt 98,9219.0,Tobias Kempe,Left Wing,92.9,58.1,,,,False,,,,,,,False,,,,,,,False,False,left_to_right,False,92.9,58.1,,,False,False,False,False
d1413ae9-69e2-40fa-b7d5-b706a706204f,3890424,2245,2,00:31:07.188,76,7,9,Clearance,163,181,Schalke 04,From Throw In,181,Schalke 04,6717.0,Johannes Geis,Right Defensive Midfield,27.5,20.6,,,0.0,True,,,,,,,False,,,,,,,False,False,left_to_right,False,27.5,20.6,,,False,False,False,False
63d3845c-6fcd-4185-bf61-624f588cfeee,3890424,2246,2,00:31:09.565,76,9,2,Ball Recovery,163,181,Schalke 04,From Throw In,181,Schalke 04,8060.0,Klaas-Jan Huntelaar,Center Forward,57.2,25.3,,,0.0,False,,,,,,,False,,,,,,,False,False,left_to_right,False,57.2,25.3,,,False,False,False,False
3733c71a-41c8-498a-abab-6a7932f14e7d,3890424,2247,2,00:31:10.673,76,10,22,Foul Committed,163,181,Schalke 04,From Throw In,181,Schalke 04,8060.0,Klaas-Jan Huntelaar,Center Forward,57.2,25.3,,,0.0,False,,,,,,,False,,,,,,,False,False,left_to_right,False,57.2,25.3,,,False,False,False,False
6bc97b64-866b-45d2-9731-2b570629fca8,3890424,2248,2,00:31:10.673,76,10,21,Foul Won,163,181,Schalke 04,From Throw In,872,Darmstadt 98,35033.0,Slobodan Rajković,Left Center Back,62.9,54.8,,,0.0,True,,,,,,,False,,,,,,,False,False,left_to_right,False,62.9,54.8,,,False,False,False,False
102663ba-6dc6-407f-b5d6-b464c22cba96,3890424,2249,2,00:31:27.293,76,27,19,Substitution,163,181,Schalke 04,From Throw In,872,Darmstadt 98,8388.0,Jérôme Gondorf,Left Defensive Midfield,,,,,0.0,False,,,,,,,False,,,,,,,False,False,left_to_right,False,,,,,False,False,False,False
fb4e6d24-89e5-4b72-8bfd-e1817ae6ab23,3890424,2250,2,00:31:39.798,76,39,30,Pass,164,872,Darmstadt 98,From Free Kick,872,Darmstadt 98,13675.0,Mario Vrančić,Center Attacking Midfield,62.3,54.3,108.3,32.7,2.641193,False,,,,,,Incomplete,False,50.818893,-0.43900472,High Pass,Free Kick,9217.0,Aytac Sulu,False,False,left_to_right,False,62.3,54.3,108.3,32.7,False,True,True,True
f54dd3eb-e1f2-4c6d-821d-3aa14858b34e,3890424,2251,2,00:31:42.439,76,42,42,Ball Receipt*,164,872,Darmstadt 98,From Free Kick,872,Darmstadt 98,9217.0,Aytac Sulu,Right Center Back,107.0,31.8,,,,False,,,,,,,False,,,,,,,False,False,left_to_right,False,107.0,31.8,,,False,False,False,False
545a1a95-835b-4e2f-be72-9c5369ee4e69,3890424,2252,2,00:31:42.439,76,42,4,Duel,164,872,Darmstadt 98,From Free Kick,872,Darmstadt 98,9217.0,Aytac Sulu,Right Center Back,108.3,32.7,,,0.0,True,,,,,,,False,,,,,,,False,False,left_to_right,False,108.3,32.7,,,False,False,False,False
0a119639-479e-4f03-a6e8-708ee6c0899a,3890424,2253,2,00:31:42.439,76,42,9,Clearance,164,872,Darmstadt 98,From Free Kick,181,Schalke 04,16534.0,Roman Neustädter,Left Center Back,11.8,47.4,,,0.0,True,,,,,,,False,,,,,,,False,False,left_to_right,False,11.8,47.4,,,False,False,False,False
719d3c3e-7030-405d-bd47-25e2b7d73a0b,3890424,2254,2,00:31:43.863,76,43,9,Clearance,164,872,Darmstadt 98,From Free Kick,181,Schalke 04,6324.0,Leon Goretzka,Left Defensive Midfield,13.2,41.4,,,0.0,True,,,,,,,False,,,,,,,False,False,left_to_right,False,13.2,41.4,,,False,False,False,False
2c30cabb-8afa-425f-b062-617592360c30,3890424,2255,2,00:31:46.698,76,46,2,Ball Recovery,164,872,Darmstadt 98,From Free Kick,181,Schalke 04,3053.0,Leroy Sané,Right Wing,42.6,47.5,,,0.0,False,,,,,,,False,,,,,,,False,False,left_to_right,False,42.6,47.5,,,False,False,False,False
1943a7cc-0a03-4d78-8bad-98d1c2b2681e,3890424,2256,2,00:31:46.698,76,46,43,Carry,164,872,Darmstadt 98,From Free Kick,181,Schalke 04,3053.0,Leroy Sané,Right Wing,42.6,47.5,98.1,40.2,6.105444,False,,,,,,,False,,,,,,,False,False,left_to_right,False,42.6,47.5,98.1,40.2,True,False,False,False
93d0b79f-2cff-4638-a0bb-4f88d0bf0c06,3890424,2257,2,00:31:52.803,76,52,30,Pass,164,872,Darmstadt 98,From Free Kick,181,Schalke 04,3053.0,Leroy Sané,Right Wing,98.1,40.2,99.2,37.2,0.445654,False,,,,,,Incomplete,False,3.1953092,-1.2193515,Ground Pass,,8508.0,Max Meyer,False,False,left_to_right,False,98.1,40.2,99.2,37.2,False,False,False,True
90f760aa-eb2e-4bbf-8e1f-8cb907cd0f87,3890424,2258,2,00:31:53.249,76,53,42,Ball Receipt*,164,872,Darmstadt 98,From Free Kick,181,Schalke 04,8508.0,Max Meyer,Center Attacking Midfield,101.8,31.0,,,,False,,,,,,,False,,,,,,,False,False,left_to_right,False,101.8,31.0,,,False,False,False,False
12b391a5-746d-417b-86c0-7ad46a2e4848,3890424,2259,2,00:31:53.249,76,53,6,Block,164,872,Darmstadt 98,From Free Kick,872,Darmstadt 98,20522.0,György Garics,Right Back,20.9,42.9,,,0.0,False,,,,,,,False,,,,,,,False,False,left_to_right,False,20.9,42.9,,,False,False,False,False
f2c8b34a-cfd1-4c85-8cd7-f59a4344c895,3890424,2260,2,00:31:53.759,76,53,2,Ball Recovery,164,872,Darmstadt 98,From Free Kick,872,Darmstadt 98,20522.0,György Garics,Right Back,18.3,49.1,,,0.0,False,,,,,,,False,,,,,,,False,False,left_to_right,False,18.3,49.1,,,False,False,False,False
47e61a74-343e-4ab0-bc26-ee692fd31665,3890424,2261,2,00:31:53.759,76,53,43,Carry,164,872,Darmstadt 98,From Free Kick,872,Darmstadt 98,20522.0,György Garics,Right Back,18.3,49.1,36.4,34.8,3.73542,False,,,,,,,False,,,,,,,False,False,left_to_right,False,18.3,49.1,36.4,34.8,False,False,False,False
519125ad-832e-4e3c-9fc7-95e25dbc4f55,3890424,2262,2,00:31:57.495,76,57,30,Pass,164,872,Darmstadt 98,From Free Kick,872,Darmstadt 98,20522.0,György Garics,Right Back,36.4,34.8,115.1,53.5,6.513792,False,,,,,,Incomplete,False,80.89116,0.23328504,High Pass,,9723.0,Sandro Wagner,False,False,left_to_right,False,36.4,34.8,115.1,53.5,False,True,True,True
e364341e-6bab-45ad-884b-589b6fecf206,3890424,2263,2,00:32:04.009,77,4,42,Ball Receipt*,164,872,Darmstadt 98,From Free Kick,872,Darmstadt 98,9723.0,Sandro Wagner,Center Forward,106.4,45.9,,,,False,,,,,,,False,,,,,,,False,False,left_to_right,False,106.4,45.9,,,False,False,False,False
67a3c6fe-82cc-42f2-8b9c-9049ce558a80,3890424,2264,2,00:32:04.009,77,4,2,Ball Recovery,165,181,Schalke 04,Regular Play,181,Schalke 04,8517.0,Ralf Fährmann,Goalkeeper,5.0,26.6,,,0.0,False,,,,,,,False,,,,,,,False,False,left_to_right,False,5.0,26.6,,,False,False,False,False
1824ff5a-6e35-435c-acee-6aeefb8085f9,3890424,2265,2,00:32:04.009,77,4,43,Carry,165,181,Schalke 04,Regular Play,181,Schalke 04,8517.0,Ralf Fährmann,Goalkeeper,5.0,26.6,6.1,33.9,0.955547,False,,,,,,,False,,,,,,,False,False,left_to_right,False,5.0,26.6,6.1,33.9,False,False,False,False
fee59c30-168f-4ade-955b-cafe53c2a7b8,3890424,2266,2,00:32:04.964,77,4,30,Pass,165,181,Schalke 04,Regular Play,181,Schalke 04,8517.0,Ralf Fährmann,Goalkeeper,6.1,33.9,21.5,50.6,2.699703,False,,,,,,,True,22.716734,0.8258745,Low Pass,,3502.0,Joël Andre Job Matip,False,False,left_to_right,False,6.1,33.9,21.5,50.6,False,False,False,False
18932310-a58f-45dc-9e63-7080d48b0f7e,3890424,2267,2,00:32:07.664,77,7,42,Ball Receipt*,165,181,Schalke 04,Regular Play,181,Schalke 04,3502.0,Joël Andre Job Matip,Right Center Back,21.5,50.6,,,,False,,,,,,,False,,,,,,,False,False,left_to_right,False,21.5,50.6,,,False,False,False,False
a8ef412b-4df7-465b-ac83-527955ca30a3,3890424,2268,2,00:32:07.664,77,7,43,Carry,165,181,Schalke 04,Regular Play,181,Schalke 04,3502.0,Joël Andre Job Matip,Right Center Back,21.5,50.6,23.7,53.3,0.508554,False,,,,,,,False,,,,,,,False,False,left_to_right,False,21.5,50.6,23.7,53.3,False,False,False,False
1dbddb4c-20e5-4113-bafb-52a9eb2ecff4,3890424,2269,2,00:32:08.172,77,8,30,Pass,165,181,Schalke 04,Regular Play,181,Schalke 04,3502.0,Joël Andre Job Matip,Right Center Back,23.7,53.3,33.2,71.4,2.178891,False,,,,,,,True,20.441624,1.0874577,Ground Pass,,30312.0,Uilson de Souza Paula Júnior,False,False,left_to_right,False,23.7,53.3,33.2,71.4,False,False,False,False
116df70e-f146-466b-b9c9-ad884c0f4252,3890424,2270,2,00:32:10.351,77,10,42,Ball Receipt*,165,181,Schalke 04,Regular Play,181,Schalke 04,30312.0,Uilson de Souza Paula Júnior,Right Back,33.2,71.4,,,,False,,,,,,,False,,,,,,,False,False,left_to_right,False,33.2,71.4,,,False,False,False,False
8f07e1a1-b8e7-4dbe-a10b-40085668e206,3890424,2271,2,00:32:10.351,77,10,43,Carry,165,181,Schalke 04,Regular Play,181,Schalke 04,30312.0,Uilson de Souza Paula Júnior,Right Back,33.2,71.4,33.2,71.4,1.459777,False,,,,,,,False,,,,,,,False,False,left_to_right,False,33.2,71.4,33.2,71.4,False,False,False,False
dc1e2a3e-db9b-44e1-bae3-80e52726584f,3890424,2272,2,00:32:11.811,77,11,30,Pass,165,181,Schalke 04,Regular Play,181,Schalke 04,30312.0,Uilson de Souza Paula Júnior,Right Back,33.2,71.4,24.3,58.0,1.941816,False,,,,,,,True,16.08633,-2.1570747,Ground Pass,,3502.0,Joël Andre Job Matip,False,False,left_to_right,False,33.2,71.4,24.3,58.0,False,False,False,False
731b1426-72d6-47c0-9eb9-e99e8ecd535a,3890424,2273,2,00:32:13.753,77,13,42,Ball Receipt*,165,181,Schalke 04,Regular Play,181,Schalke 04,3502.0,Joël Andre Job Matip,Right Center Back,24.3,58.0,,,,False,,,,,,,False,,,,,,,False,False,left_to_right,False,24.3,58.0,,,False,False,False,False
ccf2061f-311b-485b-8a99-55a021ba6df8,3890424,2274,2,00:32:13.753,77,13,43,Carry,165,181,Schalke 04,Regular Play,181,Schalke 04,3502.0,Joël Andre Job Matip,Right Center Back,24.3,58.0,24.5,60.5,0.515621,False,,,,,,,False,,,,,,,False,False,left_to_right,False,24.3,58.0,24.5,60.5,False,False,False,False
2756948d-5776-4054-98e9-3c960acc760b,3890424,2275,2,00:32:14.269,77,14,30,Pass,165,181,Schalke 04,Regular Play,181,Schalke 04,3502.0,Joël Andre Job Matip,Right Center Back,24.5,60.5,65.4,54.2,2.595206,False,,,,,,Incomplete,False,41.382362,-0.15283304,High Pass,,3053.0,Leroy Sané,False,False,left_to_right,False,24.5,60.5,65.4,54.2,False,True,False,True
54e85c36-b754-4958-bdf6-4d27c267c2b1,3890424,2276,2,00:32:14.441,77,14,17,Pressure,165,181,Schalke 04,Regular Play,872,Darmstadt 98,400612.0,Marco Sailer,Left Defensive Midfield,96.2,22.7,,,0.325779,False,,,,,,,False,,,,,,,False,False,left_to_right,False,96.2,22.7,,,False,False,False,False
2fc3ddf3-f779-4a1b-aa18-bcc11f26928b,3890424,2277,2,00:32:16.864,77,16,42,Ball Receipt*,165,181,Schalke 04,Regular Play,181,Schalke 04,3053.0,Leroy Sané,Right Wing,67.5,54.5,,,,False,,,,,,,False,,,,,,,False,False,left_to_right,False,67.5,54.5,,,False,False,False,False
6678ebce-a62d-4db8-b344-90b3e70f703a,3890424,2278,2,00:32:16.864,77,16,30,Pass,165,181,Schalke 04,Regular Play,872,Darmstadt 98,40467.0,Peter Niemeyer,Right Defensive Midfield,54.7,25.9,69.0,21.5,0.890192,False,,,,,,Incomplete,False,14.961617,-0.29849893,Low Pass,Recovery,9219.0,Tobias Kempe,False,False,left_to_right,False,54.7,25.9,69.0,21.5,False,False,False,True
8e7e0de5-ac20-48ba-a734-b4991bf46c48,3890424,2279,2,00:32:17.754,77,17,42,Ball Receipt*,165,181,Schalke 04,Regular Play,872,Darmstadt 98,9219.0,Tobias Kempe,Left Wing,65.8,16.8,,,,False,,,,,,,False,,,,,,,False,False,left_to_right,False,65.8,16.8,,,False,False,False,False
eab5a90d-39f0-4c38-b890-940473658d7b,3890424,2280,2,00:32:17.754,77,17,2,Ball Recovery,165,181,Schalke 04,Regular Play,181,Schalke 04,30312.0,Uilson de Souza Paula Júnior,Right Back,51.1,58.6,,,0.0,False,,,,,,,False,,,,,,,False,False,left_to_right,False,51.1,58.6,,,False,False,False,False
09c9ba0e-030a-4e55-a48f-96ff8f399ee0,3890424,2281,2,00:32:17.754,77,17,43,Carry,165,181,Schalke 04,Regular Play,181,Schalke 04,30312.0,Uilson de Souza Paula Júnior,Right Back,51.1,58.6,52.3,57.8,0.377691,False,,,,,,,False,,,,,,,False,False,left_to_right,False,51.1,58.6,52.3,57.8,False,False,False,False
acc64524-41a6-40a8-baed-73fd3dd76244,3890424,2282,2,00:32:18.132,77,18,30,Pass,165,181,Schalke 04,Regular Play,181,Schalke 04,30312.0,Uilson de Souza Paula Júnior,Right Back,52.3,57.8,62.2,46.7,1.276759,False,,,,,,Incomplete,False,14.8734665,-0.84247893,Ground Pass,,3499.0,Jean-Eric Maxim Choupo-Moting,False,False,left_to_right,False,52.3,57.8,62.2,46.7,False,False,False,True
304e8c9a-7763-4e27-b9cb-4e33f8a2e233,3890424,2283,2,00:32:19.166,77,19,17,Pressure,165,181,Schalke 04,Regular Play,872,Darmstadt 98,9217.0,Aytac Sulu,Right Center Back,58.1,32.1,,,0.24198,False,,,,,,,False,,,,,,,False,False,left_to_right,False,58.1,32.1,,,False,False,False,False
37e3accd-70dc-4c0c-ba76-208b37adc0c2,3890424,2284,2,00:32:19.408,77,19,42,Ball Receipt*,165,181,Schalke 04,Regular Play,181,Schalke 04,3499.0,Jean-Eric Maxim Choupo-Moting,Left Wing,62.9,46.7,,,,True,,,,,,,False,,,,,,,False,False,left_to_right,False,62.9,46.7,,,False,False,False,False
fa5672b6-756c-43c4-8620-c8210f19d2be,3890424,2285,2,00:32:19.408,77,19,6,Block,165,181,Schalke 04,Regular Play,872,Darmstadt 98,9217.0,Aytac Sulu,Right Center Back,57.9,33.4,,,0.0,False,,,,,,,False,,,,,,,False,False,left_to_right,False,57.9,33.4,,,False,False,False,False
7a57a07c-0947-4a9a-8636-ba4bc4ab7b6a,3890424,2286,2,00:32:22.178,77,22,30,Pass,165,181,Schalke 04,Regular Play,872,Darmstadt 98,9219.0,Tobias Kempe,Left Wing,68.3,27.6,77.9,25.9,0.997378,True,,,,,,Incomplete,False,9.749359,-0.17526637,Low Pass,Recovery,400612.0,Marco Sailer,False,False,left_to_right,False,68.3,27.6,77.9,25.9,False,False,False,True
af3d82a3-50c1-429e-9758-d871cc3f11c2,3890424,2287,2,00:32:22.178,77,22,4,Duel,165,181,Schalke 04,Regular Play,181,Schalke 04,8508.0,Max Meyer,Center Attacking Midfield,51.8,52.5,,,0.0,True,,,,,,,False,,,,,,,False,False,left_to_right,False,51.8,52.5,,,False,False,False,False
76c29bc9-3a98-4f92-a9e4-3f87e6acecaa,3890424,2288,2,00:32:22.931,77,22,17,Pressure,165,181,Schalke 04,Regular Play,872,Darmstadt 98,400612.0,Marco Sailer,Left Defensive Midfield,74.2,24.1,,,0.805665,False,,,,,,,False,,,,,,,False,False,left_to_right,False,74.2,24.1,,,False,False,False,False
694fb335-9566-4e9e-9a5f-50ddaae293b9,3890424,2289,2,00:32:23.175,77,23,42,Ball Receipt*,165,181,Schalke 04,Regular Play,872,Darmstadt 98,400612.0,Marco Sailer,Left Defensive Midfield,77.5,23.4,,,,False,,,,,,,False,,,,,,,False,False,left_to_right,False,77.5,23.4,,,False,False,False,False
c22463ba-2c07-4643-9c2a-173353d65179,3890424,2290,2,00:32:23.175,77,23,10,Interception,165,181,Schalke 04,Regular Play,181,Schalke 04,6717.0,Johannes Geis,Right Defensive Midfield,42.2,54.2,,,0.0,True,,,,,,,False,,,,,,,False,False,left_to_right,False,42.2,54.2,,,False,False,False,False
8fd9ba2b-5ac7-4515-9396-b563e9a95254,3890424,2291,2,00:32:23.175,77,23,43,Carry,165,181,Schalke 04,Regular Play,181,Schalke 04,6717.0,Johannes Geis,Right Defensive Midfield,42.2,54.2,48.4,56.6,0.823405,True,,,,,,,False,,,,,,,False,False,left_to_right,False,42.2,54.2,48.4,56.6,False,False,False,False
4644fdb9-87ef-490c-9deb-b707c2c0f156,3890424,2292,2,00:32:23.636,77,23,17,Pressure,165,181,Schalke 04,Regular Play,872,Darmstadt 98,13675.0,Mario Vrančić,Center Attacking Midfield,72.9,24.1,,,0.416349,False,,,,,,,False,,,,,,,False,False,left_to_right,False,72.9,24.1,,,False,False,False,False
83fca8c2-fea9-4cf5-b966-4a369360d551,3890424,2293,2,00:32:23.999,77,23,30,Pass,165,181,Schalke 04,Regular Play,181,Schalke 04,6717.0,Johannes Geis,Right Defensive Midfield,48.4,56.6,78.7,52.5,3.448207,True,,,,,,Incomplete,False,30.576134,-0.13449663,High Pass,,8060.0,Klaas-Jan Huntelaar,False,False,left_to_right,False,48.4,56.6,78.7,52.5,False,True,False,True
0a1a515d-29d9-4a2c-9dc1-ddf6e2b5583d,3890424,2294,2,00:32:27.447,77,27,42,Ball Receipt*,165,181,Schalke 04,Regular Play,181,Schalke 04,8060.0,Klaas-Jan Huntelaar,Center Forward,76.4,48.6,,,,False,,,,,,,False,,,,,,,False,False,left_to_right,False,76.4,48.6,,,False,False,False,False
f46f8fec-f0ce-4cd9-ab69-09f2c15df634,3890424,2295,2,00:32:27.447,77,27,30,Pass,165,181,Schalke 04,Regular Play,872,Darmstadt 98,35033.0,Slobodan Rajković,Left Center Back,41.4,27.6,50.1,27.3,1.698932,False,,,,,,,True,8.705171,-0.0344691,High Pass,Recovery,9404.0,Luca Caldirola,False,False,left_to_right,False,41.4,27.6,50.1,27.3,False,False,False,False
046d3227-5173-4699-bea8-a9121989e80d,3890424,2296,2,00:32:29.146,77,29,42,Ball Receipt*,165,181,Schalke 04,Regular Play,872,Darmstadt 98,9404.0,Luca Caldirola,Left Back,50.1,27.3,,,,False,,,,,,,False,,,,,,,False,False,left_to_right,False,50.1,27.3,,,False,False,False,False
2595b8e7-56e7-4629-bbd2-11871a508ab5,3890424,2297,2,00:32:29.146,77,29,30,Pass,165,181,Schalke 04,Regular Play,872,Darmstadt 98,9404.0,Luca Caldirola,Left Back,51.2,27.4,64.4,32.6,1.835114,False,,,,,,Incomplete,False,14.187318,0.3752708,High Pass,,40467.0,Peter Niemeyer,False,False,left_to_right,False,51.2,27.4,64.4,32.6,False,False,False,True
9f206bf8-eb28-43c2-8005-264c5085a130,3890424,2298,2,00:32:30.981,77,30,42,Ball Receipt*,165,181,Schalke 04,Regular Play,872,Darmstadt 98,40467.0,Peter Niemeyer,Right Defensive Midfield,57.8,29.1,,,,False,,,,,,,False,,,,,,,False,False,left_to_right,False,57.8,29.1,,,False,False,False,False
704500cf-4b19-420f-95c4-9ff1f44ff432,3890424,2299,2,00:32:30.981,77,30,2,Ball Recovery,165,181,Schalke 04,Regular Play,181,Schalke 04,6324.0,Leon Goretzka,Left Defensive Midfield,55.7,47.5,,,0.0,False,,,,,,,False,,,,,,,False,False,left_to_right,False,55.7,47.5,,,False,False,False,False
1b657b6b-e598-4172-9d7c-c1ad4c969b87,3890424,2300,2,00:32:30.981,77,30,43,Carry,165,181,Schalke 04,Regular Play,181,Schalke 04,6324.0,Leon Goretzka,Left Defensive Midfield,55.7,47.5,56.4,47.0,0.853745,False,,,,,,,False,,,,,,,False,False,left_to_right,False,55.7,47.5,56.4,47.0,False,False,False,False
17a21e60-e40d-4117-a114-a890f3c22b96,3890424,2301,2,00:32:31.835,77,31,30,Pass,165,181,Schalke 04,Regular Play,181,Schalke 04,6324.0,Leon Goretzka,Left Defensive Midfield,56.4,47.0,64.7,45.5,0.837978,False,,,,,,,True,8.434453,-0.17879306,Ground Pass,,3499.0,Jean-Eric Maxim Choupo-Moting,False,False,left_to_right,False,56.4,47.0,64.7,45.5,False,False,False,False
393d2ab7-f984-4332-bde7-644a803bf1c4,3890424,2302,2,00:32:32.673,77,32,42,Ball Receipt*,165,181,Schalke 04,Regular Play,181,Schalke 04,3499.0,Jean-Eric Maxim Choupo-Moting,Left Wing,64.7,45.5,,,,False,,,,,,,False,,,,,,,False,False,left_to_right,False,64.7,45.5,,,False,False,False,False
d2d3d1c9-7848-4742-8823-9daa04a24fc3,3890424,2303,2,00:32:32.673,77,32,43,Carry,165,181,Schalke 04,Regular Play,181,Schalke 04,3499.0,Jean-Eric Maxim Choupo-Moting,Left Wing,64.7,45.5,63.6,36.0,1.255202,False,,,,,,,False,,,,,,,False,False,left_to_right,False,64.7,45.5,63.6,36.0,False,False,False,False
1993a2c6-1bb0-493f-adc6-6f67590d3b20,3890424,2304,2,00:32:33.928,77,33,30,Pass,165,181,Schalke 04,Regular Play,181,Schalke 04,3499.0,Jean-Eric Maxim Choupo-Moting,Left Wing,63.6,36.0,67.9,12.7,1.661865,False,,,,,,,True,23.693459,-1.3883003,Ground Pass,,8508.0,Max Meyer,False,False,left_to_right,False,63.6,36.0,67.9,12.7,False,False,False,False
fc7edbbe-9b1b-4afe-96c9-55dcb40bc4aa,3890424,2305,2,00:32:35.457,77,35,17,Pressure,165,181,Schalke 04,Regular Play,872,Darmstadt 98,9401.0,Marcel Heller,Right Wing,53.7,65.4,,,0.557528,False,,,,,,,False,,,,,,,False,False,left_to_right,False,53.7,65.4,,,False,False,False,False
0d4982d3-18c2-4809-aa41-9034610a9663,3890424,2306,2,00:32:35.590,77,35,42,Ball Receipt*,165,181,Schalke 04,Regular Play,181,Schalke 04,8508.0,Max Meyer,Center Attacking Midfield,67.9,12.7,,,,True,,,,,,,False,,,,,,,False,False,left_to_right,False,67.9,12.7,,,False,False,False,False
0f7f8d82-61bd-4559-a139-0011994a92e6,3890424,2307,2,00:32:35.590,77,35,30,Pass,165,181,Schalke 04,Regular Play,181,Schalke 04,8508.0,Max Meyer,Center Attacking Midfield,66.8,13.0,53.7,15.6,1.918141,True,,,,,,,True,13.355523,2.9456656,Ground Pass,,3510.0,Sead Kolašinac,False,False,left_to_right,False,66.8,13.0,53.7,15.6,False,False,False,False
0751b11b-3961-464f-a1d5-a9799ead830e,3890424,2308,2,00:32:37.508,77,37,42,Ball Receipt*,165,181,Schalke 04,Regular Play,181,Schalke 04,3510.0,Sead Kolašinac,Left Back,53.7,15.6,,,,False,,,,,,,False,,,,,,,False,False,left_to_right,False,53.7,15.6,,,False,False,False,False
a9e5c1f5-4752-4e9c-993e-57071a22993c,3890424,2309,2,00:32:37.508,77,37,43,Carry,165,181,Schalke 04,Regular Play,181,Schalke 04,3510.0,Sead Kolašinac,Left Back,53.7,15.6,57.6,12.4,0.226104,False,,,,,,,False,,,,,,,False,False,left_to_right,False,53.7,15.6,57.6,12.4,False,False,False,False
cd646b2f-d15b-41f6-a662-7f5707df3395,3890424,2310,2,00:32:37.734,77,37,30,Pass,165,181,Schalke 04,Regular Play,181,Schalke 04,3510.0,Sead Kolašinac,Left Back,57.6,12.4,68.1,6.4,1.589589,False,,,,,,,True,12.093387,-0.5191461,Ground Pass,,8508.0,Max Meyer,False,False,left_to_right,False,57.6,12.4,68.1,6.4,False,False,False,False
6b280e3e-75b4-4350-b99f-8196ce87b95b,3890424,2311,2,00:32:39.323,77,39,42,Ball Receipt*,165,181,Schalke 04,Regular Play,181,Schalke 04,8508.0,Max Meyer,Center Attacking Midfield,68.1,6.4,,,,False,,,,,,,False,,,,,,,False,False,left_to_right,False,68.1,6.4,,,False,False,False,False
e7255ffc-b463-4989-9581-293ff41db2c8,3890424,2312,2,00:32:39.323,77,39,43,Carry,165,181,Schalke 04,Regular Play,181,Schalke 04,8508.0,Max Meyer,Center Attacking Midfield,68.1,6.4,67.5,8.1,1.143976,True,,,,,,,False,,,,,,,False,False,left_to_right,False,68.1,6.4,67.5,8.1,False,False,False,False
07c03410-19bb-42e4-929a-530aa412d2d2,3890424,2313,2,00:32:39.887,77,39,17,Pressure,165,181,Schalke 04,Regular Play,872,Darmstadt 98,20522.0,György Garics,Right Back,48.7,73.1,,,1.074783,False,,,,,,,False,,,,,,,False,False,left_to_right,False,48.7,73.1,,,False,False,False,False
9fb58ce6-22e4-4fd2-834a-91a7c5584506,3890424,2314,2,00:32:40.467,77,40,30,Pass,165,181,Schalke 04,Regular Play,181,Schalke 04,8508.0,Max Meyer,Center Attacking Midfield,67.5,8.1,53.9,13.8,1.750332,True,,,,,,,True,14.746186,2.744715,Ground Pass,,3510.0,Sead Kolašinac,False,False,left_to_right,False,67.5,8.1,53.9,13.8,False,False,False,False
3aad1baf-1c78-4304-84eb-3ec196fb85fb,3890424,2315,2,00:32:42.210,77,42,17,Pressure,165,181,Schalke 04,Regular Play,872,Darmstadt 98,9401.0,Marcel Heller,Right Wing,62.9,67.4,,,0.435869,False,,,,,,,False,,,,,,,False,False,left_to_right,False,62.9,67.4,,,False,False,False,False
5f346c32-8741-455c-83db-977e1bc93a32,3890424,2316,2,00:32:42.218,77,42,42,Ball Receipt*,165,181,Schalke 04,Regular Play,181,Schalke 04,3510.0,Sead Kolašinac,Left Back,53.9,13.8,,,,True,,,,,,,False,,,,,,,False,False,left_to_right,False,53.9,13.8,,,False,False,False,False
80f6919a-3b96-4f3f-aaa1-a719ec6c8f52,3890424,2317,2,00:32:42.218,77,42,43,Carry,165,181,Schalke 04,Regular Play,181,Schalke 04,3510.0,Sead Kolašinac,Left Back,53.9,13.8,54.8,14.2,0.168451,True,,,,,,,False,,,,,,,False,False,left_to_right,False,53.9,13.8,54.8,14.2,False,False,False,False
2c6d6222-9142-46b0-b111-4cdbcc481680,3890424,2318,2,00:32:42.386,77,42,30,Pass,165,181,Schalke 04,Regular Play,181,Schalke 04,3510.0,Sead Kolašinac,Left Back,54.8,14.2,68.2,20.0,1.109966,True,,,,,,,True,14.60137,0.4084889,Ground Pass,,8508.0,Max Meyer,False,False,left_to_right,False,54.8,14.2,68.2,20.0,False,False,False,False
0bcc4010-7959-4326-b545-d4d6a7c6dff2,3890424,2319,2,00:32:43.496,77,43,42,Ball Receipt*,165,181,Schalke 04,Regular Play,181,Schalke 04,8508.0,Max Meyer,Center Attacking Midfield,68.2,20.0,,,,False,,,,,,,False,,,,,,,False,False,left_to_right,False,68.2,20.0,,,False,False,False,False
6d6a8dea-9e33-42d8-962e-43d2ada76f95,3890424,2320,2,00:32:43.496,77,43,43,Carry,165,181,Schalke 04,Regular Play,181,Schalke 04,8508.0,Max Meyer,Center Attacking Midfield,68.2,20.0,77.9,39.7,2.907629,False,,,,,,,False,,,,,,,False,False,left_to_right,False,68.2,20.0,77.9,39.7,False,False,False,False
5ad62aed-1fa1-4ce0-a963-f7182554cbb9,3890424,2321,2,00:32:46.404,77,46,30,Pass,165,181,Schalke 04,Regular Play,181,Schalke 04,8508.0,Max Meyer,Center Attacking Midfield,77.9,39.7,81.8,39.1,0.443773,False,,,,,,Incomplete,False,3.945884,-0.15264933,Low Pass,,8060.0,Klaas-Jan Huntelaar,False,False,left_to_right,False,77.9,39.7,81.8,39.1,False,False,True,True
5bf1312d-a4e4-434b-a6b9-2b6d1bf59423,3890424,2322,2,00:32:46.438,77,46,17,Pressure,165,181,Schalke 04,Regular Play,872,Darmstadt 98,35033.0,Slobodan Rajković,Left Center Back,39.0,40.4,,,0.409819,False,,,,,,,False,,,,,,,False,False,left_to_right,False,39.0,40.4,,,False,False,False,False
450f35e4-750e-405c-a268-590eb7039d0f,3890424,2323,2,00:32:46.848,77,46,42,Ball Receipt*,165,181,Schalke 04,Regular Play,181,Schalke 04,8060.0,Klaas-Jan Huntelaar,Center Forward,92.8,31.7,,,,True,,,,,,,False,,,,,,,False,False,left_to_right,False,92.8,31.7,,,False,False,False,False
60525dee-54c8-496e-ae61-29a11d9e8a14,3890424,2324,2,00:32:46.848,77,46,6,Block,165,181,Schalke 04,Regular Play,872,Darmstadt 98,35033.0,Slobodan Rajković,Left Center Back,38.3,41.0,,,0.0,False,,,,,,,False,,,,,,,False,False,left_to_right,False,38.3,41.0,,,False,False,False,False
bf9ebbff-f32d-4e12-874d-43c42566b2a0,3890424,2325,2,00:32:48.309,77,48,2,Ball Recovery,166,872,Darmstadt 98,Regular Play,872,Darmstadt 98,13675.0,Mario Vrančić,Center Attacking Midfield,45.9,44.3,,,0.0,False,,,,,,,False,,,,,,,False,False,left_to_right,False,45.9,44.3,,,False,False,False,False
7b3656fc-0c2e-4651-93ad-caa1c8de86c4,3890424,2326,2,00:32:48.309,77,48,43,Carry,166,872,Darmstadt 98,Regular Play,872,Darmstadt 98,13675.0,Mario Vrančić,Center Attacking Midfield,45.9,44.3,48.9,44.6,1.221579,False,,,,,,,False,,,,,,,False,False,left_to_right,False,45.9,44.3,48.9,44.6,False,False,False,False
5eaa74bf-6f44-498e-910c-be4dcd021451,3890424,2327,2,00:32:49.530,77,49,30,Pass,166,872,Darmstadt 98,Regular Play,872,Darmstadt 98,13675.0,Mario Vrančić,Center Attacking Midfield,48.9,44.6,66.9,49.6,1.555278,False,,,,,,,True,18.681541,0.27094686,Ground Pass,,9723.0,Sandro Wagner,False,False,left_to_right,False,48.9,44.6,66.9,49.6,False,False,False,False
3129ee74-4cdd-4112-ab8f-bddf0b95917a,3890424,2328,2,00:32:51.086,77,51,42,Ball Receipt*,166,872,Darmstadt 98,Regular Play,872,Darmstadt 98,9723.0,Sandro Wagner,Center Forward,66.9,49.6,,,,False,,,,,,,False,,,,,,,False,False,left_to_right,False,66.9,49.6,,,False,False,False,False
b354668e-8c33-482c-ad09-6eca4e93d760,3890424,2329,2,00:32:51.086,77,51,43,Carry,166,872,Darmstadt 98,Regular Play,872,Darmstadt 98,9723.0,Sandro Wagner,Center Forward,66.9,49.6,65.3,49.8,0.95755,True,,,,,,,False,,,,,,,False,False,left_to_right,False,66.9,49.6,65.3,49.8,False,False,False,False
a56730f9-98fa-4d1c-aaf6-3129ccafef88,3890424,2330,2,00:32:51.126,77,51,17,Pressure,166,872,Darmstadt 98,Regular Play,181,Schalke 04,16534.0,Roman Neustädter,Left Center Back,52.3,30.3,,,0.917597,False,,,,,,,False,,,,,,,False,False,left_to_right,False,52.3,30.3,,,False,False,False,False
bfd11294-00db-4313-99a1-903c8ff00d20,3890424,2331,2,00:32:52.043,77,52,3,Dispossessed,166,872,Darmstadt 98,Regular Play,872,Darmstadt 98,9723.0,Sandro Wagner,Center Forward,65.3,49.8,,,0.0,True,,,,,,,False,,,,,,,False,False,left_to_right,False,65.3,49.8,,,False,False,False,True
a388450c-b953-428e-8b28-5022589e4240,3890424,2332,2,00:32:52.043,77,52,4,Duel,166,872,Darmstadt 98,Regular Play,181,Schalke 04,16534.0,Roman Neustädter,Left Center Back,54.8,30.3,,,0.0,True,,,,,,,False,,,,,,,False,False,left_to_right,False,54.8,30.3,,,False,False,False,False
d65c1664-be87-4293-ab38-8ea8ef1391ea,3890424,2333,2,00:32:53.767,77,53,17,Pressure,166,872,Darmstadt 98,Regular Play,181,Schalke 04,6324.0,Leon Goretzka,Left Defensive Midfield,66.4,29.2,,,0.255223,False,,,,,,,False,,,,,,,False,False,left_to_right,False,66.4,29.2,,,False,False,False,False
a0d91907-f439-4526-a88d-b2cc921627f0,3890424,2334,2,00:32:53.799,77,53,30,Pass,166,872,Darmstadt 98,Regular Play,872,Darmstadt 98,9723.0,Sandro Wagner,Center Forward,52.8,50.7,47.3,47.0,1.121484,True,,,,,,,True,6.6287255,-2.549406,Ground Pass,Recovery,40467.0,Peter Niemeyer,False,False,left_to_right,False,52.8,50.7,47.3,47.0,False,False,False,False
bf35bcba-9af9-4104-a77d-80a6a3774179,3890424,2335,2,00:32:54.920,77,54,42,Ball Receipt*,166,872,Darmstadt 98,Regular Play,872,Darmstadt 98,40467.0,Peter Niemeyer,Right Defensive Midfield,47.3,47.0,,,,False,,,,,,,False,,,,,,,False,False,left_to_right,False,47.3,47.0,,,False,False,False,False
3f15261b-9243-4bc8-9469-9e974b31e3e7,3890424,2336,2,00:32:54.920,77,54,30,Pass,166,872,Darmstadt 98,Regular Play,872,Darmstadt 98,40467.0,Peter Niemeyer,Right Defensive Midfield,47.6,47.0,82.2,58.2,1.922091,False,,,,,,Incomplete,False,36.36757,0.31305513,High Pass,,9401.0,Marcel Heller,False,False,left_to_right,False,47.6,47.0,82.2,58.2,False,True,True,True
0f984e57-51fc-4a5f-9175-bc0c6e362de3,3890424,2337,2,00:32:56.842,77,56,42,Ball Receipt*,166,872,Darmstadt 98,Regular Play,872,Darmstadt 98,9401.0,Marcel Heller,Right Wing,85.3,61.5,,,,False,,,,,,,False,,,,,,,False,False,left_to_right,False,85.3,61.5,,,False,False,False,False
cc103db8-a0cc-4df0-b96d-876d92e8b8df,3890424,2338,2,00:32:56.842,77,56,4,Duel,166,872,Darmstadt 98,Regular Play,872,Darmstadt 98,9401.0,Marcel Heller,Right Wing,82.2,58.2,,,0.0,True,,,,,,,False,,,,,,,False,False,left_to_right,False,82.2,58.2,,,False,False,False,False
d74506ff-2ab9-4862-ba45-260f5b5cf8dd,3890424,2339,2,00:32:56.842,77,56,9,Clearance,166,872,Darmstadt 98,Regular Play,181,Schalke 04,3510.0,Sead Kolašinac,Left Back,37.9,21.9,,,0.0,True,,,,,,,False,,,,,,,False,False,left_to_right,False,37.9,21.9,,,False,False,False,False
12aa6b84-854f-4a2a-828f-4e6e473341a8,3890424,2340,2,00:32:58.978,77,58,2,Ball Recovery,166,872,Darmstadt 98,Regular Play,181,Schalke 04,3499.0,Jean-Eric Maxim Choupo-Moting,Left Wing,63.6,19.2,,,0.0,False,,,,,,,False,,,,,,,False,False,left_to_right,False,63.6,19.2,,,False,False,False,False
7874cafb-2786-4e39-975b-1e89b9beffde,3890424,2341,2,00:32:58.978,77,58,43,Carry,166,872,Darmstadt 98,Regular Play,181,Schalke 04,3499.0,Jean-Eric Maxim Choupo-Moting,Left Wing,63.6,19.2,63.7,21.4,1.212779,True,,,,,,,False,,,,,,,False,False,left_to_right,False,63.6,19.2,63.7,21.4,False,False,False,False
11b26dcd-6565-4d3d-bac4-d53688d6bee9,3890424,2342,2,00:32:59.255,77,59,17,Pressure,166,872,Darmstadt 98,Regular Play,872,Darmstadt 98,9723.0,Sandro Wagner,Center Forward,56.7,60.6,,,0.996039,False,,,,,,,False,,,,,,,False,False,left_to_right,False,56.7,60.6,,,False,False,False,False
da91c5d5-d286-47d2-b7ba-00ca79fc494c,3890424,2343,2,00:33:00.191,78,0,38,Miscontrol,166,872,Darmstadt 98,Regular Play,181,Schalke 04,3499.0,Jean-Eric Maxim Choupo-Moting,Left Wing,63.7,21.4,,,0.0,True,,,,,,,False,,,,,,,False,False,left_to_right,False,63.7,21.4,,,False,False,False,True
c64def91-dcec-46ca-935b-d62177a738be,3890424,2344,2,00:33:00.613,78,0,2,Ball Recovery,166,872,Darmstadt 98,Regular Play,872,Darmstadt 98,9723.0,Sandro Wagner,Center Forward,57.0,57.9,,,0.0,False,,,,,,,False,,,,,,,False,False,left_to_right,False,57.0,57.9,,,False,False,False,False
3f7d3ea8-91cc-43b6-91ef-4080034a6866,3890424,2345,2,00:33:00.613,78,0,43,Carry,166,872,Darmstadt 98,Regular Play,872,Darmstadt 98,9723.0,Sandro Wagner,Center Forward,57.0,57.9,55.9,55.4,1.272053,False,,,,,,,False,,,,,,,False,False,left_to_right,False,57.0,57.9,55.9,55.4,False,False,False,False
f00ee045-bc78-4c66-945a-0630f94ac96f,3890424,2346,2,00:33:01.885,78,1,30,Pass,166,872,Darmstadt 98,Regular Play,872,Darmstadt 98,9723.0,Sandro Wagner,Center Forward,55.9,55.4,66.5,54.1,1.008856,False,,,,,,,True,10.6794195,-0.12203212,Ground Pass,,13675.0,Mario Vrančić,False,False,left_to_right,False,55.9,55.4,66.5,54.1,False,False,False,False
234b1e6c-f517-4c64-bad0-96095af52015,3890424,2347,2,00:33:02.894,78,2,42,Ball Receipt*,166,872,Darmstadt 98,Regular Play,872,Darmstadt 98,13675.0,Mario Vrančić,Center Attacking Midfield,66.5,54.1,,,,False,,,,,,,False,,,,,,,False,False,left_to_right,False,66.5,54.1,,,False,False,False,False
0a99a443-156c-4683-a3aa-254d3e12abb2,3890424,2348,2,00:33:02.894,78,2,43,Carry,166,872,Darmstadt 98,Regular Play,872,Darmstadt 98,13675.0,Mario Vrančić,Center Attacking Midfield,66.5,54.1,71.7,49.6,1.223058,False,,,,,,,False,,,,,,,False,False,left_to_right,False,66.5,54.1,71.7,49.6,False,False,False,False
6e69311c-3c74-4e96-b1f0-886e332702f6,3890424,2349,2,00:33:04.117,78,4,30,Pass,166,872,Darmstadt 98,Regular Play,872,Darmstadt 98,13675.0,Mario Vrančić,Center Attacking Midfield,71.7,49.6,67.8,39.9,0.740634,False,,,,,,,True,10.454664,-1.9530789,Low Pass,,9723.0,Sandro Wagner,False,False,left_to_right,False,71.7,49.6,67.8,39.9,False,False,False,False
605a42a5-e315-4af7-b0ee-7dd3736b737e,3890424,2350,2,00:33:04.857,78,4,42,Ball Receipt*,166,872,Darmstadt 98,Regular Play,872,Darmstadt 98,9723.0,Sandro Wagner,Center Forward,67.8,39.9,,,,False,,,,,,,False,,,,,,,False,False,left_to_right,False,67.8,39.9,,,False,False,False,False
077c55ba-81b0-44a2-b118-991eabeaed95,3890424,2351,2,00:33:04.857,78,4,43,Carry,166,872,Darmstadt 98,Regular Play,872,Darmstadt 98,9723.0,Sandro Wagner,Center Forward,67.8,39.9,83.4,42.9,1.956561,True,,,,,,,False,,,,,,,False,False,left_to_right,False,67.8,39.9,83.4,42.9,True,False,False,False
ae711c51-c9a0-414c-a23f-05889defef3e,3890424,2352,2,00:33:06.533,78,6,17,Pressure,166,872,Darmstadt 98,Regular Play,181,Schalke 04,6324.0,Leon Goretzka,Left Defensive Midfield,36.2,35.0,,,0.913493,False,,,,,,,False,,,,,,,False,False,left_to_right,False,36.2,35.0,,,False,False,False,False
7ecf83fb-fb83-440c-ae1f-cd0e4c259070,3890424,2353,2,00:33:06.814,78,6,30,Pass,166,872,Darmstadt 98,Regular Play,872,Darmstadt 98,9723.0,Sandro Wagner,Center Forward,83.4,42.9,95.3,26.6,1.275161,True,,,,,,,True,20.181675,-0.9401786,Ground Pass,,9219.0,Tobias Kempe,True,False,left_to_right,False,83.4,42.9,95.3,26.6,False,False,False,False
3b878cb1-5e46-46f5-9e10-0209ac28bdab,3890424,2354,2,00:33:08.089,78,8,42,Ball Receipt*,166,872,Darmstadt 98,Regular Play,872,Darmstadt 98,9219.0,Tobias Kempe,Left Wing,95.3,26.6,,,,False,,,,,,,False,,,,,,,False,False,left_to_right,False,95.3,26.6,,,False,False,False,False
543f0753-3966-4d9b-9f8c-6bbafbedc715,3890424,2355,2,00:33:08.089,78,8,43,Carry,166,872,Darmstadt 98,Regular Play,872,Darmstadt 98,9219.0,Tobias Kempe,Left Wing,95.3,26.6,95.5,27.8,2.607393,True,,,,,,,False,,,,,,,False,False,left_to_right,False,95.3,26.6,95.5,27.8,False,False,False,False
9657b7f7-5ead-40e6-9e71-fd4c24e1647f,3890424,2356,2,00:33:10.582,78,10,17,Pressure,166,872,Darmstadt 98,Regular Play,181,Schalke 04,6717.0,Johannes Geis,Right Defensive Midfield,22.9,46.1,,,0.435568,False,,,,,,,False,,,,,,,False,False,left_to_right,False,22.9,46.1,,,False,False,False,False
2bbf9c4b-385d-4332-8127-1c60a015b54f,3890424,2357,2,00:33:10.696,78,10,16,Shot,166,872,Darmstadt 98,Regular Play,872,Darmstadt 98,9219.0,Tobias Kempe,Left Wing,95.5,27.8,120.0,31.6,1.160626,True,0.022953842,Off T,Right Foot,Normal,Open Play,,False,,,,,,,False,False,left_to_right,False,95.5,27.8,120.0,31.6,False,False,False,False
318bcbe3-3774-447f-8e68-08e81561c7ba,3890424,2358,2,00:33:11.857,78,11,23,Goal Keeper,166,872,Darmstadt 98,Regular Play,181,Schalke 04,8517.0,Ralf Fährmann,Goalkeeper,3.1,41.9,,,0.0,False,,,,,,,False,,,,,,,False,False,left_to_right,False,3.1,41.9,,,False,False,False,False
2f357a91-4681-4cc5-adb7-8ba575aa1d12,3890424,2359,2,00:33:36.977,78,36,30,Pass,167,181,Schalke 04,From Goal Kick,181,Schalke 04,8517.0,Ralf Fährmann,Goalkeeper,6.0,44.0,69.2,49.5,3.219955,False,,,,,,,True,63.43887,0.08680662,High Pass,Goal Kick,3499.0,Jean-Eric Maxim Choupo-Moting,False,False,left_to_right,False,6.0,44.0,69.2,49.5,False,True,False,False
023fd11b-597d-4cc8-b974-4626348ff5b8,3890424,2360,2,00:33:40.197,78,40,42,Ball Receipt*,167,181,Schalke 04,From Goal Kick,181,Schalke 04,3499.0,Jean-Eric Maxim Choupo-Moting,Left Wing,69.2,49.5,,,,False,,,,,,,False,,,,,,,False,False,left_to_right,False,69.2,49.5,,,False,False,False,False
a7ee18cf-db57-4261-833c-1cbcb10e402f,3890424,2361,2,00:33:40.237,78,40,4,Duel,167,181,Schalke 04,From Goal Kick,872,Darmstadt 98,40467.0,Peter Niemeyer,Right Defensive Midfield,51.4,30.7,,,0.0,True,,,,,,,False,,,,,,,False,False,left_to_right,False,51.4,30.7,,,False,False,False,False
38e7b2b3-8b27-49bb-b447-70e91a772f0b,3890424,2362,2,00:33:40.237,78,40,38,Miscontrol,167,181,Schalke 04,From Goal Kick,181,Schalke 04,3499.0,Jean-Eric Maxim Choupo-Moting,Left Wing,68.7,49.4,,,0.0,True,,,,,,,False,,,,,,,False,False,left_to_right,False,68.7,49.4,,,False,False,False,True
bec383ea-88bc-416a-9168-d4cd1a79729e,3890424,2363,2,00:33:41.410,78,41,9,Clearance,167,181,Schalke 04,From Goal Kick,872,Darmstadt 98,35033.0,Slobodan Rajković,Left Center Back,39.7,32.0,,,0.0,True,,,,,,,False,,,,,,,False,False,left_to_right,False,39.7,32.0,,,False,False,False,False
cc384b70-f8ab-47a1-b365-08471b16999e,3890424,2364,2,00:33:58.447,78,58,30,Pass,168,181,Schalke 04,From Throw In,181,Schalke 04,30312.0,Uilson de Souza Paula Júnior,Right Back,63.7,80.0,77.5,68.3,1.488053,False,,,,,,,True,18.092264,-0.7032306,High Pass,Throw-in,8060.0,Klaas-Jan Huntelaar,False,False,left_to_right,False,63.7,80.0,77.5,68.3,False,True,False,False
a9bf8314-3261-4c5c-ba81-98f40166dec8,3890424,2365,2,00:33:59.935,78,59,42,Ball Receipt*,168,181,Schalke 04,From Throw In,181,Schalke 04,8060.0,Klaas-Jan Huntelaar,Center Forward,77.5,68.3,,,,False,,,,,,,False,,,,,,,False,False,left_to_right,False,77.5,68.3,,,False,False,False,False
5a473558-0557-4719-b1b4-ce344c415421,3890424,2366,2,00:34:00.750,79,0,30,Pass,168,181,Schalke 04,From Throw In,181,Schalke 04,8060.0,Klaas-Jan Huntelaar,Center Forward,79.8,72.4,86.4,73.1,1.357732,True,,,,,,Incomplete,False,6.6370173,0.10566558,Low Pass,,3499.0,Jean-Eric Maxim Choupo-Moting,False,False,left_to_right,False,79.8,72.4,86.4,73.1,False,False,True,True
b85a8b2e-9082-4ba7-978d-950df70b4388,3890424,2367,2,00:34:00.750,79,0,4,Duel,168,181,Schalke 04,From Throw In,872,Darmstadt 98,9404.0,Luca Caldirola,Left Back,40.3,7.7,,,0.0,True,,,,,,,False,,,,,,,False,False,left_to_right,False,40.3,7.7,,,False,False,False,False
8dd5f20d-3bdc-43d1-a2d6-5ed793f86b82,3890424,2368,2,00:34:02.108,79,2,42,Ball Receipt*,168,181,Schalke 04,From Throw In,181,Schalke 04,3499.0,Jean-Eric Maxim Choupo-Moting,Left Wing,85.1,74.1,,,,False,,,,,,,False,,,,,,,False,False,left_to_right,False,85.1,74.1,,,False,False,False,False
1cc1e3d0-7770-4c9b-8b8b-c5610fcdeff2,3890424,2369,2,00:34:02.108,79,2,10,Interception,168,181,Schalke 04,From Throw In,872,Darmstadt 98,9217.0,Aytac Sulu,Right Center Back,33.7,7.0,,,0.0,False,,,,,,,False,,,,,,,False,False,left_to_right,False,33.7,7.0,,,False,False,False,False
3b411bb9-e521-406e-a5f1-7933d1133cc7,3890424,2370,2,00:34:22.855,79,22,30,Pass,169,181,Schalke 04,From Throw In,181,Schalke 04,30312.0,Uilson de Souza Paula Júnior,Right Back,93.1,80.0,95.4,68.6,1.797645,False,,,,,,,True,11.6297035,-1.3717145,Low Pass,Throw-in,8508.0,Max Meyer,False,False,left_to_right,False,93.1,80.0,95.4,68.6,False,False,False,False
f27ce111-f039-4ab4-b4bd-ebf128e96452,3890424,2371,2,00:34:24.066,79,24,17,Pressure,169,181,Schalke 04,From Throw In,872,Darmstadt 98,40467.0,Peter Niemeyer,Right Defensive Midfield,29.0,7.7,,,1.104201,False,,,,,,,False,,,,,,,False,False,left_to_right,False,29.0,7.7,,,False,False,False,False
4b726215-5492-4d1d-9aab-e7c640ae9a30,3890424,2372,2,00:34:24.653,79,24,42,Ball Receipt*,169,181,Schalke 04,From Throw In,181,Schalke 04,8508.0,Max Meyer,Center Attacking Midfield,95.4,68.6,,,,True,,,,,,,False,,,,,,,False,False,left_to_right,False,95.4,68.6,,,False,False,False,False
17f7581a-0b63-4b8d-823c-1098e8186b8a,3890424,2373,2,00:34:24.653,79,24,43,Carry,169,181,Schalke 04,From Throw In,181,Schalke 04,8508.0,Max Meyer,Center Attacking Midfield,95.4,68.6,88.2,78.0,0.374273,True,,,,,,,False,,,,,,,False,False,left_to_right,False,95.4,68.6,88.2,78.0,False,False,False,False
d8e2b827-b6c6-487d-8442-e73da57e0b50,3890424,2374,2,00:34:25.027,79,25,30,Pass,169,181,Schalke 04,From Throw In,181,Schalke 04,8508.0,Max Meyer,Center Attacking Midfield,88.2,78.0,89.8,79.4,0.386699,True,,,,,,Out,False,2.1260293,0.71883,Ground Pass,,30312.0,Uilson de Souza Paula Júnior,False,False,left_to_right,False,88.2,78.0,89.8,79.4,False,False,False,True
ecea380c-3715-4634-86fb-614ed952e56c,3890424,2375,2,00:34:25.414,79,25,42,Ball Receipt*,169,181,Schalke 04,From Throw In,181,Schalke 04,30312.0,Uilson de Souza Paula Júnior,Right Back,91.1,77.0,,,,False,,,,,,,False,,,,,,,False,False,left_to_right,False,91.1,77.0,,,False,False,False,False
c1e0662a-d3e5-42e6-9c1c-9f01b226c1e4,3890424,2376,2,00:34:33.208,79,33,30,Pass,170,872,Darmstadt 98,From Throw In,872,Darmstadt 98,9404.0,Luca Caldirola,Left Back,37.5,0.1,57.2,7.6,1.287769,False,,,,,,Incomplete,False,21.079374,0.36376786,High Pass,Throw-in,9723.0,Sandro Wagner,False,False,left_to_right,False,37.5,0.1,57.2,7.6,False,False,False,True
f4f8ef02-1cf5-4644-bdd1-a9cd17816488,3890424,2377,2,00:34:34.496,79,34,42,Ball Receipt*,170,872,Darmstadt 98,From Throw In,872,Darmstadt 98,9723.0,Sandro Wagner,Center Forward,57.2,7.0,,,,False,,,,,,,False,,,,,,,False,False,left_to_right,False,57.2,7.0,,,False,False,False,False
ce20edd1-ec51-4a3e-b868-ea69f5bd7f3a,3890424,2378,2,00:34:34.496,79,34,30,Pass,171,181,Schalke 04,Regular Play,181,Schalke 04,30312.0,Uilson de Souza Paula Júnior,Right Back,62.9,72.5,74.0,53.5,1.418991,False,,,,,,,True,22.004772,-1.0420676,High Pass,Recovery,3499.0,Jean-Eric Maxim Choupo-Moting,False,False,left_to_right,False,62.9,72.5,74.0,53.5,False,True,False,False
880de587-fabe-4920-afc4-a0b1d46d4645,3890424,2379,2,00:34:35.915,79,35,42,Ball Receipt*,171,181,Schalke 04,Regular Play,181,Schalke 04,3499.0,Jean-Eric Maxim Choupo-Moting,Left Wing,74.0,53.5,,,,False,,,,,,,False,,,,,,,False,False,left_to_right,False,74.0,53.5,,,False,False,False,False
22fc3446-55e9-42d5-b23d-0ebefd2ae45e,3890424,2380,2,00:34:35.915,79,35,43,Carry,171,181,Schalke 04,Regular Play,181,Schalke 04,3499.0,Jean-Eric Maxim Choupo-Moting,Left Wing,74.0,53.5,73.4,54.5,0.975731,True,,,,,,,False,,,,,,,False,False,left_to_right,False,74.0,53.5,73.4,54.5,False,False,False,False
6bf01856-678a-47a1-ba0d-d46364c39674,3890424,2381,2,00:34:36.339,79,36,17,Pressure,171,181,Schalke 04,Regular Play,872,Darmstadt 98,9217.0,Aytac Sulu,Right Center Back,45.6,27.0,,,0.551545,False,,,,,,,False,,,,,,,False,False,left_to_right,False,45.6,27.0,,,False,False,False,False
88579ab1-2c5c-4f40-8e68-40e36d843413,3890424,2382,2,00:34:36.891,79,36,22,Foul Committed,171,181,Schalke 04,Regular Play,181,Schalke 04,3499.0,Jean-Eric Maxim Choupo-Moting,Left Wing,73.4,54.5,,,0.0,False,,,,,,,False,,,,,,,False,False,left_to_right,False,73.4,54.5,,,False,False,False,False
3940c49f-e688-4aa6-8dd1-1e638747f2a6,3890424,2383,2,00:34:36.891,79,36,21,Foul Won,171,181,Schalke 04,Regular Play,872,Darmstadt 98,9217.0,Aytac Sulu,Right Center Back,46.7,25.6,,,0.0,False,,,,,,,False,,,,,,,False,False,left_to_right,False,46.7,25.6,,,False,False,False,False
52aded88-ddd0-49ac-887f-e259e6cd67e8,3890424,2384,2,00:34:49.611,79,49,30,Pass,172,872,Darmstadt 98,From Free Kick,872,Darmstadt 98,35033.0,Slobodan Rajković,Left Center Back,47.9,22.1,95.1,41.2,2.439245,False,,,,,,Incomplete,False,50.91807,0.38451803,High Pass,Free Kick,9723.0,Sandro Wagner,False,False,left_to_right,False,47.9,22.1,95.1,41.2,False,True,True,True
3d951f8b-b26b-41cd-b54c-1e15013ab6be,3890424,2385,2,00:34:52.051,79,52,42,Ball Receipt*,172,872,Darmstadt 98,From Free Kick,872,Darmstadt 98,9723.0,Sandro Wagner,Center Forward,93.1,43.1,,,,False,,,,,,,False,,,,,,,False,False,left_to_right,False,93.1,43.1,,,False,False,False,False
5686d001-9c73-4287-9615-d3147ee52485,3890424,2386,2,00:34:52.051,79,52,9,Clearance,172,872,Darmstadt 98,From Free Kick,181,Schalke 04,3502.0,Joël Andre Job Matip,Right Center Back,25.0,38.9,,,0.0,True,,,,,,,False,,,,,,,False,False,left_to_right,False,25.0,38.9,,,False,False,False,False
b6b03997-80c9-4c31-8324-2efa9297ed95,3890424,2387,2,00:34:53.416,79,53,30,Pass,172,872,Darmstadt 98,From Free Kick,872,Darmstadt 98,40467.0,Peter Niemeyer,Right Defensive Midfield,82.0,44.9,85.3,80.0,3.941719,False,,,,,,Out,False,35.254787,1.4770548,High Pass,Recovery,9401.0,Marcel Heller,False,False,left_to_right,False,82.0,44.9,85.3,80.0,False,False,False,True
5e803daa-524c-483f-a285-614b5dd9c4ed,3890424,2388,2,00:34:57.357,79,57,42,Ball Receipt*,172,872,Darmstadt 98,From Free Kick,872,Darmstadt 98,9401.0,Marcel Heller,Right Wing,86.4,77.7,,,,False,,,,,,,False,,,,,,,False,False,left_to_right,False,86.4,77.7,,,False,False,False,False
9ccd63ec-573b-45a2-91f8-20035b83143c,3890424,2389,2,00:35:11.283,80,11,30,Pass,173,181,Schalke 04,From Throw In,181,Schalke 04,3510.0,Sead Kolašinac,Left Back,39.5,0.1,29.3,8.1,1.264267,False,,,,,,,True,12.963024,2.47649,High Pass,Throw-in,16534.0,Roman Neustädter,False,False,left_to_right,False,39.5,0.1,29.3,8.1,False,False,False,False
24ca0a7e-a53e-4cf1-bfee-035beed4c6c7,3890424,2390,2,00:35:12.548,80,12,42,Ball Receipt*,173,181,Schalke 04,From Throw In,181,Schalke 04,16534.0,Roman Neustädter,Left Center Back,29.3,8.1,,,,False,,,,,,,False,,,,,,,False,False,left_to_right,False,29.3,8.1,,,False,False,False,False
e1c65e25-0772-42b3-a54f-c2de2d1296b8,3890424,2391,2,00:35:12.548,80,12,43,Carry,173,181,Schalke 04,From Throw In,181,Schalke 04,16534.0,Roman Neustädter,Left Center Back,29.3,8.1,27.6,6.1,1.020697,True,,,,,,,False,,,,,,,False,False,left_to_right,False,29.3,8.1,27.6,6.1,False,False,False,False
74ae5aa1-cef2-4ec5-b525-b44475b6c8c0,3890424,2392,2,00:35:13.439,80,13,17,Pressure,173,181,Schalke 04,From Throw In,872,Darmstadt 98,13675.0,Mario Vrančić,Center Attacking Midfield,89.0,73.1,,,0.776183,False,,,,,,,False,,,,,,,False,False,left_to_right,False,89.0,73.1,,,False,False,False,False
e21dcd43-3d76-4f53-9269-82d51d7dba8f,3890424,2393,2,00:35:13.568,80,13,30,Pass,173,181,Schalke 04,From Throw In,181,Schalke 04,16534.0,Roman Neustädter,Left Center Back,27.6,6.1,70.3,3.8,2.639889,True,,,,,,Incomplete,False,42.761898,-0.053812165,High Pass,,8060.0,Klaas-Jan Huntelaar,False,False,left_to_right,False,27.6,6.1,70.3,3.8,False,True,False,True
cb85ba2e-b675-4156-a6a3-ec73a963e826,3890424,2394,2,00:35:16.208,80,16,42,Ball Receipt*,173,181,Schalke 04,From Throw In,181,Schalke 04,8060.0,Klaas-Jan Huntelaar,Center Forward,68.6,6.6,,,,False,,,,,,,False,,,,,,,False,False,left_to_right,False,68.6,6.6,,,False,False,False,False
dd75b090-28df-4586-99e5-1de013d40b9e,3890424,2395,2,00:35:16.208,80,16,30,Pass,173,181,Schalke 04,From Throw In,872,Darmstadt 98,20522.0,György Garics,Right Back,49.8,76.3,70.3,73.5,1.893931,False,,,,,,Incomplete,False,20.690336,-0.13574539,High Pass,Recovery,40467.0,Peter Niemeyer,False,False,left_to_right,False,49.8,76.3,70.3,73.5,False,False,False,True
86e51c18-c6bb-45f7-a811-85f80f9057a1,3890424,2396,2,00:35:18.102,80,18,42,Ball Receipt*,173,181,Schalke 04,From Throw In,872,Darmstadt 98,40467.0,Peter Niemeyer,Right Defensive Midfield,67.2,73.5,,,,False,,,,,,,False,,,,,,,False,False,left_to_right,False,67.2,73.5,,,False,False,False,False
c09cb828-6675-433d-b2d9-d93fc86da90a,3890424,2397,2,00:35:18.102,80,18,30,Pass,173,181,Schalke 04,From Throw In,181,Schalke 04,3499.0,Jean-Eric Maxim Choupo-Moting,Left Wing,49.8,6.6,55.9,11.4,1.063792,False,,,,,,Incomplete,False,7.7620873,0.66669285,Low Pass,Recovery,6324.0,Leon Goretzka,False,False,left_to_right,False,49.8,6.6,55.9,11.4,False,False,False,True
41411f1b-b64b-4086-9033-badbe2cc0947,3890424,2398,2,00:35:19.166,80,19,42,Ball Receipt*,173,181,Schalke 04,From Throw In,181,Schalke 04,6324.0,Leon Goretzka,Left Defensive Midfield,56.4,13.6,,,,False,,,,,,,False,,,,,,,False,False,left_to_right,False,56.4,13.6,,,False,False,False,False
680b24bd-6687-44d3-af9a-727cfded3321,3890424,2399,2,00:35:19.166,80,19,10,Interception,173,181,Schalke 04,From Throw In,872,Darmstadt 98,40467.0,Peter Niemeyer,Right Defensive Midfield,64.2,68.7,,,0.0,False,,,,,,,False,,,,,,,False,False,left_to_right,False,64.2,68.7,,,False,False,False,False
173bf23c-fe87-48b1-bbca-a863577d5c98,3890424,2400,2,00:35:21.398,80,21,30,Pass,173,181,Schalke 04,From Throw In,872,Darmstadt 98,9219.0,Tobias Kempe,Left Wing,73.1,53.7,94.0,64.8,2.004829,False,,,,,,Incomplete,False,23.664742,0.48821732,High Pass,Recovery,13675.0,Mario Vrančić,False,False,left_to_right,False,73.1,53.7,94.0,64.8,False,True,True,True
12fec15a-67c3-4c53-a459-4c309b0fde78,3890424,2401,2,00:35:23.402,80,23,42,Ball Receipt*,173,181,Schalke 04,From Throw In,872,Darmstadt 98,13675.0,Mario Vrančić,Center Attacking Midfield,93.1,64.0,,,,False,,,,,,,False,,,,,,,False,False,left_to_right,False,93.1,64.0,,,False,False,False,False
055a2454-49c3-45e2-a3c2-6039360989a1,3890424,2402,2,00:35:23.402,80,23,30,Pass,173,181,Schalke 04,From Throw In,181,Schalke 04,3510.0,Sead Kolašinac,Left Back,26.1,15.3,28.4,30.6,2.172614,False,,,,,,Incomplete,False,15.47191,1.4215868,High Pass,Recovery,6717.0,Johannes Geis,False,False,left_to_right,False,26.1,15.3,28.4,30.6,False,False,False,True
47f80b85-4115-4f4c-9e09-924070f4fa4f,3890424,2403,2,00:35:25.575,80,25,42,Ball Receipt*,173,181,Schalke 04,From Throw In,181,Schalke 04,6717.0,Johannes Geis,Right Defensive Midfield,29.7,31.6,,,,False,,,,,,,False,,,,,,,False,False,left_to_right,False,29.7,31.6,,,False,False,False,False
c13725ae-cfaf-4db8-a63d-5076271d2cce,3890424,2404,2,00:35:25.575,80,25,2,Ball Recovery,173,181,Schalke 04,From Throw In,872,Darmstadt 98,9723.0,Sandro Wagner,Center Forward,91.7,49.5,,,0.0,False,,,,,,,False,,,,,,,False,False,left_to_right,False,91.7,49.5,,,False,False,False,False
9b3320dd-60cd-4a1a-b86a-01d237fa50d3,3890424,2405,2,00:35:25.575,80,25,43,Carry,173,181,Schalke 04,From Throw In,872,Darmstadt 98,9723.0,Sandro Wagner,Center Forward,91.7,49.5,93.5,46.6,1.167797,True,,,,,,,False,,,,,,,False,False,left_to_right,False,91.7,49.5,93.5,46.6,False,False,False,False
a27763f0-b921-4fc3-9da6-b4d2f98ea2e6,3890424,2406,2,00:35:26.597,80,26,17,Pressure,173,181,Schalke 04,From Throw In,181,Schalke 04,6717.0,Johannes Geis,Right Defensive Midfield,27.0,32.7,,,0.440996,False,,,,,,,False,,,,,,,False,False,left_to_right,False,27.0,32.7,,,False,False,False,False
0eca476d-27bd-4488-8a93-189304d25b90,3890424,2407,2,00:35:26.743,80,26,16,Shot,173,181,Schalke 04,From Throw In,872,Darmstadt 98,9723.0,Sandro Wagner,Center Forward,93.5,46.6,120.0,31.2,1.61274,True,0.020318909,Off T,Right Foot,Half Volley,Open Play,,False,,,,,,,False,False,left_to_right,False,93.5,46.6,120.0,31.2,False,False,False,False
4812eb2c-701a-41ec-b1d7-b238130e34cf,3890424,2408,2,00:35:28.356,80,28,23,Goal Keeper,173,181,Schalke 04,From Throw In,181,Schalke 04,8517.0,Ralf Fährmann,Goalkeeper,1.6,40.0,,,0.0,False,,,,,,,False,,,,,,,False,False,left_to_right,False,1.6,40.0,,,False,False,False,False
216d6665-fffb-4606-aeb2-15cb0f9e9453,3890424,2409,2,00:35:56.961,80,56,30,Pass,174,181,Schalke 04,From Goal Kick,181,Schalke 04,8517.0,Ralf Fährmann,Goalkeeper,6.0,44.0,67.3,50.0,3.238817,False,,,,,,Incomplete,False,61.592937,0.0975685,High Pass,Goal Kick,8060.0,Klaas-Jan Huntelaar,False,False,left_to_right,False,6.0,44.0,67.3,50.0,False,True,False,True
9f1cf655-e3d0-45ac-ab86-f43b908b622e,3890424,2410,2,00:36:00.200,81,0,42,Ball Receipt*,174,181,Schalke 04,From Goal Kick,181,Schalke 04,8060.0,Klaas-Jan Huntelaar,Center Forward,68.2,50.2,,,,False,,,,,,,False,,,,,,,False,False,left_to_right,False,68.2,50.2,,,False,False,False,False
1aae9029-7306-4cd5-943d-255add12131c,3890424,2411,2,00:36:00.200,81,0,4,Duel,174,181,Schalke 04,From Goal Kick,181,Schalke 04,8060.0,Klaas-Jan Huntelaar,Center Forward,67.3,50.0,,,0.0,True,,,,,,,False,,,,,,,False,False,left_to_right,False,67.3,50.0,,,False,False,False,False
866e5923-aaaf-4e25-baae-fb35342b8d93,3890424,2412,2,00:36:00.200,81,0,9,Clearance,174,181,Schalke 04,From Goal Kick,872,Darmstadt 98,400612.0,Marco Sailer,Left Defensive Midfield,52.8,30.1,,,0.0,True,,,,,,,False,,,,,,,False,False,left_to_right,False,52.8,30.1,,,False,False,False,False
1122db58-9efc-4a27-8554-e0af0ac41bda,3890424,2413,2,00:36:01.759,81,1,30,Pass,174,181,Schalke 04,From Goal Kick,872,Darmstadt 98,9219.0,Tobias Kempe,Left Wing,63.3,29.1,71.5,37.9,1.747518,False,,,,,,Incomplete,False,12.0283,0.82067764,High Pass,Recovery,9723.0,Sandro Wagner,False,False,left_to_right,False,63.3,29.1,71.5,37.9,False,False,False,True
0b8a750a-4aea-49d1-a329-602a8f7202fc,3890424,2414,2,00:36:03.507,81,3,42,Ball Receipt*,174,181,Schalke 04,From Goal Kick,872,Darmstadt 98,9723.0,Sandro Wagner,Center Forward,74.2,38.4,,,,False,,,,,,,False,,,,,,,False,False,left_to_right,False,74.2,38.4,,,False,False,False,False
1dce8ae7-85b4-4fa8-bb65-09a3d2caf1f6,3890424,2415,2,00:36:03.507,81,3,9,Clearance,174,181,Schalke 04,From Goal Kick,181,Schalke 04,16534.0,Roman Neustädter,Left Center Back,48.6,42.2,,,0.0,True,,,,,,,False,,,,,,,False,False,left_to_right,False,48.6,42.2,,,False,False,False,False
886a9f13-99c5-4a79-99a4-2ed514da05c8,3890424,2416,2,00:36:08.215,81,8,17,Pressure,174,181,Schalke 04,From Goal Kick,181,Schalke 04,8060.0,Klaas-Jan Huntelaar,Center Forward,99.2,66.6,,,0.556678,False,,,,,,,False,,,,,,,False,False,left_to_right,False,99.2,66.6,,,False,False,False,False
9d55b9d9-d85c-4b1f-b495-8aa4e483defc,3890424,2417,2,00:36:08.701,81,8,30,Pass,174,181,Schalke 04,From Goal Kick,872,Darmstadt 98,35033.0,Slobodan Rajković,Left Center Back,18.6,9.9,36.4,0.6,1.730351,True,,,,,,Out,False,20.083078,-0.4814631,High Pass,Recovery,9404.0,Luca Caldirola,False,False,left_to_right,False,18.6,9.9,36.4,0.6,False,False,False,True
1a2f1813-9137-4f62-b04b-d00440c6401f,3890424,2418,2,00:36:10.432,81,10,42,Ball Receipt*,174,181,Schalke 04,From Goal Kick,872,Darmstadt 98,9404.0,Luca Caldirola,Left Back,37.8,4.3,,,,False,,,,,,,False,,,,,,,False,False,left_to_right,False,37.8,4.3,,,False,False,False,False
be5cb8b0-509b-43e5-a3fb-e7b747fe5181,3890424,2419,2,00:36:21.940,81,21,30,Pass,175,181,Schalke 04,From Throw In,181,Schalke 04,30312.0,Uilson de Souza Paula Júnior,Right Back,83.9,80.0,100.6,72.2,1.618169,False,,,,,,,True,18.431767,-0.43695492,High Pass,Throw-in,3499.0,Jean-Eric Maxim Choupo-Moting,False,False,left_to_right,False,83.9,80.0,100.6,72.2,False,True,False,False
befc9c0c-1fe8-4b09-821c-a34452c95ca6,3890424,2420,2,00:36:22.970,81,22,17,Pressure,175,181,Schalke 04,From Throw In,872,Darmstadt 98,40467.0,Peter Niemeyer,Right Defensive Midfield,18.9,8.4,,,0.942992,False,,,,,,,False,,,,,,,False,False,left_to_right,False,18.9,8.4,,,False,False,False,False
49d92b71-9a1f-4ea9-a0a2-be938ad9f7b0,3890424,2421,2,00:36:23.558,81,23,42,Ball Receipt*,175,181,Schalke 04,From Throw In,181,Schalke 04,3499.0,Jean-Eric Maxim Choupo-Moting,Left Wing,100.6,72.2,,,,True,,,,,,,False,,,,,,,False,False,left_to_right,False,100.6,72.2,,,False,False,False,False
42ae3bd4-8f87-4931-8fd6-459996577b8b,3890424,2422,2,00:36:23.558,81,23,43,Carry,175,181,Schalke 04,From Throw In,181,Schalke 04,3499.0,Jean-Eric Maxim Choupo-Moting,Left Wing,100.6,72.2,102.9,76.3,1.257951,True,,,,,,,False,,,,,,,False,False,left_to_right,False,100.6,72.2,102.9,76.3,False,False,False,False
5b78cc74-6a90-4db2-9787-6c596e773e81,3890424,2423,2,00:36:24.816,81,24,30,Pass,175,181,Schalke 04,From Throw In,181,Schalke 04,3499.0,Jean-Eric Maxim Choupo-Moting,Left Wing,102.9,76.3,114.0,68.3,2.621879,False,,,,,,Incomplete,False,13.68247,-0.62449753,Ground Pass,,3053.0,Leroy Sané,False,False,left_to_right,False,102.9,76.3,114.0,68.3,False,True,False,True
0bf5a16d-ebb4-4c35-b025-62a886e06ad2,3890424,2424,2,00:36:27.438,81,27,42,Ball Receipt*,175,181,Schalke 04,From Throw In,181,Schalke 04,3053.0,Leroy Sané,Right Wing,99.7,70.3,,,,False,,,,,,,False,,,,,,,False,False,left_to_right,False,99.7,70.3,,,False,False,False,False
9291f48c-d7ad-4f51-8004-625781b262e8,3890424,2425,2,00:36:27.438,81,27,2,Ball Recovery,176,872,Darmstadt 98,From Counter,872,Darmstadt 98,35033.0,Slobodan Rajković,Left Center Back,6.1,11.8,,,0.0,False,,,,,,,False,,,,,,,False,False,left_to_right,False,6.1,11.8,,,False,False,False,False
c9cb5b0b-b6ea-4ec3-9535-978e089dd9f6,3890424,2426,2,00:36:27.438,81,27,43,Carry,176,872,Darmstadt 98,From Counter,872,Darmstadt 98,35033.0,Slobodan Rajković,Left Center Back,6.1,11.8,8.1,11.6,0.911458,False,,,,,,,False,,,,,,,False,False,left_to_right,False,6.1,11.8,8.1,11.6,False,False,False,False
40867236-60c2-4241-ad64-bfb65c442786,3890424,2427,2,00:36:28.349,81,28,30,Pass,176,872,Darmstadt 98,From Counter,872,Darmstadt 98,35033.0,Slobodan Rajković,Left Center Back,8.1,11.6,47.0,28.5,2.453289,False,,,,,,,True,42.4125,0.4098453,High Pass,,13675.0,Mario Vrančić,False,False,left_to_right,False,8.1,11.6,47.0,28.5,False,True,False,False
b863c056-8b12-4699-8889-910d7ba4ef3c,3890424,2428,2,00:36:28.378,81,28,17,Pressure,176,872,Darmstadt 98,From Counter,181,Schalke 04,3499.0,Jean-Eric Maxim Choupo-Moting,Left Wing,108.7,70.2,,,0.49087,False,,,,,,,False,,,,,,,False,False,left_to_right,False,108.7,70.2,,,False,False,False,False
9e9b0226-333d-4b26-a5dc-8a113e93cbf0,3890424,2429,2,00:36:30.803,81,30,42,Ball Receipt*,176,872,Darmstadt 98,From Counter,872,Darmstadt 98,13675.0,Mario Vrančić,Center Attacking Midfield,47.0,28.5,,,,False,,,,,,,False,,,,,,,False,False,left_to_right,False,47.0,28.5,,,False,False,False,False
01bffcbb-9141-4af1-b4f0-aa14f7951178,3890424,2430,2,00:36:30.803,81,30,30,Pass,176,872,Darmstadt 98,From Counter,872,Darmstadt 98,13675.0,Mario Vrančić,Center Attacking Midfield,48.3,27.0,76.1,30.6,3.487381,False,,,,,,Incomplete,False,28.032124,0.12877974,High Pass,,400612.0,Marco Sailer,False,False,left_to_right,False,48.3,27.0,76.1,30.6,False,True,False,True
11d4153d-a46b-43fa-8549-7e834e2681ac,3890424,2431,2,00:36:34.290,81,34,42,Ball Receipt*,176,872,Darmstadt 98,From Counter,872,Darmstadt 98,400612.0,Marco Sailer,Left Defensive Midfield,72.2,29.3,,,,False,,,,,,,False,,,,,,,False,False,left_to_right,False,72.2,29.3,,,False,False,False,False
4b9989cd-366e-4166-be12-b4aa7b9b1d74,3890424,2432,2,00:36:34.290,81,34,22,Foul Committed,176,872,Darmstadt 98,From Counter,872,Darmstadt 98,400612.0,Marco Sailer,Left Defensive Midfield,73.7,30.7,,,0.0,False,,,,,,,False,,,,,,,False,False,left_to_right,False,73.7,30.7,,,False,False,False,False
49fa3ac9-a2b5-445c-b583-7dfb7932acb3,3890424,2433,2,00:36:34.290,81,34,21,Foul Won,176,872,Darmstadt 98,Regular Play,181,Schalke 04,16534.0,Roman Neustädter,Left Center Back,46.4,49.4,,,0.0,True,,,,,,,False,,,,,,,False,False,left_to_right,False,46.4,49.4,,,False,False,False,False
1121cac1-bb69-4733-99c4-47b62fcf4065,3890424,2434,2,00:36:48.076,81,48,30,Pass,177,181,Schalke 04,From Free Kick,181,Schalke 04,6717.0,Johannes Geis,Right Defensive Midfield,46.1,49.4,100.3,0.1,6.656689,False,,,,,,Out,False,73.267525,-0.7380905,High Pass,Free Kick,8060.0,Klaas-Jan Huntelaar,False,False,left_to_right,False,46.1,49.4,100.3,0.1,False,True,True,True
03e7c7c6-7c25-4ad8-95c9-a5b1b33d164d,3890424,2435,2,00:36:54.733,81,54,42,Ball Receipt*,177,181,Schalke 04,From Free Kick,181,Schalke 04,8060.0,Klaas-Jan Huntelaar,Center Forward,100.3,2.4,,,,False,,,,,,,False,,,,,,,False,False,left_to_right,False,100.3,2.4,,,False,False,False,False
424f6828-579b-494d-befc-f04c72bc1ef7,3890424,2436,2,00:37:09.374,82,9,30,Pass,178,872,Darmstadt 98,From Throw In,872,Darmstadt 98,20522.0,György Garics,Right Back,23.3,80.0,38.7,74.6,1.356603,False,,,,,,,True,16.319313,-0.33725318,High Pass,Throw-in,400612.0,Marco Sailer,False,False,left_to_right,False,23.3,80.0,38.7,74.6,False,False,False,False
791175d9-1b80-47f1-b3c3-769d28846406,3890424,2437,2,00:37:10.731,82,10,42,Ball Receipt*,178,872,Darmstadt 98,From Throw In,872,Darmstadt 98,400612.0,Marco Sailer,Left Defensive Midfield,38.7,74.6,,,,False,,,,,,,False,,,,,,,False,False,left_to_right,False,38.7,74.6,,,False,False,False,False
8bb326ed-2bca-461f-bf49-0bf1cd7db422,3890424,2438,2,00:37:10.731,82,10,4,Duel,178,872,Darmstadt 98,From Throw In,181,Schalke 04,6324.0,Leon Goretzka,Left Defensive Midfield,81.4,5.5,,,0.0,True,,,,,,,False,,,,,,,False,False,left_to_right,False,81.4,5.5,,,False,False,False,False
28123cfa-059b-4a0a-a82b-89ef7e4b1d9e,3890424,2439,2,00:37:10.731,82,10,30,Pass,178,872,Darmstadt 98,From Throw In,872,Darmstadt 98,400612.0,Marco Sailer,Left Defensive Midfield,38.7,74.6,48.7,75.1,1.654605,True,,,,,,Incomplete,False,10.012492,0.049958397,High Pass,,,,False,False,left_to_right,False,38.7,74.6,48.7,75.1,False,False,False,True
43030d24-6f15-460b-84cc-b7db4aed3c36,3890424,2440,2,00:37:12.385,82,12,2,Ball Recovery,179,181,Schalke 04,Regular Play,181,Schalke 04,3510.0,Sead Kolašinac,Left Back,71.4,5.0,,,0.0,False,,,,,,,False,,,,,,,False,False,left_to_right,False,71.4,5.0,,,False,False,False,False
5b4b1cb7-90ee-4450-82ab-df3511c5ca70,3890424,2441,2,00:37:12.385,82,12,43,Carry,179,181,Schalke 04,Regular Play,181,Schalke 04,3510.0,Sead Kolašinac,Left Back,71.4,5.0,70.6,6.4,0.661306,False,,,,,,,False,,,,,,,False,False,left_to_right,False,71.4,5.0,70.6,6.4,False,False,False,False
c8c91721-d0e8-4828-bc33-a195a8f9eb2a,3890424,2442,2,00:37:13.047,82,13,30,Pass,179,181,Schalke 04,Regular Play,181,Schalke 04,3510.0,Sead Kolašinac,Left Back,70.6,6.4,75.7,11.7,0.836559,False,,,,,,,True,7.3552704,0.8046266,Ground Pass,,8508.0,Max Meyer,False,False,left_to_right,False,70.6,6.4,75.7,11.7,False,False,False,False
52797816-88c7-4871-a687-ca2504b5f09d,3890424,2443,2,00:37:13.883,82,13,42,Ball Receipt*,179,181,Schalke 04,Regular Play,181,Schalke 04,8508.0,Max Meyer,Center Attacking Midfield,75.7,11.7,,,,False,,,,,,,False,,,,,,,False,False,left_to_right,False,75.7,11.7,,,False,False,False,False
8512fd27-6dc8-4e3e-a460-010cd2b9bcc4,3890424,2444,2,00:37:13.883,82,13,30,Pass,179,181,Schalke 04,Regular Play,181,Schalke 04,8508.0,Max Meyer,Center Attacking Midfield,76.1,11.6,81.4,7.7,0.731224,False,,,,,,,True,6.5802736,-0.63438284,Ground Pass,,6324.0,Leon Goretzka,False,False,left_to_right,False,76.1,11.6,81.4,7.7,False,False,True,False
0e33ec9e-1de8-4fe5-b6b3-510564e9b7d6,3890424,2445,2,00:37:14.455,82,14,17,Pressure,179,181,Schalke 04,Regular Play,872,Darmstadt 98,400612.0,Marco Sailer,Left Defensive Midfield,38.7,73.5,,,0.495795,False,,,,,,,False,,,,,,,False,False,left_to_right,False,38.7,73.5,,,False,False,False,False
1d682e62-53b3-4aa3-937a-d297fea7a389,3890424,2446,2,00:37:14.614,82,14,42,Ball Receipt*,179,181,Schalke 04,Regular Play,181,Schalke 04,6324.0,Leon Goretzka,Left Defensive Midfield,81.4,7.7,,,,True,,,,,,,False,,,,,,,False,False,left_to_right,False,81.4,7.7,,,False,False,False,False
ccd90fd5-e64a-4038-b948-3a8b16032df7,3890424,2447,2,00:37:14.614,82,14,30,Pass,179,181,Schalke 04,Regular Play,181,Schalke 04,6324.0,Leon Goretzka,Left Defensive Midfield,81.4,7.7,83.7,17.7,1.279954,True,,,,,,,True,10.261091,1.344728,Low Pass,,8508.0,Max Meyer,False,False,left_to_right,False,81.4,7.7,83.7,17.7,False,False,False,False
ef12905c-f2ca-4c47-a816-11df23707b63,3890424,2448,2,00:37:15.876,82,15,17,Pressure,179,181,Schalke 04,Regular Play,872,Darmstadt 98,35033.0,Slobodan Rajković,Left Center Back,32.0,62.0,,,0.81187,False,,,,,,,False,,,,,,,False,False,left_to_right,False,32.0,62.0,,,False,False,False,False
866140d8-cb9e-4687-bb91-0abba140a6c0,3890424,2449,2,00:37:15.894,82,15,42,Ball Receipt*,179,181,Schalke 04,Regular Play,181,Schalke 04,8508.0,Max Meyer,Center Attacking Midfield,83.7,17.7,,,,True,,,,,,,False,,,,,,,False,False,left_to_right,False,83.7,17.7,,,False,False,False,False
c8285847-81e2-4c6a-a1f1-477f12bd7da4,3890424,2450,2,00:37:15.894,82,15,43,Carry,179,181,Schalke 04,Regular Play,181,Schalke 04,8508.0,Max Meyer,Center Attacking Midfield,83.7,17.7,88.1,18.6,0.731525,True,,,,,,,False,,,,,,,False,False,left_to_right,False,83.7,17.7,88.1,18.6,False,False,False,False
648664a6-ee29-45d8-9be4-20784914e17d,3890424,2451,2,00:37:16.626,82,16,22,Foul Committed,179,181,Schalke 04,Regular Play,872,Darmstadt 98,35033.0,Slobodan Rajković,Left Center Back,32.0,61.5,,,0.0,False,,,,,,,False,,,,,,,False,False,left_to_right,False,32.0,61.5,,,False,False,False,False
a677a5b7-009f-4636-b883-c2a0df822bc3,3890424,2452,2,00:37:16.626,82,16,21,Foul Won,179,181,Schalke 04,Regular Play,181,Schalke 04,8508.0,Max Meyer,Center Attacking Midfield,88.1,18.6,,,0.0,True,,,,,,,False,,,,,,,False,False,left_to_right,False,88.1,18.6,,,False,False,False,False
d65a7c19-bff6-4034-871a-95d5e58befdf,3890424,2453,2,00:38:10.158,83,10,24,Bad Behaviour,179,181,Schalke 04,Regular Play,181,Schalke 04,6324.0,Leon Goretzka,Left Defensive Midfield,,,,,0.0,False,,,,,,,False,,,,,,,False,False,left_to_right,False,,,,,False,False,False,False
f4f6b554-82af-4bcf-a407-291ebaca401b,3890424,2454,2,00:39:03.776,84,3,19,Substitution,179,181,Schalke 04,Regular Play,181,Schalke 04,8508.0,Max Meyer,Center Attacking Midfield,,,,,0.0,False,,,,,,,False,,,,,,,False,False,left_to_right,False,,,,,False,False,False,False
f9371c7d-f77a-44fb-964d-4508c3e39a13,3890424,2455,2,00:39:16.370,84,16,30,Pass,180,181,Schalke 04,From Free Kick,181,Schalke 04,6717.0,Johannes Geis,Right Defensive Midfield,88.9,18.8,114.0,38.8,1.974033,False,,,,,,Incomplete,False,32.09377,0.67279446,High Pass,Free Kick,3499.0,Jean-Eric Maxim Choupo-Moting,False,False,left_to_right,False,88.9,18.8,114.0,38.8,False,True,False,True
cc7cfa0e-c7db-4b4a-b567-760d04a80eb7,3890424,2456,2,00:39:18.344,84,18,42,Ball Receipt*,180,181,Schalke 04,From Free Kick,181,Schalke 04,3499.0,Jean-Eric Maxim Choupo-Moting,Left Wing,114.3,41.0,,,,False,,,,,,,False,,,,,,,False,False,left_to_right,False,114.3,41.0,,,False,False,False,False
b5271d8c-780c-4143-99d9-941af55d41c9,3890424,2457,2,00:39:18.344,84,18,23,Goal Keeper,181,872,Darmstadt 98,From Keeper,872,Darmstadt 98,8306.0,Christian Mathenia,Goalkeeper,6.1,41.3,,,0.0,False,,,,,,,False,,,,,,,False,False,left_to_right,False,6.1,41.3,,,False,False,False,False
575e91e1-060f-47c7-820e-0a90d5ec76de,3890424,2458,2,00:39:18.344,84,18,43,Carry,181,872,Darmstadt 98,From Keeper,872,Darmstadt 98,8306.0,Christian Mathenia,Goalkeeper,6.1,41.3,9.7,40.6,5.404823,False,,,,,,,False,,,,,,,False,False,left_to_right,False,6.1,41.3,9.7,40.6,False,False,False,False
5f55488c-3ffc-4e8c-9df3-bc75d7b4025a,3890424,2459,2,00:39:23.749,84,23,30,Pass,181,872,Darmstadt 98,From Keeper,872,Darmstadt 98,8306.0,Christian Mathenia,Goalkeeper,9.7,40.6,21.2,26.8,4.711488,False,,,,,,,True,17.963573,-0.87605804,Ground Pass,,9404.0,Luca Caldirola,False,False,left_to_right,False,9.7,40.6,21.2,26.8,False,False,False,False
d51b75c5-052e-4ca5-a60f-d7f68c1a34a5,3890424,2460,2,00:39:28.461,84,28,42,Ball Receipt*,181,872,Darmstadt 98,From Keeper,872,Darmstadt 98,9404.0,Luca Caldirola,Left Back,21.2,26.8,,,,False,,,,,,,False,,,,,,,False,False,left_to_right,False,21.2,26.8,,,False,False,False,False
f6343c4a-c7d4-4c61-989e-a3255e8dc78f,3890424,2461,2,00:39:28.461,84,28,43,Carry,181,872,Darmstadt 98,From Keeper,872,Darmstadt 98,9404.0,Luca Caldirola,Left Back,21.2,26.8,53.1,11.0,1.92295,False,,,,,,,False,,,,,,,False,False,left_to_right,False,21.2,26.8,53.1,11.0,True,False,False,False
300c6e73-6608-4f7c-8257-9c8455de3c03,3890424,2462,2,00:39:30.384,84,30,30,Pass,181,872,Darmstadt 98,From Keeper,872,Darmstadt 98,9404.0,Luca Caldirola,Left Back,53.1,11.0,96.2,34.6,2.369683,False,,,,,,Incomplete,False,49.138275,0.5009709,High Pass,,9723.0,Sandro Wagner,False,False,left_to_right,False,53.1,11.0,96.2,34.6,False,True,True,True
e6975d5a-165c-47b4-975a-e6daeedf5b99,3890424,2463,2,00:39:32.753,84,32,42,Ball Receipt*,181,872,Darmstadt 98,From Keeper,872,Darmstadt 98,9723.0,Sandro Wagner,Center Forward,98.4,36.5,,,,False,,,,,,,False,,,,,,,False,False,left_to_right,False,98.4,36.5,,,False,False,False,False
1f7a04e6-1694-411a-8e2d-2a3eab447488,3890424,2464,2,00:39:32.753,84,32,9,Clearance,181,872,Darmstadt 98,From Keeper,181,Schalke 04,16534.0,Roman Neustädter,Left Center Back,23.9,45.5,,,0.0,True,,,,,,,False,,,,,,,False,False,left_to_right,False,23.9,45.5,,,False,False,False,False
ef152a5e-aa6c-4893-b1f8-ea97f5f63ea2,3890424,2465,2,00:39:34.256,84,34,30,Pass,181,872,Darmstadt 98,From Keeper,872,Darmstadt 98,40467.0,Peter Niemeyer,Right Defensive Midfield,84.2,42.0,100.1,48.8,2.829467,False,,,,,,Incomplete,False,17.293062,0.4041325,High Pass,Recovery,9401.0,Marcel Heller,False,False,left_to_right,False,84.2,42.0,100.1,48.8,False,True,False,True
0dda73f3-2b72-4808-b463-769d57f518cb,3890424,2466,2,00:39:37.085,84,37,42,Ball Receipt*,181,872,Darmstadt 98,From Keeper,872,Darmstadt 98,9401.0,Marcel Heller,Right Wing,97.9,48.4,,,,False,,,,,,,False,,,,,,,False,False,left_to_right,False,97.9,48.4,,,False,False,False,False
0b4df49d-3ede-4aed-83c8-92d8ae0b4135,3890424,2467,2,00:39:37.085,84,37,4,Duel,181,872,Darmstadt 98,From Keeper,872,Darmstadt 98,9401.0,Marcel Heller,Right Wing,100.1,48.8,,,0.0,True,,,,,,,False,,,,,,,False,False,left_to_right,False,100.1,48.8,,,False,False,False,False
c260249e-9d33-4120-8408-314f77e98f66,3890424,2468,2,00:39:37.085,84,37,9,Clearance,181,872,Darmstadt 98,From Keeper,181,Schalke 04,3510.0,Sead Kolašinac,Left Back,20.0,31.3,,,0.0,True,,,,,,,False,,,,,,,False,False,left_to_right,False,20.0,31.3,,,False,False,False,False
9a1f60fa-b089-4fe4-9c26-d38ec8e21e82,3890424,2469,2,00:39:39.516,84,39,2,Ball Recovery,181,872,Darmstadt 98,From Keeper,181,Schalke 04,6324.0,Leon Goretzka,Left Defensive Midfield,25.1,31.9,,,0.0,False,,,,,,,False,,,,,,,False,False,left_to_right,False,25.1,31.9,,,False,False,False,False
7276a648-70fe-4f36-9889-6022d8027641,3890424,2470,2,00:39:39.656,84,39,17,Pressure,181,872,Darmstadt 98,From Keeper,872,Darmstadt 98,9219.0,Tobias Kempe,Left Wing,95.8,48.1,,,0.554142,False,,,,,,,False,,,,,,,False,False,left_to_right,False,95.8,48.1,,,False,False,False,False
17fd9aba-ed24-4264-b783-5c6e32e3f063,3890424,2471,2,00:39:40.369,84,40,17,Pressure,181,872,Darmstadt 98,From Keeper,181,Schalke 04,6717.0,Johannes Geis,Right Defensive Midfield,24.2,33.3,,,0.385755,False,,,,,,,False,,,,,,,False,False,left_to_right,False,24.2,33.3,,,False,False,False,False
44f5765b-cf30-404a-b83b-a8cba91eadd2,3890424,2472,2,00:39:40.370,84,40,30,Pass,181,872,Darmstadt 98,From Keeper,872,Darmstadt 98,40467.0,Peter Niemeyer,Right Defensive Midfield,93.7,45.6,100.1,42.4,0.847749,True,,,,,,,True,7.1554174,-0.4636476,Ground Pass,Recovery,9723.0,Sandro Wagner,True,False,left_to_right,False,93.7,45.6,100.1,42.4,False,True,False,False
2d35e9fd-5167-4e38-82a5-d5a525f49963,3890424,2473,2,00:39:41.217,84,41,42,Ball Receipt*,181,872,Darmstadt 98,From Keeper,872,Darmstadt 98,9723.0,Sandro Wagner,Center Forward,100.1,42.4,,,,False,,,,,,,False,,,,,,,False,False,left_to_right,False,100.1,42.4,,,False,False,False,False
d26b4d94-cad2-4852-8332-1490455440f7,3890424,2474,2,00:39:41.217,84,41,43,Carry,181,872,Darmstadt 98,From Keeper,872,Darmstadt 98,9723.0,Sandro Wagner,Center Forward,100.1,42.4,98.7,41.1,0.900684,True,,,,,,,False,,,,,,,False,False,left_to_right,False,100.1,42.4,98.7,41.1,False,False,False,False
32a189e4-e838-4d5e-a859-ab4b25e19673,3890424,2475,2,00:39:41.317,84,41,17,Pressure,181,872,Darmstadt 98,From Keeper,181,Schalke 04,16534.0,Roman Neustädter,Left Center Back,20.4,36.6,,,0.920518,False,,,,,,,False,,,,,,,False,False,left_to_right,False,20.4,36.6,,,False,False,False,False
28815088-4b5f-4083-8482-1f4e5919b65c,3890424,2476,2,00:39:42.118,84,42,16,Shot,181,872,Darmstadt 98,From Keeper,872,Darmstadt 98,9723.0,Sandro Wagner,Center Forward,98.7,41.1,117.6,40.4,0.823869,True,0.05066532,Saved,Left Foot,Normal,Open Play,,False,,,,,,,False,False,left_to_right,False,98.7,41.1,117.6,40.4,False,False,False,False
d7cd6bad-7f19-42c7-b04c-7329d6a61c20,3890424,2477,2,00:39:42.942,84,42,23,Goal Keeper,181,872,Darmstadt 98,From Keeper,181,Schalke 04,8517.0,Ralf Fährmann,Goalkeeper,1.8,39.6,,,0.0,False,,,,,,,False,,,,,,,False,False,left_to_right,False,1.8,39.6,,,False,False,False,False
a9de7572-6384-4f6c-b93a-cd1d73494966,3890424,2478,2,00:40:03.333,85,3,30,Pass,182,181,Schalke 04,From Keeper,181,Schalke 04,8517.0,Ralf Fährmann,Goalkeeper,14.3,41.0,40.4,61.7,2.66326,False,,,,,,Incomplete,False,33.31216,0.67052156,High Pass,,,,False,False,left_to_right,False,14.3,41.0,40.4,61.7,False,False,False,True
3d2a2651-25e4-43df-9657-4ec883f2252e,3890424,2479,2,00:40:05.959,85,5,17,Pressure,182,181,Schalke 04,From Keeper,181,Schalke 04,6717.0,Johannes Geis,Right Defensive Midfield,36.2,51.0,,,0.716114,False,,,,,,,False,,,,,,,False,False,left_to_right,False,36.2,51.0,,,False,False,False,False
e47de303-9a8b-4159-bcac-4e677d970a67,3890424,2480,2,00:40:05.997,85,5,2,Ball Recovery,183,872,Darmstadt 98,Regular Play,872,Darmstadt 98,9723.0,Sandro Wagner,Center Forward,79.7,18.4,,,0.0,True,,,,,,,False,,,,,,,False,False,left_to_right,False,79.7,18.4,,,False,False,False,False
7921d3f7-07d6-4c64-994a-f7d7ea6fc735,3890424,2481,2,00:40:05.997,85,5,43,Carry,183,872,Darmstadt 98,Regular Play,872,Darmstadt 98,9723.0,Sandro Wagner,Center Forward,79.7,18.4,84.2,32.4,0.727556,True,,,,,,,False,,,,,,,False,False,left_to_right,False,79.7,18.4,84.2,32.4,False,False,False,False
381dad2d-2d73-47bf-96c4-fce0377f69ea,3890424,2482,2,00:40:06.724,85,6,39,Dribbled Past,183,872,Darmstadt 98,Regular Play,181,Schalke 04,6717.0,Johannes Geis,Right Defensive Midfield,35.9,47.7,,,0.0,False,,,,,,,False,,,,,,,False,False,left_to_right,False,35.9,47.7,,,False,False,False,False
cc6fc3f6-5862-45da-b142-28886730c7b8,3890424,2483,2,00:40:06.724,85,6,14,Dribble,183,872,Darmstadt 98,Regular Play,872,Darmstadt 98,9723.0,Sandro Wagner,Center Forward,84.2,32.4,,,0.0,True,,,,,,,False,,,,,,,False,False,left_to_right,False,84.2,32.4,,,False,False,False,False
93e80a5a-b196-45b4-84de-5f188e75aade,3890424,2484,2,00:40:06.724,85,6,43,Carry,183,872,Darmstadt 98,Regular Play,872,Darmstadt 98,9723.0,Sandro Wagner,Center Forward,84.2,32.4,89.8,30.5,2.298618,True,,,,,,,False,,,,,,,False,False,left_to_right,False,84.2,32.4,89.8,30.5,False,False,False,False
910c12a4-e795-4aa8-a986-260e218c4f0f,3890424,2485,2,00:40:09.023,85,9,16,Shot,183,872,Darmstadt 98,Regular Play,872,Darmstadt 98,9723.0,Sandro Wagner,Center Forward,89.8,30.5,116.4,37.2,0.889493,False,0.028728232,Saved,Right Foot,Normal,Open Play,,False,,,,,,,False,False,left_to_right,False,89.8,30.5,116.4,37.2,False,False,False,False
a01aae1d-65e7-4de6-a4bc-3bccf2e81f79,3890424,2486,2,00:40:09.912,85,9,23,Goal Keeper,183,872,Darmstadt 98,Regular Play,181,Schalke 04,8517.0,Ralf Fährmann,Goalkeeper,3.6,39.6,,,0.0,False,,,,,,,False,,,,,,,False,False,left_to_right,False,3.6,39.6,,,False,False,False,False
49eb5548-429a-4c8e-83d6-a83904e8beda,3890424,2487,2,00:40:33.247,85,33,30,Pass,184,872,Darmstadt 98,From Corner,872,Darmstadt 98,13675.0,Mario Vrančić,Center Attacking Midfield,120.0,0.1,110.6,47.7,2.31735,False,,,,,,Incomplete,False,48.519276,1.7657666,High Pass,Corner,35033.0,Slobodan Rajković,False,False,left_to_right,False,120.0,0.1,110.6,47.7,False,True,False,True
2361cf8a-7337-4c9e-9b24-5edeb4f8014a,3890424,2488,2,00:40:35.564,85,35,42,Ball Receipt*,184,872,Darmstadt 98,From Corner,872,Darmstadt 98,35033.0,Slobodan Rajković,Left Center Back,109.0,47.6,,,,False,,,,,,,False,,,,,,,False,False,left_to_right,False,109.0,47.6,,,False,False,False,False
694cf0ef-3511-4c48-ad3d-b90297d15d50,3890424,2489,2,00:40:35.564,85,35,9,Clearance,184,872,Darmstadt 98,From Corner,181,Schalke 04,6324.0,Leon Goretzka,Left Defensive Midfield,9.5,32.4,,,0.0,True,,,,,,,False,,,,,,,False,False,left_to_right,False,9.5,32.4,,,False,False,False,False
940a7cd2-e301-4bc3-92a5-02d55f431b5d,3890424,2490,2,00:40:36.937,85,36,30,Pass,184,872,Darmstadt 98,From Corner,872,Darmstadt 98,400612.0,Marco Sailer,Left Defensive Midfield,99.2,41.6,110.1,47.4,1.3124,False,,,,,,Incomplete,False,12.347064,0.4890045,High Pass,Recovery,9217.0,Aytac Sulu,False,False,left_to_right,False,99.2,41.6,110.1,47.4,False,True,False,True
23ba548b-87b9-4c70-b371-b90fc250cf18,3890424,2491,2,00:40:38.250,85,38,42,Ball Receipt*,184,872,Darmstadt 98,From Corner,872,Darmstadt 98,9217.0,Aytac Sulu,Right Center Back,111.2,45.9,,,,False,,,,,,,False,,,,,,,False,False,left_to_right,False,111.2,45.9,,,False,False,False,False
6ec54bdd-eea7-402d-8ea2-fea4f7365ca1,3890424,2492,2,00:40:38.250,85,38,9,Clearance,184,872,Darmstadt 98,From Corner,181,Schalke 04,6324.0,Leon Goretzka,Left Defensive Midfield,10.0,32.7,,,0.0,True,,,,,,,False,,,,,,,False,False,left_to_right,False,10.0,32.7,,,False,False,False,False
aa0a1f95-e1c8-47a3-a7c1-4f2c4ec17153,3890424,2493,2,00:40:39.617,85,39,2,Ball Recovery,184,872,Darmstadt 98,From Corner,872,Darmstadt 98,9219.0,Tobias Kempe,Left Wing,105.1,48.8,,,0.0,False,,,,,,,False,,,,,,,False,False,left_to_right,False,105.1,48.8,,,False,False,False,False
6bb1de12-2c3a-474c-ad67-00580f56d1f7,3890424,2494,2,00:40:39.617,85,39,43,Carry,184,872,Darmstadt 98,From Corner,872,Darmstadt 98,9219.0,Tobias Kempe,Left Wing,105.1,48.8,104.0,50.2,0.402457,True,,,,,,,False,,,,,,,False,False,left_to_right,False,105.1,48.8,104.0,50.2,False,False,False,False
178f334a-2e5e-4817-b5cd-e7193a5d94d6,3890424,2495,2,00:40:39.701,85,39,17,Pressure,184,872,Darmstadt 98,From Corner,181,Schalke 04,6717.0,Johannes Geis,Right Defensive Midfield,15.9,30.0,,,0.365,False,,,,,,,False,,,,,,,False,False,left_to_right,False,15.9,30.0,,,False,False,False,False
54d50822-572a-433f-9bbb-6d7c59f0ead1,3890424,2496,2,00:40:40.019,85,40,38,Miscontrol,184,872,Darmstadt 98,From Corner,872,Darmstadt 98,9219.0,Tobias Kempe,Left Wing,104.0,50.2,,,0.0,True,,,,,,,False,,,,,,,False,False,left_to_right,False,104.0,50.2,,,False,False,False,True
5a347c78-b843-461d-939b-a11c7553bf0b,3890424,2497,2,00:40:40.066,85,40,30,Pass,185,181,Schalke 04,From Counter,181,Schalke 04,6717.0,Johannes Geis,Right Defensive Midfield,16.7,29.1,18.6,25.2,0.736053,False,,,,,,,True,4.3382025,-1.1174576,Low Pass,Recovery,3499.0,Jean-Eric Maxim Choupo-Moting,False,False,left_to_right,False,16.7,29.1,18.6,25.2,False,False,False,False
032471ad-90d5-4993-a82e-59789cc0641f,3890424,2498,2,00:40:40.802,85,40,42,Ball Receipt*,185,181,Schalke 04,From Counter,181,Schalke 04,3499.0,Jean-Eric Maxim Choupo-Moting,Left Wing,18.6,25.2,,,,False,,,,,,,False,,,,,,,False,False,left_to_right,False,18.6,25.2,,,False,False,False,False
62ac4383-e703-4f07-b3b5-2b9a2b6794a5,3890424,2499,2,00:40:40.802,85,40,43,Carry,185,181,Schalke 04,From Counter,181,Schalke 04,3499.0,Jean-Eric Maxim Choupo-Moting,Left Wing,18.6,25.2,33.4,18.1,2.10382,True,,,,,,,False,,,,,,,False,False,left_to_right,False,18.6,25.2,33.4,18.1,False,False,False,False
3e37560a-035c-4524-934d-bf0959aca28d,3890424,2500,2,00:40:42.540,85,42,17,Pressure,185,181,Schalke 04,From Counter,872,Darmstadt 98,9219.0,Tobias Kempe,Left Wing,89.7,59.3,,,0.890752,False,,,,,,,False,,,,,,,False,False,left_to_right,False,89.7,59.3,,,False,False,False,False
59474c32-517c-4e7e-a296-2201c7481eff,3890424,2501,2,00:40:42.906,85,42,30,Pass,185,181,Schalke 04,From Counter,181,Schalke 04,3499.0,Jean-Eric Maxim Choupo-Moting,Left Wing,33.4,18.1,57.5,12.4,2.961632,True,,,,,,,True,24.764894,-0.23224674,Ground Pass,,3053.0,Leroy Sané,False,False,left_to_right,False,33.4,18.1,57.5,12.4,False,False,False,False
dc0e52e2-2737-4a0b-bd26-68192e6feb54,3890424,2502,2,00:40:45.868,85,45,42,Ball Receipt*,185,181,Schalke 04,From Counter,181,Schalke 04,3053.0,Leroy Sané,Right Wing,57.5,12.4,,,,False,,,,,,,False,,,,,,,False,False,left_to_right,False,57.5,12.4,,,False,False,False,False
7c7af700-1a35-46da-97a3-55b8edfa7a11,3890424,2503,2,00:40:45.868,85,45,43,Carry,185,181,Schalke 04,From Counter,181,Schalke 04,3053.0,Leroy Sané,Right Wing,57.5,12.4,98.9,27.2,4.16074,False,,,,,,,False,,,,,,,False,False,left_to_right,False,57.5,12.4,98.9,27.2,True,False,False,False
3db7d2b5-3910-49cd-941c-0688d635c601,3890424,2504,2,00:40:50.028,85,50,30,Pass,185,181,Schalke 04,From Counter,181,Schalke 04,3053.0,Leroy Sané,Right Wing,98.9,27.2,106.2,49.1,1.938339,False,,,,,,,True,23.084627,1.2490457,Ground Pass,,3570.0,Pierre-Emile Højbjerg,True,False,left_to_right,False,98.9,27.2,106.2,49.1,False,True,False,False
82bae8d4-8383-4329-ad8f-236eb37944c8,3890424,2505,2,00:40:51.967,85,51,42,Ball Receipt*,185,181,Schalke 04,From Counter,181,Schalke 04,3570.0,Pierre-Emile Højbjerg,Center Attacking Midfield,106.2,49.1,,,,False,,,,,,,False,,,,,,,False,False,left_to_right,False,106.2,49.1,,,False,False,False,False
4ef624d8-539d-4dfc-ae1e-2874c74cd86a,3890424,2506,2,00:40:51.967,85,51,16,Shot,185,181,Schalke 04,From Counter,181,Schalke 04,3570.0,Pierre-Emile Højbjerg,Center Attacking Midfield,106.2,49.1,115.5,41.8,0.293548,False,0.18604963,Saved,Right Foot,Normal,Open Play,,False,,,,,,,False,False,left_to_right,False,106.2,49.1,115.5,41.8,False,False,False,False
ca2a0664-e471-4579-8def-8297175a051e,3890424,2507,2,00:40:52.260,85,52,23,Goal Keeper,185,181,Schalke 04,Regular Play,872,Darmstadt 98,8306.0,Christian Mathenia,Goalkeeper,4.4,37.9,,,0.0,False,,,,,,,False,,,,,,,False,False,left_to_right,False,4.4,37.9,,,False,False,False,False
7a9d1a93-f739-4680-9857-0d56a630a7eb,3890424,2508,2,00:41:37.882,86,37,30,Pass,186,181,Schalke 04,From Corner,181,Schalke 04,6717.0,Johannes Geis,Right Defensive Midfield,120.0,80.0,114.7,48.8,1.158139,False,,,,,,Incomplete,False,31.64696,-1.7390618,High Pass,Corner,3499.0,Jean-Eric Maxim Choupo-Moting,False,False,left_to_right,False,120.0,80.0,114.7,48.8,False,True,False,True
40d5abe7-9f50-4209-9c60-73c797c36a7d,3890424,2509,2,00:41:39.040,86,39,42,Ball Receipt*,186,181,Schalke 04,From Corner,181,Schalke 04,3499.0,Jean-Eric Maxim Choupo-Moting,Left Wing,112.6,46.3,,,,False,,,,,,,False,,,,,,,False,False,left_to_right,False,112.6,46.3,,,False,False,False,False
4d748e5d-53aa-4174-b31a-ec8970f7c388,3890424,2510,2,00:41:39.040,86,39,9,Clearance,186,181,Schalke 04,From Corner,872,Darmstadt 98,20522.0,György Garics,Right Back,5.4,31.3,,,0.0,True,,,,,,,False,,,,,,,False,False,left_to_right,False,5.4,31.3,,,False,False,False,False
2fb4ff85-2610-4e07-902c-82929200db3f,3890424,2511,2,00:41:43.101,86,43,17,Pressure,186,181,Schalke 04,From Corner,872,Darmstadt 98,9219.0,Tobias Kempe,Left Wing,33.9,75.1,,,2.61289,False,,,,,,,False,,,,,,,False,False,left_to_right,False,33.9,75.1,,,False,False,False,False
55ac09f1-efac-4028-8506-aba8d3d1e481,3890424,2512,2,00:41:43.463,86,43,2,Ball Recovery,186,181,Schalke 04,From Corner,181,Schalke 04,3053.0,Leroy Sané,Right Wing,83.2,3.8,,,0.0,True,,,,,,,False,,,,,,,False,False,left_to_right,False,83.2,3.8,,,False,False,False,False
766af9f4-4344-4b65-b1a9-552c7dea4143,3890424,2513,2,00:41:43.463,86,43,43,Carry,186,181,Schalke 04,From Corner,181,Schalke 04,3053.0,Leroy Sané,Right Wing,83.2,3.8,80.3,3.6,1.98354,True,,,,,,,False,,,,,,,False,False,left_to_right,False,83.2,3.8,80.3,3.6,False,False,False,False
db18e252-dd8d-423c-9eba-fcccb393caba,3890424,2514,2,00:41:45.446,86,45,30,Pass,186,181,Schalke 04,From Corner,181,Schalke 04,3053.0,Leroy Sané,Right Wing,80.3,3.6,51.5,5.8,2.578762,True,,,,,,,True,28.883905,3.0653517,Ground Pass,,3510.0,Sead Kolašinac,False,False,left_to_right,False,80.3,3.6,51.5,5.8,False,False,False,False
7f268245-362e-4d4a-8709-9427014bc296,3890424,2515,2,00:41:48.025,86,48,42,Ball Receipt*,186,181,Schalke 04,From Corner,181,Schalke 04,3510.0,Sead Kolašinac,Left Back,51.5,5.8,,,,False,,,,,,,False,,,,,,,False,False,left_to_right,False,51.5,5.8,,,False,False,False,False
d87075db-218c-4ab3-b2a1-c541b1f1862a,3890424,2516,2,00:41:48.025,86,48,43,Carry,186,181,Schalke 04,From Corner,181,Schalke 04,3510.0,Sead Kolašinac,Left Back,51.5,5.8,51.7,10.2,2.557576,False,,,,,,,False,,,,,,,False,False,left_to_right,False,51.5,5.8,51.7,10.2,False,False,False,False
117976e8-66d6-4fe8-aac3-8f2904041a74,3890424,2517,2,00:41:50.583,86,50,30,Pass,186,181,Schalke 04,From Corner,181,Schalke 04,3510.0,Sead Kolašinac,Left Back,51.7,10.2,20.6,29.1,2.931359,False,,,,,,,True,36.392582,2.595518,Ground Pass,,8517.0,Ralf Fährmann,False,False,left_to_right,False,51.7,10.2,20.6,29.1,False,False,False,False
7fbf47e9-e4fb-4a66-88b4-80764a966c93,3890424,2518,2,00:41:53.514,86,53,42,Ball Receipt*,186,181,Schalke 04,From Corner,181,Schalke 04,8517.0,Ralf Fährmann,Goalkeeper,20.6,29.1,,,,False,,,,,,,False,,,,,,,False,False,left_to_right,False,20.6,29.1,,,False,False,False,False
3c20e33f-f48f-4cd5-9cc9-9555f213e4dc,3890424,2519,2,00:41:53.514,86,53,43,Carry,186,181,Schalke 04,From Corner,181,Schalke 04,8517.0,Ralf Fährmann,Goalkeeper,20.6,29.1,18.2,34.4,0.997509,False,,,,,,,False,,,,,,,False,False,left_to_right,False,20.6,29.1,18.2,34.4,False,False,False,False
05004c58-bda1-4cd4-8d6a-4481f348be4d,3890424,2520,2,00:41:54.511,86,54,30,Pass,186,181,Schalke 04,From Corner,181,Schalke 04,8517.0,Ralf Fährmann,Goalkeeper,18.2,34.4,23.9,50.2,1.766985,False,,,,,,,True,16.796726,1.2245686,Ground Pass,,30312.0,Uilson de Souza Paula Júnior,False,False,left_to_right,False,18.2,34.4,23.9,50.2,False,False,False,False
99dd3dc9-049b-4246-b61e-f678e0eccf52,3890424,2521,2,00:41:56.278,86,56,42,Ball Receipt*,186,181,Schalke 04,From Corner,181,Schalke 04,30312.0,Uilson de Souza Paula Júnior,Right Back,23.9,50.2,,,,False,,,,,,,False,,,,,,,False,False,left_to_right,False,23.9,50.2,,,False,False,False,False
03ae0cde-8622-474d-ae27-a86a519d23c9,3890424,2522,2,00:41:56.278,86,56,43,Carry,186,181,Schalke 04,From Corner,181,Schalke 04,30312.0,Uilson de Souza Paula Júnior,Right Back,23.9,50.2,27.5,53.8,2.010062,False,,,,,,,False,,,,,,,False,False,left_to_right,False,23.9,50.2,27.5,53.8,False,False,False,False
4a2578f9-be16-4818-a2cf-02c0dbbba93f,3890424,2523,2,00:41:58.288,86,58,30,Pass,186,181,Schalke 04,From Corner,181,Schalke 04,30312.0,Uilson de Souza Paula Júnior,Right Back,27.5,53.8,53.6,69.7,2.01018,False,,,,,,,True,30.56174,0.5471534,Ground Pass,,3570.0,Pierre-Emile Højbjerg,False,False,left_to_right,False,27.5,53.8,53.6,69.7,False,False,False,False
0423ee3c-d7c7-4f07-af62-405a46f81b53,3890424,2524,2,00:41:58.413,86,58,17,Pressure,186,181,Schalke 04,From Corner,872,Darmstadt 98,9401.0,Marcel Heller,Right Wing,91.7,25.6,,,0.473418,False,,,,,,,False,,,,,,,False,False,left_to_right,False,91.7,25.6,,,False,False,False,False
ce97f2cf-8fde-43ca-81fd-34e7afc1888b,3890424,2525,2,00:42:00.122,87,0,17,Pressure,186,181,Schalke 04,From Corner,872,Darmstadt 98,9404.0,Luca Caldirola,Left Back,64.5,11.8,,,1.942743,False,,,,,,,False,,,,,,,False,False,left_to_right,False,64.5,11.8,,,False,False,False,False
e6ef8c27-6627-4e52-bf05-5ab0711ddf93,3890424,2526,2,00:42:00.299,87,0,42,Ball Receipt*,186,181,Schalke 04,From Corner,181,Schalke 04,3570.0,Pierre-Emile Højbjerg,Center Attacking Midfield,53.6,69.7,,,,True,,,,,,,False,,,,,,,False,False,left_to_right,False,53.6,69.7,,,False,False,False,False
eab869a3-60f4-4a53-a6c2-589c47d3e39e,3890424,2527,2,00:42:00.299,87,0,43,Carry,186,181,Schalke 04,From Corner,181,Schalke 04,3570.0,Pierre-Emile Højbjerg,Center Attacking Midfield,53.6,69.7,36.2,66.4,2.553865,True,,,,,,,False,,,,,,,False,False,left_to_right,False,53.6,69.7,36.2,66.4,False,False,False,False
cb8ff10d-497e-4f52-a9c1-2c772443f773,3890424,2528,2,00:42:02.371,87,2,17,Pressure,186,181,Schalke 04,From Corner,872,Darmstadt 98,13675.0,Mario Vrančić,Center Attacking Midfield,80.1,13.7,,,0.452647,False,,,,,,,False,,,,,,,False,False,left_to_right,False,80.1,13.7,,,False,False,False,False
2004df08-1894-4de5-ac1e-ef69ea890c16,3890424,2529,2,00:42:02.852,87,2,3,Dispossessed,186,181,Schalke 04,From Corner,181,Schalke 04,3570.0,Pierre-Emile Højbjerg,Center Attacking Midfield,36.2,66.4,,,0.0,True,,,,,,,False,,,,,,,False,False,left_to_right,False,36.2,66.4,,,False,False,False,True
67417938-d7e1-48a1-b577-914f4389c29a,3890424,2530,2,00:42:02.852,87,2,4,Duel,187,872,Darmstadt 98,Regular Play,872,Darmstadt 98,13675.0,Mario Vrančić,Center Attacking Midfield,83.9,13.7,,,0.0,True,,,,,,,False,,,,,,,False,False,left_to_right,False,83.9,13.7,,,False,False,False,False
37dc3cf1-bed4-44c7-ac0b-71c7553a55b3,3890424,2531,2,00:42:04.377,87,4,2,Ball Recovery,187,872,Darmstadt 98,Regular Play,872,Darmstadt 98,9401.0,Marcel Heller,Right Wing,90.0,22.6,,,0.0,False,,,,,,,False,,,,,,,False,False,left_to_right,False,90.0,22.6,,,False,False,False,False
32f9e6c2-d1a8-467f-8253-eb4d72f95899,3890424,2532,2,00:42:04.377,87,4,43,Carry,187,872,Darmstadt 98,Regular Play,872,Darmstadt 98,9401.0,Marcel Heller,Right Wing,90.0,22.6,90.0,35.4,3.6,False,,,,,,,False,,,,,,,False,False,left_to_right,False,90.0,22.6,90.0,35.4,False,False,False,False
b0c4805f-9f6e-41c5-95da-071d6cb88f94,3890424,2533,2,00:42:07.977,87,7,30,Pass,187,872,Darmstadt 98,Regular Play,872,Darmstadt 98,9401.0,Marcel Heller,Right Wing,90.0,35.4,86.1,50.7,2.204817,False,,,,,,,True,15.789237,1.8203833,Ground Pass,,40467.0,Peter Niemeyer,False,False,left_to_right,False,90.0,35.4,86.1,50.7,False,False,False,False
0bd51796-66f3-4c28-99a2-1bf007335a69,3890424,2534,2,00:42:10.182,87,10,42,Ball Receipt*,187,872,Darmstadt 98,Regular Play,872,Darmstadt 98,40467.0,Peter Niemeyer,Right Defensive Midfield,86.1,50.7,,,,False,,,,,,,False,,,,,,,False,False,left_to_right,False,86.1,50.7,,,False,False,False,False
2608ebd5-0aa7-4969-8de3-cc6fd025c23e,3890424,2535,2,00:42:10.182,87,10,30,Pass,187,872,Darmstadt 98,Regular Play,872,Darmstadt 98,40467.0,Peter Niemeyer,Right Defensive Midfield,85.4,52.1,91.9,61.5,2.137938,False,,,,,,,True,11.428473,0.96580505,Ground Pass,,9219.0,Tobias Kempe,False,False,left_to_right,False,85.4,52.1,91.9,61.5,False,False,False,False
87b521e9-cb66-47dd-b4c8-91063a5b3da1,3890424,2536,2,00:42:12.320,87,12,42,Ball Receipt*,187,872,Darmstadt 98,Regular Play,872,Darmstadt 98,9219.0,Tobias Kempe,Left Wing,91.9,61.5,,,,False,,,,,,,False,,,,,,,False,False,left_to_right,False,91.9,61.5,,,False,False,False,False
1c841343-fee5-4d44-9d4f-150ac3810500,3890424,2537,2,00:42:12.320,87,12,43,Carry,187,872,Darmstadt 98,Regular Play,872,Darmstadt 98,9219.0,Tobias Kempe,Left Wing,91.9,61.5,92.9,62.1,0.269167,False,,,,,,,False,,,,,,,False,False,left_to_right,False,91.9,61.5,92.9,62.1,False,False,False,False
77e5d82d-80ba-4120-8b57-3e86788a87f9,3890424,2538,2,00:42:12.589,87,12,30,Pass,187,872,Darmstadt 98,Regular Play,872,Darmstadt 98,9219.0,Tobias Kempe,Left Wing,92.9,62.1,110.1,80.0,4.912293,False,,,,,,Out,False,24.824383,0.80533856,Ground Pass,,20522.0,György Garics,False,False,left_to_right,False,92.9,62.1,110.1,80.0,False,False,False,True
75b20018-0fb7-4d4d-9567-f73d3353267c,3890424,2539,2,00:42:17.501,87,17,42,Ball Receipt*,187,872,Darmstadt 98,Regular Play,872,Darmstadt 98,20522.0,György Garics,Right Back,106.7,78.4,,,,False,,,,,,,False,,,,,,,False,False,left_to_right,False,106.7,78.4,,,False,False,False,False
b7353b49-a7be-4257-851e-9f5b2519f345,3890424,2540,2,00:42:40.494,87,40,30,Pass,188,181,Schalke 04,From Throw In,181,Schalke 04,3510.0,Sead Kolašinac,Left Back,18.9,0.1,34.7,28.6,3.993975,False,,,,,,Incomplete,False,32.586655,1.064592,High Pass,Throw-in,8060.0,Klaas-Jan Huntelaar,False,False,left_to_right,False,18.9,0.1,34.7,28.6,False,False,False,True
a9b46ab2-48e3-419b-881f-579a73af160c,3890424,2541,2,00:42:44.488,87,44,42,Ball Receipt*,188,181,Schalke 04,From Throw In,181,Schalke 04,8060.0,Klaas-Jan Huntelaar,Center Forward,36.5,30.0,,,,False,,,,,,,False,,,,,,,False,False,left_to_right,False,36.5,30.0,,,False,False,False,False
5d14b43e-be24-4570-8e4b-4c0bf6aaf352,3890424,2542,2,00:42:44.488,87,44,4,Duel,188,181,Schalke 04,From Throw In,181,Schalke 04,8060.0,Klaas-Jan Huntelaar,Center Forward,34.7,28.6,,,0.0,True,,,,,,,False,,,,,,,False,False,left_to_right,False,34.7,28.6,,,False,False,False,False
a51ee1fa-18ed-469c-9a9d-dba307106507,3890424,2543,2,00:42:44.488,87,44,30,Pass,188,181,Schalke 04,From Throw In,872,Darmstadt 98,9217.0,Aytac Sulu,Right Center Back,85.4,51.5,94.4,57.4,0.794165,True,,,,,,Incomplete,False,10.761505,0.5802708,Low Pass,Recovery,400612.0,Marco Sailer,False,False,left_to_right,False,85.4,51.5,94.4,57.4,False,False,False,True
f45efae9-611f-4f0b-94be-0c5bc8ec5b15,3890424,2544,2,00:42:45.282,87,45,42,Ball Receipt*,188,181,Schalke 04,From Throw In,872,Darmstadt 98,400612.0,Marco Sailer,Left Defensive Midfield,98.3,56.8,,,,False,,,,,,,False,,,,,,,False,False,left_to_right,False,98.3,56.8,,,False,False,False,False
edf1b84f-e66f-4a9d-9bca-5a49c2c6dd6a,3890424,2545,2,00:42:45.282,87,45,2,Ball Recovery,188,181,Schalke 04,From Throw In,181,Schalke 04,6324.0,Leon Goretzka,Left Defensive Midfield,25.7,22.7,,,0.0,False,,,,,,,False,,,,,,,False,False,left_to_right,False,25.7,22.7,,,False,False,False,False
d64914b3-af58-4daf-8041-1ea74e61c438,3890424,2546,2,00:42:45.282,87,45,43,Carry,188,181,Schalke 04,From Throw In,181,Schalke 04,6324.0,Leon Goretzka,Left Defensive Midfield,25.7,22.7,30.9,20.2,1.254927,False,,,,,,,False,,,,,,,False,False,left_to_right,False,25.7,22.7,30.9,20.2,False,False,False,False
ee2260ca-1cfa-43b1-97a2-fdb2597253f4,3890424,2547,2,00:42:46.537,87,46,30,Pass,188,181,Schalke 04,From Throw In,181,Schalke 04,6324.0,Leon Goretzka,Left Defensive Midfield,30.9,20.2,70.9,28.8,4.25565,False,,,,,,Incomplete,False,40.914055,0.21177617,High Pass,,3570.0,Pierre-Emile Højbjerg,False,False,left_to_right,False,30.9,20.2,70.9,28.8,False,True,False,True
f0182038-b948-4781-ac3d-7b269c7ab9a0,3890424,2548,2,00:42:50.793,87,50,42,Ball Receipt*,188,181,Schalke 04,From Throw In,181,Schalke 04,3570.0,Pierre-Emile Højbjerg,Center Attacking Midfield,68.6,29.1,,,,False,,,,,,,False,,,,,,,False,False,left_to_right,False,68.6,29.1,,,False,False,False,False
249452af-eae4-4bc0-b0f1-0ea25d6a9bb2,3890424,2549,2,00:42:50.793,87,50,9,Clearance,188,181,Schalke 04,From Throw In,872,Darmstadt 98,35033.0,Slobodan Rajković,Left Center Back,49.2,51.3,,,0.0,True,,,,,,,False,,,,,,,False,False,left_to_right,False,49.2,51.3,,,False,False,False,False
34f85366-3f04-4095-af12-5e9d21c92c3a,3890424,2550,2,00:43:00.119,88,0,19,Substitution,188,181,Schalke 04,From Throw In,181,Schalke 04,3053.0,Leroy Sané,Right Wing,,,,,0.0,False,,,,,,,False,,,,,,,False,False,left_to_right,False,,,,,False,False,False,False
54cde1c0-efcb-447e-9a81-a8c5cb8e88b6,3890424,2551,2,00:43:43.760,88,43,30,Pass,189,181,Schalke 04,From Throw In,181,Schalke 04,3510.0,Sead Kolašinac,Left Back,111.7,0.1,117.3,11.0,4.60706,False,,,,,,Unknown,False,12.254387,1.0962002,Low Pass,Throw-in,3570.0,Pierre-Emile Højbjerg,False,False,left_to_right,False,111.7,0.1,117.3,11.0,False,True,False,True
fdfd152e-e0aa-4a9d-9e7c-708fde115a84,3890424,2552,2,00:43:45.073,88,45,17,Pressure,189,181,Schalke 04,From Throw In,181,Schalke 04,3510.0,Sead Kolašinac,Left Back,116.5,13.3,,,2.933041,False,,,,,,,False,,,,,,,False,False,left_to_right,False,116.5,13.3,,,False,False,False,False
b71a0b8e-3e13-43b2-8fbb-f94d9db20717,3890424,2553,2,00:43:47.956,88,47,28,Shield,189,181,Schalke 04,From Throw In,872,Darmstadt 98,9217.0,Aytac Sulu,Right Center Back,2.5,64.8,,,0.0,True,,,,,,,False,,,,,,,False,False,left_to_right,False,2.5,64.8,,,False,False,False,False
5f8c641e-dcf8-4c3b-953f-37dfbff89dd3,3890424,2554,2,00:43:48.367,88,48,42,Ball Receipt*,189,181,Schalke 04,From Throw In,181,Schalke 04,3570.0,Pierre-Emile Højbjerg,Center Attacking Midfield,116.5,12.8,,,,False,,,,,,,False,,,,,,,False,False,left_to_right,False,116.5,12.8,,,False,False,False,False
f6ca3c21-e7da-40d1-a9f4-2d790dd7ab64,3890424,2555,2,00:43:48.413,88,48,22,Foul Committed,189,181,Schalke 04,From Throw In,181,Schalke 04,3510.0,Sead Kolašinac,Left Back,117.8,16.9,,,0.0,False,,,,,,,False,,,,,,,False,False,left_to_right,False,117.8,16.9,,,False,False,False,False
45e52d02-f7dc-443c-af89-b29221fb281b,3890424,2556,2,00:43:48.413,88,48,21,Foul Won,189,181,Schalke 04,From Throw In,872,Darmstadt 98,9217.0,Aytac Sulu,Right Center Back,2.3,63.2,,,0.0,True,,,,,,,False,,,,,,,False,False,left_to_right,False,2.3,63.2,,,False,False,False,False
a4b16578-e13d-4e3b-8852-a844b5b16e99,3890424,2557,2,00:43:59.177,88,59,30,Pass,190,872,Darmstadt 98,From Free Kick,872,Darmstadt 98,8306.0,Christian Mathenia,Goalkeeper,4.2,65.9,71.5,51.8,4.316091,False,,,,,,Incomplete,False,68.761185,-0.20652252,High Pass,Free Kick,9723.0,Sandro Wagner,False,False,left_to_right,False,4.2,65.9,71.5,51.8,False,True,False,True
602fb440-6818-4ded-bb7e-0a0e3a99bcca,3890424,2558,2,00:44:03.493,89,3,42,Ball Receipt*,190,872,Darmstadt 98,From Free Kick,872,Darmstadt 98,9723.0,Sandro Wagner,Center Forward,68.1,51.6,,,,False,,,,,,,False,,,,,,,False,False,left_to_right,False,68.1,51.6,,,False,False,False,False
6e07c980-593c-4bc7-9045-f38d5794ec32,3890424,2559,2,00:44:03.493,89,3,9,Clearance,190,872,Darmstadt 98,From Free Kick,181,Schalke 04,6717.0,Johannes Geis,Right Defensive Midfield,48.6,28.3,,,0.0,True,,,,,,,False,,,,,,,False,False,left_to_right,False,48.6,28.3,,,False,False,False,False
86668b1d-3193-40c9-98c7-dc87d96338b3,3890424,2560,2,00:44:06.273,89,6,4,Duel,190,872,Darmstadt 98,From Free Kick,181,Schalke 04,3570.0,Pierre-Emile Højbjerg,Center Attacking Midfield,69.2,27.8,,,0.0,True,,,,,,,False,,,,,,,False,False,left_to_right,False,69.2,27.8,,,False,False,False,False
3efbdd10-0643-4379-b581-d87fd9602cc2,3890424,2561,2,00:44:06.273,89,6,30,Pass,190,872,Darmstadt 98,From Free Kick,872,Darmstadt 98,9217.0,Aytac Sulu,Right Center Back,50.9,52.3,56.1,52.7,1.166887,True,,,,,,,True,5.215362,0.07677189,Low Pass,Recovery,40467.0,Peter Niemeyer,False,False,left_to_right,False,50.9,52.3,56.1,52.7,False,False,False,False
8973efb4-cfaf-4319-b017-3a19026a8064,3890424,2562,2,00:44:07.439,89,7,42,Ball Receipt*,190,872,Darmstadt 98,From Free Kick,872,Darmstadt 98,40467.0,Peter Niemeyer,Right Defensive Midfield,56.1,52.7,,,,False,,,,,,,False,,,,,,,False,False,left_to_right,False,56.1,52.7,,,False,False,False,False
4d10faa8-01f4-4123-ba49-82f5f020afd2,3890424,2563,2,00:44:07.439,89,7,30,Pass,190,872,Darmstadt 98,From Free Kick,872,Darmstadt 98,40467.0,Peter Niemeyer,Right Defensive Midfield,56.5,52.7,69.5,49.0,0.927072,False,,,,,,Incomplete,False,13.516287,-0.2772834,High Pass,,9219.0,Tobias Kempe,False,False,left_to_right,False,56.5,52.7,69.5,49.0,False,False,False,True
16a76d26-be0e-4f10-8977-8be6656b4554,3890424,2564,2,00:44:08.366,89,8,42,Ball Receipt*,190,872,Darmstadt 98,From Free Kick,872,Darmstadt 98,9219.0,Tobias Kempe,Left Wing,72.5,48.4,,,,False,,,,,,,False,,,,,,,False,False,left_to_right,False,72.5,48.4,,,False,False,False,False
5a991f8b-3d69-4e1a-b6f5-8a8a4d741f18,3890424,2565,2,00:44:08.366,89,8,30,Pass,190,872,Darmstadt 98,From Free Kick,181,Schalke 04,6717.0,Johannes Geis,Right Defensive Midfield,50.6,31.1,54.3,33.6,1.298484,False,,,,,,,True,4.4654226,0.5942137,High Pass,Recovery,11281.0,Alessandro Schöpf,False,False,left_to_right,False,50.6,31.1,54.3,33.6,False,False,False,False
ffaf5270-3140-4c4c-8a5b-fd0bac186b63,3890424,2566,2,00:44:09.665,89,9,42,Ball Receipt*,190,872,Darmstadt 98,From Free Kick,181,Schalke 04,11281.0,Alessandro Schöpf,Right Wing,54.3,33.6,,,,False,,,,,,,False,,,,,,,False,False,left_to_right,False,54.3,33.6,,,False,False,False,False
403dd4ed-0efe-4873-b8cd-b37437f50972,3890424,2567,2,00:44:09.665,89,9,43,Carry,190,872,Darmstadt 98,From Free Kick,181,Schalke 04,11281.0,Alessandro Schöpf,Right Wing,54.3,33.6,54.3,32.4,0.457839,False,,,,,,,False,,,,,,,False,False,left_to_right,False,54.3,33.6,54.3,32.4,False,False,False,False
2e7dddc1-552d-44e0-ba35-331f3561b324,3890424,2568,2,00:44:10.123,89,10,30,Pass,190,872,Darmstadt 98,From Free Kick,181,Schalke 04,11281.0,Alessandro Schöpf,Right Wing,54.3,32.4,75.9,27.7,1.878994,False,,,,,,Incomplete,False,22.105429,-0.21425287,High Pass,,3570.0,Pierre-Emile Højbjerg,False,False,left_to_right,False,54.3,32.4,75.9,27.7,False,True,False,True
7262a89a-73ad-4832-8929-7689ed256823,3890424,2569,2,00:44:12.002,89,12,42,Ball Receipt*,190,872,Darmstadt 98,From Free Kick,181,Schalke 04,3570.0,Pierre-Emile Højbjerg,Center Attacking Midfield,68.6,24.7,,,,False,,,,,,,False,,,,,,,False,False,left_to_right,False,68.6,24.7,,,False,False,False,False
835642a8-ce66-4937-a8c2-18ea9f406609,3890424,2570,2,00:44:12.002,89,12,2,Ball Recovery,190,872,Darmstadt 98,From Free Kick,872,Darmstadt 98,9217.0,Aytac Sulu,Right Center Back,44.2,52.4,,,0.0,False,,,,,,,False,,,,,,,False,False,left_to_right,False,44.2,52.4,,,False,False,False,False
8390dd19-dca1-42fa-befc-e13951fe65fd,3890424,2571,2,00:44:12.002,89,12,43,Carry,190,872,Darmstadt 98,From Free Kick,872,Darmstadt 98,9217.0,Aytac Sulu,Right Center Back,44.2,52.4,40.1,57.6,1.221524,True,,,,,,,False,,,,,,,False,False,left_to_right,False,44.2,52.4,40.1,57.6,False,False,False,False
8eb8d81f-c8dd-41d6-b64f-2caea0ce21e2,3890424,2572,2,00:44:12.991,89,12,17,Pressure,190,872,Darmstadt 98,From Free Kick,181,Schalke 04,3570.0,Pierre-Emile Højbjerg,Center Attacking Midfield,75.7,24.5,,,0.54482,False,,,,,,,False,,,,,,,False,False,left_to_right,False,75.7,24.5,,,False,False,False,False
45f7704b-bcda-406c-a752-e51daf2a5c40,3890424,2573,2,00:44:13.223,89,13,30,Pass,190,872,Darmstadt 98,From Free Kick,872,Darmstadt 98,9217.0,Aytac Sulu,Right Center Back,40.1,57.6,33.3,65.9,1.042557,True,,,,,,,True,10.729865,2.2571816,Ground Pass,,20522.0,György Garics,False,False,left_to_right,False,40.1,57.6,33.3,65.9,False,False,False,False
c2467195-0f75-403a-a70c-34dbbfd97e51,3890424,2574,2,00:44:14.266,89,14,42,Ball Receipt*,190,872,Darmstadt 98,From Free Kick,872,Darmstadt 98,20522.0,György Garics,Right Back,33.3,65.9,,,,False,,,,,,,False,,,,,,,False,False,left_to_right,False,33.3,65.9,,,False,False,False,False
15ee8cec-b1fd-4832-97bb-e3bf35c75853,3890424,2575,2,00:44:14.266,89,14,43,Carry,190,872,Darmstadt 98,From Free Kick,872,Darmstadt 98,20522.0,György Garics,Right Back,33.3,65.9,16.9,76.8,7.856415,True,,,,,,,False,,,,,,,False,False,left_to_right,False,33.3,65.9,16.9,76.8,False,False,False,False
c9458485-4efa-4581-bce0-a7f55513cb79,3890424,2576,2,00:44:19.583,89,19,17,Pressure,190,872,Darmstadt 98,From Free Kick,181,Schalke 04,3570.0,Pierre-Emile Højbjerg,Center Attacking Midfield,101.5,3.1,,,2.727724,False,,,,,,,False,,,,,,,False,False,left_to_right,False,101.5,3.1,,,False,False,False,False
bd2f4b0f-9a63-4a78-88d6-2ff114862ed9,3890424,2577,2,00:44:22.122,89,22,3,Dispossessed,190,872,Darmstadt 98,From Free Kick,872,Darmstadt 98,20522.0,György Garics,Right Back,16.9,76.8,,,0.0,True,,,,,,,False,,,,,,,False,False,left_to_right,False,16.9,76.8,,,False,False,False,True
87a5b710-f049-48e7-a99b-86d2ad9f4766,3890424,2578,2,00:44:22.122,89,22,4,Duel,190,872,Darmstadt 98,From Free Kick,181,Schalke 04,11281.0,Alessandro Schöpf,Right Wing,103.2,3.3,,,0.0,True,,,,,,,False,,,,,,,False,False,left_to_right,False,103.2,3.3,,,False,False,False,False
716d9d95-1b7e-434c-b173-b72747062e62,3890424,2579,2,00:44:23.321,89,23,33,50/50,190,872,Darmstadt 98,From Free Kick,872,Darmstadt 98,20522.0,György Garics,Right Back,16.9,75.9,,,0.0,True,,,,,,,False,,,,,,,False,False,left_to_right,False,16.9,75.9,,,False,False,False,False
29295b2e-703a-42b8-a19a-955be4545e3c,3890424,2580,2,00:44:23.321,89,23,33,50/50,190,872,Darmstadt 98,From Free Kick,181,Schalke 04,3570.0,Pierre-Emile Højbjerg,Center Attacking Midfield,103.2,4.2,,,0.0,True,,,,,,,False,,,,,,,False,False,left_to_right,False,103.2,4.2,,,False,False,False,False
46d9c9b2-a9c1-4f49-94ab-263b2919d96b,3890424,2581,2,00:44:41.678,89,41,19,Substitution,190,872,Darmstadt 98,From Free Kick,181,Schalke 04,8060.0,Klaas-Jan Huntelaar,Center Forward,,,,,0.0,False,,,,,,,False,,,,,,,False,False,left_to_right,False,,,,,False,False,False,False
fac20198-1a68-4f1d-a62c-fa333c7988d8,3890424,2582,2,00:45:29.152,90,29,30,Pass,191,181,Schalke 04,From Throw In,181,Schalke 04,3510.0,Sead Kolašinac,Left Back,102.5,0.1,111.7,10.8,1.33349,False,,,,,,,True,14.111343,0.8606328,High Pass,Throw-in,3499.0,Jean-Eric Maxim Choupo-Moting,False,False,left_to_right,False,102.5,0.1,111.7,10.8,False,True,False,False
fba7e515-c480-4e34-973d-050666af7efb,3890424,2583,2,00:45:30.486,90,30,42,Ball Receipt*,191,181,Schalke 04,From Throw In,181,Schalke 04,3499.0,Jean-Eric Maxim Choupo-Moting,Left Wing,111.7,10.8,,,,False,,,,,,,False,,,,,,,False,False,left_to_right,False,111.7,10.8,,,False,False,False,False
e7156ed1-bb88-4420-9761-ab398509ee1e,3890424,2584,2,00:45:30.890,90,30,17,Pressure,191,181,Schalke 04,From Throw In,872,Darmstadt 98,20522.0,György Garics,Right Back,6.9,69.3,,,0.608822,False,,,,,,,False,,,,,,,False,False,left_to_right,False,6.9,69.3,,,False,False,False,False
1dae1fa2-08c0-4a56-8f19-ba8be550303e,3890424,2585,2,00:45:31.309,90,31,30,Pass,191,181,Schalke 04,From Throw In,181,Schalke 04,3499.0,Jean-Eric Maxim Choupo-Moting,Left Wing,114.7,12.4,114.7,15.5,0.363218,True,,,,,,,True,3.1,1.5707964,Low Pass,,11281.0,Alessandro Schöpf,False,False,left_to_right,False,114.7,12.4,114.7,15.5,False,False,False,False
7f5388d7-ebeb-4c55-8a73-2fdfa6cff8bf,3890424,2586,2,00:45:31.672,90,31,42,Ball Receipt*,191,181,Schalke 04,From Throw In,181,Schalke 04,11281.0,Alessandro Schöpf,Right Wing,114.7,15.5,,,,False,,,,,,,False,,,,,,,False,False,left_to_right,False,114.7,15.5,,,False,False,False,False
aac78b31-99f5-4af0-979a-3a85e3ddebad,3890424,2587,2,00:45:31.672,90,31,43,Carry,191,181,Schalke 04,From Throw In,181,Schalke 04,11281.0,Alessandro Schöpf,Right Wing,114.7,15.5,117.3,52.8,6.944765,True,,,,,,,False,,,,,,,False,False,left_to_right,False,114.7,15.5,117.3,52.8,True,False,False,False
cdd49fa2-d9d2-41cf-8854-63b2847abb99,3890424,2588,2,00:45:34.719,90,34,17,Pressure,191,181,Schalke 04,From Throw In,872,Darmstadt 98,9404.0,Luca Caldirola,Left Back,11.4,29.9,,,1.890992,False,,,,,,,False,,,,,,,False,False,left_to_right,False,11.4,29.9,,,False,False,False,False
4ec8d251-0035-45f0-936f-b02ef6e480df,3890424,2589,2,00:45:35.126,90,35,17,Pressure,191,181,Schalke 04,From Throw In,872,Darmstadt 98,9401.0,Marcel Heller,Right Wing,13.4,28.5,,,3.857069,False,,,,,,,False,,,,,,,False,False,left_to_right,False,13.4,28.5,,,False,False,False,False
2d4e2d37-1b3e-4fb2-bec6-d9f23173470a,3890424,2590,2,00:45:38.617,90,38,30,Pass,191,181,Schalke 04,From Throw In,181,Schalke 04,11281.0,Alessandro Schöpf,Right Wing,117.3,52.8,114.3,49.9,0.430512,True,,,,,,Incomplete,False,4.172529,-2.373142,Ground Pass,,3570.0,Pierre-Emile Højbjerg,False,False,left_to_right,False,117.3,52.8,114.3,49.9,False,False,False,True
10934e66-21ff-449c-a084-9e8c62233696,3890424,2591,2,00:45:39.047,90,39,42,Ball Receipt*,191,181,Schalke 04,From Throw In,181,Schalke 04,3570.0,Pierre-Emile Højbjerg,Center Attacking Midfield,108.6,43.8,,,,False,,,,,,,False,,,,,,,False,False,left_to_right,False,108.6,43.8,,,False,False,False,False
af3ede83-f762-480f-ae05-6ada52a77885,3890424,2592,2,00:45:39.047,90,39,6,Block,191,181,Schalke 04,From Throw In,872,Darmstadt 98,35033.0,Slobodan Rajković,Left Center Back,5.8,30.2,,,0.0,False,,,,,,,False,,,,,,,False,False,left_to_right,False,5.8,30.2,,,False,False,False,False
5227b184-6ed5-4130-afdd-5e7bd2f88d8d,3890424,2593,2,00:45:39.410,90,39,6,Block,191,181,Schalke 04,From Throw In,181,Schalke 04,11281.0,Alessandro Schöpf,Right Wing,115.6,48.6,,,0.0,False,,,,,,,False,,,,,,,False,False,left_to_right,False,115.6,48.6,,,False,False,False,False
bbb8c8b4-249d-4f0f-9154-5c3abe61f4c0,3890424,2594,2,00:45:40.391,90,40,33,50/50,191,181,Schalke 04,From Throw In,872,Darmstadt 98,35033.0,Slobodan Rajković,Left Center Back,3.7,32.4,,,0.0,True,,,,,,,False,,,,,,,False,False,left_to_right,False,3.7,32.4,,,False,False,False,False
e2072620-f506-42ab-9d45-290a33a78746,3890424,2595,2,00:45:40.391,90,40,33,50/50,191,181,Schalke 04,From Throw In,181,Schalke 04,11281.0,Alessandro Schöpf,Right Wing,116.4,47.7,,,0.0,True,,,,,,,False,,,,,,,False,False,left_to_right,False,116.4,47.7,,,False,False,False,False
b2dded65-bcc0-435b-b84c-eafdadca5732,3890424,2596,2,00:46:03.456,91,3,30,Pass,192,181,Schalke 04,From Corner,181,Schalke 04,6717.0,Johannes Geis,Right Defensive Midfield,120.0,80.0,116.2,74.2,1.531688,False,,,,,,,True,6.9339743,-2.150799,Ground Pass,Corner,11281.0,Alessandro Schöpf,False,False,left_to_right,False,120.0,80.0,116.2,74.2,False,False,False,False
d1a3c968-4aa7-4eae-bf29-2f52974b6c57,3890424,2597,2,00:46:04.987,91,4,42,Ball Receipt*,192,181,Schalke 04,From Corner,181,Schalke 04,11281.0,Alessandro Schöpf,Right Wing,116.2,74.2,,,,False,,,,,,,False,,,,,,,False,False,left_to_right,False,116.2,74.2,,,False,False,False,False
27907b1a-b790-45f1-9073-4d03f10748cd,3890424,2598,2,00:46:04.987,91,4,43,Carry,192,181,Schalke 04,From Corner,181,Schalke 04,11281.0,Alessandro Schöpf,Right Wing,116.2,74.2,116.5,75.8,2.259157,True,,,,,,,False,,,,,,,False,False,left_to_right,False,116.2,74.2,116.5,75.8,False,False,False,False
982730c5-b09f-4dad-9e5f-e534db7e127c,3890424,2599,2,00:46:05.321,91,5,17,Pressure,192,181,Schalke 04,From Corner,872,Darmstadt 98,13675.0,Mario Vrančić,Center Attacking Midfield,3.7,5.1,,,1.925233,False,,,,,,,False,,,,,,,False,False,left_to_right,False,3.7,5.1,,,False,False,False,False
25de16d3-a542-40c5-8e13-46c47388fd41,3890424,2600,2,00:46:07.246,91,7,3,Dispossessed,192,181,Schalke 04,From Corner,181,Schalke 04,11281.0,Alessandro Schöpf,Right Wing,116.5,75.8,,,0.0,True,,,,,,,False,,,,,,,False,False,left_to_right,False,116.5,75.8,,,False,False,False,True
ea259f78-6cad-4a64-bf91-1f97412277e8,3890424,2601,2,00:46:07.246,91,7,4,Duel,192,181,Schalke 04,From Corner,872,Darmstadt 98,13675.0,Mario Vrančić,Center Attacking Midfield,3.6,4.3,,,0.0,True,,,,,,,False,,,,,,,False,False,left_to_right,False,3.6,4.3,,,False,False,False,False
3f33222b-307d-49cd-9073-1c54307b609a,3890424,2602,2,00:46:07.568,91,7,6,Block,192,181,Schalke 04,From Corner,872,Darmstadt 98,9401.0,Marcel Heller,Right Wing,3.7,2.7,,,0.0,False,,,,,,,False,,,,,,,False,False,left_to_right,False,3.7,2.7,,,False,False,False,False
19cef3ee-759b-4636-b732-d9e411c35112,3890424,2603,2,00:46:23.959,91,23,30,Pass,193,181,Schalke 04,From Throw In,181,Schalke 04,30312.0,Uilson de Souza Paula Júnior,Right Back,115.7,80.0,112.0,67.8,1.239879,False,,,,,,,True,12.748726,-1.8652583,Low Pass,Throw-in,3570.0,Pierre-Emile Højbjerg,False,False,left_to_right,False,115.7,80.0,112.0,67.8,False,True,False,False
7b9f6807-8598-461b-baec-db139fc1c575,3890424,2604,2,00:46:24.658,91,24,17,Pressure,193,181,Schalke 04,From Throw In,872,Darmstadt 98,9404.0,Luca Caldirola,Left Back,8.1,12.6,,,0.782965,False,,,,,,,False,,,,,,,False,False,left_to_right,False,8.1,12.6,,,False,False,False,False
3930b587-051f-4b27-9c78-74504bee7cdd,3890424,2605,2,00:46:25.199,91,25,42,Ball Receipt*,193,181,Schalke 04,From Throw In,181,Schalke 04,3570.0,Pierre-Emile Højbjerg,Center Attacking Midfield,112.0,67.8,,,,True,,,,,,,False,,,,,,,False,False,left_to_right,False,112.0,67.8,,,False,False,False,False
aac2613c-7172-4697-b231-ba9b29d62713,3890424,2606,2,00:46:25.199,91,25,43,Carry,193,181,Schalke 04,From Throw In,181,Schalke 04,3570.0,Pierre-Emile Højbjerg,Center Attacking Midfield,112.0,67.8,111.4,69.9,1.044042,True,,,,,,,False,,,,,,,False,False,left_to_right,False,112.0,67.8,111.4,69.9,False,False,False,False
c205c3bb-182f-42eb-8459-1ae064733394,3890424,2607,2,00:46:26.243,91,26,3,Dispossessed,193,181,Schalke 04,From Throw In,181,Schalke 04,3570.0,Pierre-Emile Højbjerg,Center Attacking Midfield,111.4,69.9,,,0.0,True,,,,,,,False,,,,,,,False,False,left_to_right,False,111.4,69.9,,,False,False,False,True
e81974ef-0f81-48a4-97f9-8854595d2b71,3890424,2608,2,00:46:26.243,91,26,4,Duel,193,181,Schalke 04,From Throw In,872,Darmstadt 98,13675.0,Mario Vrančić,Center Attacking Midfield,8.7,10.2,,,0.0,True,,,,,,,False,,,,,,,False,False,left_to_right,False,8.7,10.2,,,False,False,False,False
b2c4af56-b275-48b9-b39b-af9c3abb85b0,3890424,2609,2,00:46:26.343,91,26,17,Pressure,193,181,Schalke 04,From Throw In,872,Darmstadt 98,9404.0,Luca Caldirola,Left Back,10.3,9.6,,,1.961004,False,,,,,,,False,,,,,,,False,False,left_to_right,False,10.3,9.6,,,False,False,False,False
d583db78-3553-48db-ad2d-b1c0a540ed3c,3890424,2610,2,00:46:26.721,91,26,2,Ball Recovery,193,181,Schalke 04,From Throw In,181,Schalke 04,3499.0,Jean-Eric Maxim Choupo-Moting,Left Wing,109.3,72.2,,,0.0,True,,,,,,,False,,,,,,,False,False,left_to_right,False,109.3,72.2,,,False,False,False,False
ea7cea83-a1af-48c9-80ca-c0459ed8b564,3890424,2611,2,00:46:26.721,91,26,43,Carry,193,181,Schalke 04,From Throw In,181,Schalke 04,3499.0,Jean-Eric Maxim Choupo-Moting,Left Wing,109.3,72.2,117.2,73.5,2.646796,True,,,,,,,False,,,,,,,False,False,left_to_right,False,109.3,72.2,117.2,73.5,False,False,False,False
5946f27d-0bb1-4865-8aaa-66fa96af040b,3890424,2612,2,00:46:29.367,91,29,39,Dribbled Past,193,181,Schalke 04,From Throw In,872,Darmstadt 98,13675.0,Mario Vrančić,Center Attacking Midfield,2.9,6.6,,,0.0,False,,,,,,,False,,,,,,,False,False,left_to_right,False,2.9,6.6,,,False,False,False,False
5c460012-7010-4b2f-8a22-f3f7fe8bb21f,3890424,2613,2,00:46:29.367,91,29,14,Dribble,193,181,Schalke 04,From Throw In,181,Schalke 04,3499.0,Jean-Eric Maxim Choupo-Moting,Left Wing,117.2,73.5,,,0.0,True,,,,,,,False,,,,,,,False,False,left_to_right,False,117.2,73.5,,,False,False,False,False
75c44783-f096-451e-8a40-225f74f19800,3890424,2614,2,00:46:29.367,91,29,43,Carry,193,181,Schalke 04,From Throw In,181,Schalke 04,3499.0,Jean-Eric Maxim Choupo-Moting,Left Wing,117.2,73.5,116.5,74.1,2.282077,True,,,,,,,False,,,,,,,False,False,left_to_right,False,117.2,73.5,116.5,74.1,False,False,False,False
c35da22f-09be-4f29-971f-bff01e75a0e3,3890424,2615,2,00:46:30.604,91,30,17,Pressure,193,181,Schalke 04,From Throw In,872,Darmstadt 98,13675.0,Mario Vrančić,Center Attacking Midfield,2.2,7.6,,,1.204818,False,,,,,,,False,,,,,,,False,False,left_to_right,False,2.2,7.6,,,False,False,False,False
0efe5b68-b87f-44ba-9554-d0dc67e91125,3890424,2616,2,00:46:31.649,91,31,30,Pass,193,181,Schalke 04,From Throw In,181,Schalke 04,3499.0,Jean-Eric Maxim Choupo-Moting,Left Wing,116.5,74.1,115.6,70.8,0.246842,True,,,,,,Incomplete,False,3.4205263,-1.8370484,Ground Pass,,,,False,False,left_to_right,False,116.5,74.1,115.6,70.8,False,False,False,True
f9924fb1-1b09-4dd4-b7a7-70635f7a9c5e,3890424,2617,2,00:46:31.896,91,31,6,Block,193,181,Schalke 04,From Throw In,872,Darmstadt 98,9404.0,Luca Caldirola,Left Back,4.5,9.3,,,0.0,False,,,,,,,False,,,,,,,False,False,left_to_right,False,4.5,9.3,,,False,False,False,False
a0e69c44-f06e-47ae-bc55-39bd2b0bd2e5,3890424,2618,2,00:46:41.730,91,41,30,Pass,194,181,Schalke 04,From Throw In,181,Schalke 04,3510.0,Sead Kolašinac,Left Back,115.7,80.0,117.2,71.7,1.038867,False,,,,,,,True,8.434453,-1.3920033,High Pass,Throw-in,16534.0,Roman Neustädter,False,False,left_to_right,False,115.7,80.0,117.2,71.7,False,False,False,False
27b311ca-2d7b-467f-9b55-d12290136370,3890424,2619,2,00:46:42.769,91,42,42,Ball Receipt*,194,181,Schalke 04,From Throw In,181,Schalke 04,16534.0,Roman Neustädter,Left Center Back,117.2,71.7,,,,False,,,,,,,False,,,,,,,False,False,left_to_right,False,117.2,71.7,,,False,False,False,False
27a3c517-f10b-414b-bb9b-bf3ad6f39eb2,3890424,2620,2,00:46:42.769,91,42,43,Carry,194,181,Schalke 04,From Throw In,181,Schalke 04,16534.0,Roman Neustädter,Left Center Back,117.2,71.7,117.2,76.4,2.609674,True,,,,,,,False,,,,,,,False,False,left_to_right,False,117.2,71.7,117.2,76.4,False,False,False,False
8b2e1dfa-a82f-4e2e-abc8-ad6feb25a541,3890424,2621,2,00:46:42.832,91,42,17,Pressure,194,181,Schalke 04,From Throw In,872,Darmstadt 98,9404.0,Luca Caldirola,Left Back,2.8,6.0,,,2.547015,False,,,,,,,False,,,,,,,False,False,left_to_right,False,2.8,6.0,,,False,False,False,False
86f9588f-1b9b-4572-88a1-99e18139a3dc,3890424,2622,2,00:46:43.373,91,43,17,Pressure,194,181,Schalke 04,From Throw In,872,Darmstadt 98,13675.0,Mario Vrančić,Center Attacking Midfield,4.8,4.5,,,1.82436,False,,,,,,,False,,,,,,,False,False,left_to_right,False,4.8,4.5,,,False,False,False,False
dcccfd5c-22a2-4b96-818e-eecf380599b7,3890424,2623,2,00:46:45.379,91,45,3,Dispossessed,194,181,Schalke 04,From Throw In,181,Schalke 04,16534.0,Roman Neustädter,Left Center Back,117.2,76.4,,,0.0,True,,,,,,,False,,,,,,,False,False,left_to_right,False,117.2,76.4,,,False,False,False,True
083b2186-b76f-4e28-acf3-23aca55db217,3890424,2624,2,00:46:45.379,91,45,4,Duel,194,181,Schalke 04,From Throw In,872,Darmstadt 98,9404.0,Luca Caldirola,Left Back,2.9,3.7,,,0.0,True,,,,,,,False,,,,,,,False,False,left_to_right,False,2.9,3.7,,,False,False,False,False
62e300a5-15b9-4967-b01f-8fe869facb17,3890424,2625,2,00:47:01.816,92,1,30,Pass,195,181,Schalke 04,From Throw In,181,Schalke 04,3510.0,Sead Kolašinac,Left Back,113.7,80.0,115.9,69.9,1.317556,False,,,,,,,True,10.336827,-1.3563247,High Pass,Throw-in,9174.0,Marvin Friedrich,False,False,left_to_right,False,113.7,80.0,115.9,69.9,False,True,False,False
f47bbe91-f214-4817-8b6a-a97a60723047,3890424,2626,2,00:47:03.133,92,3,42,Ball Receipt*,195,181,Schalke 04,From Throw In,181,Schalke 04,9174.0,Marvin Friedrich,Center Forward,115.9,69.9,,,,False,,,,,,,False,,,,,,,False,False,left_to_right,False,115.9,69.9,,,False,False,False,False
fc695a5c-f7ca-4d57-be13-b22da5faf101,3890424,2627,2,00:47:03.133,92,3,43,Carry,195,181,Schalke 04,From Throw In,181,Schalke 04,9174.0,Marvin Friedrich,Center Forward,115.9,69.9,119.0,70.5,1.302671,True,,,,,,,False,,,,,,,False,False,left_to_right,False,115.9,69.9,119.0,70.5,False,False,False,False
992d2c4e-cc8a-4175-9d10-d764349bfdf2,3890424,2628,2,00:47:03.265,92,3,17,Pressure,195,181,Schalke 04,From Throw In,872,Darmstadt 98,40467.0,Peter Niemeyer,Right Defensive Midfield,4.2,9.9,,,1.282087,False,,,,,,,False,,,,,,,False,False,left_to_right,False,4.2,9.9,,,False,False,False,False
99b01292-4256-4342-acde-abd5c37ce9a1,3890424,2629,2,00:47:03.716,92,3,17,Pressure,195,181,Schalke 04,From Throw In,872,Darmstadt 98,13675.0,Mario Vrančić,Center Attacking Midfield,2.9,7.1,,,0.81137,False,,,,,,,False,,,,,,,False,False,left_to_right,False,2.9,7.1,,,False,False,False,False
479c715d-4c71-49cc-b49c-2b90da366cc9,3890424,2630,2,00:47:04.436,92,4,30,Pass,195,181,Schalke 04,From Throw In,181,Schalke 04,9174.0,Marvin Friedrich,Center Forward,119.0,70.5,109.0,0.1,6.54607,True,,,,,,Out,False,71.10668,-1.7118979,High Pass,,,,False,False,left_to_right,False,119.0,70.5,109.0,0.1,False,False,False,True
d0638073-c8cd-4625-954e-5aa45f6eae24,3890424,2631,2,00:47:23.968,92,23,30,Pass,196,872,Darmstadt 98,From Throw In,872,Darmstadt 98,20522.0,György Garics,Right Back,18.1,80.0,46.4,62.6,3.283377,False,,,,,,Incomplete,False,33.22123,-0.5512606,High Pass,Throw-in,9219.0,Tobias Kempe,False,False,left_to_right,False,18.1,80.0,46.4,62.6,False,True,False,True
0c4ead32-3ae8-4745-8080-f264d3042435,3890424,2632,2,00:47:27.251,92,27,42,Ball Receipt*,196,872,Darmstadt 98,From Throw In,872,Darmstadt 98,9219.0,Tobias Kempe,Left Wing,45.4,65.7,,,,False,,,,,,,False,,,,,,,False,False,left_to_right,False,45.4,65.7,,,False,False,False,False
fd410ae8-b3cb-48af-a623-90fd8c3cd728,3890424,2633,2,00:47:27.251,92,27,2,Ball Recovery,197,181,Schalke 04,Regular Play,181,Schalke 04,6717.0,Johannes Geis,Right Defensive Midfield,73.7,17.5,,,0.0,False,,,,,,,False,,,,,,,False,False,left_to_right,False,73.7,17.5,,,False,False,False,False
c4aa59d7-54c8-41ad-bb1e-e64380f55210,3890424,2634,2,00:47:27.251,92,27,43,Carry,197,181,Schalke 04,Regular Play,181,Schalke 04,6717.0,Johannes Geis,Right Defensive Midfield,73.7,17.5,83.6,20.2,1.056492,True,,,,,,,False,,,,,,,False,False,left_to_right,False,73.7,17.5,83.6,20.2,False,False,False,False
3e3043cd-a454-43b8-880e-fb82c6715e44,3890424,2635,2,00:47:27.951,92,27,17,Pressure,197,181,Schalke 04,Regular Play,872,Darmstadt 98,9219.0,Tobias Kempe,Left Wing,40.4,58.2,,,0.628285,False,,,,,,,False,,,,,,,False,False,left_to_right,False,40.4,58.2,,,False,False,False,False
7905be78-f637-420b-b7af-3679b866bae3,3890424,2636,2,00:47:28.087,92,28,17,Pressure,197,181,Schalke 04,Regular Play,872,Darmstadt 98,13675.0,Mario Vrančić,Center Attacking Midfield,37.8,57.9,,,0.538742,False,,,,,,,False,,,,,,,False,False,left_to_right,False,37.8,57.9,,,False,False,False,False
942aa506-f57f-4ec6-9b49-ba6b0134e203,3890424,2637,2,00:47:28.308,92,28,30,Pass,197,181,Schalke 04,Regular Play,181,Schalke 04,6717.0,Johannes Geis,Right Defensive Midfield,83.6,20.2,94.2,7.2,1.143191,True,,,,,,,True,16.773788,-0.8867447,High Pass,,3499.0,Jean-Eric Maxim Choupo-Moting,False,False,left_to_right,False,83.6,20.2,94.2,7.2,False,False,False,False
889ee230-088e-46a4-81dd-1a676a2953f9,3890424,2638,2,00:47:29.451,92,29,42,Ball Receipt*,197,181,Schalke 04,Regular Play,181,Schalke 04,3499.0,Jean-Eric Maxim Choupo-Moting,Left Wing,94.2,7.2,,,,False,,,,,,,False,,,,,,,False,False,left_to_right,False,94.2,7.2,,,False,False,False,False
2c7ace24-47d1-4fea-bbbd-9dfabe57a987,3890424,2639,2,00:47:29.451,92,29,43,Carry,197,181,Schalke 04,Regular Play,181,Schalke 04,3499.0,Jean-Eric Maxim Choupo-Moting,Left Wing,94.2,7.2,98.6,15.6,3.5336,True,,,,,,,False,,,,,,,False,False,left_to_right,False,94.2,7.2,98.6,15.6,False,False,False,False
a09ff222-6bbf-449e-93ef-e069adf2209a,3890424,2640,2,00:47:32.985,92,32,39,Dribbled Past,197,181,Schalke 04,Regular Play,872,Darmstadt 98,20522.0,György Garics,Right Back,21.5,64.5,,,0.0,False,,,,,,,False,,,,,,,False,False,left_to_right,False,21.5,64.5,,,False,False,False,False
80335139-2a8d-495c-8041-642f92bdd6ec,3890424,2641,2,00:47:32.985,92,32,14,Dribble,197,181,Schalke 04,Regular Play,181,Schalke 04,3499.0,Jean-Eric Maxim Choupo-Moting,Left Wing,98.6,15.6,,,0.0,True,,,,,,,False,,,,,,,False,False,left_to_right,False,98.6,15.6,,,False,False,False,False
f2957bdb-4309-45bd-8b05-cd6ff7da7d44,3890424,2642,2,00:47:32.985,92,32,43,Carry,197,181,Schalke 04,Regular Play,181,Schalke 04,3499.0,Jean-Eric Maxim Choupo-Moting,Left Wing,98.6,15.6,99.2,18.6,0.981719,True,,,,,,,False,,,,,,,False,False,left_to_right,False,98.6,15.6,99.2,18.6,False,False,False,False
6e0e8947-f035-4828-905b-8d1b079e79cc,3890424,2643,2,00:47:33.651,92,33,17,Pressure,197,181,Schalke 04,Regular Play,872,Darmstadt 98,9217.0,Aytac Sulu,Right Center Back,18.7,60.1,,,0.554528,False,,,,,,,False,,,,,,,False,False,left_to_right,False,18.7,60.1,,,False,False,False,False
b867a895-e7e4-4901-ba39-e8a470cbf2af,3890424,2644,2,00:47:33.966,92,33,30,Pass,197,181,Schalke 04,Regular Play,181,Schalke 04,3499.0,Jean-Eric Maxim Choupo-Moting,Left Wing,99.2,18.6,98.9,29.2,0.792909,True,,,,,,,True,10.604244,1.5990907,Ground Pass,,6324.0,Leon Goretzka,False,False,left_to_right,False,99.2,18.6,98.9,29.2,False,False,False,False
9cdde98b-6ee3-41df-9b39-ea06ed136619,3890424,2645,2,00:47:34.759,92,34,42,Ball Receipt*,197,181,Schalke 04,Regular Play,181,Schalke 04,6324.0,Leon Goretzka,Left Defensive Midfield,98.9,29.2,,,,False,,,,,,,False,,,,,,,False,False,left_to_right,False,98.9,29.2,,,False,False,False,False
c05e3c0e-5f11-4a78-8930-eb741acaef33,3890424,2646,2,00:47:34.759,92,34,43,Carry,197,181,Schalke 04,Regular Play,181,Schalke 04,6324.0,Leon Goretzka,Left Defensive Midfield,98.9,29.2,97.9,32.4,0.67306,False,,,,,,,False,,,,,,,False,False,left_to_right,False,98.9,29.2,97.9,32.4,False,False,False,False
73781588-0730-40a4-bd01-87a23ff6be3a,3890424,2647,2,00:47:35.432,92,35,30,Pass,197,181,Schalke 04,Regular Play,181,Schalke 04,6324.0,Leon Goretzka,Left Defensive Midfield,97.9,32.4,97.3,40.8,1.768264,False,,,,,,,True,8.421401,1.6421038,Ground Pass,,11281.0,Alessandro Schöpf,False,False,left_to_right,False,97.9,32.4,97.3,40.8,False,False,False,False
9e76ddbe-ad31-49d7-af54-dd37b3473382,3890424,2648,2,00:47:35.444,92,35,17,Pressure,197,181,Schalke 04,Regular Play,872,Darmstadt 98,35033.0,Slobodan Rajković,Left Center Back,20.0,48.1,,,0.569738,False,,,,,,,False,,,,,,,False,False,left_to_right,False,20.0,48.1,,,False,False,False,False
852c139b-6700-47e9-b2f2-99d6407fb8b9,3890424,2649,2,00:47:36.826,92,36,17,Pressure,197,181,Schalke 04,Regular Play,872,Darmstadt 98,9404.0,Luca Caldirola,Left Back,20.9,40.4,,,0.653935,False,,,,,,,False,,,,,,,False,False,left_to_right,False,20.9,40.4,,,False,False,False,False
e1f958bb-7f44-4884-a133-b046949c80b5,3890424,2650,2,00:47:37.201,92,37,42,Ball Receipt*,197,181,Schalke 04,Regular Play,181,Schalke 04,11281.0,Alessandro Schöpf,Right Wing,97.3,40.8,,,,True,,,,,,,False,,,,,,,False,False,left_to_right,False,97.3,40.8,,,False,False,False,False
428fcfc2-e39b-4c8a-a14e-0985371bdcad,3890424,2651,2,00:47:37.201,92,37,30,Pass,197,181,Schalke 04,Regular Play,181,Schalke 04,11281.0,Alessandro Schöpf,Right Wing,97.0,39.7,97.5,31.0,0.780127,True,,,,,,,True,8.714356,-1.5133882,Ground Pass,,6324.0,Leon Goretzka,True,False,left_to_right,False,97.0,39.7,97.5,31.0,False,False,False,False
7f8d7fbe-eae2-4a56-a4db-3b6660116934,3890424,2652,2,00:47:37.954,92,37,42,Ball Receipt*,197,181,Schalke 04,Regular Play,181,Schalke 04,6324.0,Leon Goretzka,Left Defensive Midfield,97.5,31.0,,,,False,,,,,,,False,,,,,,,False,False,left_to_right,False,97.5,31.0,,,False,False,False,False
252e681f-053a-4a47-9bc0-79968b9ff3a1,3890424,2653,2,00:47:37.954,92,37,16,Shot,197,181,Schalke 04,Regular Play,181,Schalke 04,6324.0,Leon Goretzka,Left Defensive Midfield,97.5,31.0,118.8,39.2,1.316001,False,0.046168316,Saved,Right Foot,Normal,Open Play,,False,,,,,,,False,False,left_to_right,False,97.5,31.0,118.8,39.2,False,False,False,False
3ab1da99-aaa2-4f35-9c77-85ddd24f43de,3890424,2654,2,00:47:39.270,92,39,23,Goal Keeper,197,181,Schalke 04,Regular Play,872,Darmstadt 98,8306.0,Christian Mathenia,Goalkeeper,1.6,40.7,,,0.0,False,,,,,,,False,,,,,,,False,False,left_to_right,False,1.6,40.7,,,False,False,False,False
46cae743-37b9-44a8-800c-9d7db96103c3,3890424,2655,2,00:47:56.269,92,56,34,Half End,197,181,Schalke 04,Regular Play,872,Darmstadt 98,,,,,,,,0.0,False,,,,,,,False,,,,,,,False,False,left_to_right,False,,,,,False,False,False,False
9a00c1ef-0a4e-47da-b21c-03e5f8762081,3890424,2656,2,00:47:56.269,92,56,34,Half End,197,181,Schalke 04,Regular Play,181,Schalke 04,,,,,,,,0.0,False,,,,,,,False,,,,,,,False,False,left_to_right,False,,,,,False,False,False,False
